混淆的,Searge,Spigot,Mojang,Yarn,Intermediary
a,net/minecraft/client/renderer/Quaternion,net/minecraft/server/v1_14_R1/Quaternion,,net/minecraft/util/math/Quaternion,net/minecraft/class_1158
aa,net/minecraft/advancements/FrameType,net/minecraft/server/v1_14_R1/AdvancementFrameType,,net/minecraft/advancement/AdvancementFrame,net/minecraft/class_189
aaa,net/minecraft/util/IStringSerializable,net/minecraft/server/v1_14_R1/INamable,,net/minecraft/util/StringIdentifiable,net/minecraft/class_3542
aab,net/minecraft/util/StringUtils,net/minecraft/server/v1_14_R1/UtilColor,,net/minecraft/util/ChatUtil,net/minecraft/class_3544
aac,net/minecraft/util/Tuple,net/minecraft/server/v1_14_R1/Tuple,,net/minecraft/util/Pair,net/minecraft/class_3545
aad,net/minecraft/util/Unit,net/minecraft/server/v1_14_R1/Unit,,net/minecraft/util/Unit,net/minecraft/class_3902
aaf$a,net/minecraft/util/WeightedRandom$Item,net/minecraft/server/v1_14_R1/WeightedRandom$WeightedRandomChoice,,net/minecraft/util/WeightedPicker$Entry,net/minecraft/class_3549$class_3550
aaf,net/minecraft/util/WeightedRandom,net/minecraft/server/v1_14_R1/WeightedRandom,,net/minecraft/util/WeightedPicker,net/minecraft/class_3549
aag,net/minecraft/util/datafix/DefaultTypeReferences,net/minecraft/server/v1_14_R1/DataFixTypes,,net/minecraft/datafixers/DataFixTypes,net/minecraft/class_4284
aah$1,net/minecraft/util/datafix/DataFixesManager$1,net/minecraft/server/v1_14_R1/DataConverterRegistry$1,,net/minecraft/datafixers/Schemas$1,net/minecraft/class_3551$1
aah$2,net/minecraft/util/datafix/DataFixesManager$2,net/minecraft/server/v1_14_R1/DataConverterRegistry$2,,net/minecraft/datafixers/Schemas$2,net/minecraft/class_3551$2
aah,net/minecraft/util/datafix/DataFixesManager,net/minecraft/server/v1_14_R1/DataConverterRegistry,,net/minecraft/datafixers/Schemas,net/minecraft/class_3551
aai,net/minecraft/util/datafix/fixes/OminousBannerTileEntityRenameFix,net/minecraft/server/v1_14_R1/DataConverterOminousBannerBlockEntityRename,,net/minecraft/datafixers/fixes/OminousBannerBlockEntityRenameFix,net/minecraft/class_4299
aaj,net/minecraft/util/datafix/fixes/OminousBannerRenameFix,net/minecraft/server/v1_14_R1/DataConverterOminousBannerRename,,net/minecraft/datafixers/fixes/OminousBannerItemRenameFix,net/minecraft/class_4294
aak,net/minecraft/util/datafix/fixes/AddNewChoices,net/minecraft/server/v1_14_R1/DataConverterAddChoices,,net/minecraft/datafixers/fixes/FixChoiceTypes,net/minecraft/class_3553
aal,net/minecraft/util/datafix/fixes/AdvancementsFix,net/minecraft/server/v1_14_R1/DataConverterAdvancement,,net/minecraft/datafixers/fixes/AdvancementsFix,net/minecraft/class_3555
aam,net/minecraft/util/datafix/fixes/AddBedTileEntity,net/minecraft/server/v1_14_R1/DataConverterBedBlock,,net/minecraft/datafixers/fixes/BedBlockEntityFix,net/minecraft/class_3557
aan,net/minecraft/util/datafix/fixes/BedItemColor,net/minecraft/server/v1_14_R1/DataConverterBedItem,,net/minecraft/datafixers/fixes/BedItemColorFix,net/minecraft/class_3559
aao,net/minecraft/util/datafix/fixes/BiomeRenames,net/minecraft/server/v1_14_R1/DataConverterBiome,,net/minecraft/datafixers/fixes/BiomesFix,net/minecraft/class_3561
aap,net/minecraft/util/datafix/fixes/BlockEntityBannerColor,net/minecraft/server/v1_14_R1/DataConverterBannerColour,,net/minecraft/datafixers/fixes/BlockEntityBannerColorFix,net/minecraft/class_3564
aaq,net/minecraft/util/datafix/fixes/PistonPushedBlock,net/minecraft/server/v1_14_R1/DataConverterPiston,,net/minecraft/datafixers/fixes/BlockEntityBlockStateFix,net/minecraft/class_3566
aar,net/minecraft/util/datafix/fixes/CustomNameStringToComponentFixTileEntity,net/minecraft/server/v1_14_R1/DataConverterCustomNameTile,,net/minecraft/datafixers/fixes/BlockEntityCustomNameToComponentFix,net/minecraft/class_3567
aas,net/minecraft/util/datafix/fixes/TileEntityId,net/minecraft/server/v1_14_R1/DataConverterTileEntity,,net/minecraft/datafixers/fixes/BlockEntityIdFix,net/minecraft/class_3571
aat,net/minecraft/util/datafix/fixes/JukeboxRecordItem,net/minecraft/server/v1_14_R1/DataConverterJukeBox,,net/minecraft/datafixers/fixes/BlockEntityJukeboxFix,net/minecraft/class_3573
aau,net/minecraft/util/datafix/fixes/BlockEntityKeepPacked,net/minecraft/server/v1_14_R1/DataConverterBlockEntityKeepPacked,,net/minecraft/datafixers/fixes/BlockEntityKeepPacked,net/minecraft/class_3574
aav,net/minecraft/util/datafix/fixes/ShulkerBoxTileColor,net/minecraft/server/v1_14_R1/DataConverterShulkerBoxBlock,,net/minecraft/datafixers/fixes/BlockEntityShulkerBoxColorFix,net/minecraft/class_3575
aaw$1,net/minecraft/util/datafix/fixes/SignStrictJSON$1,net/minecraft/server/v1_14_R1/DataConverterSignText$1,,net/minecraft/datafixers/fixes/BlockEntitySignTextStrictJsonFix$1,net/minecraft/class_3577$1
aaw,net/minecraft/util/datafix/fixes/SignStrictJSON,net/minecraft/server/v1_14_R1/DataConverterSignText,,net/minecraft/datafixers/fixes/BlockEntitySignTextStrictJsonFix,net/minecraft/class_3577
aax,net/minecraft/util/datafix/fixes/BlockNameFlattening,net/minecraft/server/v1_14_R1/DataConverterBlockName,,net/minecraft/datafixers/fixes/BlockNameFlatteningFix,net/minecraft/class_3578
aay$1,net/minecraft/util/datafix/fixes/BlockRename$1,net/minecraft/server/v1_14_R1/DataConverterBlockRename$1,,net/minecraft/datafixers/fixes/BlockNameFix$1,net/minecraft/class_3579$1
aay,net/minecraft/util/datafix/fixes/BlockRename,net/minecraft/server/v1_14_R1/DataConverterBlockRename,,net/minecraft/datafixers/fixes/BlockNameFix,net/minecraft/class_3579
aaz,net/minecraft/util/datafix/fixes/BlockStateFlatteningMap,net/minecraft/server/v1_14_R1/DataConverterFlattenData,,net/minecraft/datafixers/fixes/BlockStateFlattening,net/minecraft/class_3580
ab,net/minecraft/advancements/IRequirementsStrategy,net/minecraft/server/v1_14_R1/AdvancementRequirements,,net/minecraft/advancement/CriteriaMerger,net/minecraft/class_193
aba,net/minecraft/util/datafix/fixes/BlockStateFlattenStructures,net/minecraft/server/v1_14_R1/DataConverterFlattenState,,net/minecraft/datafixers/fixes/BlockStateStructureTemplateFix,net/minecraft/class_3581
abb,net/minecraft/util/datafix/fixes/CatTypeFix,net/minecraft/server/v1_14_R1/DataConverterCatType,,net/minecraft/datafixers/fixes/CatTypeFix,net/minecraft/class_3903
abc,net/minecraft/util/datafix/fixes/ChunkLightRemoveFix,net/minecraft/server/v1_14_R1/DataConverterChunkLightRemove,,net/minecraft/datafixers/fixes/ChunkLightRemoveFix,net/minecraft/class_3755
abd$a,net/minecraft/util/datafix/fixes/ChunkPaletteFormat$NibbleArray,net/minecraft/server/v1_14_R1/ChunkConverterPalette$a,,net/minecraft/datafixers/fixes/ChunkPalettedStorageFix$ChunkNibbleArray,net/minecraft/class_3582$class_3583
abd$b$a,net/minecraft/util/datafix/fixes/ChunkPaletteFormat$Direction$Axis,net/minecraft/server/v1_14_R1/ChunkConverterPalette$Direction$Axis,,net/minecraft/datafixers/fixes/ChunkPalettedStorageFix$Facing$Axis,net/minecraft/class_3582$class_3584$class_3585
abd$b$b,net/minecraft/util/datafix/fixes/ChunkPaletteFormat$Direction$Offset,net/minecraft/server/v1_14_R1/ChunkConverterPalette$Direction$AxisDirection,,net/minecraft/datafixers/fixes/ChunkPalettedStorageFix$Facing$Direction,net/minecraft/class_3582$class_3584$class_3586
abd$b,net/minecraft/util/datafix/fixes/ChunkPaletteFormat$Direction,net/minecraft/server/v1_14_R1/ChunkConverterPalette$Direction,,net/minecraft/datafixers/fixes/ChunkPalettedStorageFix$Facing,net/minecraft/class_3582$class_3584
abd$c,net/minecraft/util/datafix/fixes/ChunkPaletteFormat$Section,net/minecraft/server/v1_14_R1/ChunkConverterPalette$c,,net/minecraft/datafixers/fixes/ChunkPalettedStorageFix$Section,net/minecraft/class_3582$class_3587
abd$d,net/minecraft/util/datafix/fixes/ChunkPaletteFormat$UpgradeChunk,net/minecraft/server/v1_14_R1/ChunkConverterPalette$d,,net/minecraft/datafixers/fixes/ChunkPalettedStorageFix$Level,net/minecraft/class_3582$class_3588
abd,net/minecraft/util/datafix/fixes/ChunkPaletteFormat,net/minecraft/server/v1_14_R1/ChunkConverterPalette,,net/minecraft/datafixers/fixes/ChunkPalettedStorageFix,net/minecraft/class_3582
abe,net/minecraft/util/datafix/fixes/ChunkStatusFix,net/minecraft/server/v1_14_R1/DataConverterChunkStatus,,net/minecraft/datafixers/fixes/ChunkStatusFix,net/minecraft/class_3589
abf,net/minecraft/util/datafix/fixes/ChunkStatusFix2,net/minecraft/server/v1_14_R1/DataConverterChunkStatus2,,net/minecraft/datafixers/fixes/ChunkStatusFix2,net/minecraft/class_3788
abg,net/minecraft/util/datafix/fixes/ChunkStructuresTemplateRenameFix,net/minecraft/server/v1_14_R1/DataConverterChunkStructuresTemplateRename,,net/minecraft/datafixers/fixes/ChunkStructuresTemplateRenameFix,net/minecraft/class_3590
abh,net/minecraft/util/datafix/fixes/ChunkGenStatus,net/minecraft/server/v1_14_R1/DataConverterProtoChunk,,net/minecraft/datafixers/fixes/ChunkToProtoChunkFix,net/minecraft/class_3591
abi,net/minecraft/util/datafix/fixes/ColorlessShulkerEntityFix,net/minecraft/server/v1_14_R1/DataConverterColorlessShulkerEntity,,net/minecraft/datafixers/fixes/ColorlessShulkerEntityFix,net/minecraft/class_3592
abj,net/minecraft/util/datafix/fixes/DyeRenameMap,net/minecraft/server/v1_14_R1/DataConverterDye,,net/minecraft/datafixers/mapping/LegacyDyeItemMapping,net/minecraft/class_3593
abk,net/minecraft/util/datafix/fixes/ArmorStandSilent,net/minecraft/server/v1_14_R1/DataConverterArmorStand,,net/minecraft/datafixers/fixes/EntityArmorStandSilentFix,net/minecraft/class_3594
abl,net/minecraft/util/datafix/fixes/BlockStateFlatternEntities,net/minecraft/server/v1_14_R1/DataConverterEntityBlockState,,net/minecraft/datafixers/fixes/EntityBlockStateFix,net/minecraft/class_3595
abm,net/minecraft/util/datafix/fixes/EntityCatSplitFix,net/minecraft/server/v1_14_R1/DataConverterEntityCatSplit,,net/minecraft/datafixers/fixes/EntityCatSplitFix,net/minecraft/class_3725
abn,net/minecraft/util/datafix/fixes/EntityCodSalmonFix,net/minecraft/server/v1_14_R1/DataConverterEntityCodSalmon,,net/minecraft/datafixers/fixes/EntityCodSalmonFix,net/minecraft/class_3596
abo,net/minecraft/util/datafix/fixes/CustomNameStringToComponentEntity,net/minecraft/server/v1_14_R1/DataConverterCustomNameEntity,,net/minecraft/datafixers/fixes/EntityCustomNameToComponentFix,net/minecraft/class_3597
abp,net/minecraft/util/datafix/fixes/ElderGuardianSplit,net/minecraft/server/v1_14_R1/DataConverterGuardian,,net/minecraft/datafixers/fixes/EntityElderGuardianSplitFix,net/minecraft/class_3598
abq,net/minecraft/util/datafix/fixes/EntityArmorAndHeld,net/minecraft/server/v1_14_R1/DataConverterEquipment,,net/minecraft/datafixers/fixes/EntityEquipmentToArmorAndHandFix,net/minecraft/class_3599
abr,net/minecraft/util/datafix/fixes/EntityHealth,net/minecraft/server/v1_14_R1/DataConverterHealth,,net/minecraft/datafixers/fixes/EntityHealthFix,net/minecraft/class_3600
abs,net/minecraft/util/datafix/fixes/HorseSaddle,net/minecraft/server/v1_14_R1/DataConverterSaddle,,net/minecraft/datafixers/fixes/EntityHorseSaddleFix,net/minecraft/class_3601
abt,net/minecraft/util/datafix/fixes/HorseSplit,net/minecraft/server/v1_14_R1/DataConverterHorse,,net/minecraft/datafixers/fixes/EntityHorseSplitFix,net/minecraft/class_3602
abu,net/minecraft/util/datafix/fixes/EntityId,net/minecraft/server/v1_14_R1/DataConverterEntity,,net/minecraft/datafixers/fixes/EntityIdFix,net/minecraft/class_3603
abv,net/minecraft/util/datafix/fixes/EntityItemFrameFacing,net/minecraft/server/v1_14_R1/DataConverterItemFrame,,net/minecraft/datafixers/fixes/EntityItemFrameDirectionFix,net/minecraft/class_3604
abw,net/minecraft/util/datafix/fixes/MinecartEntityTypes,net/minecraft/server/v1_14_R1/DataConverterMinecart,,net/minecraft/datafixers/fixes/EntityMinecartIdentifiersFix,net/minecraft/class_3605
abx,net/minecraft/util/datafix/fixes/PaintingDirection,net/minecraft/server/v1_14_R1/DataConverterHanging,,net/minecraft/datafixers/fixes/HangingEntityFix,net/minecraft/class_3606
aby,net/minecraft/util/datafix/fixes/PaintingMotive,net/minecraft/server/v1_14_R1/DataConverterPainting,,net/minecraft/datafixers/fixes/EntityPaintingMotiveFix,net/minecraft/class_3607
abz,net/minecraft/util/datafix/fixes/PufferfishRename,net/minecraft/server/v1_14_R1/DataConverterEntityPufferfish,,net/minecraft/datafixers/fixes/EntityPufferfishRenameFix,net/minecraft/class_3608
ac,net/minecraft/advancements/AdvancementTreeNode,net/minecraft/server/v1_14_R1/AdvancementTree,,net/minecraft/advancement/AdvancementPositioner,net/minecraft/class_194
aca,net/minecraft/util/datafix/fixes/EntityRavagerRenameFix,net/minecraft/server/v1_14_R1/DataConverterEntityRavagerRename,,net/minecraft/datafixers/fixes/EntityRavagerRenameFix,net/minecraft/class_3983
acb,net/minecraft/util/datafix/fixes/RedundantChanceTags,net/minecraft/server/v1_14_R1/DataConverterDropChances,,net/minecraft/datafixers/fixes/EntityRedundantChanceTagsFix,net/minecraft/class_1165
acc,net/minecraft/util/datafix/fixes/EntityRename,net/minecraft/server/v1_14_R1/DataConverterEntityName,,net/minecraft/datafixers/fixes/EntityTransformFix,net/minecraft/class_1167
acd,net/minecraft/util/datafix/fixes/RidingToPassengers,net/minecraft/server/v1_14_R1/DataConverterRiding,,net/minecraft/datafixers/fixes/EntityRidingToPassengerFix,net/minecraft/class_1166
ace,net/minecraft/util/datafix/fixes/ShulkerBoxEntityColor,net/minecraft/server/v1_14_R1/DataConverterShulker,,net/minecraft/datafixers/fixes/EntityShulkerColorFix,net/minecraft/class_1169
acf,net/minecraft/util/datafix/fixes/SkeletonSplit,net/minecraft/server/v1_14_R1/DataConverterSkeleton,,net/minecraft/datafixers/fixes/EntitySkeletonSplitFix,net/minecraft/class_1168
acg,net/minecraft/util/datafix/fixes/StringToUUID,net/minecraft/server/v1_14_R1/DataConverterUUID,,net/minecraft/datafixers/fixes/EntityStringUuidFix,net/minecraft/class_1171
ach,net/minecraft/util/datafix/fixes/EntityRenameing1510,net/minecraft/server/v1_14_R1/DataConverterEntityRename,,net/minecraft/datafixers/fixes/EntityTheRenameningBlock,net/minecraft/class_1170
aci,net/minecraft/util/datafix/fixes/TippedArrow,net/minecraft/server/v1_14_R1/DataConverterEntityTippedArrow,,net/minecraft/datafixers/fixes/EntityTippedArrowFix,net/minecraft/class_1173
acj,net/minecraft/util/datafix/fixes/WolfCollarColor,net/minecraft/server/v1_14_R1/DataConverterWolf,,net/minecraft/datafixers/fixes/EntityWolfColorFix,net/minecraft/class_1172
ack,net/minecraft/util/datafix/fixes/ZombieSplit,net/minecraft/server/v1_14_R1/DataConverterZombieType,,net/minecraft/datafixers/fixes/EntityZombieSplitFix,net/minecraft/class_1175
acl,net/minecraft/util/datafix/fixes/ZombieProfToType,net/minecraft/server/v1_14_R1/DataConverterZombie,,net/minecraft/datafixers/fixes/EntityZombieVillagerTypeFix,net/minecraft/class_1174
acn,net/minecraft/util/datafix/fixes/HeightmapRenamingFix,net/minecraft/server/v1_14_R1/DataConverterHeightmapRenaming,,net/minecraft/datafixers/fixes/HeightmapRenamingFix,net/minecraft/class_1177
aco,net/minecraft/util/datafix/fixes/IglooMetadataRemoval,net/minecraft/server/v1_14_R1/DataConverterIglooMetadataRemoval,,net/minecraft/datafixers/fixes/IglooMetadataRemovalFix,net/minecraft/class_1176
acp,net/minecraft/util/datafix/fixes/BannerItemColor,net/minecraft/server/v1_14_R1/DataConverterBanner,,net/minecraft/datafixers/fixes/ItemBannerColorFix,net/minecraft/class_1179
acq,net/minecraft/util/datafix/fixes/CustomNameStringToComponentItem,net/minecraft/server/v1_14_R1/DataConverterCustomNameItem,,net/minecraft/datafixers/fixes/ItemCustomNameToComponentFix,net/minecraft/class_1178
acr,net/minecraft/util/datafix/fixes/ItemIntIDToString,net/minecraft/server/v1_14_R1/DataConverterMaterialId,,net/minecraft/datafixers/fixes/ItemIdFix,net/minecraft/class_1181
acs,net/minecraft/util/datafix/fixes/ItemLoreComponentizeFix,net/minecraft/server/v1_14_R1/DataConverterItemLoreComponentize,,net/minecraft/datafixers/fixes/ItemLoreToComponentFix,net/minecraft/class_1180
act,net/minecraft/util/datafix/fixes/PotionItems,net/minecraft/server/v1_14_R1/DataConverterPotionId,,net/minecraft/datafixers/fixes/ItemPotionFix,net/minecraft/class_1183
acu$1,net/minecraft/util/datafix/fixes/ItemRename$1,net/minecraft/server/v1_14_R1/DataConverterItemName$1,,net/minecraft/datafixers/fixes/FixItemName$1,net/minecraft/class_1182$1
acu,net/minecraft/util/datafix/fixes/ItemRename,net/minecraft/server/v1_14_R1/DataConverterItemName,,net/minecraft/datafixers/fixes/FixItemName,net/minecraft/class_1182
acv,net/minecraft/util/datafix/fixes/ShulkerBoxItemColor,net/minecraft/server/v1_14_R1/DataConverterShulkerBoxItem,,net/minecraft/datafixers/fixes/ItemShulkerBoxColorFix,net/minecraft/class_1185
acw,net/minecraft/util/datafix/fixes/SpawnEggNames,net/minecraft/server/v1_14_R1/DataConverterSpawnEgg,,net/minecraft/datafixers/fixes/ItemSpawnEggFix,net/minecraft/class_1184
acx,net/minecraft/util/datafix/fixes/ItemStackEnchantmentFix,net/minecraft/server/v1_14_R1/DataConverterItemStackEnchantment,,net/minecraft/datafixers/fixes/ItemStackEnchantmentFix,net/minecraft/class_1187
acy,net/minecraft/util/datafix/fixes/ItemFilledMapMetadata,net/minecraft/server/v1_14_R1/DataConverterMap,,net/minecraft/datafixers/fixes/ItemInstanceMapIdFix,net/minecraft/class_1186
acz,net/minecraft/util/datafix/fixes/ItemSpawnEggSplit,net/minecraft/server/v1_14_R1/DataConverterFlattenSpawnEgg,,net/minecraft/datafixers/fixes/ItemInstanceSpawnEggFix,net/minecraft/class_1189
ad,net/minecraft/advancements/criterion/CriterionInstance,net/minecraft/server/v1_14_R1/CriterionInstanceAbstract,,net/minecraft/advancement/criterion/AbstractCriterionConditions,net/minecraft/class_195
ada,net/minecraft/util/datafix/fixes/ItemStackDataFlattening,net/minecraft/server/v1_14_R1/DataConverterFlatten,,net/minecraft/datafixers/fixes/ItemInstanceTheFlatteningFix,net/minecraft/class_1188
adb,net/minecraft/util/datafix/fixes/PotionWater,net/minecraft/server/v1_14_R1/DataConverterPotionWater,,net/minecraft/datafixers/fixes/ItemWaterPotionFix,net/minecraft/class_1190
adc,net/minecraft/util/datafix/fixes/BookPagesStrictJSON,net/minecraft/server/v1_14_R1/DataConverterBook,,net/minecraft/datafixers/fixes/ItemWrittenBookPagesStrictJsonFix,net/minecraft/class_1194
add$a,net/minecraft/util/datafix/fixes/LeavesFix$LeavesSection,net/minecraft/server/v1_14_R1/DataConverterLeaves$a,,net/minecraft/datafixers/fixes/LeavesFix$class_1192,net/minecraft/class_1191$class_1192
add$b,net/minecraft/util/datafix/fixes/LeavesFix$Section,net/minecraft/server/v1_14_R1/DataConverterLeaves$b,,net/minecraft/datafixers/fixes/LeavesFix$class_1193,net/minecraft/class_1191$class_1193
add,net/minecraft/util/datafix/fixes/LeavesFix,net/minecraft/server/v1_14_R1/DataConverterLeaves,,net/minecraft/datafixers/fixes/LeavesFix,net/minecraft/class_1191
ade,net/minecraft/util/datafix/fixes/LevelDataGeneratorOptionsFix,net/minecraft/server/v1_14_R1/DataConverterLevelDataGeneratorOptions,,net/minecraft/datafixers/fixes/LevelDataGeneratorOptionsFix,net/minecraft/class_1196
adf,net/minecraft/util/datafix/fixes/BlockStateFlattenGenOptions,net/minecraft/server/v1_14_R1/DataConverterWorldGenSettings,,net/minecraft/datafixers/fixes/LevelFlatGeneratorInfoFix,net/minecraft/class_1195
adg,net/minecraft/util/datafix/fixes/MapIdFix,net/minecraft/server/v1_14_R1/DataConverterMapId,,net/minecraft/datafixers/fixes/MapIdFix,net/minecraft/class_3970
adh,net/minecraft/util/datafix/fixes/SpawnerEntityTypes,net/minecraft/server/v1_14_R1/DataConverterMobSpawner,,net/minecraft/datafixers/fixes/MobSpawnerEntityIdentifiersFix,net/minecraft/class_1198
adi,net/minecraft/util/datafix/fixes/NamedEntityFix,net/minecraft/server/v1_14_R1/DataConverterNamedEntity,,net/minecraft/datafixers/fixes/ChoiceFix,net/minecraft/class_1197
adj,net/minecraft/util/datafix/fixes/NewVillageFix,net/minecraft/server/v1_14_R1/DataConverterNewVillage,,net/minecraft/datafixers/fixes/NewVillageFix,net/minecraft/class_3904
adk,net/minecraft/util/datafix/fixes/ObjectiveDisplayName,net/minecraft/server/v1_14_R1/DataConverterObjectiveDisplayName,,net/minecraft/datafixers/fixes/ObjectiveDisplayNameFix,net/minecraft/class_1200
adl,net/minecraft/util/datafix/fixes/ObjectiveRenderType,net/minecraft/server/v1_14_R1/DataConverterObjectiveRenderType,,net/minecraft/datafixers/fixes/ObjectiveRenderTypeFix,net/minecraft/class_1199
adm,net/minecraft/util/datafix/fixes/OptionsAddTextBackgroundFix,net/minecraft/server/v1_14_R1/DataConverterOptionsAddTextBackground,,net/minecraft/datafixers/fixes/OptionsAddTextBackgroundFix,net/minecraft/class_4092
adn,net/minecraft/util/datafix/fixes/ForceVBOOn,net/minecraft/server/v1_14_R1/DataConverterVBO,,net/minecraft/datafixers/fixes/OptionsForceVBOFix,net/minecraft/class_1202
ado,net/minecraft/util/datafix/fixes/LWJGL3KeyOptions,net/minecraft/server/v1_14_R1/DataConverterKeybind,,net/minecraft/datafixers/fixes/OptionsKeyLwjgl3Fix,net/minecraft/class_1201
adp,net/minecraft/util/datafix/fixes/KeyOptionsTranslation,net/minecraft/server/v1_14_R1/DataConverterKeybind2,,net/minecraft/datafixers/fixes/OptionsKeyTranslationFix,net/minecraft/class_1204
adq,net/minecraft/util/datafix/fixes/OptionsLowerCaseLanguage,net/minecraft/server/v1_14_R1/DataConverterLang,,net/minecraft/datafixers/fixes/OptionsLowerCaseLanguageFix,net/minecraft/class_1203
adr,net/minecraft/util/datafix/fixes/RenamedRecipes,net/minecraft/server/v1_14_R1/DataConverterRecipes,,net/minecraft/datafixers/fixes/RecipeFix,net/minecraft/class_1206
ads,net/minecraft/util/datafix/fixes/RecipesRenaming,net/minecraft/server/v1_14_R1/DataConverterRecipeRename,,net/minecraft/datafixers/fixes/RecipeRenamingFix,net/minecraft/class_1205
adt,net/minecraft/util/datafix/TypeReferences,net/minecraft/server/v1_14_R1/DataConverterTypes,,net/minecraft/datafixers/TypeReferences,net/minecraft/class_1208
adu,net/minecraft/util/datafix/fixes/CoralFansRenameList,net/minecraft/server/v1_14_R1/DataConverterCoralFan,,net/minecraft/datafixers/mapping/LegacyCoralFanBlockMapping,net/minecraft/class_1207
adv,net/minecraft/util/datafix/fixes/RenamedCoral,net/minecraft/server/v1_14_R1/DataConverterCoral,,net/minecraft/datafixers/mapping/LegacyCoralBlockMapping,net/minecraft/class_1210
adw,net/minecraft/util/datafix/fixes/PointOfInterestReorganizationFix,net/minecraft/server/v1_14_R1/DataConverterPOI,,net/minecraft/datafixers/fixes/PointOfInterestReorganizationFix,net/minecraft/class_4285
adx,net/minecraft/util/datafix/fixes/BlockStateFlattenVillageCrops,net/minecraft/server/v1_14_R1/DataConverterVillage,,net/minecraft/datafixers/fixes/SavedDataVillageCropFix,net/minecraft/class_1209
ady,net/minecraft/util/datafix/fixes/EntityRenameHelper,net/minecraft/server/v1_14_R1/DataConverterEntityNameAbstract,,net/minecraft/datafixers/fixes/EntitySimpleTransformFix,net/minecraft/class_1212
adz,net/minecraft/util/datafix/fixes/TypedEntityRenameHelper,net/minecraft/server/v1_14_R1/DataConverterEntityRenameAbstract,,net/minecraft/datafixers/fixes/EntityRenameFix,net/minecraft/class_1211
ae$a,net/minecraft/advancements/criterion/BredAnimalsTrigger$Listeners,net/minecraft/server/v1_14_R1/CriterionTriggerBredAnimals$a,,net/minecraft/advancement/criterion/BredAnimalsCriterion$Handler,net/minecraft/class_196$class_197
ae$b,net/minecraft/advancements/criterion/BredAnimalsTrigger$Instance,net/minecraft/server/v1_14_R1/CriterionTriggerBredAnimals$b,,net/minecraft/advancement/criterion/BredAnimalsCriterion$Conditions,net/minecraft/class_196$class_198
ae,net/minecraft/advancements/criterion/BredAnimalsTrigger,net/minecraft/server/v1_14_R1/CriterionTriggerBredAnimals,,net/minecraft/advancement/criterion/BredAnimalsCriterion,net/minecraft/class_196
aea,net/minecraft/util/datafix/fixes/StatsRenaming,net/minecraft/server/v1_14_R1/DataConverterStatistic,,net/minecraft/datafixers/fixes/StatsCounterFix,net/minecraft/class_1214
aeb,net/minecraft/util/datafix/fixes/SwimStatsRename,net/minecraft/server/v1_14_R1/DataConverterSwimStats,,net/minecraft/datafixers/fixes/SwimStatsRenameFix,net/minecraft/class_1213
aec,net/minecraft/util/datafix/fixes/TeamDisplayName,net/minecraft/server/v1_14_R1/DataConverterTeamDisplayName,,net/minecraft/datafixers/fixes/TeamDisplayNameFix,net/minecraft/class_1217
aed$a,net/minecraft/util/datafix/fixes/TrappedChestTileEntitySplit$Section,net/minecraft/server/v1_14_R1/DataConverterTrappedChest$a,,net/minecraft/datafixers/fixes/AddTrappedChestFix$class_1216,net/minecraft/class_1215$class_1216
aed,net/minecraft/util/datafix/fixes/TrappedChestTileEntitySplit,net/minecraft/server/v1_14_R1/DataConverterTrappedChest,,net/minecraft/datafixers/fixes/AddTrappedChestFix,net/minecraft/class_1215
aee,net/minecraft/util/datafix/fixes/VillagerProfessionFix,net/minecraft/server/v1_14_R1/DataConverterVillagerProfession,,net/minecraft/datafixers/fixes/VillagerProfessionFix,net/minecraft/class_3845
aef,net/minecraft/util/datafix/fixes/VillagerLevelAndXpFix,net/minecraft/server/v1_14_R1/DataConverterVillagerLevelXp,,net/minecraft/datafixers/fixes/VillagerXpRebuildFix,net/minecraft/class_4300
aeg,net/minecraft/util/datafix/fixes/VillagerTrades,net/minecraft/server/v1_14_R1/DataConverterVillagerTrade,,net/minecraft/datafixers/fixes/VillagerTradeFix,net/minecraft/class_1219
aeh,net/minecraft/util/datafix/WriteAndReadDataFix,net/minecraft/server/v1_14_R1/DataConverterShoulderEntity,,net/minecraft/datafixers/fixes/WriteAndReadFix,net/minecraft/class_1218
aei,net/minecraft/util/datafix/fixes/ZombieVillagerXpFix,net/minecraft/server/v1_14_R1/DataConverterZombieVillagerLevelXp,,net/minecraft/datafixers/fixes/ZombieVillagerXpRebuildFix,net/minecraft/class_4301
ael,net/minecraft/util/datafix/NamespacedSchema,net/minecraft/server/v1_14_R1/DataConverterSchemaNamed,,net/minecraft/datafixers/schemas/SchemaIdentifierNormalize,net/minecraft/class_1220
aem,net/minecraft/util/datafix/versions/V0100,net/minecraft/server/v1_14_R1/DataConverterSchemaV100,,net/minecraft/datafixers/schemas/Schema100,net/minecraft/class_1222
aen,net/minecraft/util/datafix/versions/V0102,net/minecraft/server/v1_14_R1/DataConverterSchemaV102,,net/minecraft/datafixers/schemas/Schema102,net/minecraft/class_1221
aeo,net/minecraft/util/datafix/versions/V1022,net/minecraft/server/v1_14_R1/DataConverterSchemaV1022,,net/minecraft/datafixers/schemas/Schema1022,net/minecraft/class_1224
aep,net/minecraft/util/datafix/versions/V0106,net/minecraft/server/v1_14_R1/DataConverterSchemaV106,,net/minecraft/datafixers/schemas/Schema106,net/minecraft/class_1223
aeq,net/minecraft/util/datafix/versions/V0107,net/minecraft/server/v1_14_R1/DataConverterSchemaV107,,net/minecraft/datafixers/schemas/Schema107,net/minecraft/class_1226
aer,net/minecraft/util/datafix/versions/V1125,net/minecraft/server/v1_14_R1/DataConverterSchemaV1125,,net/minecraft/datafixers/schemas/Schema1125,net/minecraft/class_1225
aes,net/minecraft/util/datafix/versions/V0135,net/minecraft/server/v1_14_R1/DataConverterSchemaV135,,net/minecraft/datafixers/schemas/Schema135,net/minecraft/class_1228
aet,net/minecraft/util/datafix/versions/V0143,net/minecraft/server/v1_14_R1/DataConverterSchemaV143,,net/minecraft/datafixers/schemas/Schema143,net/minecraft/class_1227
aeu,net/minecraft/util/datafix/versions/V1451,net/minecraft/server/v1_14_R1/DataConverterSchemaV1451,,net/minecraft/datafixers/schemas/Schema1451,net/minecraft/class_1230
aev,net/minecraft/util/datafix/versions/V1451_1,net/minecraft/server/v1_14_R1/DataConverterSchemaV1451_1,,net/minecraft/datafixers/schemas/Schema1451v1,net/minecraft/class_1229
aew,net/minecraft/util/datafix/versions/V1451_2,net/minecraft/server/v1_14_R1/DataConverterSchemaV1451_2,,net/minecraft/datafixers/schemas/Schema1451v2,net/minecraft/class_1232
aex,net/minecraft/util/datafix/versions/V1451_3,net/minecraft/server/v1_14_R1/DataConverterSchemaV1451_3,,net/minecraft/datafixers/schemas/Schema1451v3,net/minecraft/class_1231
aey,net/minecraft/util/datafix/versions/V1451_4,net/minecraft/server/v1_14_R1/DataConverterSchemaV1451_4,,net/minecraft/datafixers/schemas/Schema1451v4,net/minecraft/class_1234
aez,net/minecraft/util/datafix/versions/V1451_5,net/minecraft/server/v1_14_R1/DataConverterSchemaV1451_5,,net/minecraft/datafixers/schemas/Schema1451v5,net/minecraft/class_1233
af$a,net/minecraft/advancements/criterion/BrewedPotionTrigger$Listeners,net/minecraft/server/v1_14_R1/CriterionTriggerBrewedPotion$a,,net/minecraft/advancement/criterion/BrewedPotionCriterion$Handler,net/minecraft/class_1996$class_1997
af$b,net/minecraft/advancements/criterion/BrewedPotionTrigger$Instance,net/minecraft/server/v1_14_R1/CriterionTriggerBrewedPotion$b,,net/minecraft/advancement/criterion/BrewedPotionCriterion$Conditions,net/minecraft/class_1996$class_1998
af,net/minecraft/advancements/criterion/BrewedPotionTrigger,net/minecraft/server/v1_14_R1/CriterionTriggerBrewedPotion,,net/minecraft/advancement/criterion/BrewedPotionCriterion,net/minecraft/class_1996
afa,net/minecraft/util/datafix/versions/V1451_6,net/minecraft/server/v1_14_R1/DataConverterSchemaV1451_6,,net/minecraft/datafixers/schemas/Schema1451v6,net/minecraft/class_1236
afb,net/minecraft/util/datafix/versions/V1451_7,net/minecraft/server/v1_14_R1/DataConverterSchemaV1451_7,,net/minecraft/datafixers/schemas/Schema1451v7,net/minecraft/class_1235
afc,net/minecraft/util/datafix/versions/V1460,net/minecraft/server/v1_14_R1/DataConverterSchemaV1460,,net/minecraft/datafixers/schemas/Schema1460,net/minecraft/class_1238
afd,net/minecraft/util/datafix/versions/V1466,net/minecraft/server/v1_14_R1/DataConverterSchemaV1466,,net/minecraft/datafixers/schemas/Schema1466,net/minecraft/class_1237
afe,net/minecraft/util/datafix/versions/V1470,net/minecraft/server/v1_14_R1/DataConverterSchemaV1470,,net/minecraft/datafixers/schemas/Schema1470,net/minecraft/class_1240
aff,net/minecraft/util/datafix/versions/V1481,net/minecraft/server/v1_14_R1/DataConverterSchemaV1481,,net/minecraft/datafixers/schemas/Schema1481,net/minecraft/class_1239
afg,net/minecraft/util/datafix/versions/V1483,net/minecraft/server/v1_14_R1/DataConverterSchemaV1483,,net/minecraft/datafixers/schemas/Schema1483,net/minecraft/class_1242
afh,net/minecraft/util/datafix/versions/V1486,net/minecraft/server/v1_14_R1/DataConverterSchemaV1486,,net/minecraft/datafixers/schemas/Schema1486,net/minecraft/class_1241
afi,net/minecraft/util/datafix/versions/V1510,net/minecraft/server/v1_14_R1/DataConverterSchemaV1510,,net/minecraft/datafixers/schemas/Schema1510,net/minecraft/class_1243
afj,net/minecraft/util/datafix/versions/V1800,net/minecraft/server/v1_14_R1/DataConverterSchemaV1800,,net/minecraft/datafixers/schemas/Schema1800,net/minecraft/class_1245
afk,net/minecraft/util/datafix/versions/V1801,net/minecraft/server/v1_14_R1/DataConverterSchemaV1801,,net/minecraft/datafixers/schemas/Schema1801,net/minecraft/class_1244
afl,net/minecraft/util/datafix/versions/V1904,net/minecraft/server/v1_14_R1/DataConverterSchemaV1904,,net/minecraft/datafixers/schemas/Schema1904,net/minecraft/class_3686
afm,net/minecraft/util/datafix/versions/V1906,net/minecraft/server/v1_14_R1/DataConverterSchemaV1906,,net/minecraft/datafixers/schemas/Schema1906,net/minecraft/class_3687
afn,net/minecraft/util/datafix/versions/V1909,net/minecraft/server/v1_14_R1/DataConverterSchemaV1909,,net/minecraft/datafixers/schemas/Schema1909,net/minecraft/class_3743
afo,net/minecraft/util/datafix/versions/V1920,net/minecraft/server/v1_14_R1/DataConverterSchemaV1920,,net/minecraft/datafixers/schemas/Schema1920,net/minecraft/class_3905
afp,net/minecraft/util/datafix/versions/V1928,net/minecraft/server/v1_14_R1/DataConverterSchemaV1928,,net/minecraft/datafixers/schemas/Schema1928,net/minecraft/class_3984
afq,net/minecraft/util/datafix/versions/V1929,net/minecraft/server/v1_14_R1/DataConverterSchemaV1929,,net/minecraft/datafixers/schemas/Schema1929,net/minecraft/class_3985
afr,net/minecraft/util/datafix/versions/V1931,net/minecraft/server/v1_14_R1/DataConverterSchemaV1931,,net/minecraft/datafixers/schemas/Schema1931,net/minecraft/class_4016
afs,net/minecraft/util/datafix/versions/V0501,net/minecraft/server/v1_14_R1/DataConverterSchemaV501,,net/minecraft/datafixers/schemas/Schema501,net/minecraft/class_1247
aft,net/minecraft/util/datafix/versions/V0700,net/minecraft/server/v1_14_R1/DataConverterSchemaV700,,net/minecraft/datafixers/schemas/Schema700,net/minecraft/class_1246
afu,net/minecraft/util/datafix/versions/V0701,net/minecraft/server/v1_14_R1/DataConverterSchemaV701,,net/minecraft/datafixers/schemas/Schema701,net/minecraft/class_1249
afv,net/minecraft/util/datafix/versions/V0702,net/minecraft/server/v1_14_R1/DataConverterSchemaV702,,net/minecraft/datafixers/schemas/Schema702,net/minecraft/class_1248
afw,net/minecraft/util/datafix/versions/V0703,net/minecraft/server/v1_14_R1/DataConverterSchemaV703,,net/minecraft/datafixers/schemas/Schema703,net/minecraft/class_1251
afx$1,net/minecraft/util/datafix/versions/V0704$1,net/minecraft/server/v1_14_R1/DataConverterSchemaV704$1,,net/minecraft/datafixers/schemas/Schema704$1,net/minecraft/class_1250$1
afx,net/minecraft/util/datafix/versions/V0704,net/minecraft/server/v1_14_R1/DataConverterSchemaV704,,net/minecraft/datafixers/schemas/Schema704,net/minecraft/class_1250
afy$1,net/minecraft/util/datafix/versions/V0705$1,net/minecraft/server/v1_14_R1/DataConverterSchemaV705$1,,net/minecraft/datafixers/schemas/Schema705$1,net/minecraft/class_1253$1
afy,net/minecraft/util/datafix/versions/V0705,net/minecraft/server/v1_14_R1/DataConverterSchemaV705,,net/minecraft/datafixers/schemas/Schema705,net/minecraft/class_1253
afz,net/minecraft/util/datafix/versions/V0808,net/minecraft/server/v1_14_R1/DataConverterSchemaV808,,net/minecraft/datafixers/schemas/Schema808,net/minecraft/class_1252
ag$a,net/minecraft/advancements/criterion/ChangeDimensionTrigger$Listeners,net/minecraft/server/v1_14_R1/CriterionTriggerChangedDimension$a,,net/minecraft/advancement/criterion/ChangedDimensionCriterion$Handler,net/minecraft/class_1999$class_2000
ag$b,net/minecraft/advancements/criterion/ChangeDimensionTrigger$Instance,net/minecraft/server/v1_14_R1/CriterionTriggerChangedDimension$b,,net/minecraft/advancement/criterion/ChangedDimensionCriterion$Conditions,net/minecraft/class_1999$class_2001
ag,net/minecraft/advancements/criterion/ChangeDimensionTrigger,net/minecraft/server/v1_14_R1/CriterionTriggerChangedDimension,,net/minecraft/advancement/criterion/ChangedDimensionCriterion,net/minecraft/class_1999
aga$1,net/minecraft/util/datafix/versions/V0099$1,net/minecraft/server/v1_14_R1/DataConverterSchemaV99$1,,net/minecraft/datafixers/schemas/Schema99$1,net/minecraft/class_1254$1
aga,net/minecraft/util/datafix/versions/V0099,net/minecraft/server/v1_14_R1/DataConverterSchemaV99,,net/minecraft/datafixers/schemas/Schema99,net/minecraft/class_1254
agd,net/minecraft/profiler/Profiler,net/minecraft/server/v1_14_R1/MethodProfiler,,net/minecraft/util/profiler/ProfilerSystem,net/minecraft/class_3533
age,net/minecraft/profiler/EmptyProfileResult,net/minecraft/server/v1_14_R1/MethodProfilerResultsEmpty,,net/minecraft/util/profiler/EmptyProfileResult,net/minecraft/class_3688
agf,net/minecraft/profiler/FilledProfileResult,net/minecraft/server/v1_14_R1/MethodProfilerResultsFilled,,net/minecraft/util/profiler/ProfileResultImpl,net/minecraft/class_3692
agg$a,net/minecraft/profiler/DebugProfiler$IDebugResultEntry,net/minecraft/server/v1_14_R1/GameProfiler$a,,net/minecraft/util/profiler/DisableableProfiler$ProfilerController,net/minecraft/class_3689$class_3690
agg$b,net/minecraft/profiler/DebugProfiler$DebugResultEntryImpl,net/minecraft/server/v1_14_R1/GameProfiler$b,,net/minecraft/util/profiler/DisableableProfiler$ProfilerControllerImpl,net/minecraft/class_3689$class_3691
agg,net/minecraft/profiler/DebugProfiler,net/minecraft/server/v1_14_R1/GameProfiler,,net/minecraft/util/profiler/DisableableProfiler,net/minecraft/class_3689
agh,net/minecraft/profiler/EmptyProfiler,net/minecraft/server/v1_14_R1/GameProfilerDisabled,,net/minecraft/util/profiler/DummyProfiler,net/minecraft/class_3694
agi,net/minecraft/profiler/IResultableProfiler,net/minecraft/server/v1_14_R1/GameProfilerFillerActive,,net/minecraft/util/profiler/ReadableProfiler,net/minecraft/class_3693
agj,net/minecraft/profiler/IProfileResult,net/minecraft/server/v1_14_R1/MethodProfilerResults,,net/minecraft/util/profiler/ProfileResult,net/minecraft/class_3696
agk,net/minecraft/profiler/IProfiler,net/minecraft/server/v1_14_R1/GameProfilerFiller,,net/minecraft/util/profiler/Profiler,net/minecraft/class_3695
agl,net/minecraft/profiler/DataPoint,net/minecraft/server/v1_14_R1/MethodProfilerResultsField,,net/minecraft/util/profiler/ProfilerTiming,net/minecraft/class_3534
agn,net/minecraft/util/concurrent/ThreadTaskExecutor,net/minecraft/server/v1_14_R1/IAsyncTaskHandler,,net/minecraft/util/ThreadExecutor,net/minecraft/class_1255
agp$1,net/minecraft/util/concurrent/ITaskExecutor$1,net/minecraft/server/v1_14_R1/Mailbox$1,,net/minecraft/util/Actor$1,net/minecraft/class_3906$1
agp,net/minecraft/util/concurrent/ITaskExecutor,net/minecraft/server/v1_14_R1/Mailbox,,net/minecraft/util/Actor,net/minecraft/class_3906
agq,net/minecraft/util/concurrent/DelegatedTaskExecutor,net/minecraft/server/v1_14_R1/ThreadedMailbox,,net/minecraft/util/MailboxProcessor,net/minecraft/class_3846
agr,net/minecraft/util/concurrent/RecursiveEventLoop,net/minecraft/server/v1_14_R1/IAsyncTaskHandlerReentrant,,net/minecraft/util/NonBlockingThreadExecutor,net/minecraft/class_4093
ags$a,net/minecraft/util/concurrent/ITaskQueue$Priority,net/minecraft/server/v1_14_R1/PairedQueue$a,,net/minecraft/util/Mailbox$PrioritizedQueueMailbox,net/minecraft/class_3847$class_3848
ags$b,net/minecraft/util/concurrent/ITaskQueue$RunnableWithPriority,net/minecraft/server/v1_14_R1/PairedQueue$b,,net/minecraft/util/Mailbox$PrioritizedMessage,net/minecraft/class_3847$class_3907
ags$c,net/minecraft/util/concurrent/ITaskQueue$Single,net/minecraft/server/v1_14_R1/PairedQueue$c,,net/minecraft/util/Mailbox$QueueMailbox,net/minecraft/class_3847$class_3849
ags,net/minecraft/util/concurrent/ITaskQueue,net/minecraft/server/v1_14_R1/PairedQueue,,net/minecraft/util/Mailbox,net/minecraft/class_3847
agu,net/minecraft/util/WorldOptimizer,net/minecraft/server/v1_14_R1/WorldUpgrader,,net/minecraft/world/updater/WorldUpdater,net/minecraft/class_1257
agw$a,net/minecraft/world/BossInfo$Color,net/minecraft/server/v1_14_R1/BossBattle$BarColor,,net/minecraft/entity/boss/BossBar$Color,net/minecraft/class_1259$class_1260
agw$b,net/minecraft/world/BossInfo$Overlay,net/minecraft/server/v1_14_R1/BossBattle$BarStyle,,net/minecraft/entity/boss/BossBar$Style,net/minecraft/class_1259$class_1261
agw,net/minecraft/world/BossInfo,net/minecraft/server/v1_14_R1/BossBattle,,net/minecraft/entity/boss/BossBar,net/minecraft/class_1259
agx,net/minecraft/inventory/IClearable,net/minecraft/server/v1_14_R1/Clearable,,net/minecraft/util/Clearable,net/minecraft/class_3829
agy,net/minecraft/inventory/DoubleSidedInventory,net/minecraft/server/v1_14_R1/InventoryLargeChest,,net/minecraft/inventory/DoubleInventory,net/minecraft/class_1258
agz,net/minecraft/inventory/IInventory,net/minecraft/server/v1_14_R1/IInventory,,net/minecraft/inventory/Inventory,net/minecraft/class_1263
ah$a,net/minecraft/advancements/criterion/ChanneledLightningTrigger$Listeners,net/minecraft/server/v1_14_R1/CriterionTriggerChanneledLightning$a,,net/minecraft/advancement/criterion/ChanneledLightningCriterion$Handler,net/minecraft/class_2002$class_2003
ah$b,net/minecraft/advancements/criterion/ChanneledLightningTrigger$Instance,net/minecraft/server/v1_14_R1/CriterionTriggerChanneledLightning$b,,net/minecraft/advancement/criterion/ChanneledLightningCriterion$Conditions,net/minecraft/class_2002$class_2004
ah,net/minecraft/advancements/criterion/ChanneledLightningTrigger,net/minecraft/server/v1_14_R1/CriterionTriggerChanneledLightning,,net/minecraft/advancement/criterion/ChanneledLightningCriterion,net/minecraft/class_2002
aha,net/minecraft/inventory/ItemStackHelper,net/minecraft/server/v1_14_R1/ContainerUtil,,net/minecraft/inventory/Inventories,net/minecraft/class_1262
ahb,net/minecraft/inventory/IInventoryChangedListener,net/minecraft/server/v1_14_R1/IInventoryListener,,net/minecraft/inventory/InventoryListener,net/minecraft/class_1265
ahc,net/minecraft/inventory/InventoryHelper,net/minecraft/server/v1_14_R1/InventoryUtils,,net/minecraft/util/ItemScatterer,net/minecraft/class_1264
ahd,net/minecraft/world/Difficulty,net/minecraft/server/v1_14_R1/EnumDifficulty,,net/minecraft/world/Difficulty,net/minecraft/class_1267
ahe,net/minecraft/world/DifficultyInstance,net/minecraft/server/v1_14_R1/DifficultyDamageScaler,,net/minecraft/world/LocalDifficulty,net/minecraft/class_1266
ahf,net/minecraft/util/Hand,net/minecraft/server/v1_14_R1/EnumHand,,net/minecraft/util/Hand,net/minecraft/class_1268
ahg,net/minecraft/util/ActionResultType,net/minecraft/server/v1_14_R1/EnumInteractionResult,,net/minecraft/util/ActionResult,net/minecraft/class_1269
ahh,net/minecraft/util/ActionResult,net/minecraft/server/v1_14_R1/InteractionResultWrapper,,net/minecraft/util/TypedActionResult,net/minecraft/class_1271
ahi,net/minecraft/world/LockCode,net/minecraft/server/v1_14_R1/ChestLock,,net/minecraft/container/ContainerLock,net/minecraft/class_1273
ahj,net/minecraft/inventory/container/INamedContainerProvider,net/minecraft/server/v1_14_R1/ITileInventory,,net/minecraft/container/NameableContainerProvider,net/minecraft/class_3908
ahk,net/minecraft/util/INameable,net/minecraft/server/v1_14_R1/INamableTileEntity,,net/minecraft/util/Nameable,net/minecraft/class_1275
ahl,net/minecraft/inventory/Inventory,net/minecraft/server/v1_14_R1/InventorySubcontainer,,net/minecraft/inventory/BasicInventory,net/minecraft/class_1277
ahm,net/minecraft/inventory/container/SimpleNamedContainerProvider,net/minecraft/server/v1_14_R1/TileInventory,,net/minecraft/client/network/ClientDummyContainerProvider,net/minecraft/class_747
ahn,net/minecraft/profiler/Snooper,net/minecraft/server/v1_14_R1/MojangStatisticsGenerator,,net/minecraft/util/snooper/Snooper,net/minecraft/class_1276
aho,net/minecraft/profiler/ISnooperInfo,net/minecraft/server/v1_14_R1/IMojangStatistics,,net/minecraft/util/snooper/SnooperListener,net/minecraft/class_1279
ahp,net/minecraft/inventory/ISidedInventory,net/minecraft/server/v1_14_R1/IWorldInventory,,net/minecraft/inventory/SidedInventory,net/minecraft/class_1278
ahq,net/minecraft/inventory/ISidedInventoryProvider,net/minecraft/server/v1_14_R1/IInventoryHolder,,net/minecraft/block/InventoryProvider,net/minecraft/class_3954
ahr,net/minecraft/util/CombatEntry,net/minecraft/server/v1_14_R1/CombatEntry,,net/minecraft/entity/damage/DamageRecord,net/minecraft/class_1281
ahs,net/minecraft/util/CombatRules,net/minecraft/server/v1_14_R1/CombatMath,,net/minecraft/entity/DamageUtil,net/minecraft/class_1280
aht,net/minecraft/util/CombatTracker,net/minecraft/server/v1_14_R1/CombatTracker,,net/minecraft/entity/damage/DamageTracker,net/minecraft/class_1283
ahu,net/minecraft/util/DamageSource,net/minecraft/server/v1_14_R1/DamageSource,,net/minecraft/entity/damage/DamageSource,net/minecraft/class_1282
ahv,net/minecraft/util/EntityDamageSource,net/minecraft/server/v1_14_R1/EntityDamageSource,,net/minecraft/entity/damage/EntityDamageSource,net/minecraft/class_1285
ahw,net/minecraft/util/IndirectEntityDamageSource,net/minecraft/server/v1_14_R1/EntityDamageSourceIndirect,,net/minecraft/entity/damage/ProjectileDamageSource,net/minecraft/class_1284
ahx,net/minecraft/util/NetherBedDamageSource,net/minecraft/server/v1_14_R1/DamageSourceNetherBed,,net/minecraft/entity/damage/NetherBedDamageSource,net/minecraft/class_1286
ahz,net/minecraft/potion/AbsorptionEffect,net/minecraft/server/v1_14_R1/MobEffectAbsorption,,net/minecraft/entity/effect/AbsorptionStatusEffect,net/minecraft/class_1288
ai$a,net/minecraft/advancements/criterion/ConstructBeaconTrigger$Listeners,net/minecraft/server/v1_14_R1/CriterionTriggerConstructBeacon$a,,net/minecraft/advancement/criterion/ConstructBeaconCriterion$Handler,net/minecraft/class_2006$class_2007
ai$b,net/minecraft/advancements/criterion/ConstructBeaconTrigger$Instance,net/minecraft/server/v1_14_R1/CriterionTriggerConstructBeacon$b,,net/minecraft/advancement/criterion/ConstructBeaconCriterion$Conditions,net/minecraft/class_2006$class_2008
ai,net/minecraft/advancements/criterion/ConstructBeaconTrigger,net/minecraft/server/v1_14_R1/CriterionTriggerConstructBeacon,,net/minecraft/advancement/criterion/ConstructBeaconCriterion,net/minecraft/class_2006
aia,net/minecraft/potion/AttackDamageEffect,net/minecraft/server/v1_14_R1/MobEffectAttackDamage,,net/minecraft/entity/effect/DamageModifierStatusEffect,net/minecraft/class_1287
aib,net/minecraft/potion/HealthBoostEffect,net/minecraft/server/v1_14_R1/MobEffectHealthBoost,,net/minecraft/entity/effect/HealthBoostStatusEffect,net/minecraft/class_1290
aic,net/minecraft/potion/InstantEffect,net/minecraft/server/v1_14_R1/InstantMobEffect,,net/minecraft/entity/effect/InstantStatusEffect,net/minecraft/class_1289
aid,net/minecraft/potion/Effect,net/minecraft/server/v1_14_R1/MobEffectList,,net/minecraft/entity/effect/StatusEffect,net/minecraft/class_1291
aie,net/minecraft/potion/EffectType,net/minecraft/server/v1_14_R1/MobEffectInfo,,net/minecraft/entity/effect/StatusEffectType,net/minecraft/class_4081
aif,net/minecraft/potion/EffectInstance,net/minecraft/server/v1_14_R1/MobEffect,,net/minecraft/entity/effect/StatusEffectInstance,net/minecraft/class_1293
aig,net/minecraft/potion/EffectUtils,net/minecraft/server/v1_14_R1/MobEffectUtil,,net/minecraft/entity/effect/StatusEffectUtil,net/minecraft/class_1292
aih$1,net/minecraft/potion/Effects$1,net/minecraft/server/v1_14_R1/MobEffects$1,,net/minecraft/entity/effect/StatusEffects$1,net/minecraft/class_1294$1
aih,net/minecraft/potion/Effects,net/minecraft/server/v1_14_R1/MobEffects,,net/minecraft/entity/effect/StatusEffects,net/minecraft/class_1294
aij,net/minecraft/entity/AgeableEntity,net/minecraft/server/v1_14_R1/EntityAgeable,,net/minecraft/entity/passive/PassiveEntity,net/minecraft/class_1296
aik,net/minecraft/entity/AreaEffectCloudEntity,net/minecraft/server/v1_14_R1/EntityAreaEffectCloud,,net/minecraft/entity/AreaEffectCloudEntity,net/minecraft/class_1295
ail,net/minecraft/entity/Entity,net/minecraft/server/v1_14_R1/Entity,,net/minecraft/entity/Entity,net/minecraft/class_1297
aim,net/minecraft/entity/EntitySize,net/minecraft/server/v1_14_R1/EntitySize,,net/minecraft/entity/EntityDimensions,net/minecraft/class_4048
aio$a,net/minecraft/util/EntityPredicates$ArmoredMob,net/minecraft/server/v1_14_R1/IEntitySelector$EntitySelectorEquipable,,net/minecraft/predicate/entity/EntityPredicates$CanPickup,net/minecraft/class_1301$class_1302
aio,net/minecraft/util/EntityPredicates,net/minecraft/server/v1_14_R1/IEntitySelector,,net/minecraft/predicate/entity/EntityPredicates,net/minecraft/class_1301
aip$a,net/minecraft/entity/EntityType$Builder,net/minecraft/server/v1_14_R1/EntityTypes$a,,net/minecraft/entity/EntityType$Builder,net/minecraft/class_1299$class_1300
aip$b,net/minecraft/entity/EntityType$IFactory,net/minecraft/server/v1_14_R1/EntityTypes$b,,net/minecraft/entity/EntityType$EntityFactory,net/minecraft/class_1299$class_4049
aip,net/minecraft/entity/EntityType,net/minecraft/server/v1_14_R1/EntityTypes,,net/minecraft/entity/EntityType,net/minecraft/class_1299
aiq$a,net/minecraft/inventory/EquipmentSlotType$Group,net/minecraft/server/v1_14_R1/EnumItemSlot$Function,,net/minecraft/entity/EquipmentSlot$Type,net/minecraft/class_1304$class_1305
aiq,net/minecraft/inventory/EquipmentSlotType,net/minecraft/server/v1_14_R1/EnumItemSlot,,net/minecraft/entity/EquipmentSlot,net/minecraft/class_1304
air,net/minecraft/entity/item/ExperienceOrbEntity,net/minecraft/server/v1_14_R1/EntityExperienceOrb,,net/minecraft/entity/ExperienceOrbEntity,net/minecraft/class_1303
ais,net/minecraft/entity/FlyingEntity,net/minecraft/server/v1_14_R1/EntityFlying,,net/minecraft/entity/mob/FlyingEntity,net/minecraft/class_1307
ait,net/minecraft/util/HandSide,net/minecraft/server/v1_14_R1/EnumMainHand,,net/minecraft/util/Arm,net/minecraft/class_1306
aiu,net/minecraft/entity/LivingEntity,net/minecraft/server/v1_14_R1/EntityLiving,,net/minecraft/entity/LivingEntity,net/minecraft/class_1309
aiv,net/minecraft/entity/MobEntity,net/minecraft/server/v1_14_R1/EntityInsentient,,net/minecraft/entity/mob/MobEntity,net/minecraft/class_1308
aiw,net/minecraft/entity/EntityClassification,net/minecraft/server/v1_14_R1/EnumCreatureType,,net/minecraft/entity/EntityCategory,net/minecraft/class_1311
aix,net/minecraft/entity/SpawnReason,net/minecraft/server/v1_14_R1/EnumMobSpawn,,net/minecraft/entity/SpawnType,net/minecraft/class_3730
aiy,net/minecraft/entity/CreatureAttribute,net/minecraft/server/v1_14_R1/EnumMonsterType,,net/minecraft/entity/EntityGroup,net/minecraft/class_1310
aiz,net/minecraft/entity/MoverType,net/minecraft/server/v1_14_R1/EnumMoveType,,net/minecraft/entity/MovementType,net/minecraft/class_1313
aj$a,net/minecraft/advancements/criterion/ConsumeItemTrigger$Listeners,net/minecraft/server/v1_14_R1/CriterionTriggerConsumeItem$a,,net/minecraft/advancement/criterion/ConsumeItemCriterion$Handler,net/minecraft/class_2010$class_2011
aj$b,net/minecraft/advancements/criterion/ConsumeItemTrigger$Instance,net/minecraft/server/v1_14_R1/CriterionTriggerConsumeItem$b,,net/minecraft/advancement/criterion/ConsumeItemCriterion$Conditions,net/minecraft/class_2010$class_2012
aj,net/minecraft/advancements/criterion/ConsumeItemTrigger,net/minecraft/server/v1_14_R1/CriterionTriggerConsumeItem,,net/minecraft/advancement/criterion/ConsumeItemCriterion,net/minecraft/class_2010
ajb,net/minecraft/entity/CreatureEntity,net/minecraft/server/v1_14_R1/EntityCreature,,net/minecraft/entity/mob/MobEntityWithAi,net/minecraft/class_1314
ajd,net/minecraft/entity/IJumpingMount,net/minecraft/server/v1_14_R1/IJumpable,,net/minecraft/entity/JumpingMount,net/minecraft/class_1316
aje,net/minecraft/entity/Pose,net/minecraft/server/v1_14_R1/EntityPose,,net/minecraft/entity/EntityPose,net/minecraft/class_4050
ajf,net/minecraft/entity/merchant/IReputationTracking,net/minecraft/server/v1_14_R1/ReputationHandler,,net/minecraft/entity/InteractionObserver,net/minecraft/class_4094
ajg,net/minecraft/entity/ILivingEntityData,net/minecraft/server/v1_14_R1/GroupDataEntity,,net/minecraft/entity/EntityData,net/minecraft/class_1315
ajh$a,net/minecraft/entity/EntitySpawnPlacementRegistry$Entry,net/minecraft/server/v1_14_R1/EntityPositionTypes$a,,net/minecraft/entity/SpawnRestriction$Entry,net/minecraft/class_1317$class_1318
ajh$b,net/minecraft/entity/EntitySpawnPlacementRegistry$IPlacementPredicate,net/minecraft/server/v1_14_R1/EntityPositionTypes$b,,net/minecraft/entity/SpawnRestriction$class_4306,net/minecraft/class_1317$class_4306
ajh$c,net/minecraft/entity/EntitySpawnPlacementRegistry$PlacementType,net/minecraft/server/v1_14_R1/EntityPositionTypes$Surface,,net/minecraft/entity/SpawnRestriction$Location,net/minecraft/class_1317$class_1319
ajh,net/minecraft/entity/EntitySpawnPlacementRegistry,net/minecraft/server/v1_14_R1/EntityPositionTypes,,net/minecraft/entity/SpawnRestriction,net/minecraft/class_1317
aji,net/minecraft/entity/passive/TameableEntity,net/minecraft/server/v1_14_R1/EntityTameableAnimal,,net/minecraft/entity/passive/TameableEntity,net/minecraft/class_1321
ajj,net/minecraft/entity/ai/brain/Brain,net/minecraft/server/v1_14_R1/BehaviorController,,net/minecraft/entity/ai/brain/Brain,net/minecraft/class_4095
ajk,net/minecraft/entity/ai/attributes/IAttribute,net/minecraft/server/v1_14_R1/IAttribute,,net/minecraft/entity/attribute/EntityAttribute,net/minecraft/class_1320
ajl,net/minecraft/entity/ai/attributes/IAttributeInstance,net/minecraft/server/v1_14_R1/AttributeInstance,,net/minecraft/entity/attribute/EntityAttributeInstance,net/minecraft/class_1324
ajm$a,net/minecraft/entity/ai/attributes/AttributeModifier$Operation,net/minecraft/server/v1_14_R1/AttributeModifier$Operation,,net/minecraft/entity/attribute/EntityAttributeModifier$Operation,net/minecraft/class_1322$class_1323
ajm,net/minecraft/entity/ai/attributes/AttributeModifier,net/minecraft/server/v1_14_R1/AttributeModifier,,net/minecraft/entity/attribute/EntityAttributeModifier,net/minecraft/class_1322
ajn,net/minecraft/entity/ai/attributes/Attribute,net/minecraft/server/v1_14_R1/AttributeBase,,net/minecraft/entity/attribute/AbstractEntityAttribute,net/minecraft/class_1326
ajo,net/minecraft/entity/ai/attributes/AbstractAttributeMap,net/minecraft/server/v1_14_R1/AttributeMapBase,,net/minecraft/entity/attribute/AbstractEntityAttributeContainer,net/minecraft/class_1325
ajp,net/minecraft/entity/ai/attributes/ModifiableAttributeInstance,net/minecraft/server/v1_14_R1/AttributeModifiable,,net/minecraft/entity/attribute/EntityAttributeInstanceImpl,net/minecraft/class_1328
ajq,net/minecraft/entity/ai/attributes/AttributeMap,net/minecraft/server/v1_14_R1/AttributeMapServer,,net/minecraft/entity/attribute/EntityAttributeContainer,net/minecraft/class_1327
ajr,net/minecraft/entity/ai/attributes/RangedAttribute,net/minecraft/server/v1_14_R1/AttributeRanged,,net/minecraft/entity/attribute/ClampedEntityAttribute,net/minecraft/class_1329
ajt,net/minecraft/entity/ai/brain/task/GatherPOITask,net/minecraft/server/v1_14_R1/BehaviorFindPosition,,net/minecraft/entity/ai/brain/task/FindPointOfInterestTask,net/minecraft/class_4096
aju,net/minecraft/entity/ai/brain/task/AssignProfessionTask,net/minecraft/server/v1_14_R1/BehaviorCareer,,net/minecraft/entity/ai/brain/task/GoToWorkTask,net/minecraft/class_4114
ajv$a,net/minecraft/entity/ai/brain/task/Task$Status,net/minecraft/server/v1_14_R1/Behavior$Status,,net/minecraft/entity/ai/brain/task/Task$Status,net/minecraft/class_4097$class_4098
ajv,net/minecraft/entity/ai/brain/task/Task,net/minecraft/server/v1_14_R1/Behavior,,net/minecraft/entity/ai/brain/task/Task,net/minecraft/class_4097
ajw,net/minecraft/entity/ai/brain/BrainUtil,net/minecraft/server/v1_14_R1/BehaviorUtil,,net/minecraft/entity/ai/brain/task/LookTargetUtil,net/minecraft/class_4215
ajx,net/minecraft/util/math/BlockPosWrapper,net/minecraft/server/v1_14_R1/BehaviorTarget,,net/minecraft/entity/ai/brain/BlockPosLookTarget,net/minecraft/class_4099
ajy,net/minecraft/entity/ai/brain/task/CelebrateRaidVictoryTask,net/minecraft/server/v1_14_R1/BehaviorCelebrate,,net/minecraft/entity/ai/brain/task/CelebrateRaidWinTask,net/minecraft/class_4242
ajz,net/minecraft/entity/ai/brain/task/DummyTask,net/minecraft/server/v1_14_R1/BehaviorNop,,net/minecraft/entity/ai/brain/task/WaitTask,net/minecraft/class_4101
ak$a,net/minecraft/advancements/criterion/CuredZombieVillagerTrigger$Listeners,net/minecraft/server/v1_14_R1/CriterionTriggerCuredZombieVillager$a,,net/minecraft/advancement/criterion/CuredZombieVillagerCriterion$Handler,net/minecraft/class_2014$class_2015
ak$b,net/minecraft/advancements/criterion/CuredZombieVillagerTrigger$Instance,net/minecraft/server/v1_14_R1/CriterionTriggerCuredZombieVillager$b,,net/minecraft/advancement/criterion/CuredZombieVillagerCriterion$Conditions,net/minecraft/class_2014$class_2016
ak,net/minecraft/advancements/criterion/CuredZombieVillagerTrigger,net/minecraft/server/v1_14_R1/CriterionTriggerCuredZombieVillager,,net/minecraft/advancement/criterion/CuredZombieVillagerCriterion,net/minecraft/class_2014
aka,net/minecraft/util/math/EntityPosWrapper,net/minecraft/server/v1_14_R1/BehaviorPositionEntity,,net/minecraft/entity/ai/brain/EntityPosWrapper,net/minecraft/class_4102
akb$a,net/minecraft/entity/ai/brain/task/MultiTask$Ordering,net/minecraft/server/v1_14_R1/BehaviorGate$Order,,net/minecraft/entity/ai/brain/task/CompositeTask$Order,net/minecraft/class_4103$class_4104
akb$b$1,net/minecraft/entity/ai/brain/task/MultiTask$RunType$1,net/minecraft/server/v1_14_R1/BehaviorGate$Execution$1,,net/minecraft/entity/ai/brain/task/CompositeTask$RunMode$1,net/minecraft/class_4103$class_4216$1
akb$b$2,net/minecraft/entity/ai/brain/task/MultiTask$RunType$2,net/minecraft/server/v1_14_R1/BehaviorGate$Execution$2,,net/minecraft/entity/ai/brain/task/CompositeTask$RunMode$2,net/minecraft/class_4103$class_4216$2
akb$b,net/minecraft/entity/ai/brain/task/MultiTask$RunType,net/minecraft/server/v1_14_R1/BehaviorGate$Execution,,net/minecraft/entity/ai/brain/task/CompositeTask$RunMode,net/minecraft/class_4103$class_4216
akb,net/minecraft/entity/ai/brain/task/MultiTask,net/minecraft/server/v1_14_R1/BehaviorGate,,net/minecraft/entity/ai/brain/task/CompositeTask,net/minecraft/class_4103
akc,net/minecraft/entity/ai/brain/task/GiveHeroGiftsTask,net/minecraft/server/v1_14_R1/BehaviorVillageHeroGift,,net/minecraft/entity/ai/brain/task/GiveGiftsToHeroTask,net/minecraft/class_4243
akd,net/minecraft/entity/ai/brain/task/GoOutsideAfterRaidTask,net/minecraft/server/v1_14_R1/BehaviorOutsideCelebrate,,net/minecraft/entity/ai/brain/task/SeekSkyAfterRaidWinTask,net/minecraft/class_4244
ake,net/minecraft/entity/ai/brain/task/FarmTask,net/minecraft/server/v1_14_R1/BehaviorFarm,,net/minecraft/entity/ai/brain/task/FarmerVillagerTask,net/minecraft/class_4217
akf,net/minecraft/entity/ai/brain/task/WalkRandomlyTask,net/minecraft/server/v1_14_R1/BehaviorStrollInside,,net/minecraft/entity/ai/brain/task/WanderIndoorsTask,net/minecraft/class_4289
akg,net/minecraft/entity/ai/brain/task/InteractWithEntityTask,net/minecraft/server/v1_14_R1/BehaviorInteract,,net/minecraft/entity/ai/brain/task/FindEntityTask,net/minecraft/class_4106
akh,net/minecraft/entity/ai/brain/task/InteractWithDoorTask,net/minecraft/server/v1_14_R1/BehaviorInteractDoor,,net/minecraft/entity/ai/brain/task/OpenDoorsTask,net/minecraft/class_4107
aki,net/minecraft/entity/ai/brain/task/JumpOnBedTask,net/minecraft/server/v1_14_R1/BehaviorBedJump,,net/minecraft/entity/ai/brain/task/JumpInBedTask,net/minecraft/class_4245
akj,net/minecraft/entity/ai/brain/task/FindHidingPlaceTask,net/minecraft/server/v1_14_R1/BehaviorHome,,net/minecraft/entity/ai/brain/task/HideInHomeTask,net/minecraft/class_4246
akk,net/minecraft/entity/ai/brain/task/FindHidingPlaceDuringRaidTask,net/minecraft/server/v1_14_R1/BehaviorHomeRaid,,net/minecraft/entity/ai/brain/task/HideInHomeDuringRaidTask,net/minecraft/class_4247
akl,net/minecraft/entity/ai/brain/task/TradeTask,net/minecraft/server/v1_14_R1/BehaviorInteractPlayer,,net/minecraft/entity/ai/brain/task/FollowCustomerTask,net/minecraft/class_4108
akm,net/minecraft/entity/ai/brain/task/LookTask,net/minecraft/server/v1_14_R1/BehaviorLook,,net/minecraft/entity/ai/brain/task/LookAroundTask,net/minecraft/class_4110
akn,net/minecraft/entity/ai/brain/task/CreateBabyVillagerTask,net/minecraft/server/v1_14_R1/BehaviorMakeLove,,net/minecraft/entity/ai/brain/task/VillagerBreedTask,net/minecraft/class_4111
ako,net/minecraft/entity/ai/brain/task/MoveToSkylightTask,net/minecraft/server/v1_14_R1/BehaviorOutside,,net/minecraft/entity/ai/brain/task/SeekSkyTask,net/minecraft/class_4248
akp,net/minecraft/entity/ai/brain/task/WalkToTargetTask,net/minecraft/server/v1_14_R1/BehavorMove,,net/minecraft/entity/ai/brain/task/WanderAroundTask,net/minecraft/class_4112
akq,net/minecraft/entity/ai/brain/task/WalkToVillagerBabiesTask,net/minecraft/server/v1_14_R1/BehaviorPlay,,net/minecraft/entity/ai/brain/task/PlayWithVillagerBabiesTask,net/minecraft/class_4218
akr,net/minecraft/util/math/IPosWrapper,net/minecraft/server/v1_14_R1/BehaviorPosition,,net/minecraft/entity/ai/brain/LookTarget,net/minecraft/class_4115
aks,net/minecraft/entity/ai/brain/task/HideFromRaidOnBellRingTask,net/minecraft/server/v1_14_R1/BehaviorBellAlert,,net/minecraft/entity/ai/brain/task/HideWhenBellRingsTask,net/minecraft/class_4249
akt,net/minecraft/entity/ai/brain/task/ChangeJobTask,net/minecraft/server/v1_14_R1/BehaviorProfession,,net/minecraft/entity/ai/brain/task/LoseJobOnSiteLossTask,net/minecraft/class_4295
aku,net/minecraft/entity/ai/brain/task/ForgetRaidTask,net/minecraft/server/v1_14_R1/BehaviorRaidReset,,net/minecraft/entity/ai/brain/task/EndRaidTask,net/minecraft/class_4250
akv,net/minecraft/entity/ai/brain/task/RingBellTask,net/minecraft/server/v1_14_R1/BehaviorBellRing,,net/minecraft/entity/ai/brain/task/RingBellTask,net/minecraft/class_4251
akw,net/minecraft/entity/ai/brain/task/FirstShuffledTask,net/minecraft/server/v1_14_R1/BehaviorGateSingle,,net/minecraft/entity/ai/brain/task/RandomTask,net/minecraft/class_4118
akx,net/minecraft/entity/ai/brain/task/WalkToHouseTask,net/minecraft/server/v1_14_R1/BehaviourWalkHome,,net/minecraft/entity/ai/brain/task/WalkHomeTask,net/minecraft/class_4290
aky,net/minecraft/entity/ai/brain/task/LookAtEntityTask,net/minecraft/server/v1_14_R1/BehaviorLookTarget,,net/minecraft/entity/ai/brain/task/FollowMobTask,net/minecraft/class_4119
akz,net/minecraft/entity/ai/brain/task/ExpireHidingTask,net/minecraft/server/v1_14_R1/BehaviourHide,,net/minecraft/entity/ai/brain/task/ForgetBellRingTask,net/minecraft/class_4252
al$a,net/minecraft/advancements/criterion/DamagePredicate$Builder,net/minecraft/server/v1_14_R1/CriterionConditionDamage$a,,net/minecraft/predicate/DamagePredicate$Builder,net/minecraft/class_2019$class_2020
al,net/minecraft/advancements/criterion/DamagePredicate,net/minecraft/server/v1_14_R1/CriterionConditionDamage,,net/minecraft/predicate/DamagePredicate,net/minecraft/class_2019
ala,net/minecraft/entity/ai/brain/task/FindInteractionAndLookTargetTask,net/minecraft/server/v1_14_R1/BehaviorLookInteract,,net/minecraft/entity/ai/brain/task/FindInteractionTargetTask,net/minecraft/class_4109
alb,net/minecraft/entity/ai/brain/task/BeginRaidTask,net/minecraft/server/v1_14_R1/BehaviorRaid,,net/minecraft/entity/ai/brain/task/StartRaidTask,net/minecraft/class_4253
alc,net/minecraft/entity/ai/brain/task/FleeTask,net/minecraft/server/v1_14_R1/BehaviorWalkAwayEntity,,net/minecraft/entity/ai/brain/task/GoToNearbyEntityTask,net/minecraft/class_4121
ald,net/minecraft/entity/ai/brain/task/StayNearPointTask,net/minecraft/server/v1_14_R1/BehaviorWalkAwayBlock,,net/minecraft/entity/ai/brain/task/VillagerWalkTowardsTask,net/minecraft/class_4122
ale,net/minecraft/entity/ai/brain/task/WalkTowardsLookTargetTask,net/minecraft/server/v1_14_R1/BehaviorLookWalk,,net/minecraft/entity/ai/brain/task/GoTowardsLookTarget,net/minecraft/class_4120
alf,net/minecraft/entity/ai/brain/task/ShowWaresTask,net/minecraft/server/v1_14_R1/BehaviorTradePlayer,,net/minecraft/entity/ai/brain/task/HoldTradeOffersTask,net/minecraft/class_4130
alg,net/minecraft/entity/ai/brain/task/SleepAtHomeTask,net/minecraft/server/v1_14_R1/BehaviorSleep,,net/minecraft/entity/ai/brain/task/SleepTask,net/minecraft/class_4123
alh,net/minecraft/entity/ai/brain/task/CongregateTask,net/minecraft/server/v1_14_R1/BehaviorBell,,net/minecraft/entity/ai/brain/task/MeetVillagerTask,net/minecraft/class_4124
ali,net/minecraft/entity/ai/brain/task/WorkTask,net/minecraft/server/v1_14_R1/BehaviorStrollPosition,,net/minecraft/entity/ai/brain/task/GoToIfNearbyTask,net/minecraft/class_4116
alj,net/minecraft/entity/ai/brain/task/WalkTowardsPosTask,net/minecraft/server/v1_14_R1/BehaviorStrollPlace,,net/minecraft/entity/ai/tasks/GoToNearbyPositionTask,net/minecraft/class_4219
alk,net/minecraft/entity/ai/brain/task/WalkTowardsRandomSecondaryPosTask,net/minecraft/server/v1_14_R1/BehaviorStrollPlaceList,,net/minecraft/entity/ai/brain/task/GoToSecondaryPositionTask,net/minecraft/class_4220
all,net/minecraft/entity/ai/brain/task/SwimTask,net/minecraft/server/v1_14_R1/BehaviorSwim,,net/minecraft/entity/ai/brain/task/StayAboveWaterTask,net/minecraft/class_4125
alm,net/minecraft/entity/ai/brain/task/ShareItemsTask,net/minecraft/server/v1_14_R1/BehaviorTradeVillager,,net/minecraft/entity/ai/brain/task/GatherItemsVillagerTask,net/minecraft/class_4126
aln,net/minecraft/entity/ai/brain/task/UpdateActivityTask,net/minecraft/server/v1_14_R1/BehaviorSchedule,,net/minecraft/entity/ai/brain/task/ScheduleActivityTask,net/minecraft/class_4127
alo,net/minecraft/entity/ai/brain/task/ExpirePOITask,net/minecraft/server/v1_14_R1/BehaviorPositionValidate,,net/minecraft/entity/ai/brain/task/ForgetCompletedPointOfInterestTask,net/minecraft/class_4128
alp,net/minecraft/entity/ai/brain/task/FindWalkTargetAfterRaidVictoryTask,net/minecraft/server/v1_14_R1/BehaviorVictory,,net/minecraft/entity/ai/brain/task/RunAroundAfterRaidTask,net/minecraft/class_4254
alq,net/minecraft/entity/ai/brain/task/FindWalkTargetTask,net/minecraft/server/v1_14_R1/BehaviorStrollRandom,,net/minecraft/entity/ai/brain/task/FindWalkTargetTask,net/minecraft/class_4117
alr,net/minecraft/entity/ai/brain/task/ClearHurtTask,net/minecraft/server/v1_14_R1/BehaviorCooldown,,net/minecraft/entity/ai/brain/task/StopPanicingTask,net/minecraft/class_4100
als,net/minecraft/entity/ai/brain/task/VillagerTasks,net/minecraft/server/v1_14_R1/Behaviors,,net/minecraft/entity/ai/brain/task/VillagerTaskListProvider,net/minecraft/class_4129
alt,net/minecraft/entity/ai/brain/task/PanicTask,net/minecraft/server/v1_14_R1/BehaviorPanic,,net/minecraft/entity/ai/brain/task/PanicTask,net/minecraft/class_4113
alu,net/minecraft/entity/ai/brain/task/WakeUpTask,net/minecraft/server/v1_14_R1/BehaviorWake,,net/minecraft/entity/ai/brain/task/WakeUpTask,net/minecraft/class_4214
alv$a,net/minecraft/util/WeightedList$Entry,net/minecraft/server/v1_14_R1/WeightedList$a,,net/minecraft/util/WeightedList$Entry,net/minecraft/class_4131$class_4132
alv,net/minecraft/util/WeightedList,net/minecraft/server/v1_14_R1/WeightedList,,net/minecraft/util/WeightedList,net/minecraft/class_4131
alw,net/minecraft/entity/ai/brain/task/SpawnGolemTask,net/minecraft/server/v1_14_R1/BehaviorWork,,net/minecraft/entity/ai/brain/task/VillagerWorkTask,net/minecraft/class_4133
aly,net/minecraft/entity/ai/controller/BodyController,net/minecraft/server/v1_14_R1/EntityAIBodyControl,,net/minecraft/entity/ai/control/BodyControl,net/minecraft/class_1330
am$a,net/minecraft/advancements/criterion/DamageSourcePredicate$Builder,net/minecraft/server/v1_14_R1/CriterionConditionDamageSource$a,,net/minecraft/predicate/entity/DamageSourcePredicate$Builder,net/minecraft/class_2022$class_2023
am,net/minecraft/advancements/criterion/DamageSourcePredicate,net/minecraft/server/v1_14_R1/CriterionConditionDamageSource,,net/minecraft/predicate/entity/DamageSourcePredicate,net/minecraft/class_2022
ama,net/minecraft/entity/ai/controller/DolphinLookController,net/minecraft/server/v1_14_R1/ControllerLookDolphin,,net/minecraft/entity/ai/control/DolphinLookControl,net/minecraft/class_1332
amb,net/minecraft/entity/ai/controller/FlyingMovementController,net/minecraft/server/v1_14_R1/ControllerMoveFlying,,net/minecraft/entity/ai/control/ParrotMoveControl,net/minecraft/class_1331
amc,net/minecraft/entity/ai/controller/JumpController,net/minecraft/server/v1_14_R1/ControllerJump,,net/minecraft/entity/ai/control/JumpControl,net/minecraft/class_1334
amd,net/minecraft/entity/ai/controller/LookController,net/minecraft/server/v1_14_R1/ControllerLook,,net/minecraft/entity/ai/control/LookControl,net/minecraft/class_1333
ame$a,net/minecraft/entity/ai/controller/MovementController$Action,net/minecraft/server/v1_14_R1/ControllerMove$Operation,,net/minecraft/entity/ai/control/MoveControl$State,net/minecraft/class_1335$class_1336
ame,net/minecraft/entity/ai/controller/MovementController,net/minecraft/server/v1_14_R1/ControllerMove,,net/minecraft/entity/ai/control/MoveControl,net/minecraft/class_1335
amg,net/minecraft/entity/ai/goal/AvoidEntityGoal,net/minecraft/server/v1_14_R1/PathfinderGoalAvoidTarget,,net/minecraft/entity/ai/goal/FleeEntityGoal,net/minecraft/class_1338
amh,net/minecraft/entity/ai/goal/BegGoal,net/minecraft/server/v1_14_R1/PathfinderGoalBeg,,net/minecraft/entity/ai/goal/WolfBegGoal,net/minecraft/class_1337
ami,net/minecraft/entity/ai/goal/BoatGoals,net/minecraft/server/v1_14_R1/PathfinderGoalBoat,,net/minecraft/entity/ai/goal/ChaseBoatState,net/minecraft/class_1340
amj,net/minecraft/entity/ai/goal/BreakDoorGoal,net/minecraft/server/v1_14_R1/PathfinderGoalBreakDoor,,net/minecraft/entity/ai/goal/BreakDoorGoal,net/minecraft/class_1339
amk,net/minecraft/entity/ai/goal/BreatheAirGoal,net/minecraft/server/v1_14_R1/PathfinderGoalBreath,,net/minecraft/entity/ai/goal/BreatheAirGoal,net/minecraft/class_1342
aml,net/minecraft/entity/ai/goal/BreedGoal,net/minecraft/server/v1_14_R1/PathfinderGoalBreed,,net/minecraft/entity/ai/goal/AnimalMateGoal,net/minecraft/class_1341
amm,net/minecraft/entity/ai/goal/CatLieOnBedGoal,net/minecraft/server/v1_14_R1/PathfinderGoalCatSitOnBed,,net/minecraft/entity/ai/goal/GoToOwnerAndPurrGoal,net/minecraft/class_3697
amn,net/minecraft/entity/ai/goal/CatSitOnBlockGoal,net/minecraft/server/v1_14_R1/PathfinderGoalJumpOnBlock,,net/minecraft/entity/ai/goal/CatSitOnBlockGoal,net/minecraft/class_1373
amo,net/minecraft/entity/ai/goal/DolphinJumpGoal,net/minecraft/server/v1_14_R1/PathfinderGoalWaterJump,,net/minecraft/entity/ai/goal/DolphinJumpGoal,net/minecraft/class_1357
amp,net/minecraft/entity/ai/goal/InteractDoorGoal,net/minecraft/server/v1_14_R1/PathfinderGoalDoorInteract,,net/minecraft/entity/ai/goal/DoorInteractGoal,net/minecraft/class_1343
amq,net/minecraft/entity/ai/goal/EatGrassGoal,net/minecraft/server/v1_14_R1/PathfinderGoalEatTile,,net/minecraft/entity/ai/goal/EatGrassGoal,net/minecraft/class_1345
amr,net/minecraft/entity/ai/goal/FleeSunGoal,net/minecraft/server/v1_14_R1/PathfinderGoalFleeSun,,net/minecraft/entity/ai/goal/EscapeSunlightGoal,net/minecraft/class_1344
ams,net/minecraft/entity/ai/goal/SwimGoal,net/minecraft/server/v1_14_R1/PathfinderGoalFloat,,net/minecraft/entity/ai/goal/SwimGoal,net/minecraft/class_1347
amt,net/minecraft/entity/ai/goal/FollowBoatGoal,net/minecraft/server/v1_14_R1/PathfinderGoalFollowBoat,,net/minecraft/entity/ai/goal/ChaseBoatGoal,net/minecraft/class_1346
amu,net/minecraft/entity/ai/goal/FollowSchoolLeaderGoal,net/minecraft/server/v1_14_R1/PathfinderGoalFishSchool,,net/minecraft/entity/ai/goal/FollowGroupLeaderGoal,net/minecraft/class_1349
amv,net/minecraft/entity/ai/goal/FollowMobGoal,net/minecraft/server/v1_14_R1/PathfinderGoalFollowEntity,,net/minecraft/entity/ai/goal/FollowMobGoal,net/minecraft/class_1348
amw,net/minecraft/entity/ai/goal/FollowOwnerFlyingGoal,net/minecraft/server/v1_14_R1/PathfinderGoalFollowOwnerParrot,,net/minecraft/entity/ai/goal/FollowOwnerFlyingGoal,net/minecraft/class_1351
amx,net/minecraft/entity/ai/goal/FollowOwnerGoal,net/minecraft/server/v1_14_R1/PathfinderGoalFollowOwner,,net/minecraft/entity/ai/goal/FollowOwnerGoal,net/minecraft/class_1350
amy,net/minecraft/entity/ai/goal/FollowParentGoal,net/minecraft/server/v1_14_R1/PathfinderGoalFollowParent,,net/minecraft/entity/ai/goal/FollowParentGoal,net/minecraft/class_1353
amz$a,net/minecraft/entity/ai/goal/Goal$Flag,net/minecraft/server/v1_14_R1/PathfinderGoal$Type,,net/minecraft/entity/ai/goal/Goal$Control,net/minecraft/class_1352$class_4134
amz,net/minecraft/entity/ai/goal/Goal,net/minecraft/server/v1_14_R1/PathfinderGoal,,net/minecraft/entity/ai/goal/Goal,net/minecraft/class_1352
an,net/minecraft/advancements/criterion/DistancePredicate,net/minecraft/server/v1_14_R1/CriterionConditionDistance,,net/minecraft/predicate/entity/DistancePredicate,net/minecraft/class_2025
ana$1,net/minecraft/entity/ai/goal/GoalSelector$1,net/minecraft/server/v1_14_R1/PathfinderGoalSelector$1,,net/minecraft/entity/ai/goal/GoalSelector$1,net/minecraft/class_1355$1
ana$2,net/minecraft/entity/ai/goal/GoalSelector$2,net/minecraft/server/v1_14_R1/PathfinderGoalSelector$2,,net/minecraft/entity/ai/goal/GoalSelector$2,net/minecraft/class_1355$2
ana,net/minecraft/entity/ai/goal/GoalSelector,net/minecraft/server/v1_14_R1/PathfinderGoalSelector,,net/minecraft/entity/ai/goal/GoalSelector,net/minecraft/class_1355
anb,net/minecraft/entity/ai/goal/LookAtWithoutMovingGoal,net/minecraft/server/v1_14_R1/PathfinderGoalInteract,,net/minecraft/entity/ai/goal/GoToEntityGoal,net/minecraft/class_1358
anc,net/minecraft/entity/ai/goal/JumpGoal,net/minecraft/server/v1_14_R1/PathfinderGoalWaterJumpAbstract,,net/minecraft/entity/ai/goal/DiveJumpingGoal,net/minecraft/class_4017
and,net/minecraft/entity/ai/goal/LandOnOwnersShoulderGoal,net/minecraft/server/v1_14_R1/PathfinderGoalPerch,,net/minecraft/entity/ai/goal/SitOnOwnerShoulder,net/minecraft/class_1360
ane,net/minecraft/entity/ai/goal/LeapAtTargetGoal,net/minecraft/server/v1_14_R1/PathfinderGoalLeapAtTarget,,net/minecraft/entity/ai/goal/PounceAtTargetGoal,net/minecraft/class_1359
anf,net/minecraft/entity/ai/goal/LlamaFollowCaravanGoal,net/minecraft/server/v1_14_R1/PathfinderGoalLlamaFollow,,net/minecraft/entity/ai/goal/FormCaravanGoal,net/minecraft/class_1362
ang,net/minecraft/entity/ai/goal/LookAtGoal,net/minecraft/server/v1_14_R1/PathfinderGoalLookAtPlayer,,net/minecraft/entity/ai/goal/LookAtEntityGoal,net/minecraft/class_1361
anh,net/minecraft/entity/ai/goal/LookAtCustomerGoal,net/minecraft/server/v1_14_R1/PathfinderGoalLookAtTradingPlayer,,net/minecraft/entity/ai/goal/LookAtCustomerGoal,net/minecraft/class_1364
ani,net/minecraft/entity/ai/goal/MeleeAttackGoal,net/minecraft/server/v1_14_R1/PathfinderGoalMeleeAttack,,net/minecraft/entity/ai/goal/MeleeAttackGoal,net/minecraft/class_1366
anj,net/minecraft/entity/ai/goal/MoveTowardsVillageGoal,net/minecraft/server/v1_14_R1/PathfinderGoalStrollVillage,,net/minecraft/entity/ai/goal/WanderAroundPointOfInterestGoal,net/minecraft/class_4291
anl,net/minecraft/entity/ai/goal/MoveThroughVillageGoal,net/minecraft/server/v1_14_R1/PathfinderGoalMoveThroughVillage,,net/minecraft/entity/ai/goal/MoveThroughVillageGoal,net/minecraft/class_1368
anm,net/minecraft/entity/ai/goal/MoveToBlockGoal,net/minecraft/server/v1_14_R1/PathfinderGoalGotoTarget,,net/minecraft/entity/ai/goal/MoveToTargetPosGoal,net/minecraft/class_1367
ann,net/minecraft/entity/ai/goal/MoveTowardsRestrictionGoal,net/minecraft/server/v1_14_R1/PathfinderGoalMoveTowardsRestriction,,net/minecraft/entity/ai/goal/GoToWalkTargetGoal,net/minecraft/class_1370
ano,net/minecraft/entity/ai/goal/MoveTowardsTargetGoal,net/minecraft/server/v1_14_R1/PathfinderGoalMoveTowardsTarget,,net/minecraft/entity/ai/goal/GoToEntityTargetGoal,net/minecraft/class_1369
anp,net/minecraft/entity/ai/goal/OcelotAttackGoal,net/minecraft/server/v1_14_R1/PathfinderGoalOcelotAttack,,net/minecraft/entity/ai/goal/AttackGoal,net/minecraft/class_1371
anq,net/minecraft/entity/ai/goal/ShowVillagerFlowerGoal,net/minecraft/server/v1_14_R1/PathfinderGoalOfferFlower,,net/minecraft/entity/ai/goal/IronGolemLookGoal,net/minecraft/class_1372
anr,net/minecraft/entity/ai/goal/OpenDoorGoal,net/minecraft/server/v1_14_R1/PathfinderGoalDoorOpen,,net/minecraft/entity/ai/goal/LongDoorInteractGoal,net/minecraft/class_4255
ans,net/minecraft/entity/ai/goal/PanicGoal,net/minecraft/server/v1_14_R1/PathfinderGoalPanic,,net/minecraft/entity/ai/goal/EscapeDangerGoal,net/minecraft/class_1374
ant,net/minecraft/entity/ai/goal/MoveTowardsRaidGoal,net/minecraft/server/v1_14_R1/PathfinderGoalRaid,,net/minecraft/entity/ai/goal/MoveToRaidCenterGoal,net/minecraft/class_3759
anv,net/minecraft/entity/ai/goal/LookRandomlyGoal,net/minecraft/server/v1_14_R1/PathfinderGoalRandomLookaround,,net/minecraft/entity/ai/goal/LookAroundGoal,net/minecraft/class_1376
anw,net/minecraft/entity/ai/goal/RandomWalkingGoal,net/minecraft/server/v1_14_R1/PathfinderGoalRandomStroll,,net/minecraft/entity/ai/goal/WanderAroundGoal,net/minecraft/class_1379
anx,net/minecraft/entity/ai/goal/RandomSwimmingGoal,net/minecraft/server/v1_14_R1/PathfinderGoalRandomSwim,,net/minecraft/entity/ai/goal/SwimAroundGoal,net/minecraft/class_1378
any,net/minecraft/entity/ai/goal/RangedAttackGoal,net/minecraft/server/v1_14_R1/PathfinderGoalArrowAttack,,net/minecraft/entity/ai/goal/ProjectileAttackGoal,net/minecraft/class_1381
anz,net/minecraft/entity/ai/goal/RangedBowAttackGoal,net/minecraft/server/v1_14_R1/PathfinderGoalBowShoot,,net/minecraft/entity/ai/goal/BowAttackGoal,net/minecraft/class_1380
ao$a,net/minecraft/advancements/criterion/EffectsChangedTrigger$Listeners,net/minecraft/server/v1_14_R1/CriterionTriggerEffectsChanged$a,,net/minecraft/advancement/criterion/EffectsChangedCriterion$Handler,net/minecraft/class_2027$class_2028
ao$b,net/minecraft/advancements/criterion/EffectsChangedTrigger$Instance,net/minecraft/server/v1_14_R1/CriterionTriggerEffectsChanged$b,,net/minecraft/advancement/criterion/EffectsChangedCriterion$Conditions,net/minecraft/class_2027$class_2029
ao,net/minecraft/advancements/criterion/EffectsChangedTrigger,net/minecraft/server/v1_14_R1/CriterionTriggerEffectsChanged,,net/minecraft/advancement/criterion/EffectsChangedCriterion,net/minecraft/class_2027
aoa$a,net/minecraft/entity/ai/goal/RangedCrossbowAttackGoal$CrossbowState,net/minecraft/server/v1_14_R1/PathfinderGoalCrossbowAttack$State,,net/minecraft/entity/ai/goal/CrossbowAttackGoal$Stage,net/minecraft/class_1383$class_3744
aoa,net/minecraft/entity/ai/goal/RangedCrossbowAttackGoal,net/minecraft/server/v1_14_R1/PathfinderGoalCrossbowAttack,,net/minecraft/entity/ai/goal/CrossbowAttackGoal,net/minecraft/class_1383
aob,net/minecraft/entity/ai/goal/BreakBlockGoal,net/minecraft/server/v1_14_R1/PathfinderGoalRemoveBlock,,net/minecraft/entity/ai/goal/StepAndDestroyBlockGoal,net/minecraft/class_1382
aoc,net/minecraft/entity/ai/goal/RestrictSunGoal,net/minecraft/server/v1_14_R1/PathfinderGoalRestrictSun,,net/minecraft/entity/ai/goal/AvoidSunlightGoal,net/minecraft/class_1384
aod,net/minecraft/entity/ai/goal/RunAroundLikeCrazyGoal,net/minecraft/server/v1_14_R1/PathfinderGoalTame,,net/minecraft/entity/ai/goal/HorseBondWithPlayerGoal,net/minecraft/class_1387
aoe,net/minecraft/entity/ai/goal/SitGoal,net/minecraft/server/v1_14_R1/PathfinderGoalSit,,net/minecraft/entity/ai/goal/SitGoal,net/minecraft/class_1386
aof,net/minecraft/entity/ai/goal/MoveThroughVillageAtNightGoal,net/minecraft/server/v1_14_R1/PathfinderGoalNearestVillage,,net/minecraft/entity/ai/goal/GoToVillageGoal,net/minecraft/class_4018
aog,net/minecraft/entity/ai/goal/CreeperSwellGoal,net/minecraft/server/v1_14_R1/PathfinderGoalSwell,,net/minecraft/entity/ai/goal/CreeperIgniteGoal,net/minecraft/class_1389
aoi,net/minecraft/entity/ai/goal/TemptGoal,net/minecraft/server/v1_14_R1/PathfinderGoalTempt,,net/minecraft/entity/ai/goal/TemptGoal,net/minecraft/class_1391
aoj,net/minecraft/entity/ai/goal/TradeWithPlayerGoal,net/minecraft/server/v1_14_R1/PathfinderGoalTradeWithPlayer,,net/minecraft/entity/ai/goal/StopFollowingCustomerGoal,net/minecraft/class_1390
aok,net/minecraft/entity/ai/goal/FindWaterGoal,net/minecraft/server/v1_14_R1/PathfinderGoalWater,,net/minecraft/entity/ai/goal/MoveIntoWaterGoal,net/minecraft/class_1393
aol,net/minecraft/entity/ai/goal/UseItemGoal,net/minecraft/server/v1_14_R1/PathfinderGoalUseItem,,net/minecraft/entity/ai/goal/HoldInHandsGoal,net/minecraft/class_3993
aom,net/minecraft/entity/ai/goal/WaterAvoidingRandomFlyingGoal,net/minecraft/server/v1_14_R1/PathfinderGoalRandomFly,,net/minecraft/entity/ai/goal/FlyAroundGoal,net/minecraft/class_1395
aon,net/minecraft/entity/ai/goal/WaterAvoidingRandomWalkingGoal,net/minecraft/server/v1_14_R1/PathfinderGoalRandomStrollLand,,net/minecraft/entity/ai/goal/WanderAroundFarGoal,net/minecraft/class_1394
aoo,net/minecraft/entity/ai/goal/PrioritizedGoal,net/minecraft/server/v1_14_R1/PathfinderGoalWrapped,,net/minecraft/entity/ai/goal/WeightedGoal,net/minecraft/class_4135
aop,net/minecraft/entity/ai/goal/ZombieAttackGoal,net/minecraft/server/v1_14_R1/PathfinderGoalZombieAttack,,net/minecraft/entity/ai/goal/ZombieAttackGoal,net/minecraft/class_1396
aor,net/minecraft/entity/ai/goal/DefendVillageTargetGoal,net/minecraft/server/v1_14_R1/PathfinderGoalDefendVillage,,net/minecraft/entity/ai/goal/TrackIronGolemTargetGoal,net/minecraft/class_1397
aos,net/minecraft/entity/ai/goal/HurtByTargetGoal,net/minecraft/server/v1_14_R1/PathfinderGoalHurtByTarget,,net/minecraft/entity/ai/goal/RevengeGoal,net/minecraft/class_1399
aot,net/minecraft/entity/ai/goal/NearestAttackableTargetGoal,net/minecraft/server/v1_14_R1/PathfinderGoalNearestAttackableTarget,,net/minecraft/entity/ai/goal/FollowTargetGoal,net/minecraft/class_1400
aou,net/minecraft/entity/ai/goal/ToggleableNearestAttackableTargetGoal,net/minecraft/server/v1_14_R1/PathfinderGoalNearestAttackableTargetWitch,,net/minecraft/entity/ai/goal/DisableableFollowTargetGoal,net/minecraft/class_3760
aov,net/minecraft/entity/ai/goal/NearestAttackableTargetExpiringGoal,net/minecraft/server/v1_14_R1/PathfinderGoalNearestHealableRaider,,net/minecraft/entity/ai/goal/RaidGoal,net/minecraft/class_3909
aow,net/minecraft/entity/ai/goal/NonTamedTargetGoal,net/minecraft/server/v1_14_R1/PathfinderGoalRandomTargetNonTamed,,net/minecraft/entity/ai/goal/FollowTargetIfTamedGoal,net/minecraft/class_1404
aox,net/minecraft/entity/ai/goal/OwnerHurtByTargetGoal,net/minecraft/server/v1_14_R1/PathfinderGoalOwnerHurtByTarget,,net/minecraft/entity/ai/goal/TrackOwnerAttackerGoal,net/minecraft/class_1403
aoy,net/minecraft/entity/ai/goal/OwnerHurtTargetGoal,net/minecraft/server/v1_14_R1/PathfinderGoalOwnerHurtTarget,,net/minecraft/entity/ai/goal/AttackWithOwnerGoal,net/minecraft/class_1406
aoz,net/minecraft/entity/ai/goal/TargetGoal,net/minecraft/server/v1_14_R1/PathfinderGoalTarget,,net/minecraft/entity/ai/goal/TrackTargetGoal,net/minecraft/class_1405
ap$a,net/minecraft/advancements/criterion/EnchantedItemTrigger$Listeners,net/minecraft/server/v1_14_R1/CriterionTriggerEnchantedItem$a,,net/minecraft/advancement/criterion/EnchantedItemCriterion$Handler,net/minecraft/class_2030$class_2031
ap$b,net/minecraft/advancements/criterion/EnchantedItemTrigger$Instance,net/minecraft/server/v1_14_R1/CriterionTriggerEnchantedItem$b,,net/minecraft/advancement/criterion/EnchantedItemCriterion$Conditions,net/minecraft/class_2030$class_2032
ap,net/minecraft/advancements/criterion/EnchantedItemTrigger,net/minecraft/server/v1_14_R1/CriterionTriggerEnchantedItem,,net/minecraft/advancement/criterion/EnchantedItemCriterion,net/minecraft/class_2030
apb$a,net/minecraft/village/GossipManager$Gossips,net/minecraft/server/v1_14_R1/Reputation$a,,net/minecraft/village/VillagerGossips$Reputation,net/minecraft/class_4136$class_4137
apb$b,net/minecraft/village/GossipManager$GossipEntry,net/minecraft/server/v1_14_R1/Reputation$b,,net/minecraft/village/VillagerGossips$GossipEntry,net/minecraft/class_4136$class_4138
apb,net/minecraft/village/GossipManager,net/minecraft/server/v1_14_R1/Reputation,,net/minecraft/village/VillagerGossips,net/minecraft/class_4136
apc,net/minecraft/village/GossipType,net/minecraft/server/v1_14_R1/ReputationType,,net/minecraft/village/VillageGossipType,net/minecraft/class_4139
ape,net/minecraft/entity/ai/brain/memory/MemoryModuleType,net/minecraft/server/v1_14_R1/MemoryModuleType,,net/minecraft/entity/ai/brain/MemoryModuleType,net/minecraft/class_4140
apf,net/minecraft/entity/ai/brain/memory/MemoryModuleStatus,net/minecraft/server/v1_14_R1/MemoryStatus,,net/minecraft/entity/ai/brain/MemoryModuleState,net/minecraft/class_4141
apg,net/minecraft/entity/ai/brain/memory/WalkTarget,net/minecraft/server/v1_14_R1/MemoryTarget,,net/minecraft/entity/ai/brain/WalkTarget,net/minecraft/class_4142
api,net/minecraft/pathfinding/FlyingPathNavigator,net/minecraft/server/v1_14_R1/NavigationFlying,,net/minecraft/entity/ai/pathing/BirdNavigation,net/minecraft/class_1407
apj,net/minecraft/pathfinding/GroundPathNavigator,net/minecraft/server/v1_14_R1/Navigation,,net/minecraft/entity/ai/pathing/MobNavigation,net/minecraft/class_1409
apk,net/minecraft/pathfinding/PathNavigator,net/minecraft/server/v1_14_R1/NavigationAbstract,,net/minecraft/entity/ai/pathing/EntityNavigation,net/minecraft/class_1408
apl,net/minecraft/pathfinding/ClimberPathNavigator,net/minecraft/server/v1_14_R1/NavigationSpider,,net/minecraft/entity/ai/pathing/SpiderNavigation,net/minecraft/class_1410
apm,net/minecraft/pathfinding/SwimmerPathNavigator,net/minecraft/server/v1_14_R1/NavigationGuardian,,net/minecraft/entity/ai/pathing/SwimNavigation,net/minecraft/class_1412
app,net/minecraft/entity/ai/brain/sensor/DummySensor,net/minecraft/server/v1_14_R1/SensorDummy,,net/minecraft/entity/ai/brain/sensor/DummySensor,net/minecraft/class_4143
apq,net/minecraft/entity/ai/brain/sensor/GolemLastSeenSensor,net/minecraft/server/v1_14_R1/SensorGolemLastSeen,,net/minecraft/entity/ai/brain/sensor/GolemLastSeenSensor,net/minecraft/class_4307
apr,net/minecraft/entity/ai/brain/sensor/HurtBySensor,net/minecraft/server/v1_14_R1/SensorHurtBy,,net/minecraft/entity/ai/brain/sensor/HurtBySensor,net/minecraft/class_4144
aps,net/minecraft/entity/ai/brain/sensor/InteractableDoorsSensor,net/minecraft/server/v1_14_R1/SensorInteractableDoors,,net/minecraft/entity/ai/brain/sensor/InteractableDoorsSensor,net/minecraft/class_4145
apt,net/minecraft/entity/ai/brain/sensor/NearestBedSensor,net/minecraft/server/v1_14_R1/SensorNearestBed,,net/minecraft/entity/ai/brain/sensor/NearestBedSensor,net/minecraft/class_4256
apu,net/minecraft/entity/ai/brain/sensor/NearestLivingEntitiesSensor,net/minecraft/server/v1_14_R1/SensorNearestLivingEntities,,net/minecraft/entity/ai/brain/sensor/NearestLivingEntitiesSensor,net/minecraft/class_4146
apv,net/minecraft/entity/ai/brain/sensor/NearestPlayersSensor,net/minecraft/server/v1_14_R1/SensorNearestPlayers,,net/minecraft/entity/ai/brain/sensor/NearestPlayersSensor,net/minecraft/class_4147
apw,net/minecraft/entity/ai/brain/sensor/SecondaryPositionSensor,net/minecraft/server/v1_14_R1/SensorSecondaryPlaces,,net/minecraft/entity/ai/brain/sensor/SecondaryPointsOfInterestSensor,net/minecraft/class_4221
apx,net/minecraft/entity/ai/EntitySenses,net/minecraft/server/v1_14_R1/EntitySenses,,net/minecraft/entity/mob/MobVisibilityCache,net/minecraft/class_1413
apy,net/minecraft/entity/ai/brain/sensor/Sensor,net/minecraft/server/v1_14_R1/Sensor,,net/minecraft/entity/ai/brain/sensor/Sensor,net/minecraft/class_4148
apz,net/minecraft/entity/ai/brain/sensor/SensorType,net/minecraft/server/v1_14_R1/SensorType,,net/minecraft/entity/ai/brain/sensor/SensorType,net/minecraft/class_4149
aq,net/minecraft/advancements/criterion/EnchantmentPredicate,net/minecraft/server/v1_14_R1/CriterionConditionEnchantments,,net/minecraft/predicate/item/EnchantmentPredicate,net/minecraft/class_2035
aqa,net/minecraft/entity/ai/brain/sensor/VillagerBabiesSensor,net/minecraft/server/v1_14_R1/SensorVillagerBabies,,net/minecraft/entity/ai/brain/sensor/VillagerBabiesSensor,net/minecraft/class_4257
aqb,net/minecraft/entity/ai/brain/sensor/VillagerHostilesSensor,net/minecraft/server/v1_14_R1/SensorVillagerHostiles,,net/minecraft/entity/ai/brain/sensor/VillagerHostilesSensor,net/minecraft/class_4150
aqd,net/minecraft/entity/EntityPredicate,net/minecraft/server/v1_14_R1/PathfinderTargetCondition,,net/minecraft/entity/ai/TargetPredicate,net/minecraft/class_4051
aqf,net/minecraft/entity/ai/RandomPositionGenerator,net/minecraft/server/v1_14_R1/RandomPositionGenerator,,net/minecraft/entity/ai/PathfindingUtil,net/minecraft/class_1414
aqh$1,net/minecraft/entity/merchant/IReputationType$1,net/minecraft/server/v1_14_R1/ReputationEvent$1,,net/minecraft/entity/EntityInteraction$1,net/minecraft/class_4151$1
aqh,net/minecraft/entity/merchant/IReputationType,net/minecraft/server/v1_14_R1/ReputationEvent,,net/minecraft/entity/EntityInteraction,net/minecraft/class_4151
aqi$a,net/minecraft/village/VillageSiege$State,net/minecraft/server/v1_14_R1/VillageSiege$State,,net/minecraft/village/ZombieSiegeManager$State,net/minecraft/class_1419$class_4152
aqi,net/minecraft/village/VillageSiege,net/minecraft/server/v1_14_R1/VillageSiege,,net/minecraft/village/ZombieSiegeManager,net/minecraft/class_1419
aqk$a,net/minecraft/village/PointOfInterestManager$DistanceGraph,net/minecraft/server/v1_14_R1/VillagePlace$a,,net/minecraft/village/PointOfInterestStorage$PointOfInterestDistanceTracker,net/minecraft/class_4153$class_4154
aqk$b,net/minecraft/village/PointOfInterestManager$Status,net/minecraft/server/v1_14_R1/VillagePlace$Occupancy,,net/minecraft/village/PointOfInterestStorage$OccupationStatus,net/minecraft/class_4153$class_4155
aqk,net/minecraft/village/PointOfInterestManager,net/minecraft/server/v1_14_R1/VillagePlace,,net/minecraft/village/PointOfInterestStorage,net/minecraft/class_4153
aql,net/minecraft/village/PointOfInterest,net/minecraft/server/v1_14_R1/VillagePlaceRecord,,net/minecraft/village/PointOfInterest,net/minecraft/class_4156
aqm,net/minecraft/village/PointOfInterestData,net/minecraft/server/v1_14_R1/VillagePlaceSection,,net/minecraft/village/PointOfInterestSet,net/minecraft/class_4157
aqn,net/minecraft/village/PointOfInterestType,net/minecraft/server/v1_14_R1/VillagePlaceType,,net/minecraft/village/PointOfInterestType,net/minecraft/class_4158
aqp,net/minecraft/entity/passive/AmbientEntity,net/minecraft/server/v1_14_R1/EntityAmbient,,net/minecraft/entity/mob/AmbientEntity,net/minecraft/class_1421
aqq,net/minecraft/entity/passive/BatEntity,net/minecraft/server/v1_14_R1/EntityBat,,net/minecraft/entity/passive/BatEntity,net/minecraft/class_1420
aqs$a,net/minecraft/entity/passive/fish/AbstractFishEntity$MoveHelperController,net/minecraft/server/v1_14_R1/EntityFish$a,,net/minecraft/entity/passive/FishEntity$FishMoveControl,net/minecraft/class_1422$class_1423
aqs$b,net/minecraft/entity/passive/fish/AbstractFishEntity$SwimGoal,net/minecraft/server/v1_14_R1/EntityFish$b,,net/minecraft/entity/passive/FishEntity$SwimToRandomPlaceGoal,net/minecraft/class_1422$class_1424
aqs,net/minecraft/entity/passive/fish/AbstractFishEntity,net/minecraft/server/v1_14_R1/EntityFish,,net/minecraft/entity/passive/FishEntity,net/minecraft/class_1422
aqt,net/minecraft/entity/passive/GolemEntity,net/minecraft/server/v1_14_R1/EntityGolem,,net/minecraft/entity/passive/GolemEntity,net/minecraft/class_1427
aqu$a,net/minecraft/entity/passive/fish/AbstractGroupFishEntity$GroupData,net/minecraft/server/v1_14_R1/EntityFishSchool$a,,net/minecraft/entity/passive/SchoolingFishEntity$Data,net/minecraft/class_1425$class_1426
aqu,net/minecraft/entity/passive/fish/AbstractGroupFishEntity,net/minecraft/server/v1_14_R1/EntityFishSchool,,net/minecraft/entity/passive/SchoolingFishEntity,net/minecraft/class_1425
aqv,net/minecraft/entity/passive/AnimalEntity,net/minecraft/server/v1_14_R1/EntityAnimal,,net/minecraft/entity/passive/AnimalEntity,net/minecraft/class_1429
aqw$a,net/minecraft/entity/passive/CatEntity$AvoidPlayerGoal,net/minecraft/server/v1_14_R1/EntityCat$a,,net/minecraft/entity/passive/CatEntity$CatFleeGoal,net/minecraft/class_1451$class_3698
aqw$b,net/minecraft/entity/passive/CatEntity$MorningGiftGoal,net/minecraft/server/v1_14_R1/EntityCat$b,,net/minecraft/entity/passive/CatEntity$SleepWithOwnerGoal,net/minecraft/class_1451$class_3699
aqw$c,net/minecraft/entity/passive/CatEntity$TemptGoal,net/minecraft/server/v1_14_R1/EntityCat$PathfinderGoalTemptChance,,net/minecraft/entity/passive/CatEntity$TemptGoal,net/minecraft/class_1451$class_3700
aqw,net/minecraft/entity/passive/CatEntity,net/minecraft/server/v1_14_R1/EntityCat,,net/minecraft/entity/passive/CatEntity,net/minecraft/class_1451
aqx,net/minecraft/entity/passive/ChickenEntity,net/minecraft/server/v1_14_R1/EntityChicken,,net/minecraft/entity/passive/ChickenEntity,net/minecraft/class_1428
aqy,net/minecraft/entity/passive/fish/CodEntity,net/minecraft/server/v1_14_R1/EntityCod,,net/minecraft/entity/passive/CodEntity,net/minecraft/class_1431
aqz,net/minecraft/entity/passive/CowEntity,net/minecraft/server/v1_14_R1/EntityCow,,net/minecraft/entity/passive/CowEntity,net/minecraft/class_1430
ar$a,net/minecraft/advancements/criterion/EnterBlockTrigger$Listeners,net/minecraft/server/v1_14_R1/CriterionTriggerEnterBlock$a,,net/minecraft/advancement/criterion/EnterBlockCriterion$Handler,net/minecraft/class_2037$class_2038
ar$b,net/minecraft/advancements/criterion/EnterBlockTrigger$Instance,net/minecraft/server/v1_14_R1/CriterionTriggerEnterBlock$b,,net/minecraft/advancement/criterion/EnterBlockCriterion$Conditions,net/minecraft/class_2037$class_2039
ar,net/minecraft/advancements/criterion/EnterBlockTrigger,net/minecraft/server/v1_14_R1/CriterionTriggerEnterBlock,,net/minecraft/advancement/criterion/EnterBlockCriterion,net/minecraft/class_2037
ara$a,net/minecraft/entity/passive/DolphinEntity$MoveHelperController,net/minecraft/server/v1_14_R1/EntityDolphin$a,,net/minecraft/entity/passive/DolphinEntity$DolphinMoveControl,net/minecraft/class_1433$class_1434
ara$b,net/minecraft/entity/passive/DolphinEntity$SwimToTreasureGoal,net/minecraft/server/v1_14_R1/EntityDolphin$b,,net/minecraft/entity/passive/DolphinEntity$LeadToNearbyTreasureGoal,net/minecraft/class_1433$class_1435
ara$c,net/minecraft/entity/passive/DolphinEntity$SwimWithPlayerGoal,net/minecraft/server/v1_14_R1/EntityDolphin$c,,net/minecraft/entity/passive/DolphinEntity$SwimWithPlayerGoal,net/minecraft/class_1433$class_1436
ara$d,net/minecraft/entity/passive/DolphinEntity$PlayWithItemsGoal,net/minecraft/server/v1_14_R1/EntityDolphin$d,,net/minecraft/entity/passive/DolphinEntity$PlayWithItemsGoal,net/minecraft/class_1433$class_1437
ara,net/minecraft/entity/passive/DolphinEntity,net/minecraft/server/v1_14_R1/EntityDolphin,,net/minecraft/entity/passive/DolphinEntity,net/minecraft/class_1433
arb,net/minecraft/entity/passive/IFlyingAnimal,net/minecraft/server/v1_14_R1/EntityBird,,net/minecraft/entity/Bird,net/minecraft/class_1432
arc$a,net/minecraft/entity/passive/FoxEntity$RevengeGoal,net/minecraft/server/v1_14_R1/EntityFox$a,,net/minecraft/entity/passive/FoxEntity$DefendFriendGoal,net/minecraft/class_4019$class_4020
arc$b,net/minecraft/entity/passive/FoxEntity$JumpGoal,net/minecraft/server/v1_14_R1/EntityFox$b,,net/minecraft/entity/passive/FoxEntity$StopWanderingGoal,net/minecraft/class_4019$class_4021
arc$c,net/minecraft/entity/passive/FoxEntity$AlertablePredicate,net/minecraft/server/v1_14_R1/EntityFox$c,,net/minecraft/entity/passive/FoxEntity$WorriableEntityFilter,net/minecraft/class_4019$class_4022
arc$d,net/minecraft/entity/passive/FoxEntity$BaseGoal,net/minecraft/server/v1_14_R1/EntityFox$d,,net/minecraft/entity/passive/FoxEntity$CalmDownGoal,net/minecraft/class_4019$class_4023
arc$e,net/minecraft/entity/passive/FoxEntity$MateGoal,net/minecraft/server/v1_14_R1/EntityFox$e,,net/minecraft/entity/passive/FoxEntity$MateGoal,net/minecraft/class_4019$class_4024
arc$f,net/minecraft/entity/passive/FoxEntity$EatBerriesGoal,net/minecraft/server/v1_14_R1/EntityFox$f,,net/minecraft/entity/passive/FoxEntity$EatSweetBerriesGoal,net/minecraft/class_4019$class_4025
arc$g,net/minecraft/entity/passive/FoxEntity$SwimGoal,net/minecraft/server/v1_14_R1/EntityFox$g,,net/minecraft/entity/passive/FoxEntity$FoxSwimGoal,net/minecraft/class_4019$class_4026
arc$h,net/minecraft/entity/passive/FoxEntity$FollowGoal,net/minecraft/server/v1_14_R1/EntityFox$h,,net/minecraft/entity/passive/FoxEntity$FollowParentGoal,net/minecraft/class_4019$class_4052
arc$i,net/minecraft/entity/passive/FoxEntity$FoxData,net/minecraft/server/v1_14_R1/EntityFox$i,,net/minecraft/entity/passive/FoxEntity$FoxData,net/minecraft/class_4019$class_4027
arc$j,net/minecraft/entity/passive/FoxEntity$WatchGoal,net/minecraft/server/v1_14_R1/EntityFox$j,,net/minecraft/entity/passive/FoxEntity$LookAtEntityGoal,net/minecraft/class_4019$class_4292
arc$k,net/minecraft/entity/passive/FoxEntity$LookHelperController,net/minecraft/server/v1_14_R1/EntityFox$k,,net/minecraft/entity/passive/FoxEntity$FoxLookControl,net/minecraft/class_4019$class_4028
arc$l,net/minecraft/entity/passive/FoxEntity$BiteGoal,net/minecraft/server/v1_14_R1/EntityFox$l,,net/minecraft/entity/passive/FoxEntity$AttackGoal,net/minecraft/class_4019$class_4029
arc$m,net/minecraft/entity/passive/FoxEntity$MoveHelperController,net/minecraft/server/v1_14_R1/EntityFox$m,,net/minecraft/entity/passive/FoxEntity$FoxMoveControl,net/minecraft/class_4019$class_4030
arc$n,net/minecraft/entity/passive/FoxEntity$PanicGoal,net/minecraft/server/v1_14_R1/EntityFox$n,,net/minecraft/entity/passive/FoxEntity$EscapeWhenNotAggresiveGoal,net/minecraft/class_4019$class_4032
arc$o,net/minecraft/entity/passive/FoxEntity$PounceGoal,net/minecraft/server/v1_14_R1/EntityFox$o,,net/minecraft/entity/passive/FoxEntity$JumpChasingGoal,net/minecraft/class_4019$class_4033
arc$p,net/minecraft/entity/passive/FoxEntity$FindItemsGoal,net/minecraft/server/v1_14_R1/EntityFox$p,,net/minecraft/entity/passive/FoxEntity$PickupItemGoal,net/minecraft/class_4019$class_4034
arc$q,net/minecraft/entity/passive/FoxEntity$StrollGoal,net/minecraft/server/v1_14_R1/EntityFox$q,,net/minecraft/entity/passive/FoxEntity$GoToVillageGoal,net/minecraft/class_4019$class_4031
arc$r,net/minecraft/entity/passive/FoxEntity$SitAndLookGoal,net/minecraft/server/v1_14_R1/EntityFox$r,,net/minecraft/entity/passive/FoxEntity$SitDownAndLookAroundGoal,net/minecraft/class_4019$class_4035
arc$s,net/minecraft/entity/passive/FoxEntity$FindShelterGoal,net/minecraft/server/v1_14_R1/EntityFox$s,,net/minecraft/entity/passive/FoxEntity$AvoidDaylightGoal,net/minecraft/class_4019$class_4036
arc$t,net/minecraft/entity/passive/FoxEntity$SleepGoal,net/minecraft/server/v1_14_R1/EntityFox$t,,net/minecraft/entity/passive/FoxEntity$DelayedCalmDownGoal,net/minecraft/class_4019$class_4037
arc$u,net/minecraft/entity/passive/FoxEntity$FollowTargetGoal,net/minecraft/server/v1_14_R1/EntityFox$u,,net/minecraft/entity/passive/FoxEntity$MoveToHuntGoal,net/minecraft/class_4019$class_4038
arc$v,net/minecraft/entity/passive/FoxEntity$Type,net/minecraft/server/v1_14_R1/EntityFox$Type,,net/minecraft/entity/passive/FoxEntity$Type,net/minecraft/class_4019$class_4039
arc,net/minecraft/entity/passive/FoxEntity,net/minecraft/server/v1_14_R1/EntityFox,,net/minecraft/entity/passive/FoxEntity,net/minecraft/class_4019
ard,net/minecraft/entity/passive/IronGolemEntity,net/minecraft/server/v1_14_R1/EntityIronGolem,,net/minecraft/entity/passive/IronGolemEntity,net/minecraft/class_1439
are$a,net/minecraft/entity/passive/MooshroomEntity$Type,net/minecraft/server/v1_14_R1/EntityMushroomCow$Type,,net/minecraft/entity/passive/MooshroomEntity$Type,net/minecraft/class_1438$class_4053
are,net/minecraft/entity/passive/MooshroomEntity,net/minecraft/server/v1_14_R1/EntityMushroomCow,,net/minecraft/entity/passive/MooshroomEntity,net/minecraft/class_1438
arf$a,net/minecraft/entity/passive/OcelotEntity$AvoidEntityGoal,net/minecraft/server/v1_14_R1/EntityOcelot$a,,net/minecraft/entity/passive/OcelotEntity$FleeGoal,net/minecraft/class_3701$class_3702
arf$b,net/minecraft/entity/passive/OcelotEntity$TemptGoal,net/minecraft/server/v1_14_R1/EntityOcelot$b,,net/minecraft/entity/passive/OcelotEntity$OcelotTemptGoal,net/minecraft/class_3701$class_3703
arf,net/minecraft/entity/passive/OcelotEntity,net/minecraft/server/v1_14_R1/EntityOcelot,,net/minecraft/entity/passive/OcelotEntity,net/minecraft/class_3701
arg$a,net/minecraft/entity/passive/PandaEntity$Type,net/minecraft/server/v1_14_R1/EntityPanda$Gene,,net/minecraft/entity/passive/PandaEntity$Gene,net/minecraft/class_1440$class_1443
arg$b,net/minecraft/entity/passive/PandaEntity$AttackGoal,net/minecraft/server/v1_14_R1/EntityPanda$b,,net/minecraft/entity/passive/PandaEntity$AttackGoal,net/minecraft/class_1440$class_4054
arg$c,net/minecraft/entity/passive/PandaEntity$AvoidGoal,net/minecraft/server/v1_14_R1/EntityPanda$c,,net/minecraft/entity/passive/PandaEntity$PandaFleeGoal,net/minecraft/class_1440$class_1441
arg$d,net/minecraft/entity/passive/PandaEntity$MateGoal,net/minecraft/server/v1_14_R1/EntityPanda$d,,net/minecraft/entity/passive/PandaEntity$PandaMateGoal,net/minecraft/class_1440$class_1442
arg$e,net/minecraft/entity/passive/PandaEntity$PandaData,net/minecraft/server/v1_14_R1/EntityPanda$e,,net/minecraft/entity/passive/PandaEntity$SpawnData,net/minecraft/class_1440$class_4055
arg$f,net/minecraft/entity/passive/PandaEntity$RevengeGoal,net/minecraft/server/v1_14_R1/EntityPanda$f,,net/minecraft/entity/passive/PandaEntity$PandaRevengeGoal,net/minecraft/class_1440$class_1444
arg$g,net/minecraft/entity/passive/PandaEntity$LieBackGoal,net/minecraft/server/v1_14_R1/EntityPanda$g,,net/minecraft/entity/passive/PandaEntity$LieOnBackGoal,net/minecraft/class_1440$class_1445
arg$h,net/minecraft/entity/passive/PandaEntity$WatchGoal,net/minecraft/server/v1_14_R1/EntityPanda$h,,net/minecraft/entity/passive/PandaEntity$LookAtEntityGoal,net/minecraft/class_1440$class_4056
arg$i,net/minecraft/entity/passive/PandaEntity$MoveHelperController,net/minecraft/server/v1_14_R1/EntityPanda$i,,net/minecraft/entity/passive/PandaEntity$PandaMoveControl,net/minecraft/class_1440$class_1446
arg$j,net/minecraft/entity/passive/PandaEntity$PanicGoal,net/minecraft/server/v1_14_R1/EntityPanda$j,,net/minecraft/entity/passive/PandaEntity$ExtinguishFireGoal,net/minecraft/class_1440$class_1447
arg$k,net/minecraft/entity/passive/PandaEntity$RollGoal,net/minecraft/server/v1_14_R1/EntityPanda$k,,net/minecraft/entity/passive/PandaEntity$PlayGoal,net/minecraft/class_1440$class_1448
arg$l,net/minecraft/entity/passive/PandaEntity$SitGoal,net/minecraft/server/v1_14_R1/EntityPanda$l,,net/minecraft/entity/passive/PandaEntity$PickUpFoodGoal,net/minecraft/class_1440$class_1449
arg$m,net/minecraft/entity/passive/PandaEntity$ChildPlayGoal,net/minecraft/server/v1_14_R1/EntityPanda$m,,net/minecraft/entity/passive/PandaEntity$SneezeGoal,net/minecraft/class_1440$class_1450
arg,net/minecraft/entity/passive/PandaEntity,net/minecraft/server/v1_14_R1/EntityPanda,,net/minecraft/entity/passive/PandaEntity,net/minecraft/class_1440
arh$1,net/minecraft/entity/passive/ParrotEntity$1,net/minecraft/server/v1_14_R1/EntityParrot$1,,net/minecraft/entity/passive/ParrotEntity$1,net/minecraft/class_1453$1
arh,net/minecraft/entity/passive/ParrotEntity,net/minecraft/server/v1_14_R1/EntityParrot,,net/minecraft/entity/passive/ParrotEntity,net/minecraft/class_1453
ari,net/minecraft/entity/passive/PigEntity,net/minecraft/server/v1_14_R1/EntityPig,,net/minecraft/entity/passive/PigEntity,net/minecraft/class_1452
arj$a,net/minecraft/entity/passive/PolarBearEntity$AttackPlayerGoal,net/minecraft/server/v1_14_R1/EntityPolarBear$a,,net/minecraft/entity/passive/PolarBearEntity$FollowPlayersGoal,net/minecraft/class_1456$class_1457
arj$b,net/minecraft/entity/passive/PolarBearEntity$GroupData,net/minecraft/server/v1_14_R1/EntityPolarBear$b,,net/minecraft/entity/passive/PolarBearEntity$PolarBearEntityData,net/minecraft/class_1456$class_1458
arj$c,net/minecraft/entity/passive/PolarBearEntity$HurtByTargetGoal,net/minecraft/server/v1_14_R1/EntityPolarBear$c,,net/minecraft/entity/passive/PolarBearEntity$PolarBearRevengeGoal,net/minecraft/class_1456$class_1459
arj$d,net/minecraft/entity/passive/PolarBearEntity$MeleeAttackGoal,net/minecraft/server/v1_14_R1/EntityPolarBear$d,,net/minecraft/entity/passive/PolarBearEntity$AttackGoal,net/minecraft/class_1456$class_1460
arj$e,net/minecraft/entity/passive/PolarBearEntity$PanicGoal,net/minecraft/server/v1_14_R1/EntityPolarBear$e,,net/minecraft/entity/passive/PolarBearEntity$PolarBearEscapeDangerGoal,net/minecraft/class_1456$class_1461
arj,net/minecraft/entity/passive/PolarBearEntity,net/minecraft/server/v1_14_R1/EntityPolarBear,,net/minecraft/entity/passive/PolarBearEntity,net/minecraft/class_1456
ark$a,net/minecraft/entity/passive/fish/PufferfishEntity$PuffGoal,net/minecraft/server/v1_14_R1/EntityPufferFish$a,,net/minecraft/entity/passive/PufferfishEntity$class_1455,net/minecraft/class_1454$class_1455
ark,net/minecraft/entity/passive/fish/PufferfishEntity,net/minecraft/server/v1_14_R1/EntityPufferFish,,net/minecraft/entity/passive/PufferfishEntity,net/minecraft/class_1454
arl$a,net/minecraft/entity/passive/RabbitEntity$EvilAttackGoal,net/minecraft/server/v1_14_R1/EntityRabbit$PathfinderGoalKillerRabbitMeleeAttack,,net/minecraft/entity/passive/RabbitEntity$RabbitAttackGoal,net/minecraft/class_1463$class_1464
arl$b,net/minecraft/entity/passive/RabbitEntity$AvoidEntityGoal,net/minecraft/server/v1_14_R1/EntityRabbit$PathfinderGoalRabbitAvoidTarget,,net/minecraft/entity/passive/RabbitEntity$FleeGoal,net/minecraft/class_1463$class_1465
arl$c,net/minecraft/entity/passive/RabbitEntity$RabbitData,net/minecraft/server/v1_14_R1/EntityRabbit$GroupDataRabbit,,net/minecraft/entity/passive/RabbitEntity$RabbitEntityData,net/minecraft/class_1463$class_1466
arl$d,net/minecraft/entity/passive/RabbitEntity$JumpHelperController,net/minecraft/server/v1_14_R1/EntityRabbit$ControllerJumpRabbit,,net/minecraft/entity/passive/RabbitEntity$RabbitJumpControl,net/minecraft/class_1463$class_1467
arl$e,net/minecraft/entity/passive/RabbitEntity$MoveHelperController,net/minecraft/server/v1_14_R1/EntityRabbit$ControllerMoveRabbit,,net/minecraft/entity/passive/RabbitEntity$RabbitMoveControl,net/minecraft/class_1463$class_1468
arl$f,net/minecraft/entity/passive/RabbitEntity$PanicGoal,net/minecraft/server/v1_14_R1/EntityRabbit$PathfinderGoalRabbitPanic,,net/minecraft/entity/passive/RabbitEntity$EscapeDangerGoal,net/minecraft/class_1463$class_1469
arl$g,net/minecraft/entity/passive/RabbitEntity$RaidFarmGoal,net/minecraft/server/v1_14_R1/EntityRabbit$PathfinderGoalEatCarrots,,net/minecraft/entity/passive/RabbitEntity$EatCarrotCropGoal,net/minecraft/class_1463$class_1470
arl,net/minecraft/entity/passive/RabbitEntity,net/minecraft/server/v1_14_R1/EntityRabbit,,net/minecraft/entity/passive/RabbitEntity,net/minecraft/class_1463
arm,net/minecraft/entity/passive/fish/SalmonEntity,net/minecraft/server/v1_14_R1/EntitySalmon,,net/minecraft/entity/passive/SalmonEntity,net/minecraft/class_1462
arn$1,net/minecraft/entity/passive/SheepEntity$1,net/minecraft/server/v1_14_R1/EntitySheep$1,,net/minecraft/entity/passive/SheepEntity$1,net/minecraft/class_1472$1
arn,net/minecraft/entity/passive/SheepEntity,net/minecraft/server/v1_14_R1/EntitySheep,,net/minecraft/entity/passive/SheepEntity,net/minecraft/class_1472
aro,net/minecraft/entity/passive/ShoulderRidingEntity,net/minecraft/server/v1_14_R1/EntityPerchable,,net/minecraft/entity/passive/TameableShoulderEntity,net/minecraft/class_1471
arp,net/minecraft/entity/passive/SnowGolemEntity,net/minecraft/server/v1_14_R1/EntitySnowman,,net/minecraft/entity/passive/SnowGolemEntity,net/minecraft/class_1473
arq$a,net/minecraft/entity/passive/SquidEntity$FleeGoal,net/minecraft/server/v1_14_R1/EntitySquid$a,,net/minecraft/entity/passive/SquidEntity$EscapeAttackerGoal,net/minecraft/class_1477$class_1478
arq$b,net/minecraft/entity/passive/SquidEntity$MoveRandomGoal,net/minecraft/server/v1_14_R1/EntitySquid$PathfinderGoalSquid,,net/minecraft/entity/passive/SquidEntity$SwimGoal,net/minecraft/class_1477$class_1479
arq,net/minecraft/entity/passive/SquidEntity,net/minecraft/server/v1_14_R1/EntitySquid,,net/minecraft/entity/passive/SquidEntity,net/minecraft/class_1477
arr$a,net/minecraft/entity/passive/fish/TropicalFishEntity$Type,net/minecraft/server/v1_14_R1/EntityTropicalFish$Variant,,net/minecraft/entity/passive/TropicalFishEntity$Variety,net/minecraft/class_1474$class_1475
arr$b,net/minecraft/entity/passive/fish/TropicalFishEntity$TropicalFishData,net/minecraft/server/v1_14_R1/EntityTropicalFish$b,,net/minecraft/entity/passive/TropicalFishEntity$Data,net/minecraft/class_1474$class_1476
arr,net/minecraft/entity/passive/fish/TropicalFishEntity,net/minecraft/server/v1_14_R1/EntityTropicalFish,,net/minecraft/entity/passive/TropicalFishEntity,net/minecraft/class_1474
ars$a,net/minecraft/entity/passive/TurtleEntity$MateGoal,net/minecraft/server/v1_14_R1/EntityTurtle$a,,net/minecraft/entity/passive/TurtleEntity$MateGoal,net/minecraft/class_1481$class_1482
ars$b,net/minecraft/entity/passive/TurtleEntity$GoHomeGoal,net/minecraft/server/v1_14_R1/EntityTurtle$b,,net/minecraft/entity/passive/TurtleEntity$GoHomeGoal,net/minecraft/class_1481$class_1483
ars$c,net/minecraft/entity/passive/TurtleEntity$GoToWaterGoal,net/minecraft/server/v1_14_R1/EntityTurtle$c,,net/minecraft/entity/passive/TurtleEntity$WanderInWaterGoal,net/minecraft/class_1481$class_1484
ars$d,net/minecraft/entity/passive/TurtleEntity$LayEggGoal,net/minecraft/server/v1_14_R1/EntityTurtle$d,,net/minecraft/entity/passive/TurtleEntity$LayEggGoal,net/minecraft/class_1481$class_1485
ars$e,net/minecraft/entity/passive/TurtleEntity$MoveHelperController,net/minecraft/server/v1_14_R1/EntityTurtle$e,,net/minecraft/entity/passive/TurtleEntity$TurtleMoveControl,net/minecraft/class_1481$class_1486
ars$f,net/minecraft/entity/passive/TurtleEntity$PanicGoal,net/minecraft/server/v1_14_R1/EntityTurtle$f,,net/minecraft/entity/passive/TurtleEntity$TurtleEscapeDangerGoal,net/minecraft/class_1481$class_1487
ars$g,net/minecraft/entity/passive/TurtleEntity$Navigator,net/minecraft/server/v1_14_R1/EntityTurtle$g,,net/minecraft/entity/passive/TurtleEntity$TurtleSwimNavigation,net/minecraft/class_1481$class_1488
ars$h,net/minecraft/entity/passive/TurtleEntity$WanderGoal,net/minecraft/server/v1_14_R1/EntityTurtle$h,,net/minecraft/entity/passive/TurtleEntity$WanderOnLandGoal,net/minecraft/class_1481$class_1489
ars$i,net/minecraft/entity/passive/TurtleEntity$PlayerTemptGoal,net/minecraft/server/v1_14_R1/EntityTurtle$i,,net/minecraft/entity/passive/TurtleEntity$ApproachFoodHoldingPlayerGoal,net/minecraft/class_1481$class_1490
ars$j,net/minecraft/entity/passive/TurtleEntity$TravelGoal,net/minecraft/server/v1_14_R1/EntityTurtle$j,,net/minecraft/entity/passive/TurtleEntity$TravelGoal,net/minecraft/class_1481$class_1491
ars,net/minecraft/entity/passive/TurtleEntity,net/minecraft/server/v1_14_R1/EntityTurtle,,net/minecraft/entity/passive/TurtleEntity,net/minecraft/class_1481
art,net/minecraft/entity/passive/WaterMobEntity,net/minecraft/server/v1_14_R1/EntityWaterAnimal,,net/minecraft/entity/WaterCreatureEntity,net/minecraft/class_1480
aru$a,net/minecraft/entity/passive/WolfEntity$AvoidEntityGoal,net/minecraft/server/v1_14_R1/EntityWolf$a,,net/minecraft/entity/passive/WolfEntity$AvoidLlamaGoal,net/minecraft/class_1493$class_1494
aru,net/minecraft/entity/passive/WolfEntity,net/minecraft/server/v1_14_R1/EntityWolf,,net/minecraft/entity/passive/WolfEntity,net/minecraft/class_1493
arv,net/minecraft/entity/passive/horse/AbstractChestedHorseEntity,net/minecraft/server/v1_14_R1/EntityHorseChestedAbstract,,net/minecraft/entity/passive/AbstractDonkeyEntity,net/minecraft/class_1492
arw,net/minecraft/entity/passive/horse/AbstractHorseEntity,net/minecraft/server/v1_14_R1/EntityHorseAbstract,,net/minecraft/entity/passive/HorseBaseEntity,net/minecraft/class_1496
arx,net/minecraft/entity/passive/horse/DonkeyEntity,net/minecraft/server/v1_14_R1/EntityHorseDonkey,,net/minecraft/entity/passive/DonkeyEntity,net/minecraft/class_1495
ary$a,net/minecraft/entity/passive/horse/HorseEntity$HorseData,net/minecraft/server/v1_14_R1/EntityHorse$a,,net/minecraft/entity/passive/HorseEntity$class_1499,net/minecraft/class_1498$class_1499
ary,net/minecraft/entity/passive/horse/HorseEntity,net/minecraft/server/v1_14_R1/EntityHorse,,net/minecraft/entity/passive/HorseEntity,net/minecraft/class_1498
arz$a,net/minecraft/entity/passive/horse/LlamaEntity$DefendTargetGoal,net/minecraft/server/v1_14_R1/EntityLlama$a,,net/minecraft/entity/passive/LlamaEntity$ChaseWolvesGoal,net/minecraft/class_1501$class_1502
arz$b,net/minecraft/entity/passive/horse/LlamaEntity$LlamaData,net/minecraft/server/v1_14_R1/EntityLlama$b,,net/minecraft/entity/passive/LlamaEntity$class_1503,net/minecraft/class_1501$class_1503
arz$c,net/minecraft/entity/passive/horse/LlamaEntity$HurtByTargetGoal,net/minecraft/server/v1_14_R1/EntityLlama$c,,net/minecraft/entity/passive/LlamaEntity$class_1504,net/minecraft/class_1501$class_1504
arz,net/minecraft/entity/passive/horse/LlamaEntity,net/minecraft/server/v1_14_R1/EntityLlama,,net/minecraft/entity/passive/LlamaEntity,net/minecraft/class_1501
as,net/minecraft/advancements/criterion/EntityEquipmentPredicate,net/minecraft/server/v1_14_R1/CriterionConditionEntityEquipment,,net/minecraft/predicate/entity/EntityEquipmentPredicate,net/minecraft/class_3735
asa,net/minecraft/entity/passive/horse/MuleEntity,net/minecraft/server/v1_14_R1/EntityHorseMule,,net/minecraft/entity/passive/MuleEntity,net/minecraft/class_1500
asb,net/minecraft/entity/passive/horse/SkeletonHorseEntity,net/minecraft/server/v1_14_R1/EntityHorseSkeleton,,net/minecraft/entity/mob/SkeletonHorseEntity,net/minecraft/class_1506
asc,net/minecraft/entity/ai/goal/TriggerSkeletonTrapGoal,net/minecraft/server/v1_14_R1/PathfinderGoalHorseTrap,,net/minecraft/entity/ai/goal/SkeletonHorseTrapTriggerGoal,net/minecraft/class_1505
asd$a,net/minecraft/entity/passive/horse/TraderLlamaEntity$FollowTraderGoal,net/minecraft/server/v1_14_R1/EntityLlamaTrader$a,,net/minecraft/entity/passive/TraderLlamaEntity$DefendTraderGoal,net/minecraft/class_3986$class_3987
asd,net/minecraft/entity/passive/horse/TraderLlamaEntity,net/minecraft/server/v1_14_R1/EntityLlamaTrader,,net/minecraft/entity/passive/TraderLlamaEntity,net/minecraft/class_3986
ase,net/minecraft/entity/passive/horse/ZombieHorseEntity,net/minecraft/server/v1_14_R1/EntityHorseZombie,,net/minecraft/entity/mob/ZombieHorseEntity,net/minecraft/class_1507
asi,net/minecraft/entity/boss/dragon/EnderDragonPartEntity,net/minecraft/server/v1_14_R1/EntityComplexPart,,net/minecraft/entity/boss/dragon/EnderDragonPart,net/minecraft/class_1508
asj,net/minecraft/entity/item/EnderCrystalEntity,net/minecraft/server/v1_14_R1/EntityEnderCrystal,,net/minecraft/entity/decoration/EnderCrystalEntity,net/minecraft/class_1511
ask,net/minecraft/entity/boss/dragon/EnderDragonEntity,net/minecraft/server/v1_14_R1/EntityEnderDragon,,net/minecraft/entity/boss/dragon/EnderDragonEntity,net/minecraft/class_1510
asm,net/minecraft/entity/boss/dragon/phase/Phase,net/minecraft/server/v1_14_R1/AbstractDragonController,,net/minecraft/entity/boss/dragon/phase/AbstractPhase,net/minecraft/class_1512
asn,net/minecraft/entity/boss/dragon/phase/SittingPhase,net/minecraft/server/v1_14_R1/AbstractDragonControllerLanded,,net/minecraft/entity/boss/dragon/phase/AbstractSittingPhase,net/minecraft/class_1514
aso,net/minecraft/entity/boss/dragon/phase/ChargingPlayerPhase,net/minecraft/server/v1_14_R1/DragonControllerCharge,,net/minecraft/entity/boss/dragon/phase/ChargingPlayerPhase,net/minecraft/class_1513
asp,net/minecraft/entity/boss/dragon/phase/DyingPhase,net/minecraft/server/v1_14_R1/DragonControllerDying,,net/minecraft/entity/boss/dragon/phase/DyingPhase,net/minecraft/class_1515
asq,net/minecraft/entity/boss/dragon/phase/HoldingPatternPhase,net/minecraft/server/v1_14_R1/DragonControllerHold,,net/minecraft/entity/boss/dragon/phase/HoldingPatternPhase,net/minecraft/class_1517
asr,net/minecraft/entity/boss/dragon/phase/HoverPhase,net/minecraft/server/v1_14_R1/DragonControllerHover,,net/minecraft/entity/boss/dragon/phase/HoverPhase,net/minecraft/class_1516
ass,net/minecraft/entity/boss/dragon/phase/LandingApproachPhase,net/minecraft/server/v1_14_R1/DragonControllerLandingFly,,net/minecraft/entity/boss/dragon/phase/LandingApproachPhase,net/minecraft/class_1519
ast,net/minecraft/entity/boss/dragon/phase/LandingPhase,net/minecraft/server/v1_14_R1/DragonControllerLanding,,net/minecraft/entity/boss/dragon/phase/LandingPhase,net/minecraft/class_1518
asu,net/minecraft/entity/boss/dragon/phase/IPhase,net/minecraft/server/v1_14_R1/IDragonController,,net/minecraft/entity/boss/dragon/phase/Phase,net/minecraft/class_1521
asv,net/minecraft/entity/boss/dragon/phase/AttackingSittingPhase,net/minecraft/server/v1_14_R1/DragonControllerLandedAttack,,net/minecraft/entity/boss/dragon/phase/SittingAttackingPhase,net/minecraft/class_1520
asw,net/minecraft/entity/boss/dragon/phase/FlamingSittingPhase,net/minecraft/server/v1_14_R1/DragonControllerLandedFlame,,net/minecraft/entity/boss/dragon/phase/SittingFlamingPhase,net/minecraft/class_1523
asx,net/minecraft/entity/boss/dragon/phase/ScanningSittingPhase,net/minecraft/server/v1_14_R1/DragonControllerLandedSearch,,net/minecraft/entity/boss/dragon/phase/SittingScanningPhase,net/minecraft/class_1522
asy,net/minecraft/entity/boss/dragon/phase/StrafePlayerPhase,net/minecraft/server/v1_14_R1/DragonControllerStrafe,,net/minecraft/entity/boss/dragon/phase/StrafePlayerPhase,net/minecraft/class_1525
asz,net/minecraft/entity/boss/dragon/phase/TakeoffPhase,net/minecraft/server/v1_14_R1/DragonControllerFly,,net/minecraft/entity/boss/dragon/phase/TakeoffPhase,net/minecraft/class_1524
at$a,net/minecraft/advancements/criterion/EntityFlagsPredicate$Builder,net/minecraft/server/v1_14_R1/CriterionConditionEntityFlags$a,,net/minecraft/predicate/entity/EntityFlagsPredicate$Builder,net/minecraft/class_2040$class_2041
at,net/minecraft/advancements/criterion/EntityFlagsPredicate,net/minecraft/server/v1_14_R1/CriterionConditionEntityFlags,,net/minecraft/predicate/entity/EntityFlagsPredicate,net/minecraft/class_2040
ata,net/minecraft/entity/boss/dragon/phase/PhaseType,net/minecraft/server/v1_14_R1/DragonControllerPhase,,net/minecraft/entity/boss/dragon/phase/PhaseType,net/minecraft/class_1527
atb,net/minecraft/entity/boss/dragon/phase/PhaseManager,net/minecraft/server/v1_14_R1/DragonControllerManager,,net/minecraft/entity/boss/dragon/phase/PhaseManager,net/minecraft/class_1526
ate$a,net/minecraft/entity/boss/WitherEntity$DoNothingGoal,net/minecraft/server/v1_14_R1/EntityWither$a,,net/minecraft/entity/boss/WitherEntity$class_1529,net/minecraft/class_1528$class_1529
ate,net/minecraft/entity/boss/WitherEntity,net/minecraft/server/v1_14_R1/EntityWither,,net/minecraft/entity/boss/WitherEntity,net/minecraft/class_1528
atg,net/minecraft/entity/item/ArmorStandEntity,net/minecraft/server/v1_14_R1/EntityArmorStand,,net/minecraft/entity/decoration/ArmorStandEntity,net/minecraft/class_1531
ath,net/minecraft/entity/item/HangingEntity,net/minecraft/server/v1_14_R1/EntityHanging,,net/minecraft/entity/decoration/AbstractDecorationEntity,net/minecraft/class_1530
ati,net/minecraft/entity/item/ItemFrameEntity,net/minecraft/server/v1_14_R1/EntityItemFrame,,net/minecraft/entity/decoration/ItemFrameEntity,net/minecraft/class_1533
atj,net/minecraft/entity/item/LeashKnotEntity,net/minecraft/server/v1_14_R1/EntityLeash,,net/minecraft/entity/decoration/LeadKnotEntity,net/minecraft/class_1532
atk,net/minecraft/entity/item/PaintingType,net/minecraft/server/v1_14_R1/Paintings,,net/minecraft/entity/decoration/painting/PaintingMotive,net/minecraft/class_1535
atl,net/minecraft/entity/item/PaintingEntity,net/minecraft/server/v1_14_R1/EntityPainting,,net/minecraft/entity/decoration/painting/PaintingEntity,net/minecraft/class_1534
atn$a,net/minecraft/entity/projectile/FishingBobberEntity$State,net/minecraft/server/v1_14_R1/EntityFishingHook$HookState,,net/minecraft/entity/projectile/FishingBobberEntity$State,net/minecraft/class_1536$class_1537
atn,net/minecraft/entity/projectile/FishingBobberEntity,net/minecraft/server/v1_14_R1/EntityFishingHook,,net/minecraft/entity/projectile/FishingBobberEntity,net/minecraft/class_1536
atp,net/minecraft/entity/effect/LightningBoltEntity,net/minecraft/server/v1_14_R1/EntityLightning,,net/minecraft/entity/LightningEntity,net/minecraft/class_1538
atr,net/minecraft/entity/item/FallingBlockEntity,net/minecraft/server/v1_14_R1/EntityFallingBlock,,net/minecraft/entity/FallingBlockEntity,net/minecraft/class_1540
ats,net/minecraft/entity/item/ItemEntity,net/minecraft/server/v1_14_R1/EntityItem,,net/minecraft/entity/ItemEntity,net/minecraft/class_1542
att,net/minecraft/entity/item/TNTEntity,net/minecraft/server/v1_14_R1/EntityTNTPrimed,,net/minecraft/entity/TntEntity,net/minecraft/class_1541
atv$b,net/minecraft/entity/monster/AbstractIllagerEntity$RaidOpenDoorGoal,net/minecraft/server/v1_14_R1/EntityIllagerAbstract$b,,net/minecraft/entity/mob/IllagerEntity$LongDoorInteractGoal,net/minecraft/class_1543$class_4258
atv,net/minecraft/entity/monster/AbstractIllagerEntity,net/minecraft/server/v1_14_R1/EntityIllagerAbstract,,net/minecraft/entity/mob/IllagerEntity,net/minecraft/class_1543
atw$1,net/minecraft/entity/monster/AbstractSkeletonEntity$1,net/minecraft/server/v1_14_R1/EntitySkeletonAbstract$1,,net/minecraft/entity/mob/AbstractSkeletonEntity$1,net/minecraft/class_1547$1
atw,net/minecraft/entity/monster/AbstractSkeletonEntity,net/minecraft/server/v1_14_R1/EntitySkeletonAbstract,,net/minecraft/entity/mob/AbstractSkeletonEntity,net/minecraft/class_1547
atx$a,net/minecraft/entity/monster/BlazeEntity$FireballAttackGoal,net/minecraft/server/v1_14_R1/EntityBlaze$PathfinderGoalBlazeFireball,,net/minecraft/entity/mob/BlazeEntity$ShootFireballGoal,net/minecraft/class_1545$class_1546
atx,net/minecraft/entity/monster/BlazeEntity,net/minecraft/server/v1_14_R1/EntityBlaze,,net/minecraft/entity/mob/BlazeEntity,net/minecraft/class_1545
aty,net/minecraft/entity/monster/CaveSpiderEntity,net/minecraft/server/v1_14_R1/EntityCaveSpider,,net/minecraft/entity/mob/CaveSpiderEntity,net/minecraft/class_1549
atz,net/minecraft/entity/monster/CreeperEntity,net/minecraft/server/v1_14_R1/EntityCreeper,,net/minecraft/entity/mob/CreeperEntity,net/minecraft/class_1548
au$a,net/minecraft/advancements/criterion/EntityHurtPlayerTrigger$Listeners,net/minecraft/server/v1_14_R1/CriterionTriggerEntityHurtPlayer$a,,net/minecraft/advancement/criterion/EntityHurtPlayerCriterion$Handler,net/minecraft/class_2044$class_2045
au$b,net/minecraft/advancements/criterion/EntityHurtPlayerTrigger$Instance,net/minecraft/server/v1_14_R1/CriterionTriggerEntityHurtPlayer$b,,net/minecraft/advancement/criterion/EntityHurtPlayerCriterion$Conditions,net/minecraft/class_2044$class_2046
au,net/minecraft/advancements/criterion/EntityHurtPlayerTrigger,net/minecraft/server/v1_14_R1/CriterionTriggerEntityHurtPlayer,,net/minecraft/advancement/criterion/EntityHurtPlayerCriterion,net/minecraft/class_2044
aua,net/minecraft/entity/ICrossbowUser,net/minecraft/server/v1_14_R1/ICrossbow,,net/minecraft/entity/CrossbowUser,net/minecraft/class_3745
aub$a,net/minecraft/entity/monster/DrownedEntity$AttackGoal,net/minecraft/server/v1_14_R1/EntityDrowned$a,,net/minecraft/entity/mob/DrownedEntity$DrownedAttackGoal,net/minecraft/class_1551$class_1552
aub$b,net/minecraft/entity/monster/DrownedEntity$GoToBeachGoal,net/minecraft/server/v1_14_R1/EntityDrowned$b,,net/minecraft/entity/mob/DrownedEntity$LeaveWaterGoal,net/minecraft/class_1551$class_1554
aub$c,net/minecraft/entity/monster/DrownedEntity$GoToWaterGoal,net/minecraft/server/v1_14_R1/EntityDrowned$c,,net/minecraft/entity/mob/DrownedEntity$WanderAroundOnSurfaceGoal,net/minecraft/class_1551$class_1555
aub$d,net/minecraft/entity/monster/DrownedEntity$MoveHelperController,net/minecraft/server/v1_14_R1/EntityDrowned$d,,net/minecraft/entity/mob/DrownedEntity$DrownedMoveControl,net/minecraft/class_1551$class_1556
aub$e,net/minecraft/entity/monster/DrownedEntity$SwimUpGoal,net/minecraft/server/v1_14_R1/EntityDrowned$e,,net/minecraft/entity/mob/DrownedEntity$class_1557,net/minecraft/class_1551$class_1557
aub$f,net/minecraft/entity/monster/DrownedEntity$TridentAttackGoal,net/minecraft/server/v1_14_R1/EntityDrowned$f,,net/minecraft/entity/mob/DrownedEntity$TridentAttackGoal,net/minecraft/class_1551$class_1558
aub,net/minecraft/entity/monster/DrownedEntity,net/minecraft/server/v1_14_R1/EntityDrowned,,net/minecraft/entity/mob/DrownedEntity,net/minecraft/class_1551
auc,net/minecraft/entity/monster/ElderGuardianEntity,net/minecraft/server/v1_14_R1/EntityGuardianElder,,net/minecraft/entity/mob/ElderGuardianEntity,net/minecraft/class_1550
aud$a,net/minecraft/entity/monster/EndermanEntity$StareGoal,net/minecraft/server/v1_14_R1/EntityEnderman$a,,net/minecraft/entity/mob/EndermanEntity$ChasePlayerGoal,net/minecraft/class_1560$class_4159
aud$b,net/minecraft/entity/monster/EndermanEntity$PlaceBlockGoal,net/minecraft/server/v1_14_R1/EntityEnderman$PathfinderGoalEndermanPlaceBlock,,net/minecraft/entity/mob/EndermanEntity$PlaceBlockGoal,net/minecraft/class_1560$class_1561
aud$c,net/minecraft/entity/monster/EndermanEntity$FindPlayerGoal,net/minecraft/server/v1_14_R1/EntityEnderman$PathfinderGoalPlayerWhoLookedAtTarget,,net/minecraft/entity/mob/EndermanEntity$TeleportTowardsPlayerGoal,net/minecraft/class_1560$class_1562
aud$d,net/minecraft/entity/monster/EndermanEntity$TakeBlockGoal,net/minecraft/server/v1_14_R1/EntityEnderman$PathfinderGoalEndermanPickupBlock,,net/minecraft/entity/mob/EndermanEntity$PickUpBlockGoal,net/minecraft/class_1560$class_1563
aud,net/minecraft/entity/monster/EndermanEntity,net/minecraft/server/v1_14_R1/EntityEnderman,,net/minecraft/entity/mob/EndermanEntity,net/minecraft/class_1560
aue,net/minecraft/entity/monster/EndermiteEntity,net/minecraft/server/v1_14_R1/EntityEndermite,,net/minecraft/entity/mob/EndermiteEntity,net/minecraft/class_1559
auf,net/minecraft/entity/monster/IMob,net/minecraft/server/v1_14_R1/IMonster,,net/minecraft/entity/mob/Monster,net/minecraft/class_1569
aug$a,net/minecraft/entity/monster/EvokerEntity$AttackSpellGoal,net/minecraft/server/v1_14_R1/EntityEvoker$a,,net/minecraft/entity/mob/EvokerEntity$ConjureFangsGoal,net/minecraft/class_1564$class_1565
aug$b,net/minecraft/entity/monster/EvokerEntity$CastingSpellGoal,net/minecraft/server/v1_14_R1/EntityEvoker$b,,net/minecraft/entity/mob/EvokerEntity$LookAtTargetOrWololoTarget,net/minecraft/class_1564$class_1566
aug$c,net/minecraft/entity/monster/EvokerEntity$SummonSpellGoal,net/minecraft/server/v1_14_R1/EntityEvoker$c,,net/minecraft/entity/mob/EvokerEntity$SummonVexGoal,net/minecraft/class_1564$class_1567
aug$d,net/minecraft/entity/monster/EvokerEntity$WololoSpellGoal,net/minecraft/server/v1_14_R1/EntityEvoker$d,,net/minecraft/entity/mob/EvokerEntity$WololoGoal,net/minecraft/class_1564$class_1568
aug,net/minecraft/entity/monster/EvokerEntity,net/minecraft/server/v1_14_R1/EntityEvoker,,net/minecraft/entity/mob/EvokerEntity,net/minecraft/class_1564
auh$a,net/minecraft/entity/monster/GhastEntity$LookAroundGoal,net/minecraft/server/v1_14_R1/EntityGhast$PathfinderGoalGhastMoveTowardsTarget,,net/minecraft/entity/mob/GhastEntity$LookAtTargetGoal,net/minecraft/class_1571$class_1572
auh$b,net/minecraft/entity/monster/GhastEntity$MoveHelperController,net/minecraft/server/v1_14_R1/EntityGhast$ControllerGhast,,net/minecraft/entity/mob/GhastEntity$GhastMoveControl,net/minecraft/class_1571$class_1573
auh$c,net/minecraft/entity/monster/GhastEntity$FireballAttackGoal,net/minecraft/server/v1_14_R1/EntityGhast$PathfinderGoalGhastAttackTarget,,net/minecraft/entity/mob/GhastEntity$ShootFireballGoal,net/minecraft/class_1571$class_1574
auh$d,net/minecraft/entity/monster/GhastEntity$RandomFlyGoal,net/minecraft/server/v1_14_R1/EntityGhast$PathfinderGoalGhastIdleMove,,net/minecraft/entity/mob/GhastEntity$FlyRandomlyGoal,net/minecraft/class_1571$class_1575
auh,net/minecraft/entity/monster/GhastEntity,net/minecraft/server/v1_14_R1/EntityGhast,,net/minecraft/entity/mob/GhastEntity,net/minecraft/class_1571
aui,net/minecraft/entity/monster/GiantEntity,net/minecraft/server/v1_14_R1/EntityGiantZombie,,net/minecraft/entity/mob/GiantEntity,net/minecraft/class_1570
auj$a,net/minecraft/entity/monster/GuardianEntity$AttackGoal,net/minecraft/server/v1_14_R1/EntityGuardian$PathfinderGoalGuardianAttack,,net/minecraft/entity/mob/GuardianEntity$FireBeamGoal,net/minecraft/class_1577$class_1578
auj$b,net/minecraft/entity/monster/GuardianEntity$TargetPredicate,net/minecraft/server/v1_14_R1/EntityGuardian$EntitySelectorGuardianTargetHumanSquid,,net/minecraft/entity/mob/GuardianEntity$GuardianTargetPredicate,net/minecraft/class_1577$class_1579
auj$c,net/minecraft/entity/monster/GuardianEntity$MoveHelperController,net/minecraft/server/v1_14_R1/EntityGuardian$ControllerMoveGuardian,,net/minecraft/entity/mob/GuardianEntity$GuardianMoveControl,net/minecraft/class_1577$class_1580
auj,net/minecraft/entity/monster/GuardianEntity,net/minecraft/server/v1_14_R1/EntityGuardian,,net/minecraft/entity/mob/GuardianEntity,net/minecraft/class_1577
auk,net/minecraft/entity/monster/HuskEntity,net/minecraft/server/v1_14_R1/EntityZombieHusk,,net/minecraft/entity/mob/HuskEntity,net/minecraft/class_1576
aul$a,net/minecraft/entity/monster/IllusionerEntity$BlindnessSpellGoal,net/minecraft/server/v1_14_R1/EntityIllagerIllusioner$a,,net/minecraft/entity/mob/IllusionerEntity$BlindTargetGoal,net/minecraft/class_1581$class_1582
aul$b,net/minecraft/entity/monster/IllusionerEntity$MirrorSpellGoal,net/minecraft/server/v1_14_R1/EntityIllagerIllusioner$b,,net/minecraft/entity/mob/IllusionerEntity$GiveInvisibilityGoal,net/minecraft/class_1581$class_1583
aul,net/minecraft/entity/monster/IllusionerEntity,net/minecraft/server/v1_14_R1/EntityIllagerIllusioner,,net/minecraft/entity/mob/IllusionerEntity,net/minecraft/class_1581
aum,net/minecraft/entity/monster/MagmaCubeEntity,net/minecraft/server/v1_14_R1/EntityMagmaCube,,net/minecraft/entity/mob/MagmaCubeEntity,net/minecraft/class_1589
aun,net/minecraft/entity/monster/MonsterEntity,net/minecraft/server/v1_14_R1/EntityMonster,,net/minecraft/entity/mob/HostileEntity,net/minecraft/class_1588
auo$a,net/minecraft/entity/monster/PatrollerEntity$PatrolGoal,net/minecraft/server/v1_14_R1/EntityMonsterPatrolling$a,,net/minecraft/entity/mob/PatrolEntity$PatrolGoal,net/minecraft/class_3732$class_3733
auo,net/minecraft/entity/monster/PatrollerEntity,net/minecraft/server/v1_14_R1/EntityMonsterPatrolling,,net/minecraft/entity/mob/PatrolEntity,net/minecraft/class_3732
aup$a,net/minecraft/entity/monster/PhantomEntity$AttackPhase,net/minecraft/server/v1_14_R1/EntityPhantom$AttackPhase,,net/minecraft/entity/mob/PhantomEntity$PhantomMovementType,net/minecraft/class_1593$class_1594
aup$b,net/minecraft/entity/monster/PhantomEntity$AttackPlayerGoal,net/minecraft/server/v1_14_R1/EntityPhantom$b,,net/minecraft/entity/mob/PhantomEntity$FindTargetGoal,net/minecraft/class_1593$class_1595
aup$c,net/minecraft/entity/monster/PhantomEntity$PickAttackGoal,net/minecraft/server/v1_14_R1/EntityPhantom$c,,net/minecraft/entity/mob/PhantomEntity$StartAttackGoal,net/minecraft/class_1593$class_1596
aup$d,net/minecraft/entity/monster/PhantomEntity$BodyHelperController,net/minecraft/server/v1_14_R1/EntityPhantom$d,,net/minecraft/entity/mob/PhantomEntity$PhantomBodyControl,net/minecraft/class_1593$class_1597
aup$e,net/minecraft/entity/monster/PhantomEntity$OrbitPointGoal,net/minecraft/server/v1_14_R1/EntityPhantom$e,,net/minecraft/entity/mob/PhantomEntity$CircleMovementGoal,net/minecraft/class_1593$class_1598
aup$f,net/minecraft/entity/monster/PhantomEntity$LookHelperController,net/minecraft/server/v1_14_R1/EntityPhantom$f,,net/minecraft/entity/mob/PhantomEntity$PhantomLookControl,net/minecraft/class_1593$class_1599
aup$g,net/minecraft/entity/monster/PhantomEntity$MoveHelperController,net/minecraft/server/v1_14_R1/EntityPhantom$g,,net/minecraft/entity/mob/PhantomEntity$PhantomMoveControl,net/minecraft/class_1593$class_1600
aup$h,net/minecraft/entity/monster/PhantomEntity$MoveGoal,net/minecraft/server/v1_14_R1/EntityPhantom$h,,net/minecraft/entity/mob/PhantomEntity$MovementGoal,net/minecraft/class_1593$class_1601
aup$i,net/minecraft/entity/monster/PhantomEntity$SweepAttackGoal,net/minecraft/server/v1_14_R1/EntityPhantom$i,,net/minecraft/entity/mob/PhantomEntity$SwoopMovementGoal,net/minecraft/class_1593$class_1602
aup,net/minecraft/entity/monster/PhantomEntity,net/minecraft/server/v1_14_R1/EntityPhantom,,net/minecraft/entity/mob/PhantomEntity,net/minecraft/class_1593
auq$a,net/minecraft/entity/monster/ZombiePigmanEntity$TargetAggressorGoal,net/minecraft/server/v1_14_R1/EntityPigZombie$PathfinderGoalAnger,,net/minecraft/entity/mob/ZombiePigmanEntity$FollowPlayerIfAngryGoal,net/minecraft/class_1590$class_1591
auq$b,net/minecraft/entity/monster/ZombiePigmanEntity$HurtByAggressorGoal,net/minecraft/server/v1_14_R1/EntityPigZombie$PathfinderGoalAngerOther,,net/minecraft/entity/mob/ZombiePigmanEntity$AvoidZombiesGoal,net/minecraft/class_1590$class_1592
auq,net/minecraft/entity/monster/ZombiePigmanEntity,net/minecraft/server/v1_14_R1/EntityPigZombie,,net/minecraft/entity/mob/ZombiePigmanEntity,net/minecraft/class_1590
aur,net/minecraft/entity/monster/PillagerEntity,net/minecraft/server/v1_14_R1/EntityPillager,,net/minecraft/entity/mob/PillagerEntity,net/minecraft/class_1604
aus,net/minecraft/entity/IRangedAttackMob,net/minecraft/server/v1_14_R1/IRangedEntity,,net/minecraft/entity/ai/RangedAttackMob,net/minecraft/class_1603
aut$a,net/minecraft/entity/monster/RavagerEntity$AttackGoal,net/minecraft/server/v1_14_R1/EntityRavager$a,,net/minecraft/entity/mob/RavagerEntity$AttackGoal,net/minecraft/class_1584$class_1585
aut$b,net/minecraft/entity/monster/RavagerEntity$Navigator,net/minecraft/server/v1_14_R1/EntityRavager$b,,net/minecraft/entity/mob/RavagerEntity$class_1586,net/minecraft/class_1584$class_1586
aut$c,net/minecraft/entity/monster/RavagerEntity$Processor,net/minecraft/server/v1_14_R1/EntityRavager$c,,net/minecraft/entity/mob/RavagerEntity$class_1587,net/minecraft/class_1584$class_1587
aut,net/minecraft/entity/monster/RavagerEntity,net/minecraft/server/v1_14_R1/EntityRavager,,net/minecraft/entity/mob/RavagerEntity,net/minecraft/class_1584
auu,net/minecraft/entity/SharedMonsterAttributes,net/minecraft/server/v1_14_R1/GenericAttributes,,net/minecraft/entity/attribute/EntityAttributes,net/minecraft/class_1612
auv$a,net/minecraft/entity/monster/ShulkerEntity$AttackGoal,net/minecraft/server/v1_14_R1/EntityShulker$a,,net/minecraft/entity/mob/ShulkerEntity$ShootBulletGoal,net/minecraft/class_1606$class_1607
auv$b,net/minecraft/entity/monster/ShulkerEntity$BodyHelperController,net/minecraft/server/v1_14_R1/EntityShulker$b,,net/minecraft/entity/mob/ShulkerEntity$ShulkerBodyControl,net/minecraft/class_1606$class_1608
auv$c,net/minecraft/entity/monster/ShulkerEntity$DefenseAttackGoal,net/minecraft/server/v1_14_R1/EntityShulker$c,,net/minecraft/entity/mob/ShulkerEntity$SearchForTargetGoal,net/minecraft/class_1606$class_1609
auv$d,net/minecraft/entity/monster/ShulkerEntity$AttackNearestGoal,net/minecraft/server/v1_14_R1/EntityShulker$d,,net/minecraft/entity/mob/ShulkerEntity$SearchForPlayerGoal,net/minecraft/class_1606$class_1610
auv$e,net/minecraft/entity/monster/ShulkerEntity$PeekGoal,net/minecraft/server/v1_14_R1/EntityShulker$e,,net/minecraft/entity/mob/ShulkerEntity$PeekGoal,net/minecraft/class_1606$class_1611
auv,net/minecraft/entity/monster/ShulkerEntity,net/minecraft/server/v1_14_R1/EntityShulker,,net/minecraft/entity/mob/ShulkerEntity,net/minecraft/class_1606
auw$a,net/minecraft/entity/monster/SilverfishEntity$HideInStoneGoal,net/minecraft/server/v1_14_R1/EntitySilverfish$PathfinderGoalSilverfishHideInBlock,,net/minecraft/entity/mob/SilverfishEntity$WanderAndInfestGoal,net/minecraft/class_1614$class_1615
auw$b,net/minecraft/entity/monster/SilverfishEntity$SummonSilverfishGoal,net/minecraft/server/v1_14_R1/EntitySilverfish$PathfinderGoalSilverfishWakeOthers,,net/minecraft/entity/mob/SilverfishEntity$CallForHelpGoal,net/minecraft/class_1614$class_1616
auw,net/minecraft/entity/monster/SilverfishEntity,net/minecraft/server/v1_14_R1/EntitySilverfish,,net/minecraft/entity/mob/SilverfishEntity,net/minecraft/class_1614
auy,net/minecraft/entity/monster/SkeletonEntity,net/minecraft/server/v1_14_R1/EntitySkeleton,,net/minecraft/entity/mob/SkeletonEntity,net/minecraft/class_1613
auz$a,net/minecraft/entity/monster/SlimeEntity$AttackGoal,net/minecraft/server/v1_14_R1/EntitySlime$PathfinderGoalSlimeNearestPlayer,,net/minecraft/entity/mob/SlimeEntity$class_1622,net/minecraft/class_1621$class_1622
auz$b,net/minecraft/entity/monster/SlimeEntity$FloatGoal,net/minecraft/server/v1_14_R1/EntitySlime$PathfinderGoalSlimeRandomJump,,net/minecraft/entity/mob/SlimeEntity$class_1623,net/minecraft/class_1621$class_1623
auz$c,net/minecraft/entity/monster/SlimeEntity$HopGoal,net/minecraft/server/v1_14_R1/EntitySlime$PathfinderGoalSlimeIdle,,net/minecraft/entity/mob/SlimeEntity$class_1624,net/minecraft/class_1621$class_1624
auz$d,net/minecraft/entity/monster/SlimeEntity$MoveHelperController,net/minecraft/server/v1_14_R1/EntitySlime$ControllerMoveSlime,,net/minecraft/entity/mob/SlimeEntity$SlimeMoveControl,net/minecraft/class_1621$class_1625
auz$e,net/minecraft/entity/monster/SlimeEntity$FaceRandomGoal,net/minecraft/server/v1_14_R1/EntitySlime$PathfinderGoalSlimeRandomDirection,,net/minecraft/entity/mob/SlimeEntity$class_1626,net/minecraft/class_1621$class_1626
auz,net/minecraft/entity/monster/SlimeEntity,net/minecraft/server/v1_14_R1/EntitySlime,,net/minecraft/entity/mob/SlimeEntity,net/minecraft/class_1621
av$a,net/minecraft/advancements/criterion/EntityPredicate$Builder,net/minecraft/server/v1_14_R1/CriterionConditionEntity$a,,net/minecraft/predicate/entity/EntityPredicate$Builder,net/minecraft/class_2048$class_2049
av,net/minecraft/advancements/criterion/EntityPredicate,net/minecraft/server/v1_14_R1/CriterionConditionEntity,,net/minecraft/predicate/entity/EntityPredicate,net/minecraft/class_2048
ava$a,net/minecraft/entity/monster/SpellcastingIllagerEntity$SpellType,net/minecraft/server/v1_14_R1/EntityIllagerWizard$Spell,,net/minecraft/entity/mob/SpellcastingIllagerEntity$Spell,net/minecraft/class_1617$class_1618
ava$b,net/minecraft/entity/monster/SpellcastingIllagerEntity$CastingASpellGoal,net/minecraft/server/v1_14_R1/EntityIllagerWizard$b,,net/minecraft/entity/mob/SpellcastingIllagerEntity$LookAtTargetGoal,net/minecraft/class_1617$class_1619
ava$c,net/minecraft/entity/monster/SpellcastingIllagerEntity$UseSpellGoal,net/minecraft/server/v1_14_R1/EntityIllagerWizard$c,,net/minecraft/entity/mob/SpellcastingIllagerEntity$CastSpellGoal,net/minecraft/class_1617$class_1620
ava,net/minecraft/entity/monster/SpellcastingIllagerEntity,net/minecraft/server/v1_14_R1/EntityIllagerWizard,,net/minecraft/entity/mob/SpellcastingIllagerEntity,net/minecraft/class_1617
avb$a,net/minecraft/entity/monster/SpiderEntity$AttackGoal,net/minecraft/server/v1_14_R1/EntitySpider$PathfinderGoalSpiderMeleeAttack,,net/minecraft/entity/mob/SpiderEntity$AttackGoal,net/minecraft/class_1628$class_1629
avb$b,net/minecraft/entity/monster/SpiderEntity$GroupData,net/minecraft/server/v1_14_R1/EntitySpider$GroupDataSpider,,net/minecraft/entity/mob/SpiderEntity$SpawnEffectData,net/minecraft/class_1628$class_1630
avb$c,net/minecraft/entity/monster/SpiderEntity$TargetGoal,net/minecraft/server/v1_14_R1/EntitySpider$PathfinderGoalSpiderNearestAttackableTarget,,net/minecraft/entity/mob/SpiderEntity$FollowTargetGoal,net/minecraft/class_1628$class_1631
avb,net/minecraft/entity/monster/SpiderEntity,net/minecraft/server/v1_14_R1/EntitySpider,,net/minecraft/entity/mob/SpiderEntity,net/minecraft/class_1628
avc,net/minecraft/entity/monster/StrayEntity,net/minecraft/server/v1_14_R1/EntitySkeletonStray,,net/minecraft/entity/mob/StrayEntity,net/minecraft/class_1627
avd$a,net/minecraft/entity/monster/VexEntity$ChargeAttackGoal,net/minecraft/server/v1_14_R1/EntityVex$a,,net/minecraft/entity/mob/VexEntity$ChargeTargetGoal,net/minecraft/class_1634$class_1635
avd$b,net/minecraft/entity/monster/VexEntity$CopyOwnerTargetGoal,net/minecraft/server/v1_14_R1/EntityVex$b,,net/minecraft/entity/mob/VexEntity$TrackOwnerTargetGoal,net/minecraft/class_1634$class_1636
avd$c,net/minecraft/entity/monster/VexEntity$MoveHelperController,net/minecraft/server/v1_14_R1/EntityVex$c,,net/minecraft/entity/mob/VexEntity$VexMoveControl,net/minecraft/class_1634$class_1637
avd$d,net/minecraft/entity/monster/VexEntity$MoveRandomGoal,net/minecraft/server/v1_14_R1/EntityVex$d,,net/minecraft/entity/mob/VexEntity$LookAtTargetGoal,net/minecraft/class_1634$class_1638
avd,net/minecraft/entity/monster/VexEntity,net/minecraft/server/v1_14_R1/EntityVex,,net/minecraft/entity/mob/VexEntity,net/minecraft/class_1634
ave$a,net/minecraft/entity/monster/VindicatorEntity$BreakDoorGoal,net/minecraft/server/v1_14_R1/EntityVindicator$a,,net/minecraft/entity/mob/VindicatorEntity$BreakDoorGoal,net/minecraft/class_1632$class_3761
ave$b,net/minecraft/entity/monster/VindicatorEntity$JohnnyAttackGoal,net/minecraft/server/v1_14_R1/EntityVindicator$b,,net/minecraft/entity/mob/VindicatorEntity$FollowEntityGoal,net/minecraft/class_1632$class_1633
ave$c,net/minecraft/entity/monster/VindicatorEntity$AttackGoal,net/minecraft/server/v1_14_R1/EntityVindicator$c,,net/minecraft/entity/mob/VindicatorEntity$AttackGoal,net/minecraft/class_1632$class_4293
ave,net/minecraft/entity/monster/VindicatorEntity,net/minecraft/server/v1_14_R1/EntityVindicator,,net/minecraft/entity/mob/VindicatorEntity,net/minecraft/class_1632
avf,net/minecraft/entity/monster/WitchEntity,net/minecraft/server/v1_14_R1/EntityWitch,,net/minecraft/entity/mob/WitchEntity,net/minecraft/class_1640
avg,net/minecraft/entity/monster/WitherSkeletonEntity,net/minecraft/server/v1_14_R1/EntitySkeletonWither,,net/minecraft/entity/mob/WitherSkeletonEntity,net/minecraft/class_1639
avh$a,net/minecraft/entity/monster/ZombieEntity$AttackTurtleEggGoal,net/minecraft/server/v1_14_R1/EntityZombie$a,,net/minecraft/entity/mob/ZombieEntity$DestroyEggGoal,net/minecraft/class_1642$class_1643
avh$b,net/minecraft/entity/monster/ZombieEntity$GroupData,net/minecraft/server/v1_14_R1/EntityZombie$GroupDataZombie,,net/minecraft/entity/mob/ZombieEntity$class_1644,net/minecraft/class_1642$class_1644
avh,net/minecraft/entity/monster/ZombieEntity,net/minecraft/server/v1_14_R1/EntityZombie,,net/minecraft/entity/mob/ZombieEntity,net/minecraft/class_1642
avi,net/minecraft/entity/monster/ZombieVillagerEntity,net/minecraft/server/v1_14_R1/EntityZombieVillager,,net/minecraft/entity/mob/ZombieVillagerEntity,net/minecraft/class_1641
avk,net/minecraft/entity/merchant/villager/AbstractVillagerEntity,net/minecraft/server/v1_14_R1/EntityVillagerAbstract,,net/minecraft/entity/passive/AbstractTraderEntity,net/minecraft/class_3988
avl,net/minecraft/world/spawner/CatSpawner,net/minecraft/server/v1_14_R1/MobSpawnerCat,,net/minecraft/world/gen/CatSpawner,net/minecraft/class_4274
avm,net/minecraft/entity/NPCMerchant,net/minecraft/server/v1_14_R1/MerchantWrapper,,net/minecraft/village/SimpleTrader,net/minecraft/class_1645
avn,net/minecraft/entity/INPC,net/minecraft/server/v1_14_R1/NPC,,net/minecraft/entity/Npc,net/minecraft/class_1655
avo,net/minecraft/entity/merchant/villager/VillagerEntity,net/minecraft/server/v1_14_R1/EntityVillager,,net/minecraft/entity/passive/VillagerEntity,net/minecraft/class_1646
avp,net/minecraft/entity/merchant/villager/VillagerData,net/minecraft/server/v1_14_R1/VillagerData,,net/minecraft/village/VillagerData,net/minecraft/class_3850
avq,net/minecraft/entity/villager/IVillagerDataHolder,net/minecraft/server/v1_14_R1/VillagerDataHolder,,net/minecraft/village/VillagerDataContainer,net/minecraft/class_3851
avr,net/minecraft/entity/merchant/villager/VillagerProfession,net/minecraft/server/v1_14_R1/VillagerProfession,,net/minecraft/village/VillagerProfession,net/minecraft/class_3852
avs$a,net/minecraft/entity/merchant/villager/VillagerTrades$DyedArmorForEmeraldsTrade,net/minecraft/server/v1_14_R1/VillagerTrades$a,,net/minecraft/village/TradeOffers$SellDyedArmorFactory,net/minecraft/class_3853$class_4160
avs$b,net/minecraft/entity/merchant/villager/VillagerTrades$EmeraldForItemsTrade,net/minecraft/server/v1_14_R1/VillagerTrades$b,,net/minecraft/village/TradeOffers$BuyForOneEmeraldFactory,net/minecraft/class_3853$class_4161
avs$c,net/minecraft/entity/merchant/villager/VillagerTrades$EmeraldForVillageTypeItemTrade,net/minecraft/server/v1_14_R1/VillagerTrades$c,,net/minecraft/village/TradeOffers$TypeAwareBuyForOneEmeraldFactory,net/minecraft/class_3853$class_4162
avs$d,net/minecraft/entity/merchant/villager/VillagerTrades$EnchantedBookForEmeraldsTrade,net/minecraft/server/v1_14_R1/VillagerTrades$d,,net/minecraft/village/TradeOffers$EnchantBookFactory,net/minecraft/class_3853$class_1648
avs$e,net/minecraft/entity/merchant/villager/VillagerTrades$EnchantedItemForEmeraldsTrade,net/minecraft/server/v1_14_R1/VillagerTrades$e,,net/minecraft/village/TradeOffers$SellEnchantedToolFactory,net/minecraft/class_3853$class_4163
avs$f,net/minecraft/entity/merchant/villager/VillagerTrades$ITrade,net/minecraft/server/v1_14_R1/VillagerTrades$IMerchantRecipeOption,,net/minecraft/village/TradeOffers$Factory,net/minecraft/class_3853$class_1652
avs$g,net/minecraft/entity/merchant/villager/VillagerTrades$ItemsForEmeraldsAndItemsTrade,net/minecraft/server/v1_14_R1/VillagerTrades$g,,net/minecraft/village/TradeOffers$ProcessItemFactory,net/minecraft/class_3853$class_4164
avs$h,net/minecraft/entity/merchant/villager/VillagerTrades$ItemsForEmeraldsTrade,net/minecraft/server/v1_14_R1/VillagerTrades$h,,net/minecraft/village/TradeOffers$SellItemFactory,net/minecraft/class_3853$class_4165
avs$i,net/minecraft/entity/merchant/villager/VillagerTrades$SuspiciousStewForEmeraldTrade,net/minecraft/server/v1_14_R1/VillagerTrades$i,,net/minecraft/village/TradeOffers$SellSuspiciousStewFactory,net/minecraft/class_3853$class_4166
avs$j,net/minecraft/entity/merchant/villager/VillagerTrades$ItemWithPotionForEmeraldsAndItemsTrade,net/minecraft/server/v1_14_R1/VillagerTrades$j,,net/minecraft/village/TradeOffers$SellPotionHoldingItemFactory,net/minecraft/class_3853$class_4167
avs$k,net/minecraft/entity/merchant/villager/VillagerTrades$EmeraldForMapTrade,net/minecraft/server/v1_14_R1/VillagerTrades$k,,net/minecraft/village/TradeOffers$SellMapFactory,net/minecraft/class_3853$class_1654
avs,net/minecraft/entity/merchant/villager/VillagerTrades,net/minecraft/server/v1_14_R1/VillagerTrades,,net/minecraft/village/TradeOffers,net/minecraft/class_3853
avt$1,net/minecraft/entity/villager/IVillagerType$1,net/minecraft/server/v1_14_R1/VillagerType$1,,net/minecraft/village/VillagerType$1,net/minecraft/class_3854$1
avt,net/minecraft/entity/villager/IVillagerType,net/minecraft/server/v1_14_R1/VillagerType,,net/minecraft/village/VillagerType,net/minecraft/class_3854
avu$a,net/minecraft/entity/merchant/villager/WanderingTraderEntity$MoveToGoal,net/minecraft/server/v1_14_R1/EntityVillagerTrader$a,,net/minecraft/entity/passive/WanderingTraderEntity$WanderToTargetGoal,net/minecraft/class_3989$class_3994
avu,net/minecraft/entity/merchant/villager/WanderingTraderEntity,net/minecraft/server/v1_14_R1/EntityVillagerTrader,,net/minecraft/entity/passive/WanderingTraderEntity,net/minecraft/class_3989
avv,net/minecraft/world/spawner/WanderingTraderSpawner,net/minecraft/server/v1_14_R1/MobSpawnerTrader,,net/minecraft/world/WanderingTraderManager,net/minecraft/class_3990
avy,net/minecraft/entity/player/PlayerAbilities,net/minecraft/server/v1_14_R1/PlayerAbilities,,net/minecraft/entity/player/PlayerAbilities,net/minecraft/class_1656
avz,net/minecraft/entity/player/ChatVisibility,net/minecraft/server/v1_14_R1/EnumChatVisibility,,net/minecraft/client/options/ChatVisibility,net/minecraft/class_1659
aw$1,net/minecraft/advancements/criterion/EntityTypePredicate$1,net/minecraft/server/v1_14_R1/CriterionConditionEntityType$1,,net/minecraft/predicate/entity/EntityTypePredicate$1,net/minecraft/class_2050$1
aw$a,net/minecraft/advancements/criterion/EntityTypePredicate$TagPredicate,net/minecraft/server/v1_14_R1/CriterionConditionEntityType$a,,net/minecraft/predicate/entity/EntityTypePredicate$Tagged,net/minecraft/class_2050$class_2051
aw$b,net/minecraft/advancements/criterion/EntityTypePredicate$TypePredicate,net/minecraft/server/v1_14_R1/CriterionConditionEntityType$b,,net/minecraft/predicate/entity/EntityTypePredicate$Single,net/minecraft/class_2050$class_2052
aw,net/minecraft/advancements/criterion/EntityTypePredicate,net/minecraft/server/v1_14_R1/CriterionConditionEntityType,,net/minecraft/predicate/entity/EntityTypePredicate,net/minecraft/class_2050
awa,net/minecraft/entity/player/PlayerInventory,net/minecraft/server/v1_14_R1/PlayerInventory,,net/minecraft/entity/player/PlayerInventory,net/minecraft/class_1661
awb$a,net/minecraft/entity/player/PlayerEntity$SleepResult,net/minecraft/server/v1_14_R1/EntityHuman$EnumBedResult,,net/minecraft/entity/player/PlayerEntity$SleepFailureReason,net/minecraft/class_1657$class_1658
awb,net/minecraft/entity/player/PlayerEntity,net/minecraft/server/v1_14_R1/EntityHuman,,net/minecraft/entity/player/PlayerEntity,net/minecraft/class_1657
awd$a,net/minecraft/item/crafting/RecipeItemHelper$RecipePicker,net/minecraft/server/v1_14_R1/AutoRecipeStackManager$a,,net/minecraft/recipe/RecipeFinder$Filter,net/minecraft/class_1662$class_1663
awd,net/minecraft/item/crafting/RecipeItemHelper,net/minecraft/server/v1_14_R1/AutoRecipeStackManager,,net/minecraft/recipe/RecipeFinder,net/minecraft/class_1662
awf$a,net/minecraft/entity/projectile/AbstractArrowEntity$PickupStatus,net/minecraft/server/v1_14_R1/EntityArrow$PickupStatus,,net/minecraft/entity/projectile/ProjectileEntity$PickupPermission,net/minecraft/class_1665$class_1666
awf,net/minecraft/entity/projectile/AbstractArrowEntity,net/minecraft/server/v1_14_R1/EntityArrow,,net/minecraft/entity/projectile/ProjectileEntity,net/minecraft/class_1665
awg,net/minecraft/entity/projectile/DamagingProjectileEntity,net/minecraft/server/v1_14_R1/EntityFireball,,net/minecraft/entity/projectile/ExplosiveProjectileEntity,net/minecraft/class_1668
awh,net/minecraft/entity/projectile/ArrowEntity,net/minecraft/server/v1_14_R1/EntityTippedArrow,,net/minecraft/entity/projectile/ArrowEntity,net/minecraft/class_1667
awi,net/minecraft/entity/projectile/DragonFireballEntity,net/minecraft/server/v1_14_R1/EntityDragonFireball,,net/minecraft/entity/projectile/DragonFireballEntity,net/minecraft/class_1670
awj,net/minecraft/entity/projectile/EvokerFangsEntity,net/minecraft/server/v1_14_R1/EntityEvokerFangs,,net/minecraft/entity/mob/EvokerFangsEntity,net/minecraft/class_1669
awk,net/minecraft/entity/item/EyeOfEnderEntity,net/minecraft/server/v1_14_R1/EntityEnderSignal,,net/minecraft/entity/EnderEyeEntity,net/minecraft/class_1672
awl,net/minecraft/entity/projectile/AbstractFireballEntity,net/minecraft/server/v1_14_R1/EntityFireballFireball,,net/minecraft/entity/projectile/AbstractFireballEntity,net/minecraft/class_3855
awm,net/minecraft/entity/item/FireworkRocketEntity,net/minecraft/server/v1_14_R1/EntityFireworks,,net/minecraft/entity/FireworkEntity,net/minecraft/class_1671
awo,net/minecraft/entity/projectile/FireballEntity,net/minecraft/server/v1_14_R1/EntityLargeFireball,,net/minecraft/entity/projectile/FireballEntity,net/minecraft/class_1674
awp,net/minecraft/entity/projectile/LlamaSpitEntity,net/minecraft/server/v1_14_R1/EntityLlamaSpit,,net/minecraft/entity/projectile/LlamaSpitEntity,net/minecraft/class_1673
awq,net/minecraft/entity/IProjectile,net/minecraft/server/v1_14_R1/IProjectile,,net/minecraft/entity/projectile/Projectile,net/minecraft/class_1676
awr,net/minecraft/entity/projectile/ProjectileHelper,net/minecraft/server/v1_14_R1/ProjectileHelper,,net/minecraft/entity/ProjectileUtil,net/minecraft/class_1675
aws,net/minecraft/entity/projectile/ShulkerBulletEntity,net/minecraft/server/v1_14_R1/EntityShulkerBullet,,net/minecraft/entity/projectile/ShulkerBulletEntity,net/minecraft/class_1678
awt,net/minecraft/entity/projectile/SmallFireballEntity,net/minecraft/server/v1_14_R1/EntitySmallFireball,,net/minecraft/entity/projectile/SmallFireballEntity,net/minecraft/class_1677
awu,net/minecraft/entity/projectile/SnowballEntity,net/minecraft/server/v1_14_R1/EntitySnowball,,net/minecraft/entity/thrown/SnowballEntity,net/minecraft/class_1680
awv,net/minecraft/entity/projectile/SpectralArrowEntity,net/minecraft/server/v1_14_R1/EntitySpectralArrow,,net/minecraft/entity/projectile/SpectralArrowEntity,net/minecraft/class_1679
aww,net/minecraft/entity/projectile/ProjectileItemEntity,net/minecraft/server/v1_14_R1/EntityProjectileThrowable,,net/minecraft/entity/thrown/ThrownItemEntity,net/minecraft/class_3857
awx,net/minecraft/entity/projectile/ThrowableEntity,net/minecraft/server/v1_14_R1/EntityProjectile,,net/minecraft/entity/thrown/ThrownEntity,net/minecraft/class_1682
awy,net/minecraft/entity/projectile/EggEntity,net/minecraft/server/v1_14_R1/EntityEgg,,net/minecraft/entity/thrown/ThrownEggEntity,net/minecraft/class_1681
awz,net/minecraft/entity/item/EnderPearlEntity,net/minecraft/server/v1_14_R1/EntityEnderPearl,,net/minecraft/entity/thrown/ThrownEnderpearlEntity,net/minecraft/class_1684
ax$a,net/minecraft/advancements/criterion/FilledBucketTrigger$Listeners,net/minecraft/server/v1_14_R1/CriterionTriggerFilledBucket$a,,net/minecraft/advancement/criterion/FilledBucketCriterion$Handler,net/minecraft/class_2054$class_2055
ax$b,net/minecraft/advancements/criterion/FilledBucketTrigger$Instance,net/minecraft/server/v1_14_R1/CriterionTriggerFilledBucket$b,,net/minecraft/advancement/criterion/FilledBucketCriterion$Conditions,net/minecraft/class_2054$class_2056
ax,net/minecraft/advancements/criterion/FilledBucketTrigger,net/minecraft/server/v1_14_R1/CriterionTriggerFilledBucket,,net/minecraft/advancement/criterion/FilledBucketCriterion,net/minecraft/class_2054
axa,net/minecraft/entity/item/ExperienceBottleEntity,net/minecraft/server/v1_14_R1/EntityThrownExpBottle,,net/minecraft/entity/thrown/ThrownExperienceBottleEntity,net/minecraft/class_1683
axb,net/minecraft/entity/projectile/PotionEntity,net/minecraft/server/v1_14_R1/EntityPotion,,net/minecraft/entity/thrown/ThrownPotionEntity,net/minecraft/class_1686
axc,net/minecraft/entity/projectile/TridentEntity,net/minecraft/server/v1_14_R1/EntityThrownTrident,,net/minecraft/entity/projectile/TridentEntity,net/minecraft/class_1685
axd,net/minecraft/entity/projectile/WitherSkullEntity,net/minecraft/server/v1_14_R1/EntityWitherSkull,,net/minecraft/entity/projectile/WitherSkullEntity,net/minecraft/class_1687
axf$a,net/minecraft/world/raid/Raid$Status,net/minecraft/server/v1_14_R1/Raid$Status,,net/minecraft/entity/raid/Raid$Status,net/minecraft/class_3765$class_4259
axf$b,net/minecraft/world/raid/Raid$WaveMember,net/minecraft/server/v1_14_R1/Raid$Wave,,net/minecraft/entity/raid/Raid$Member,net/minecraft/class_3765$class_3766
axf,net/minecraft/world/raid/Raid,net/minecraft/server/v1_14_R1/Raid,,net/minecraft/entity/raid/Raid,net/minecraft/class_3765
axg$a,net/minecraft/entity/monster/AbstractRaiderEntity$FindTargetGoal,net/minecraft/server/v1_14_R1/EntityRaider$a,,net/minecraft/entity/raid/RaiderEntity$PatrolApproachGoal,net/minecraft/class_3763$class_4223
axg$b,net/minecraft/entity/monster/AbstractRaiderEntity$PromoteLeaderGoal,net/minecraft/server/v1_14_R1/EntityRaider$b,,net/minecraft/entity/raid/RaiderEntity$PickupBannerAsLeaderGoal,net/minecraft/class_3763$class_3764
axg$c,net/minecraft/entity/monster/AbstractRaiderEntity$CelebrateRaidLossGoal,net/minecraft/server/v1_14_R1/EntityRaider$c,,net/minecraft/entity/raid/RaiderEntity$CelebrateGoal,net/minecraft/class_3763$class_4260
axg$d,net/minecraft/entity/monster/AbstractRaiderEntity$InvadeHomeGoal,net/minecraft/server/v1_14_R1/EntityRaider$d,,net/minecraft/entity/raid/RaiderEntity$AttackHomeGoal,net/minecraft/class_3763$class_4261
axg,net/minecraft/entity/monster/AbstractRaiderEntity,net/minecraft/server/v1_14_R1/EntityRaider,,net/minecraft/entity/raid/RaiderEntity,net/minecraft/class_3763
axh,net/minecraft/world/raid/RaidManager,net/minecraft/server/v1_14_R1/PersistentRaid,,net/minecraft/entity/raid/RaidManager,net/minecraft/class_3767
axj,net/minecraft/entity/ai/brain/schedule/Activity,net/minecraft/server/v1_14_R1/Activity,,net/minecraft/entity/ai/brain/Activity,net/minecraft/class_4168
axk,net/minecraft/entity/ai/brain/schedule/DutyTime,net/minecraft/server/v1_14_R1/ActivityFrame,,net/minecraft/entity/ai/brain/ScheduleRuleEntry,net/minecraft/class_4169
axl,net/minecraft/entity/ai/brain/schedule/Schedule,net/minecraft/server/v1_14_R1/Schedule,,net/minecraft/entity/ai/brain/Schedule,net/minecraft/class_4170
axm$a,net/minecraft/entity/ai/brain/schedule/ScheduleBuilder$ActivityEntry,net/minecraft/server/v1_14_R1/ScheduleBuilder$a,,net/minecraft/entity/ai/brain/ScheduleBuilder$ActivityEntry,net/minecraft/class_4171$class_4172
axm,net/minecraft/entity/ai/brain/schedule/ScheduleBuilder,net/minecraft/server/v1_14_R1/ScheduleBuilder,,net/minecraft/entity/ai/brain/ScheduleBuilder,net/minecraft/class_4171
axn,net/minecraft/entity/ai/brain/schedule/ScheduleDuties,net/minecraft/server/v1_14_R1/ScheduleActivity,,net/minecraft/entity/ai/brain/ScheduleRule,net/minecraft/class_4173
axp$a,net/minecraft/entity/item/minecart/AbstractMinecartEntity$Type,net/minecraft/server/v1_14_R1/EntityMinecartAbstract$EnumMinecartType,,net/minecraft/entity/vehicle/AbstractMinecartEntity$Type,net/minecraft/class_1688$class_1689
axp,net/minecraft/entity/item/minecart/AbstractMinecartEntity,net/minecraft/server/v1_14_R1/EntityMinecartAbstract,,net/minecraft/entity/vehicle/AbstractMinecartEntity,net/minecraft/class_1688
axq,net/minecraft/entity/item/minecart/ContainerMinecartEntity,net/minecraft/server/v1_14_R1/EntityMinecartContainer,,net/minecraft/entity/vehicle/StorageMinecartEntity,net/minecraft/class_1693
axr$a,net/minecraft/entity/item/BoatEntity$Status,net/minecraft/server/v1_14_R1/EntityBoat$EnumStatus,,net/minecraft/entity/vehicle/BoatEntity$Location,net/minecraft/class_1690$class_1691
axr$b,net/minecraft/entity/item/BoatEntity$Type,net/minecraft/server/v1_14_R1/EntityBoat$EnumBoatType,,net/minecraft/entity/vehicle/BoatEntity$Type,net/minecraft/class_1690$class_1692
axr,net/minecraft/entity/item/BoatEntity,net/minecraft/server/v1_14_R1/EntityBoat,,net/minecraft/entity/vehicle/BoatEntity,net/minecraft/class_1690
axs,net/minecraft/entity/item/minecart/MinecartEntity,net/minecraft/server/v1_14_R1/EntityMinecartRideable,,net/minecraft/entity/vehicle/MinecartEntity,net/minecraft/class_1695
axt,net/minecraft/entity/item/minecart/ChestMinecartEntity,net/minecraft/server/v1_14_R1/EntityMinecartChest,,net/minecraft/entity/vehicle/ChestMinecartEntity,net/minecraft/class_1694
axu$a,net/minecraft/entity/item/minecart/MinecartCommandBlockEntity$MinecartCommandLogic,net/minecraft/server/v1_14_R1/EntityMinecartCommandBlock$a,,net/minecraft/entity/vehicle/CommandBlockMinecartEntity$CommandExecutor,net/minecraft/class_1697$class_1698
axu,net/minecraft/entity/item/minecart/MinecartCommandBlockEntity,net/minecraft/server/v1_14_R1/EntityMinecartCommandBlock,,net/minecraft/entity/vehicle/CommandBlockMinecartEntity,net/minecraft/class_1697
axv,net/minecraft/entity/item/minecart/FurnaceMinecartEntity,net/minecraft/server/v1_14_R1/EntityMinecartFurnace,,net/minecraft/entity/vehicle/FurnaceMinecartEntity,net/minecraft/class_1696
axw,net/minecraft/entity/item/minecart/HopperMinecartEntity,net/minecraft/server/v1_14_R1/EntityMinecartHopper,,net/minecraft/entity/vehicle/HopperMinecartEntity,net/minecraft/class_1700
axx$1,net/minecraft/entity/item/minecart/SpawnerMinecartEntity$1,net/minecraft/server/v1_14_R1/EntityMinecartMobSpawner$1,,net/minecraft/entity/vehicle/SpawnerMinecartEntity$1,net/minecraft/class_1699$1
axx,net/minecraft/entity/item/minecart/SpawnerMinecartEntity,net/minecraft/server/v1_14_R1/EntityMinecartMobSpawner,,net/minecraft/entity/vehicle/SpawnerMinecartEntity,net/minecraft/class_1699
axy,net/minecraft/entity/item/minecart/TNTMinecartEntity,net/minecraft/server/v1_14_R1/EntityMinecartTNT,,net/minecraft/entity/vehicle/TntMinecartEntity,net/minecraft/class_1701
ay$a,net/minecraft/advancements/criterion/FishingRodHookedTrigger$Listeners,net/minecraft/server/v1_14_R1/CriterionTriggerFishingRodHooked$a,,net/minecraft/advancement/criterion/FishingRodHookedCriterion$Handler,net/minecraft/class_2058$class_2059
ay$b,net/minecraft/advancements/criterion/FishingRodHookedTrigger$Instance,net/minecraft/server/v1_14_R1/CriterionTriggerFishingRodHooked$b,,net/minecraft/advancement/criterion/FishingRodHookedCriterion$Conditions,net/minecraft/class_2058$class_2060
ay,net/minecraft/advancements/criterion/FishingRodHookedTrigger,net/minecraft/server/v1_14_R1/CriterionTriggerFishingRodHooked,,net/minecraft/advancement/criterion/FishingRodHookedCriterion,net/minecraft/class_2058
ayb,net/minecraft/util/FoodStats,net/minecraft/server/v1_14_R1/FoodMetaData,,net/minecraft/entity/player/HungerManager,net/minecraft/class_1702
ayc$a,net/minecraft/item/Food$Builder,net/minecraft/server/v1_14_R1/FoodInfo$a,,net/minecraft/item/FoodComponent$Builder,net/minecraft/class_4174$class_4175
ayc,net/minecraft/item/Food,net/minecraft/server/v1_14_R1/FoodInfo,,net/minecraft/item/FoodComponent,net/minecraft/class_4174
ayd,net/minecraft/item/Foods,net/minecraft/server/v1_14_R1/Foods,,net/minecraft/item/FoodComponents,net/minecraft/class_4176
ayf,net/minecraft/inventory/container/Container,net/minecraft/server/v1_14_R1/Container,,net/minecraft/container/Container,net/minecraft/class_1703
ayg,net/minecraft/inventory/container/AbstractFurnaceContainer,net/minecraft/server/v1_14_R1/ContainerFurnace,,net/minecraft/container/AbstractFurnaceContainer,net/minecraft/class_1720
ayh$1,net/minecraft/inventory/container/RepairContainer$1,net/minecraft/server/v1_14_R1/ContainerAnvil$1,,net/minecraft/container/AnvilContainer$1,net/minecraft/class_1706$1
ayh$2,net/minecraft/inventory/container/RepairContainer$2,net/minecraft/server/v1_14_R1/ContainerAnvil$2,,net/minecraft/container/AnvilContainer$2,net/minecraft/class_1706$2
ayh,net/minecraft/inventory/container/RepairContainer,net/minecraft/server/v1_14_R1/ContainerAnvil,,net/minecraft/container/AnvilContainer,net/minecraft/class_1706
ayi$1,net/minecraft/inventory/container/BeaconContainer$1,net/minecraft/server/v1_14_R1/ContainerBeacon$1,,net/minecraft/container/BeaconContainer$1,net/minecraft/class_1704$1
ayi$a,net/minecraft/inventory/container/BeaconContainer$BeaconSlot,net/minecraft/server/v1_14_R1/ContainerBeacon$SlotBeacon,,net/minecraft/container/BeaconContainer$SlotPayment,net/minecraft/class_1704$class_1705
ayi,net/minecraft/inventory/container/BeaconContainer,net/minecraft/server/v1_14_R1/ContainerBeacon,,net/minecraft/container/BeaconContainer,net/minecraft/class_1704
ayj,net/minecraft/inventory/container/BlastFurnaceContainer,net/minecraft/server/v1_14_R1/ContainerBlastFurnace,,net/minecraft/container/BlastFurnaceContainer,net/minecraft/class_3705
ayk$a,net/minecraft/inventory/container/BrewingStandContainer$FuelSlot,net/minecraft/server/v1_14_R1/ContainerBrewingStand$a,,net/minecraft/container/BrewingStandContainer$SlotFuel,net/minecraft/class_1708$class_1709
ayk$b,net/minecraft/inventory/container/BrewingStandContainer$IngredientSlot,net/minecraft/server/v1_14_R1/ContainerBrewingStand$SlotBrewing,,net/minecraft/container/BrewingStandContainer$SlotIngredient,net/minecraft/class_1708$class_1710
ayk$c,net/minecraft/inventory/container/BrewingStandContainer$PotionSlot,net/minecraft/server/v1_14_R1/ContainerBrewingStand$SlotPotionBottle,,net/minecraft/container/BrewingStandContainer$SlotPotion,net/minecraft/class_1708$class_1711
ayk,net/minecraft/inventory/container/BrewingStandContainer,net/minecraft/server/v1_14_R1/ContainerBrewingStand,,net/minecraft/container/BrewingStandContainer,net/minecraft/class_1708
ayl$1,net/minecraft/inventory/container/CartographyContainer$1,net/minecraft/server/v1_14_R1/ContainerCartography$1,,net/minecraft/container/CartographyTableContainer$1,net/minecraft/class_3910$1
ayl$2,net/minecraft/inventory/container/CartographyContainer$2,net/minecraft/server/v1_14_R1/ContainerCartography$2,,net/minecraft/container/CartographyTableContainer$2,net/minecraft/class_3910$2
ayl$3,net/minecraft/inventory/container/CartographyContainer$3,net/minecraft/server/v1_14_R1/ContainerCartography$3,,net/minecraft/container/CartographyTableContainer$3,net/minecraft/class_3910$3
ayl$4,net/minecraft/inventory/container/CartographyContainer$4,net/minecraft/server/v1_14_R1/ContainerCartography$4,,net/minecraft/container/CartographyTableContainer$4,net/minecraft/class_3910$4
ayl$5,net/minecraft/inventory/container/CartographyContainer$5,net/minecraft/server/v1_14_R1/ContainerCartography$5,,net/minecraft/container/CartographyTableContainer$5,net/minecraft/class_3910$5
ayl,net/minecraft/inventory/container/CartographyContainer,net/minecraft/server/v1_14_R1/ContainerCartography,,net/minecraft/container/CartographyTableContainer,net/minecraft/class_3910
aym,net/minecraft/inventory/container/ChestContainer,net/minecraft/server/v1_14_R1/ContainerChest,,net/minecraft/container/GenericContainer,net/minecraft/class_1707
ayn,net/minecraft/inventory/container/ClickType,net/minecraft/server/v1_14_R1/InventoryClickType,,net/minecraft/container/SlotActionType,net/minecraft/class_1713
ayo,net/minecraft/util/IIntArray,net/minecraft/server/v1_14_R1/IContainerProperties,,net/minecraft/container/PropertyDelegate,net/minecraft/class_3913
ayp$1,net/minecraft/util/IWorldPosCallable$1,net/minecraft/server/v1_14_R1/ContainerAccess$1,,net/minecraft/container/BlockContext$1,net/minecraft/class_3914$1
ayp$2,net/minecraft/util/IWorldPosCallable$2,net/minecraft/server/v1_14_R1/ContainerAccess$2,,net/minecraft/container/BlockContext$2,net/minecraft/class_3914$2
ayp,net/minecraft/util/IWorldPosCallable,net/minecraft/server/v1_14_R1/ContainerAccess,,net/minecraft/container/BlockContext,net/minecraft/class_3914
ayq,net/minecraft/inventory/container/IContainerListener,net/minecraft/server/v1_14_R1/ICrafting,,net/minecraft/container/ContainerListener,net/minecraft/class_1712
ayr,net/minecraft/inventory/CraftingInventory,net/minecraft/server/v1_14_R1/InventoryCrafting,,net/minecraft/inventory/CraftingInventory,net/minecraft/class_1715
ays,net/minecraft/inventory/container/WorkbenchContainer,net/minecraft/server/v1_14_R1/ContainerWorkbench,,net/minecraft/container/CraftingTableContainer,net/minecraft/class_1714
ayt$1,net/minecraft/util/IntReferenceHolder$1,net/minecraft/server/v1_14_R1/ContainerProperty$1,,net/minecraft/container/Property$1,net/minecraft/class_3915$1
ayt$2,net/minecraft/util/IntReferenceHolder$2,net/minecraft/server/v1_14_R1/ContainerProperty$2,,net/minecraft/container/Property$2,net/minecraft/class_3915$2
ayt$3,net/minecraft/util/IntReferenceHolder$3,net/minecraft/server/v1_14_R1/ContainerProperty$3,,net/minecraft/container/Property$3,net/minecraft/class_3915$3
ayt,net/minecraft/util/IntReferenceHolder,net/minecraft/server/v1_14_R1/ContainerProperty,,net/minecraft/container/Property,net/minecraft/class_3915
ayu,net/minecraft/inventory/container/DispenserContainer,net/minecraft/server/v1_14_R1/ContainerDispenser,,net/minecraft/container/Generic3x3Container,net/minecraft/class_1716
ayv$1,net/minecraft/inventory/container/EnchantmentContainer$1,net/minecraft/server/v1_14_R1/ContainerEnchantTable$1,,net/minecraft/container/EnchantingTableContainer$1,net/minecraft/class_1718$1
ayv$2,net/minecraft/inventory/container/EnchantmentContainer$2,net/minecraft/server/v1_14_R1/ContainerEnchantTable$2,,net/minecraft/container/EnchantingTableContainer$2,net/minecraft/class_1718$2
ayv$3,net/minecraft/inventory/container/EnchantmentContainer$3,net/minecraft/server/v1_14_R1/ContainerEnchantTable$3,,net/minecraft/container/EnchantingTableContainer$3,net/minecraft/class_1718$3
ayv,net/minecraft/inventory/container/EnchantmentContainer,net/minecraft/server/v1_14_R1/ContainerEnchantTable,,net/minecraft/container/EnchantingTableContainer,net/minecraft/class_1718
ayw,net/minecraft/inventory/container/FurnaceFuelSlot,net/minecraft/server/v1_14_R1/SlotFurnaceFuel,,net/minecraft/container/FurnaceFuelSlot,net/minecraft/class_1717
ayx,net/minecraft/inventory/container/FurnaceContainer,net/minecraft/server/v1_14_R1/ContainerFurnaceFurnace,,net/minecraft/container/FurnaceContainer,net/minecraft/class_3858
ayy,net/minecraft/inventory/container/FurnaceResultSlot,net/minecraft/server/v1_14_R1/SlotFurnaceResult,,net/minecraft/container/FurnaceOutputSlot,net/minecraft/class_1719
ayz$1,net/minecraft/inventory/container/GrindstoneContainer$1,net/minecraft/server/v1_14_R1/ContainerGrindstone$1,,net/minecraft/container/GrindstoneContainer$1,net/minecraft/class_3803$1
ayz$2,net/minecraft/inventory/container/GrindstoneContainer$2,net/minecraft/server/v1_14_R1/ContainerGrindstone$2,,net/minecraft/container/GrindstoneContainer$2,net/minecraft/class_3803$2
ayz$3,net/minecraft/inventory/container/GrindstoneContainer$3,net/minecraft/server/v1_14_R1/ContainerGrindstone$3,,net/minecraft/container/GrindstoneContainer$3,net/minecraft/class_3803$3
ayz$4,net/minecraft/inventory/container/GrindstoneContainer$4,net/minecraft/server/v1_14_R1/ContainerGrindstone$4,,net/minecraft/container/GrindstoneContainer$4,net/minecraft/class_3803$4
ayz,net/minecraft/inventory/container/GrindstoneContainer,net/minecraft/server/v1_14_R1/ContainerGrindstone,,net/minecraft/container/GrindstoneContainer,net/minecraft/class_3803
az$a,net/minecraft/advancements/criterion/ImpossibleTrigger$Instance,net/minecraft/server/v1_14_R1/CriterionTriggerImpossible$a,,net/minecraft/advancement/criterion/ImpossibleCriterion$Conditions,net/minecraft/class_2062$class_2063
az,net/minecraft/advancements/criterion/ImpossibleTrigger,net/minecraft/server/v1_14_R1/CriterionTriggerImpossible,,net/minecraft/advancement/criterion/ImpossibleCriterion,net/minecraft/class_2062
aza,net/minecraft/inventory/container/HopperContainer,net/minecraft/server/v1_14_R1/ContainerHopper,,net/minecraft/container/HopperContainer,net/minecraft/class_1722
azb$1,net/minecraft/inventory/container/HorseInventoryContainer$1,net/minecraft/server/v1_14_R1/ContainerHorse$1,,net/minecraft/container/HorseContainer$1,net/minecraft/class_1724$1
azb$2,net/minecraft/inventory/container/HorseInventoryContainer$2,net/minecraft/server/v1_14_R1/ContainerHorse$2,,net/minecraft/container/HorseContainer$2,net/minecraft/class_1724$2
azb,net/minecraft/inventory/container/HorseInventoryContainer,net/minecraft/server/v1_14_R1/ContainerHorse,,net/minecraft/container/HorseContainer,net/minecraft/class_1724
azc$1,net/minecraft/inventory/container/PlayerContainer$1,net/minecraft/server/v1_14_R1/ContainerPlayer$1,,net/minecraft/container/PlayerContainer$1,net/minecraft/class_1723$1
azc$2,net/minecraft/inventory/container/PlayerContainer$2,net/minecraft/server/v1_14_R1/ContainerPlayer$2,,net/minecraft/container/PlayerContainer$2,net/minecraft/class_1723$2
azc,net/minecraft/inventory/container/PlayerContainer,net/minecraft/server/v1_14_R1/ContainerPlayer,,net/minecraft/container/PlayerContainer,net/minecraft/class_1723
azd$1,net/minecraft/inventory/container/LecternContainer$1,net/minecraft/server/v1_14_R1/ContainerLectern$1,,net/minecraft/container/LecternContainer$1,net/minecraft/class_3916$1
azd,net/minecraft/inventory/container/LecternContainer,net/minecraft/server/v1_14_R1/ContainerLectern,,net/minecraft/container/LecternContainer,net/minecraft/class_3916
aze$1,net/minecraft/inventory/container/LoomContainer$1,net/minecraft/server/v1_14_R1/ContainerLoom$1,,net/minecraft/container/LoomContainer$1,net/minecraft/class_1726$1
aze$2,net/minecraft/inventory/container/LoomContainer$2,net/minecraft/server/v1_14_R1/ContainerLoom$2,,net/minecraft/container/LoomContainer$2,net/minecraft/class_1726$2
aze$3,net/minecraft/inventory/container/LoomContainer$3,net/minecraft/server/v1_14_R1/ContainerLoom$3,,net/minecraft/container/LoomContainer$3,net/minecraft/class_1726$3
aze$4,net/minecraft/inventory/container/LoomContainer$4,net/minecraft/server/v1_14_R1/ContainerLoom$4,,net/minecraft/container/LoomContainer$4,net/minecraft/class_1726$4
aze$5,net/minecraft/inventory/container/LoomContainer$5,net/minecraft/server/v1_14_R1/ContainerLoom$5,,net/minecraft/container/LoomContainer$5,net/minecraft/class_1726$5
aze$6,net/minecraft/inventory/container/LoomContainer$6,net/minecraft/server/v1_14_R1/ContainerLoom$6,,net/minecraft/container/LoomContainer$6,net/minecraft/class_1726$6
aze,net/minecraft/inventory/container/LoomContainer,net/minecraft/server/v1_14_R1/ContainerLoom,,net/minecraft/container/LoomContainer,net/minecraft/class_1726
azf,net/minecraft/inventory/container/IContainerProvider,net/minecraft/server/v1_14_R1/ITileEntityContainer,,net/minecraft/container/ContainerProvider,net/minecraft/class_1270
azg$a,net/minecraft/inventory/container/ContainerType$IFactory,net/minecraft/server/v1_14_R1/Containers$Supplier,,net/minecraft/container/ContainerType$Factory,net/minecraft/class_3917$class_3918
azg,net/minecraft/inventory/container/ContainerType,net/minecraft/server/v1_14_R1/Containers,,net/minecraft/container/ContainerType,net/minecraft/class_3917
azh,net/minecraft/inventory/MerchantInventory,net/minecraft/server/v1_14_R1/InventoryMerchant,,net/minecraft/village/TraderInventory,net/minecraft/class_1725
azi,net/minecraft/inventory/container/MerchantContainer,net/minecraft/server/v1_14_R1/ContainerMerchant,,net/minecraft/container/MerchantContainer,net/minecraft/class_1728
azj,net/minecraft/inventory/container/MerchantResultSlot,net/minecraft/server/v1_14_R1/SlotMerchantResult,,net/minecraft/container/TradeOutputSlot,net/minecraft/class_1727
azk,net/minecraft/inventory/EnderChestInventory,net/minecraft/server/v1_14_R1/InventoryEnderChest,,net/minecraft/inventory/EnderChestInventory,net/minecraft/class_1730
azl,net/minecraft/inventory/container/RecipeBookContainer,net/minecraft/server/v1_14_R1/ContainerRecipeBook,,net/minecraft/container/CraftingContainer,net/minecraft/class_1729
azm,net/minecraft/inventory/IRecipeHolder,net/minecraft/server/v1_14_R1/RecipeHolder,,net/minecraft/recipe/RecipeUnlocker,net/minecraft/class_1732
azn,net/minecraft/inventory/CraftResultInventory,net/minecraft/server/v1_14_R1/InventoryCraftResult,,net/minecraft/inventory/CraftingResultInventory,net/minecraft/class_1731
azo,net/minecraft/inventory/container/CraftingResultSlot,net/minecraft/server/v1_14_R1/SlotResult,,net/minecraft/container/CraftingResultSlot,net/minecraft/class_1734
azp,net/minecraft/inventory/container/ShulkerBoxContainer,net/minecraft/server/v1_14_R1/ContainerShulkerBox,,net/minecraft/container/ShulkerBoxContainer,net/minecraft/class_1733
azq,net/minecraft/inventory/container/ShulkerBoxSlot,net/minecraft/server/v1_14_R1/SlotShulkerBox,,net/minecraft/container/ShulkerBoxSlot,net/minecraft/class_1736
azr,net/minecraft/util/IntArray,net/minecraft/server/v1_14_R1/ContainerProperties,,net/minecraft/container/ArrayPropertyDelegate,net/minecraft/class_3919
azs,net/minecraft/inventory/container/Slot,net/minecraft/server/v1_14_R1/Slot,,net/minecraft/container/Slot,net/minecraft/class_1735
azt,net/minecraft/inventory/container/SmokerContainer,net/minecraft/server/v1_14_R1/ContainerSmoker,,net/minecraft/container/SmokerContainer,net/minecraft/class_3706
azu,net/minecraft/inventory/IRecipeHelperPopulator,net/minecraft/server/v1_14_R1/AutoRecipeOutput,,net/minecraft/recipe/RecipeInputProvider,net/minecraft/class_1737
azv$1,net/minecraft/inventory/container/StonecutterContainer$1,net/minecraft/server/v1_14_R1/ContainerStonecutter$1,,net/minecraft/container/StonecutterContainer$1,net/minecraft/class_3971$1
azv$2,net/minecraft/inventory/container/StonecutterContainer$2,net/minecraft/server/v1_14_R1/ContainerStonecutter$2,,net/minecraft/container/StonecutterContainer$2,net/minecraft/class_3971$2
azv,net/minecraft/inventory/container/StonecutterContainer,net/minecraft/server/v1_14_R1/ContainerStonecutter,,net/minecraft/container/StonecutterContainer,net/minecraft/class_3971
azx,net/minecraft/item/AirItem,net/minecraft/server/v1_14_R1/ItemAir,,net/minecraft/item/AirBlockItem,net/minecraft/class_1739
azy$1,net/minecraft/item/ArmorItem$1,net/minecraft/server/v1_14_R1/ItemArmor$1,,net/minecraft/item/ArmorItem$1,net/minecraft/class_1738$1
azy,net/minecraft/item/ArmorItem,net/minecraft/server/v1_14_R1/ItemArmor,,net/minecraft/item/ArmorItem,net/minecraft/class_1738
azz,net/minecraft/item/IArmorMaterial,net/minecraft/server/v1_14_R1/ArmorMaterial,,net/minecraft/item/ArmorMaterial,net/minecraft/class_1741
b,net/minecraft/client/renderer/Vector3f,net/minecraft/server/v1_14_R1/Vector3fa,,net/minecraft/client/util/math/Vector3f,net/minecraft/class_1160
ba$a,net/minecraft/advancements/criterion/InventoryChangeTrigger$Listeners,net/minecraft/server/v1_14_R1/CriterionTriggerInventoryChanged$a,,net/minecraft/advancement/criterion/InventoryChangedCriterion$Handler,net/minecraft/class_2066$class_2067
ba$b,net/minecraft/advancements/criterion/InventoryChangeTrigger$Instance,net/minecraft/server/v1_14_R1/CriterionTriggerInventoryChanged$b,,net/minecraft/advancement/criterion/InventoryChangedCriterion$Conditions,net/minecraft/class_2066$class_2068
ba,net/minecraft/advancements/criterion/InventoryChangeTrigger,net/minecraft/server/v1_14_R1/CriterionTriggerInventoryChanged,,net/minecraft/advancement/criterion/InventoryChangedCriterion,net/minecraft/class_2066
baa,net/minecraft/item/ArmorMaterial,net/minecraft/server/v1_14_R1/EnumArmorMaterial,,net/minecraft/item/ArmorMaterials,net/minecraft/class_1740
bab,net/minecraft/item/ArmorStandItem,net/minecraft/server/v1_14_R1/ItemArmorStand,,net/minecraft/item/ArmorStandItem,net/minecraft/class_1742
bac,net/minecraft/item/ArrowItem,net/minecraft/server/v1_14_R1/ItemArrow,,net/minecraft/item/ArrowItem,net/minecraft/class_1744
bad,net/minecraft/item/AxeItem,net/minecraft/server/v1_14_R1/ItemAxe,,net/minecraft/item/AxeItem,net/minecraft/class_1743
bae,net/minecraft/item/BannerItem,net/minecraft/server/v1_14_R1/ItemBanner,,net/minecraft/item/BannerItem,net/minecraft/class_1746
baf,net/minecraft/item/BannerPatternItem,net/minecraft/server/v1_14_R1/ItemBannerPattern,,net/minecraft/item/BannerPatternItem,net/minecraft/class_1745
bag,net/minecraft/item/BedItem,net/minecraft/server/v1_14_R1/ItemBed,,net/minecraft/item/BedItem,net/minecraft/class_1748
bah,net/minecraft/item/BlockItem,net/minecraft/server/v1_14_R1/ItemBlock,,net/minecraft/item/BlockItem,net/minecraft/class_1747
bai,net/minecraft/item/BlockItemUseContext,net/minecraft/server/v1_14_R1/BlockActionContext,,net/minecraft/item/ItemPlacementContext,net/minecraft/class_1750
baj,net/minecraft/item/BoatItem,net/minecraft/server/v1_14_R1/ItemBoat,,net/minecraft/item/BoatItem,net/minecraft/class_1749
bak,net/minecraft/item/BoneMealItem,net/minecraft/server/v1_14_R1/ItemBoneMeal,,net/minecraft/item/BoneMealItem,net/minecraft/class_1752
bal,net/minecraft/item/BookItem,net/minecraft/server/v1_14_R1/ItemBook,,net/minecraft/item/BookItem,net/minecraft/class_1751
bam,net/minecraft/item/GlassBottleItem,net/minecraft/server/v1_14_R1/ItemGlassBottle,,net/minecraft/item/GlassBottleItem,net/minecraft/class_1754
ban,net/minecraft/item/BowItem,net/minecraft/server/v1_14_R1/ItemBow,,net/minecraft/item/BowItem,net/minecraft/class_1753
bao,net/minecraft/item/SoupItem,net/minecraft/server/v1_14_R1/ItemSoup,,net/minecraft/item/MushroomStewItem,net/minecraft/class_1756
bap,net/minecraft/item/BucketItem,net/minecraft/server/v1_14_R1/ItemBucket,,net/minecraft/item/BucketItem,net/minecraft/class_1755
baq,net/minecraft/item/CarrotOnAStickItem,net/minecraft/server/v1_14_R1/ItemCarrotStick,,net/minecraft/item/CarrotOnAStickItem,net/minecraft/class_1758
bar,net/minecraft/item/ChorusFruitItem,net/minecraft/server/v1_14_R1/ItemChorusFruit,,net/minecraft/item/ChorusFruitItem,net/minecraft/class_1757
bas$1,net/minecraft/item/ClockItem$1,net/minecraft/server/v1_14_R1/ItemClock$1,,net/minecraft/item/ClockItem$1,net/minecraft/class_1760$1
bas,net/minecraft/item/ClockItem,net/minecraft/server/v1_14_R1/ItemClock,,net/minecraft/item/ClockItem,net/minecraft/class_1760
bat$1,net/minecraft/item/CompassItem$1,net/minecraft/server/v1_14_R1/ItemCompass$1,,net/minecraft/item/CompassItem$1,net/minecraft/class_1759$1
bat,net/minecraft/item/CompassItem,net/minecraft/server/v1_14_R1/ItemCompass,,net/minecraft/item/CompassItem,net/minecraft/class_1759
bau,net/minecraft/item/AbstractMapItem,net/minecraft/server/v1_14_R1/ItemWorldMapBase,,net/minecraft/item/NetworkSyncedItem,net/minecraft/class_1762
bav$1,net/minecraft/item/ItemGroup$1,net/minecraft/server/v1_14_R1/CreativeModeTab$1,,net/minecraft/item/ItemGroup$1,net/minecraft/class_1761$1
bav$10,net/minecraft/item/ItemGroup$7,net/minecraft/server/v1_14_R1/CreativeModeTab$10,,net/minecraft/item/ItemGroup$10,net/minecraft/class_1761$10
bav$11,net/minecraft/item/ItemGroup$8,net/minecraft/server/v1_14_R1/CreativeModeTab$11,,net/minecraft/item/ItemGroup$11,net/minecraft/class_1761$11
bav$12,net/minecraft/item/ItemGroup$9,net/minecraft/server/v1_14_R1/CreativeModeTab$12,,net/minecraft/item/ItemGroup$12,net/minecraft/class_1761$12
bav$2,net/minecraft/item/ItemGroup$10,net/minecraft/server/v1_14_R1/CreativeModeTab$2,,net/minecraft/item/ItemGroup$2,net/minecraft/class_1761$2
bav$3,net/minecraft/item/ItemGroup$11,net/minecraft/server/v1_14_R1/CreativeModeTab$3,,net/minecraft/item/ItemGroup$3,net/minecraft/class_1761$3
bav$4,net/minecraft/item/ItemGroup$12,net/minecraft/server/v1_14_R1/CreativeModeTab$4,,net/minecraft/item/ItemGroup$4,net/minecraft/class_1761$4
bav$5,net/minecraft/item/ItemGroup$2,net/minecraft/server/v1_14_R1/CreativeModeTab$5,,net/minecraft/item/ItemGroup$5,net/minecraft/class_1761$5
bav$6,net/minecraft/item/ItemGroup$3,net/minecraft/server/v1_14_R1/CreativeModeTab$6,,net/minecraft/item/ItemGroup$6,net/minecraft/class_1761$6
bav$7,net/minecraft/item/ItemGroup$4,net/minecraft/server/v1_14_R1/CreativeModeTab$7,,net/minecraft/item/ItemGroup$7,net/minecraft/class_1761$7
bav$8,net/minecraft/item/ItemGroup$5,net/minecraft/server/v1_14_R1/CreativeModeTab$8,,net/minecraft/item/ItemGroup$8,net/minecraft/class_1761$8
bav$9,net/minecraft/item/ItemGroup$6,net/minecraft/server/v1_14_R1/CreativeModeTab$9,,net/minecraft/item/ItemGroup$9,net/minecraft/class_1761$9
bav,net/minecraft/item/ItemGroup,net/minecraft/server/v1_14_R1/CreativeModeTab,,net/minecraft/item/ItemGroup,net/minecraft/class_1761
baw,net/minecraft/item/CrossbowItem,net/minecraft/server/v1_14_R1/ItemCrossbow,,net/minecraft/item/CrossbowItem,net/minecraft/class_1764
bax,net/minecraft/item/DebugStickItem,net/minecraft/server/v1_14_R1/ItemDebugStick,,net/minecraft/item/DebugStickItem,net/minecraft/class_1763
bay,net/minecraft/item/ToolItem,net/minecraft/server/v1_14_R1/ItemTool,,net/minecraft/item/MiningToolItem,net/minecraft/class_1766
baz,net/minecraft/item/DirectionalPlaceContext,net/minecraft/server/v1_14_R1/BlockActionContextDirectional,,net/minecraft/item/AutomaticItemPlacementContext,net/minecraft/class_2968
bb$a,net/minecraft/advancements/criterion/ItemDurabilityTrigger$Listeners,net/minecraft/server/v1_14_R1/CriterionTriggerItemDurabilityChanged$a,,net/minecraft/advancement/criterion/ItemDurabilityChangedCriterion$Handler,net/minecraft/class_2069$class_2070
bb$b,net/minecraft/advancements/criterion/ItemDurabilityTrigger$Instance,net/minecraft/server/v1_14_R1/CriterionTriggerItemDurabilityChanged$b,,net/minecraft/advancement/criterion/ItemDurabilityChangedCriterion$Conditions,net/minecraft/class_2069$class_2071
bb,net/minecraft/advancements/criterion/ItemDurabilityTrigger,net/minecraft/server/v1_14_R1/CriterionTriggerItemDurabilityChanged,,net/minecraft/advancement/criterion/ItemDurabilityChangedCriterion,net/minecraft/class_2069
bba,net/minecraft/item/TallBlockItem,net/minecraft/server/v1_14_R1/ItemBisected,,net/minecraft/item/TallBlockItem,net/minecraft/class_1765
bbb,net/minecraft/item/DyeColor,net/minecraft/server/v1_14_R1/EnumColor,,net/minecraft/util/DyeColor,net/minecraft/class_1767
bbc,net/minecraft/item/DyeItem,net/minecraft/server/v1_14_R1/ItemDye,,net/minecraft/item/DyeItem,net/minecraft/class_1769
bbd,net/minecraft/item/DyeableArmorItem,net/minecraft/server/v1_14_R1/ItemArmorColorable,,net/minecraft/item/DyeableArmorItem,net/minecraft/class_4057
bbe,net/minecraft/item/DyeableHorseArmorItem,net/minecraft/server/v1_14_R1/ItemHorseArmorDyeable,,net/minecraft/item/DyeableHorseArmorItem,net/minecraft/class_4058
bbf,net/minecraft/item/IDyeableArmorItem,net/minecraft/server/v1_14_R1/IDyeable,,net/minecraft/item/DyeableItem,net/minecraft/class_1768
bbg,net/minecraft/item/EggItem,net/minecraft/server/v1_14_R1/ItemEgg,,net/minecraft/item/EggItem,net/minecraft/class_1771
bbh,net/minecraft/item/ElytraItem,net/minecraft/server/v1_14_R1/ItemElytra,,net/minecraft/item/ElytraItem,net/minecraft/class_1770
bbi,net/minecraft/item/MapItem,net/minecraft/server/v1_14_R1/ItemMapEmpty,,net/minecraft/item/EmptyMapItem,net/minecraft/class_1773
bbj,net/minecraft/item/EnchantedBookItem,net/minecraft/server/v1_14_R1/ItemEnchantedBook,,net/minecraft/item/EnchantedBookItem,net/minecraft/class_1772
bbk,net/minecraft/item/EnchantedGoldenAppleItem,net/minecraft/server/v1_14_R1/ItemGoldenAppleEnchanted,,net/minecraft/item/EnchantedGoldenAppleItem,net/minecraft/class_1775
bbl,net/minecraft/item/EnderCrystalItem,net/minecraft/server/v1_14_R1/ItemEndCrystal,,net/minecraft/item/EndCrystalItem,net/minecraft/class_1774
bbm,net/minecraft/item/EnderEyeItem,net/minecraft/server/v1_14_R1/ItemEnderEye,,net/minecraft/item/EnderEyeItem,net/minecraft/class_1777
bbn,net/minecraft/item/EnderPearlItem,net/minecraft/server/v1_14_R1/ItemEnderPearl,,net/minecraft/item/EnderPearlItem,net/minecraft/class_1776
bbo,net/minecraft/item/ExperienceBottleItem,net/minecraft/server/v1_14_R1/ItemExpBottle,,net/minecraft/item/ExperienceBottleItem,net/minecraft/class_1779
bbp,net/minecraft/item/FireChargeItem,net/minecraft/server/v1_14_R1/ItemFireball,,net/minecraft/item/FireChargeItem,net/minecraft/class_1778
bbq$a,net/minecraft/item/FireworkRocketItem$Shape,net/minecraft/server/v1_14_R1/ItemFireworks$EffectType,,net/minecraft/item/FireworkItem$Type,net/minecraft/class_1781$class_1782
bbq,net/minecraft/item/FireworkRocketItem,net/minecraft/server/v1_14_R1/ItemFireworks,,net/minecraft/item/FireworkItem,net/minecraft/class_1781
bbr,net/minecraft/item/FireworkStarItem,net/minecraft/server/v1_14_R1/ItemFireworksCharge,,net/minecraft/item/FireworkChargeItem,net/minecraft/class_1780
bbs,net/minecraft/item/FishBucketItem,net/minecraft/server/v1_14_R1/ItemFishBucket,,net/minecraft/item/FishBucketItem,net/minecraft/class_1785
bbt,net/minecraft/item/FishingRodItem,net/minecraft/server/v1_14_R1/ItemFishingRod,,net/minecraft/item/FishingRodItem,net/minecraft/class_1787
bbu,net/minecraft/item/FlintAndSteelItem,net/minecraft/server/v1_14_R1/ItemFlintAndSteel,,net/minecraft/item/FlintAndSteelItem,net/minecraft/class_1786
bbv,net/minecraft/item/OperatorOnlyItem,net/minecraft/server/v1_14_R1/ItemRestricted,,net/minecraft/item/CommandBlockItem,net/minecraft/class_1788
bbw,net/minecraft/item/HangingEntityItem,net/minecraft/server/v1_14_R1/ItemHanging,,net/minecraft/item/DecorationItem,net/minecraft/class_1790
bbx,net/minecraft/item/HoeItem,net/minecraft/server/v1_14_R1/ItemHoe,,net/minecraft/item/HoeItem,net/minecraft/class_1794
bby,net/minecraft/item/HorseArmorItem,net/minecraft/server/v1_14_R1/ItemHorseArmor,,net/minecraft/item/HorseArmorItem,net/minecraft/class_4059
bbz$a,net/minecraft/item/Item$Properties,net/minecraft/server/v1_14_R1/Item$Info,,net/minecraft/item/Item$Settings,net/minecraft/class_1792$class_1793
bbz,net/minecraft/item/Item,net/minecraft/server/v1_14_R1/Item,,net/minecraft/item/Item,net/minecraft/class_1792
bc$a,net/minecraft/advancements/criterion/ItemPredicate$Builder,net/minecraft/server/v1_14_R1/CriterionConditionItem$a,,net/minecraft/predicate/item/ItemPredicate$Builder,net/minecraft/class_2073$class_2074
bc,net/minecraft/advancements/criterion/ItemPredicate,net/minecraft/server/v1_14_R1/CriterionConditionItem,,net/minecraft/predicate/item/ItemPredicate,net/minecraft/class_2073
bca$a,net/minecraft/util/CooldownTracker$Cooldown,net/minecraft/server/v1_14_R1/ItemCooldown$Info,,net/minecraft/entity/player/ItemCooldownManager$Entry,net/minecraft/class_1796$class_1797
bca,net/minecraft/util/CooldownTracker,net/minecraft/server/v1_14_R1/ItemCooldown,,net/minecraft/entity/player/ItemCooldownManager,net/minecraft/class_1796
bcb,net/minecraft/item/ItemFrameItem,net/minecraft/server/v1_14_R1/ItemItemFrame,,net/minecraft/item/ItemFrameItem,net/minecraft/class_1795
bcc,net/minecraft/item/BlockNamedItem,net/minecraft/server/v1_14_R1/ItemNamedBlock,,net/minecraft/item/AliasedBlockItem,net/minecraft/class_1798
bcd,net/minecraft/item/IItemPropertyGetter,net/minecraft/server/v1_14_R1/IDynamicTexture,,net/minecraft/item/ItemPropertyGetter,net/minecraft/class_1800
bce,net/minecraft/item/ItemStack,net/minecraft/server/v1_14_R1/ItemStack,,net/minecraft/item/ItemStack,net/minecraft/class_1799
bcf,net/minecraft/item/Items,net/minecraft/server/v1_14_R1/Items,,net/minecraft/item/Items,net/minecraft/class_1802
bcg,net/minecraft/item/KnowledgeBookItem,net/minecraft/server/v1_14_R1/ItemKnowledgeBook,,net/minecraft/item/KnowledgeBookItem,net/minecraft/class_1801
bch,net/minecraft/item/LeadItem,net/minecraft/server/v1_14_R1/ItemLeash,,net/minecraft/item/LeadItem,net/minecraft/class_1804
bci,net/minecraft/item/LingeringPotionItem,net/minecraft/server/v1_14_R1/ItemLingeringPotion,,net/minecraft/item/LingeringPotionItem,net/minecraft/class_1803
bcj,net/minecraft/item/FilledMapItem,net/minecraft/server/v1_14_R1/ItemWorldMap,,net/minecraft/item/FilledMapItem,net/minecraft/class_1806
bck,net/minecraft/item/MilkBucketItem,net/minecraft/server/v1_14_R1/ItemMilkBucket,,net/minecraft/item/MilkBucketItem,net/minecraft/class_1805
bcl$1,net/minecraft/item/MinecartItem$1,net/minecraft/server/v1_14_R1/ItemMinecart$1,,net/minecraft/item/MinecartItem$1,net/minecraft/class_1808$1
bcl,net/minecraft/item/MinecartItem,net/minecraft/server/v1_14_R1/ItemMinecart,,net/minecraft/item/MinecartItem,net/minecraft/class_1808
bcm,net/minecraft/item/NameTagItem,net/minecraft/server/v1_14_R1/ItemNameTag,,net/minecraft/item/NameTagItem,net/minecraft/class_1807
bcn,net/minecraft/item/PickaxeItem,net/minecraft/server/v1_14_R1/ItemPickaxe,,net/minecraft/item/PickaxeItem,net/minecraft/class_1810
bco,net/minecraft/item/SkullItem,net/minecraft/server/v1_14_R1/ItemSkullPlayer,,net/minecraft/item/SkullItem,net/minecraft/class_1809
bcp,net/minecraft/item/PotionItem,net/minecraft/server/v1_14_R1/ItemPotion,,net/minecraft/item/PotionItem,net/minecraft/class_1812
bcq,net/minecraft/item/ShootableItem,net/minecraft/server/v1_14_R1/ItemProjectileWeapon,,net/minecraft/item/RangedWeaponItem,net/minecraft/class_1811
bcr,net/minecraft/item/Rarity,net/minecraft/server/v1_14_R1/EnumItemRarity,,net/minecraft/util/Rarity,net/minecraft/class_1814
bcs,net/minecraft/item/MusicDiscItem,net/minecraft/server/v1_14_R1/ItemRecord,,net/minecraft/item/MusicDiscItem,net/minecraft/class_1813
bct,net/minecraft/item/SaddleItem,net/minecraft/server/v1_14_R1/ItemSaddle,,net/minecraft/item/SaddleItem,net/minecraft/class_1816
bcu,net/minecraft/item/ScaffoldingItem,net/minecraft/server/v1_14_R1/ItemScaffolding,,net/minecraft/item/ScaffoldingItem,net/minecraft/class_3734
bcv,net/minecraft/util/ServerCooldownTracker,net/minecraft/server/v1_14_R1/ItemCooldownPlayer,,net/minecraft/server/network/ServerItemCooldownManager,net/minecraft/class_1817
bcw,net/minecraft/item/ShearsItem,net/minecraft/server/v1_14_R1/ItemShears,,net/minecraft/item/ShearsItem,net/minecraft/class_1820
bcx,net/minecraft/item/ShieldItem,net/minecraft/server/v1_14_R1/ItemShield,,net/minecraft/item/ShieldItem,net/minecraft/class_1819
bcy,net/minecraft/item/ShovelItem,net/minecraft/server/v1_14_R1/ItemSpade,,net/minecraft/item/ShovelItem,net/minecraft/class_1821
bcz,net/minecraft/item/SignItem,net/minecraft/server/v1_14_R1/ItemSign,,net/minecraft/item/SignItem,net/minecraft/class_1822
bd$a,net/minecraft/advancements/criterion/KilledByCrossbowTrigger$Listeners,net/minecraft/server/v1_14_R1/CriterionTriggerKilledByCrossbow$a,,net/minecraft/advancement/criterion/KilledByCrossbowCriterion$Handler,net/minecraft/class_2076$class_2077
bd$b,net/minecraft/advancements/criterion/KilledByCrossbowTrigger$Instance,net/minecraft/server/v1_14_R1/CriterionTriggerKilledByCrossbow$b,,net/minecraft/advancement/criterion/KilledByCrossbowCriterion$Conditions,net/minecraft/class_2076$class_2078
bd,net/minecraft/advancements/criterion/KilledByCrossbowTrigger,net/minecraft/server/v1_14_R1/CriterionTriggerKilledByCrossbow,,net/minecraft/advancement/criterion/KilledByCrossbowCriterion,net/minecraft/class_2076
bda,net/minecraft/item/SimpleFoiledItem,net/minecraft/server/v1_14_R1/ItemNetherStar,,net/minecraft/item/NetherStarItem,net/minecraft/class_1824
bdb,net/minecraft/item/SnowballItem,net/minecraft/server/v1_14_R1/ItemSnowball,,net/minecraft/item/SnowballItem,net/minecraft/class_1823
bdc,net/minecraft/item/SpawnEggItem,net/minecraft/server/v1_14_R1/ItemMonsterEgg,,net/minecraft/item/SpawnEggItem,net/minecraft/class_1826
bdd,net/minecraft/item/SpectralArrowItem,net/minecraft/server/v1_14_R1/ItemSpectralArrow,,net/minecraft/item/SpectralArrowItem,net/minecraft/class_1825
bde,net/minecraft/item/SplashPotionItem,net/minecraft/server/v1_14_R1/ItemSplashPotion,,net/minecraft/item/SplashPotionItem,net/minecraft/class_1828
bdf,net/minecraft/item/WallOrFloorItem,net/minecraft/server/v1_14_R1/ItemBlockWallable,,net/minecraft/item/WallStandingBlockItem,net/minecraft/class_1827
bdg,net/minecraft/item/SuspiciousStewItem,net/minecraft/server/v1_14_R1/ItemSuspiciousStew,,net/minecraft/item/SuspiciousStewItem,net/minecraft/class_1830
bdh,net/minecraft/item/SwordItem,net/minecraft/server/v1_14_R1/ItemSword,,net/minecraft/item/SwordItem,net/minecraft/class_1829
bdi,net/minecraft/item/IItemTier,net/minecraft/server/v1_14_R1/ToolMaterial,,net/minecraft/item/ToolMaterial,net/minecraft/class_1832
bdj,net/minecraft/item/TieredItem,net/minecraft/server/v1_14_R1/ItemToolMaterial,,net/minecraft/item/ToolItem,net/minecraft/class_1831
bdk,net/minecraft/item/ItemTier,net/minecraft/server/v1_14_R1/EnumToolMaterial,,net/minecraft/item/ToolMaterials,net/minecraft/class_1834
bdl,net/minecraft/item/TippedArrowItem,net/minecraft/server/v1_14_R1/ItemTippedArrow,,net/minecraft/item/TippedArrowItem,net/minecraft/class_1833
bdn,net/minecraft/item/TridentItem,net/minecraft/server/v1_14_R1/ItemTrident,,net/minecraft/item/TridentItem,net/minecraft/class_1835
bdo,net/minecraft/item/UseAction,net/minecraft/server/v1_14_R1/EnumAnimation,,net/minecraft/util/UseAction,net/minecraft/class_1839
bdp,net/minecraft/item/ItemUseContext,net/minecraft/server/v1_14_R1/ItemActionContext,,net/minecraft/item/ItemUsageContext,net/minecraft/class_1838
bdq,net/minecraft/item/LilyPadItem,net/minecraft/server/v1_14_R1/ItemWaterLily,,net/minecraft/item/LilyPadItem,net/minecraft/class_1841
bdr,net/minecraft/item/WritableBookItem,net/minecraft/server/v1_14_R1/ItemBookAndQuill,,net/minecraft/item/WritableBookItem,net/minecraft/class_1840
bds,net/minecraft/item/WrittenBookItem,net/minecraft/server/v1_14_R1/ItemWrittenBook,,net/minecraft/item/WrittenBookItem,net/minecraft/class_1843
bdt,net/minecraft/potion/Potion,net/minecraft/server/v1_14_R1/PotionRegistry,,net/minecraft/potion/Potion,net/minecraft/class_1842
bdu$a,net/minecraft/potion/PotionBrewing$MixPredicate,net/minecraft/server/v1_14_R1/PotionBrewer$PredicatedCombination,,net/minecraft/recipe/BrewingRecipeRegistry$Recipe,net/minecraft/class_1845$class_1846
bdu,net/minecraft/potion/PotionBrewing,net/minecraft/server/v1_14_R1/PotionBrewer,,net/minecraft/recipe/BrewingRecipeRegistry,net/minecraft/class_1845
bdv,net/minecraft/potion/PotionUtils,net/minecraft/server/v1_14_R1/PotionUtil,,net/minecraft/potion/PotionUtil,net/minecraft/class_1844
bdw,net/minecraft/potion/Potions,net/minecraft/server/v1_14_R1/Potions,,net/minecraft/potion/Potions,net/minecraft/class_1847
bdy,net/minecraft/item/crafting/AbstractCookingRecipe,net/minecraft/server/v1_14_R1/RecipeCooking,,net/minecraft/recipe/AbstractCookingRecipe,net/minecraft/class_1874
bdz,net/minecraft/item/crafting/ArmorDyeRecipe,net/minecraft/server/v1_14_R1/RecipeArmorDye,,net/minecraft/recipe/ArmorDyeRecipe,net/minecraft/class_1849
be$a,net/minecraft/advancements/criterion/KilledTrigger$Listeners,net/minecraft/server/v1_14_R1/CriterionTriggerKilled$a,,net/minecraft/advancement/criterion/OnKilledCriterion$Handler,net/minecraft/class_2080$class_2082
be$b,net/minecraft/advancements/criterion/KilledTrigger$Instance,net/minecraft/server/v1_14_R1/CriterionTriggerKilled$b,,net/minecraft/advancement/criterion/OnKilledCriterion$Conditions,net/minecraft/class_2080$class_2083
be,net/minecraft/advancements/criterion/KilledTrigger,net/minecraft/server/v1_14_R1/CriterionTriggerKilled,,net/minecraft/advancement/criterion/OnKilledCriterion,net/minecraft/class_2080
bea,net/minecraft/item/crafting/BannerDuplicateRecipe,net/minecraft/server/v1_14_R1/RecipeBannerDuplicate,,net/minecraft/recipe/BannerDuplicateRecipe,net/minecraft/class_1848
beb,net/minecraft/item/crafting/BlastingRecipe,net/minecraft/server/v1_14_R1/RecipeBlasting,,net/minecraft/recipe/BlastingRecipe,net/minecraft/class_3859
bec,net/minecraft/item/crafting/BookCloningRecipe,net/minecraft/server/v1_14_R1/RecipeBookClone,,net/minecraft/recipe/BookCloningRecipe,net/minecraft/class_1850
bed,net/minecraft/item/crafting/CampfireCookingRecipe,net/minecraft/server/v1_14_R1/RecipeCampfire,,net/minecraft/recipe/CampfireCookingRecipe,net/minecraft/class_3920
bee,net/minecraft/item/crafting/ICraftingRecipe,net/minecraft/server/v1_14_R1/RecipeCrafting,,net/minecraft/recipe/CraftingRecipe,net/minecraft/class_3955
bef,net/minecraft/item/crafting/SpecialRecipe,net/minecraft/server/v1_14_R1/IRecipeComplex,,net/minecraft/recipe/SpecialCraftingRecipe,net/minecraft/class_1852
beg,net/minecraft/item/crafting/FireworkRocketRecipe,net/minecraft/server/v1_14_R1/RecipeFireworks,,net/minecraft/recipe/FireworkRocketRecipe,net/minecraft/class_1851
beh,net/minecraft/item/crafting/FireworkStarFadeRecipe,net/minecraft/server/v1_14_R1/RecipeFireworksFade,,net/minecraft/recipe/FireworkStarFadeRecipe,net/minecraft/class_1854
bei,net/minecraft/item/crafting/FireworkStarRecipe,net/minecraft/server/v1_14_R1/RecipeFireworksStar,,net/minecraft/recipe/FireworkStarRecipe,net/minecraft/class_1853
bej$a,net/minecraft/item/crafting/Ingredient$SingleItemList,net/minecraft/server/v1_14_R1/RecipeItemStack$StackProvider,,net/minecraft/recipe/Ingredient$StackEntry,net/minecraft/class_1856$class_1857
bej$b,net/minecraft/item/crafting/Ingredient$TagList,net/minecraft/server/v1_14_R1/RecipeItemStack$b,,net/minecraft/recipe/Ingredient$TagEntry,net/minecraft/class_1856$class_1858
bej$c,net/minecraft/item/crafting/Ingredient$IItemList,net/minecraft/server/v1_14_R1/RecipeItemStack$Provider,,net/minecraft/recipe/Ingredient$Entry,net/minecraft/class_1856$class_1859
bej,net/minecraft/item/crafting/Ingredient,net/minecraft/server/v1_14_R1/RecipeItemStack,,net/minecraft/recipe/Ingredient,net/minecraft/class_1856
bek,net/minecraft/item/crafting/MapCloningRecipe,net/minecraft/server/v1_14_R1/RecipeMapClone,,net/minecraft/recipe/MapCloningRecipe,net/minecraft/class_1855
bel,net/minecraft/item/crafting/MapExtendingRecipe,net/minecraft/server/v1_14_R1/RecipeMapExtend,,net/minecraft/recipe/MapExtendingRecipe,net/minecraft/class_1861
bem,net/minecraft/item/crafting/IRecipe,net/minecraft/server/v1_14_R1/IRecipe,,net/minecraft/recipe/Recipe,net/minecraft/class_1860
ben,net/minecraft/item/crafting/RecipeManager,net/minecraft/server/v1_14_R1/CraftingManager,,net/minecraft/recipe/RecipeManager,net/minecraft/class_1863
beo,net/minecraft/item/crafting/IRecipeSerializer,net/minecraft/server/v1_14_R1/RecipeSerializer,,net/minecraft/recipe/RecipeSerializer,net/minecraft/class_1865
bep$1,net/minecraft/item/crafting/IRecipeType$1,net/minecraft/server/v1_14_R1/Recipes$1,,net/minecraft/recipe/RecipeType$1,net/minecraft/class_3956$1
bep,net/minecraft/item/crafting/IRecipeType,net/minecraft/server/v1_14_R1/Recipes,,net/minecraft/recipe/RecipeType,net/minecraft/class_3956
beq,net/minecraft/item/crafting/RepairItemRecipe,net/minecraft/server/v1_14_R1/RecipeRepair,,net/minecraft/recipe/RepairItemRecipe,net/minecraft/class_4317
ber$a,net/minecraft/item/crafting/ShapedRecipe$Serializer,net/minecraft/server/v1_14_R1/ShapedRecipes$a,,net/minecraft/recipe/ShapedRecipe$Serializer,net/minecraft/class_1869$class_1870
ber,net/minecraft/item/crafting/ShapedRecipe,net/minecraft/server/v1_14_R1/ShapedRecipes,,net/minecraft/recipe/ShapedRecipe,net/minecraft/class_1869
bes$a,net/minecraft/item/crafting/ShapelessRecipe$Serializer,net/minecraft/server/v1_14_R1/ShapelessRecipes$a,,net/minecraft/recipe/ShapelessRecipe$Serializer,net/minecraft/class_1867$class_1868
bes,net/minecraft/item/crafting/ShapelessRecipe,net/minecraft/server/v1_14_R1/ShapelessRecipes,,net/minecraft/recipe/ShapelessRecipe,net/minecraft/class_1867
bet,net/minecraft/item/crafting/ShieldRecipes,net/minecraft/server/v1_14_R1/RecipiesShield,,net/minecraft/recipe/ShieldDecorationRecipe,net/minecraft/class_1872
beu,net/minecraft/item/crafting/ShulkerBoxColoringRecipe,net/minecraft/server/v1_14_R1/RecipeShulkerBox,,net/minecraft/recipe/ShulkerBoxColoringRecipe,net/minecraft/class_1871
bev$a,net/minecraft/item/crafting/CookingRecipeSerializer$IFactory,net/minecraft/server/v1_14_R1/RecipeSerializerCooking$a,,net/minecraft/recipe/CookingRecipeSerializer$RecipeFactory,net/minecraft/class_3957$class_3958
bev,net/minecraft/item/crafting/CookingRecipeSerializer,net/minecraft/server/v1_14_R1/RecipeSerializerCooking,,net/minecraft/recipe/CookingRecipeSerializer,net/minecraft/class_3957
bew,net/minecraft/item/crafting/SpecialRecipeSerializer,net/minecraft/server/v1_14_R1/RecipeSerializerComplex,,net/minecraft/recipe/SpecialRecipeSerializer,net/minecraft/class_1866
bex$a$a,net/minecraft/item/crafting/SingleItemRecipe$Serializer$IRecipeFactory,net/minecraft/server/v1_14_R1/RecipeSingleItem$a$a,,net/minecraft/recipe/CuttingRecipe$Serializer$class_3974,net/minecraft/class_3972$class_3973$class_3974
bex$a,net/minecraft/item/crafting/SingleItemRecipe$Serializer,net/minecraft/server/v1_14_R1/RecipeSingleItem$a,,net/minecraft/recipe/CuttingRecipe$Serializer,net/minecraft/class_3972$class_3973
bex,net/minecraft/item/crafting/SingleItemRecipe,net/minecraft/server/v1_14_R1/RecipeSingleItem,,net/minecraft/recipe/CuttingRecipe,net/minecraft/class_3972
bey,net/minecraft/item/crafting/FurnaceRecipe,net/minecraft/server/v1_14_R1/FurnaceRecipe,,net/minecraft/recipe/SmeltingRecipe,net/minecraft/class_3861
bez,net/minecraft/item/crafting/SmokingRecipe,net/minecraft/server/v1_14_R1/RecipeSmoking,,net/minecraft/recipe/SmokingRecipe,net/minecraft/class_3862
bf$a,net/minecraft/advancements/criterion/LevitationTrigger$Listeners,net/minecraft/server/v1_14_R1/CriterionTriggerLevitation$a,,net/minecraft/advancement/criterion/LevitationCriterion$Handler,net/minecraft/class_2085$class_2086
bf$b,net/minecraft/advancements/criterion/LevitationTrigger$Instance,net/minecraft/server/v1_14_R1/CriterionTriggerLevitation$b,,net/minecraft/advancement/criterion/LevitationCriterion$Conditions,net/minecraft/class_2085$class_2087
bf,net/minecraft/advancements/criterion/LevitationTrigger,net/minecraft/server/v1_14_R1/CriterionTriggerLevitation,,net/minecraft/advancement/criterion/LevitationCriterion,net/minecraft/class_2085
bfa,net/minecraft/item/crafting/StonecuttingRecipe,net/minecraft/server/v1_14_R1/RecipeStonecutting,,net/minecraft/recipe/StonecuttingRecipe,net/minecraft/class_3975
bfb,net/minecraft/item/crafting/SuspiciousStewRecipe,net/minecraft/server/v1_14_R1/RecipeSuspiciousStew,,net/minecraft/recipe/SuspiciousStewRecipe,net/minecraft/class_1873
bfc,net/minecraft/item/crafting/TippedArrowRecipe,net/minecraft/server/v1_14_R1/RecipeTippedArrow,,net/minecraft/recipe/TippedArrowRecipe,net/minecraft/class_1876
bfe,net/minecraft/enchantment/PowerEnchantment,net/minecraft/server/v1_14_R1/EnchantmentArrowDamage,,net/minecraft/enchantment/PowerEnchantment,net/minecraft/class_1878
bff,net/minecraft/enchantment/FlameEnchantment,net/minecraft/server/v1_14_R1/EnchantmentFlameArrows,,net/minecraft/enchantment/FlameEnchantment,net/minecraft/class_1877
bfg,net/minecraft/enchantment/InfinityEnchantment,net/minecraft/server/v1_14_R1/EnchantmentInfiniteArrows,,net/minecraft/enchantment/InfinityEnchantment,net/minecraft/class_1880
bfh,net/minecraft/enchantment/PunchEnchantment,net/minecraft/server/v1_14_R1/EnchantmentArrowKnockback,,net/minecraft/enchantment/PunchEnchantment,net/minecraft/class_1879
bfi,net/minecraft/enchantment/PiercingEnchantment,net/minecraft/server/v1_14_R1/EnchantmentPiercing,,net/minecraft/enchantment/PiercingEnchantment,net/minecraft/class_1881
bfj,net/minecraft/enchantment/BindingCurseEnchantment,net/minecraft/server/v1_14_R1/EnchantmentBinding,,net/minecraft/enchantment/BindingCurseEnchantment,net/minecraft/class_1883
bfk,net/minecraft/enchantment/DamageEnchantment,net/minecraft/server/v1_14_R1/EnchantmentWeaponDamage,,net/minecraft/enchantment/DamageEnchantment,net/minecraft/class_1882
bfl,net/minecraft/enchantment/UnbreakingEnchantment,net/minecraft/server/v1_14_R1/EnchantmentDurability,,net/minecraft/enchantment/UnbreakingEnchantment,net/minecraft/class_1885
bfm,net/minecraft/enchantment/EfficiencyEnchantment,net/minecraft/server/v1_14_R1/EnchantmentDigging,,net/minecraft/enchantment/EfficiencyEnchantment,net/minecraft/class_1884
bfn$a,net/minecraft/enchantment/Enchantment$Rarity,net/minecraft/server/v1_14_R1/Enchantment$Rarity,,net/minecraft/enchantment/Enchantment$Weight,net/minecraft/class_1887$class_1888
bfn,net/minecraft/enchantment/Enchantment,net/minecraft/server/v1_14_R1/Enchantment,,net/minecraft/enchantment/Enchantment,net/minecraft/class_1887
bfo$1,net/minecraft/enchantment/EnchantmentType$1,net/minecraft/server/v1_14_R1/EnchantmentSlotType$1,,net/minecraft/enchantment/EnchantmentTarget$1,net/minecraft/class_1886$1
bfo$10,net/minecraft/enchantment/EnchantmentType$5,net/minecraft/server/v1_14_R1/EnchantmentSlotType$10,,net/minecraft/enchantment/EnchantmentTarget$10,net/minecraft/class_1886$10
bfo$11,net/minecraft/enchantment/EnchantmentType$6,net/minecraft/server/v1_14_R1/EnchantmentSlotType$11,,net/minecraft/enchantment/EnchantmentTarget$11,net/minecraft/class_1886$11
bfo$12,net/minecraft/enchantment/EnchantmentType$7,net/minecraft/server/v1_14_R1/EnchantmentSlotType$12,,net/minecraft/enchantment/EnchantmentTarget$12,net/minecraft/class_1886$12
bfo$13,net/minecraft/enchantment/EnchantmentType$8,net/minecraft/server/v1_14_R1/EnchantmentSlotType$13,,net/minecraft/enchantment/EnchantmentTarget$13,net/minecraft/class_1886$13
bfo$14,net/minecraft/enchantment/EnchantmentType$9,net/minecraft/server/v1_14_R1/EnchantmentSlotType$14,,net/minecraft/enchantment/EnchantmentTarget$14,net/minecraft/class_1886$14
bfo$2,net/minecraft/enchantment/EnchantmentType$10,net/minecraft/server/v1_14_R1/EnchantmentSlotType$2,,net/minecraft/enchantment/EnchantmentTarget$2,net/minecraft/class_1886$2
bfo$3,net/minecraft/enchantment/EnchantmentType$11,net/minecraft/server/v1_14_R1/EnchantmentSlotType$3,,net/minecraft/enchantment/EnchantmentTarget$3,net/minecraft/class_1886$3
bfo$4,net/minecraft/enchantment/EnchantmentType$12,net/minecraft/server/v1_14_R1/EnchantmentSlotType$4,,net/minecraft/enchantment/EnchantmentTarget$4,net/minecraft/class_1886$4
bfo$5,net/minecraft/enchantment/EnchantmentType$13,net/minecraft/server/v1_14_R1/EnchantmentSlotType$5,,net/minecraft/enchantment/EnchantmentTarget$5,net/minecraft/class_1886$5
bfo$6,net/minecraft/enchantment/EnchantmentType$14,net/minecraft/server/v1_14_R1/EnchantmentSlotType$6,,net/minecraft/enchantment/EnchantmentTarget$6,net/minecraft/class_1886$6
bfo$7,net/minecraft/enchantment/EnchantmentType$2,net/minecraft/server/v1_14_R1/EnchantmentSlotType$7,,net/minecraft/enchantment/EnchantmentTarget$7,net/minecraft/class_1886$7
bfo$8,net/minecraft/enchantment/EnchantmentType$3,net/minecraft/server/v1_14_R1/EnchantmentSlotType$8,,net/minecraft/enchantment/EnchantmentTarget$8,net/minecraft/class_1886$8
bfo$9,net/minecraft/enchantment/EnchantmentType$4,net/minecraft/server/v1_14_R1/EnchantmentSlotType$9,,net/minecraft/enchantment/EnchantmentTarget$9,net/minecraft/class_1886$9
bfo,net/minecraft/enchantment/EnchantmentType,net/minecraft/server/v1_14_R1/EnchantmentSlotType,,net/minecraft/enchantment/EnchantmentTarget,net/minecraft/class_1886
bfp$a,net/minecraft/enchantment/EnchantmentHelper$IEnchantmentVisitor,net/minecraft/server/v1_14_R1/EnchantmentManager$a,,net/minecraft/enchantment/EnchantmentHelper$Consumer,net/minecraft/class_1890$class_1891
bfp,net/minecraft/enchantment/EnchantmentHelper,net/minecraft/server/v1_14_R1/EnchantmentManager,,net/minecraft/enchantment/EnchantmentHelper,net/minecraft/class_1890
bfq,net/minecraft/enchantment/EnchantmentData,net/minecraft/server/v1_14_R1/WeightedRandomEnchant,,net/minecraft/enchantment/InfoEnchantment,net/minecraft/class_1889
bfr,net/minecraft/enchantment/Enchantments,net/minecraft/server/v1_14_R1/Enchantments,,net/minecraft/enchantment/Enchantments,net/minecraft/class_1893
bfs,net/minecraft/enchantment/FireAspectEnchantment,net/minecraft/server/v1_14_R1/EnchantmentFire,,net/minecraft/enchantment/FireAspectEnchantment,net/minecraft/class_1892
bft,net/minecraft/enchantment/LureEnchantment,net/minecraft/server/v1_14_R1/EnchantmentLure,,net/minecraft/enchantment/LureEnchantment,net/minecraft/class_1895
bfu,net/minecraft/enchantment/FrostWalkerEnchantment,net/minecraft/server/v1_14_R1/EnchantmentFrostWalker,,net/minecraft/enchantment/FrostWalkerEnchantment,net/minecraft/class_1894
bfv,net/minecraft/enchantment/KnockbackEnchantment,net/minecraft/server/v1_14_R1/EnchantmentKnockback,,net/minecraft/enchantment/KnockbackEnchantment,net/minecraft/class_1897
bfw,net/minecraft/enchantment/LootBonusEnchantment,net/minecraft/server/v1_14_R1/EnchantmentLootBonus,,net/minecraft/enchantment/LuckEnchantment,net/minecraft/class_1896
bfx,net/minecraft/enchantment/MendingEnchantment,net/minecraft/server/v1_14_R1/EnchantmentMending,,net/minecraft/enchantment/MendingEnchantment,net/minecraft/class_1899
bfy,net/minecraft/enchantment/MultishotEnchantment,net/minecraft/server/v1_14_R1/EnchantmentMultishot,,net/minecraft/enchantment/MultishotEnchantment,net/minecraft/class_1898
bfz,net/minecraft/enchantment/RespirationEnchantment,net/minecraft/server/v1_14_R1/EnchantmentOxygen,,net/minecraft/enchantment/RespirationEnchantment,net/minecraft/class_1902
bg$a,net/minecraft/advancements/criterion/LocationPredicate$Builder,net/minecraft/server/v1_14_R1/CriterionConditionLocation$a,,net/minecraft/predicate/entity/LocationPredicate$Builder,net/minecraft/class_2090$class_2091
bg,net/minecraft/advancements/criterion/LocationPredicate,net/minecraft/server/v1_14_R1/CriterionConditionLocation,,net/minecraft/predicate/entity/LocationPredicate,net/minecraft/class_2090
bga$a,net/minecraft/enchantment/ProtectionEnchantment$Type,net/minecraft/server/v1_14_R1/EnchantmentProtection$DamageType,,net/minecraft/enchantment/ProtectionEnchantment$Type,net/minecraft/class_1900$class_1901
bga,net/minecraft/enchantment/ProtectionEnchantment,net/minecraft/server/v1_14_R1/EnchantmentProtection,,net/minecraft/enchantment/ProtectionEnchantment,net/minecraft/class_1900
bgb,net/minecraft/enchantment/QuickChargeEnchantment,net/minecraft/server/v1_14_R1/EnchantmentQuickCharge,,net/minecraft/enchantment/QuickChargeEnchantment,net/minecraft/class_1904
bgc,net/minecraft/enchantment/SweepingEnchantment,net/minecraft/server/v1_14_R1/EnchantmentSweeping,,net/minecraft/enchantment/SweepingEnchantment,net/minecraft/class_1903
bgd,net/minecraft/enchantment/ThornsEnchantment,net/minecraft/server/v1_14_R1/EnchantmentThorns,,net/minecraft/enchantment/ThornsEnchantment,net/minecraft/class_1906
bge,net/minecraft/enchantment/ChannelingEnchantment,net/minecraft/server/v1_14_R1/EnchantmentTridentChanneling,,net/minecraft/enchantment/ChannelingEnchantment,net/minecraft/class_1905
bgf,net/minecraft/enchantment/ImpalingEnchantment,net/minecraft/server/v1_14_R1/EnchantmentTridentImpaling,,net/minecraft/enchantment/ImpalingEnchantment,net/minecraft/class_1908
bgg,net/minecraft/enchantment/LoyaltyEnchantment,net/minecraft/server/v1_14_R1/EnchantmentTridentLoyalty,,net/minecraft/enchantment/LoyaltyEnchantment,net/minecraft/class_1907
bgh,net/minecraft/enchantment/RiptideEnchantment,net/minecraft/server/v1_14_R1/EnchantmentTridentRiptide,,net/minecraft/enchantment/RiptideEnchantment,net/minecraft/class_1910
bgi,net/minecraft/enchantment/SilkTouchEnchantment,net/minecraft/server/v1_14_R1/EnchantmentSilkTouch,,net/minecraft/enchantment/SilkTouchEnchantment,net/minecraft/class_1909
bgj,net/minecraft/enchantment/VanishingCurseEnchantment,net/minecraft/server/v1_14_R1/EnchantmentVanishing,,net/minecraft/enchantment/VanishingCurseEnchantment,net/minecraft/class_1911
bgk,net/minecraft/enchantment/DepthStriderEnchantment,net/minecraft/server/v1_14_R1/EnchantmentDepthStrider,,net/minecraft/enchantment/DepthStriderEnchantment,net/minecraft/class_1913
bgl,net/minecraft/enchantment/AquaAffinityEnchantment,net/minecraft/server/v1_14_R1/EnchantmentWaterWorker,,net/minecraft/enchantment/AquaAffinityEnchantment,net/minecraft/class_1912
bgo,net/minecraft/entity/merchant/IMerchant,net/minecraft/server/v1_14_R1/IMerchant,,net/minecraft/village/Trader,net/minecraft/class_1915
bgp,net/minecraft/item/MerchantOffer,net/minecraft/server/v1_14_R1/MerchantRecipe,,net/minecraft/village/TradeOffer,net/minecraft/class_1914
bgq,net/minecraft/item/MerchantOffers,net/minecraft/server/v1_14_R1/MerchantRecipeList,,net/minecraft/village/TraderOfferList,net/minecraft/class_1916
bgs,net/minecraft/tileentity/CommandBlockLogic,net/minecraft/server/v1_14_R1/CommandBlockListenerAbstract,,net/minecraft/world/CommandBlockExecutor,net/minecraft/class_1918
bgt,net/minecraft/world/spawner/AbstractSpawner,net/minecraft/server/v1_14_R1/MobSpawnerAbstract,,net/minecraft/world/MobSpawnerLogic,net/minecraft/class_1917
bgu,net/minecraft/world/IEnviromentBlockReader,net/minecraft/server/v1_14_R1/IIBlockAccess,,net/minecraft/world/ExtendedBlockView,net/minecraft/class_1920
bgv,net/minecraft/block/BlockEventData,net/minecraft/server/v1_14_R1/BlockActionData,,net/minecraft/server/world/BlockAction,net/minecraft/class_1919
bgw,net/minecraft/world/IBlockReader,net/minecraft/server/v1_14_R1/IBlockAccess,,net/minecraft/world/BlockView,net/minecraft/class_1922
bgx,net/minecraft/util/BlockRenderLayer,net/minecraft/server/v1_14_R1/TextureType,,net/minecraft/block/BlockRenderLayer,net/minecraft/class_1921
bgy$1,net/minecraft/util/math/ChunkPos$1,net/minecraft/server/v1_14_R1/ChunkCoordIntPair$1,,net/minecraft/util/math/ChunkPos$1,net/minecraft/class_1923$1
bgy,net/minecraft/util/math/ChunkPos,net/minecraft/server/v1_14_R1/ChunkCoordIntPair,,net/minecraft/util/math/ChunkPos,net/minecraft/class_1923
bgz,net/minecraft/world/SerializableTickList,net/minecraft/server/v1_14_R1/TickListChunk,,net/minecraft/server/world/SimpleTickScheduler,net/minecraft/class_4296
bh$a,net/minecraft/advancements/criterion/PositionTrigger$Listeners,net/minecraft/server/v1_14_R1/CriterionTriggerLocation$a,,net/minecraft/advancement/criterion/LocationArrivalCriterion$Handler,net/minecraft/class_2092$class_2093
bh$b,net/minecraft/advancements/criterion/PositionTrigger$Instance,net/minecraft/server/v1_14_R1/CriterionTriggerLocation$b,,net/minecraft/advancement/criterion/LocationArrivalCriterion$Conditions,net/minecraft/class_2092$class_2094
bh,net/minecraft/advancements/criterion/PositionTrigger,net/minecraft/server/v1_14_R1/CriterionTriggerLocation,,net/minecraft/advancement/criterion/LocationArrivalCriterion,net/minecraft/class_2092
bha$a,net/minecraft/util/math/RayTraceContext$BlockMode,net/minecraft/server/v1_14_R1/RayTrace$BlockCollisionOption,,net/minecraft/world/RayTraceContext$ShapeType,net/minecraft/class_3959$class_3960
bha$b,net/minecraft/util/math/RayTraceContext$FluidMode,net/minecraft/server/v1_14_R1/RayTrace$FluidCollisionOption,,net/minecraft/world/RayTraceContext$FluidHandling,net/minecraft/class_3959$class_242
bha$c,net/minecraft/util/math/RayTraceContext$IVoxelProvider,net/minecraft/server/v1_14_R1/RayTrace$c,,net/minecraft/world/RayTraceContext$ShapeProvider,net/minecraft/class_3959$class_3961
bha,net/minecraft/util/math/RayTraceContext,net/minecraft/server/v1_14_R1/RayTrace,,net/minecraft/world/RayTraceContext,net/minecraft/class_3959
bhc,net/minecraft/world/EmptyBlockReader,net/minecraft/server/v1_14_R1/BlockAccessAir,,net/minecraft/world/EmptyBlockView,net/minecraft/class_2682
bhd,net/minecraft/world/EmptyTickList,net/minecraft/server/v1_14_R1/TickListEmpty,,net/minecraft/client/world/DummyClientTickScheduler,net/minecraft/class_1925
bhe,net/minecraft/world/IEntityReader,net/minecraft/server/v1_14_R1/IEntityAccess,,net/minecraft/world/EntityView,net/minecraft/class_1924
bhf$a,net/minecraft/world/Explosion$Mode,net/minecraft/server/v1_14_R1/Explosion$Effect,,net/minecraft/world/explosion/Explosion$DestructionType,net/minecraft/class_1927$class_4179
bhf,net/minecraft/world/Explosion,net/minecraft/server/v1_14_R1/Explosion,,net/minecraft/world/explosion/Explosion,net/minecraft/class_1927
bhh,net/minecraft/world/ForcedChunksSaveData,net/minecraft/server/v1_14_R1/ForcedChunk,,net/minecraft/world/ForcedChunkState,net/minecraft/class_1932
bhi$a,net/minecraft/world/GameRules$BooleanValue,net/minecraft/server/v1_14_R1/GameRules$GameRuleBoolean,,net/minecraft/world/GameRules$BooleanRule,net/minecraft/class_1928$class_4310
bhi$b,net/minecraft/world/GameRules$IRuleEntryVisitor,net/minecraft/server/v1_14_R1/GameRules$GameRuleVisitor,,net/minecraft/world/GameRules$RuleConsumer,net/minecraft/class_1928$class_4311
bhi$c,net/minecraft/world/GameRules$IntegerValue,net/minecraft/server/v1_14_R1/GameRules$GameRuleInt,,net/minecraft/world/GameRules$IntRule,net/minecraft/class_1928$class_4312
bhi$d,net/minecraft/world/GameRules$RuleKey,net/minecraft/server/v1_14_R1/GameRules$GameRuleKey,,net/minecraft/world/GameRules$RuleKey,net/minecraft/class_1928$class_4313
bhi$e,net/minecraft/world/GameRules$RuleType,net/minecraft/server/v1_14_R1/GameRules$GameRuleDefinition,,net/minecraft/world/GameRules$RuleType,net/minecraft/class_1928$class_4314
bhi$f,net/minecraft/world/GameRules$RuleValue,net/minecraft/server/v1_14_R1/GameRules$GameRuleValue,,net/minecraft/world/GameRules$Rule,net/minecraft/class_1928$class_4315
bhi,net/minecraft/world/GameRules,net/minecraft/server/v1_14_R1/GameRules,,net/minecraft/world/GameRules,net/minecraft/class_1928
bhj,net/minecraft/world/GameType,net/minecraft/server/v1_14_R1/EnumGamemode,,net/minecraft/world/GameMode,net/minecraft/class_1934
bhl,net/minecraft/util/IItemProvider,net/minecraft/server/v1_14_R1/IMaterial,,net/minecraft/item/ItemConvertible,net/minecraft/class_1935
bhm,net/minecraft/world/World,net/minecraft/server/v1_14_R1/World,,net/minecraft/world/World,net/minecraft/class_1937
bhn,net/minecraft/world/IWorld,net/minecraft/server/v1_14_R1/GeneratorAccess,,net/minecraft/world/IWorld,net/minecraft/class_1936
bho,net/minecraft/world/storage/SessionLockException,net/minecraft/server/v1_14_R1/ExceptionWorldConflict,,net/minecraft/world/SessionLockException,net/minecraft/class_1939
bhp$1,net/minecraft/world/IWorldReader$1,net/minecraft/server/v1_14_R1/IWorldReader$1,,net/minecraft/world/ViewableWorld$1,net/minecraft/class_1941$1
bhp,net/minecraft/world/IWorldReader,net/minecraft/server/v1_14_R1/IWorldReader,,net/minecraft/world/ViewableWorld,net/minecraft/class_1941
bhq,net/minecraft/world/WorldSettings,net/minecraft/server/v1_14_R1/WorldSettings,,net/minecraft/world/level/LevelInfo,net/minecraft/class_1940
bhr,net/minecraft/world/gen/IWorldGenerationReader,net/minecraft/server/v1_14_R1/VirtualLevelWritable,,net/minecraft/world/ModifiableTestableWorld,net/minecraft/class_3747
bhs,net/minecraft/world/gen/IWorldGenerationBaseReader,net/minecraft/server/v1_14_R1/VirtualLevelReadable,,net/minecraft/world/TestableWorld,net/minecraft/class_3746
bht,net/minecraft/world/WorldType,net/minecraft/server/v1_14_R1/WorldType,,net/minecraft/world/level/LevelGeneratorType,net/minecraft/class_1942
bhu,net/minecraft/world/IWorldWriter,net/minecraft/server/v1_14_R1/IWorldWriter,,net/minecraft/world/ModifiableWorld,net/minecraft/class_1945
bhv,net/minecraft/world/LightType,net/minecraft/server/v1_14_R1/EnumSkyBlock,,net/minecraft/world/LightType,net/minecraft/class_1944
bhw,net/minecraft/world/spawner/WorldEntitySpawner,net/minecraft/server/v1_14_R1/SpawnerCreature,,net/minecraft/world/SpawnHelper,net/minecraft/class_1948
bhx,net/minecraft/world/Region,net/minecraft/server/v1_14_R1/ChunkCache,,net/minecraft/world/chunk/ChunkCache,net/minecraft/class_1950
bhy$a,net/minecraft/world/Teleporter$PortalPosition,net/minecraft/server/v1_14_R1/PortalTravelAgent$ChunkCoordinatesPortal,,net/minecraft/world/PortalForcer$TicketInfo,net/minecraft/class_1946$class_1947
bhy,net/minecraft/world/Teleporter,net/minecraft/server/v1_14_R1/PortalTravelAgent,,net/minecraft/world/PortalForcer,net/minecraft/class_1946
bhz,net/minecraft/world/ServerTickList,net/minecraft/server/v1_14_R1/TickListServer,,net/minecraft/server/world/ServerTickScheduler,net/minecraft/class_1949
bi$a,net/minecraft/advancements/criterion/MinMaxBounds$IBoundFactory,net/minecraft/server/v1_14_R1/CriterionConditionValue$a,,net/minecraft/util/NumberRange$Factory,net/minecraft/class_2096$class_2097
bi$b,net/minecraft/advancements/criterion/MinMaxBounds$IBoundReader,net/minecraft/server/v1_14_R1/CriterionConditionValue$b,,net/minecraft/util/NumberRange$class_2098,net/minecraft/class_2096$class_2098
bi$c,net/minecraft/advancements/criterion/MinMaxBounds$FloatBound,net/minecraft/server/v1_14_R1/CriterionConditionValue$FloatRange,,net/minecraft/util/NumberRange$FloatRange,net/minecraft/class_2096$class_2099
bi$d,net/minecraft/advancements/criterion/MinMaxBounds$IntBound,net/minecraft/server/v1_14_R1/CriterionConditionValue$IntegerRange,,net/minecraft/util/NumberRange$IntRange,net/minecraft/class_2096$class_2100
bi,net/minecraft/advancements/criterion/MinMaxBounds,net/minecraft/server/v1_14_R1/CriterionConditionValue,,net/minecraft/util/NumberRange,net/minecraft/class_2096
bia,net/minecraft/util/WeightedSpawnerEntity,net/minecraft/server/v1_14_R1/MobSpawnerData,,net/minecraft/world/MobSpawnerEntry,net/minecraft/class_1952
bib,net/minecraft/world/ITickList,net/minecraft/server/v1_14_R1/TickList,,net/minecraft/world/TickScheduler,net/minecraft/class_1951
bic,net/minecraft/world/NextTickListEntry,net/minecraft/server/v1_14_R1/NextTickListEntry,,net/minecraft/world/ScheduledTick,net/minecraft/class_1954
bid,net/minecraft/world/TickPriority,net/minecraft/server/v1_14_R1/TickListPriority,,net/minecraft/util/TaskPriority,net/minecraft/class_1953
bie,net/minecraft/world/biome/BadlandsBiome,net/minecraft/server/v1_14_R1/BiomeMesa,,net/minecraft/world/biome/BadlandsBiome,net/minecraft/class_1956
bif,net/minecraft/world/biome/BadlandsPlateauBiome,net/minecraft/server/v1_14_R1/BiomeMesaPlataeuClear,,net/minecraft/world/biome/BadlandsPlateauBiome,net/minecraft/class_1955
big,net/minecraft/world/biome/BambooJungleBiome,net/minecraft/server/v1_14_R1/BiomeBambooJungle,,net/minecraft/world/biome/BambooJungleBiome,net/minecraft/class_1958
bih,net/minecraft/world/biome/BambooJungleHillsBiome,net/minecraft/server/v1_14_R1/BiomeBambooJungleHills,,net/minecraft/world/biome/BambooJungleHillsBiome,net/minecraft/class_1957
bii,net/minecraft/world/biome/BeachBiome,net/minecraft/server/v1_14_R1/BiomeBeach,,net/minecraft/world/biome/BeachBiome,net/minecraft/class_1965
bij$a,net/minecraft/world/biome/Biome$Builder,net/minecraft/server/v1_14_R1/BiomeBase$a,,net/minecraft/world/biome/Biome$Settings,net/minecraft/class_1959$class_1960
bij$b,net/minecraft/world/biome/Biome$Category,net/minecraft/server/v1_14_R1/BiomeBase$Geography,,net/minecraft/world/biome/Biome$Category,net/minecraft/class_1959$class_1961
bij$c,net/minecraft/world/biome/Biome$TempCategory,net/minecraft/server/v1_14_R1/BiomeBase$EnumTemperature,,net/minecraft/world/biome/Biome$TemperatureGroup,net/minecraft/class_1959$class_1962
bij$d,net/minecraft/world/biome/Biome$RainType,net/minecraft/server/v1_14_R1/BiomeBase$Precipitation,,net/minecraft/world/biome/Biome$Precipitation,net/minecraft/class_1959$class_1963
bij$e,net/minecraft/world/biome/Biome$SpawnListEntry,net/minecraft/server/v1_14_R1/BiomeBase$BiomeMeta,,net/minecraft/world/biome/Biome$SpawnEntry,net/minecraft/class_1959$class_1964
bij,net/minecraft/world/biome/Biome,net/minecraft/server/v1_14_R1/BiomeBase,,net/minecraft/world/biome/Biome,net/minecraft/class_1959
bik,net/minecraft/world/biome/DefaultBiomeFeatures,net/minecraft/server/v1_14_R1/BiomeDecoratorGroups,,net/minecraft/world/biome/DefaultBiomeFeatures,net/minecraft/class_3864
bil,net/minecraft/world/biome/provider/BiomeProvider,net/minecraft/server/v1_14_R1/WorldChunkManager,,net/minecraft/world/biome/source/BiomeSource,net/minecraft/class_1966
bim,net/minecraft/world/biome/provider/IBiomeProviderSettings,net/minecraft/server/v1_14_R1/BiomeLayoutConfiguration,,net/minecraft/world/biome/source/BiomeSourceConfig,net/minecraft/class_1970
bin,net/minecraft/world/biome/provider/BiomeProviderType,net/minecraft/server/v1_14_R1/BiomeLayout,,net/minecraft/world/biome/source/BiomeSourceType,net/minecraft/class_1969
bio,net/minecraft/world/biome/Biomes,net/minecraft/server/v1_14_R1/Biomes,,net/minecraft/world/biome/Biomes,net/minecraft/class_1972
bip,net/minecraft/world/biome/BirchForestBiome,net/minecraft/server/v1_14_R1/BiomeBirchForest,,net/minecraft/world/biome/BirchForestBiome,net/minecraft/class_1971
biq,net/minecraft/world/biome/BirchForestHillsBiome,net/minecraft/server/v1_14_R1/BiomeBirchForestHills,,net/minecraft/world/biome/BirchForestHillsBiome,net/minecraft/class_1974
bir,net/minecraft/world/biome/provider/CheckerboardBiomeProvider,net/minecraft/server/v1_14_R1/WorldChunkManagerCheckerBoard,,net/minecraft/world/biome/source/CheckerboardBiomeSource,net/minecraft/class_1973
bis,net/minecraft/world/biome/provider/CheckerboardBiomeProviderSettings,net/minecraft/server/v1_14_R1/BiomeLayoutCheckerboardConfiguration,,net/minecraft/world/biome/source/CheckerboardBiomeSourceConfig,net/minecraft/class_1976
bit,net/minecraft/world/biome/ColdOceanBiome,net/minecraft/server/v1_14_R1/BiomeColdOcean,,net/minecraft/world/biome/OceanColdBiome,net/minecraft/class_1975
biu,net/minecraft/world/biome/DarkForestBiome,net/minecraft/server/v1_14_R1/BiomeRoofedForest,,net/minecraft/world/biome/DarkForestBiome,net/minecraft/class_1978
biv,net/minecraft/world/biome/DarkForestHillsBiome,net/minecraft/server/v1_14_R1/BiomeRoofedForestMutated,,net/minecraft/world/biome/DarkForestHillsBiome,net/minecraft/class_1977
biw,net/minecraft/world/biome/DeepColdOceanBiome,net/minecraft/server/v1_14_R1/BiomeColdDeepOcean,,net/minecraft/world/biome/OceanDeepColdBiome,net/minecraft/class_1980
bix,net/minecraft/world/biome/DeepFrozenOceanBiome,net/minecraft/server/v1_14_R1/BiomeFrozenDeepOcean,,net/minecraft/world/biome/OceanDeepFrozenBiome,net/minecraft/class_1979
biy,net/minecraft/world/biome/DeepLukewarmOceanBiome,net/minecraft/server/v1_14_R1/BiomeLukewarmDeepOcean,,net/minecraft/world/biome/OceanDeepLukewarmBiome,net/minecraft/class_1982
biz,net/minecraft/world/biome/DeepOceanBiome,net/minecraft/server/v1_14_R1/BiomeDeepOcean,,net/minecraft/world/biome/DeepOceanBiome,net/minecraft/class_1981
bj$a,net/minecraft/advancements/criterion/MobEffectsPredicate$InstancePredicate,net/minecraft/server/v1_14_R1/CriterionConditionMobEffect$a,,net/minecraft/predicate/entity/EntityEffectPredicate$EffectData,net/minecraft/class_2102$class_2103
bj,net/minecraft/advancements/criterion/MobEffectsPredicate,net/minecraft/server/v1_14_R1/CriterionConditionMobEffect,,net/minecraft/predicate/entity/EntityEffectPredicate,net/minecraft/class_2102
bja,net/minecraft/world/biome/DeepWarmOceanBiome,net/minecraft/server/v1_14_R1/BiomeWarmDeepOcean,,net/minecraft/world/biome/OceanDeepWarmBiome,net/minecraft/class_1984
bjb,net/minecraft/world/biome/DesertBiome,net/minecraft/server/v1_14_R1/BiomeDesert,,net/minecraft/world/biome/DesertBiome,net/minecraft/class_1983
bjc,net/minecraft/world/biome/DesertHillsBiome,net/minecraft/server/v1_14_R1/BiomeDesertHills,,net/minecraft/world/biome/DesertHillsBiome,net/minecraft/class_1986
bjd,net/minecraft/world/biome/DesertLakesBiome,net/minecraft/server/v1_14_R1/BiomeDesertMutated,,net/minecraft/world/biome/DesertLakesBiome,net/minecraft/class_1985
bje,net/minecraft/world/biome/EndBarrensBiome,net/minecraft/server/v1_14_R1/BiomeTheEndBarrenIsland,,net/minecraft/world/biome/EndBarrensBiome,net/minecraft/class_1988
bjf,net/minecraft/world/biome/EndHighlandsBiome,net/minecraft/server/v1_14_R1/BiomeTheEndHighIsland,,net/minecraft/world/biome/EndHighlandsBiome,net/minecraft/class_1987
bjg,net/minecraft/world/biome/EndMidlandsBiome,net/minecraft/server/v1_14_R1/BiomeTheEndMediumIsland,,net/minecraft/world/biome/EndMidlandsBiome,net/minecraft/class_1990
bjh,net/minecraft/world/biome/ErodedBadlandsBiome,net/minecraft/server/v1_14_R1/BiomeMesaBryce,,net/minecraft/world/biome/ErodedBadlandsBiome,net/minecraft/class_1989
bji,net/minecraft/world/biome/provider/SingleBiomeProvider,net/minecraft/server/v1_14_R1/WorldChunkManagerHell,,net/minecraft/world/biome/source/FixedBiomeSource,net/minecraft/class_1992
bjj,net/minecraft/world/biome/provider/SingleBiomeProviderSettings,net/minecraft/server/v1_14_R1/BiomeLayoutFixedConfiguration,,net/minecraft/world/biome/source/FixedBiomeSourceConfig,net/minecraft/class_1991
bjk,net/minecraft/world/biome/ForestBiome,net/minecraft/server/v1_14_R1/BiomeForest,,net/minecraft/world/biome/ForestBiome,net/minecraft/class_1994
bjl,net/minecraft/world/biome/FlowerForestBiome,net/minecraft/server/v1_14_R1/BiomeFlowerForest,,net/minecraft/world/biome/FlowerForestBiome,net/minecraft/class_1993
bjm,net/minecraft/world/biome/FrozenOceanBiome,net/minecraft/server/v1_14_R1/BiomeFrozenOcean,,net/minecraft/world/biome/FrozenOceanBiome,net/minecraft/class_1995
bjn,net/minecraft/world/biome/FrozenRiverBiome,net/minecraft/server/v1_14_R1/BiomeFrozenRiver,,net/minecraft/world/biome/FrozenRiverBiome,net/minecraft/class_2009
bjo,net/minecraft/world/biome/GiantSpruceTaigaBiome,net/minecraft/server/v1_14_R1/BiomeMegaSpruceTaiga,,net/minecraft/world/biome/GiantSpruceTaigaBiome,net/minecraft/class_2005
bjp,net/minecraft/world/biome/GiantSpruceTaigaHillsBiome,net/minecraft/server/v1_14_R1/BiomeRedwoodTaigaHillsMutated,,net/minecraft/world/biome/GiantSpruceTaigaHillsBiome,net/minecraft/class_2017
bjq,net/minecraft/world/biome/GiantTreeTaigaBiome,net/minecraft/server/v1_14_R1/BiomeMegaTaiga,,net/minecraft/world/biome/GiantTreeTaigaBiome,net/minecraft/class_2013
bjr,net/minecraft/world/biome/GiantTreeTaigaHillsBiome,net/minecraft/server/v1_14_R1/BiomeMegaTaigaHills,,net/minecraft/world/biome/GiantTreeTaigaHillsBiome,net/minecraft/class_2021
bjs,net/minecraft/world/biome/GravellyMountainsBiome,net/minecraft/server/v1_14_R1/BiomeExtremeHillsMutated,,net/minecraft/world/biome/GravellyMountainsBiome,net/minecraft/class_2018
bjt,net/minecraft/world/biome/IceSpikesBiome,net/minecraft/server/v1_14_R1/BiomeIcePlainsSpikes,,net/minecraft/world/biome/IceSpikesBiome,net/minecraft/class_2026
bju,net/minecraft/world/biome/JungleBiome,net/minecraft/server/v1_14_R1/BiomeJungle,,net/minecraft/world/biome/JungleBiome,net/minecraft/class_2024
bjv,net/minecraft/world/biome/JungleEdgeBiome,net/minecraft/server/v1_14_R1/BiomeJungleEdge,,net/minecraft/world/biome/JungleEdgeBiome,net/minecraft/class_2034
bjw,net/minecraft/world/biome/JungleHillsBiome,net/minecraft/server/v1_14_R1/BiomeJungleHills,,net/minecraft/world/biome/JungleHillsBiome,net/minecraft/class_2033
bjx,net/minecraft/world/biome/LukewarmOceanBiome,net/minecraft/server/v1_14_R1/BiomeLukewarmOcean,,net/minecraft/world/biome/OceanLukewarmBiome,net/minecraft/class_2042
bjy,net/minecraft/world/biome/ModifiedBadlandsPlateauBiome,net/minecraft/server/v1_14_R1/BiomeMesaPlateauClearMutated,,net/minecraft/world/biome/ModifiedBadlandsPlateauBiome,net/minecraft/class_2036
bjz,net/minecraft/world/biome/ModifiedGravellyMountainsBiome,net/minecraft/server/v1_14_R1/BiomeExtremeHillsWithTreesMutated,,net/minecraft/world/biome/ModifiedGravellyMountainsBiome,net/minecraft/class_2047
bk,net/minecraft/advancements/criterion/NBTPredicate,net/minecraft/server/v1_14_R1/CriterionConditionNBT,,net/minecraft/predicate/NbtPredicate,net/minecraft/class_2105
bka,net/minecraft/world/biome/ModifiedJungleBiome,net/minecraft/server/v1_14_R1/BiomeJungleMutated,,net/minecraft/world/biome/ModifiedJungleBiome,net/minecraft/class_2043
bkb,net/minecraft/world/biome/ModifiedJungleEdgeBiome,net/minecraft/server/v1_14_R1/BiomeJungleEdgeMutated,,net/minecraft/world/biome/ModifiedJungleEdgeBiome,net/minecraft/class_2057
bkc,net/minecraft/world/biome/ModifiedWoodedBadlandsPlateauBiome,net/minecraft/server/v1_14_R1/BiomeMesaPlateauMutated,,net/minecraft/world/biome/ModifiedWoodedBadlandsPlateauBiome,net/minecraft/class_2053
bkd,net/minecraft/world/biome/MountainsBiome,net/minecraft/server/v1_14_R1/BiomeBigHills,,net/minecraft/world/biome/MountainsBiome,net/minecraft/class_2064
bke,net/minecraft/world/biome/MountainEdgeBiome,net/minecraft/server/v1_14_R1/BiomeExtremeHillsEdge,,net/minecraft/world/biome/MountainEdgeBiome,net/minecraft/class_2061
bkf,net/minecraft/world/biome/MushroomFieldsBiome,net/minecraft/server/v1_14_R1/BiomeMushrooms,,net/minecraft/world/biome/MushroomFieldsBiome,net/minecraft/class_2072
bkg,net/minecraft/world/biome/MushroomFieldShoreBiome,net/minecraft/server/v1_14_R1/BiomeMushroomIslandShore,,net/minecraft/world/biome/MushroomFieldShoreBiome,net/minecraft/class_2065
bkh,net/minecraft/world/biome/NetherBiome,net/minecraft/server/v1_14_R1/BiomeHell,,net/minecraft/world/biome/NetherBiome,net/minecraft/class_2079
bki,net/minecraft/world/biome/OceanBiome,net/minecraft/server/v1_14_R1/BiomeOcean,,net/minecraft/world/biome/OceanBiome,net/minecraft/class_2075
bkj,net/minecraft/world/biome/provider/OverworldBiomeProvider,net/minecraft/server/v1_14_R1/WorldChunkManagerOverworld,,net/minecraft/world/biome/source/VanillaLayeredBiomeSource,net/minecraft/class_2088
bkk,net/minecraft/world/biome/provider/OverworldBiomeProviderSettings,net/minecraft/server/v1_14_R1/BiomeLayoutOverworldConfiguration,,net/minecraft/world/biome/source/VanillaLayeredBiomeSourceConfig,net/minecraft/class_2084
bkl,net/minecraft/world/biome/PlainsBiome,net/minecraft/server/v1_14_R1/BiomePlains,,net/minecraft/world/biome/PlainsBiome,net/minecraft/class_2089
bkm,net/minecraft/world/biome/RiverBiome,net/minecraft/server/v1_14_R1/BiomeRiver,,net/minecraft/world/biome/RiverBiome,net/minecraft/class_2101
bkn,net/minecraft/world/biome/SavannaBiome,net/minecraft/server/v1_14_R1/BiomeSavanna,,net/minecraft/world/biome/SavannaBiome,net/minecraft/class_2095
bko,net/minecraft/world/biome/SavannaPlateauBiome,net/minecraft/server/v1_14_R1/BiomeSavannaPlateau,,net/minecraft/world/biome/SavannaPlateauBiome,net/minecraft/class_2106
bkp,net/minecraft/world/biome/ShatteredSavannaBiome,net/minecraft/server/v1_14_R1/BiomeSavannaMutated,,net/minecraft/world/biome/ShatteredSavannaBiome,net/minecraft/class_2104
bkq,net/minecraft/world/biome/ShatteredSavannaPlateauBiome,net/minecraft/server/v1_14_R1/BiomeSavannaPlateauMutated,,net/minecraft/world/biome/ShatteredSavannaPlateauBiome,net/minecraft/class_2114
bkr,net/minecraft/world/biome/SmallEndIslandsBiome,net/minecraft/server/v1_14_R1/BiomeTheEndFloatingIslands,,net/minecraft/world/biome/EndIslandsSmallBiome,net/minecraft/class_2107
bks,net/minecraft/world/biome/SnowyBeachBiome,net/minecraft/server/v1_14_R1/BiomeColdBeach,,net/minecraft/world/biome/SnowyBeachBiome,net/minecraft/class_2122
bkt,net/minecraft/world/biome/SnowyMountainsBiome,net/minecraft/server/v1_14_R1/BiomeIceMountains,,net/minecraft/world/biome/SnowyMountainsBiome,net/minecraft/class_2118
bku,net/minecraft/world/biome/SnowyTaigaBiome,net/minecraft/server/v1_14_R1/BiomeColdTaiga,,net/minecraft/world/biome/SnowyTaigaBiome,net/minecraft/class_2127
bkv,net/minecraft/world/biome/SnowyTaigaHillsBiome,net/minecraft/server/v1_14_R1/BiomeColdTaigaHills,,net/minecraft/world/biome/SnowyTaigaHillsBiome,net/minecraft/class_2126
bkw,net/minecraft/world/biome/SnowyTaigaMountainsBiome,net/minecraft/server/v1_14_R1/BiomeColdTaigaMutated,,net/minecraft/world/biome/SnowyTaigaMountainsBiome,net/minecraft/class_2138
bkx,net/minecraft/world/biome/SnowyTundraBiome,net/minecraft/server/v1_14_R1/BiomeIcePlains,,net/minecraft/world/biome/SnowyTundraBiome,net/minecraft/class_2134
bky,net/minecraft/world/biome/StoneShoreBiome,net/minecraft/server/v1_14_R1/BiomeStoneBeach,,net/minecraft/world/biome/StoneShoreBiome,net/minecraft/class_2146
bkz,net/minecraft/world/biome/SunflowerPlainsBiome,net/minecraft/server/v1_14_R1/BiomeSunflowerPlains,,net/minecraft/world/biome/SunflowerPlainsBiome,net/minecraft/class_2139
bl$a,net/minecraft/advancements/criterion/NetherTravelTrigger$Listeners,net/minecraft/server/v1_14_R1/CriterionTriggerNetherTravel$a,,net/minecraft/advancement/criterion/NetherTravelCriterion$Handler,net/minecraft/class_2108$class_2109
bl$b,net/minecraft/advancements/criterion/NetherTravelTrigger$Instance,net/minecraft/server/v1_14_R1/CriterionTriggerNetherTravel$b,,net/minecraft/advancement/criterion/NetherTravelCriterion$Conditions,net/minecraft/class_2108$class_2110
bl,net/minecraft/advancements/criterion/NetherTravelTrigger,net/minecraft/server/v1_14_R1/CriterionTriggerNetherTravel,,net/minecraft/advancement/criterion/NetherTravelCriterion,net/minecraft/class_2108
bla,net/minecraft/world/biome/SwampBiome,net/minecraft/server/v1_14_R1/BiomeSwamp,,net/minecraft/world/biome/SwampBiome,net/minecraft/class_2151
blb,net/minecraft/world/biome/SwampHillsBiome,net/minecraft/server/v1_14_R1/BiomeSwamplandMutated,,net/minecraft/world/biome/SwampHillsBiome,net/minecraft/class_2147
blc,net/minecraft/world/biome/TaigaBiome,net/minecraft/server/v1_14_R1/BiomeTaiga,,net/minecraft/world/biome/TaigaBiome,net/minecraft/class_2154
bld,net/minecraft/world/biome/TaigaHillsBiome,net/minecraft/server/v1_14_R1/BiomeTaigaHills,,net/minecraft/world/biome/TaigaHillsBiome,net/minecraft/class_2153
ble,net/minecraft/world/biome/TaigaMountainsBiome,net/minecraft/server/v1_14_R1/BiomeTaigaMutated,,net/minecraft/world/biome/TaigaMountainsBiome,net/minecraft/class_2157
blf,net/minecraft/world/biome/TallBirchForestBiome,net/minecraft/server/v1_14_R1/BiomeBirchForestMutated,,net/minecraft/world/biome/TallBirchForestBiome,net/minecraft/class_2155
blg,net/minecraft/world/biome/TallBirchHillsBiome,net/minecraft/server/v1_14_R1/BiomeBirchForestHillsMutated,,net/minecraft/world/biome/TallBirchHillsBiome,net/minecraft/class_2166
blh,net/minecraft/world/biome/TheEndBiome,net/minecraft/server/v1_14_R1/BiomeTheEnd,,net/minecraft/world/biome/EndBiome,net/minecraft/class_2163
bli,net/minecraft/world/biome/provider/EndBiomeProvider,net/minecraft/server/v1_14_R1/WorldChunkManagerTheEnd,,net/minecraft/world/biome/source/TheEndBiomeSource,net/minecraft/class_2169
blj,net/minecraft/world/biome/provider/EndBiomeProviderSettings,net/minecraft/server/v1_14_R1/BiomeLayoutTheEndConfiguration,,net/minecraft/world/biome/source/TheEndBiomeSourceConfig,net/minecraft/class_2167
blk,net/minecraft/world/biome/TheVoidBiome,net/minecraft/server/v1_14_R1/BiomeVoid,,net/minecraft/world/biome/VoidBiome,net/minecraft/class_2175
bll,net/minecraft/world/biome/WarmOceanBiome,net/minecraft/server/v1_14_R1/BiomeWarmOcean,,net/minecraft/world/biome/OceanWarmBiome,net/minecraft/class_2174
blm,net/minecraft/world/biome/WoodedBadlandsPlateauBiome,net/minecraft/server/v1_14_R1/BiomeMesaPlataeu,,net/minecraft/world/biome/WoodedBadlandsPlateauBiome,net/minecraft/class_2176
bln,net/minecraft/world/biome/WoodedHillsBiome,net/minecraft/server/v1_14_R1/BiomeForestHills,,net/minecraft/world/biome/WoodedHillsBiome,net/minecraft/class_2182
blo,net/minecraft/world/biome/WoodedMountainsBiome,net/minecraft/server/v1_14_R1/BiomeExtremeHillsWithTrees,,net/minecraft/world/biome/WoodedMountainsBiome,net/minecraft/class_2180
blq,net/minecraft/block/AbstractBannerBlock,net/minecraft/server/v1_14_R1/BlockBannerAbstract,,net/minecraft/block/AbstractBannerBlock,net/minecraft/class_2185
blr,net/minecraft/block/AbstractFurnaceBlock,net/minecraft/server/v1_14_R1/BlockFurnace,,net/minecraft/block/AbstractFurnaceBlock,net/minecraft/class_2363
bls,net/minecraft/block/AbstractGlassBlock,net/minecraft/server/v1_14_R1/BlockGlassAbstract,,net/minecraft/block/AbstractGlassBlock,net/minecraft/class_4262
blt,net/minecraft/block/AbstractSkullBlock,net/minecraft/server/v1_14_R1/BlockSkullAbstract,,net/minecraft/block/AbstractSkullBlock,net/minecraft/class_2190
blu,net/minecraft/block/AirBlock,net/minecraft/server/v1_14_R1/BlockAir,,net/minecraft/block/AirBlock,net/minecraft/class_2189
blv,net/minecraft/block/AnvilBlock,net/minecraft/server/v1_14_R1/BlockAnvil,,net/minecraft/block/AnvilBlock,net/minecraft/class_2199
blw,net/minecraft/block/AttachedStemBlock,net/minecraft/server/v1_14_R1/BlockStemAttached,,net/minecraft/block/AttachedStemBlock,net/minecraft/class_2195
blx,net/minecraft/block/BambooBlock,net/minecraft/server/v1_14_R1/BlockBamboo,,net/minecraft/block/BambooBlock,net/minecraft/class_2211
bly,net/minecraft/block/BambooSaplingBlock,net/minecraft/server/v1_14_R1/BlockBambooSapling,,net/minecraft/block/BambooSaplingBlock,net/minecraft/class_2202
blz,net/minecraft/block/BannerBlock,net/minecraft/server/v1_14_R1/BlockBanner,,net/minecraft/block/BannerBlock,net/minecraft/class_2215
bm$a,net/minecraft/advancements/criterion/PlacedBlockTrigger$Listeners,net/minecraft/server/v1_14_R1/CriterionTriggerPlacedBlock$a,,net/minecraft/advancement/criterion/PlacedBlockCriterion$Handler,net/minecraft/class_2111$class_2112
bm$b,net/minecraft/advancements/criterion/PlacedBlockTrigger$Instance,net/minecraft/server/v1_14_R1/CriterionTriggerPlacedBlock$b,,net/minecraft/advancement/criterion/PlacedBlockCriterion$Conditions,net/minecraft/class_2111$class_2113
bm,net/minecraft/advancements/criterion/PlacedBlockTrigger,net/minecraft/server/v1_14_R1/CriterionTriggerPlacedBlock,,net/minecraft/advancement/criterion/PlacedBlockCriterion,net/minecraft/class_2111
bma,net/minecraft/block/BarrelBlock,net/minecraft/server/v1_14_R1/BlockBarrel,,net/minecraft/block/BarrelBlock,net/minecraft/class_3708
bmb,net/minecraft/block/BarrierBlock,net/minecraft/server/v1_14_R1/BlockBarrier,,net/minecraft/block/BarrierBlock,net/minecraft/class_2213
bmc,net/minecraft/block/CoralFanBlock,net/minecraft/server/v1_14_R1/BlockCoralFanAbstract,,net/minecraft/block/DeadCoralFanBlock,net/minecraft/class_2221
bmd,net/minecraft/block/DeadCoralPlantBlock,net/minecraft/server/v1_14_R1/BlockCoralDead,,net/minecraft/block/DeadCoralBlock,net/minecraft/class_2217
bme,net/minecraft/block/AbstractCoralPlantBlock,net/minecraft/server/v1_14_R1/BlockCoralBase,,net/minecraft/block/CoralParentBlock,net/minecraft/class_2230
bmf,net/minecraft/block/DeadCoralWallFanBlock,net/minecraft/server/v1_14_R1/BlockCoralFanWallAbstract,,net/minecraft/block/DeadCoralWallFanBlock,net/minecraft/class_2222
bmg,net/minecraft/block/ContainerBlock,net/minecraft/server/v1_14_R1/BlockTileEntity,,net/minecraft/block/BlockWithEntity,net/minecraft/class_2237
bmh,net/minecraft/block/AbstractPressurePlateBlock,net/minecraft/server/v1_14_R1/BlockPressurePlateAbstract,,net/minecraft/block/AbstractPressurePlateBlock,net/minecraft/class_2231
bmi,net/minecraft/block/AbstractRailBlock,net/minecraft/server/v1_14_R1/BlockMinecartTrackAbstract,,net/minecraft/block/AbstractRailBlock,net/minecraft/class_2241
bmj,net/minecraft/block/IBeaconBeamColorProvider,net/minecraft/server/v1_14_R1/IBeaconBeam,,net/minecraft/client/block/ColoredBlock,net/minecraft/class_4275
bmk,net/minecraft/block/BeaconBlock,net/minecraft/server/v1_14_R1/BlockBeacon,,net/minecraft/block/BeaconBlock,net/minecraft/class_2238
bml,net/minecraft/block/BedBlock,net/minecraft/server/v1_14_R1/BlockBed,,net/minecraft/block/BedBlock,net/minecraft/class_2244
bmm,net/minecraft/block/BedrockBlock,net/minecraft/server/v1_14_R1/BlockBedrock,,net/minecraft/block/BedrockBlock,net/minecraft/class_4263
bmn,net/minecraft/block/BeetrootBlock,net/minecraft/server/v1_14_R1/BlockBeetroot,,net/minecraft/block/BeetrootsBlock,net/minecraft/class_2242
bmo,net/minecraft/block/BellBlock,net/minecraft/server/v1_14_R1/BlockBell,,net/minecraft/block/BellBlock,net/minecraft/class_3709
bmp,net/minecraft/block/BlastFurnaceBlock,net/minecraft/server/v1_14_R1/BlockBlastFurnace,,net/minecraft/block/BlastFurnaceBlock,net/minecraft/class_3710
bmq$1,net/minecraft/block/Block$1,net/minecraft/server/v1_14_R1/Block$1,,net/minecraft/block/Block$1,net/minecraft/class_2248$1
bmq$2,net/minecraft/block/Block$2,net/minecraft/server/v1_14_R1/Block$2,,net/minecraft/block/Block$2,net/minecraft/class_2248$2
bmq$a,net/minecraft/block/Block$RenderSideCacheKey,net/minecraft/server/v1_14_R1/Block$a,,net/minecraft/block/Block$NeighborGroup,net/minecraft/class_2248$class_2249
bmq$b,net/minecraft/block/Block$OffsetType,net/minecraft/server/v1_14_R1/Block$EnumRandomOffset,,net/minecraft/block/Block$OffsetType,net/minecraft/class_2248$class_2250
bmq$c,net/minecraft/block/Block$Properties,net/minecraft/server/v1_14_R1/Block$Info,,net/minecraft/block/Block$Settings,net/minecraft/class_2248$class_2251
bmq,net/minecraft/block/Block,net/minecraft/server/v1_14_R1/Block,,net/minecraft/block/Block,net/minecraft/class_2248
bmr,net/minecraft/block/Blocks,net/minecraft/server/v1_14_R1/Blocks,,net/minecraft/block/Blocks,net/minecraft/class_2246
bms,net/minecraft/block/IGrowable,net/minecraft/server/v1_14_R1/IBlockFragilePlantElement,,net/minecraft/block/Fertilizable,net/minecraft/class_2256
bmt,net/minecraft/block/BrewingStandBlock,net/minecraft/server/v1_14_R1/BlockBrewingStand,,net/minecraft/block/BrewingStandBlock,net/minecraft/class_2260
bmu,net/minecraft/block/BubbleColumnBlock,net/minecraft/server/v1_14_R1/BlockBubbleColumn,,net/minecraft/block/BubbleColumnBlock,net/minecraft/class_2258
bmv,net/minecraft/block/IBucketPickupHandler,net/minecraft/server/v1_14_R1/IFluidSource,,net/minecraft/block/FluidDrainable,net/minecraft/class_2263
bmw,net/minecraft/block/BushBlock,net/minecraft/server/v1_14_R1/BlockPlant,,net/minecraft/block/PlantBlock,net/minecraft/class_2261
bmx,net/minecraft/block/AbstractButtonBlock,net/minecraft/server/v1_14_R1/BlockButtonAbstract,,net/minecraft/block/AbstractButtonBlock,net/minecraft/class_2269
bmy,net/minecraft/block/CactusBlock,net/minecraft/server/v1_14_R1/BlockCactus,,net/minecraft/block/CactusBlock,net/minecraft/class_2266
bmz,net/minecraft/block/CakeBlock,net/minecraft/server/v1_14_R1/BlockCake,,net/minecraft/block/CakeBlock,net/minecraft/class_2272
bn$a,net/minecraft/advancements/criterion/PlayerHurtEntityTrigger$Listeners,net/minecraft/server/v1_14_R1/CriterionTriggerPlayerHurtEntity$a,,net/minecraft/advancement/criterion/PlayerHurtEntityCriterion$Handler,net/minecraft/class_2115$class_2116
bn$b,net/minecraft/advancements/criterion/PlayerHurtEntityTrigger$Instance,net/minecraft/server/v1_14_R1/CriterionTriggerPlayerHurtEntity$b,,net/minecraft/advancement/criterion/PlayerHurtEntityCriterion$Conditions,net/minecraft/class_2115$class_2117
bn,net/minecraft/advancements/criterion/PlayerHurtEntityTrigger,net/minecraft/server/v1_14_R1/CriterionTriggerPlayerHurtEntity,,net/minecraft/advancement/criterion/PlayerHurtEntityCriterion,net/minecraft/class_2115
bna,net/minecraft/block/CampfireBlock,net/minecraft/server/v1_14_R1/BlockCampfire,,net/minecraft/block/CampfireBlock,net/minecraft/class_3922
bnb,net/minecraft/block/CarrotBlock,net/minecraft/server/v1_14_R1/BlockCarrots,,net/minecraft/block/CarrotsBlock,net/minecraft/class_2271
bnc,net/minecraft/block/CartographyTableBlock,net/minecraft/server/v1_14_R1/BlockCartographyTable,,net/minecraft/block/CartographyTableBlock,net/minecraft/class_3711
bnd,net/minecraft/block/CarvedPumpkinBlock,net/minecraft/server/v1_14_R1/BlockPumpkinCarved,,net/minecraft/block/CarvedPumpkinBlock,net/minecraft/class_2276
bne,net/minecraft/block/CauldronBlock,net/minecraft/server/v1_14_R1/BlockCauldron,,net/minecraft/block/CauldronBlock,net/minecraft/class_2275
bnf$1,net/minecraft/block/ChestBlock$1,net/minecraft/server/v1_14_R1/BlockChest$1,,net/minecraft/block/ChestBlock$1,net/minecraft/class_2281$1
bnf$2$1,net/minecraft/block/ChestBlock$2$1,net/minecraft/server/v1_14_R1/BlockChest$2$1,,net/minecraft/block/ChestBlock$2$1,net/minecraft/class_2281$2$1
bnf$2,net/minecraft/block/ChestBlock$2,net/minecraft/server/v1_14_R1/BlockChest$2,,net/minecraft/block/ChestBlock$2,net/minecraft/class_2281$2
bnf$a,net/minecraft/block/ChestBlock$InventoryFactory,net/minecraft/server/v1_14_R1/BlockChest$ChestFinder,,net/minecraft/block/ChestBlock$PropertyRetriever,net/minecraft/class_2281$class_3923
bnf,net/minecraft/block/ChestBlock,net/minecraft/server/v1_14_R1/BlockChest,,net/minecraft/block/ChestBlock,net/minecraft/class_2281
bng,net/minecraft/block/ChorusFlowerBlock,net/minecraft/server/v1_14_R1/BlockChorusFlower,,net/minecraft/block/ChorusFlowerBlock,net/minecraft/class_2279
bnh,net/minecraft/block/ChorusPlantBlock,net/minecraft/server/v1_14_R1/BlockChorusFruit,,net/minecraft/block/ChorusPlantBlock,net/minecraft/class_2283
bni,net/minecraft/block/CocoaBlock,net/minecraft/server/v1_14_R1/BlockCocoa,,net/minecraft/block/CocoaBlock,net/minecraft/class_2282
bnj,net/minecraft/block/CommandBlockBlock,net/minecraft/server/v1_14_R1/BlockCommand,,net/minecraft/block/CommandBlock,net/minecraft/class_2288
bnk,net/minecraft/block/ComparatorBlock,net/minecraft/server/v1_14_R1/BlockRedstoneComparator,,net/minecraft/block/ComparatorBlock,net/minecraft/class_2286
bnl$a,net/minecraft/block/ComposterBlock$EmptyInventory,net/minecraft/server/v1_14_R1/BlockComposter$ContainerEmpty,,net/minecraft/block/ComposterBlock$DummyInventory,net/minecraft/class_3962$class_3925
bnl$b,net/minecraft/block/ComposterBlock$PartialInventory,net/minecraft/server/v1_14_R1/BlockComposter$ContainerInput,,net/minecraft/block/ComposterBlock$ComposterInventory,net/minecraft/class_3962$class_3963
bnl$c,net/minecraft/block/ComposterBlock$FullInventory,net/minecraft/server/v1_14_R1/BlockComposter$ContainerOutput,,net/minecraft/block/ComposterBlock$FullComposterInventory,net/minecraft/class_3962$class_3964
bnl,net/minecraft/block/ComposterBlock,net/minecraft/server/v1_14_R1/BlockComposter,,net/minecraft/block/ComposterBlock,net/minecraft/class_3962
bnm,net/minecraft/block/ConcretePowderBlock,net/minecraft/server/v1_14_R1/BlockConcretePowder,,net/minecraft/block/ConcretePowderBlock,net/minecraft/class_2292
bnn,net/minecraft/block/ConduitBlock,net/minecraft/server/v1_14_R1/BlockConduit,,net/minecraft/block/ConduitBlock,net/minecraft/class_2289
bno,net/minecraft/block/CoralBlock,net/minecraft/server/v1_14_R1/BlockCoral,,net/minecraft/block/CoralBlockBlock,net/minecraft/class_2298
bnp,net/minecraft/block/CoralFinBlock,net/minecraft/server/v1_14_R1/BlockCoralFan,,net/minecraft/block/CoralFanBlock,net/minecraft/class_2297
bnq,net/minecraft/block/CoralPlantBlock,net/minecraft/server/v1_14_R1/BlockCoralPlant,,net/minecraft/block/CoralBlock,net/minecraft/class_2301
bnr,net/minecraft/block/CoralWallFanBlock,net/minecraft/server/v1_14_R1/BlockCoralFanWall,,net/minecraft/block/CoralWallFanBlock,net/minecraft/class_2299
bns,net/minecraft/block/CraftingTableBlock,net/minecraft/server/v1_14_R1/BlockWorkbench,,net/minecraft/block/CraftingTableBlock,net/minecraft/class_2304
bnt,net/minecraft/block/CropsBlock,net/minecraft/server/v1_14_R1/BlockCrops,,net/minecraft/block/CropBlock,net/minecraft/class_2302
bnu,net/minecraft/block/FourWayBlock,net/minecraft/server/v1_14_R1/BlockTall,,net/minecraft/block/HorizontalConnectedBlock,net/minecraft/class_2310
bnv,net/minecraft/block/DaylightDetectorBlock,net/minecraft/server/v1_14_R1/BlockDaylightDetector,,net/minecraft/block/DaylightDetectorBlock,net/minecraft/class_2309
bnw,net/minecraft/block/DeadBushBlock,net/minecraft/server/v1_14_R1/BlockDeadBush,,net/minecraft/block/DeadBushBlock,net/minecraft/class_2311
bnx,net/minecraft/block/DetectorRailBlock,net/minecraft/server/v1_14_R1/BlockMinecartDetector,,net/minecraft/block/DetectorRailBlock,net/minecraft/class_2313
bny,net/minecraft/block/RedstoneDiodeBlock,net/minecraft/server/v1_14_R1/BlockDiodeAbstract,,net/minecraft/block/AbstractRedstoneGateBlock,net/minecraft/class_2312
bnz,net/minecraft/block/DirectionalBlock,net/minecraft/server/v1_14_R1/BlockDirectional,,net/minecraft/block/FacingBlock,net/minecraft/class_2318
bo$a,net/minecraft/advancements/criterion/RecipeUnlockedTrigger$Listeners,net/minecraft/server/v1_14_R1/CriterionTriggerRecipeUnlocked$a,,net/minecraft/advancement/criterion/RecipeUnlockedCriterion$Handler,net/minecraft/class_2119$class_2120
bo$b,net/minecraft/advancements/criterion/RecipeUnlockedTrigger$Instance,net/minecraft/server/v1_14_R1/CriterionTriggerRecipeUnlocked$b,,net/minecraft/advancement/criterion/RecipeUnlockedCriterion$Conditions,net/minecraft/class_2119$class_2121
bo,net/minecraft/advancements/criterion/RecipeUnlockedTrigger,net/minecraft/server/v1_14_R1/CriterionTriggerRecipeUnlocked,,net/minecraft/advancement/criterion/RecipeUnlockedCriterion,net/minecraft/class_2119
boa,net/minecraft/block/DispenserBlock,net/minecraft/server/v1_14_R1/BlockDispenser,,net/minecraft/block/DispenserBlock,net/minecraft/class_2315
bob,net/minecraft/block/DoorBlock,net/minecraft/server/v1_14_R1/BlockDoor,,net/minecraft/block/DoorBlock,net/minecraft/class_2323
boc,net/minecraft/block/DoublePlantBlock,net/minecraft/server/v1_14_R1/BlockTallPlant,,net/minecraft/block/TallPlantBlock,net/minecraft/class_2320
bod,net/minecraft/block/DragonEggBlock,net/minecraft/server/v1_14_R1/BlockDragonEgg,,net/minecraft/block/DragonEggBlock,net/minecraft/class_2328
boe,net/minecraft/block/DropperBlock,net/minecraft/server/v1_14_R1/BlockDropper,,net/minecraft/block/DropperBlock,net/minecraft/class_2325
bof,net/minecraft/block/EnchantingTableBlock,net/minecraft/server/v1_14_R1/BlockEnchantmentTable,,net/minecraft/block/EnchantingTableBlock,net/minecraft/class_2331
bog,net/minecraft/block/EndGatewayBlock,net/minecraft/server/v1_14_R1/BlockEndGateway,,net/minecraft/block/EndGatewayBlock,net/minecraft/class_2329
boh,net/minecraft/block/EndPortalBlock,net/minecraft/server/v1_14_R1/BlockEnderPortal,,net/minecraft/block/EndPortalBlock,net/minecraft/class_2334
boi,net/minecraft/block/EndPortalFrameBlock,net/minecraft/server/v1_14_R1/BlockEnderPortalFrame,,net/minecraft/block/EndPortalFrameBlock,net/minecraft/class_2333
boj,net/minecraft/block/EndRodBlock,net/minecraft/server/v1_14_R1/BlockEndRod,,net/minecraft/block/EndRodBlock,net/minecraft/class_2337
bok,net/minecraft/block/EnderChestBlock,net/minecraft/server/v1_14_R1/BlockEnderChest,,net/minecraft/block/EnderChestBlock,net/minecraft/class_2336
bol,net/minecraft/block/ITileEntityProvider,net/minecraft/server/v1_14_R1/ITileEntity,,net/minecraft/block/BlockEntityProvider,net/minecraft/class_2343
bom,net/minecraft/block/HorizontalFaceBlock,net/minecraft/server/v1_14_R1/BlockAttachable,,net/minecraft/block/WallMountedBlock,net/minecraft/class_2341
bon,net/minecraft/block/FallingBlock,net/minecraft/server/v1_14_R1/BlockFalling,,net/minecraft/block/FallingBlock,net/minecraft/class_2346
boo,net/minecraft/block/FarmlandBlock,net/minecraft/server/v1_14_R1/BlockSoil,,net/minecraft/block/FarmlandBlock,net/minecraft/class_2344
bop,net/minecraft/block/FenceBlock,net/minecraft/server/v1_14_R1/BlockFence,,net/minecraft/block/FenceBlock,net/minecraft/class_2354
boq,net/minecraft/block/FenceGateBlock,net/minecraft/server/v1_14_R1/BlockFenceGate,,net/minecraft/block/FenceGateBlock,net/minecraft/class_2349
bor,net/minecraft/block/FireBlock,net/minecraft/server/v1_14_R1/BlockFire,,net/minecraft/block/FireBlock,net/minecraft/class_2358
bos,net/minecraft/block/FletchingTableBlock,net/minecraft/server/v1_14_R1/BlockFletchingTable,,net/minecraft/block/FletchingTableBlock,net/minecraft/class_3712
bot,net/minecraft/block/FlowerBlock,net/minecraft/server/v1_14_R1/BlockFlowers,,net/minecraft/block/FlowerBlock,net/minecraft/class_2356
bou,net/minecraft/block/FlowerPotBlock,net/minecraft/server/v1_14_R1/BlockFlowerPot,,net/minecraft/block/FlowerPotBlock,net/minecraft/class_2362
bov,net/minecraft/block/FrostedIceBlock,net/minecraft/server/v1_14_R1/BlockIceFrost,,net/minecraft/block/FrostedIceBlock,net/minecraft/class_2360
bow,net/minecraft/block/FurnaceBlock,net/minecraft/server/v1_14_R1/BlockFurnaceFurace,,net/minecraft/block/FurnaceBlock,net/minecraft/class_3865
box,net/minecraft/block/GlassBlock,net/minecraft/server/v1_14_R1/BlockGlass,,net/minecraft/block/GlassBlock,net/minecraft/class_2368
boy,net/minecraft/block/GlazedTerracottaBlock,net/minecraft/server/v1_14_R1/BlockGlazedTerracotta,,net/minecraft/block/GlazedTerracottaBlock,net/minecraft/class_2366
boz,net/minecraft/block/GrassBlock,net/minecraft/server/v1_14_R1/BlockGrass,,net/minecraft/block/GrassBlock,net/minecraft/class_2372
bp$a,net/minecraft/advancements/criterion/ShotCrossbowTrigger$Listeners,net/minecraft/server/v1_14_R1/CriterionTriggerShotCrossbow$a,,net/minecraft/advancement/criterion/ShotCrossbowCriterion$Handler,net/minecraft/class_2123$class_2124
bp$b,net/minecraft/advancements/criterion/ShotCrossbowTrigger$Instance,net/minecraft/server/v1_14_R1/CriterionTriggerShotCrossbow$b,,net/minecraft/advancement/criterion/ShotCrossbowCriterion$Conditions,net/minecraft/class_2123$class_2125
bp,net/minecraft/advancements/criterion/ShotCrossbowTrigger,net/minecraft/server/v1_14_R1/CriterionTriggerShotCrossbow,,net/minecraft/advancement/criterion/ShotCrossbowCriterion,net/minecraft/class_2123
bpa,net/minecraft/block/GrassPathBlock,net/minecraft/server/v1_14_R1/BlockGrassPath,,net/minecraft/block/GrassPathBlock,net/minecraft/class_2369
bpb,net/minecraft/block/GravelBlock,net/minecraft/server/v1_14_R1/BlockGravel,,net/minecraft/block/GravelBlock,net/minecraft/class_2375
bpc,net/minecraft/block/GrindstoneBlock,net/minecraft/server/v1_14_R1/BlockGrindstone,,net/minecraft/block/GrindstoneBlock,net/minecraft/class_3713
bpd,net/minecraft/block/BreakableBlock,net/minecraft/server/v1_14_R1/BlockHalfTransparent,,net/minecraft/block/TransparentBlock,net/minecraft/class_2373
bpe,net/minecraft/block/HayBlock,net/minecraft/server/v1_14_R1/BlockHay,,net/minecraft/block/HayBlock,net/minecraft/class_2380
bpf,net/minecraft/block/HopperBlock,net/minecraft/server/v1_14_R1/BlockHopper,,net/minecraft/block/HopperBlock,net/minecraft/class_2377
bpg,net/minecraft/block/HorizontalBlock,net/minecraft/server/v1_14_R1/BlockFacingHorizontal,,net/minecraft/block/HorizontalFacingBlock,net/minecraft/class_2383
bph,net/minecraft/block/HugeMushroomBlock,net/minecraft/server/v1_14_R1/BlockHugeMushroom,,net/minecraft/block/MushroomBlock,net/minecraft/class_2381
bpi,net/minecraft/block/IceBlock,net/minecraft/server/v1_14_R1/BlockIce,,net/minecraft/block/IceBlock,net/minecraft/class_2386
bpj,net/minecraft/block/SilverfishBlock,net/minecraft/server/v1_14_R1/BlockMonsterEggs,,net/minecraft/block/InfestedBlock,net/minecraft/class_2384
bpk,net/minecraft/block/PaneBlock,net/minecraft/server/v1_14_R1/BlockIronBars,,net/minecraft/block/PaneBlock,net/minecraft/class_2389
bpl,net/minecraft/block/JigsawBlock,net/minecraft/server/v1_14_R1/BlockJigsaw,,net/minecraft/block/JigsawBlock,net/minecraft/class_3748
bpm,net/minecraft/block/JukeboxBlock,net/minecraft/server/v1_14_R1/BlockJukeBox,,net/minecraft/block/JukeboxBlock,net/minecraft/class_2387
bpn,net/minecraft/block/KelpTopBlock,net/minecraft/server/v1_14_R1/BlockKelp,,net/minecraft/block/KelpBlock,net/minecraft/class_2393
bpo,net/minecraft/block/KelpBlock,net/minecraft/server/v1_14_R1/BlockKelpPlant,,net/minecraft/block/KelpPlantBlock,net/minecraft/class_2391
bpp,net/minecraft/block/LadderBlock,net/minecraft/server/v1_14_R1/BlockLadder,,net/minecraft/block/LadderBlock,net/minecraft/class_2399
bpq,net/minecraft/block/LanternBlock,net/minecraft/server/v1_14_R1/BlockLantern,,net/minecraft/block/LanternBlock,net/minecraft/class_3749
bpr,net/minecraft/block/LeavesBlock,net/minecraft/server/v1_14_R1/BlockLeaves,,net/minecraft/block/LeavesBlock,net/minecraft/class_2397
bps,net/minecraft/block/LecternBlock,net/minecraft/server/v1_14_R1/BlockLectern,,net/minecraft/block/LecternBlock,net/minecraft/class_3715
bpu,net/minecraft/block/LeverBlock,net/minecraft/server/v1_14_R1/BlockLever,,net/minecraft/block/LeverBlock,net/minecraft/class_2401
bpv,net/minecraft/block/FlowingFluidBlock,net/minecraft/server/v1_14_R1/BlockFluids,,net/minecraft/block/FluidBlock,net/minecraft/class_2404
bpw,net/minecraft/block/ILiquidContainer,net/minecraft/server/v1_14_R1/IFluidContainer,,net/minecraft/block/FluidFillable,net/minecraft/class_2402
bpx,net/minecraft/block/LogBlock,net/minecraft/server/v1_14_R1/BlockLogAbstract,,net/minecraft/block/LogBlock,net/minecraft/class_2410
bpy,net/minecraft/block/LoomBlock,net/minecraft/server/v1_14_R1/BlockLoom,,net/minecraft/block/LoomBlock,net/minecraft/class_2406
bpz,net/minecraft/block/MagmaBlock,net/minecraft/server/v1_14_R1/BlockMagma,,net/minecraft/block/MagmaBlock,net/minecraft/class_2413
bq$a,net/minecraft/advancements/criterion/SummonedEntityTrigger$Listeners,net/minecraft/server/v1_14_R1/CriterionTriggerSummonedEntity$a,,net/minecraft/advancement/criterion/SummonedEntityCriterion$Handler,net/minecraft/class_2128$class_2129
bq$b,net/minecraft/advancements/criterion/SummonedEntityTrigger$Instance,net/minecraft/server/v1_14_R1/CriterionTriggerSummonedEntity$b,,net/minecraft/advancement/criterion/SummonedEntityCriterion$Conditions,net/minecraft/class_2128$class_2130
bq,net/minecraft/advancements/criterion/SummonedEntityTrigger,net/minecraft/server/v1_14_R1/CriterionTriggerSummonedEntity,,net/minecraft/advancement/criterion/SummonedEntityCriterion,net/minecraft/class_2128
bqa,net/minecraft/block/MelonBlock,net/minecraft/server/v1_14_R1/BlockMelon,,net/minecraft/block/MelonBlock,net/minecraft/class_2411
bqb,net/minecraft/util/Mirror,net/minecraft/server/v1_14_R1/EnumBlockMirror,,net/minecraft/util/BlockMirror,net/minecraft/class_2415
bqc,net/minecraft/block/MushroomBlock,net/minecraft/server/v1_14_R1/BlockMushroom,,net/minecraft/block/MushroomPlantBlock,net/minecraft/class_2420
bqd,net/minecraft/block/MyceliumBlock,net/minecraft/server/v1_14_R1/BlockMycel,,net/minecraft/block/MyceliumBlock,net/minecraft/class_2418
bqe$a,net/minecraft/block/NetherPortalBlock$Size,net/minecraft/server/v1_14_R1/BlockPortal$Shape,,net/minecraft/block/PortalBlock$AreaHelper,net/minecraft/class_2423$class_2424
bqe,net/minecraft/block/NetherPortalBlock,net/minecraft/server/v1_14_R1/BlockPortal,,net/minecraft/block/PortalBlock,net/minecraft/class_2423
bqf,net/minecraft/block/NetherWartBlock,net/minecraft/server/v1_14_R1/BlockNetherWart,,net/minecraft/block/NetherWartBlock,net/minecraft/class_2421
bqg,net/minecraft/block/NoteBlock,net/minecraft/server/v1_14_R1/BlockNote,,net/minecraft/block/NoteBlock,net/minecraft/class_2428
bqh,net/minecraft/block/ObserverBlock,net/minecraft/server/v1_14_R1/BlockObserver,,net/minecraft/block/ObserverBlock,net/minecraft/class_2426
bqi,net/minecraft/block/OreBlock,net/minecraft/server/v1_14_R1/BlockOre,,net/minecraft/block/OreBlock,net/minecraft/class_2431
bqj,net/minecraft/block/SixWayBlock,net/minecraft/server/v1_14_R1/BlockSprawling,,net/minecraft/block/ConnectedPlantBlock,net/minecraft/class_2429
bqk,net/minecraft/block/SkullPlayerBlock,net/minecraft/server/v1_14_R1/BlockSkullPlayer,,net/minecraft/block/PlayerSkullBlock,net/minecraft/class_2435
bql,net/minecraft/block/SkullWallPlayerBlock,net/minecraft/server/v1_14_R1/BlockSkullPlayerWall,,net/minecraft/block/WallPlayerSkullBlock,net/minecraft/class_2433
bqm,net/minecraft/block/PotatoBlock,net/minecraft/server/v1_14_R1/BlockPotatoes,,net/minecraft/block/PotatoesBlock,net/minecraft/class_2439
bqn,net/minecraft/block/RedstoneBlock,net/minecraft/server/v1_14_R1/BlockPowered,,net/minecraft/block/RedstoneBlock,net/minecraft/class_2436
bqo,net/minecraft/block/PoweredRailBlock,net/minecraft/server/v1_14_R1/BlockPoweredRail,,net/minecraft/block/PoweredRailBlock,net/minecraft/class_2442
bqp$a,net/minecraft/block/PressurePlateBlock$Sensitivity,net/minecraft/server/v1_14_R1/BlockPressurePlateBinary$EnumMobType,,net/minecraft/block/PressurePlateBlock$ActivationRule,net/minecraft/class_2440$class_2441
bqp,net/minecraft/block/PressurePlateBlock,net/minecraft/server/v1_14_R1/BlockPressurePlateBinary,,net/minecraft/block/PressurePlateBlock,net/minecraft/class_2440
bqq,net/minecraft/block/PumpkinBlock,net/minecraft/server/v1_14_R1/BlockPumpkin,,net/minecraft/block/PumpkinBlock,net/minecraft/class_2445
bqr,net/minecraft/block/RailBlock,net/minecraft/server/v1_14_R1/BlockMinecartTrack,,net/minecraft/block/RailBlock,net/minecraft/class_2443
bqs,net/minecraft/block/RailState,net/minecraft/server/v1_14_R1/MinecartTrackLogic,,net/minecraft/block/RailPlacementHelper,net/minecraft/class_2452
bqt,net/minecraft/block/RedstoneOreBlock,net/minecraft/server/v1_14_R1/BlockRedstoneOre,,net/minecraft/block/RedstoneOreBlock,net/minecraft/class_2449
bqu,net/minecraft/block/RedstoneWireBlock,net/minecraft/server/v1_14_R1/BlockRedstoneWire,,net/minecraft/block/RedstoneWireBlock,net/minecraft/class_2457
bqv,net/minecraft/block/RedstoneLampBlock,net/minecraft/server/v1_14_R1/BlockRedstoneLamp,,net/minecraft/block/RedstoneLampBlock,net/minecraft/class_2453
bqw$a,net/minecraft/block/RedstoneTorchBlock$Toggle,net/minecraft/server/v1_14_R1/BlockRedstoneTorch$RedstoneUpdateInfo,,net/minecraft/block/RedstoneTorchBlock$BurnoutEntry,net/minecraft/class_2459$class_2460
bqw,net/minecraft/block/RedstoneTorchBlock,net/minecraft/server/v1_14_R1/BlockRedstoneTorch,,net/minecraft/block/RedstoneTorchBlock,net/minecraft/class_2459
bqx,net/minecraft/block/RedstoneWallTorchBlock,net/minecraft/server/v1_14_R1/BlockRedstoneTorchWall,,net/minecraft/block/WallRedstoneTorchBlock,net/minecraft/class_2458
bqy,net/minecraft/block/BlockRenderType,net/minecraft/server/v1_14_R1/EnumRenderType,,net/minecraft/block/BlockRenderType,net/minecraft/class_2464
bqz,net/minecraft/block/RepeaterBlock,net/minecraft/server/v1_14_R1/BlockRepeater,,net/minecraft/block/RepeaterBlock,net/minecraft/class_2462
br$a,net/minecraft/advancements/criterion/TameAnimalTrigger$Listeners,net/minecraft/server/v1_14_R1/CriterionTriggerTamedAnimal$a,,net/minecraft/advancement/criterion/TameAnimalCriterion$Handler,net/minecraft/class_2131$class_2132
br$b,net/minecraft/advancements/criterion/TameAnimalTrigger$Instance,net/minecraft/server/v1_14_R1/CriterionTriggerTamedAnimal$b,,net/minecraft/advancement/criterion/TameAnimalCriterion$Conditions,net/minecraft/class_2131$class_2133
br,net/minecraft/advancements/criterion/TameAnimalTrigger,net/minecraft/server/v1_14_R1/CriterionTriggerTamedAnimal,,net/minecraft/advancement/criterion/TameAnimalCriterion,net/minecraft/class_2131
bra,net/minecraft/block/RotatedPillarBlock,net/minecraft/server/v1_14_R1/BlockRotatable,,net/minecraft/block/PillarBlock,net/minecraft/class_2465
brb,net/minecraft/util/Rotation,net/minecraft/server/v1_14_R1/EnumBlockRotation,,net/minecraft/util/BlockRotation,net/minecraft/class_2470
brc,net/minecraft/block/SandBlock,net/minecraft/server/v1_14_R1/BlockSand,,net/minecraft/block/SandBlock,net/minecraft/class_2468
brd,net/minecraft/block/SaplingBlock,net/minecraft/server/v1_14_R1/BlockSapling,,net/minecraft/block/SaplingBlock,net/minecraft/class_2473
bre,net/minecraft/block/ScaffoldingBlock,net/minecraft/server/v1_14_R1/BlockScaffolding,,net/minecraft/block/ScaffoldingBlock,net/minecraft/class_3736
brf,net/minecraft/block/SeaPickleBlock,net/minecraft/server/v1_14_R1/BlockSeaPickle,,net/minecraft/block/SeaPickleBlock,net/minecraft/class_2472
brg,net/minecraft/block/SeaGrassBlock,net/minecraft/server/v1_14_R1/BlockSeaGrass,,net/minecraft/block/SeagrassBlock,net/minecraft/class_2476
brh,net/minecraft/block/ShearableDoublePlantBlock,net/minecraft/server/v1_14_R1/BlockTallPlantShearable,,net/minecraft/block/ReplaceableTallPlantBlock,net/minecraft/class_2475
bri,net/minecraft/block/ShulkerBoxBlock,net/minecraft/server/v1_14_R1/BlockShulkerBox,,net/minecraft/block/ShulkerBoxBlock,net/minecraft/class_2480
brj,net/minecraft/block/AbstractSignBlock,net/minecraft/server/v1_14_R1/BlockSign,,net/minecraft/block/AbstractSignBlock,net/minecraft/class_2478
brk,net/minecraft/block/IWaterLoggable,net/minecraft/server/v1_14_R1/IBlockWaterlogged,,net/minecraft/block/Waterloggable,net/minecraft/class_3737
brl$a,net/minecraft/block/SkullBlock$ISkullType,net/minecraft/server/v1_14_R1/BlockSkull$a,,net/minecraft/block/SkullBlock$SkullType,net/minecraft/class_2484$class_2485
brl$b,net/minecraft/block/SkullBlock$Types,net/minecraft/server/v1_14_R1/BlockSkull$Type,,net/minecraft/block/SkullBlock$Type,net/minecraft/class_2484$class_2486
brl,net/minecraft/block/SkullBlock,net/minecraft/server/v1_14_R1/BlockSkull,,net/minecraft/block/SkullBlock,net/minecraft/class_2484
brm,net/minecraft/block/SlabBlock,net/minecraft/server/v1_14_R1/BlockStepAbstract,,net/minecraft/block/SlabBlock,net/minecraft/class_2482
brn,net/minecraft/block/SlimeBlock,net/minecraft/server/v1_14_R1/BlockSlime,,net/minecraft/block/SlimeBlock,net/minecraft/class_2490
bro,net/minecraft/block/SmithingTableBlock,net/minecraft/server/v1_14_R1/BlockSmithingTable,,net/minecraft/block/SmithingTableBlock,net/minecraft/class_3717
brp,net/minecraft/block/SmokerBlock,net/minecraft/server/v1_14_R1/BlockSmoker,,net/minecraft/block/SmokerBlock,net/minecraft/class_3716
brq,net/minecraft/block/SnowBlock,net/minecraft/server/v1_14_R1/BlockSnow,,net/minecraft/block/SnowBlock,net/minecraft/class_2488
brr,net/minecraft/block/SnowyDirtBlock,net/minecraft/server/v1_14_R1/BlockDirtSnow,,net/minecraft/block/SnowyBlock,net/minecraft/class_2493
brs,net/minecraft/block/SoulSandBlock,net/minecraft/server/v1_14_R1/BlockSlowSand,,net/minecraft/block/SoulSandBlock,net/minecraft/class_2492
brt,net/minecraft/block/SoundType,net/minecraft/server/v1_14_R1/SoundEffectType,,net/minecraft/sound/BlockSoundGroup,net/minecraft/class_2498
bru,net/minecraft/block/SpawnerBlock,net/minecraft/server/v1_14_R1/BlockMobSpawner,,net/minecraft/block/SpawnerBlock,net/minecraft/class_2496
brv,net/minecraft/block/SpongeBlock,net/minecraft/server/v1_14_R1/BlockSponge,,net/minecraft/block/SpongeBlock,net/minecraft/class_2502
brw,net/minecraft/block/SpreadableSnowyDirtBlock,net/minecraft/server/v1_14_R1/BlockDirtSnowSpreadable,,net/minecraft/block/SpreadableBlock,net/minecraft/class_2500
brx,net/minecraft/block/StainedGlassBlock,net/minecraft/server/v1_14_R1/BlockStainedGlass,,net/minecraft/block/StainedGlassBlock,net/minecraft/class_2506
bry,net/minecraft/block/StainedGlassPaneBlock,net/minecraft/server/v1_14_R1/BlockStainedGlassPane,,net/minecraft/block/StainedGlassPaneBlock,net/minecraft/class_2504
brz,net/minecraft/block/StairsBlock,net/minecraft/server/v1_14_R1/BlockStairs,,net/minecraft/block/StairsBlock,net/minecraft/class_2510
bs$a,net/minecraft/advancements/criterion/TickTrigger$Listeners,net/minecraft/server/v1_14_R1/CriterionTriggerTick$a,,net/minecraft/advancement/criterion/TickCriterion$Handler,net/minecraft/class_2135$class_2136
bs$b,net/minecraft/advancements/criterion/TickTrigger$Instance,net/minecraft/server/v1_14_R1/CriterionTriggerTick$b,,net/minecraft/advancement/criterion/TickCriterion$Conditions,net/minecraft/class_2135$class_2137
bs,net/minecraft/advancements/criterion/TickTrigger,net/minecraft/server/v1_14_R1/CriterionTriggerTick,,net/minecraft/advancement/criterion/TickCriterion,net/minecraft/class_2135
bsa,net/minecraft/block/StandingSignBlock,net/minecraft/server/v1_14_R1/BlockFloorSign,,net/minecraft/block/SignBlock,net/minecraft/class_2508
bsb,net/minecraft/block/StemBlock,net/minecraft/server/v1_14_R1/BlockStem,,net/minecraft/block/StemBlock,net/minecraft/class_2513
bsc,net/minecraft/block/StemGrownBlock,net/minecraft/server/v1_14_R1/BlockStemmed,,net/minecraft/block/GourdBlock,net/minecraft/class_2511
bsd,net/minecraft/block/StoneButtonBlock,net/minecraft/server/v1_14_R1/BlockStoneButton,,net/minecraft/block/StoneButtonBlock,net/minecraft/class_2517
bse,net/minecraft/block/StonecutterBlock,net/minecraft/server/v1_14_R1/BlockStonecutter,,net/minecraft/block/StonecutterBlock,net/minecraft/class_3718
bsf,net/minecraft/block/StructureBlock,net/minecraft/server/v1_14_R1/BlockStructure,,net/minecraft/block/StructureBlock,net/minecraft/class_2515
bsg,net/minecraft/block/StructureVoidBlock,net/minecraft/server/v1_14_R1/BlockStructureVoid,,net/minecraft/block/StructureVoidBlock,net/minecraft/class_2518
bsh,net/minecraft/block/SugarCaneBlock,net/minecraft/server/v1_14_R1/BlockReed,,net/minecraft/block/SugarCaneBlock,net/minecraft/class_2523
bsi,net/minecraft/block/SweetBerryBushBlock,net/minecraft/server/v1_14_R1/BlockSweetBerryBush,,net/minecraft/block/SweetBerryBushBlock,net/minecraft/class_3830
bsj,net/minecraft/block/TallFlowerBlock,net/minecraft/server/v1_14_R1/BlockTallPlantFlower,,net/minecraft/block/TallFlowerBlock,net/minecraft/class_2521
bsk,net/minecraft/block/TallGrassBlock,net/minecraft/server/v1_14_R1/BlockLongGrass,,net/minecraft/block/FernBlock,net/minecraft/class_2526
bsl,net/minecraft/block/TallSeaGrassBlock,net/minecraft/server/v1_14_R1/BlockTallSeaGrass,,net/minecraft/block/TallSeagrassBlock,net/minecraft/class_2525
bsm,net/minecraft/block/TNTBlock,net/minecraft/server/v1_14_R1/BlockTNT,,net/minecraft/block/TntBlock,net/minecraft/class_2530
bsn,net/minecraft/block/TorchBlock,net/minecraft/server/v1_14_R1/BlockTorch,,net/minecraft/block/TorchBlock,net/minecraft/class_2527
bso,net/minecraft/block/TrapDoorBlock,net/minecraft/server/v1_14_R1/BlockTrapdoor,,net/minecraft/block/TrapdoorBlock,net/minecraft/class_2533
bsp,net/minecraft/block/TrappedChestBlock,net/minecraft/server/v1_14_R1/BlockChestTrapped,,net/minecraft/block/TrappedChestBlock,net/minecraft/class_2531
bsq,net/minecraft/block/TripWireBlock,net/minecraft/server/v1_14_R1/BlockTripwire,,net/minecraft/block/TripwireBlock,net/minecraft/class_2538
bsr,net/minecraft/block/TripWireHookBlock,net/minecraft/server/v1_14_R1/BlockTripwireHook,,net/minecraft/block/TripwireHookBlock,net/minecraft/class_2537
bss,net/minecraft/block/TurtleEggBlock,net/minecraft/server/v1_14_R1/BlockTurtleEgg,,net/minecraft/block/TurtleEggBlock,net/minecraft/class_2542
bst,net/minecraft/block/VineBlock,net/minecraft/server/v1_14_R1/BlockVine,,net/minecraft/block/VineBlock,net/minecraft/class_2541
bsu,net/minecraft/block/WallBannerBlock,net/minecraft/server/v1_14_R1/BlockBannerWall,,net/minecraft/block/WallBannerBlock,net/minecraft/class_2546
bsv,net/minecraft/block/WallBlock,net/minecraft/server/v1_14_R1/BlockCobbleWall,,net/minecraft/block/WallBlock,net/minecraft/class_2544
bsw,net/minecraft/block/WallSignBlock,net/minecraft/server/v1_14_R1/BlockWallSign,,net/minecraft/block/WallSignBlock,net/minecraft/class_2551
bsx,net/minecraft/block/WallSkullBlock,net/minecraft/server/v1_14_R1/BlockSkullWall,,net/minecraft/block/WallSkullBlock,net/minecraft/class_2549
bsy,net/minecraft/block/WallTorchBlock,net/minecraft/server/v1_14_R1/BlockTorchWall,,net/minecraft/block/WallTorchBlock,net/minecraft/class_2555
bsz,net/minecraft/block/LilyPadBlock,net/minecraft/server/v1_14_R1/BlockWaterLily,,net/minecraft/block/LilyPadBlock,net/minecraft/class_2553
bt$a,net/minecraft/advancements/criterion/VillagerTradeTrigger$Listeners,net/minecraft/server/v1_14_R1/CriterionTriggerVillagerTrade$a,,net/minecraft/advancement/criterion/VillagerTradeCriterion$Handler,net/minecraft/class_2140$class_2141
bt$b,net/minecraft/advancements/criterion/VillagerTradeTrigger$Instance,net/minecraft/server/v1_14_R1/CriterionTriggerVillagerTrade$b,,net/minecraft/advancement/criterion/VillagerTradeCriterion$Conditions,net/minecraft/class_2140$class_2142
bt,net/minecraft/advancements/criterion/VillagerTradeTrigger,net/minecraft/server/v1_14_R1/CriterionTriggerVillagerTrade,,net/minecraft/advancement/criterion/VillagerTradeCriterion,net/minecraft/class_2140
bta,net/minecraft/block/WebBlock,net/minecraft/server/v1_14_R1/BlockWeb,,net/minecraft/block/CobwebBlock,net/minecraft/class_2560
btb,net/minecraft/block/WeightedPressurePlateBlock,net/minecraft/server/v1_14_R1/BlockPressurePlateWeighted,,net/minecraft/block/WeightedPressurePlateBlock,net/minecraft/class_2557
btc,net/minecraft/block/WetSpongeBlock,net/minecraft/server/v1_14_R1/BlockWetSponge,,net/minecraft/block/WetSpongeBlock,net/minecraft/class_2565
btd,net/minecraft/block/WitherRoseBlock,net/minecraft/server/v1_14_R1/BlockWitherRose,,net/minecraft/block/WitherRoseBlock,net/minecraft/class_2563
bte,net/minecraft/block/WitherSkeletonSkullBlock,net/minecraft/server/v1_14_R1/BlockWitherSkull,,net/minecraft/block/WitherSkullBlock,net/minecraft/class_2570
btf,net/minecraft/block/WitherSkeletonWallSkullBlock,net/minecraft/server/v1_14_R1/BlockWitherSkullWall,,net/minecraft/block/WallWitherSkullBlock,net/minecraft/class_2567
btg,net/minecraft/block/WoodButtonBlock,net/minecraft/server/v1_14_R1/BlockWoodButton,,net/minecraft/block/WoodButtonBlock,net/minecraft/class_2571
bth,net/minecraft/block/CarpetBlock,net/minecraft/server/v1_14_R1/BlockCarpet,,net/minecraft/block/CarpetBlock,net/minecraft/class_2577
bti$1,net/minecraft/tileentity/AbstractFurnaceTileEntity$1,net/minecraft/server/v1_14_R1/TileEntityFurnace$1,,net/minecraft/block/entity/AbstractFurnaceBlockEntity$1,net/minecraft/class_2609$1
bti,net/minecraft/tileentity/AbstractFurnaceTileEntity,net/minecraft/server/v1_14_R1/TileEntityFurnace,,net/minecraft/block/entity/AbstractFurnaceBlockEntity,net/minecraft/class_2609
btj,net/minecraft/tileentity/BannerTileEntity,net/minecraft/server/v1_14_R1/TileEntityBanner,,net/minecraft/block/entity/BannerBlockEntity,net/minecraft/class_2573
btk$a,net/minecraft/tileentity/BannerPattern$Builder,net/minecraft/server/v1_14_R1/EnumBannerPatternType$a,,net/minecraft/block/entity/BannerPattern$Builder,net/minecraft/class_2582$class_3750
btk,net/minecraft/tileentity/BannerPattern,net/minecraft/server/v1_14_R1/EnumBannerPatternType,,net/minecraft/block/entity/BannerPattern,net/minecraft/class_2582
btl,net/minecraft/tileentity/BarrelTileEntity,net/minecraft/server/v1_14_R1/TileEntityBarrel,,net/minecraft/block/entity/BarrelBlockEntity,net/minecraft/class_3719
btm,net/minecraft/tileentity/LockableTileEntity,net/minecraft/server/v1_14_R1/TileEntityContainer,,net/minecraft/block/entity/LockableContainerBlockEntity,net/minecraft/class_2624
btn$1,net/minecraft/tileentity/BeaconTileEntity$1,net/minecraft/server/v1_14_R1/TileEntityBeacon$1,,net/minecraft/block/entity/BeaconBlockEntity$1,net/minecraft/class_2580$1
btn$a,net/minecraft/tileentity/BeaconTileEntity$BeamSegment,net/minecraft/server/v1_14_R1/TileEntityBeacon$BeaconColorTracker,,net/minecraft/block/entity/BeaconBlockEntity$BeamSegment,net/minecraft/class_2580$class_2581
btn,net/minecraft/tileentity/BeaconTileEntity,net/minecraft/server/v1_14_R1/TileEntityBeacon,,net/minecraft/block/entity/BeaconBlockEntity,net/minecraft/class_2580
bto,net/minecraft/tileentity/BedTileEntity,net/minecraft/server/v1_14_R1/TileEntityBed,,net/minecraft/block/entity/BedBlockEntity,net/minecraft/class_2587
btp,net/minecraft/tileentity/BellTileEntity,net/minecraft/server/v1_14_R1/TileEntityBell,,net/minecraft/block/entity/BellBlockEntity,net/minecraft/class_3721
btq,net/minecraft/tileentity/BlastFurnaceTileEntity,net/minecraft/server/v1_14_R1/TileEntityBlastFurnace,,net/minecraft/block/entity/BlastFurnaceBlockEntity,net/minecraft/class_3720
btr,net/minecraft/tileentity/TileEntity,net/minecraft/server/v1_14_R1/TileEntity,,net/minecraft/block/entity/BlockEntity,net/minecraft/class_2586
bts$a,net/minecraft/tileentity/TileEntityType$Builder,net/minecraft/server/v1_14_R1/TileEntityTypes$a,,net/minecraft/block/entity/BlockEntityType$Builder,net/minecraft/class_2591$class_2592
bts,net/minecraft/tileentity/TileEntityType,net/minecraft/server/v1_14_R1/TileEntityTypes,,net/minecraft/block/entity/BlockEntityType,net/minecraft/class_2591
btt$1,net/minecraft/tileentity/BrewingStandTileEntity$1,net/minecraft/server/v1_14_R1/TileEntityBrewingStand$1,,net/minecraft/block/entity/BrewingStandBlockEntity$1,net/minecraft/class_2589$1
btt,net/minecraft/tileentity/BrewingStandTileEntity,net/minecraft/server/v1_14_R1/TileEntityBrewingStand,,net/minecraft/block/entity/BrewingStandBlockEntity,net/minecraft/class_2589
btu,net/minecraft/tileentity/CampfireTileEntity,net/minecraft/server/v1_14_R1/TileEntityCampfire,,net/minecraft/block/entity/CampfireBlockEntity,net/minecraft/class_3924
btv,net/minecraft/tileentity/ChestTileEntity,net/minecraft/server/v1_14_R1/TileEntityChest,,net/minecraft/block/entity/ChestBlockEntity,net/minecraft/class_2595
btw$1,net/minecraft/tileentity/CommandBlockTileEntity$1,net/minecraft/server/v1_14_R1/TileEntityCommand$1,,net/minecraft/block/entity/CommandBlockBlockEntity$1,net/minecraft/class_2593$1
btw$a,net/minecraft/tileentity/CommandBlockTileEntity$Mode,net/minecraft/server/v1_14_R1/TileEntityCommand$Type,,net/minecraft/block/entity/CommandBlockBlockEntity$Type,net/minecraft/class_2593$class_2594
btw,net/minecraft/tileentity/CommandBlockTileEntity,net/minecraft/server/v1_14_R1/TileEntityCommand,,net/minecraft/block/entity/CommandBlockBlockEntity,net/minecraft/class_2593
btx,net/minecraft/tileentity/ComparatorTileEntity,net/minecraft/server/v1_14_R1/TileEntityComparator,,net/minecraft/block/entity/ComparatorBlockEntity,net/minecraft/class_2599
bty,net/minecraft/tileentity/ConduitTileEntity,net/minecraft/server/v1_14_R1/TileEntityConduit,,net/minecraft/block/entity/ConduitBlockEntity,net/minecraft/class_2597
btz,net/minecraft/tileentity/DaylightDetectorTileEntity,net/minecraft/server/v1_14_R1/TileEntityLightDetector,,net/minecraft/block/entity/DaylightDetectorBlockEntity,net/minecraft/class_2603
bu$a,net/minecraft/advancements/criterion/UsedEnderEyeTrigger$Listeners,net/minecraft/server/v1_14_R1/CriterionTriggerUsedEnderEye$a,,net/minecraft/advancement/criterion/UsedEnderEyeCriterion$Handler,net/minecraft/class_2143$class_2144
bu$b,net/minecraft/advancements/criterion/UsedEnderEyeTrigger$Instance,net/minecraft/server/v1_14_R1/CriterionTriggerUsedEnderEye$b,,net/minecraft/advancement/criterion/UsedEnderEyeCriterion$Conditions,net/minecraft/class_2143$class_2145
bu,net/minecraft/advancements/criterion/UsedEnderEyeTrigger,net/minecraft/server/v1_14_R1/CriterionTriggerUsedEnderEye,,net/minecraft/advancement/criterion/UsedEnderEyeCriterion,net/minecraft/class_2143
bua,net/minecraft/tileentity/DispenserTileEntity,net/minecraft/server/v1_14_R1/TileEntityDispenser,,net/minecraft/block/entity/DispenserBlockEntity,net/minecraft/class_2601
bub,net/minecraft/tileentity/DropperTileEntity,net/minecraft/server/v1_14_R1/TileEntityDropper,,net/minecraft/block/entity/DropperBlockEntity,net/minecraft/class_2608
buc,net/minecraft/tileentity/EnchantingTableTileEntity,net/minecraft/server/v1_14_R1/TileEntityEnchantTable,,net/minecraft/block/entity/EnchantingTableBlockEntity,net/minecraft/class_2605
bud,net/minecraft/tileentity/EnderChestTileEntity,net/minecraft/server/v1_14_R1/TileEntityEnderChest,,net/minecraft/block/entity/EnderChestBlockEntity,net/minecraft/class_2611
bue,net/minecraft/tileentity/FurnaceTileEntity,net/minecraft/server/v1_14_R1/TileEntityFurnaceFurnace,,net/minecraft/block/entity/FurnaceBlockEntity,net/minecraft/class_3866
buf,net/minecraft/tileentity/IHopper,net/minecraft/server/v1_14_R1/IHopper,,net/minecraft/block/entity/Hopper,net/minecraft/class_2615
bug,net/minecraft/tileentity/HopperTileEntity,net/minecraft/server/v1_14_R1/TileEntityHopper,,net/minecraft/block/entity/HopperBlockEntity,net/minecraft/class_2614
buh,net/minecraft/tileentity/JigsawTileEntity,net/minecraft/server/v1_14_R1/TileEntityJigsaw,,net/minecraft/block/entity/JigsawBlockEntity,net/minecraft/class_3751
bui,net/minecraft/tileentity/JukeboxTileEntity,net/minecraft/server/v1_14_R1/TileEntityJukeBox,,net/minecraft/block/entity/JukeboxBlockEntity,net/minecraft/class_2619
buj$1,net/minecraft/tileentity/LecternTileEntity$1,net/minecraft/server/v1_14_R1/TileEntityLectern$1,,net/minecraft/block/entity/LecternBlockEntity$1,net/minecraft/class_3722$1
buj$2,net/minecraft/tileentity/LecternTileEntity$2,net/minecraft/server/v1_14_R1/TileEntityLectern$2,,net/minecraft/block/entity/LecternBlockEntity$2,net/minecraft/class_3722$2
buj,net/minecraft/tileentity/LecternTileEntity,net/minecraft/server/v1_14_R1/TileEntityLectern,,net/minecraft/block/entity/LecternBlockEntity,net/minecraft/class_3722
bul,net/minecraft/tileentity/LockableLootTileEntity,net/minecraft/server/v1_14_R1/TileEntityLootable,,net/minecraft/block/entity/LootableContainerBlockEntity,net/minecraft/class_2621
bum$a,net/minecraft/tileentity/ShulkerBoxTileEntity$AnimationStatus,net/minecraft/server/v1_14_R1/TileEntityShulkerBox$AnimationPhase,,net/minecraft/block/entity/ShulkerBoxBlockEntity$AnimationStage,net/minecraft/class_2627$class_2628
bum,net/minecraft/tileentity/ShulkerBoxTileEntity,net/minecraft/server/v1_14_R1/TileEntityShulkerBox,,net/minecraft/block/entity/ShulkerBoxBlockEntity,net/minecraft/class_2627
bun,net/minecraft/tileentity/SignTileEntity,net/minecraft/server/v1_14_R1/TileEntitySign,,net/minecraft/block/entity/SignBlockEntity,net/minecraft/class_2625
buo,net/minecraft/tileentity/SkullTileEntity,net/minecraft/server/v1_14_R1/TileEntitySkull,,net/minecraft/block/entity/SkullBlockEntity,net/minecraft/class_2631
bup,net/minecraft/tileentity/SmokerTileEntity,net/minecraft/server/v1_14_R1/TileEntitySmoker,,net/minecraft/block/entity/SmokerBlockEntity,net/minecraft/class_3723
buq$1,net/minecraft/tileentity/MobSpawnerTileEntity$1,net/minecraft/server/v1_14_R1/TileEntityMobSpawner$1,,net/minecraft/block/entity/MobSpawnerBlockEntity$1,net/minecraft/class_2636$1
buq,net/minecraft/tileentity/MobSpawnerTileEntity,net/minecraft/server/v1_14_R1/TileEntityMobSpawner,,net/minecraft/block/entity/MobSpawnerBlockEntity,net/minecraft/class_2636
bur$a,net/minecraft/tileentity/StructureBlockTileEntity$UpdateCommand,net/minecraft/server/v1_14_R1/TileEntityStructure$UpdateType,,net/minecraft/block/entity/StructureBlockBlockEntity$Action,net/minecraft/class_2633$class_2634
bur,net/minecraft/tileentity/StructureBlockTileEntity,net/minecraft/server/v1_14_R1/TileEntityStructure,,net/minecraft/block/entity/StructureBlockBlockEntity,net/minecraft/class_2633
bus,net/minecraft/tileentity/EndGatewayTileEntity,net/minecraft/server/v1_14_R1/TileEntityEndGateway,,net/minecraft/block/entity/EndGatewayBlockEntity,net/minecraft/class_2643
but,net/minecraft/tileentity/EndPortalTileEntity,net/minecraft/server/v1_14_R1/TileEntityEnderPortal,,net/minecraft/block/entity/EndPortalBlockEntity,net/minecraft/class_2640
buu,net/minecraft/tileentity/ITickableTileEntity,net/minecraft/server/v1_14_R1/ITickable,,net/minecraft/util/Tickable,net/minecraft/class_3000
buv,net/minecraft/tileentity/TrappedChestTileEntity,net/minecraft/server/v1_14_R1/TileEntityChestTrapped,,net/minecraft/block/entity/TrappedChestBlockEntity,net/minecraft/class_2646
bux,net/minecraft/block/trees/BigTree,net/minecraft/server/v1_14_R1/WorldGenMegaTreeProvider,,net/minecraft/block/sapling/LargeTreeSaplingGenerator,net/minecraft/class_2650
buy,net/minecraft/block/trees/Tree,net/minecraft/server/v1_14_R1/WorldGenTreeProvider,,net/minecraft/block/sapling/SaplingGenerator,net/minecraft/class_2647
buz,net/minecraft/block/trees/AcaciaTree,net/minecraft/server/v1_14_R1/WorldGenTreeProviderAcacia,,net/minecraft/block/sapling/AcaciaSaplingGenerator,net/minecraft/class_2654
bv$a,net/minecraft/advancements/criterion/UsedTotemTrigger$Listeners,net/minecraft/server/v1_14_R1/CriterionTriggerUsedTotem$a,,net/minecraft/advancement/criterion/UsedTotemCriterion$Handler,net/minecraft/class_2148$class_2149
bv$b,net/minecraft/advancements/criterion/UsedTotemTrigger$Instance,net/minecraft/server/v1_14_R1/CriterionTriggerUsedTotem$b,,net/minecraft/advancement/criterion/UsedTotemCriterion$Conditions,net/minecraft/class_2148$class_2150
bv,net/minecraft/advancements/criterion/UsedTotemTrigger,net/minecraft/server/v1_14_R1/CriterionTriggerUsedTotem,,net/minecraft/advancement/criterion/UsedTotemCriterion,net/minecraft/class_2148
bva,net/minecraft/block/trees/BirchTree,net/minecraft/server/v1_14_R1/WorldGenTreeProviderBirch,,net/minecraft/block/sapling/BirchSaplingGenerator,net/minecraft/class_2652
bvb,net/minecraft/block/trees/DarkOakTree,net/minecraft/server/v1_14_R1/WorldGenMegaTreeProviderDarkOak,,net/minecraft/block/sapling/DarkOakSaplingGenerator,net/minecraft/class_2657
bvc,net/minecraft/block/trees/JungleTree,net/minecraft/server/v1_14_R1/WorldGenMegaTreeProviderJungle,,net/minecraft/block/sapling/JungleSaplingGenerator,net/minecraft/class_2655
bvd,net/minecraft/block/trees/OakTree,net/minecraft/server/v1_14_R1/WorldGenTreeProviderOak,,net/minecraft/block/sapling/OakSaplingGenerator,net/minecraft/class_2662
bve,net/minecraft/block/trees/SpruceTree,net/minecraft/server/v1_14_R1/WorldGenTreeProviderSpruce,,net/minecraft/block/sapling/SpruceSaplingGenerator,net/minecraft/class_2659
bvh,net/minecraft/block/MovingPistonBlock,net/minecraft/server/v1_14_R1/BlockPistonMoving,,net/minecraft/block/PistonExtensionBlock,net/minecraft/class_2667
bvi,net/minecraft/block/PistonBlock,net/minecraft/server/v1_14_R1/BlockPiston,,net/minecraft/block/PistonBlock,net/minecraft/class_2665
bvj,net/minecraft/block/PistonHeadBlock,net/minecraft/server/v1_14_R1/BlockPistonExtension,,net/minecraft/block/PistonHeadBlock,net/minecraft/class_2671
bvk$1,net/minecraft/tileentity/PistonTileEntity$1,net/minecraft/server/v1_14_R1/TileEntityPiston$1,,net/minecraft/block/entity/PistonBlockEntity$1,net/minecraft/class_2669$1
bvk,net/minecraft/tileentity/PistonTileEntity,net/minecraft/server/v1_14_R1/TileEntityPiston,,net/minecraft/block/entity/PistonBlockEntity,net/minecraft/class_2669
bvl,net/minecraft/block/state/PistonBlockStructureHelper,net/minecraft/server/v1_14_R1/PistonExtendsChecker,,net/minecraft/block/piston/PistonHandler,net/minecraft/class_2674
bvn$1,net/minecraft/state/StateHolder$1,net/minecraft/server/v1_14_R1/BlockDataAbstract$1,,net/minecraft/state/AbstractPropertyContainer$1,net/minecraft/class_2679$1
bvn,net/minecraft/state/StateHolder,net/minecraft/server/v1_14_R1/BlockDataAbstract,,net/minecraft/state/AbstractPropertyContainer,net/minecraft/class_2679
bvo$a,net/minecraft/block/BlockState$Cache,net/minecraft/server/v1_14_R1/IBlockData$a,,net/minecraft/block/BlockState$ShapeCache,net/minecraft/class_2680$class_3752
bvo,net/minecraft/block/BlockState,net/minecraft/server/v1_14_R1/IBlockData,,net/minecraft/block/BlockState,net/minecraft/class_2680
bvp$a,net/minecraft/state/StateContainer$Builder,net/minecraft/server/v1_14_R1/BlockStateList$a,,net/minecraft/state/StateFactory$Builder,net/minecraft/class_2689$class_2690
bvp$b,net/minecraft/state/StateContainer$IFactory,net/minecraft/server/v1_14_R1/BlockStateList$b,,net/minecraft/state/StateFactory$Factory,net/minecraft/class_2689$class_2691
bvp,net/minecraft/state/StateContainer,net/minecraft/server/v1_14_R1/BlockStateList,,net/minecraft/state/StateFactory,net/minecraft/class_2689
bvq,net/minecraft/state/IStateHolder,net/minecraft/server/v1_14_R1/IBlockDataHolder,,net/minecraft/state/PropertyContainer,net/minecraft/class_2688
bvs,net/minecraft/util/CachedBlockInfo,net/minecraft/server/v1_14_R1/ShapeDetectorBlock,,net/minecraft/block/pattern/CachedBlockPosition,net/minecraft/class_2694
bvt$a,net/minecraft/block/pattern/BlockPattern$CacheLoader,net/minecraft/server/v1_14_R1/ShapeDetector$BlockLoader,,net/minecraft/block/pattern/BlockPattern$BlockStateCacheLoader,net/minecraft/class_2700$class_2701
bvt$b,net/minecraft/block/pattern/BlockPattern$PatternHelper,net/minecraft/server/v1_14_R1/ShapeDetector$ShapeDetectorCollection,,net/minecraft/block/pattern/BlockPattern$Result,net/minecraft/class_2700$class_2702
bvt$c,net/minecraft/block/pattern/BlockPattern$PortalInfo,net/minecraft/server/v1_14_R1/ShapeDetector$Shape,,net/minecraft/block/pattern/BlockPattern$TeleportTarget,net/minecraft/class_2700$class_4297
bvt,net/minecraft/block/pattern/BlockPattern,net/minecraft/server/v1_14_R1/ShapeDetector,,net/minecraft/block/pattern/BlockPattern,net/minecraft/class_2700
bvu,net/minecraft/block/pattern/BlockPatternBuilder,net/minecraft/server/v1_14_R1/ShapeDetectorBuilder,,net/minecraft/block/pattern/BlockPatternBuilder,net/minecraft/class_2697
bvw$1,net/minecraft/block/pattern/BlockMaterialMatcher$1,net/minecraft/server/v1_14_R1/MaterialPredicate$1,,net/minecraft/util/MaterialPredicate$1,net/minecraft/class_2710$1
bvw,net/minecraft/block/pattern/BlockMaterialMatcher,net/minecraft/server/v1_14_R1/MaterialPredicate,,net/minecraft/util/MaterialPredicate,net/minecraft/class_2710
bvx,net/minecraft/block/pattern/BlockMatcher,net/minecraft/server/v1_14_R1/BlockPredicate,,net/minecraft/predicate/block/BlockPredicate,net/minecraft/class_2717
bvy,net/minecraft/block/pattern/BlockStateMatcher,net/minecraft/server/v1_14_R1/BlockStatePredicate,,net/minecraft/predicate/block/BlockStatePredicate,net/minecraft/class_2715
bw,net/minecraft/advancements/criterion/MinMaxBoundsWrapped,net/minecraft/server/v1_14_R1/CriterionConditionRange,,net/minecraft/command/FloatRange,net/minecraft/class_2152
bwa,net/minecraft/state/Property,net/minecraft/server/v1_14_R1/BlockState,,net/minecraft/state/property/AbstractProperty,net/minecraft/class_2733
bwb,net/minecraft/state/properties/AttachFace,net/minecraft/server/v1_14_R1/BlockPropertyAttachPosition,,net/minecraft/block/enums/WallMountLocation,net/minecraft/class_2738
bwc,net/minecraft/state/properties/BambooLeaves,net/minecraft/server/v1_14_R1/BlockPropertyBambooSize,,net/minecraft/block/enums/BambooLeaves,net/minecraft/class_2737
bwd,net/minecraft/state/properties/BedPart,net/minecraft/server/v1_14_R1/BlockPropertyBedPart,,net/minecraft/block/enums/BedPart,net/minecraft/class_2742
bwe,net/minecraft/state/properties/BellAttachment,net/minecraft/server/v1_14_R1/BlockPropertyBellAttach,,net/minecraft/block/enums/Attachment,net/minecraft/class_3867
bwf,net/minecraft/state/properties/BlockStateProperties,net/minecraft/server/v1_14_R1/BlockProperties,,net/minecraft/state/property/Properties,net/minecraft/class_2741
bwg,net/minecraft/state/BooleanProperty,net/minecraft/server/v1_14_R1/BlockStateBoolean,,net/minecraft/state/property/BooleanProperty,net/minecraft/class_2746
bwh,net/minecraft/state/properties/ChestType,net/minecraft/server/v1_14_R1/BlockPropertyChestType,,net/minecraft/block/enums/ChestType,net/minecraft/class_2745
bwi,net/minecraft/state/properties/ComparatorMode,net/minecraft/server/v1_14_R1/BlockPropertyComparatorMode,,net/minecraft/block/enums/ComparatorMode,net/minecraft/class_2747
bwj,net/minecraft/state/DirectionProperty,net/minecraft/server/v1_14_R1/BlockStateDirection,,net/minecraft/state/property/DirectionProperty,net/minecraft/class_2753
bwk,net/minecraft/state/properties/DoorHingeSide,net/minecraft/server/v1_14_R1/BlockPropertyDoorHinge,,net/minecraft/block/enums/DoorHinge,net/minecraft/class_2750
bwl,net/minecraft/state/properties/DoubleBlockHalf,net/minecraft/server/v1_14_R1/BlockPropertyDoubleBlockHalf,,net/minecraft/block/enums/DoubleBlockHalf,net/minecraft/class_2756
bwm,net/minecraft/state/EnumProperty,net/minecraft/server/v1_14_R1/BlockStateEnum,,net/minecraft/state/property/EnumProperty,net/minecraft/class_2754
bwn,net/minecraft/state/properties/Half,net/minecraft/server/v1_14_R1/BlockPropertyHalf,,net/minecraft/block/enums/BlockHalf,net/minecraft/class_2760
bwo,net/minecraft/state/IntegerProperty,net/minecraft/server/v1_14_R1/BlockStateInteger,,net/minecraft/state/property/IntProperty,net/minecraft/class_2758
bwp,net/minecraft/state/properties/NoteBlockInstrument,net/minecraft/server/v1_14_R1/BlockPropertyInstrument,,net/minecraft/block/enums/Instrument,net/minecraft/class_2766
bwq,net/minecraft/state/properties/PistonType,net/minecraft/server/v1_14_R1/BlockPropertyPistonType,,net/minecraft/block/enums/PistonType,net/minecraft/class_2764
bwr,net/minecraft/state/IProperty,net/minecraft/server/v1_14_R1/IBlockState,,net/minecraft/state/property/Property,net/minecraft/class_2769
bws,net/minecraft/state/properties/RailShape,net/minecraft/server/v1_14_R1/BlockPropertyTrackPosition,,net/minecraft/block/enums/RailShape,net/minecraft/class_2768
bwt,net/minecraft/state/properties/RedstoneSide,net/minecraft/server/v1_14_R1/BlockPropertyRedstoneSide,,net/minecraft/block/enums/WireConnection,net/minecraft/class_2773
bwu,net/minecraft/state/properties/SlabType,net/minecraft/server/v1_14_R1/BlockPropertySlabType,,net/minecraft/block/enums/SlabType,net/minecraft/class_2771
bwv,net/minecraft/state/properties/StairsShape,net/minecraft/server/v1_14_R1/BlockPropertyStairsShape,,net/minecraft/block/enums/StairShape,net/minecraft/class_2778
bww,net/minecraft/state/properties/StructureMode,net/minecraft/server/v1_14_R1/BlockPropertyStructureMode,,net/minecraft/block/enums/StructureBlockMode,net/minecraft/class_2776
bwy$a,net/minecraft/world/border/IBorderListener$Impl,net/minecraft/server/v1_14_R1/IWorldBorderListener$a,,net/minecraft/world/border/WorldBorderListener$WorldBorderSyncer,net/minecraft/class_2780$class_3976
bwy,net/minecraft/world/border/IBorderListener,net/minecraft/server/v1_14_R1/IWorldBorderListener,,net/minecraft/world/border/WorldBorderListener,net/minecraft/class_2780
bxa$a,net/minecraft/world/border/WorldBorder$IBorderInfo,net/minecraft/server/v1_14_R1/WorldBorder$a,,net/minecraft/world/border/WorldBorder$Area,net/minecraft/class_2784$class_2785
bxa$b,net/minecraft/world/border/WorldBorder$MovingBorderInfo,net/minecraft/server/v1_14_R1/WorldBorder$b,,net/minecraft/world/border/WorldBorder$MovingArea,net/minecraft/class_2784$class_2786
bxa$c,net/minecraft/world/border/WorldBorder$StationaryBorderInfo,net/minecraft/server/v1_14_R1/WorldBorder$c,,net/minecraft/world/border/WorldBorder$StaticArea,net/minecraft/class_2784$class_2787
bxa,net/minecraft/world/border/WorldBorder,net/minecraft/server/v1_14_R1/WorldBorder,,net/minecraft/world/border/WorldBorder,net/minecraft/class_2784
bxc,net/minecraft/world/chunk/IChunk,net/minecraft/server/v1_14_R1/IChunkAccess,,net/minecraft/world/chunk/Chunk,net/minecraft/class_2791
bxd,net/minecraft/world/gen/ChunkGenerator,net/minecraft/server/v1_14_R1/ChunkGenerator,,net/minecraft/world/gen/chunk/ChunkGenerator,net/minecraft/class_2794
bxe,net/minecraft/world/gen/IChunkGeneratorFactory,net/minecraft/server/v1_14_R1/ChunkGeneratorFactory,,net/minecraft/world/gen/chunk/ChunkGeneratorFactory,net/minecraft/class_2801
bxf,net/minecraft/world/gen/ChunkGeneratorType,net/minecraft/server/v1_14_R1/ChunkGeneratorType,,net/minecraft/world/gen/chunk/ChunkGeneratorType,net/minecraft/class_2798
bxg,net/minecraft/world/chunk/AbstractChunkProvider,net/minecraft/server/v1_14_R1/IChunkProvider,,net/minecraft/world/chunk/ChunkManager,net/minecraft/class_2802
bxh$a,net/minecraft/world/chunk/ChunkStatus$Type,net/minecraft/server/v1_14_R1/ChunkStatus$Type,,net/minecraft/world/chunk/ChunkStatus$ChunkType,net/minecraft/class_2806$class_2808
bxh$b,net/minecraft/world/chunk/ChunkStatus$IGenerationWorker,net/minecraft/server/v1_14_R1/ChunkStatus$b,,net/minecraft/world/chunk/ChunkStatus$Task,net/minecraft/class_2806$class_2807
bxh$c,net/minecraft/world/chunk/ChunkStatus$ILoadingWorker,net/minecraft/server/v1_14_R1/ChunkStatus$c,,net/minecraft/world/chunk/ChunkStatus$class_4305,net/minecraft/class_2806$class_4305
bxh$d,net/minecraft/world/chunk/ChunkStatus$ISelectiveWorker,net/minecraft/server/v1_14_R1/ChunkStatus$d,,net/minecraft/world/chunk/ChunkStatus$SimpleTask,net/minecraft/class_2806$class_3768
bxh,net/minecraft/world/chunk/ChunkStatus,net/minecraft/server/v1_14_R1/ChunkStatus,,net/minecraft/world/chunk/ChunkStatus,net/minecraft/class_2806
bxi,net/minecraft/world/chunk/NibbleArray,net/minecraft/server/v1_14_R1/NibbleArray,,net/minecraft/world/chunk/ChunkNibbleArray,net/minecraft/class_2804
bxj,net/minecraft/world/chunk/EmptyChunk,net/minecraft/server/v1_14_R1/ChunkEmpty,,net/minecraft/world/chunk/EmptyChunk,net/minecraft/class_2812
bxk,net/minecraft/world/IStructureReader,net/minecraft/server/v1_14_R1/IStructureAccess,,net/minecraft/world/BlockViewWithStructures,net/minecraft/class_2810
bxl,net/minecraft/world/chunk/BlockStatePaletteRegistry,net/minecraft/server/v1_14_R1/DataPaletteGlobal,,net/minecraft/world/chunk/IdListPalette,net/minecraft/class_2816
bxm,net/minecraft/world/chunk/BlockStatePaletteHashMap,net/minecraft/server/v1_14_R1/DataPaletteHash,,net/minecraft/world/chunk/BiMapPalette,net/minecraft/class_2814
bxn,net/minecraft/world/chunk/ChunkPrimerWrapper,net/minecraft/server/v1_14_R1/ProtoChunkExtension,,net/minecraft/world/chunk/ReadOnlyChunk,net/minecraft/class_2821
bxo$a,net/minecraft/world/chunk/Chunk$CreateEntityType,net/minecraft/server/v1_14_R1/Chunk$EnumTileEntityState,,net/minecraft/world/chunk/WorldChunk$CreationType,net/minecraft/class_2818$class_2819
bxo,net/minecraft/world/chunk/Chunk,net/minecraft/server/v1_14_R1/Chunk,,net/minecraft/world/chunk/WorldChunk,net/minecraft/class_2818
bxp,net/minecraft/world/chunk/ChunkSection,net/minecraft/server/v1_14_R1/ChunkSection,,net/minecraft/world/chunk/ChunkSection,net/minecraft/class_2826
bxq,net/minecraft/world/chunk/IChunkLightProvider,net/minecraft/server/v1_14_R1/ILightAccess,,net/minecraft/world/chunk/ChunkProvider,net/minecraft/class_2823
bxr,net/minecraft/world/chunk/BlockStatePaletteLinear,net/minecraft/server/v1_14_R1/DataPaletteLinear,,net/minecraft/world/chunk/ArrayPalette,net/minecraft/class_2834
bxs,net/minecraft/world/chunk/storage/NibbleArrayReader,net/minecraft/server/v1_14_R1/OldNibbleArray,,net/minecraft/world/level/storage/AlphaChunkDataArray,net/minecraft/class_2832
bxt,net/minecraft/world/chunk/IBlockStatePalette,net/minecraft/server/v1_14_R1/DataPalette,,net/minecraft/world/chunk/Palette,net/minecraft/class_2837
bxu,net/minecraft/world/chunk/IBlockStatePaletteResizer,net/minecraft/server/v1_14_R1/DataPaletteExpandable,,net/minecraft/world/chunk/PaletteResizeListener,net/minecraft/class_2835
bxv,net/minecraft/world/chunk/BlockStateContainer,net/minecraft/server/v1_14_R1/DataPaletteBlock,,net/minecraft/world/chunk/PalettedContainer,net/minecraft/class_2841
bxw,net/minecraft/world/chunk/ChunkPrimer,net/minecraft/server/v1_14_R1/ProtoChunk,,net/minecraft/world/chunk/ProtoChunk,net/minecraft/class_2839
bxx,net/minecraft/world/chunk/ChunkPrimerTickList,net/minecraft/server/v1_14_R1/ProtoChunkTickList,,net/minecraft/world/ChunkTickScheduler,net/minecraft/class_2850
bxy$a,net/minecraft/world/chunk/UpgradeData$IBlockFixer,net/minecraft/server/v1_14_R1/ChunkConverter$a,,net/minecraft/world/chunk/UpgradeData$class_2844,net/minecraft/class_2843$class_2844
bxy$b$1,net/minecraft/world/chunk/UpgradeData$BlockFixers$1,net/minecraft/server/v1_14_R1/ChunkConverter$Type$1,,net/minecraft/world/chunk/UpgradeData$class_2845$1,net/minecraft/class_2843$class_2845$1
bxy$b$2,net/minecraft/world/chunk/UpgradeData$BlockFixers$2,net/minecraft/server/v1_14_R1/ChunkConverter$Type$2,,net/minecraft/world/chunk/UpgradeData$class_2845$2,net/minecraft/class_2843$class_2845$2
bxy$b$3,net/minecraft/world/chunk/UpgradeData$BlockFixers$3,net/minecraft/server/v1_14_R1/ChunkConverter$Type$3,,net/minecraft/world/chunk/UpgradeData$class_2845$3,net/minecraft/class_2843$class_2845$3
bxy$b$4,net/minecraft/world/chunk/UpgradeData$BlockFixers$4,net/minecraft/server/v1_14_R1/ChunkConverter$Type$4,,net/minecraft/world/chunk/UpgradeData$class_2845$4,net/minecraft/class_2843$class_2845$4
bxy$b$5,net/minecraft/world/chunk/UpgradeData$BlockFixers$5,net/minecraft/server/v1_14_R1/ChunkConverter$Type$5,,net/minecraft/world/chunk/UpgradeData$class_2845$5,net/minecraft/class_2843$class_2845$5
bxy$b,net/minecraft/world/chunk/UpgradeData$BlockFixers,net/minecraft/server/v1_14_R1/ChunkConverter$Type,,net/minecraft/world/chunk/UpgradeData$class_2845,net/minecraft/class_2843$class_2845
bxy,net/minecraft/world/chunk/UpgradeData,net/minecraft/server/v1_14_R1/ChunkConverter,,net/minecraft/world/chunk/UpgradeData,net/minecraft/class_2843
bya,net/minecraft/world/chunk/storage/ChunkSerializer,net/minecraft/server/v1_14_R1/ChunkRegionLoader,,net/minecraft/world/ChunkSerializer,net/minecraft/class_2852
byb,net/minecraft/world/chunk/storage/ChunkLoader,net/minecraft/server/v1_14_R1/IChunkLoader,,net/minecraft/world/VersionedChunkStorage,net/minecraft/class_3977
byc$a,net/minecraft/world/chunk/storage/ChunkLoaderUtil$AnvilConverterData,net/minecraft/server/v1_14_R1/OldChunkLoader$OldChunk,,net/minecraft/world/level/storage/AlphaChunkIo$AlphaChunk,net/minecraft/class_2864$class_2865
byc,net/minecraft/world/chunk/storage/ChunkLoaderUtil,net/minecraft/server/v1_14_R1/OldChunkLoader,,net/minecraft/world/level/storage/AlphaChunkIo,net/minecraft/class_2864
byd$a,net/minecraft/world/chunk/storage/RegionFile$ChunkBuffer,net/minecraft/server/v1_14_R1/RegionFile$ChunkBuffer,,net/minecraft/world/storage/RegionFile$ChunkBuffer,net/minecraft/class_2861$class_2862
byd,net/minecraft/world/chunk/storage/RegionFile,net/minecraft/server/v1_14_R1/RegionFile,,net/minecraft/world/storage/RegionFile,net/minecraft/class_2861
bye,net/minecraft/world/chunk/storage/RegionFileCache,net/minecraft/server/v1_14_R1/RegionFileCache,,net/minecraft/world/storage/RegionBasedStorage,net/minecraft/class_2867
byf,net/minecraft/world/chunk/storage/RegionSectionCache,net/minecraft/server/v1_14_R1/RegionFileSection,,net/minecraft/world/storage/SerializingRegionBasedStorage,net/minecraft/class_4180
byh,net/minecraft/world/dimension/Dimension,net/minecraft/server/v1_14_R1/WorldProvider,,net/minecraft/world/dimension/Dimension,net/minecraft/class_2869
byi,net/minecraft/world/dimension/DimensionType,net/minecraft/server/v1_14_R1/DimensionManager,,net/minecraft/world/dimension/DimensionType,net/minecraft/class_2874
byj$1,net/minecraft/world/dimension/NetherDimension$1,net/minecraft/server/v1_14_R1/WorldProviderHell$1,,net/minecraft/world/dimension/TheNetherDimension$1,net/minecraft/class_2872$1
byj,net/minecraft/world/dimension/NetherDimension,net/minecraft/server/v1_14_R1/WorldProviderHell,,net/minecraft/world/dimension/TheNetherDimension,net/minecraft/class_2872
byk,net/minecraft/world/dimension/OverworldDimension,net/minecraft/server/v1_14_R1/WorldProviderNormal,,net/minecraft/world/dimension/OverworldDimension,net/minecraft/class_2878
byl$1,net/minecraft/world/end/DragonSpawnState$1,net/minecraft/server/v1_14_R1/EnumDragonRespawn$1,,net/minecraft/entity/boss/dragon/EnderDragonSpawnState$1,net/minecraft/class_2876$1
byl$2,net/minecraft/world/end/DragonSpawnState$2,net/minecraft/server/v1_14_R1/EnumDragonRespawn$2,,net/minecraft/entity/boss/dragon/EnderDragonSpawnState$2,net/minecraft/class_2876$2
byl$3,net/minecraft/world/end/DragonSpawnState$3,net/minecraft/server/v1_14_R1/EnumDragonRespawn$3,,net/minecraft/entity/boss/dragon/EnderDragonSpawnState$3,net/minecraft/class_2876$3
byl$4,net/minecraft/world/end/DragonSpawnState$4,net/minecraft/server/v1_14_R1/EnumDragonRespawn$4,,net/minecraft/entity/boss/dragon/EnderDragonSpawnState$4,net/minecraft/class_2876$4
byl$5,net/minecraft/world/end/DragonSpawnState$5,net/minecraft/server/v1_14_R1/EnumDragonRespawn$5,,net/minecraft/entity/boss/dragon/EnderDragonSpawnState$5,net/minecraft/class_2876$5
byl,net/minecraft/world/end/DragonSpawnState,net/minecraft/server/v1_14_R1/EnumDragonRespawn,,net/minecraft/entity/boss/dragon/EnderDragonSpawnState,net/minecraft/class_2876
bym,net/minecraft/world/end/DragonFightManager,net/minecraft/server/v1_14_R1/EnderDragonBattle,,net/minecraft/entity/boss/dragon/EnderDragonFight,net/minecraft/class_2881
byn,net/minecraft/world/dimension/EndDimension,net/minecraft/server/v1_14_R1/WorldProviderTheEnd,,net/minecraft/world/dimension/TheEndDimension,net/minecraft/class_2880
byq,net/minecraft/world/gen/GenerationSettings,net/minecraft/server/v1_14_R1/GeneratorSettingsDefault,,net/minecraft/world/gen/chunk/ChunkGeneratorConfig,net/minecraft/class_2888
byr,net/minecraft/world/gen/DebugGenerationSettings,net/minecraft/server/v1_14_R1/GeneratorSettingsDebug,,net/minecraft/world/gen/chunk/DebugChunkGeneratorConfig,net/minecraft/class_2892
bys,net/minecraft/world/gen/DebugChunkGenerator,net/minecraft/server/v1_14_R1/ChunkProviderDebug,,net/minecraft/world/gen/chunk/DebugChunkGenerator,net/minecraft/class_2891
byt$a,net/minecraft/world/gen/FlatChunkGenerator$WrapperBiome,net/minecraft/server/v1_14_R1/ChunkProviderFlat$a,,net/minecraft/world/gen/chunk/FlatChunkGenerator$FlatChunkGeneratorBiome,net/minecraft/class_2897$class_2898
byt,net/minecraft/world/gen/FlatChunkGenerator,net/minecraft/server/v1_14_R1/ChunkProviderFlat,,net/minecraft/world/gen/chunk/FlatChunkGenerator,net/minecraft/class_2897
byu$a,net/minecraft/world/gen/GenerationStage$Carving,net/minecraft/server/v1_14_R1/WorldGenStage$Features,,net/minecraft/world/gen/GenerationStep$Carver,net/minecraft/class_2893$class_2894
byu$b,net/minecraft/world/gen/GenerationStage$Decoration,net/minecraft/server/v1_14_R1/WorldGenStage$Decoration,,net/minecraft/world/gen/GenerationStep$Feature,net/minecraft/class_2893$class_2895
byu,net/minecraft/world/gen/GenerationStage,net/minecraft/server/v1_14_R1/WorldGenStage,,net/minecraft/world/gen/GenerationStep,net/minecraft/class_2893
byv$a,net/minecraft/world/gen/Heightmap$Type,net/minecraft/server/v1_14_R1/HeightMap$Type,,net/minecraft/world/Heightmap$Type,net/minecraft/class_2902$class_2903
byv$b,net/minecraft/world/gen/Heightmap$Usage,net/minecraft/server/v1_14_R1/HeightMap$Use,,net/minecraft/world/Heightmap$Purpose,net/minecraft/class_2902$class_2904
byv,net/minecraft/world/gen/Heightmap,net/minecraft/server/v1_14_R1/HeightMap,,net/minecraft/world/Heightmap,net/minecraft/class_2902
byw,net/minecraft/world/gen/NetherGenSettings,net/minecraft/server/v1_14_R1/GeneratorSettingsNether,,net/minecraft/world/gen/chunk/CavesChunkGeneratorConfig,net/minecraft/class_2900
byx,net/minecraft/world/gen/NetherChunkGenerator,net/minecraft/server/v1_14_R1/ChunkProviderHell,,net/minecraft/world/gen/chunk/CavesChunkGenerator,net/minecraft/class_2908
byy,net/minecraft/world/gen/NoiseChunkGenerator,net/minecraft/server/v1_14_R1/ChunkGeneratorAbstract,,net/minecraft/world/gen/chunk/SurfaceChunkGenerator,net/minecraft/class_3754
byz,net/minecraft/world/gen/OverworldGenSettings,net/minecraft/server/v1_14_R1/GeneratorSettingsOverworld,,net/minecraft/world/gen/chunk/OverworldChunkGeneratorConfig,net/minecraft/class_2906
bz,net/minecraft/command/TranslatableExceptionProvider,net/minecraft/server/v1_14_R1/CommandExceptionProvider,,net/minecraft/command/TranslatableBuiltInExceptions,net/minecraft/class_2156
bza,net/minecraft/world/gen/OverworldChunkGenerator,net/minecraft/server/v1_14_R1/ChunkProviderGenerate,,net/minecraft/world/gen/chunk/OverworldChunkGenerator,net/minecraft/class_2912
bzb,net/minecraft/world/spawner/PatrolSpawner,net/minecraft/server/v1_14_R1/MobSpawnerPatrol,,net/minecraft/world/gen/PillagerSpawner,net/minecraft/class_3769
bzc,net/minecraft/world/spawner/PhantomSpawner,net/minecraft/server/v1_14_R1/MobSpawnerPhantom,,net/minecraft/world/gen/PhantomSpawner,net/minecraft/class_2910
bzd,net/minecraft/world/gen/EndGenerationSettings,net/minecraft/server/v1_14_R1/GeneratorSettingsEnd,,net/minecraft/world/gen/chunk/FloatingIslandsChunkGeneratorConfig,net/minecraft/class_2916
bze,net/minecraft/world/gen/EndChunkGenerator,net/minecraft/server/v1_14_R1/ChunkProviderTheEnd,,net/minecraft/world/gen/chunk/FloatingIslandsChunkGenerator,net/minecraft/class_2914
bzf,net/minecraft/util/SharedSeedRandom,net/minecraft/server/v1_14_R1/SeededRandom,,net/minecraft/world/gen/ChunkRandom,net/minecraft/class_2919
bzg,net/minecraft/world/gen/carver/CanyonWorldCarver,net/minecraft/server/v1_14_R1/WorldGenCanyon,,net/minecraft/world/gen/carver/RavineCarver,net/minecraft/class_2918
bzh,net/minecraft/world/gen/carver/ICarverConfig,net/minecraft/server/v1_14_R1/WorldGenCarverConfiguration,,net/minecraft/world/gen/carver/CarverConfig,net/minecraft/class_2920
bzi,net/minecraft/world/gen/carver/CaveWorldCarver,net/minecraft/server/v1_14_R1/WorldGenCaves,,net/minecraft/world/gen/carver/CaveCarver,net/minecraft/class_2925
bzj,net/minecraft/world/gen/carver/ConfiguredCarver,net/minecraft/server/v1_14_R1/WorldGenCarverWrapper,,net/minecraft/world/gen/carver/ConfiguredCarver,net/minecraft/class_2922
bzk,net/minecraft/world/gen/carver/NetherCaveWorldCarver,net/minecraft/server/v1_14_R1/WorldGenCavesHell,,net/minecraft/world/gen/carver/NetherCaveCarver,net/minecraft/class_2934
bzl,net/minecraft/world/gen/carver/EmptyCarverConfig,net/minecraft/server/v1_14_R1/WorldGenCarverConfigurationEmpty,,net/minecraft/world/gen/carver/DefaultCarverConfig,net/minecraft/class_2932
bzm,net/minecraft/world/gen/carver/UnderwaterCanyonWorldCarver,net/minecraft/server/v1_14_R1/WorldGenCanyonOcean,,net/minecraft/world/gen/carver/UnderwaterRavineCarver,net/minecraft/class_2938
bzn,net/minecraft/world/gen/carver/UnderwaterCaveWorldCarver,net/minecraft/server/v1_14_R1/WorldGenCavesOcean,,net/minecraft/world/gen/carver/UnderwaterCaveCarver,net/minecraft/class_2936
bzo,net/minecraft/world/gen/carver/WorldCarver,net/minecraft/server/v1_14_R1/WorldGenCarverAbstract,,net/minecraft/world/gen/carver/Carver,net/minecraft/class_2939
bzq,net/minecraft/world/gen/feature/AbstractTreeFeature,net/minecraft/server/v1_14_R1/WorldGenTreeAbstract,,net/minecraft/world/gen/feature/AbstractTreeFeature,net/minecraft/class_2944
bzr,net/minecraft/world/gen/feature/BambooFeature,net/minecraft/server/v1_14_R1/WorldGenFeatureBamboo,,net/minecraft/world/gen/feature/BambooFeature,net/minecraft/class_2942
bzs$a,net/minecraft/world/gen/feature/BigTreeFeature$FoliageCoordinates,net/minecraft/server/v1_14_R1/WorldGenBigTree$Position,,net/minecraft/world/gen/feature/LargeOakTreeFeature$BranchPosition,net/minecraft/class_2948$class_2949
bzs,net/minecraft/world/gen/feature/BigTreeFeature,net/minecraft/server/v1_14_R1/WorldGenBigTree,,net/minecraft/world/gen/feature/LargeOakTreeFeature,net/minecraft/class_2948
bzt,net/minecraft/world/gen/feature/BirchTreeFeature,net/minecraft/server/v1_14_R1/WorldGenForest,,net/minecraft/world/gen/feature/BirchTreeFeature,net/minecraft/class_2947
bzu,net/minecraft/world/gen/feature/BlockBlobConfig,net/minecraft/server/v1_14_R1/WorldGenFeatureBlockOffsetConfiguration,,net/minecraft/world/gen/feature/BoulderFeatureConfig,net/minecraft/class_2951
bzv,net/minecraft/world/gen/feature/BlockBlobFeature,net/minecraft/server/v1_14_R1/WorldGenTaigaStructure,,net/minecraft/world/gen/feature/ForestRockFeature,net/minecraft/class_2950
bzw,net/minecraft/world/gen/feature/BlockPileFeature,net/minecraft/server/v1_14_R1/WorldGenFeatureBlockPile,,net/minecraft/world/gen/feature/AbstractPileFeature,net/minecraft/class_3805
bzx,net/minecraft/world/gen/feature/BlueIceFeature,net/minecraft/server/v1_14_R1/WorldGenFeatureBlueIce,,net/minecraft/world/gen/feature/BlueIceFeature,net/minecraft/class_2954
bzy,net/minecraft/world/gen/feature/BonusChestFeature,net/minecraft/server/v1_14_R1/WorldGenBonusChest,,net/minecraft/world/gen/feature/BonusChestFeature,net/minecraft/class_2953
bzz,net/minecraft/world/gen/feature/structure/BuriedTreasureConfig,net/minecraft/server/v1_14_R1/WorldGenBuriedTreasureConfiguration,,net/minecraft/world/gen/feature/BuriedTreasureFeatureConfig,net/minecraft/class_2959
c,net/minecraft/util/text/TextFormatting,net/minecraft/server/v1_14_R1/EnumChatFormat,,net/minecraft/util/Formatting,net/minecraft/class_124
ca$a,net/minecraft/command/FunctionObject$CacheableFunction,net/minecraft/server/v1_14_R1/CustomFunction$a,,net/minecraft/server/function/CommandFunction$LazyContainer,net/minecraft/class_2158$class_2159
ca$b,net/minecraft/command/FunctionObject$CommandEntry,net/minecraft/server/v1_14_R1/CustomFunction$b,,net/minecraft/server/function/CommandFunction$CommandElement,net/minecraft/class_2158$class_2160
ca$c,net/minecraft/command/FunctionObject$IEntry,net/minecraft/server/v1_14_R1/CustomFunction$c,,net/minecraft/server/function/CommandFunction$Element,net/minecraft/class_2158$class_2161
ca$d,net/minecraft/command/FunctionObject$FunctionEntry,net/minecraft/server/v1_14_R1/CustomFunction$d,,net/minecraft/server/function/CommandFunction$FunctionElement,net/minecraft/class_2158$class_2162
ca,net/minecraft/command/FunctionObject,net/minecraft/server/v1_14_R1/CustomFunction,,net/minecraft/server/function/CommandFunction,net/minecraft/class_2158
caa$a,net/minecraft/world/gen/feature/structure/BuriedTreasureStructure$Start,net/minecraft/server/v1_14_R1/WorldGenBuriedTreasure$a,,net/minecraft/world/gen/feature/BuriedTreasureFeature$Start,net/minecraft/class_2956$class_2957
caa,net/minecraft/world/gen/feature/structure/BuriedTreasureStructure,net/minecraft/server/v1_14_R1/WorldGenBuriedTreasure,,net/minecraft/world/gen/feature/BuriedTreasureFeature,net/minecraft/class_2956
cab,net/minecraft/world/gen/feature/BushConfig,net/minecraft/server/v1_14_R1/WorldGenFeatureMushroomConfiguration,,net/minecraft/world/gen/feature/BushFeatureConfig,net/minecraft/class_2963
cac,net/minecraft/world/gen/feature/BushFeature,net/minecraft/server/v1_14_R1/WorldGenMushrooms,,net/minecraft/world/gen/feature/BushFeature,net/minecraft/class_2962
cad,net/minecraft/world/gen/feature/CactusFeature,net/minecraft/server/v1_14_R1/WorldGenCactus,,net/minecraft/world/gen/feature/CactusFeature,net/minecraft/class_2971
cae,net/minecraft/world/gen/feature/ScatteredPlantFeature,net/minecraft/server/v1_14_R1/WorldGenPumpkin,,net/minecraft/world/gen/feature/WildCropFeature,net/minecraft/class_3130
caf,net/minecraft/world/gen/feature/ChorusPlantFeature,net/minecraft/server/v1_14_R1/WorldGenFeatureChorusPlant,,net/minecraft/world/gen/feature/ChorusPlantFeature,net/minecraft/class_2964
cag,net/minecraft/world/gen/feature/ConfiguredFeature,net/minecraft/server/v1_14_R1/WorldGenFeatureConfigured,,net/minecraft/world/gen/feature/ConfiguredFeature,net/minecraft/class_2975
cah,net/minecraft/world/gen/feature/CoralClawFeature,net/minecraft/server/v1_14_R1/WorldGenFeatureCoralClaw,,net/minecraft/world/gen/feature/CoralClawFeature,net/minecraft/class_2972
cai,net/minecraft/world/gen/feature/CoralFeature,net/minecraft/server/v1_14_R1/WorldGenFeatureCoral,,net/minecraft/world/gen/feature/CoralFeature,net/minecraft/class_2978
caj,net/minecraft/world/gen/feature/CoralMushroomFeature,net/minecraft/server/v1_14_R1/WorldGenFeatureCoralMushroom,,net/minecraft/world/gen/feature/CoralMushroomFeature,net/minecraft/class_2977
cak,net/minecraft/world/gen/feature/CoralTreeFeature,net/minecraft/server/v1_14_R1/WorldGenFeatureCoralTree,,net/minecraft/world/gen/feature/CoralTreeFeature,net/minecraft/class_2979
cal,net/minecraft/world/gen/placement/CountConfig,net/minecraft/server/v1_14_R1/WorldGenFeatureKelpConfiguration,,net/minecraft/world/gen/feature/SeaPickleFeatureConfig,net/minecraft/class_2984
cam,net/minecraft/world/gen/feature/DarkOakTreeFeature,net/minecraft/server/v1_14_R1/WorldGenForestTree,,net/minecraft/world/gen/feature/DarkOakTreeFeature,net/minecraft/class_3159
can,net/minecraft/world/gen/feature/DeadBushFeature,net/minecraft/server/v1_14_R1/WorldGenDeadBush,,net/minecraft/world/gen/feature/DeadBushFeature,net/minecraft/class_2982
cao,net/minecraft/world/gen/feature/DecoratedFeature,net/minecraft/server/v1_14_R1/WorldGenFeatureComposite,,net/minecraft/world/gen/feature/DecoratedFeature,net/minecraft/class_2988
cap,net/minecraft/world/gen/feature/DecoratedFeatureConfig,net/minecraft/server/v1_14_R1/WorldGenFeatureCompositeConfiguration,,net/minecraft/world/gen/feature/DecoratedFeatureConfig,net/minecraft/class_2986
caq,net/minecraft/world/gen/feature/DecoratedFlowerFeature,net/minecraft/server/v1_14_R1/WorldGenFeatureCompositeFlower,,net/minecraft/world/gen/feature/DecoratedFlowerFeature,net/minecraft/class_2993
car,net/minecraft/world/gen/placement/ChanceRangeConfig,net/minecraft/server/v1_14_R1/WorldGenFeatureChanceDecoratorRangeConfiguration,,net/minecraft/world/gen/decorator/ChanceRangeDecoratorConfig,net/minecraft/class_2990
cas,net/minecraft/world/gen/placement/IPlacementConfig,net/minecraft/server/v1_14_R1/WorldGenFeatureDecoratorConfiguration,,net/minecraft/world/gen/decorator/DecoratorConfig,net/minecraft/class_2998
cat,net/minecraft/world/gen/placement/CountRangeConfig,net/minecraft/server/v1_14_R1/WorldGenFeatureChanceDecoratorCountConfiguration,,net/minecraft/world/gen/decorator/RangeDecoratorConfig,net/minecraft/class_2997
cau,net/minecraft/world/gen/placement/NoiseDependant,net/minecraft/server/v1_14_R1/WorldGenFeatureDecoratorNoiseConfiguration,,net/minecraft/world/gen/decorator/NoiseHeightmapDecoratorConfig,net/minecraft/class_3003
cav,net/minecraft/world/gen/feature/DefaultFlowersFeature,net/minecraft/server/v1_14_R1/WorldGenFeatureFlower,,net/minecraft/world/gen/feature/DefaultFlowerFeature,net/minecraft/class_3001
caw$a,net/minecraft/world/gen/feature/structure/DesertPyramidStructure$Start,net/minecraft/server/v1_14_R1/WorldGenFeatureDesertPyramid$a,,net/minecraft/world/gen/feature/DesertPyramidFeature$Start,net/minecraft/class_3006$class_3007
caw,net/minecraft/world/gen/feature/structure/DesertPyramidStructure,net/minecraft/server/v1_14_R1/WorldGenFeatureDesertPyramid,,net/minecraft/world/gen/feature/DesertPyramidFeature,net/minecraft/class_3006
cax,net/minecraft/world/gen/feature/structure/DesertVillagePools,net/minecraft/server/v1_14_R1/WorldGenFeatureDesertVillage,,net/minecraft/structure/DesertVillageData,net/minecraft/class_3868
cay,net/minecraft/world/gen/feature/DesertWellsFeature,net/minecraft/server/v1_14_R1/WorldGenDesertWell,,net/minecraft/world/gen/feature/DesertWellFeature,net/minecraft/class_3005
caz,net/minecraft/world/gen/feature/SphereReplaceConfig,net/minecraft/server/v1_14_R1/WorldGenFeatureCircleConfiguration,,net/minecraft/world/gen/feature/DiskFeatureConfig,net/minecraft/class_3013
cb,net/minecraft/command/CommandException,net/minecraft/server/v1_14_R1/CommandException,,net/minecraft/command/CommandException,net/minecraft/class_2164
cba,net/minecraft/world/gen/feature/SphereReplaceFeature,net/minecraft/server/v1_14_R1/WorldGenFeatureCircle,,net/minecraft/world/gen/feature/DiskFeature,net/minecraft/class_3011
cbb,net/minecraft/world/gen/feature/DoublePlantConfig,net/minecraft/server/v1_14_R1/WorldGenFeatureDoublePlantConfiguration,,net/minecraft/world/gen/feature/DoublePlantFeatureConfig,net/minecraft/class_3017
cbc,net/minecraft/world/gen/feature/DoublePlantFeature,net/minecraft/server/v1_14_R1/WorldGenTallPlant,,net/minecraft/world/gen/feature/DoublePlantFeature,net/minecraft/class_3015
cbd$a,net/minecraft/world/gen/feature/structure/EndCityStructure$Start,net/minecraft/server/v1_14_R1/WorldGenEndCity$a,,net/minecraft/world/gen/feature/EndCityFeature$Start,net/minecraft/class_3021$class_3022
cbd,net/minecraft/world/gen/feature/structure/EndCityStructure,net/minecraft/server/v1_14_R1/WorldGenEndCity,,net/minecraft/world/gen/feature/EndCityFeature,net/minecraft/class_3021
cbe,net/minecraft/world/gen/feature/EndGatewayConfig,net/minecraft/server/v1_14_R1/WorldGenEndGatewayConfiguration,,net/minecraft/world/gen/feature/EndGatewayFeatureConfig,net/minecraft/class_3018
cbf,net/minecraft/world/gen/feature/EndGatewayFeature,net/minecraft/server/v1_14_R1/WorldGenEndGateway,,net/minecraft/world/gen/feature/EndGatewayFeature,net/minecraft/class_3029
cbg,net/minecraft/world/gen/feature/EndIslandFeature,net/minecraft/server/v1_14_R1/WorldGenEndIsland,,net/minecraft/world/gen/feature/EndIslandFeature,net/minecraft/class_3026
cbh,net/minecraft/world/gen/feature/EndPodiumFeature,net/minecraft/server/v1_14_R1/WorldGenEndTrophy,,net/minecraft/world/gen/feature/EndPortalFeature,net/minecraft/class_3033
cbi,net/minecraft/world/gen/feature/Feature,net/minecraft/server/v1_14_R1/WorldGenerator,,net/minecraft/world/gen/feature/Feature,net/minecraft/class_3031
cbj,net/minecraft/world/gen/feature/IFeatureConfig,net/minecraft/server/v1_14_R1/WorldGenFeatureConfiguration,,net/minecraft/world/gen/feature/FeatureConfig,net/minecraft/class_3037
cbk,net/minecraft/world/gen/feature/FeatureRadiusConfig,net/minecraft/server/v1_14_R1/WorldGenFeatureRadiusConfiguration,,net/minecraft/world/gen/feature/IcePatchFeatureConfig,net/minecraft/class_3034
cbl,net/minecraft/world/gen/feature/FillLayerFeature,net/minecraft/server/v1_14_R1/WorldGenFeatureFill,,net/minecraft/world/gen/feature/FillLayerFeature,net/minecraft/class_4278
cbm,net/minecraft/world/gen/feature/FlowersFeature,net/minecraft/server/v1_14_R1/WorldGenFlowers,,net/minecraft/world/gen/feature/FlowerFeature,net/minecraft/class_3038
cbn,net/minecraft/world/gen/feature/ForestFlowersFeature,net/minecraft/server/v1_14_R1/WorldGenFeatureFlowerForest,,net/minecraft/world/gen/feature/ForestFlowerFeature,net/minecraft/class_3046
cbo,net/minecraft/world/gen/feature/FossilsFeature,net/minecraft/server/v1_14_R1/WorldGenFossils,,net/minecraft/world/gen/feature/FossilFeature,net/minecraft/class_3044
cbp,net/minecraft/world/gen/feature/GeneralForestFlowerFeature,net/minecraft/server/v1_14_R1/WorldGenFlowerValley,,net/minecraft/world/gen/feature/GeneralForestFlowerFeature,net/minecraft/class_3049
cbq,net/minecraft/world/gen/feature/GlowstoneBlobFeature,net/minecraft/server/v1_14_R1/WorldGenLightStone1,,net/minecraft/world/gen/feature/GlowstoneBlobFeature,net/minecraft/class_3047
cbr,net/minecraft/world/gen/feature/GrassFeatureConfig,net/minecraft/server/v1_14_R1/WorldGenFeatureTallGrassConfiguration,,net/minecraft/world/gen/feature/GrassFeatureConfig,net/minecraft/class_3203
cbs,net/minecraft/world/gen/feature/GrassFeature,net/minecraft/server/v1_14_R1/WorldGenGrass,,net/minecraft/world/gen/feature/GrassFeature,net/minecraft/class_3209
cbt,net/minecraft/world/gen/feature/ShrubFeature,net/minecraft/server/v1_14_R1/WorldGenGroundBush,,net/minecraft/world/gen/feature/JungleGroundBushFeature,net/minecraft/class_3056
cbu,net/minecraft/world/gen/feature/HayBlockPileFeature,net/minecraft/server/v1_14_R1/WorldGenFeatureHayPile,,net/minecraft/world/gen/feature/HayPileFeature,net/minecraft/class_3831
cbv,net/minecraft/world/gen/feature/FireFeature,net/minecraft/server/v1_14_R1/WorldGenFire,,net/minecraft/world/gen/feature/NetherFireFeature,net/minecraft/class_3053
cbw,net/minecraft/world/gen/feature/HellLavaConfig,net/minecraft/server/v1_14_R1/WorldGenFeatureHellFlowingLavaConfiguration,,net/minecraft/world/gen/feature/NetherSpringFeatureConfig,net/minecraft/class_3061
cbx,net/minecraft/world/gen/feature/BigBrownMushroomFeature,net/minecraft/server/v1_14_R1/WorldGenHugeMushroomBrown,,net/minecraft/world/gen/feature/HugeBrownMushroomFeature,net/minecraft/class_3059
cby,net/minecraft/world/gen/feature/BigMushroomFeatureConfig,net/minecraft/server/v1_14_R1/WorldGenHugeMushroomConfiguration,,net/minecraft/world/gen/feature/PlantedFeatureConfig,net/minecraft/class_4302
cbz,net/minecraft/world/gen/feature/BigRedMushroomFeature,net/minecraft/server/v1_14_R1/WorldGenHugeMushroomRed,,net/minecraft/world/gen/feature/HugeRedMushroomFeature,net/minecraft/class_3066
cc$1,net/minecraft/command/ICommandSource$1,net/minecraft/server/v1_14_R1/ICommandListener$1,,net/minecraft/server/command/CommandOutput$1,net/minecraft/class_2165$1
cc,net/minecraft/command/ICommandSource,net/minecraft/server/v1_14_R1/ICommandListener,,net/minecraft/server/command/CommandOutput,net/minecraft/class_2165
cca,net/minecraft/world/gen/feature/IceBlockPileFeature,net/minecraft/server/v1_14_R1/WorldGenFeatureIcePile,,net/minecraft/world/gen/feature/IcePileFeature,net/minecraft/class_3832
ccb,net/minecraft/world/gen/feature/IcePathFeature,net/minecraft/server/v1_14_R1/WorldGenPackedIce1,,net/minecraft/world/gen/feature/IcePatchFeature,net/minecraft/class_3063
ccc,net/minecraft/world/gen/feature/IceSpikeFeature,net/minecraft/server/v1_14_R1/WorldGenPackedIce2,,net/minecraft/world/gen/feature/IceSpikeFeature,net/minecraft/class_3070
ccd,net/minecraft/world/gen/feature/IcebergConfig,net/minecraft/server/v1_14_R1/WorldGenFeatureIceburgConfiguration,,net/minecraft/world/gen/feature/IcebergFeatureConfig,net/minecraft/class_3067
cce,net/minecraft/world/gen/feature/IcebergFeature,net/minecraft/server/v1_14_R1/WorldGenFeatureIceburg,,net/minecraft/world/gen/feature/IcebergFeature,net/minecraft/class_3074
ccf$a,net/minecraft/world/gen/feature/structure/IglooStructure$Start,net/minecraft/server/v1_14_R1/WorldGenFeatureIgloo$a,,net/minecraft/world/gen/feature/IglooFeature$Start,net/minecraft/class_3071$class_3072
ccf,net/minecraft/world/gen/feature/structure/IglooStructure,net/minecraft/server/v1_14_R1/WorldGenFeatureIgloo,,net/minecraft/world/gen/feature/IglooFeature,net/minecraft/class_3071
ccg,net/minecraft/world/gen/feature/JungleGrassFeature,net/minecraft/server/v1_14_R1/WorldGenFeatureJungleGrass,,net/minecraft/world/gen/feature/JungleGrassFeature,net/minecraft/class_3080
cch$a,net/minecraft/world/gen/feature/structure/JunglePyramidStructure$Start,net/minecraft/server/v1_14_R1/WorldGenFeatureJunglePyramid$a,,net/minecraft/world/gen/feature/JungleTempleFeature$Start,net/minecraft/class_3076$class_3077
cch,net/minecraft/world/gen/feature/structure/JunglePyramidStructure,net/minecraft/server/v1_14_R1/WorldGenFeatureJunglePyramid,,net/minecraft/world/gen/feature/JungleTempleFeature,net/minecraft/class_3076
cci,net/minecraft/world/gen/feature/JungleTreeFeature,net/minecraft/server/v1_14_R1/WorldGenFeatureJungleTree,,net/minecraft/world/gen/feature/JungleTreeFeature,net/minecraft/class_3084
ccj,net/minecraft/world/gen/feature/KelpFeature,net/minecraft/server/v1_14_R1/WorldGenFeatureKelp,,net/minecraft/world/gen/feature/KelpFeature,net/minecraft/class_3081
cck,net/minecraft/world/gen/feature/LakesConfig,net/minecraft/server/v1_14_R1/WorldGenFeatureLakeConfiguration,,net/minecraft/world/gen/feature/LakeFeatureConfig,net/minecraft/class_3087
ccl,net/minecraft/world/gen/feature/LakesFeature,net/minecraft/server/v1_14_R1/WorldGenLakes,,net/minecraft/world/gen/feature/LakeFeature,net/minecraft/class_3085
ccm,net/minecraft/world/gen/feature/FillLayerConfig,net/minecraft/server/v1_14_R1/WorldGenFeatureFillConfiguration,,net/minecraft/world/gen/feature/FillLayerFeatureConfig,net/minecraft/class_4279
ccn,net/minecraft/world/gen/feature/MegaJungleFeature,net/minecraft/server/v1_14_R1/WorldGenJungleTree,,net/minecraft/world/gen/feature/MegaJungleTreeFeature,net/minecraft/class_3092
cco,net/minecraft/world/gen/feature/MegaPineTree,net/minecraft/server/v1_14_R1/WorldGenMegaTree,,net/minecraft/world/gen/feature/MegaPineTreeFeature,net/minecraft/class_3090
ccp,net/minecraft/world/gen/feature/HugeTreesFeature,net/minecraft/server/v1_14_R1/WorldGenMegaTreeAbstract,,net/minecraft/world/gen/feature/MegaTreeFeature,net/minecraft/class_3096
ccq,net/minecraft/world/gen/feature/MelonBlockPileFeature,net/minecraft/server/v1_14_R1/WorldGenFeatureMelonPile,,net/minecraft/world/gen/feature/MelonPileFeature,net/minecraft/class_3833
ccr,net/minecraft/world/gen/feature/MelonFeature,net/minecraft/server/v1_14_R1/WorldGenMelon,,net/minecraft/world/gen/feature/MelonFeature,net/minecraft/class_3094
ccs,net/minecraft/world/gen/feature/structure/MineshaftConfig,net/minecraft/server/v1_14_R1/WorldGenMineshaftConfiguration,,net/minecraft/world/gen/feature/MineshaftFeatureConfig,net/minecraft/class_3101
cct$a,net/minecraft/world/gen/feature/structure/MineshaftStructure$Start,net/minecraft/server/v1_14_R1/WorldGenMineshaft$a,,net/minecraft/world/gen/feature/MineshaftFeature$Start,net/minecraft/class_3098$class_3099
cct$b,net/minecraft/world/gen/feature/structure/MineshaftStructure$Type,net/minecraft/server/v1_14_R1/WorldGenMineshaft$Type,,net/minecraft/world/gen/feature/MineshaftFeature$Type,net/minecraft/class_3098$class_3100
cct,net/minecraft/world/gen/feature/structure/MineshaftStructure,net/minecraft/server/v1_14_R1/WorldGenMineshaft,,net/minecraft/world/gen/feature/MineshaftFeature,net/minecraft/class_3098
ccu,net/minecraft/world/gen/feature/DungeonsFeature,net/minecraft/server/v1_14_R1/WorldGenDungeons,,net/minecraft/world/gen/feature/DungeonFeature,net/minecraft/class_3103
ccv$a,net/minecraft/world/gen/feature/structure/FortressStructure$Start,net/minecraft/server/v1_14_R1/WorldGenNether$a,,net/minecraft/world/gen/feature/NetherFortressFeature$Start,net/minecraft/class_3108$class_3109
ccv,net/minecraft/world/gen/feature/structure/FortressStructure,net/minecraft/server/v1_14_R1/WorldGenNether,,net/minecraft/world/gen/feature/NetherFortressFeature,net/minecraft/class_3108
ccw,net/minecraft/world/gen/feature/NetherSpringFeature,net/minecraft/server/v1_14_R1/WorldGenHellLava,,net/minecraft/world/gen/feature/NetherSpringFeature,net/minecraft/class_3105
ccx,net/minecraft/world/gen/placement/NoPlacementConfig,net/minecraft/server/v1_14_R1/WorldGenFeatureDecoratorEmptyConfiguration,,net/minecraft/world/gen/decorator/NopeDecoratorConfig,net/minecraft/class_3113
ccy,net/minecraft/world/gen/feature/NoFeatureConfig,net/minecraft/server/v1_14_R1/WorldGenFeatureEmptyConfiguration,,net/minecraft/world/gen/feature/DefaultFeatureConfig,net/minecraft/class_3111
ccz$a,net/minecraft/world/gen/feature/structure/OceanMonumentStructure$Start,net/minecraft/server/v1_14_R1/WorldGenMonument$a,,net/minecraft/world/gen/feature/OceanMonumentFeature$Start,net/minecraft/class_3116$class_3117
ccz,net/minecraft/world/gen/feature/structure/OceanMonumentStructure,net/minecraft/server/v1_14_R1/WorldGenMonument,,net/minecraft/world/gen/feature/OceanMonumentFeature,net/minecraft/class_3116
cd,net/minecraft/command/CommandSource,net/minecraft/server/v1_14_R1/CommandListenerWrapper,,net/minecraft/server/command/ServerCommandSource,net/minecraft/class_2168
cda,net/minecraft/world/gen/feature/structure/OceanRuinConfig,net/minecraft/server/v1_14_R1/WorldGenFeatureOceanRuinConfiguration,,net/minecraft/world/gen/feature/OceanRuinFeatureConfig,net/minecraft/class_3114
cdb$a,net/minecraft/world/gen/feature/OreFeatureConfig$FillerBlockType,net/minecraft/server/v1_14_R1/WorldGenFeatureOreConfiguration$Target,,net/minecraft/world/gen/feature/OreFeatureConfig$Target,net/minecraft/class_3124$class_3125
cdb,net/minecraft/world/gen/feature/OreFeatureConfig,net/minecraft/server/v1_14_R1/WorldGenFeatureOreConfiguration,,net/minecraft/world/gen/feature/OreFeatureConfig,net/minecraft/class_3124
cdc,net/minecraft/world/gen/feature/OreFeature,net/minecraft/server/v1_14_R1/WorldGenMinable,,net/minecraft/world/gen/feature/OreFeature,net/minecraft/class_3122
cdd,net/minecraft/world/gen/feature/structure/PillagerOutpostConfig,net/minecraft/server/v1_14_R1/WorldGenFeaturePillagerOutpostConfiguration,,net/minecraft/world/gen/feature/PillagerOutpostFeatureConfig,net/minecraft/class_3772
cde$a,net/minecraft/world/gen/feature/structure/PillagerOutpostStructure$Start,net/minecraft/server/v1_14_R1/WorldGenFeaturePillagerOutpost$a,,net/minecraft/world/gen/feature/PillagerOutpostFeature$Start,net/minecraft/class_3770$class_3771
cde,net/minecraft/world/gen/feature/structure/PillagerOutpostStructure,net/minecraft/server/v1_14_R1/WorldGenFeaturePillagerOutpost,,net/minecraft/world/gen/feature/PillagerOutpostFeature,net/minecraft/class_3770
cdf,net/minecraft/world/gen/feature/PointyTaigaTreeFeature,net/minecraft/server/v1_14_R1/WorldGenTaiga1,,net/minecraft/world/gen/feature/PineTreeFeature,net/minecraft/class_3129
cdg,net/minecraft/world/gen/feature/PlainsFlowersFeature,net/minecraft/server/v1_14_R1/WorldGenFeatureFlowerPlain,,net/minecraft/world/gen/feature/PlainFlowerFeature,net/minecraft/class_3126
cdh,net/minecraft/world/gen/feature/structure/PlainsVillagePools,net/minecraft/server/v1_14_R1/WorldGenFeatureVillagePlain,,net/minecraft/structure/PlainsVillageData,net/minecraft/class_3815
cdi,net/minecraft/world/gen/feature/ProbabilityConfig,net/minecraft/server/v1_14_R1/WorldGenFeatureConfigurationChance,,net/minecraft/world/gen/ProbabilityConfig,net/minecraft/class_3133
cdj,net/minecraft/world/gen/feature/PumpkinBlockPileFeature,net/minecraft/server/v1_14_R1/WorldGenFeaturePumpkinStack,,net/minecraft/world/gen/feature/PumpkinPileFeature,net/minecraft/class_3869
cdk,net/minecraft/world/gen/feature/TwoFeatureChoiceConfig,net/minecraft/server/v1_14_R1/WorldGenFeatureChoiceConfiguration,,net/minecraft/world/gen/feature/RandomBooleanFeatureConfig,net/minecraft/class_3137
cdl,net/minecraft/world/gen/feature/TwoFeatureChoiceFeature,net/minecraft/server/v1_14_R1/WorldGenFeatureChoice,,net/minecraft/world/gen/feature/RandomBooleanFeature,net/minecraft/class_3135
cdm,net/minecraft/world/gen/feature/MultipleRandomFeatureConfig,net/minecraft/server/v1_14_R1/WorldGenFeatureRandomChoiceConfiguration,,net/minecraft/world/gen/feature/RandomFeatureConfig,net/minecraft/class_3141
cdn,net/minecraft/world/gen/feature/MultipleRandomFeature,net/minecraft/server/v1_14_R1/WorldGenFeatureRandom,,net/minecraft/world/gen/feature/RandomRandomFeature,net/minecraft/class_3139
cdo,net/minecraft/world/gen/feature/MultipleWithChanceRandomFeatureConfig,net/minecraft/server/v1_14_R1/WorldGenFeatureRandomConfiguration,,net/minecraft/world/gen/feature/RandomRandomFeatureConfig,net/minecraft/class_3147
cdp,net/minecraft/world/gen/feature/structure/ScatteredStructure,net/minecraft/server/v1_14_R1/WorldGenFeatureRandomScattered,,net/minecraft/world/gen/feature/AbstractTempleFeature,net/minecraft/class_3145
cdq,net/minecraft/world/gen/feature/MultipleWithChanceRandomFeature,net/minecraft/server/v1_14_R1/WorldGenFeatureRandomChoice,,net/minecraft/world/gen/feature/RandomFeature,net/minecraft/class_3150
cdr,net/minecraft/world/gen/feature/ReedFeature,net/minecraft/server/v1_14_R1/WorldGenReed,,net/minecraft/world/gen/feature/ReedFeature,net/minecraft/class_3148
cds,net/minecraft/world/gen/feature/ReplaceBlockConfig,net/minecraft/server/v1_14_R1/WorldGenFeatureReplaceBlockConfiguration,,net/minecraft/world/gen/feature/EmeraldOreFeatureConfig,net/minecraft/class_3154
cdt,net/minecraft/world/gen/feature/ReplaceBlockFeature,net/minecraft/server/v1_14_R1/WorldGenFeatureReplaceBlock,,net/minecraft/world/gen/feature/EmeraldOreFeature,net/minecraft/class_3152
cdu,net/minecraft/world/gen/feature/SavannaTreeFeature,net/minecraft/server/v1_14_R1/WorldGenAcaciaTree,,net/minecraft/world/gen/feature/SavannaTreeFeature,net/minecraft/class_3157
cdv,net/minecraft/world/gen/feature/structure/SavannaVillagePools,net/minecraft/server/v1_14_R1/WorldGenFeatureVillageSavanna,,net/minecraft/structure/SavannaVillageData,net/minecraft/class_3834
cdw,net/minecraft/world/gen/feature/SeaPickleFeature,net/minecraft/server/v1_14_R1/WorldGenFeatureSeaPickel,,net/minecraft/world/gen/feature/SeaPickleFeature,net/minecraft/class_3160
cdx,net/minecraft/world/gen/feature/SeaGrassFeature,net/minecraft/server/v1_14_R1/WorldGenFeatureSeaGrass,,net/minecraft/world/gen/feature/SeagrassFeature,net/minecraft/class_3168
cdy,net/minecraft/world/gen/feature/SeaGrassConfig,net/minecraft/server/v1_14_R1/WorldGenFeatureSeaGrassConfiguration,,net/minecraft/world/gen/feature/SeagrassFeatureConfig,net/minecraft/class_3163
cdz,net/minecraft/world/gen/feature/structure/ShipwreckConfig,net/minecraft/server/v1_14_R1/WorldGenFeatureShipwreckConfiguration,,net/minecraft/world/gen/feature/ShipwreckFeatureConfig,net/minecraft/class_3172
ce$a,net/minecraft/command/Commands$IParser,net/minecraft/server/v1_14_R1/CommandDispatcher$a,,net/minecraft/server/command/CommandManager$CommandParser,net/minecraft/class_2170$class_2171
ce,net/minecraft/command/Commands,net/minecraft/server/v1_14_R1/CommandDispatcher,,net/minecraft/server/command/CommandManager,net/minecraft/class_2170
cea$a,net/minecraft/world/gen/feature/structure/ShipwreckStructure$Start,net/minecraft/server/v1_14_R1/WorldGenFeatureShipwreck$a,,net/minecraft/world/gen/feature/ShipwreckFeature$Start,net/minecraft/class_3170$class_3171
cea,net/minecraft/world/gen/feature/structure/ShipwreckStructure,net/minecraft/server/v1_14_R1/WorldGenFeatureShipwreck,,net/minecraft/world/gen/feature/ShipwreckFeature,net/minecraft/class_3170
ceb,net/minecraft/world/gen/feature/BlockWithContextConfig,net/minecraft/server/v1_14_R1/WorldGenFeatureBlockConfiguration,,net/minecraft/world/gen/feature/SimpleBlockFeatureConfig,net/minecraft/class_3175
cec,net/minecraft/world/gen/feature/BlockWithContextFeature,net/minecraft/server/v1_14_R1/WorldGenFeatureBlock,,net/minecraft/world/gen/feature/SimpleBlockFeature,net/minecraft/class_3173
ced,net/minecraft/world/gen/feature/SingleRandomFeature,net/minecraft/server/v1_14_R1/WorldGenFeatureRandom2,,net/minecraft/world/gen/feature/SimpleRandomFeatureConfig,net/minecraft/class_3179
cee,net/minecraft/world/gen/feature/SingleRandomFeatureConfig,net/minecraft/server/v1_14_R1/WorldGenFeatureRandom2Configuration,,net/minecraft/world/gen/feature/SimpleRandomFeature,net/minecraft/class_3177
ceg,net/minecraft/world/gen/feature/IceAndSnowFeature,net/minecraft/server/v1_14_R1/WorldGenFeatureIceSnow,,net/minecraft/world/gen/feature/FreezeTopLayerFeature,net/minecraft/class_3183
ceh,net/minecraft/world/gen/feature/SnowBlockPileFeature,net/minecraft/server/v1_14_R1/WorldGenFeatureSnowStack,,net/minecraft/world/gen/feature/SnowPileFeature,net/minecraft/class_3835
cei,net/minecraft/world/gen/feature/structure/SnowyVillagePools,net/minecraft/server/v1_14_R1/WorldGenFeatureVillageSnowy,,net/minecraft/structure/SnowyVillageData,net/minecraft/class_3836
cej,net/minecraft/world/gen/feature/EndSpikeFeatureConfig,net/minecraft/server/v1_14_R1/WorldGenFeatureEndSpikeConfiguration,,net/minecraft/world/gen/feature/EndSpikeFeatureConfig,net/minecraft/class_3666
cek$a,net/minecraft/world/gen/feature/EndSpikeFeature$EndSpike,net/minecraft/server/v1_14_R1/WorldGenEnder$Spike,,net/minecraft/world/gen/feature/EndSpikeFeature$Spike,net/minecraft/class_3310$class_3181
cek$b,net/minecraft/world/gen/feature/EndSpikeFeature$EndSpikeCacheLoader,net/minecraft/server/v1_14_R1/WorldGenEnder$b,,net/minecraft/world/gen/feature/EndSpikeFeature$SpikeCache,net/minecraft/class_3310$class_3311
cek,net/minecraft/world/gen/feature/EndSpikeFeature,net/minecraft/server/v1_14_R1/WorldGenEnder,,net/minecraft/world/gen/feature/EndSpikeFeature,net/minecraft/class_3310
cel,net/minecraft/world/gen/feature/LiquidsConfig,net/minecraft/server/v1_14_R1/WorldGenFeatureFlowingConfiguration,,net/minecraft/world/gen/feature/SpringFeatureConfig,net/minecraft/class_3187
cem,net/minecraft/world/gen/feature/SpringFeature,net/minecraft/server/v1_14_R1/WorldGenLiquids,,net/minecraft/world/gen/feature/SpringFeature,net/minecraft/class_3185
cen,net/minecraft/world/gen/feature/TallTaigaTreeFeature,net/minecraft/server/v1_14_R1/WorldGenTaiga2,,net/minecraft/world/gen/feature/SpruceTreeFeature,net/minecraft/class_3190
ceo$a,net/minecraft/world/gen/feature/structure/StrongholdStructure$Start,net/minecraft/server/v1_14_R1/WorldGenStronghold$a,,net/minecraft/world/gen/feature/StrongholdFeature$Start,net/minecraft/class_3188$class_3189
ceo,net/minecraft/world/gen/feature/structure/StrongholdStructure,net/minecraft/server/v1_14_R1/WorldGenStronghold,,net/minecraft/world/gen/feature/StrongholdFeature,net/minecraft/class_3188
cep$a,net/minecraft/world/gen/feature/structure/Structure$IStartFactory,net/minecraft/server/v1_14_R1/StructureGenerator$a,,net/minecraft/world/gen/feature/StructureFeature$StructureStartFactory,net/minecraft/class_3195$class_3774
cep,net/minecraft/world/gen/feature/structure/Structure,net/minecraft/server/v1_14_R1/StructureGenerator,,net/minecraft/world/gen/feature/StructureFeature,net/minecraft/class_3195
ceq,net/minecraft/world/gen/feature/structure/IStructurePieceType,net/minecraft/server/v1_14_R1/WorldGenFeatureStructurePieceType,,net/minecraft/structure/StructurePieceType,net/minecraft/class_3773
cer,net/minecraft/world/gen/feature/SwampFlowersFeature,net/minecraft/server/v1_14_R1/WorldGenFeatureFlowerSwamp,,net/minecraft/world/gen/feature/SwampFlowerFeature,net/minecraft/class_3192
ces,net/minecraft/world/gen/feature/SwampTreeFeature,net/minecraft/server/v1_14_R1/WorldGenSwampTree,,net/minecraft/world/gen/feature/SwampTreeFeature,net/minecraft/class_3200
cet$a,net/minecraft/world/gen/feature/structure/SwampHutStructure$Start,net/minecraft/server/v1_14_R1/WorldGenFeatureSwampHut$a,,net/minecraft/world/gen/feature/SwampHutFeature$Start,net/minecraft/class_3197$class_3198
cet,net/minecraft/world/gen/feature/structure/SwampHutStructure,net/minecraft/server/v1_14_R1/WorldGenFeatureSwampHut,,net/minecraft/world/gen/feature/SwampHutFeature,net/minecraft/class_3197
ceu,net/minecraft/world/gen/feature/TaigaGrassFeature,net/minecraft/server/v1_14_R1/WorldGenFeatureTaigaGrass,,net/minecraft/world/gen/feature/TaigaGrassFeature,net/minecraft/class_3206
cev,net/minecraft/world/gen/feature/structure/TaigaVillagePools,net/minecraft/server/v1_14_R1/WorldGenFeatureVillageTaiga,,net/minecraft/structure/TaigaVillageData,net/minecraft/class_3870
cew,net/minecraft/world/gen/feature/TreeFeature,net/minecraft/server/v1_14_R1/WorldGenTrees,,net/minecraft/world/gen/feature/OakTreeFeature,net/minecraft/class_3207
cex,net/minecraft/world/gen/feature/structure/VillageConfig,net/minecraft/server/v1_14_R1/WorldGenFeatureVillageConfiguration,,net/minecraft/world/gen/feature/VillageFeatureConfig,net/minecraft/class_3812
cey$a,net/minecraft/world/gen/feature/structure/VillageStructure$Start,net/minecraft/server/v1_14_R1/WorldGenVillage$a,,net/minecraft/world/gen/feature/VillageFeature$Start,net/minecraft/class_3211$class_3212
cey,net/minecraft/world/gen/feature/structure/VillageStructure,net/minecraft/server/v1_14_R1/WorldGenVillage,,net/minecraft/world/gen/feature/VillageFeature,net/minecraft/class_3211
cez$a,net/minecraft/world/gen/feature/structure/VillagePieces$Village,net/minecraft/server/v1_14_R1/NewVillagePieces$a,,net/minecraft/structure/VillageGenerator$Piece,net/minecraft/class_3813$class_3814
cez,net/minecraft/world/gen/feature/structure/VillagePieces,net/minecraft/server/v1_14_R1/NewVillagePieces,,net/minecraft/structure/VillageGenerator,net/minecraft/class_3813
cf$a,net/minecraft/command/ISuggestionProvider$Coordinates,net/minecraft/server/v1_14_R1/ICompletionProvider$a,,net/minecraft/server/command/CommandSource$RelativePosition,net/minecraft/class_2172$class_2173
cf,net/minecraft/command/ISuggestionProvider,net/minecraft/server/v1_14_R1/ICompletionProvider,,net/minecraft/server/command/CommandSource,net/minecraft/class_2172
cfa,net/minecraft/world/gen/feature/VinesFeature,net/minecraft/server/v1_14_R1/WorldGenVines,,net/minecraft/world/gen/feature/VinesFeature,net/minecraft/class_3219
cfb,net/minecraft/world/gen/feature/VoidStartPlatformFeature,net/minecraft/server/v1_14_R1/WorldGenFeatureEndPlatform,,net/minecraft/world/gen/feature/VoidStartPlatformFeature,net/minecraft/class_3217
cfc,net/minecraft/world/gen/feature/WaterlilyFeature,net/minecraft/server/v1_14_R1/WorldGenWaterLily,,net/minecraft/world/gen/feature/WaterlilyFeature,net/minecraft/class_3220
cfd,net/minecraft/world/gen/feature/ConfiguredRandomFeatureList,net/minecraft/server/v1_14_R1/WorldGenFeatureRandomChoiceConfigurationWeight,,net/minecraft/world/gen/feature/RandomFeatureEntry,net/minecraft/class_3226
cfe$a,net/minecraft/world/gen/feature/structure/WoodlandMansionStructure$Start,net/minecraft/server/v1_14_R1/WorldGenWoodlandMansion$a,,net/minecraft/world/gen/feature/WoodlandMansionFeature$Start,net/minecraft/class_3223$class_3224
cfe,net/minecraft/world/gen/feature/structure/WoodlandMansionStructure,net/minecraft/server/v1_14_R1/WorldGenWoodlandMansion,,net/minecraft/world/gen/feature/WoodlandMansionFeature,net/minecraft/class_3223
cfg,net/minecraft/world/gen/feature/jigsaw/EmptyJigsawPiece,net/minecraft/server/v1_14_R1/WorldGenFeatureDefinedStructurePoolEmpty,,net/minecraft/structure/pool/EmptyPoolElement,net/minecraft/class_3777
cfh,net/minecraft/world/gen/feature/jigsaw/FeatureJigsawPiece,net/minecraft/server/v1_14_R1/WorldGenFeatureDefinedStructurePoolFeature,,net/minecraft/structure/pool/FeaturePoolElement,net/minecraft/class_3776
cfi,net/minecraft/world/gen/feature/jigsaw/JigsawJunction,net/minecraft/server/v1_14_R1/WorldGenFeatureDefinedStructureJigsawJunction,,net/minecraft/structure/JigsawJunction,net/minecraft/class_3780
cfj$a,net/minecraft/world/gen/feature/jigsaw/JigsawManager$IPieceFactory,net/minecraft/server/v1_14_R1/WorldGenFeatureDefinedStructureJigsawPlacement$a,,net/minecraft/structure/pool/StructurePoolBasedGenerator$PieceFactory,net/minecraft/class_3778$class_3779
cfj$b,net/minecraft/world/gen/feature/jigsaw/JigsawManager$Entry,net/minecraft/server/v1_14_R1/WorldGenFeatureDefinedStructureJigsawPlacement$b,,net/minecraft/structure/pool/StructurePoolBasedGenerator$class_4181,net/minecraft/class_3778$class_4181
cfj$c,net/minecraft/world/gen/feature/jigsaw/JigsawManager$Assembler,net/minecraft/server/v1_14_R1/WorldGenFeatureDefinedStructureJigsawPlacement$c,,net/minecraft/structure/pool/StructurePoolBasedGenerator$class_4182,net/minecraft/class_3778$class_4182
cfj,net/minecraft/world/gen/feature/jigsaw/JigsawManager,net/minecraft/server/v1_14_R1/WorldGenFeatureDefinedStructureJigsawPlacement,,net/minecraft/structure/pool/StructurePoolBasedGenerator,net/minecraft/class_3778
cfk,net/minecraft/world/gen/feature/jigsaw/ListJigsawPiece,net/minecraft/server/v1_14_R1/WorldGenFeatureDefinedStructurePoolList,,net/minecraft/structure/pool/ListPoolElement,net/minecraft/class_3782
cfl,net/minecraft/world/gen/feature/jigsaw/SingleJigsawPiece,net/minecraft/server/v1_14_R1/WorldGenFeatureDefinedStructurePoolSingle,,net/minecraft/structure/pool/SinglePoolElement,net/minecraft/class_3781
cfm,net/minecraft/world/gen/feature/jigsaw/JigsawPiece,net/minecraft/server/v1_14_R1/WorldGenFeatureDefinedStructurePoolStructure,,net/minecraft/structure/pool/StructurePoolElement,net/minecraft/class_3784
cfn,net/minecraft/world/gen/feature/jigsaw/IJigsawDeserializer,net/minecraft/server/v1_14_R1/WorldGenFeatureDefinedStructurePools,,net/minecraft/structure/pool/StructurePoolElementType,net/minecraft/class_3816
cfo$a,net/minecraft/world/gen/feature/jigsaw/JigsawPattern$PlacementBehaviour,net/minecraft/server/v1_14_R1/WorldGenFeatureDefinedStructurePoolTemplate$Matching,,net/minecraft/structure/pool/StructurePool$Projection,net/minecraft/class_3785$class_3786
cfo,net/minecraft/world/gen/feature/jigsaw/JigsawPattern,net/minecraft/server/v1_14_R1/WorldGenFeatureDefinedStructurePoolTemplate,,net/minecraft/structure/pool/StructurePool,net/minecraft/class_3785
cfp,net/minecraft/world/gen/feature/jigsaw/JigsawPatternRegistry,net/minecraft/server/v1_14_R1/WorldGenFeatureDefinedStructurePoolTemplates,,net/minecraft/structure/pool/StructurePoolRegistry,net/minecraft/class_3787
cfr,net/minecraft/world/gen/FlatLayerInfo,net/minecraft/server/v1_14_R1/WorldGenFlatLayerInfo,,net/minecraft/world/gen/chunk/FlatChunkGeneratorLayer,net/minecraft/class_3229
cfs,net/minecraft/world/gen/FlatGenerationSettings,net/minecraft/server/v1_14_R1/GeneratorSettingsFlat,,net/minecraft/world/gen/chunk/FlatChunkGeneratorConfig,net/minecraft/class_3232
cfv,net/minecraft/world/gen/placement/CaveEdge,net/minecraft/server/v1_14_R1/WorldGenDecoratorCarveMask,,net/minecraft/world/gen/decorator/CarvingMaskDecorator,net/minecraft/class_3234
cfw,net/minecraft/world/gen/placement/AtSurfaceWithChance,net/minecraft/server/v1_14_R1/WorldGenDecoratorChance,,net/minecraft/world/gen/decorator/ChanceHeightmapDecorator,net/minecraft/class_3237
cfx,net/minecraft/world/gen/placement/TwiceSurfaceWithChance,net/minecraft/server/v1_14_R1/WorldGenDecoratorChanceHeight,,net/minecraft/world/gen/decorator/ChanceHeightmapDoubleDecorator,net/minecraft/class_3236
cfy,net/minecraft/world/gen/placement/WithChance,net/minecraft/server/v1_14_R1/WorldGenDecoratorChancePass,,net/minecraft/world/gen/decorator/ChancePassthroughDecorator,net/minecraft/class_3241
cfz,net/minecraft/world/gen/placement/TopSolidWithChance,net/minecraft/server/v1_14_R1/WorldGenDecoratorSkyVisibleBiased,,net/minecraft/world/gen/decorator/ChanceTopSolidHeightmapDecorator,net/minecraft/class_3239
cg,net/minecraft/command/arguments/ColorArgument,net/minecraft/server/v1_14_R1/ArgumentChatFormat,,net/minecraft/command/arguments/ColorArgumentType,net/minecraft/class_2177
cga,net/minecraft/world/gen/placement/ChorusPlant,net/minecraft/server/v1_14_R1/WorldGenDecoratorChorusPlant,,net/minecraft/world/gen/decorator/ChorusPlantDecorator,net/minecraft/class_3245
cgb,net/minecraft/world/gen/placement/ConfiguredPlacement,net/minecraft/server/v1_14_R1/WorldGenDecoratorConfigured,,net/minecraft/world/gen/decorator/ConfiguredDecorator,net/minecraft/class_3243
cgc,net/minecraft/world/gen/placement/HeightBiasedRange,net/minecraft/server/v1_14_R1/WorldGenDecoratorHeightBiased,,net/minecraft/world/gen/decorator/CountBiasedRangeDecorator,net/minecraft/class_3250
cgd,net/minecraft/world/gen/placement/AtSurfaceWithChanceMultiple,net/minecraft/server/v1_14_R1/WorldGenFeatureChanceDecorator,,net/minecraft/world/gen/decorator/CountChanceHeightmapDecorator,net/minecraft/class_3247
cge,net/minecraft/world/gen/placement/TwiceSurfaceWithChanceMultiple,net/minecraft/server/v1_14_R1/WorldGenFeatureChanceDecoratorHeight,,net/minecraft/world/gen/decorator/CountChanceHeightmapDoubleDecorator,net/minecraft/class_3253
cgf,net/minecraft/world/gen/placement/DepthAverage,net/minecraft/server/v1_14_R1/WorldGenDecoratorHeightAverage,,net/minecraft/world/gen/decorator/CountDepthAverageDecorator,net/minecraft/class_3252
cgg,net/minecraft/world/gen/placement/TwiceSurface,net/minecraft/server/v1_14_R1/WorldGenDecoratorHeightDouble,,net/minecraft/world/gen/decorator/CountHeightmapDoubleDecorator,net/minecraft/class_3256
cgh,net/minecraft/world/gen/placement/AtHeight64,net/minecraft/server/v1_14_R1/WorldGenDecoratorHeight64,,net/minecraft/world/gen/decorator/CountHeight64Decorator,net/minecraft/class_3254
cgi,net/minecraft/world/gen/placement/SurfacePlus32,net/minecraft/server/v1_14_R1/WorldGenDecoratorHeight32,,net/minecraft/world/gen/decorator/CountHeightmap32Decorator,net/minecraft/class_3260
cgj,net/minecraft/world/gen/placement/AtSurface,net/minecraft/server/v1_14_R1/WorldGenDecoratorHeight,,net/minecraft/world/gen/decorator/CountHeightmapDecorator,net/minecraft/class_3257
cgk,net/minecraft/world/gen/placement/TopSolid,net/minecraft/server/v1_14_R1/WorldGenDecoratorSkyVisible,,net/minecraft/world/gen/decorator/CountTopSolidDecorator,net/minecraft/class_3263
cgl,net/minecraft/world/gen/placement/HeightVeryBiasedRange,net/minecraft/server/v1_14_R1/WorldGenDecoratorHeightBiased2,,net/minecraft/world/gen/decorator/CountVeryBiasedRangeDecorator,net/minecraft/class_3261
cgm,net/minecraft/world/gen/placement/AtSurfaceWithExtra,net/minecraft/server/v1_14_R1/WorldGenDecoratorHeightExtraChance,,net/minecraft/world/gen/decorator/CountExtraHeightmapDecorator,net/minecraft/class_3265
cgn,net/minecraft/world/gen/placement/DarkOakTreePlacement,net/minecraft/server/v1_14_R1/WorldGenDecoratorRoofedTree,,net/minecraft/world/gen/decorator/DarkOakTreeDecorator,net/minecraft/class_3315
cgo,net/minecraft/world/gen/placement/CaveEdgeConfig,net/minecraft/server/v1_14_R1/WorldGenDecoratorCarveMaskConfiguration,,net/minecraft/world/gen/decorator/CarvingMaskDecoratorConfig,net/minecraft/class_3269
cgp,net/minecraft/world/gen/placement/ChanceConfig,net/minecraft/server/v1_14_R1/WorldGenDecoratorChanceConfiguration,,net/minecraft/world/gen/decorator/ChanceDecoratorConfig,net/minecraft/class_3267
cgq,net/minecraft/world/gen/placement/FrequencyConfig,net/minecraft/server/v1_14_R1/WorldGenDecoratorFrequencyConfiguration,,net/minecraft/world/gen/decorator/CountDecoratorConfig,net/minecraft/class_3273
cgr,net/minecraft/world/gen/placement/HeightWithChanceConfig,net/minecraft/server/v1_14_R1/WorldGenDecoratorFrequencyChanceConfiguration,,net/minecraft/world/gen/decorator/CountChanceDecoratorConfig,net/minecraft/class_3271
cgs,net/minecraft/world/gen/placement/AtSurfaceWithExtraConfig,net/minecraft/server/v1_14_R1/WorldGenDecoratorFrequencyExtraChanceConfiguration,,net/minecraft/world/gen/decorator/CountExtraChanceDecoratorConfig,net/minecraft/class_3276
cgt,net/minecraft/world/gen/placement/TopSolidWithNoiseConfig,net/minecraft/server/v1_14_R1/WorldGenDecoratorNoiseConfiguration,,net/minecraft/world/gen/decorator/TopSolidHeightmapNoiseBiasedDecoratorConfig,net/minecraft/class_3275
cgu,net/minecraft/world/gen/placement/TopSolidRangeConfig,net/minecraft/server/v1_14_R1/WorldGenDecoratorRangeConfiguration,,net/minecraft/world/gen/decorator/HeightmapRangeDecoratorConfig,net/minecraft/class_3278
cgv,net/minecraft/world/gen/placement/DepthAverageConfig,net/minecraft/server/v1_14_R1/WorldGenDecoratorHeightAverageConfiguration,,net/minecraft/world/gen/decorator/CountDepthDecoratorConfig,net/minecraft/class_3277
cgw,net/minecraft/world/gen/placement/Height4To32,net/minecraft/server/v1_14_R1/WorldGenDecoratorEmerald,,net/minecraft/world/gen/decorator/EmeraldOreDecorator,net/minecraft/class_3282
cgx,net/minecraft/world/gen/placement/EndGateway,net/minecraft/server/v1_14_R1/WorldGenDecoratorEndGateway,,net/minecraft/world/gen/decorator/EndGatewayDecorator,net/minecraft/class_3280
cgy,net/minecraft/world/gen/placement/EndIsland,net/minecraft/server/v1_14_R1/WorldGenDecoratorEndIsland,,net/minecraft/world/gen/decorator/EndIslandDecorator,net/minecraft/class_3287
cgz,net/minecraft/world/gen/placement/Placement,net/minecraft/server/v1_14_R1/WorldGenDecorator,,net/minecraft/world/gen/decorator/Decorator,net/minecraft/class_3284
ch,net/minecraft/command/arguments/ComponentArgument,net/minecraft/server/v1_14_R1/ArgumentChatComponent,,net/minecraft/command/arguments/TextArgumentType,net/minecraft/class_2178
cha,net/minecraft/world/gen/placement/AtSurfaceRandomCount,net/minecraft/server/v1_14_R1/WorldGenDecoratorForestRock,,net/minecraft/world/gen/decorator/ForestRockDecorator,net/minecraft/class_3292
chb,net/minecraft/world/gen/placement/IcebergPlacement,net/minecraft/server/v1_14_R1/WorldGenDecoratorIceburg,,net/minecraft/world/gen/decorator/IcebergDecorator,net/minecraft/class_3291
chc,net/minecraft/world/gen/placement/LakeChanceConfig,net/minecraft/server/v1_14_R1/WorldGenDecoratorLakeChanceConfiguration,,net/minecraft/world/gen/decorator/LakeDecoratorConfig,net/minecraft/class_3297
chd,net/minecraft/world/gen/placement/LakeLava,net/minecraft/server/v1_14_R1/WorldGenDecoratorLakeLava,,net/minecraft/world/gen/decorator/LakeLakeDecorator,net/minecraft/class_3293
che,net/minecraft/world/gen/placement/LakeWater,net/minecraft/server/v1_14_R1/WorldGenDecoratorLakeWater,,net/minecraft/world/gen/decorator/WaterLakeDecorator,net/minecraft/class_3301
chf,net/minecraft/world/gen/placement/DungeonRoomConfig,net/minecraft/server/v1_14_R1/WorldGenDecoratorDungeonConfiguration,,net/minecraft/world/gen/decorator/DungeonDecoratorConfig,net/minecraft/class_3299
chg,net/minecraft/world/gen/placement/DungeonRoom,net/minecraft/server/v1_14_R1/WorldGenDecoratorDungeon,,net/minecraft/world/gen/decorator/DungeonsDecorator,net/minecraft/class_3305
chh,net/minecraft/world/gen/placement/SurfacePlus32WithNoise,net/minecraft/server/v1_14_R1/WorldGenDecoratorNoiseHeight32,,net/minecraft/world/gen/decorator/NoiseHeightmap32Decorator,net/minecraft/class_3303
chi,net/minecraft/world/gen/placement/TwiceSurfaceWithNoise,net/minecraft/server/v1_14_R1/WorldGenDecoratorNoiseHeightDouble,,net/minecraft/world/gen/decorator/NoiseHeightmapDoubleDecorator,net/minecraft/class_3308
chj,net/minecraft/world/gen/placement/Passthrough,net/minecraft/server/v1_14_R1/WorldGenDecoratorEmpty,,net/minecraft/world/gen/decorator/NopeDecorator,net/minecraft/class_3307
chk,net/minecraft/world/gen/placement/SimplePlacement,net/minecraft/server/v1_14_R1/WorldGenDecoratorFeatureSimple,,net/minecraft/world/gen/decorator/SimpleDecorator,net/minecraft/class_3667
chl,net/minecraft/world/gen/placement/TopSolidOnce,net/minecraft/server/v1_14_R1/WorldGenDecoratorSolidTop,,net/minecraft/world/gen/decorator/HeightmapDecorator,net/minecraft/class_3318
chm,net/minecraft/world/gen/placement/TopSolidWithNoise,net/minecraft/server/v1_14_R1/WorldGenDecoratorSolidTopNoise,,net/minecraft/world/gen/decorator/HeightmapNoiseBiasedDecorator,net/minecraft/class_3316
chn,net/minecraft/world/gen/placement/TopSolidRange,net/minecraft/server/v1_14_R1/WorldGenDecoratorSolidTopHeight,,net/minecraft/world/gen/decorator/HeightmapRangeDecorator,net/minecraft/class_3319
cho,net/minecraft/world/gen/placement/ChanceRange,net/minecraft/server/v1_14_R1/WorldGenDecoratorNetherChance,,net/minecraft/world/gen/decorator/ChanceRangeDecorator,net/minecraft/class_3325
chp,net/minecraft/world/gen/placement/CountRange,net/minecraft/server/v1_14_R1/WorldGenDecoratorNetherHeight,,net/minecraft/world/gen/decorator/CountRangeDecorator,net/minecraft/class_3323
chq,net/minecraft/world/gen/placement/NetherFire,net/minecraft/server/v1_14_R1/WorldGenDecoratorNetherFire,,net/minecraft/world/gen/decorator/HellFireDecorator,net/minecraft/class_3329
chr,net/minecraft/world/gen/placement/NetherGlowstone,net/minecraft/server/v1_14_R1/WorldGenDecoratorNetherGlowstone,,net/minecraft/world/gen/decorator/LightGemChanceDecorator,net/minecraft/class_3328
chs,net/minecraft/world/gen/placement/NetherMagma,net/minecraft/server/v1_14_R1/WorldGenDecoratorNetherMagma,,net/minecraft/world/gen/decorator/MagmaDecorator,net/minecraft/class_3334
cht,net/minecraft/world/gen/placement/RandomCountWithRange,net/minecraft/server/v1_14_R1/WorldGenDecoratorNetherRandomCount,,net/minecraft/world/gen/decorator/RandomCountRangeDecorator,net/minecraft/class_3333
chw,net/minecraft/world/gen/feature/structure/MarginedStructureStart,net/minecraft/server/v1_14_R1/StructureAbstract,,net/minecraft/structure/VillageStructureStart,net/minecraft/class_4183
chx,net/minecraft/util/math/MutableBoundingBox,net/minecraft/server/v1_14_R1/StructureBoundingBox,,net/minecraft/util/math/MutableIntBoundingBox,net/minecraft/class_3341
chy$a,net/minecraft/world/gen/feature/structure/BuriedTreasure$Piece,net/minecraft/server/v1_14_R1/WorldGenBuriedTreasurePieces$a,,net/minecraft/structure/BuriedTreasureGenerator$Piece,net/minecraft/class_3789$class_3339
chy,net/minecraft/world/gen/feature/structure/BuriedTreasure,net/minecraft/server/v1_14_R1/WorldGenBuriedTreasurePieces,,net/minecraft/structure/BuriedTreasureGenerator,net/minecraft/class_3789
chz,net/minecraft/world/gen/feature/structure/DesertPyramidPiece,net/minecraft/server/v1_14_R1/WorldGenDesertPyramidPiece,,net/minecraft/structure/DesertTempleGenerator,net/minecraft/class_3346
ci,net/minecraft/command/arguments/NBTCompoundTagArgument,net/minecraft/server/v1_14_R1/ArgumentNBTTag,,net/minecraft/command/arguments/NbtCompoundTagArgumentType,net/minecraft/class_2179
cia$1,net/minecraft/world/gen/feature/structure/EndCityPieces$1,net/minecraft/server/v1_14_R1/WorldGenEndCityPieces$1,,net/minecraft/structure/EndCityGenerator$1,net/minecraft/class_3342$1
cia$2,net/minecraft/world/gen/feature/structure/EndCityPieces$2,net/minecraft/server/v1_14_R1/WorldGenEndCityPieces$2,,net/minecraft/structure/EndCityGenerator$2,net/minecraft/class_3342$2
cia$3,net/minecraft/world/gen/feature/structure/EndCityPieces$3,net/minecraft/server/v1_14_R1/WorldGenEndCityPieces$3,,net/minecraft/structure/EndCityGenerator$3,net/minecraft/class_3342$3
cia$4,net/minecraft/world/gen/feature/structure/EndCityPieces$4,net/minecraft/server/v1_14_R1/WorldGenEndCityPieces$4,,net/minecraft/structure/EndCityGenerator$4,net/minecraft/class_3342$4
cia$a,net/minecraft/world/gen/feature/structure/EndCityPieces$CityTemplate,net/minecraft/server/v1_14_R1/WorldGenEndCityPieces$Piece,,net/minecraft/structure/EndCityGenerator$Piece,net/minecraft/class_3342$class_3343
cia$b,net/minecraft/world/gen/feature/structure/EndCityPieces$IGenerator,net/minecraft/server/v1_14_R1/WorldGenEndCityPieces$PieceGenerator,,net/minecraft/structure/EndCityGenerator$Part,net/minecraft/class_3342$class_3344
cia,net/minecraft/world/gen/feature/structure/EndCityPieces,net/minecraft/server/v1_14_R1/WorldGenEndCityPieces,,net/minecraft/structure/EndCityGenerator,net/minecraft/class_3342
cib$a,net/minecraft/world/gen/feature/structure/IglooPieces$Piece,net/minecraft/server/v1_14_R1/WorldGenIglooPiece$a,,net/minecraft/structure/IglooGenerator$Piece,net/minecraft/class_3351$class_3352
cib,net/minecraft/world/gen/feature/structure/IglooPieces,net/minecraft/server/v1_14_R1/WorldGenIglooPiece,,net/minecraft/structure/IglooGenerator,net/minecraft/class_3351
cic$a,net/minecraft/world/gen/feature/structure/JunglePyramidPiece$Selector,net/minecraft/server/v1_14_R1/WorldGenJunglePyramidPiece$a,,net/minecraft/structure/JungleTempleGenerator$CobblestoneRandomizer,net/minecraft/class_3348$class_3349
cic,net/minecraft/world/gen/feature/structure/JunglePyramidPiece,net/minecraft/server/v1_14_R1/WorldGenJunglePyramidPiece,,net/minecraft/structure/JungleTempleGenerator,net/minecraft/class_3348
cid,net/minecraft/world/gen/feature/structure/LegacyStructureDataUtil,net/minecraft/server/v1_14_R1/PersistentStructureLegacy,,net/minecraft/world/FeatureUpdater,net/minecraft/class_3360
cie$a,net/minecraft/world/gen/feature/structure/MineshaftPieces$Corridor,net/minecraft/server/v1_14_R1/WorldGenMineshaftPieces$WorldGenMineshaftCorridor,,net/minecraft/structure/MineshaftGenerator$MineshaftCorridor,net/minecraft/class_3353$class_3354
cie$b,net/minecraft/world/gen/feature/structure/MineshaftPieces$Cross,net/minecraft/server/v1_14_R1/WorldGenMineshaftPieces$WorldGenMineshaftCross,,net/minecraft/structure/MineshaftGenerator$MineshaftCrossing,net/minecraft/class_3353$class_3355
cie$c,net/minecraft/world/gen/feature/structure/MineshaftPieces$Piece,net/minecraft/server/v1_14_R1/WorldGenMineshaftPieces$c,,net/minecraft/structure/MineshaftGenerator$MineshaftPart,net/minecraft/class_3353$class_3356
cie$d,net/minecraft/world/gen/feature/structure/MineshaftPieces$Room,net/minecraft/server/v1_14_R1/WorldGenMineshaftPieces$WorldGenMineshaftRoom,,net/minecraft/structure/MineshaftGenerator$MineshaftRoom,net/minecraft/class_3353$class_3357
cie$e,net/minecraft/world/gen/feature/structure/MineshaftPieces$Stairs,net/minecraft/server/v1_14_R1/WorldGenMineshaftPieces$WorldGenMineshaftStairs,,net/minecraft/structure/MineshaftGenerator$MineshaftStairs,net/minecraft/class_3353$class_3358
cie,net/minecraft/world/gen/feature/structure/MineshaftPieces,net/minecraft/server/v1_14_R1/WorldGenMineshaftPieces,,net/minecraft/structure/MineshaftGenerator,net/minecraft/class_3353
cif$a,net/minecraft/world/gen/feature/structure/FortressPieces$Crossing3,net/minecraft/server/v1_14_R1/WorldGenNetherPieces$WorldGenNetherPiece1,,net/minecraft/structure/NetherFortressGenerator$BridgeCrossing,net/minecraft/class_3390$class_3391
cif$b,net/minecraft/world/gen/feature/structure/FortressPieces$End,net/minecraft/server/v1_14_R1/WorldGenNetherPieces$WorldGenNetherPiece2,,net/minecraft/structure/NetherFortressGenerator$BridgeEnd,net/minecraft/class_3390$class_3392
cif$c,net/minecraft/world/gen/feature/structure/FortressPieces$Straight,net/minecraft/server/v1_14_R1/WorldGenNetherPieces$WorldGenNetherPiece3,,net/minecraft/structure/NetherFortressGenerator$Bridge,net/minecraft/class_3390$class_3393
cif$d,net/minecraft/world/gen/feature/structure/FortressPieces$Corridor3,net/minecraft/server/v1_14_R1/WorldGenNetherPieces$WorldGenNetherPiece4,,net/minecraft/structure/NetherFortressGenerator$CorridorStairs,net/minecraft/class_3390$class_3394
cif$e,net/minecraft/world/gen/feature/structure/FortressPieces$Corridor4,net/minecraft/server/v1_14_R1/WorldGenNetherPieces$WorldGenNetherPiece5,,net/minecraft/structure/NetherFortressGenerator$CorridorBalcony,net/minecraft/class_3390$class_3395
cif$f,net/minecraft/world/gen/feature/structure/FortressPieces$Entrance,net/minecraft/server/v1_14_R1/WorldGenNetherPieces$WorldGenNetherPiece6,,net/minecraft/structure/NetherFortressGenerator$CorridorExit,net/minecraft/class_3390$class_3396
cif$g,net/minecraft/world/gen/feature/structure/FortressPieces$Crossing2,net/minecraft/server/v1_14_R1/WorldGenNetherPieces$WorldGenNetherPiece7,,net/minecraft/structure/NetherFortressGenerator$CorridorCrossing,net/minecraft/class_3390$class_3397
cif$h,net/minecraft/world/gen/feature/structure/FortressPieces$Corridor,net/minecraft/server/v1_14_R1/WorldGenNetherPieces$WorldGenNetherPiece8,,net/minecraft/structure/NetherFortressGenerator$CorridorLeftTurn,net/minecraft/class_3390$class_3398
cif$i,net/minecraft/world/gen/feature/structure/FortressPieces$Corridor5,net/minecraft/server/v1_14_R1/WorldGenNetherPieces$WorldGenNetherPiece9,,net/minecraft/structure/NetherFortressGenerator$SmallCorridor,net/minecraft/class_3390$class_3399
cif$j,net/minecraft/world/gen/feature/structure/FortressPieces$Corridor2,net/minecraft/server/v1_14_R1/WorldGenNetherPieces$WorldGenNetherPiece10,,net/minecraft/structure/NetherFortressGenerator$CorridorRightTurn,net/minecraft/class_3390$class_3400
cif$k,net/minecraft/world/gen/feature/structure/FortressPieces$NetherStalkRoom,net/minecraft/server/v1_14_R1/WorldGenNetherPieces$WorldGenNetherPiece11,,net/minecraft/structure/NetherFortressGenerator$CorridorNetherWartsRoom,net/minecraft/class_3390$class_3401
cif$l,net/minecraft/world/gen/feature/structure/FortressPieces$Throne,net/minecraft/server/v1_14_R1/WorldGenNetherPieces$WorldGenNetherPiece12,,net/minecraft/structure/NetherFortressGenerator$BridgePlatform,net/minecraft/class_3390$class_3402
cif$m,net/minecraft/world/gen/feature/structure/FortressPieces$Piece,net/minecraft/server/v1_14_R1/WorldGenNetherPieces$WorldGenNetherPiece,,net/minecraft/structure/NetherFortressGenerator$Piece,net/minecraft/class_3390$class_3403
cif$n,net/minecraft/world/gen/feature/structure/FortressPieces$PieceWeight,net/minecraft/server/v1_14_R1/WorldGenNetherPieces$WorldGenNetherPieceWeight,,net/minecraft/structure/NetherFortressGenerator$class_3404,net/minecraft/class_3390$class_3404
cif$o,net/minecraft/world/gen/feature/structure/FortressPieces$Crossing,net/minecraft/server/v1_14_R1/WorldGenNetherPieces$WorldGenNetherPiece13,,net/minecraft/structure/NetherFortressGenerator$BridgeSmallCrossing,net/minecraft/class_3390$class_3405
cif$p,net/minecraft/world/gen/feature/structure/FortressPieces$Stairs,net/minecraft/server/v1_14_R1/WorldGenNetherPieces$WorldGenNetherPiece14,,net/minecraft/structure/NetherFortressGenerator$BridgeStairs,net/minecraft/class_3390$class_3406
cif$q,net/minecraft/world/gen/feature/structure/FortressPieces$Start,net/minecraft/server/v1_14_R1/WorldGenNetherPieces$WorldGenNetherPiece15,,net/minecraft/structure/NetherFortressGenerator$Start,net/minecraft/class_3390$class_3407
cif,net/minecraft/world/gen/feature/structure/FortressPieces,net/minecraft/server/v1_14_R1/WorldGenNetherPieces,,net/minecraft/structure/NetherFortressGenerator,net/minecraft/class_3390
cig$a,net/minecraft/world/gen/feature/structure/OceanMonumentPieces$XDoubleRoomFitHelper,net/minecraft/server/v1_14_R1/WorldGenMonumentPieces$WorldGenMonumentPieceSelector7,,net/minecraft/structure/OceanMonumentGenerator$class_3367,net/minecraft/class_3366$class_3367
cig$b,net/minecraft/world/gen/feature/structure/OceanMonumentPieces$XYDoubleRoomFitHelper,net/minecraft/server/v1_14_R1/WorldGenMonumentPieces$WorldGenMonumentPieceSelector6,,net/minecraft/structure/OceanMonumentGenerator$class_3368,net/minecraft/class_3366$class_3368
cig$c,net/minecraft/world/gen/feature/structure/OceanMonumentPieces$YDoubleRoomFitHelper,net/minecraft/server/v1_14_R1/WorldGenMonumentPieces$WorldGenMonumentPieceSelector5,,net/minecraft/structure/OceanMonumentGenerator$class_3369,net/minecraft/class_3366$class_3369
cig$d,net/minecraft/world/gen/feature/structure/OceanMonumentPieces$YZDoubleRoomFitHelper,net/minecraft/server/v1_14_R1/WorldGenMonumentPieces$WorldGenMonumentPieceSelector4,,net/minecraft/structure/OceanMonumentGenerator$class_3370,net/minecraft/class_3366$class_3370
cig$e,net/minecraft/world/gen/feature/structure/OceanMonumentPieces$ZDoubleRoomFitHelper,net/minecraft/server/v1_14_R1/WorldGenMonumentPieces$WorldGenMonumentPieceSelector3,,net/minecraft/structure/OceanMonumentGenerator$class_3371,net/minecraft/class_3366$class_3371
cig$f,net/minecraft/world/gen/feature/structure/OceanMonumentPieces$FitSimpleRoomHelper,net/minecraft/server/v1_14_R1/WorldGenMonumentPieces$WorldGenMonumentPieceSelector2,,net/minecraft/structure/OceanMonumentGenerator$class_3372,net/minecraft/class_3366$class_3372
cig$g,net/minecraft/world/gen/feature/structure/OceanMonumentPieces$FitSimpleRoomTopHelper,net/minecraft/server/v1_14_R1/WorldGenMonumentPieces$WorldGenMonumentPieceSelector1,,net/minecraft/structure/OceanMonumentGenerator$class_3373,net/minecraft/class_3366$class_3373
cig$h,net/minecraft/world/gen/feature/structure/OceanMonumentPieces$MonumentBuilding,net/minecraft/server/v1_14_R1/WorldGenMonumentPieces$WorldGenMonumentPiece1,,net/minecraft/structure/OceanMonumentGenerator$Base,net/minecraft/class_3366$class_3374
cig$i,net/minecraft/world/gen/feature/structure/OceanMonumentPieces$IMonumentRoomFitHelper,net/minecraft/server/v1_14_R1/WorldGenMonumentPieces$IWorldGenMonumentPieceSelector,,net/minecraft/structure/OceanMonumentGenerator$class_3375,net/minecraft/class_3366$class_3375
cig$j,net/minecraft/world/gen/feature/structure/OceanMonumentPieces$MonumentCoreRoom,net/minecraft/server/v1_14_R1/WorldGenMonumentPieces$WorldGenMonumentPiece2,,net/minecraft/structure/OceanMonumentGenerator$CoreRoom,net/minecraft/class_3366$class_3376
cig$k,net/minecraft/world/gen/feature/structure/OceanMonumentPieces$DoubleXRoom,net/minecraft/server/v1_14_R1/WorldGenMonumentPieces$WorldGenMonumentPiece3,,net/minecraft/structure/OceanMonumentGenerator$DoubleXRoom,net/minecraft/class_3366$class_3377
cig$l,net/minecraft/world/gen/feature/structure/OceanMonumentPieces$DoubleXYRoom,net/minecraft/server/v1_14_R1/WorldGenMonumentPieces$WorldGenMonumentPiece4,,net/minecraft/structure/OceanMonumentGenerator$DoubleXYRoom,net/minecraft/class_3366$class_3378
cig$m,net/minecraft/world/gen/feature/structure/OceanMonumentPieces$DoubleYRoom,net/minecraft/server/v1_14_R1/WorldGenMonumentPieces$WorldGenMonumentPiece5,,net/minecraft/structure/OceanMonumentGenerator$DoubleYRoom,net/minecraft/class_3366$class_3379
cig$n,net/minecraft/world/gen/feature/structure/OceanMonumentPieces$DoubleYZRoom,net/minecraft/server/v1_14_R1/WorldGenMonumentPieces$WorldGenMonumentPiece6,,net/minecraft/structure/OceanMonumentGenerator$DoubleYZRoom,net/minecraft/class_3366$class_3380
cig$o,net/minecraft/world/gen/feature/structure/OceanMonumentPieces$DoubleZRoom,net/minecraft/server/v1_14_R1/WorldGenMonumentPieces$WorldGenMonumentPiece7,,net/minecraft/structure/OceanMonumentGenerator$DoubleZRoom,net/minecraft/class_3366$class_3381
cig$p,net/minecraft/world/gen/feature/structure/OceanMonumentPieces$EntryRoom,net/minecraft/server/v1_14_R1/WorldGenMonumentPieces$WorldGenMonumentPieceEntry,,net/minecraft/structure/OceanMonumentGenerator$Entry,net/minecraft/class_3366$class_3382
cig$q,net/minecraft/world/gen/feature/structure/OceanMonumentPieces$Penthouse,net/minecraft/server/v1_14_R1/WorldGenMonumentPieces$WorldGenMonumentPiecePenthouse,,net/minecraft/structure/OceanMonumentGenerator$Penthouse,net/minecraft/class_3366$class_3383
cig$r,net/minecraft/world/gen/feature/structure/OceanMonumentPieces$Piece,net/minecraft/server/v1_14_R1/WorldGenMonumentPieces$WorldGenMonumentPiece,,net/minecraft/structure/OceanMonumentGenerator$class_3384,net/minecraft/class_3366$class_3384
cig$s,net/minecraft/world/gen/feature/structure/OceanMonumentPieces$SimpleRoom,net/minecraft/server/v1_14_R1/WorldGenMonumentPieces$WorldGenMonumentPieceSimple,,net/minecraft/structure/OceanMonumentGenerator$SimpleRoom,net/minecraft/class_3366$class_3385
cig$t,net/minecraft/world/gen/feature/structure/OceanMonumentPieces$SimpleTopRoom,net/minecraft/server/v1_14_R1/WorldGenMonumentPieces$WorldGenMonumentPieceSimpleT,,net/minecraft/structure/OceanMonumentGenerator$SimpleRoomTop,net/minecraft/class_3366$class_3386
cig$u,net/minecraft/world/gen/feature/structure/OceanMonumentPieces$WingRoom,net/minecraft/server/v1_14_R1/WorldGenMonumentPieces$WorldGenMonumentPiece8,,net/minecraft/structure/OceanMonumentGenerator$WingRoom,net/minecraft/class_3366$class_3387
cig$v,net/minecraft/world/gen/feature/structure/OceanMonumentPieces$RoomDefinition,net/minecraft/server/v1_14_R1/WorldGenMonumentPieces$WorldGenMonumentStateTracker,,net/minecraft/structure/OceanMonumentGenerator$class_3388,net/minecraft/class_3366$class_3388
cig,net/minecraft/world/gen/feature/structure/OceanMonumentPieces,net/minecraft/server/v1_14_R1/WorldGenMonumentPieces,,net/minecraft/structure/OceanMonumentGenerator,net/minecraft/class_3366
cih$a,net/minecraft/world/gen/feature/structure/OceanRuinStructure$Start,net/minecraft/server/v1_14_R1/WorldGenFeatureOceanRuin$a,,net/minecraft/world/gen/feature/OceanRuinFeature$Start,net/minecraft/class_3411$class_3412
cih$b,net/minecraft/world/gen/feature/structure/OceanRuinStructure$Type,net/minecraft/server/v1_14_R1/WorldGenFeatureOceanRuin$Temperature,,net/minecraft/world/gen/feature/OceanRuinFeature$BiomeType,net/minecraft/class_3411$class_3413
cih,net/minecraft/world/gen/feature/structure/OceanRuinStructure,net/minecraft/server/v1_14_R1/WorldGenFeatureOceanRuin,,net/minecraft/world/gen/feature/OceanRuinFeature,net/minecraft/class_3411
cii$a,net/minecraft/world/gen/feature/structure/OceanRuinPieces$Piece,net/minecraft/server/v1_14_R1/WorldGenFeatureOceanRuinPieces$a,,net/minecraft/structure/OceanRuinGenerator$Piece,net/minecraft/class_3409$class_3410
cii,net/minecraft/world/gen/feature/structure/OceanRuinPieces,net/minecraft/server/v1_14_R1/WorldGenFeatureOceanRuinPieces,,net/minecraft/structure/OceanRuinGenerator,net/minecraft/class_3409
cij$a,net/minecraft/world/gen/feature/structure/PillagerOutpostPieces$PillageOutpost,net/minecraft/server/v1_14_R1/WorldGenFeaturePillagerOutpostPieces$a,,net/minecraft/structure/PillagerOutpostGenerator$Piece,net/minecraft/class_3791$class_3792
cij,net/minecraft/world/gen/feature/structure/PillagerOutpostPieces,net/minecraft/server/v1_14_R1/WorldGenFeaturePillagerOutpostPieces,,net/minecraft/structure/PillagerOutpostGenerator,net/minecraft/class_3791
cik,net/minecraft/world/gen/feature/structure/AbstractVillagePiece,net/minecraft/server/v1_14_R1/WorldGenFeaturePillagerOutpostPoolPiece,,net/minecraft/structure/PoolStructurePiece,net/minecraft/class_3790
cil,net/minecraft/world/gen/feature/structure/ScatteredStructurePiece,net/minecraft/server/v1_14_R1/WorldGenScatteredPiece,,net/minecraft/structure/StructurePieceWithDimensions,net/minecraft/class_3418
cim$a,net/minecraft/world/gen/feature/structure/ShipwreckPieces$Piece,net/minecraft/server/v1_14_R1/WorldGenShipwreck$a,,net/minecraft/structure/ShipwreckGenerator$Piece,net/minecraft/class_3415$class_3416
cim,net/minecraft/world/gen/feature/structure/ShipwreckPieces,net/minecraft/server/v1_14_R1/WorldGenShipwreck,,net/minecraft/structure/ShipwreckGenerator,net/minecraft/class_3415
cin$1,net/minecraft/world/gen/feature/structure/StrongholdPieces$1,net/minecraft/server/v1_14_R1/WorldGenStrongholdPieces$1,,net/minecraft/structure/StrongholdGenerator$1,net/minecraft/class_3421$1
cin$2,net/minecraft/world/gen/feature/structure/StrongholdPieces$2,net/minecraft/server/v1_14_R1/WorldGenStrongholdPieces$2,,net/minecraft/structure/StrongholdGenerator$2,net/minecraft/class_3421$2
cin$a,net/minecraft/world/gen/feature/structure/StrongholdPieces$ChestCorridor,net/minecraft/server/v1_14_R1/WorldGenStrongholdPieces$WorldGenStrongholdChestCorridor,,net/minecraft/structure/StrongholdGenerator$ChestCorridor,net/minecraft/class_3421$class_3422
cin$b,net/minecraft/world/gen/feature/structure/StrongholdPieces$Corridor,net/minecraft/server/v1_14_R1/WorldGenStrongholdPieces$WorldGenStrongholdCorridor,,net/minecraft/structure/StrongholdGenerator$SmallCorridor,net/minecraft/class_3421$class_3423
cin$c,net/minecraft/world/gen/feature/structure/StrongholdPieces$Crossing,net/minecraft/server/v1_14_R1/WorldGenStrongholdPieces$WorldGenStrongholdCrossing,,net/minecraft/structure/StrongholdGenerator$FiveWayCrossing,net/minecraft/class_3421$class_3424
cin$d,net/minecraft/world/gen/feature/structure/StrongholdPieces$LeftTurn,net/minecraft/server/v1_14_R1/WorldGenStrongholdPieces$WorldGenStrongholdLeftTurn,,net/minecraft/structure/StrongholdGenerator$LeftTurn,net/minecraft/class_3421$class_3425
cin$e,net/minecraft/world/gen/feature/structure/StrongholdPieces$Library,net/minecraft/server/v1_14_R1/WorldGenStrongholdPieces$WorldGenStrongholdLibrary,,net/minecraft/structure/StrongholdGenerator$Library,net/minecraft/class_3421$class_3426
cin$f,net/minecraft/world/gen/feature/structure/StrongholdPieces$PieceWeight,net/minecraft/server/v1_14_R1/WorldGenStrongholdPieces$WorldGenStrongholdPieceWeight,,net/minecraft/structure/StrongholdGenerator$class_3427,net/minecraft/class_3421$class_3427
cin$g,net/minecraft/world/gen/feature/structure/StrongholdPieces$PortalRoom,net/minecraft/server/v1_14_R1/WorldGenStrongholdPieces$WorldGenStrongholdPortalRoom,,net/minecraft/structure/StrongholdGenerator$PortalRoom,net/minecraft/class_3421$class_3428
cin$h,net/minecraft/world/gen/feature/structure/StrongholdPieces$Prison,net/minecraft/server/v1_14_R1/WorldGenStrongholdPieces$WorldGenStrongholdPrison,,net/minecraft/structure/StrongholdGenerator$PrisonHall,net/minecraft/class_3421$class_3429
cin$i,net/minecraft/world/gen/feature/structure/StrongholdPieces$RightTurn,net/minecraft/server/v1_14_R1/WorldGenStrongholdPieces$WorldGenStrongholdRightTurn,,net/minecraft/structure/StrongholdGenerator$RightTurn,net/minecraft/class_3421$class_3430
cin$j,net/minecraft/world/gen/feature/structure/StrongholdPieces$RoomCrossing,net/minecraft/server/v1_14_R1/WorldGenStrongholdPieces$WorldGenStrongholdRoomCrossing,,net/minecraft/structure/StrongholdGenerator$SquareRoom,net/minecraft/class_3421$class_3431
cin$k,net/minecraft/world/gen/feature/structure/StrongholdPieces$Stones,net/minecraft/server/v1_14_R1/WorldGenStrongholdPieces$WorldGenStrongholdStones,,net/minecraft/structure/StrongholdGenerator$StoneBrickRandomizer,net/minecraft/class_3421$class_3432
cin$l,net/minecraft/world/gen/feature/structure/StrongholdPieces$Stairs,net/minecraft/server/v1_14_R1/WorldGenStrongholdPieces$WorldGenStrongholdStairs2,,net/minecraft/structure/StrongholdGenerator$SpiralStaircase,net/minecraft/class_3421$class_3433
cin$m,net/minecraft/world/gen/feature/structure/StrongholdPieces$Stairs2,net/minecraft/server/v1_14_R1/WorldGenStrongholdPieces$WorldGenStrongholdStart,,net/minecraft/structure/StrongholdGenerator$Start,net/minecraft/class_3421$class_3434
cin$n,net/minecraft/world/gen/feature/structure/StrongholdPieces$Straight,net/minecraft/server/v1_14_R1/WorldGenStrongholdPieces$WorldGenStrongholdStairs,,net/minecraft/structure/StrongholdGenerator$Corridor,net/minecraft/class_3421$class_3435
cin$o,net/minecraft/world/gen/feature/structure/StrongholdPieces$StairsStraight,net/minecraft/server/v1_14_R1/WorldGenStrongholdPieces$WorldGenStrongholdStairsStraight,,net/minecraft/structure/StrongholdGenerator$Stairs,net/minecraft/class_3421$class_3436
cin$p$a,net/minecraft/world/gen/feature/structure/StrongholdPieces$Stronghold$Door,net/minecraft/server/v1_14_R1/WorldGenStrongholdPieces$WorldGenStrongholdPiece$WorldGenStrongholdDoorType,,net/minecraft/structure/StrongholdGenerator$Piece$EntranceType,net/minecraft/class_3421$class_3437$class_3438
cin$p,net/minecraft/world/gen/feature/structure/StrongholdPieces$Stronghold,net/minecraft/server/v1_14_R1/WorldGenStrongholdPieces$WorldGenStrongholdPiece,,net/minecraft/structure/StrongholdGenerator$Piece,net/minecraft/class_3421$class_3437
cin$q,net/minecraft/world/gen/feature/structure/StrongholdPieces$Turn,net/minecraft/server/v1_14_R1/WorldGenStrongholdPieces$q,,net/minecraft/structure/StrongholdGenerator$class_3466,net/minecraft/class_3421$class_3466
cin,net/minecraft/world/gen/feature/structure/StrongholdPieces,net/minecraft/server/v1_14_R1/WorldGenStrongholdPieces,,net/minecraft/structure/StrongholdGenerator,net/minecraft/class_3421
cio,net/minecraft/world/gen/feature/structure/Structures,net/minecraft/server/v1_14_R1/WorldGenFactory,,net/minecraft/structure/StructureFeatures,net/minecraft/class_3420
cip,net/minecraft/world/gen/feature/structure/StructureIndexesSavedData,net/minecraft/server/v1_14_R1/PersistentIndexed,,net/minecraft/world/ChunkUpdateState,net/minecraft/class_3440
ciq$a,net/minecraft/world/gen/feature/structure/StructurePiece$BlockSelector,net/minecraft/server/v1_14_R1/StructurePiece$StructurePieceBlockSelector,,net/minecraft/structure/StructurePiece$BlockRandomizer,net/minecraft/class_3443$class_3444
ciq,net/minecraft/world/gen/feature/structure/StructurePiece,net/minecraft/server/v1_14_R1/StructurePiece,,net/minecraft/structure/StructurePiece,net/minecraft/class_3443
cir$1,net/minecraft/world/gen/feature/structure/StructureStart$1,net/minecraft/server/v1_14_R1/StructureStart$1,,net/minecraft/structure/StructureStart$1,net/minecraft/class_3449$1
cir,net/minecraft/world/gen/feature/structure/StructureStart,net/minecraft/server/v1_14_R1/StructureStart,,net/minecraft/structure/StructureStart,net/minecraft/class_3449
cis,net/minecraft/world/gen/feature/structure/SwampHutPiece,net/minecraft/server/v1_14_R1/WorldGenWitchHut,,net/minecraft/structure/SwampHutGenerator,net/minecraft/class_3447
cit,net/minecraft/world/gen/feature/structure/TemplateStructurePiece,net/minecraft/server/v1_14_R1/DefinedStructurePiece,,net/minecraft/structure/SimpleStructurePiece,net/minecraft/class_3470
ciu$a,net/minecraft/world/gen/feature/structure/WoodlandMansionPieces$FirstFloor,net/minecraft/server/v1_14_R1/WorldGenWoodlandMansionPieces$a,,net/minecraft/structure/WoodlandMansionGenerator$FirstFloorRoomPool,net/minecraft/class_3471$class_3472
ciu$b,net/minecraft/world/gen/feature/structure/WoodlandMansionPieces$RoomCollection,net/minecraft/server/v1_14_R1/WorldGenWoodlandMansionPieces$b,,net/minecraft/structure/WoodlandMansionGenerator$RoomPool,net/minecraft/class_3471$class_3473
ciu$c,net/minecraft/world/gen/feature/structure/WoodlandMansionPieces$Grid,net/minecraft/server/v1_14_R1/WorldGenWoodlandMansionPieces$c,,net/minecraft/structure/WoodlandMansionGenerator$class_3474,net/minecraft/class_3471$class_3474
ciu$d,net/minecraft/world/gen/feature/structure/WoodlandMansionPieces$Placer,net/minecraft/server/v1_14_R1/WorldGenWoodlandMansionPieces$d,,net/minecraft/structure/WoodlandMansionGenerator$LayoutGenerator,net/minecraft/class_3471$class_3475
ciu$e,net/minecraft/world/gen/feature/structure/WoodlandMansionPieces$PlacementData,net/minecraft/server/v1_14_R1/WorldGenWoodlandMansionPieces$e,,net/minecraft/structure/WoodlandMansionGenerator$GenerationPiece,net/minecraft/class_3471$class_3476
ciu$f,net/minecraft/world/gen/feature/structure/WoodlandMansionPieces$SecondFloor,net/minecraft/server/v1_14_R1/WorldGenWoodlandMansionPieces$f,,net/minecraft/structure/WoodlandMansionGenerator$SecondFloorRoomPool,net/minecraft/class_3471$class_3477
ciu$g,net/minecraft/world/gen/feature/structure/WoodlandMansionPieces$SimpleGrid,net/minecraft/server/v1_14_R1/WorldGenWoodlandMansionPieces$g,,net/minecraft/structure/WoodlandMansionGenerator$class_3478,net/minecraft/class_3471$class_3478
ciu$h,net/minecraft/world/gen/feature/structure/WoodlandMansionPieces$ThirdFloor,net/minecraft/server/v1_14_R1/WorldGenWoodlandMansionPieces$h,,net/minecraft/structure/WoodlandMansionGenerator$ThirdFloorRoomPool,net/minecraft/class_3471$class_3479
ciu$i,net/minecraft/world/gen/feature/structure/WoodlandMansionPieces$MansionTemplate,net/minecraft/server/v1_14_R1/WorldGenWoodlandMansionPieces$i,,net/minecraft/structure/WoodlandMansionGenerator$Piece,net/minecraft/class_3471$class_3480
ciu,net/minecraft/world/gen/feature/structure/WoodlandMansionPieces,net/minecraft/server/v1_14_R1/WorldGenWoodlandMansionPieces,,net/minecraft/structure/WoodlandMansionGenerator,net/minecraft/class_3471
ciw,net/minecraft/world/gen/feature/template/AlwaysTrueRuleTest,net/minecraft/server/v1_14_R1/DefinedStructureTestTrue,,net/minecraft/structure/rule/AlwaysTrueRuleTest,net/minecraft/class_3818
cix,net/minecraft/world/gen/feature/template/BlockIgnoreStructureProcessor,net/minecraft/server/v1_14_R1/DefinedStructureProcessorBlockIgnore,,net/minecraft/structure/processor/BlockIgnoreStructureProcessor,net/minecraft/class_3793
ciy,net/minecraft/world/gen/feature/template/BlockMatchRuleTest,net/minecraft/server/v1_14_R1/DefinedStructureTestBlock,,net/minecraft/structure/rule/BlockMatchRuleTest,net/minecraft/class_3819
ciz,net/minecraft/world/gen/feature/template/IntegrityProcessor,net/minecraft/server/v1_14_R1/DefinedStructureProcessorRotation,,net/minecraft/structure/processor/BlockRotStructureProcessor,net/minecraft/class_3488
cj,net/minecraft/command/arguments/DimensionArgument,net/minecraft/server/v1_14_R1/ArgumentDimension,,net/minecraft/command/arguments/DimensionArgumentType,net/minecraft/class_2181
cja,net/minecraft/world/gen/feature/template/BlockStateMatchRuleTest,net/minecraft/server/v1_14_R1/DefinedStructureTestBlockState,,net/minecraft/structure/rule/BlockStateMatchRuleTest,net/minecraft/class_3820
cjb,net/minecraft/world/gen/feature/template/GravityStructureProcessor,net/minecraft/server/v1_14_R1/DefinedStructureProcessorGravity,,net/minecraft/structure/processor/GravityStructureProcessor,net/minecraft/class_3795
cjc,net/minecraft/world/gen/feature/template/JigsawReplacementStructureProcessor,net/minecraft/server/v1_14_R1/DefinedStructureProcessorJigsawReplacement,,net/minecraft/structure/processor/JigsawReplacementStructureProcessor,net/minecraft/class_3794
cjd,net/minecraft/world/gen/feature/template/NopProcessor,net/minecraft/server/v1_14_R1/DefinedStructureProcessorNop,,net/minecraft/structure/processor/NopStructureProcessor,net/minecraft/class_3822
cje,net/minecraft/world/gen/feature/template/RuleEntry,net/minecraft/server/v1_14_R1/DefinedStructureProcessorPredicates,,net/minecraft/structure/processor/StructureProcessorRule,net/minecraft/class_3821
cjf,net/minecraft/world/gen/feature/template/RandomBlockMatchRuleTest,net/minecraft/server/v1_14_R1/DefinedStructureTestRandomBlock,,net/minecraft/structure/rule/RandomBlockMatchRuleTest,net/minecraft/class_3824
cjg,net/minecraft/world/gen/feature/template/RandomBlockStateMatchRuleTest,net/minecraft/server/v1_14_R1/DefinedStructureTestRandomBlockState,,net/minecraft/structure/rule/RandomBlockStateMatchRuleTest,net/minecraft/class_3823
cjh,net/minecraft/world/gen/feature/template/RuleStructureProcessor,net/minecraft/server/v1_14_R1/DefinedStructureProcessorRule,,net/minecraft/structure/processor/RuleStructureProcessor,net/minecraft/class_3826
cji,net/minecraft/world/gen/feature/template/RuleTest,net/minecraft/server/v1_14_R1/DefinedStructureRuleTest,,net/minecraft/structure/rule/AbstractRuleTest,net/minecraft/class_3825
cjj,net/minecraft/world/gen/feature/template/IRuleTestType,net/minecraft/server/v1_14_R1/DefinedStructureRuleTestType,,net/minecraft/structure/rule/RuleTest,net/minecraft/class_3827
cjk,net/minecraft/world/gen/feature/template/TemplateManager,net/minecraft/server/v1_14_R1/DefinedStructureManager,,net/minecraft/structure/StructureManager,net/minecraft/class_3485
cjl,net/minecraft/world/gen/feature/template/PlacementSettings,net/minecraft/server/v1_14_R1/DefinedStructureInfo,,net/minecraft/structure/StructurePlacementData,net/minecraft/class_3492
cjm,net/minecraft/world/gen/feature/template/StructureProcessor,net/minecraft/server/v1_14_R1/DefinedStructureProcessor,,net/minecraft/structure/processor/StructureProcessor,net/minecraft/class_3491
cjn,net/minecraft/world/gen/feature/template/IStructureProcessorType,net/minecraft/server/v1_14_R1/DefinedStructureStructureProcessorType,,net/minecraft/structure/processor/StructureProcessorType,net/minecraft/class_3828
cjo$a,net/minecraft/world/gen/feature/template/Template$BasicPalette,net/minecraft/server/v1_14_R1/DefinedStructure$a,,net/minecraft/structure/Structure$class_3500,net/minecraft/class_3499$class_3500
cjo$b,net/minecraft/world/gen/feature/template/Template$BlockInfo,net/minecraft/server/v1_14_R1/DefinedStructure$BlockInfo,,net/minecraft/structure/Structure$StructureBlockInfo,net/minecraft/class_3499$class_3501
cjo$c,net/minecraft/world/gen/feature/template/Template$EntityInfo,net/minecraft/server/v1_14_R1/DefinedStructure$EntityInfo,,net/minecraft/structure/Structure$StructureEntityInfo,net/minecraft/class_3499$class_3502
cjo,net/minecraft/world/gen/feature/template/Template,net/minecraft/server/v1_14_R1/DefinedStructure,,net/minecraft/structure/Structure,net/minecraft/class_3499
cjp,net/minecraft/world/gen/feature/template/TagMatchRuleTest,net/minecraft/server/v1_14_R1/DefinedStructureTestTag,,net/minecraft/structure/rule/TagMatchRuleTest,net/minecraft/class_3798
cjr,net/minecraft/world/gen/surfacebuilders/BadlandsSurfaceBuilder,net/minecraft/server/v1_14_R1/WorldGenSurfaceMesa,,net/minecraft/world/gen/surfacebuilder/BadlandsSurfaceBuilder,net/minecraft/class_3506
cjs,net/minecraft/world/gen/surfacebuilders/ConfiguredSurfaceBuilder,net/minecraft/server/v1_14_R1/WorldGenSurfaceComposite,,net/minecraft/world/gen/surfacebuilder/ConfiguredSurfaceBuilder,net/minecraft/class_3504
cjt,net/minecraft/world/gen/surfacebuilders/DefaultSurfaceBuilder,net/minecraft/server/v1_14_R1/WorldGenSurfaceDefaultBlock,,net/minecraft/world/gen/surfacebuilder/DefaultSurfaceBuilder,net/minecraft/class_3510
cju,net/minecraft/world/gen/surfacebuilders/ErodedBadlandsSurfaceBuilder,net/minecraft/server/v1_14_R1/WorldGenSurfaceMesaBryce,,net/minecraft/world/gen/surfacebuilder/ErodedBadlandsSurfaceBuilder,net/minecraft/class_3507
cjv,net/minecraft/world/gen/surfacebuilders/FrozenOceanSurfaceBuilder,net/minecraft/server/v1_14_R1/WorldGenSurfaceFrozenOcean,,net/minecraft/world/gen/surfacebuilder/FrozenOceanSurfaceBuilder,net/minecraft/class_3512
cjw,net/minecraft/world/gen/surfacebuilders/GiantTreeTaigaSurfaceBuilder,net/minecraft/server/v1_14_R1/WorldGenSurfaceTaigaMega,,net/minecraft/world/gen/surfacebuilder/GiantTreeTaigaSurfaceBuilder,net/minecraft/class_3511
cjx,net/minecraft/world/gen/surfacebuilders/GravellyMountainSurfaceBuilder,net/minecraft/server/v1_14_R1/WorldGenSurfaceExtremeHillMutated,,net/minecraft/world/gen/surfacebuilder/GravellyMountainSurfaceBuilder,net/minecraft/class_3516
cjy,net/minecraft/world/gen/surfacebuilders/MountainSurfaceBuilder,net/minecraft/server/v1_14_R1/WorldGenSurfaceExtremeHills,,net/minecraft/world/gen/surfacebuilder/MountainSurfaceBuilder,net/minecraft/class_3514
cjz,net/minecraft/world/gen/surfacebuilders/NetherSurfaceBuilder,net/minecraft/server/v1_14_R1/WorldGenSurfaceNether,,net/minecraft/world/gen/surfacebuilder/NetherSurfaceBuilder,net/minecraft/class_3520
ck$a,net/minecraft/command/arguments/EntityAnchorArgument$Type,net/minecraft/server/v1_14_R1/ArgumentAnchor$Anchor,,net/minecraft/command/arguments/EntityAnchorArgumentType$EntityAnchor,net/minecraft/class_2183$class_2184
ck,net/minecraft/command/arguments/EntityAnchorArgument,net/minecraft/server/v1_14_R1/ArgumentAnchor,,net/minecraft/command/arguments/EntityAnchorArgumentType,net/minecraft/class_2183
cka,net/minecraft/world/gen/surfacebuilders/NoopSurfaceBuilder,net/minecraft/server/v1_14_R1/WorldGenSurfaceEmpty,,net/minecraft/world/gen/surfacebuilder/NopeSurfaceBuilder,net/minecraft/class_3519
ckb,net/minecraft/world/gen/surfacebuilders/ShatteredSavannaSurfaceBuilder,net/minecraft/server/v1_14_R1/WorldGenSurfaceSavannaMutated,,net/minecraft/world/gen/surfacebuilder/ShatteredSavannaSurfaceBuilder,net/minecraft/class_3524
ckc,net/minecraft/world/gen/surfacebuilders/SurfaceBuilder,net/minecraft/server/v1_14_R1/WorldGenSurface,,net/minecraft/world/gen/surfacebuilder/SurfaceBuilder,net/minecraft/class_3523
ckd,net/minecraft/world/gen/surfacebuilders/SurfaceBuilderConfig,net/minecraft/server/v1_14_R1/WorldGenSurfaceConfigurationBase,,net/minecraft/world/gen/surfacebuilder/TernarySurfaceConfig,net/minecraft/class_3527
cke,net/minecraft/world/gen/surfacebuilders/ISurfaceBuilderConfig,net/minecraft/server/v1_14_R1/WorldGenSurfaceConfiguration,,net/minecraft/world/gen/surfacebuilder/SurfaceConfig,net/minecraft/class_3531
ckf,net/minecraft/world/gen/surfacebuilders/SwampSurfaceBuilder,net/minecraft/server/v1_14_R1/WorldGenSurfaceSwamp,,net/minecraft/world/gen/surfacebuilder/SwampSurfaceBuilder,net/minecraft/class_3529
ckg,net/minecraft/world/gen/surfacebuilders/WoodedBadlandsSurfaceBuilder,net/minecraft/server/v1_14_R1/WorldGenSurfaceMesaForest,,net/minecraft/world/gen/surfacebuilder/WoodedBadlandsSurfaceBuilder,net/minecraft/class_3535
cki,net/minecraft/world/gen/ImprovedNoiseGenerator,net/minecraft/server/v1_14_R1/NoiseGeneratorPerlin,,net/minecraft/util/math/noise/PerlinNoiseSampler,net/minecraft/class_3756
ckj,net/minecraft/world/gen/OctavesNoiseGenerator,net/minecraft/server/v1_14_R1/NoiseGeneratorOctaves,,net/minecraft/util/math/noise/OctavePerlinNoiseSampler,net/minecraft/class_3537
ckk,net/minecraft/world/gen/PerlinNoiseGenerator,net/minecraft/server/v1_14_R1/NoiseGenerator3,,net/minecraft/util/math/noise/OctaveSimplexNoiseSampler,net/minecraft/class_3543
ckl,net/minecraft/world/gen/SimplexNoiseGenerator,net/minecraft/server/v1_14_R1/NoiseGenerator3Handler,,net/minecraft/util/math/noise/SimplexNoiseSampler,net/minecraft/class_3541
ckm,net/minecraft/world/gen/INoiseGenerator,net/minecraft/server/v1_14_R1/NoiseGenerator,,net/minecraft/util/math/noise/NoiseSampler,net/minecraft/class_3757
cko,net/minecraft/world/lighting/BlockLightEngine,net/minecraft/server/v1_14_R1/LightEngineBlock,,net/minecraft/world/chunk/light/ChunkBlockLightProvider,net/minecraft/class_3552
ckp$a,net/minecraft/world/lighting/BlockLightStorage$StorageMap,net/minecraft/server/v1_14_R1/LightEngineStorageBlock$a,,net/minecraft/world/chunk/light/BlockLightStorage$Data,net/minecraft/class_3547$class_3548
ckp,net/minecraft/world/lighting/BlockLightStorage,net/minecraft/server/v1_14_R1/LightEngineStorageBlock,,net/minecraft/world/chunk/light/BlockLightStorage,net/minecraft/class_3547
ckq,net/minecraft/world/lighting/LightDataMap,net/minecraft/server/v1_14_R1/LightEngineStorageArray,,net/minecraft/world/chunk/WorldNibbleStorage,net/minecraft/class_3556
ckr$1,net/minecraft/world/lighting/LevelBasedGraph$1,net/minecraft/server/v1_14_R1/LightEngineGraph$1,,net/minecraft/util/LevelPropagator$1,net/minecraft/class_3554$1
ckr$2,net/minecraft/world/lighting/LevelBasedGraph$2,net/minecraft/server/v1_14_R1/LightEngineGraph$2,,net/minecraft/util/LevelPropagator$2,net/minecraft/class_3554$2
ckr,net/minecraft/world/lighting/LevelBasedGraph,net/minecraft/server/v1_14_R1/LightEngineGraph,,net/minecraft/util/LevelPropagator,net/minecraft/class_3554
cks,net/minecraft/world/lighting/NibbleArrayRepeater,net/minecraft/server/v1_14_R1/NibbleArrayFlat,,net/minecraft/world/chunk/ColumnChunkNibbleArray,net/minecraft/class_4298
ckt,net/minecraft/world/lighting/LightEngine,net/minecraft/server/v1_14_R1/LightEngineLayer,,net/minecraft/world/chunk/light/ChunkLightProvider,net/minecraft/class_3558
cku$a,net/minecraft/world/lighting/IWorldLightListener$Dummy,net/minecraft/server/v1_14_R1/LightEngineLayerEventListener$Void,,net/minecraft/world/chunk/light/ChunkLightingView$Empty,net/minecraft/class_3562$class_3563
cku,net/minecraft/world/lighting/IWorldLightListener,net/minecraft/server/v1_14_R1/LightEngineLayerEventListener,,net/minecraft/world/chunk/light/ChunkLightingView,net/minecraft/class_3562
ckv,net/minecraft/world/lighting/SectionLightStorage,net/minecraft/server/v1_14_R1/LightEngineStorage,,net/minecraft/world/chunk/light/LightStorage,net/minecraft/class_3560
ckw,net/minecraft/world/lighting/WorldLightManager,net/minecraft/server/v1_14_R1/LightEngine,,net/minecraft/world/chunk/light/LightingProvider,net/minecraft/class_3568
ckx,net/minecraft/world/lighting/ILightListener,net/minecraft/server/v1_14_R1/ILightEngine,,net/minecraft/world/chunk/light/LightingView,net/minecraft/class_3565
cky,net/minecraft/world/lighting/SkyLightEngine,net/minecraft/server/v1_14_R1/LightEngineSky,,net/minecraft/world/chunk/light/ChunkSkyLightProvider,net/minecraft/class_3572
ckz$a,net/minecraft/world/lighting/SkyLightStorage$StorageMap,net/minecraft/server/v1_14_R1/LightEngineStorageSky$a,,net/minecraft/world/chunk/light/SkyLightStorage$Data,net/minecraft/class_3569$class_3570
ckz,net/minecraft/world/lighting/SkyLightStorage,net/minecraft/server/v1_14_R1/LightEngineStorageSky,,net/minecraft/world/chunk/light/SkyLightStorage,net/minecraft/class_3569
cl$a,net/minecraft/command/arguments/EntityArgument$Serializer,net/minecraft/server/v1_14_R1/ArgumentEntity$a,,net/minecraft/command/arguments/EntityArgumentType$Serializer,net/minecraft/class_2186$class_2187
cl,net/minecraft/command/arguments/EntityArgument,net/minecraft/server/v1_14_R1/ArgumentEntity,,net/minecraft/command/arguments/EntityArgumentType,net/minecraft/class_2186
clc,net/minecraft/fluid/EmptyFluid,net/minecraft/server/v1_14_R1/FluidTypeEmpty,,net/minecraft/fluid/EmptyFluid,net/minecraft/class_3576
cld$1,net/minecraft/fluid/FlowingFluid$1,net/minecraft/server/v1_14_R1/FluidTypeFlowing$1,,net/minecraft/fluid/BaseFluid$1,net/minecraft/class_3609$1
cld,net/minecraft/fluid/FlowingFluid,net/minecraft/server/v1_14_R1/FluidTypeFlowing,,net/minecraft/fluid/BaseFluid,net/minecraft/class_3609
cle,net/minecraft/fluid/Fluid,net/minecraft/server/v1_14_R1/FluidType,,net/minecraft/fluid/Fluid,net/minecraft/class_3611
clf,net/minecraft/fluid/IFluidState,net/minecraft/server/v1_14_R1/Fluid,,net/minecraft/fluid/FluidState,net/minecraft/class_3610
clg,net/minecraft/fluid/FluidState,net/minecraft/server/v1_14_R1/FluidImpl,,net/minecraft/fluid/FluidStateImpl,net/minecraft/class_3613
clh,net/minecraft/fluid/Fluids,net/minecraft/server/v1_14_R1/FluidTypes,,net/minecraft/fluid/Fluids,net/minecraft/class_3612
cli$a,net/minecraft/fluid/LavaFluid$Flowing,net/minecraft/server/v1_14_R1/FluidTypeLava$a,,net/minecraft/fluid/LavaFluid$Flowing,net/minecraft/class_3616$class_3617
cli$b,net/minecraft/fluid/LavaFluid$Source,net/minecraft/server/v1_14_R1/FluidTypeLava$b,,net/minecraft/fluid/LavaFluid$Still,net/minecraft/class_3616$class_3618
cli,net/minecraft/fluid/LavaFluid,net/minecraft/server/v1_14_R1/FluidTypeLava,,net/minecraft/fluid/LavaFluid,net/minecraft/class_3616
clj$a,net/minecraft/block/material/Material$Builder,net/minecraft/server/v1_14_R1/Material$a,,net/minecraft/block/Material$Builder,net/minecraft/class_3614$class_3615
clj,net/minecraft/block/material/Material,net/minecraft/server/v1_14_R1/Material,,net/minecraft/block/Material,net/minecraft/class_3614
clk,net/minecraft/block/material/MaterialColor,net/minecraft/server/v1_14_R1/MaterialMapColor,,net/minecraft/block/MaterialColor,net/minecraft/class_3620
cll,net/minecraft/block/material/PushReaction,net/minecraft/server/v1_14_R1/EnumPistonReaction,,net/minecraft/block/piston/PistonBehavior,net/minecraft/class_3619
clm$a,net/minecraft/fluid/WaterFluid$Flowing,net/minecraft/server/v1_14_R1/FluidTypeWater$a,,net/minecraft/fluid/WaterFluid$Flowing,net/minecraft/class_3621$class_3622
clm$b,net/minecraft/fluid/WaterFluid$Source,net/minecraft/server/v1_14_R1/FluidTypeWater$b,,net/minecraft/fluid/WaterFluid$Still,net/minecraft/class_3621$class_3623
clm,net/minecraft/fluid/WaterFluid,net/minecraft/server/v1_14_R1/FluidTypeWater,,net/minecraft/fluid/WaterFluid,net/minecraft/class_3621
clo,net/minecraft/world/gen/area/IArea,net/minecraft/server/v1_14_R1/Area,,net/minecraft/world/biome/layer/LayerSampler,net/minecraft/class_3625
clp,net/minecraft/world/gen/area/IAreaFactory,net/minecraft/server/v1_14_R1/AreaFactory,,net/minecraft/world/biome/layer/LayerFactory,net/minecraft/class_3627
clq,net/minecraft/world/gen/area/LazyArea,net/minecraft/server/v1_14_R1/AreaLazy,,net/minecraft/world/biome/layer/CachingLayerSampler,net/minecraft/class_3626
cls,net/minecraft/world/gen/IExtendedNoiseRandom,net/minecraft/server/v1_14_R1/AreaContextTransformed,,net/minecraft/world/biome/layer/LayerSampleContext,net/minecraft/class_3628
clt,net/minecraft/world/gen/INoiseRandom,net/minecraft/server/v1_14_R1/WorldGenContext,,net/minecraft/world/biome/layer/LayerRandomnessSource,net/minecraft/class_3630
clu,net/minecraft/world/gen/LazyAreaLayerContext,net/minecraft/server/v1_14_R1/WorldGenContextArea,,net/minecraft/world/biome/layer/CachingLayerContext,net/minecraft/class_3631
clw,net/minecraft/world/gen/layer/DeepOceanLayer,net/minecraft/server/v1_14_R1/GenLayerDeepOcean,,net/minecraft/world/biome/layer/AddDeepOceanLayer,net/minecraft/class_3636
clx$a,net/minecraft/world/gen/layer/EdgeLayer$CoolWarm,net/minecraft/server/v1_14_R1/GenLayerSpecial$Special1,,net/minecraft/world/biome/layer/AddClimateLayers$AddTemperateBiomesLayer,net/minecraft/class_3632$class_3926
clx$b,net/minecraft/world/gen/layer/EdgeLayer$HeatIce,net/minecraft/server/v1_14_R1/GenLayerSpecial$Special2,,net/minecraft/world/biome/layer/AddClimateLayers$AddCoolBiomesLayer,net/minecraft/class_3632$class_3927
clx$c,net/minecraft/world/gen/layer/EdgeLayer$Special,net/minecraft/server/v1_14_R1/GenLayerSpecial$Special3,,net/minecraft/world/biome/layer/AddClimateLayers$AddSpecialBiomesLayer,net/minecraft/class_3632$class_3635
clx,net/minecraft/world/gen/layer/EdgeLayer,net/minecraft/server/v1_14_R1/GenLayerSpecial,,net/minecraft/world/biome/layer/AddClimateLayers,net/minecraft/class_3632
cly,net/minecraft/world/gen/layer/AddIslandLayer,net/minecraft/server/v1_14_R1/GenLayerIsland,,net/minecraft/world/biome/layer/IncreaseEdgeCurvatureLayer,net/minecraft/class_3638
clz,net/minecraft/world/gen/layer/AddMushroomIslandLayer,net/minecraft/server/v1_14_R1/GenLayerMushroomIsland,,net/minecraft/world/biome/layer/AddMushroomIslandLayer,net/minecraft/class_3637
cm,net/minecraft/command/arguments/EntitySummonArgument,net/minecraft/server/v1_14_R1/ArgumentEntitySummon,,net/minecraft/command/arguments/EntitySummonArgumentType,net/minecraft/class_2188
cma,net/minecraft/world/gen/layer/AddSnowLayer,net/minecraft/server/v1_14_R1/GenLayerTopSoil,,net/minecraft/world/biome/layer/AddColdClimatesLayer,net/minecraft/class_3639
cmb,net/minecraft/world/gen/layer/EdgeBiomeLayer,net/minecraft/server/v1_14_R1/GenLayerDesert,,net/minecraft/world/biome/layer/EaseBiomeEdgeLayer,net/minecraft/class_3641
cmc,net/minecraft/world/gen/layer/BiomeLayer,net/minecraft/server/v1_14_R1/GenLayerBiome,,net/minecraft/world/biome/layer/SetBaseBiomesLayer,net/minecraft/class_3640
cmd,net/minecraft/world/gen/layer/IslandLayer,net/minecraft/server/v1_14_R1/LayerIsland,,net/minecraft/world/biome/layer/ContinentLayer,net/minecraft/class_3643
cme,net/minecraft/world/gen/layer/Layer,net/minecraft/server/v1_14_R1/GenLayer,,net/minecraft/world/biome/layer/BiomeLayerSampler,net/minecraft/class_3642
cmf,net/minecraft/world/gen/layer/LayerUtil,net/minecraft/server/v1_14_R1/GenLayers,,net/minecraft/world/biome/layer/BiomeLayers,net/minecraft/class_3645
cmg,net/minecraft/world/gen/layer/OceanLayer,net/minecraft/server/v1_14_R1/GenLayerOceanEdge,,net/minecraft/world/biome/layer/OceanTemperatureLayer,net/minecraft/class_3644
cmh,net/minecraft/world/gen/layer/MixOceansLayer,net/minecraft/server/v1_14_R1/GenLayerOcean,,net/minecraft/world/biome/layer/ApplyOceanTemperatureLayer,net/minecraft/class_3647
cmi,net/minecraft/world/gen/layer/AddBambooForestLayer,net/minecraft/server/v1_14_R1/GenLayerJungle,,net/minecraft/world/biome/layer/AddBambooJungleLayer,net/minecraft/class_3646
cmj,net/minecraft/world/gen/layer/RareBiomeLayer,net/minecraft/server/v1_14_R1/GenLayerPlains,,net/minecraft/world/biome/layer/AddSunflowerPlainsLayer,net/minecraft/class_3649
cmk,net/minecraft/world/gen/layer/HillsLayer,net/minecraft/server/v1_14_R1/GenLayerRegionHills,,net/minecraft/world/biome/layer/AddHillsLayer,net/minecraft/class_3648
cml,net/minecraft/world/gen/layer/RemoveTooMuchOceanLayer,net/minecraft/server/v1_14_R1/GenLayerIcePlains,,net/minecraft/world/biome/layer/AddIslandLayer,net/minecraft/class_3651
cmm,net/minecraft/world/gen/layer/StartRiverLayer,net/minecraft/server/v1_14_R1/GenLayerCleaner,,net/minecraft/world/biome/layer/SimpleLandNoiseLayer,net/minecraft/class_3650
cmn,net/minecraft/world/gen/layer/RiverLayer,net/minecraft/server/v1_14_R1/GenLayerRiver,,net/minecraft/world/biome/layer/NoiseToRiverLayer,net/minecraft/class_3653
cmo,net/minecraft/world/gen/layer/MixRiverLayer,net/minecraft/server/v1_14_R1/GenLayerRiverMix,,net/minecraft/world/biome/layer/AddRiversLayer,net/minecraft/class_3652
cmp,net/minecraft/world/gen/layer/ShoreLayer,net/minecraft/server/v1_14_R1/GenLayerMushroomShore,,net/minecraft/world/biome/layer/AddEdgeBiomesLayer,net/minecraft/class_3655
cmq,net/minecraft/world/gen/layer/SmoothLayer,net/minecraft/server/v1_14_R1/GenLayerSmooth,,net/minecraft/world/biome/layer/SmoothenShorelineLayer,net/minecraft/class_3654
cmr,net/minecraft/world/gen/layer/VoroniZoomLayer,net/minecraft/server/v1_14_R1/GenLayerZoomVoronoi,,net/minecraft/world/biome/layer/CellScaleLayer,net/minecraft/class_3657
cms$1,net/minecraft/world/gen/layer/ZoomLayer$1,net/minecraft/server/v1_14_R1/GenLayerZoom$1,,net/minecraft/world/biome/layer/ScaleLayer$1,net/minecraft/class_3656$1
cms,net/minecraft/world/gen/layer/ZoomLayer,net/minecraft/server/v1_14_R1/GenLayerZoom,,net/minecraft/world/biome/layer/ScaleLayer,net/minecraft/class_3656
cmu,net/minecraft/world/gen/layer/traits/IAreaTransformer0,net/minecraft/server/v1_14_R1/AreaTransformer1,,net/minecraft/world/biome/layer/InitLayer,net/minecraft/class_3658
cmv,net/minecraft/world/gen/layer/traits/IAreaTransformer1,net/minecraft/server/v1_14_R1/AreaTransformer2,,net/minecraft/world/biome/layer/ParentedLayer,net/minecraft/class_3660
cmw,net/minecraft/world/gen/layer/traits/IAreaTransformer2,net/minecraft/server/v1_14_R1/AreaTransformer3,,net/minecraft/world/biome/layer/MergingLayer,net/minecraft/class_3659
cmx,net/minecraft/world/gen/layer/traits/IBishopTransformer,net/minecraft/server/v1_14_R1/AreaTransformer4,,net/minecraft/world/biome/layer/DiagonalCrossSamplingLayer,net/minecraft/class_3662
cmy,net/minecraft/world/gen/layer/traits/IC0Transformer,net/minecraft/server/v1_14_R1/AreaTransformer5,,net/minecraft/world/biome/layer/IdentitySamplingLayer,net/minecraft/class_3661
cmz,net/minecraft/world/gen/layer/traits/IC1Transformer,net/minecraft/server/v1_14_R1/AreaTransformer6,,net/minecraft/world/biome/layer/SouthEastSamplingLayer,net/minecraft/class_3664
cn$a,net/minecraft/command/arguments/GameProfileArgument$IProfileProvider,net/minecraft/server/v1_14_R1/ArgumentProfile$a,,net/minecraft/command/arguments/GameProfileArgumentType$GameProfileArgument,net/minecraft/class_2191$class_2192
cn$b,net/minecraft/command/arguments/GameProfileArgument$ProfileProvider,net/minecraft/server/v1_14_R1/ArgumentProfile$b,,net/minecraft/command/arguments/GameProfileArgumentType$class_2193,net/minecraft/class_2191$class_2193
cn,net/minecraft/command/arguments/GameProfileArgument,net/minecraft/server/v1_14_R1/ArgumentProfile,,net/minecraft/command/arguments/GameProfileArgumentType,net/minecraft/class_2191
cna,net/minecraft/world/gen/layer/traits/ICastleTransformer,net/minecraft/server/v1_14_R1/AreaTransformer7,,net/minecraft/world/biome/layer/CrossSamplingLayer,net/minecraft/class_3663
cnb,net/minecraft/world/gen/layer/traits/IDimOffset0Transformer,net/minecraft/server/v1_14_R1/AreaTransformerIdentity,,net/minecraft/world/biome/layer/IdentityCoordinateTransformer,net/minecraft/class_3740
cnc,net/minecraft/world/gen/layer/traits/IDimOffset1Transformer,net/minecraft/server/v1_14_R1/AreaTransformerOffset1,,net/minecraft/world/biome/layer/NorthWestCoordinateTransformer,net/minecraft/class_3739
cnd,net/minecraft/world/gen/layer/traits/IDimTransformer,net/minecraft/server/v1_14_R1/AreaTransformer,,net/minecraft/world/biome/layer/CoordinateTransformer,net/minecraft/class_3741
cne,net/minecraft/world/gen/layer/traits/IPixelTransformer,net/minecraft/server/v1_14_R1/AreaTransformer8,,net/minecraft/world/biome/layer/LayerOperator,net/minecraft/class_4
cnh,net/minecraft/pathfinding/PathHeap,net/minecraft/server/v1_14_R1/Path,,net/minecraft/entity/ai/pathing/PathMinHeap,net/minecraft/class_5
cni,net/minecraft/pathfinding/PathNodeType,net/minecraft/server/v1_14_R1/PathType,,net/minecraft/entity/ai/pathing/PathNodeType,net/minecraft/class_7
cnj,net/minecraft/pathfinding/FlyingNodeProcessor,net/minecraft/server/v1_14_R1/PathfinderFlying,,net/minecraft/entity/ai/pathing/BirdPathNodeMaker,net/minecraft/class_6
cnk,net/minecraft/pathfinding/PathPoint,net/minecraft/server/v1_14_R1/PathPoint,,net/minecraft/entity/ai/pathing/PathNode,net/minecraft/class_9
cnl,net/minecraft/pathfinding/NodeProcessor,net/minecraft/server/v1_14_R1/PathfinderAbstract,,net/minecraft/entity/ai/pathing/PathNodeMaker,net/minecraft/class_8
cnm,net/minecraft/pathfinding/Path,net/minecraft/server/v1_14_R1/PathEntity,,net/minecraft/entity/ai/pathing/Path,net/minecraft/class_11
cnn,net/minecraft/pathfinding/PathType,net/minecraft/server/v1_14_R1/PathMode,,net/minecraft/block/BlockPlacementEnvironment,net/minecraft/class_10
cno,net/minecraft/pathfinding/PathFinder,net/minecraft/server/v1_14_R1/Pathfinder,,net/minecraft/entity/ai/pathing/PathNodeNavigator,net/minecraft/class_13
cnp,net/minecraft/pathfinding/SwimNodeProcessor,net/minecraft/server/v1_14_R1/PathfinderWater,,net/minecraft/entity/ai/pathing/WaterPathNodeMaker,net/minecraft/class_12
cnq,net/minecraft/pathfinding/WalkAndSwimNodeProcessor,net/minecraft/server/v1_14_R1/PathfinderTurtle,,net/minecraft/entity/ai/pathing/AmphibiousPathNodeMaker,net/minecraft/class_15
cnr,net/minecraft/pathfinding/WalkNodeProcessor,net/minecraft/server/v1_14_R1/PathfinderNormal,,net/minecraft/entity/ai/pathing/LandPathNodeMaker,net/minecraft/class_14
cnv,net/minecraft/world/storage/WorldSavedDataCallableSave,net/minecraft/server/v1_14_R1/RunnableSaveScoreboard,,net/minecraft/scoreboard/ScoreboardSynchronizer,net/minecraft/class_16
cnw,net/minecraft/world/storage/WorldSavedData,net/minecraft/server/v1_14_R1/PersistentBase,,net/minecraft/world/PersistentState,net/minecraft/class_18
cnx,net/minecraft/world/storage/MapBanner,net/minecraft/server/v1_14_R1/MapIconBanner,,net/minecraft/item/map/MapBannerMarker,net/minecraft/class_17
cny$a,net/minecraft/world/storage/MapDecoration$Type,net/minecraft/server/v1_14_R1/MapIcon$Type,,net/minecraft/item/map/MapIcon$Type,net/minecraft/class_20$class_21
cny,net/minecraft/world/storage/MapDecoration,net/minecraft/server/v1_14_R1/MapIcon,,net/minecraft/item/map/MapIcon,net/minecraft/class_20
cnz,net/minecraft/world/storage/MapFrame,net/minecraft/server/v1_14_R1/WorldMapFrame,,net/minecraft/item/map/MapFrameMarker,net/minecraft/class_19
co,net/minecraft/command/arguments/EnchantmentArgument,net/minecraft/server/v1_14_R1/ArgumentEnchantment,,net/minecraft/command/arguments/ItemEnchantmentArgumentType,net/minecraft/class_2194
coa,net/minecraft/world/storage/MapIdTracker,net/minecraft/server/v1_14_R1/PersistentIdCounts,,net/minecraft/world/IdCountsState,net/minecraft/class_3978
cob$a,net/minecraft/world/storage/MapData$MapInfo,net/minecraft/server/v1_14_R1/WorldMap$WorldMapHumanTracker,,net/minecraft/item/map/MapState$PlayerUpdateTracker,net/minecraft/class_22$class_23
cob,net/minecraft/world/storage/MapData,net/minecraft/server/v1_14_R1/WorldMap,,net/minecraft/item/map/MapState,net/minecraft/class_22
coe,net/minecraft/world/storage/DerivedWorldInfo,net/minecraft/server/v1_14_R1/SecondaryWorldData,,net/minecraft/world/level/UnmodifiableLevelProperties,net/minecraft/class_27
cof,net/minecraft/world/storage/DimensionSavedDataManager,net/minecraft/server/v1_14_R1/WorldPersistentData,,net/minecraft/world/PersistentStateManager,net/minecraft/class_26
cog,net/minecraft/world/storage/WorldInfo,net/minecraft/server/v1_14_R1/WorldData,,net/minecraft/world/level/LevelProperties,net/minecraft/class_31
coh,net/minecraft/world/storage/SaveHandler,net/minecraft/server/v1_14_R1/WorldNBTStorage,,net/minecraft/world/WorldSaveHandler,net/minecraft/class_29
coj,net/minecraft/world/storage/SaveFormat,net/minecraft/server/v1_14_R1/Convertable,,net/minecraft/world/level/storage/LevelStorage,net/minecraft/class_32
col,net/minecraft/world/storage/AnvilSaveConverter,net/minecraft/server/v1_14_R1/WorldUpgraderIterator,,net/minecraft/world/level/storage/AnvilLevelStorage,net/minecraft/class_24
com,net/minecraft/world/storage/IPlayerFileData,net/minecraft/server/v1_14_R1/IPlayerFileData,,net/minecraft/world/PlayerSaveHandler,net/minecraft/class_35
coo$a,net/minecraft/world/storage/loot/BinomialRange$Serializer,net/minecraft/server/v1_14_R1/LootValueBinomial$a,,net/minecraft/world/loot/BinomialLootTableRange$Serializer,net/minecraft/class_40$class_41
coo,net/minecraft/world/storage/loot/BinomialRange,net/minecraft/server/v1_14_R1/LootValueBinomial,,net/minecraft/world/loot/BinomialLootTableRange,net/minecraft/class_40
cop,net/minecraft/world/storage/loot/LootTables,net/minecraft/server/v1_14_R1/LootTables,,net/minecraft/world/loot/LootTables,net/minecraft/class_39
coq$a,net/minecraft/world/storage/loot/ConstantRange$Serializer,net/minecraft/server/v1_14_R1/LootValueConstant$a,,net/minecraft/world/loot/ConstantLootTableRange$Serializer,net/minecraft/class_44$class_45
coq,net/minecraft/world/storage/loot/ConstantRange,net/minecraft/server/v1_14_R1/LootValueConstant,,net/minecraft/world/loot/ConstantLootTableRange,net/minecraft/class_44
cor$a,net/minecraft/world/storage/loot/IntClamper$Serializer,net/minecraft/server/v1_14_R1/LootIntegerLimit$a,,net/minecraft/util/BoundedIntUnaryOperator$Serializer,net/minecraft/class_42$class_43
cor,net/minecraft/world/storage/loot/IntClamper,net/minecraft/server/v1_14_R1/LootIntegerLimit,,net/minecraft/util/BoundedIntUnaryOperator,net/minecraft/class_42
cos$a,net/minecraft/world/storage/loot/LootContext$Builder,net/minecraft/server/v1_14_R1/LootTableInfo$Builder,,net/minecraft/world/loot/context/LootContext$Builder,net/minecraft/class_47$class_48
cos$b,net/minecraft/world/storage/loot/LootContext$IDynamicDropProvider,net/minecraft/server/v1_14_R1/LootTableInfo$b,,net/minecraft/world/loot/context/LootContext$Dropper,net/minecraft/class_47$class_49
cos$c$a,net/minecraft/world/storage/loot/LootContext$EntityTarget$Serializer,net/minecraft/server/v1_14_R1/LootTableInfo$EntityTarget$a,,net/minecraft/world/loot/context/LootContext$EntityTarget$Serializer,net/minecraft/class_47$class_50$class_51
cos$c,net/minecraft/world/storage/loot/LootContext$EntityTarget,net/minecraft/server/v1_14_R1/LootTableInfo$EntityTarget,,net/minecraft/world/loot/context/LootContext$EntityTarget,net/minecraft/class_47$class_50
cos,net/minecraft/world/storage/loot/LootContext,net/minecraft/server/v1_14_R1/LootTableInfo,,net/minecraft/world/loot/context/LootContext,net/minecraft/class_47
cot,net/minecraft/world/storage/loot/IParameterized,net/minecraft/server/v1_14_R1/LootItemUser,,net/minecraft/world/loot/context/ParameterConsumer,net/minecraft/class_46
cou$a,net/minecraft/world/storage/loot/LootPool$Builder,net/minecraft/server/v1_14_R1/LootSelector$a,,net/minecraft/world/loot/LootPool$Builder,net/minecraft/class_55$class_56
cou$b,net/minecraft/world/storage/loot/LootPool$Serializer,net/minecraft/server/v1_14_R1/LootSelector$b,,net/minecraft/world/loot/LootPool$Serializer,net/minecraft/class_55$class_57
cou,net/minecraft/world/storage/loot/LootPool,net/minecraft/server/v1_14_R1/LootSelector,,net/minecraft/world/loot/LootPool,net/minecraft/class_55
cov$a,net/minecraft/world/storage/loot/LootTable$Builder,net/minecraft/server/v1_14_R1/LootTable$a,,net/minecraft/world/loot/LootSupplier$Builder,net/minecraft/class_52$class_53
cov$b,net/minecraft/world/storage/loot/LootTable$Serializer,net/minecraft/server/v1_14_R1/LootTable$b,,net/minecraft/world/loot/LootSupplier$Serializer,net/minecraft/class_52$class_54
cov,net/minecraft/world/storage/loot/LootTable,net/minecraft/server/v1_14_R1/LootTable,,net/minecraft/world/loot/LootSupplier,net/minecraft/class_52
cow,net/minecraft/world/storage/loot/ValidationResults,net/minecraft/server/v1_14_R1/LootCollector,,net/minecraft/world/loot/LootTableReporter,net/minecraft/class_58
cox,net/minecraft/world/storage/loot/LootTableManager,net/minecraft/server/v1_14_R1/LootTableRegistry,,net/minecraft/world/loot/LootManager,net/minecraft/class_60
coy,net/minecraft/world/storage/loot/IRandomRange,net/minecraft/server/v1_14_R1/LootValue,,net/minecraft/world/loot/LootTableRange,net/minecraft/class_59
coz,net/minecraft/world/storage/loot/RandomRanges,net/minecraft/server/v1_14_R1/LootValueGenerators,,net/minecraft/world/loot/LootTableRanges,net/minecraft/class_63
cp$a,net/minecraft/command/arguments/MessageArgument$Message,net/minecraft/server/v1_14_R1/ArgumentChat$a,,net/minecraft/command/arguments/MessageArgumentType$MessageFormat,net/minecraft/class_2196$class_2197
cp$b,net/minecraft/command/arguments/MessageArgument$Part,net/minecraft/server/v1_14_R1/ArgumentChat$b,,net/minecraft/command/arguments/MessageArgumentType$MessageSelector,net/minecraft/class_2196$class_2198
cp,net/minecraft/command/arguments/MessageArgument,net/minecraft/server/v1_14_R1/ArgumentChat,,net/minecraft/command/arguments/MessageArgumentType,net/minecraft/class_2196
cpa$a,net/minecraft/world/storage/loot/RandomValueRange$Serializer,net/minecraft/server/v1_14_R1/LootValueBounds$a,,net/minecraft/world/loot/UniformLootTableRange$Serializer,net/minecraft/class_61$class_62
cpa,net/minecraft/world/storage/loot/RandomValueRange,net/minecraft/server/v1_14_R1/LootValueBounds,,net/minecraft/world/loot/UniformLootTableRange,net/minecraft/class_61
cpb$a,net/minecraft/world/storage/loot/AlternativesLootEntry$Builder,net/minecraft/server/v1_14_R1/LootEntryAlternatives$a,,net/minecraft/world/loot/entry/AlternativeEntry$Builder,net/minecraft/class_65$class_66
cpb,net/minecraft/world/storage/loot/AlternativesLootEntry,net/minecraft/server/v1_14_R1/LootEntryAlternatives,,net/minecraft/world/loot/entry/AlternativeEntry,net/minecraft/class_65
cpc,net/minecraft/world/storage/loot/ILootEntry,net/minecraft/server/v1_14_R1/LootEntryChildren,,net/minecraft/world/loot/entry/EntryCombiner,net/minecraft/class_64
cpd$1,net/minecraft/world/storage/loot/ParentedLootEntry$1,net/minecraft/server/v1_14_R1/LootEntryChildrenAbstract$1,,net/minecraft/world/loot/entry/CombinedEntry$1,net/minecraft/class_69$1
cpd$a,net/minecraft/world/storage/loot/ParentedLootEntry$IFactory,net/minecraft/server/v1_14_R1/LootEntryChildrenAbstract$a,,net/minecraft/world/loot/entry/CombinedEntry$Factory,net/minecraft/class_69$class_70
cpd$b,net/minecraft/world/storage/loot/ParentedLootEntry$AbstractSerializer,net/minecraft/server/v1_14_R1/LootEntryChildrenAbstract$b,,net/minecraft/world/loot/entry/CombinedEntry$Serializer,net/minecraft/class_69$class_71
cpd,net/minecraft/world/storage/loot/ParentedLootEntry,net/minecraft/server/v1_14_R1/LootEntryChildrenAbstract,,net/minecraft/world/loot/entry/CombinedEntry,net/minecraft/class_69
cpe$a,net/minecraft/world/storage/loot/DynamicLootEntry$Serializer,net/minecraft/server/v1_14_R1/LootSelectorDynamic$a,,net/minecraft/world/loot/entry/DynamicEntry$Serializer,net/minecraft/class_67$class_68
cpe,net/minecraft/world/storage/loot/DynamicLootEntry,net/minecraft/server/v1_14_R1/LootSelectorDynamic,,net/minecraft/world/loot/entry/DynamicEntry,net/minecraft/class_67
cpf$a,net/minecraft/world/storage/loot/EmptyLootEntry$Serializer,net/minecraft/server/v1_14_R1/LootSelectorEmpty$a,,net/minecraft/world/loot/entry/EmptyEntry$Serializer,net/minecraft/class_73$class_74
cpf,net/minecraft/world/storage/loot/EmptyLootEntry,net/minecraft/server/v1_14_R1/LootSelectorEmpty,,net/minecraft/world/loot/entry/EmptyEntry,net/minecraft/class_73
cpg,net/minecraft/world/storage/loot/GroupLootEntry,net/minecraft/server/v1_14_R1/LootEntryGroup,,net/minecraft/world/loot/entry/GroupEntry,net/minecraft/class_72
cph$a,net/minecraft/world/storage/loot/ItemLootEntry$Serializer,net/minecraft/server/v1_14_R1/LootItem$a,,net/minecraft/world/loot/entry/ItemEntry$Serializer,net/minecraft/class_77$class_78
cph,net/minecraft/world/storage/loot/ItemLootEntry,net/minecraft/server/v1_14_R1/LootItem,,net/minecraft/world/loot/entry/ItemEntry,net/minecraft/class_77
cpi$a,net/minecraft/world/storage/loot/LootEntryManager$Serializer,net/minecraft/server/v1_14_R1/LootEntries$a,,net/minecraft/world/loot/entry/LootEntries$Serializer,net/minecraft/class_75$class_76
cpi,net/minecraft/world/storage/loot/LootEntryManager,net/minecraft/server/v1_14_R1/LootEntries,,net/minecraft/world/loot/entry/LootEntries,net/minecraft/class_75
cpj,net/minecraft/world/storage/loot/ILootGenerator,net/minecraft/server/v1_14_R1/LootEntry,,net/minecraft/world/loot/LootChoice,net/minecraft/class_82
cpk$a,net/minecraft/world/storage/loot/LootEntry$Builder,net/minecraft/server/v1_14_R1/LootEntryAbstract$a,,net/minecraft/world/loot/entry/LootEntry$Builder,net/minecraft/class_79$class_80
cpk$b,net/minecraft/world/storage/loot/LootEntry$Serializer,net/minecraft/server/v1_14_R1/LootEntryAbstract$b,,net/minecraft/world/loot/entry/LootEntry$Serializer,net/minecraft/class_79$class_81
cpk,net/minecraft/world/storage/loot/LootEntry,net/minecraft/server/v1_14_R1/LootEntryAbstract,,net/minecraft/world/loot/entry/LootEntry,net/minecraft/class_79
cpl$1,net/minecraft/world/storage/loot/StandaloneLootEntry$1,net/minecraft/server/v1_14_R1/LootSelectorEntry$1,,net/minecraft/world/loot/entry/LeafEntry$1,net/minecraft/class_85$1
cpl$a,net/minecraft/world/storage/loot/StandaloneLootEntry$Builder,net/minecraft/server/v1_14_R1/LootSelectorEntry$a,,net/minecraft/world/loot/entry/LeafEntry$Builder,net/minecraft/class_85$class_86
cpl$b,net/minecraft/world/storage/loot/StandaloneLootEntry$BuilderImpl,net/minecraft/server/v1_14_R1/LootSelectorEntry$b,,net/minecraft/world/loot/entry/LeafEntry$BasicBuilder,net/minecraft/class_85$class_87
cpl$c,net/minecraft/world/storage/loot/StandaloneLootEntry$Generator,net/minecraft/server/v1_14_R1/LootSelectorEntry$c,,net/minecraft/world/loot/entry/LeafEntry$Choice,net/minecraft/class_85$class_88
cpl$d,net/minecraft/world/storage/loot/StandaloneLootEntry$ILootEntryBuilder,net/minecraft/server/v1_14_R1/LootSelectorEntry$d,,net/minecraft/world/loot/entry/LeafEntry$Factory,net/minecraft/class_85$class_89
cpl$e,net/minecraft/world/storage/loot/StandaloneLootEntry$Serializer,net/minecraft/server/v1_14_R1/LootSelectorEntry$e,,net/minecraft/world/loot/entry/LeafEntry$Serializer,net/minecraft/class_85$class_90
cpl,net/minecraft/world/storage/loot/StandaloneLootEntry,net/minecraft/server/v1_14_R1/LootSelectorEntry,,net/minecraft/world/loot/entry/LeafEntry,net/minecraft/class_85
cpm$a,net/minecraft/world/storage/loot/TableLootEntry$Serializer,net/minecraft/server/v1_14_R1/LootSelectorLootTable$a,,net/minecraft/world/loot/entry/LootTableEntry$Serializer,net/minecraft/class_83$class_84
cpm,net/minecraft/world/storage/loot/TableLootEntry,net/minecraft/server/v1_14_R1/LootSelectorLootTable,,net/minecraft/world/loot/entry/LootTableEntry,net/minecraft/class_83
cpn,net/minecraft/world/storage/loot/SequenceLootEntry,net/minecraft/server/v1_14_R1/LootEntrySequence,,net/minecraft/world/loot/entry/SequenceEntry,net/minecraft/class_93
cpo$1,net/minecraft/world/storage/loot/TagLootEntry$1,net/minecraft/server/v1_14_R1/LootSelectorTag$1,,net/minecraft/world/loot/entry/TagEntry$1,net/minecraft/class_91$1
cpo$a,net/minecraft/world/storage/loot/TagLootEntry$Serializer,net/minecraft/server/v1_14_R1/LootSelectorTag$a,,net/minecraft/world/loot/entry/TagEntry$Serializer,net/minecraft/class_91$class_92
cpo,net/minecraft/world/storage/loot/TagLootEntry,net/minecraft/server/v1_14_R1/LootSelectorTag,,net/minecraft/world/loot/entry/TagEntry,net/minecraft/class_91
cpq$a,net/minecraft/world/storage/loot/functions/ApplyBonus$BinomialWithBonusCountFormula,net/minecraft/server/v1_14_R1/LootItemFunctionApplyBonus$a,,net/minecraft/world/loot/function/ApplyBonusLootFunction$BinomialWithBonusCount,net/minecraft/class_94$class_95
cpq$b,net/minecraft/world/storage/loot/functions/ApplyBonus$IFormula,net/minecraft/server/v1_14_R1/LootItemFunctionApplyBonus$b,,net/minecraft/world/loot/function/ApplyBonusLootFunction$Formula,net/minecraft/class_94$class_96
cpq$c,net/minecraft/world/storage/loot/functions/ApplyBonus$IFormulaDeserializer,net/minecraft/server/v1_14_R1/LootItemFunctionApplyBonus$c,,net/minecraft/world/loot/function/ApplyBonusLootFunction$FormulaFactory,net/minecraft/class_94$class_97
cpq$d,net/minecraft/world/storage/loot/functions/ApplyBonus$OreDropsFormula,net/minecraft/server/v1_14_R1/LootItemFunctionApplyBonus$d,,net/minecraft/world/loot/function/ApplyBonusLootFunction$OreDrops,net/minecraft/class_94$class_98
cpq$e,net/minecraft/world/storage/loot/functions/ApplyBonus$Serializer,net/minecraft/server/v1_14_R1/LootItemFunctionApplyBonus$e,,net/minecraft/world/loot/function/ApplyBonusLootFunction$Factory,net/minecraft/class_94$class_99
cpq$f,net/minecraft/world/storage/loot/functions/ApplyBonus$UniformBonusCountFormula,net/minecraft/server/v1_14_R1/LootItemFunctionApplyBonus$f,,net/minecraft/world/loot/function/ApplyBonusLootFunction$UniformBonusCount,net/minecraft/class_94$class_100
cpq,net/minecraft/world/storage/loot/functions/ApplyBonus,net/minecraft/server/v1_14_R1/LootItemFunctionApplyBonus,,net/minecraft/world/loot/function/ApplyBonusLootFunction,net/minecraft/class_94
cpr$a,net/minecraft/world/storage/loot/functions/ExplosionDecay$Serializer,net/minecraft/server/v1_14_R1/LootItemFunctionExplosionDecay$a,,net/minecraft/world/loot/function/ExplosionDecayLootFunction$Factory,net/minecraft/class_104$class_105
cpr,net/minecraft/world/storage/loot/functions/ExplosionDecay,net/minecraft/server/v1_14_R1/LootItemFunctionExplosionDecay,,net/minecraft/world/loot/function/ExplosionDecayLootFunction,net/minecraft/class_104
cps$a,net/minecraft/world/storage/loot/functions/CopyName$Source,net/minecraft/server/v1_14_R1/LootItemFunctionCopyName$Source,,net/minecraft/world/loot/function/CopyNameLootFunction$Source,net/minecraft/class_101$class_102
cps$b,net/minecraft/world/storage/loot/functions/CopyName$Serializer,net/minecraft/server/v1_14_R1/LootItemFunctionCopyName$b,,net/minecraft/world/loot/function/CopyNameLootFunction$Factory,net/minecraft/class_101$class_103
cps,net/minecraft/world/storage/loot/functions/CopyName,net/minecraft/server/v1_14_R1/LootItemFunctionCopyName,,net/minecraft/world/loot/function/CopyNameLootFunction,net/minecraft/class_101
cpt$a,net/minecraft/world/storage/loot/functions/CopyNbt$Builder,net/minecraft/server/v1_14_R1/LootItemFunctionCopyNBT$a,,net/minecraft/world/loot/function/CopyNbtLootFunction$Builder,net/minecraft/class_3837$class_3838
cpt$b,net/minecraft/world/storage/loot/functions/CopyNbt$Operation,net/minecraft/server/v1_14_R1/LootItemFunctionCopyNBT$b,,net/minecraft/world/loot/function/CopyNbtLootFunction$Operation,net/minecraft/class_3837$class_3839
cpt$c,net/minecraft/world/storage/loot/functions/CopyNbt$Source,net/minecraft/server/v1_14_R1/LootItemFunctionCopyNBT$Source,,net/minecraft/world/loot/function/CopyNbtLootFunction$Source,net/minecraft/class_3837$class_3840
cpt$d$1,net/minecraft/world/storage/loot/functions/CopyNbt$Action$1,net/minecraft/server/v1_14_R1/LootItemFunctionCopyNBT$Action$1,,net/minecraft/world/loot/function/CopyNbtLootFunction$Operator$1,net/minecraft/class_3837$class_3841$1
cpt$d$2,net/minecraft/world/storage/loot/functions/CopyNbt$Action$2,net/minecraft/server/v1_14_R1/LootItemFunctionCopyNBT$Action$2,,net/minecraft/world/loot/function/CopyNbtLootFunction$Operator$2,net/minecraft/class_3837$class_3841$2
cpt$d$3,net/minecraft/world/storage/loot/functions/CopyNbt$Action$3,net/minecraft/server/v1_14_R1/LootItemFunctionCopyNBT$Action$3,,net/minecraft/world/loot/function/CopyNbtLootFunction$Operator$3,net/minecraft/class_3837$class_3841$3
cpt$d,net/minecraft/world/storage/loot/functions/CopyNbt$Action,net/minecraft/server/v1_14_R1/LootItemFunctionCopyNBT$Action,,net/minecraft/world/loot/function/CopyNbtLootFunction$Operator,net/minecraft/class_3837$class_3841
cpt$e,net/minecraft/world/storage/loot/functions/CopyNbt$Serializer,net/minecraft/server/v1_14_R1/LootItemFunctionCopyNBT$e,,net/minecraft/world/loot/function/CopyNbtLootFunction$Factory,net/minecraft/class_3837$class_3842
cpt,net/minecraft/world/storage/loot/functions/CopyNbt,net/minecraft/server/v1_14_R1/LootItemFunctionCopyNBT,,net/minecraft/world/loot/function/CopyNbtLootFunction,net/minecraft/class_3837
cpu$b,net/minecraft/world/storage/loot/functions/EnchantRandomly$Serializer,net/minecraft/server/v1_14_R1/LootItemFunctionEnchant$b,,net/minecraft/world/loot/function/EnchantRandomlyLootFunction$Factory,net/minecraft/class_109$class_110
cpu,net/minecraft/world/storage/loot/functions/EnchantRandomly,net/minecraft/server/v1_14_R1/LootItemFunctionEnchant,,net/minecraft/world/loot/function/EnchantRandomlyLootFunction,net/minecraft/class_109
cpv$a,net/minecraft/world/storage/loot/functions/EnchantWithLevels$Builder,net/minecraft/server/v1_14_R1/LootEnchantLevel$a,,net/minecraft/world/loot/function/EnchantWithLevelsLootFunction$Builder,net/minecraft/class_106$class_107
cpv$b,net/minecraft/world/storage/loot/functions/EnchantWithLevels$Serializer,net/minecraft/server/v1_14_R1/LootEnchantLevel$b,,net/minecraft/world/loot/function/EnchantWithLevelsLootFunction$Factory,net/minecraft/class_106$class_108
cpv,net/minecraft/world/storage/loot/functions/EnchantWithLevels,net/minecraft/server/v1_14_R1/LootEnchantLevel,,net/minecraft/world/loot/function/EnchantWithLevelsLootFunction,net/minecraft/class_106
cpw$a,net/minecraft/world/storage/loot/functions/ExplorationMap$Builder,net/minecraft/server/v1_14_R1/LootItemFunctionExplorationMap$a,,net/minecraft/world/loot/function/ExplorationMapLootFunction$Builder,net/minecraft/class_111$class_112
cpw$b,net/minecraft/world/storage/loot/functions/ExplorationMap$Serializer,net/minecraft/server/v1_14_R1/LootItemFunctionExplorationMap$b,,net/minecraft/world/loot/function/ExplorationMapLootFunction$Factory,net/minecraft/class_111$class_113
cpw,net/minecraft/world/storage/loot/functions/ExplorationMap,net/minecraft/server/v1_14_R1/LootItemFunctionExplorationMap,,net/minecraft/world/loot/function/ExplorationMapLootFunction,net/minecraft/class_111
cpx$a,net/minecraft/world/storage/loot/functions/FillPlayerHead$Serializer,net/minecraft/server/v1_14_R1/LootItemFunctionFillPlayerHead$a,,net/minecraft/world/loot/function/FillPlayerHeadLootFunction$Factory,net/minecraft/class_3668$class_3669
cpx,net/minecraft/world/storage/loot/functions/FillPlayerHead,net/minecraft/server/v1_14_R1/LootItemFunctionFillPlayerHead,,net/minecraft/world/loot/function/FillPlayerHeadLootFunction,net/minecraft/class_3668
cpy,net/minecraft/world/storage/loot/ILootFunctionConsumer,net/minecraft/server/v1_14_R1/LootItemFunctionUser,,net/minecraft/world/loot/FunctionConsumerBuilder,net/minecraft/class_116
cpz$a,net/minecraft/world/storage/loot/functions/LimitCount$Serializer,net/minecraft/server/v1_14_R1/LootItemFunctionLimitCount$a,,net/minecraft/world/loot/function/LimitCountLootFunction$Factory,net/minecraft/class_114$class_115
cpz,net/minecraft/world/storage/loot/functions/LimitCount,net/minecraft/server/v1_14_R1/LootItemFunctionLimitCount,,net/minecraft/world/loot/function/LimitCountLootFunction,net/minecraft/class_114
cq,net/minecraft/command/arguments/PotionArgument,net/minecraft/server/v1_14_R1/ArgumentMobEffect,,net/minecraft/command/arguments/MobEffectArgumentType,net/minecraft/class_2201
cqa$a,net/minecraft/world/storage/loot/LootFunction$Builder,net/minecraft/server/v1_14_R1/LootItemFunctionConditional$a,,net/minecraft/world/loot/function/ConditionalLootFunction$Builder,net/minecraft/class_120$class_121
cqa$b,net/minecraft/world/storage/loot/LootFunction$SimpleBuilder,net/minecraft/server/v1_14_R1/LootItemFunctionConditional$b,,net/minecraft/world/loot/function/ConditionalLootFunction$Joiner,net/minecraft/class_120$class_122
cqa$c,net/minecraft/world/storage/loot/LootFunction$Serializer,net/minecraft/server/v1_14_R1/LootItemFunctionConditional$c,,net/minecraft/world/loot/function/ConditionalLootFunction$Factory,net/minecraft/class_120$class_123
cqa,net/minecraft/world/storage/loot/LootFunction,net/minecraft/server/v1_14_R1/LootItemFunctionConditional,,net/minecraft/world/loot/function/ConditionalLootFunction,net/minecraft/class_120
cqb$a,net/minecraft/world/storage/loot/functions/ILootFunction$IBuilder,net/minecraft/server/v1_14_R1/LootItemFunction$a,,net/minecraft/world/loot/function/LootFunction$Builder,net/minecraft/class_117$class_118
cqb$b,net/minecraft/world/storage/loot/functions/ILootFunction$Serializer,net/minecraft/server/v1_14_R1/LootItemFunction$b,,net/minecraft/world/loot/function/LootFunction$Factory,net/minecraft/class_117$class_119
cqb,net/minecraft/world/storage/loot/functions/ILootFunction,net/minecraft/server/v1_14_R1/LootItemFunction,,net/minecraft/world/loot/function/LootFunction,net/minecraft/class_117
cqc$a,net/minecraft/world/storage/loot/functions/LootFunctionManager$Serializer,net/minecraft/server/v1_14_R1/LootItemFunctions$a,,net/minecraft/world/loot/function/LootFunctions$Factory,net/minecraft/class_131$class_132
cqc,net/minecraft/world/storage/loot/functions/LootFunctionManager,net/minecraft/server/v1_14_R1/LootItemFunctions,,net/minecraft/world/loot/function/LootFunctions,net/minecraft/class_131
cqd$a,net/minecraft/world/storage/loot/functions/LootingEnchantBonus$Builder,net/minecraft/server/v1_14_R1/LootEnchantFunction$a,,net/minecraft/world/loot/function/LootingEnchantLootFunction$Builder,net/minecraft/class_125$class_126
cqd$b,net/minecraft/world/storage/loot/functions/LootingEnchantBonus$Serializer,net/minecraft/server/v1_14_R1/LootEnchantFunction$b,,net/minecraft/world/loot/function/LootingEnchantLootFunction$Factory,net/minecraft/class_125$class_127
cqd,net/minecraft/world/storage/loot/functions/LootingEnchantBonus,net/minecraft/server/v1_14_R1/LootEnchantFunction,,net/minecraft/world/loot/function/LootingEnchantLootFunction,net/minecraft/class_125
cqe$b,net/minecraft/world/storage/loot/functions/SetAttributes$Modifier,net/minecraft/server/v1_14_R1/LootItemFunctionSetAttribute$b,,net/minecraft/world/loot/function/SetAttributesLootFunction$Attribute,net/minecraft/class_137$class_138
cqe$d,net/minecraft/world/storage/loot/functions/SetAttributes$Serializer,net/minecraft/server/v1_14_R1/LootItemFunctionSetAttribute$d,,net/minecraft/world/loot/function/SetAttributesLootFunction$Factory,net/minecraft/class_137$class_139
cqe,net/minecraft/world/storage/loot/functions/SetAttributes,net/minecraft/server/v1_14_R1/LootItemFunctionSetAttribute,,net/minecraft/world/loot/function/SetAttributesLootFunction,net/minecraft/class_137
cqf$a,net/minecraft/world/storage/loot/functions/SetContents$Builder,net/minecraft/server/v1_14_R1/LootItemFunctionSetContents$a,,net/minecraft/world/loot/function/SetContentsLootFunction$Builer,net/minecraft/class_134$class_135
cqf$b,net/minecraft/world/storage/loot/functions/SetContents$Serializer,net/minecraft/server/v1_14_R1/LootItemFunctionSetContents$b,,net/minecraft/world/loot/function/SetContentsLootFunction$Factory,net/minecraft/class_134$class_136
cqf,net/minecraft/world/storage/loot/functions/SetContents,net/minecraft/server/v1_14_R1/LootItemFunctionSetContents,,net/minecraft/world/loot/function/SetContentsLootFunction,net/minecraft/class_134
cqg$a,net/minecraft/world/storage/loot/functions/SetLootTable$Serializer,net/minecraft/server/v1_14_R1/LootItemFunctionSetTable$a,,net/minecraft/world/loot/function/SetLootTableLootFunction$Factory,net/minecraft/class_144$class_145
cqg,net/minecraft/world/storage/loot/functions/SetLootTable,net/minecraft/server/v1_14_R1/LootItemFunctionSetTable,,net/minecraft/world/loot/function/SetLootTableLootFunction,net/minecraft/class_144
cqh$a,net/minecraft/world/storage/loot/functions/SetCount$Serializer,net/minecraft/server/v1_14_R1/LootItemFunctionSetCount$a,,net/minecraft/world/loot/function/SetCountLootFunction$Factory,net/minecraft/class_141$class_142
cqh,net/minecraft/world/storage/loot/functions/SetCount,net/minecraft/server/v1_14_R1/LootItemFunctionSetCount,,net/minecraft/world/loot/function/SetCountLootFunction,net/minecraft/class_141
cqi$a,net/minecraft/world/storage/loot/functions/SetDamage$Serializer,net/minecraft/server/v1_14_R1/LootItemFunctionSetDamage$a,,net/minecraft/world/loot/function/SetDamageLootFunction$Factory,net/minecraft/class_149$class_150
cqi,net/minecraft/world/storage/loot/functions/SetDamage,net/minecraft/server/v1_14_R1/LootItemFunctionSetDamage,,net/minecraft/world/loot/function/SetDamageLootFunction,net/minecraft/class_149
cqj$b,net/minecraft/world/storage/loot/functions/SetLore$Serializer,net/minecraft/server/v1_14_R1/LootItemFunctionSetLore$b,,net/minecraft/world/loot/function/SetLoreLootFunction$Factory,net/minecraft/class_3671$class_3672
cqj,net/minecraft/world/storage/loot/functions/SetLore,net/minecraft/server/v1_14_R1/LootItemFunctionSetLore,,net/minecraft/world/loot/function/SetLoreLootFunction,net/minecraft/class_3671
cqk$a,net/minecraft/world/storage/loot/functions/SetName$Serializer,net/minecraft/server/v1_14_R1/LootItemFunctionSetName$a,,net/minecraft/world/loot/function/SetNameLootFunction$Factory,net/minecraft/class_3670$class_147
cqk,net/minecraft/world/storage/loot/functions/SetName,net/minecraft/server/v1_14_R1/LootItemFunctionSetName,,net/minecraft/world/loot/function/SetNameLootFunction,net/minecraft/class_3670
cql$a,net/minecraft/world/storage/loot/functions/SetNBT$Serializer,net/minecraft/server/v1_14_R1/LootItemFunctionSetTag$a,,net/minecraft/world/loot/function/SetNbtLootFunction$Builder,net/minecraft/class_159$class_160
cql,net/minecraft/world/storage/loot/functions/SetNBT,net/minecraft/server/v1_14_R1/LootItemFunctionSetTag,,net/minecraft/world/loot/function/SetNbtLootFunction,net/minecraft/class_159
cqm$a,net/minecraft/world/storage/loot/functions/SetStewEffect$Builder,net/minecraft/server/v1_14_R1/LootItemFunctionSetStewEffect$a,,net/minecraft/world/loot/function/SetStewEffectLootFunction$Builder,net/minecraft/class_152$class_153
cqm$b,net/minecraft/world/storage/loot/functions/SetStewEffect$Serializer,net/minecraft/server/v1_14_R1/LootItemFunctionSetStewEffect$b,,net/minecraft/world/loot/function/SetStewEffectLootFunction$Factory,net/minecraft/class_152$class_154
cqm,net/minecraft/world/storage/loot/functions/SetStewEffect,net/minecraft/server/v1_14_R1/LootItemFunctionSetStewEffect,,net/minecraft/world/loot/function/SetStewEffectLootFunction,net/minecraft/class_152
cqn$a,net/minecraft/world/storage/loot/functions/Smelt$Serializer,net/minecraft/server/v1_14_R1/LootItemFunctionSmelt$a,,net/minecraft/world/loot/function/FurnaceSmeltLootFunction$Factory,net/minecraft/class_165$class_166
cqn,net/minecraft/world/storage/loot/functions/Smelt,net/minecraft/server/v1_14_R1/LootItemFunctionSmelt,,net/minecraft/world/loot/function/FurnaceSmeltLootFunction,net/minecraft/class_165
cqq,net/minecraft/world/storage/loot/LootParameter,net/minecraft/server/v1_14_R1/LootContextParameter,,net/minecraft/world/loot/context/LootContextParameter,net/minecraft/class_169
cqr$a,net/minecraft/world/storage/loot/LootParameterSet$Builder,net/minecraft/server/v1_14_R1/LootContextParameterSet$a,,net/minecraft/world/loot/context/LootContextType$Builder,net/minecraft/class_176$class_177
cqr,net/minecraft/world/storage/loot/LootParameterSet,net/minecraft/server/v1_14_R1/LootContextParameterSet,,net/minecraft/world/loot/context/LootContextType,net/minecraft/class_176
cqs,net/minecraft/world/storage/loot/LootParameterSets,net/minecraft/server/v1_14_R1/LootContextParameterSets,,net/minecraft/world/loot/context/LootContextTypes,net/minecraft/class_173
cqt,net/minecraft/world/storage/loot/LootParameters,net/minecraft/server/v1_14_R1/LootContextParameters,,net/minecraft/world/loot/context/LootContextParameters,net/minecraft/class_181
cqv$a,net/minecraft/world/storage/loot/conditions/Alternative$Builder,net/minecraft/server/v1_14_R1/LootItemConditionAlternative$a,,net/minecraft/world/loot/condition/AlternativeLootCondition$Builder,net/minecraft/class_186$class_187
cqv$b,net/minecraft/world/storage/loot/conditions/Alternative$Serializer,net/minecraft/server/v1_14_R1/LootItemConditionAlternative$b,,net/minecraft/world/loot/condition/AlternativeLootCondition$Factory,net/minecraft/class_186$class_188
cqv,net/minecraft/world/storage/loot/conditions/Alternative,net/minecraft/server/v1_14_R1/LootItemConditionAlternative,,net/minecraft/world/loot/condition/AlternativeLootCondition,net/minecraft/class_186
cqw$a,net/minecraft/world/storage/loot/conditions/TableBonus$Serializer,net/minecraft/server/v1_14_R1/LootItemConditionTableBonus$a,,net/minecraft/world/loot/condition/TableBonusLootCondition$Factory,net/minecraft/class_182$class_183
cqw,net/minecraft/world/storage/loot/conditions/TableBonus,net/minecraft/server/v1_14_R1/LootItemConditionTableBonus,,net/minecraft/world/loot/condition/TableBonusLootCondition,net/minecraft/class_182
cqx,net/minecraft/world/storage/loot/ILootConditionConsumer,net/minecraft/server/v1_14_R1/LootItemConditionUser,,net/minecraft/world/loot/ConditionConsumerBuilder,net/minecraft/class_192
cqy$a,net/minecraft/world/storage/loot/conditions/DamageSourceProperties$Serializer,net/minecraft/server/v1_14_R1/LootItemConditionDamageSourceProperties$a,,net/minecraft/world/loot/condition/DamageSourcePropertiesLootCondition$Factory,net/minecraft/class_190$class_191
cqy,net/minecraft/world/storage/loot/conditions/DamageSourceProperties,net/minecraft/server/v1_14_R1/LootItemConditionDamageSourceProperties,,net/minecraft/world/loot/condition/DamageSourcePropertiesLootCondition,net/minecraft/class_190
cqz$b,net/minecraft/world/storage/loot/conditions/EntityHasScore$Serializer,net/minecraft/server/v1_14_R1/LootItemConditionEntityScore$b,,net/minecraft/world/loot/condition/EntityScoresLootCondition$Factory,net/minecraft/class_199$class_200
cqz,net/minecraft/world/storage/loot/conditions/EntityHasScore,net/minecraft/server/v1_14_R1/LootItemConditionEntityScore,,net/minecraft/world/loot/condition/EntityScoresLootCondition,net/minecraft/class_199
cr$a,net/minecraft/command/arguments/NBTPathArgument$EmptyListNode,net/minecraft/server/v1_14_R1/ArgumentNBTKey$a,,net/minecraft/command/arguments/NbtPathArgumentType$AllListElementsNode,net/minecraft/class_2203$class_2204
cr$b,net/minecraft/command/arguments/NBTPathArgument$StringNode,net/minecraft/server/v1_14_R1/ArgumentNBTKey$b,,net/minecraft/command/arguments/NbtPathArgumentType$CompoundChildNode,net/minecraft/class_2203$class_2205
cr$c,net/minecraft/command/arguments/NBTPathArgument$CollectionNode,net/minecraft/server/v1_14_R1/ArgumentNBTKey$c,,net/minecraft/command/arguments/NbtPathArgumentType$ListIndexNode,net/minecraft/class_2203$class_2206
cr$e,net/minecraft/command/arguments/NBTPathArgument$ListNode,net/minecraft/server/v1_14_R1/ArgumentNBTKey$e,,net/minecraft/command/arguments/NbtPathArgumentType$EqualListElementNode,net/minecraft/class_2203$class_2207
cr$f,net/minecraft/command/arguments/NBTPathArgument$JsonNode,net/minecraft/server/v1_14_R1/ArgumentNBTKey$f,,net/minecraft/command/arguments/NbtPathArgumentType$EqualCompundChildNode,net/minecraft/class_2203$class_2208
cr$g,net/minecraft/command/arguments/NBTPathArgument$CompoundNode,net/minecraft/server/v1_14_R1/ArgumentNBTKey$g,,net/minecraft/command/arguments/NbtPathArgumentType$EqualCompoundNode,net/minecraft/class_2203$class_3707
cr$h,net/minecraft/command/arguments/NBTPathArgument$NBTPath,net/minecraft/server/v1_14_R1/ArgumentNBTKey$h,,net/minecraft/command/arguments/NbtPathArgumentType$NbtPath,net/minecraft/class_2203$class_2209
cr$i,net/minecraft/command/arguments/NBTPathArgument$INode,net/minecraft/server/v1_14_R1/ArgumentNBTKey$i,,net/minecraft/command/arguments/NbtPathArgumentType$NbtPathNode,net/minecraft/class_2203$class_2210
cr,net/minecraft/command/arguments/NBTPathArgument,net/minecraft/server/v1_14_R1/ArgumentNBTKey,,net/minecraft/command/arguments/NbtPathArgumentType,net/minecraft/class_2203
cra$a,net/minecraft/world/storage/loot/conditions/SurvivesExplosion$Serializer,net/minecraft/server/v1_14_R1/LootItemConditionSurvivesExplosion$a,,net/minecraft/world/loot/condition/SurvivesExplosionLootCondition$Factory,net/minecraft/class_201$class_202
cra,net/minecraft/world/storage/loot/conditions/SurvivesExplosion,net/minecraft/server/v1_14_R1/LootItemConditionSurvivesExplosion,,net/minecraft/world/loot/condition/SurvivesExplosionLootCondition,net/minecraft/class_201
crb$a,net/minecraft/world/storage/loot/conditions/Inverted$Serializer,net/minecraft/server/v1_14_R1/LootItemConditionInverted$a,,net/minecraft/world/loot/condition/InvertedLootCondition$Factory,net/minecraft/class_207$class_208
crb,net/minecraft/world/storage/loot/conditions/Inverted,net/minecraft/server/v1_14_R1/LootItemConditionInverted,,net/minecraft/world/loot/condition/InvertedLootCondition,net/minecraft/class_207
crc$a,net/minecraft/world/storage/loot/conditions/LocationCheck$Serializer,net/minecraft/server/v1_14_R1/LootItemConditionLocationCheck$a,,net/minecraft/world/loot/condition/LocationCheckLootCondition$Factory,net/minecraft/class_205$class_206
crc,net/minecraft/world/storage/loot/conditions/LocationCheck,net/minecraft/server/v1_14_R1/LootItemConditionLocationCheck,,net/minecraft/world/loot/condition/LocationCheckLootCondition,net/minecraft/class_205
crd$a,net/minecraft/world/storage/loot/conditions/BlockStateProperty$Builder,net/minecraft/server/v1_14_R1/LootItemConditionBlockStateProperty$a,,net/minecraft/world/loot/condition/BlockStatePropertyLootCondition$Builder,net/minecraft/class_212$class_213
crd$b,net/minecraft/world/storage/loot/conditions/BlockStateProperty$Serializer,net/minecraft/server/v1_14_R1/LootItemConditionBlockStateProperty$b,,net/minecraft/world/loot/condition/BlockStatePropertyLootCondition$Factory,net/minecraft/class_212$class_214
crd,net/minecraft/world/storage/loot/conditions/BlockStateProperty,net/minecraft/server/v1_14_R1/LootItemConditionBlockStateProperty,,net/minecraft/world/loot/condition/BlockStatePropertyLootCondition,net/minecraft/class_212
cre$a,net/minecraft/world/storage/loot/conditions/ILootCondition$IBuilder,net/minecraft/server/v1_14_R1/LootItemCondition$a,,net/minecraft/world/loot/condition/LootCondition$Builder,net/minecraft/class_209$class_210
cre$b,net/minecraft/world/storage/loot/conditions/ILootCondition$AbstractSerializer,net/minecraft/server/v1_14_R1/LootItemCondition$b,,net/minecraft/world/loot/condition/LootCondition$Factory,net/minecraft/class_209$class_211
cre,net/minecraft/world/storage/loot/conditions/ILootCondition,net/minecraft/server/v1_14_R1/LootItemCondition,,net/minecraft/world/loot/condition/LootCondition,net/minecraft/class_209
crf$a,net/minecraft/world/storage/loot/conditions/LootConditionManager$Serializer,net/minecraft/server/v1_14_R1/LootItemConditions$a,,net/minecraft/world/loot/condition/LootConditions$Factory,net/minecraft/class_217$class_218
crf,net/minecraft/world/storage/loot/conditions/LootConditionManager,net/minecraft/server/v1_14_R1/LootItemConditions,,net/minecraft/world/loot/condition/LootConditions,net/minecraft/class_217
crg$a,net/minecraft/world/storage/loot/conditions/EntityHasProperty$Serializer,net/minecraft/server/v1_14_R1/LootItemConditionEntityProperty$a,,net/minecraft/world/loot/condition/EntityPropertiesLootCondition$Factory,net/minecraft/class_215$class_216
crg,net/minecraft/world/storage/loot/conditions/EntityHasProperty,net/minecraft/server/v1_14_R1/LootItemConditionEntityProperty,,net/minecraft/world/loot/condition/EntityPropertiesLootCondition,net/minecraft/class_215
crh$a,net/minecraft/world/storage/loot/conditions/KilledByPlayer$Serializer,net/minecraft/server/v1_14_R1/LootItemConditionKilledByPlayer$a,,net/minecraft/world/loot/condition/KilledByPlayerLootCondition$Factory,net/minecraft/class_221$class_222
crh,net/minecraft/world/storage/loot/conditions/KilledByPlayer,net/minecraft/server/v1_14_R1/LootItemConditionKilledByPlayer,,net/minecraft/world/loot/condition/KilledByPlayerLootCondition,net/minecraft/class_221
cri$a,net/minecraft/world/storage/loot/conditions/RandomChance$Serializer,net/minecraft/server/v1_14_R1/LootItemConditionRandomChance$a,,net/minecraft/world/loot/condition/RandomChanceLootCondition$Factory,net/minecraft/class_219$class_220
cri,net/minecraft/world/storage/loot/conditions/RandomChance,net/minecraft/server/v1_14_R1/LootItemConditionRandomChance,,net/minecraft/world/loot/condition/RandomChanceLootCondition,net/minecraft/class_219
crj$a,net/minecraft/world/storage/loot/conditions/RandomChanceWithLooting$Serializer,net/minecraft/server/v1_14_R1/LootItemConditionRandomChanceWithLooting$a,,net/minecraft/world/loot/condition/RandomChanceWithLootingLootCondition$Factory,net/minecraft/class_225$class_226
crj,net/minecraft/world/storage/loot/conditions/RandomChanceWithLooting,net/minecraft/server/v1_14_R1/LootItemConditionRandomChanceWithLooting,,net/minecraft/world/loot/condition/RandomChanceWithLootingLootCondition,net/minecraft/class_225
crk$a,net/minecraft/world/storage/loot/conditions/MatchTool$Serializer,net/minecraft/server/v1_14_R1/LootItemConditionMatchTool$a,,net/minecraft/world/loot/condition/MatchToolLootCondition$Factory,net/minecraft/class_223$class_224
crk,net/minecraft/world/storage/loot/conditions/MatchTool,net/minecraft/server/v1_14_R1/LootItemConditionMatchTool,,net/minecraft/world/loot/condition/MatchToolLootCondition,net/minecraft/class_223
crl$b,net/minecraft/world/storage/loot/conditions/WeatherCheck$Serializer,net/minecraft/server/v1_14_R1/LootItemConditionWeatherCheck$b,,net/minecraft/world/loot/condition/WeatherCheckLootCondition$Factory,net/minecraft/class_227$class_228
crl,net/minecraft/world/storage/loot/conditions/WeatherCheck,net/minecraft/server/v1_14_R1/LootItemConditionWeatherCheck,,net/minecraft/world/loot/condition/WeatherCheckLootCondition,net/minecraft/class_227
crp$a,net/minecraft/command/TimedFunction$Serializer,net/minecraft/server/v1_14_R1/CustomFunctionCallback$a,,net/minecraft/world/timer/FunctionTimerCallback$Serializer,net/minecraft/class_231$class_232
crp,net/minecraft/command/TimedFunction,net/minecraft/server/v1_14_R1/CustomFunctionCallback,,net/minecraft/world/timer/FunctionTimerCallback,net/minecraft/class_231
crq$a,net/minecraft/command/TimedFunctionTag$Serializer,net/minecraft/server/v1_14_R1/CustomFunctionCallbackTag$a,,net/minecraft/world/timer/FunctionTagTimerCallback$Serializer,net/minecraft/class_229$class_230
crq,net/minecraft/command/TimedFunctionTag,net/minecraft/server/v1_14_R1/CustomFunctionCallbackTag,,net/minecraft/world/timer/FunctionTagTimerCallback,net/minecraft/class_229
crr$a,net/minecraft/command/ITimerCallback$Serializer,net/minecraft/server/v1_14_R1/CustomFunctionCallbackTimer$a,,net/minecraft/world/timer/TimerCallback$Serializer,net/minecraft/class_234$class_235
crr,net/minecraft/command/ITimerCallback,net/minecraft/server/v1_14_R1/CustomFunctionCallbackTimer,,net/minecraft/world/timer/TimerCallback,net/minecraft/class_234
crs,net/minecraft/command/TimerCallbackSerializers,net/minecraft/server/v1_14_R1/CustomFunctionCallbackTimers,,net/minecraft/world/timer/TimerCallbackSerializer,net/minecraft/class_233
crt$a,net/minecraft/command/TimerCallbackManager$Entry,net/minecraft/server/v1_14_R1/CustomFunctionCallbackTimerQueue$a,,net/minecraft/world/timer/Timer$Event,net/minecraft/class_236$class_237
crt,net/minecraft/command/TimerCallbackManager,net/minecraft/server/v1_14_R1/CustomFunctionCallbackTimerQueue,,net/minecraft/world/timer/Timer,net/minecraft/class_236
crw,net/minecraft/util/math/AxisAlignedBB,net/minecraft/server/v1_14_R1/AxisAlignedBB,,net/minecraft/util/math/Box,net/minecraft/class_238
crx,net/minecraft/util/math/BlockRayTraceResult,net/minecraft/server/v1_14_R1/MovingObjectPositionBlock,,net/minecraft/util/hit/BlockHitResult,net/minecraft/class_3965
cry,net/minecraft/util/math/EntityRayTraceResult,net/minecraft/server/v1_14_R1/MovingObjectPositionEntity,,net/minecraft/util/hit/EntityHitResult,net/minecraft/class_3966
crz$a,net/minecraft/util/math/RayTraceResult$Type,net/minecraft/server/v1_14_R1/MovingObjectPosition$EnumMovingObjectType,,net/minecraft/util/hit/HitResult$Type,net/minecraft/class_239$class_240
crz,net/minecraft/util/math/RayTraceResult,net/minecraft/server/v1_14_R1/MovingObjectPosition,,net/minecraft/util/hit/HitResult,net/minecraft/class_239
cs,net/minecraft/command/arguments/NBTTagArgument,net/minecraft/server/v1_14_R1/ArgumentNBTBase,,net/minecraft/command/arguments/NbtTagArgumentType,net/minecraft/class_2212
csa,net/minecraft/util/math/Vec2f,net/minecraft/server/v1_14_R1/Vec2F,,net/minecraft/util/math/Vec2f,net/minecraft/class_241
csb,net/minecraft/util/math/Vec3d,net/minecraft/server/v1_14_R1/Vec3D,,net/minecraft/util/math/Vec3d,net/minecraft/class_243
csd,net/minecraft/util/math/shapes/VoxelShapeArray,net/minecraft/server/v1_14_R1/VoxelShapeArray,,net/minecraft/util/shape/ArrayVoxelShape,net/minecraft/class_245
cse,net/minecraft/util/math/shapes/BitSetVoxelShapePart,net/minecraft/server/v1_14_R1/VoxelShapeBitSet,,net/minecraft/util/shape/BitSetVoxelSet,net/minecraft/class_244
csf,net/minecraft/util/math/shapes/IBooleanFunction,net/minecraft/server/v1_14_R1/OperatorBoolean,,net/minecraft/util/BooleanBiFunction,net/minecraft/class_247
csg,net/minecraft/util/math/shapes/ISelectionContext,net/minecraft/server/v1_14_R1/VoxelShapeCollision,,net/minecraft/entity/EntityContext,net/minecraft/class_3726
csh,net/minecraft/util/math/shapes/DoubleRangeList,net/minecraft/server/v1_14_R1/VoxelShapeCubePoint,,net/minecraft/util/shape/FractionalDoubleList,net/minecraft/class_246
csi,net/minecraft/util/math/shapes/VoxelShapeCube,net/minecraft/server/v1_14_R1/VoxelShapeCube,,net/minecraft/util/shape/SimpleVoxelShape,net/minecraft/class_249
csj,net/minecraft/util/math/shapes/DoubleCubeMergingList,net/minecraft/server/v1_14_R1/VoxelShapeCubeMerger,,net/minecraft/util/shape/FractionalDoubleListPair,net/minecraft/class_248
csk$a,net/minecraft/util/math/shapes/VoxelShapePart$IFaceConsumer,net/minecraft/server/v1_14_R1/VoxelShapeDiscrete$a,,net/minecraft/util/shape/VoxelSet$class_252,net/minecraft/class_251$class_252
csk$b,net/minecraft/util/math/shapes/VoxelShapePart$ILineConsumer,net/minecraft/server/v1_14_R1/VoxelShapeDiscrete$b,,net/minecraft/util/shape/VoxelSet$class_253,net/minecraft/class_251$class_253
csk,net/minecraft/util/math/shapes/VoxelShapePart,net/minecraft/server/v1_14_R1/VoxelShapeDiscrete,,net/minecraft/util/shape/VoxelSet,net/minecraft/class_251
csl$1,net/minecraft/util/math/shapes/EntitySelectionContext$1,net/minecraft/server/v1_14_R1/VoxelShapeCollisionEntity$1,,net/minecraft/entity/EntityContextImpl$1,net/minecraft/class_3727$1
csl,net/minecraft/util/math/shapes/EntitySelectionContext,net/minecraft/server/v1_14_R1/VoxelShapeCollisionEntity,,net/minecraft/entity/EntityContextImpl,net/minecraft/class_3727
csm,net/minecraft/util/math/shapes/SimpleDoubleMerger,net/minecraft/server/v1_14_R1/VoxelShapeMergerIdentical,,net/minecraft/util/shape/IdentityListMerger,net/minecraft/class_250
csn$a,net/minecraft/util/math/shapes/IDoubleListMerger$IConsumer,net/minecraft/server/v1_14_R1/VoxelShapeMerger$a,,net/minecraft/util/shape/DoubleListPair$SectionPairPredicate,net/minecraft/class_255$class_256
csn,net/minecraft/util/math/shapes/IDoubleListMerger,net/minecraft/server/v1_14_R1/VoxelShapeMerger,,net/minecraft/util/shape/DoubleListPair,net/minecraft/class_255
cso,net/minecraft/util/math/shapes/IndirectMerger,net/minecraft/server/v1_14_R1/VoxelShapeMergerList,,net/minecraft/util/shape/SimpleDoubleListPair,net/minecraft/class_254
csq,net/minecraft/util/math/shapes/NonOverlappingMerger,net/minecraft/server/v1_14_R1/VoxelShapeMergerDisjoint,,net/minecraft/util/shape/DisjointDoubleListPair,net/minecraft/class_257
csr,net/minecraft/util/math/shapes/OffsetDoubleList,net/minecraft/server/v1_14_R1/DoubleListOffset,,net/minecraft/util/OffsetDoubleList,net/minecraft/class_261
css$a,net/minecraft/util/math/shapes/VoxelShapes$ILineConsumer,net/minecraft/server/v1_14_R1/VoxelShapes$a,,net/minecraft/util/shape/VoxelShapes$BoxConsumer,net/minecraft/class_259$class_260
css,net/minecraft/util/math/shapes/VoxelShapes,net/minecraft/server/v1_14_R1/VoxelShapes,,net/minecraft/util/shape/VoxelShapes,net/minecraft/class_259
cst,net/minecraft/util/math/shapes/SplitVoxelShape,net/minecraft/server/v1_14_R1/VoxelShapeSlice,,net/minecraft/util/shape/SliceVoxelShape,net/minecraft/class_263
csu,net/minecraft/util/math/shapes/PartSplitVoxelShape,net/minecraft/server/v1_14_R1/VoxelShapeDiscreteSlice,,net/minecraft/util/shape/CroppedVoxelSet,net/minecraft/class_262
csv,net/minecraft/util/math/shapes/VoxelShape,net/minecraft/server/v1_14_R1/VoxelShape,,net/minecraft/util/shape/VoxelShape,net/minecraft/class_265
csy,net/minecraft/scoreboard/ScoreObjective,net/minecraft/server/v1_14_R1/ScoreboardObjective,,net/minecraft/scoreboard/ScoreboardObjective,net/minecraft/class_266
csz,net/minecraft/scoreboard/ScorePlayerTeam,net/minecraft/server/v1_14_R1/ScoreboardTeam,,net/minecraft/scoreboard/Team,net/minecraft/class_268
ct,net/minecraft/command/arguments/ObjectiveArgument,net/minecraft/server/v1_14_R1/ArgumentScoreboardObjective,,net/minecraft/command/arguments/ObjectiveArgumentType,net/minecraft/class_2214
cta,net/minecraft/scoreboard/Score,net/minecraft/server/v1_14_R1/ScoreboardScore,,net/minecraft/scoreboard/ScoreboardPlayerScore,net/minecraft/class_267
ctb,net/minecraft/scoreboard/Scoreboard,net/minecraft/server/v1_14_R1/Scoreboard,,net/minecraft/scoreboard/Scoreboard,net/minecraft/class_269
ctc,net/minecraft/scoreboard/ScoreboardSaveData,net/minecraft/server/v1_14_R1/PersistentScoreboard,,net/minecraft/scoreboard/ScoreboardState,net/minecraft/class_273
ctd$a,net/minecraft/scoreboard/Team$CollisionRule,net/minecraft/server/v1_14_R1/ScoreboardTeamBase$EnumTeamPush,,net/minecraft/scoreboard/AbstractTeam$CollisionRule,net/minecraft/class_270$class_271
ctd$b,net/minecraft/scoreboard/Team$Visible,net/minecraft/server/v1_14_R1/ScoreboardTeamBase$EnumNameTagVisibility,,net/minecraft/scoreboard/AbstractTeam$VisibilityRule,net/minecraft/class_270$class_272
ctd,net/minecraft/scoreboard/Team,net/minecraft/server/v1_14_R1/ScoreboardTeamBase,,net/minecraft/scoreboard/AbstractTeam,net/minecraft/class_270
cte$a,net/minecraft/scoreboard/ScoreCriteria$RenderType,net/minecraft/server/v1_14_R1/IScoreboardCriteria$EnumScoreboardHealthDisplay,,net/minecraft/scoreboard/ScoreboardCriterion$RenderType,net/minecraft/class_274$class_275
cte,net/minecraft/scoreboard/ScoreCriteria,net/minecraft/server/v1_14_R1/IScoreboardCriteria,,net/minecraft/scoreboard/ScoreboardCriterion,net/minecraft/class_274
cu,net/minecraft/command/arguments/ObjectiveCriteriaArgument,net/minecraft/server/v1_14_R1/ArgumentScoreboardCriteria,,net/minecraft/command/arguments/ObjectiveCriteriaArgumentType,net/minecraft/class_2216
cv$a,net/minecraft/command/arguments/OperationArgument$IOperation,net/minecraft/server/v1_14_R1/ArgumentMathOperation$a,,net/minecraft/command/arguments/OperationArgumentType$Operation,net/minecraft/class_2218$class_2219
cv$b,net/minecraft/command/arguments/OperationArgument$IIntOperation,net/minecraft/server/v1_14_R1/ArgumentMathOperation$b,,net/minecraft/command/arguments/OperationArgumentType$IntOperator,net/minecraft/class_2218$class_2220
cv,net/minecraft/command/arguments/OperationArgument,net/minecraft/server/v1_14_R1/ArgumentMathOperation,,net/minecraft/command/arguments/OperationArgumentType,net/minecraft/class_2218
cw,net/minecraft/command/arguments/ParticleArgument,net/minecraft/server/v1_14_R1/ArgumentParticle,,net/minecraft/command/arguments/ParticleArgumentType,net/minecraft/class_2223
cx$a$a,net/minecraft/command/arguments/IRangeArgument$FloatRange$Serializer,net/minecraft/server/v1_14_R1/ArgumentCriterionValue$a$a,,net/minecraft/command/arguments/NumberRangeArgumentType$FloatRangeArgumentType$Serializer,net/minecraft/class_2224$class_2225$class_2226
cx$a,net/minecraft/command/arguments/IRangeArgument$FloatRange,net/minecraft/server/v1_14_R1/ArgumentCriterionValue$a,,net/minecraft/command/arguments/NumberRangeArgumentType$FloatRangeArgumentType,net/minecraft/class_2224$class_2225
cx$b$a,net/minecraft/command/arguments/IRangeArgument$IntRange$Serializer,net/minecraft/server/v1_14_R1/ArgumentCriterionValue$b$a,,net/minecraft/command/arguments/NumberRangeArgumentType$IntRangeArgumentType$Serializer,net/minecraft/class_2224$class_2227$class_2228
cx$b,net/minecraft/command/arguments/IRangeArgument$IntRange,net/minecraft/server/v1_14_R1/ArgumentCriterionValue$b,,net/minecraft/command/arguments/NumberRangeArgumentType$IntRangeArgumentType,net/minecraft/class_2224$class_2227
cx$c,net/minecraft/command/arguments/IRangeArgument$Serializer,net/minecraft/server/v1_14_R1/ArgumentCriterionValue$c,,net/minecraft/command/arguments/NumberRangeArgumentType$NumberSerializer,net/minecraft/class_2224$class_2229
cx,net/minecraft/command/arguments/IRangeArgument,net/minecraft/server/v1_14_R1/ArgumentCriterionValue,,net/minecraft/command/arguments/NumberRangeArgumentType,net/minecraft/class_2224
cy,net/minecraft/command/arguments/ResourceLocationArgument,net/minecraft/server/v1_14_R1/ArgumentMinecraftKeyRegistered,,net/minecraft/command/arguments/IdentifierArgumentType,net/minecraft/class_2232
cz$a,net/minecraft/command/arguments/ScoreHolderArgument$INameProvider,net/minecraft/server/v1_14_R1/ArgumentScoreholder$a,,net/minecraft/command/arguments/ScoreHolderArgumentType$ScoreHolder,net/minecraft/class_2233$class_2234
cz$b,net/minecraft/command/arguments/ScoreHolderArgument$NameProvider,net/minecraft/server/v1_14_R1/ArgumentScoreholder$b,,net/minecraft/command/arguments/ScoreHolderArgumentType$SelectorScoreHolder,net/minecraft/class_2233$class_2235
cz$c,net/minecraft/command/arguments/ScoreHolderArgument$Serializer,net/minecraft/server/v1_14_R1/ArgumentScoreholder$c,,net/minecraft/command/arguments/ScoreHolderArgumentType$Serializer,net/minecraft/class_2233$class_2236
cz,net/minecraft/command/arguments/ScoreHolderArgument,net/minecraft/server/v1_14_R1/ArgumentScoreholder,,net/minecraft/command/arguments/ScoreHolderArgumentType,net/minecraft/class_2233
d,net/minecraft/crash/CrashReport,net/minecraft/server/v1_14_R1/CrashReport,,net/minecraft/util/crash/CrashReport,net/minecraft/class_128
da,net/minecraft/command/arguments/ScoreboardSlotArgument,net/minecraft/server/v1_14_R1/ArgumentScoreboardSlot,,net/minecraft/command/arguments/ScoreboardSlotArgumentType,net/minecraft/class_2239
db,net/minecraft/command/arguments/SlotArgument,net/minecraft/server/v1_14_R1/ArgumentInventorySlot,,net/minecraft/command/arguments/ItemSlotArgumentType,net/minecraft/class_2240
dc,net/minecraft/command/arguments/TeamArgument,net/minecraft/server/v1_14_R1/ArgumentScoreboardTeam,,net/minecraft/command/arguments/TeamArgumentType,net/minecraft/class_2243
dd,net/minecraft/command/arguments/TimeArgument,net/minecraft/server/v1_14_R1/ArgumentTime,,net/minecraft/command/arguments/TimeArgumentType,net/minecraft/class_2245
de,net/minecraft/command/arguments/BlockStateInput,net/minecraft/server/v1_14_R1/ArgumentTileLocation,,net/minecraft/command/arguments/BlockStateArgument,net/minecraft/class_2247
df$a,net/minecraft/command/arguments/BlockPredicateArgument$BlockPredicate,net/minecraft/server/v1_14_R1/ArgumentBlockPredicate$a,,net/minecraft/command/arguments/BlockPredicateArgumentType$StatePredicate,net/minecraft/class_2252$class_2253
df$b,net/minecraft/command/arguments/BlockPredicateArgument$IResult,net/minecraft/server/v1_14_R1/ArgumentBlockPredicate$b,,net/minecraft/command/arguments/BlockPredicateArgumentType$BlockPredicate,net/minecraft/class_2252$class_2254
df$c,net/minecraft/command/arguments/BlockPredicateArgument$TagPredicate,net/minecraft/server/v1_14_R1/ArgumentBlockPredicate$c,,net/minecraft/command/arguments/BlockPredicateArgumentType$TagPredicate,net/minecraft/class_2252$class_2255
df,net/minecraft/command/arguments/BlockPredicateArgument,net/minecraft/server/v1_14_R1/ArgumentBlockPredicate,,net/minecraft/command/arguments/BlockPredicateArgumentType,net/minecraft/class_2252
dg,net/minecraft/command/arguments/BlockStateArgument,net/minecraft/server/v1_14_R1/ArgumentTile,,net/minecraft/command/arguments/BlockStateArgumentType,net/minecraft/class_2257
dh,net/minecraft/command/arguments/BlockStateParser,net/minecraft/server/v1_14_R1/ArgumentBlock,,net/minecraft/command/arguments/BlockArgumentParser,net/minecraft/class_2259
dj,net/minecraft/command/arguments/BlockPosArgument,net/minecraft/server/v1_14_R1/ArgumentPosition,,net/minecraft/command/arguments/BlockPosArgumentType,net/minecraft/class_2262
dk,net/minecraft/command/arguments/ColumnPosArgument,net/minecraft/server/v1_14_R1/ArgumentVec2I,,net/minecraft/command/arguments/ColumnPosArgumentType,net/minecraft/class_2264
dl,net/minecraft/command/arguments/ILocationArgument,net/minecraft/server/v1_14_R1/IVectorPosition,,net/minecraft/command/arguments/PosArgument,net/minecraft/class_2267
dm,net/minecraft/command/arguments/LocalLocationArgument,net/minecraft/server/v1_14_R1/ArgumentVectorPosition,,net/minecraft/command/arguments/LookingPosArgument,net/minecraft/class_2268
dn,net/minecraft/command/arguments/RotationArgument,net/minecraft/server/v1_14_R1/ArgumentRotation,,net/minecraft/command/arguments/RotationArgumentType,net/minecraft/class_2270
dp,net/minecraft/command/arguments/SwizzleArgument,net/minecraft/server/v1_14_R1/ArgumentRotationAxis,,net/minecraft/command/arguments/SwizzleArgumentType,net/minecraft/class_2273
dq,net/minecraft/command/arguments/Vec2Argument,net/minecraft/server/v1_14_R1/ArgumentVec2,,net/minecraft/command/arguments/Vec2ArgumentType,net/minecraft/class_2274
dr,net/minecraft/command/arguments/Vec3Argument,net/minecraft/server/v1_14_R1/ArgumentVec3,,net/minecraft/command/arguments/Vec3ArgumentType,net/minecraft/class_2277
ds,net/minecraft/command/arguments/LocationPart,net/minecraft/server/v1_14_R1/ArgumentParserPosition,,net/minecraft/command/arguments/CoordinateArgument,net/minecraft/class_2278
dt,net/minecraft/command/arguments/LocationInput,net/minecraft/server/v1_14_R1/VectorPosition,,net/minecraft/command/arguments/DefaultPosArgument,net/minecraft/class_2280
dv$1,net/minecraft/command/arguments/FunctionArgument$1,net/minecraft/server/v1_14_R1/ArgumentTag$1,,net/minecraft/command/arguments/FunctionArgumentType$1,net/minecraft/class_2284$1
dv$2,net/minecraft/command/arguments/FunctionArgument$2,net/minecraft/server/v1_14_R1/ArgumentTag$2,,net/minecraft/command/arguments/FunctionArgumentType$2,net/minecraft/class_2284$2
dv$a,net/minecraft/command/arguments/FunctionArgument$IResult,net/minecraft/server/v1_14_R1/ArgumentTag$a,,net/minecraft/command/arguments/FunctionArgumentType$FunctionArgument,net/minecraft/class_2284$class_2285
dv,net/minecraft/command/arguments/FunctionArgument,net/minecraft/server/v1_14_R1/ArgumentTag,,net/minecraft/command/arguments/FunctionArgumentType,net/minecraft/class_2284
dw,net/minecraft/command/arguments/ItemArgument,net/minecraft/server/v1_14_R1/ArgumentItemStack,,net/minecraft/command/arguments/ItemStackArgumentType,net/minecraft/class_2287
dx,net/minecraft/command/arguments/ItemInput,net/minecraft/server/v1_14_R1/ArgumentPredicateItemStack,,net/minecraft/command/arguments/ItemStackArgument,net/minecraft/class_2290
dy,net/minecraft/command/arguments/ItemParser,net/minecraft/server/v1_14_R1/ArgumentParserItemStack,,net/minecraft/command/arguments/ItemStringReader,net/minecraft/class_2291
dz$a,net/minecraft/command/arguments/ItemPredicateArgument$ItemPredicate,net/minecraft/server/v1_14_R1/ArgumentItemPredicate$a,,net/minecraft/command/arguments/ItemPredicateArgumentType$ItemPredicate,net/minecraft/class_2293$class_2294
dz$b,net/minecraft/command/arguments/ItemPredicateArgument$IResult,net/minecraft/server/v1_14_R1/ArgumentItemPredicate$b,,net/minecraft/command/arguments/ItemPredicateArgumentType$ItemPredicateArgument,net/minecraft/class_2293$class_2295
dz$c,net/minecraft/command/arguments/ItemPredicateArgument$TagPredicate,net/minecraft/server/v1_14_R1/ArgumentItemPredicate$c,,net/minecraft/command/arguments/ItemPredicateArgumentType$TagPredicate,net/minecraft/class_2293$class_2296
dz,net/minecraft/command/arguments/ItemPredicateArgument,net/minecraft/server/v1_14_R1/ArgumentItemPredicate,,net/minecraft/command/arguments/ItemPredicateArgumentType,net/minecraft/class_2293
e$a,net/minecraft/crash/CrashReportCategory$Entry,net/minecraft/server/v1_14_R1/CrashReportSystemDetails$CrashReportDetail,,net/minecraft/util/crash/CrashReportSection$Element,net/minecraft/class_129$class_130
e,net/minecraft/crash/CrashReportCategory,net/minecraft/server/v1_14_R1/CrashReportSystemDetails,,net/minecraft/util/crash/CrashReportSection,net/minecraft/class_129
ec,net/minecraft/command/arguments/EntitySelector,net/minecraft/server/v1_14_R1/EntitySelector,,net/minecraft/command/EntitySelector,net/minecraft/class_2300
ed,net/minecraft/command/arguments/EntitySelectorParser,net/minecraft/server/v1_14_R1/ArgumentParserSelector,,net/minecraft/command/EntitySelectorReader,net/minecraft/class_2303
ee$a,net/minecraft/command/arguments/EntityOptions$IFilter,net/minecraft/server/v1_14_R1/PlayerSelector$a,,net/minecraft/command/EntitySelectorOptions$SelectorHandler,net/minecraft/class_2306$class_2307
ee$b,net/minecraft/command/arguments/EntityOptions$OptionHandler,net/minecraft/server/v1_14_R1/PlayerSelector$b,,net/minecraft/command/EntitySelectorOptions$SelectorOption,net/minecraft/class_2306$class_2308
ee,net/minecraft/command/arguments/EntityOptions,net/minecraft/server/v1_14_R1/PlayerSelector,,net/minecraft/command/EntitySelectorOptions,net/minecraft/class_2306
ej,net/minecraft/command/arguments/IArgumentSerializer,net/minecraft/server/v1_14_R1/ArgumentSerializer,,net/minecraft/command/arguments/serialize/ArgumentSerializer,net/minecraft/class_2314
ek$a,net/minecraft/command/arguments/ArgumentTypes$Entry,net/minecraft/server/v1_14_R1/ArgumentRegistry$a,,net/minecraft/command/arguments/ArgumentTypes$Entry,net/minecraft/class_2316$class_2317
ek,net/minecraft/command/arguments/ArgumentTypes,net/minecraft/server/v1_14_R1/ArgumentRegistry,,net/minecraft/command/arguments/ArgumentTypes,net/minecraft/class_2316
el,net/minecraft/command/arguments/ArgumentSerializer,net/minecraft/server/v1_14_R1/ArgumentSerializerVoid,,net/minecraft/command/arguments/serialize/ConstantArgumentSerializer,net/minecraft/class_2319
em$a,net/minecraft/command/arguments/SuggestionProviders$Wrapper,net/minecraft/server/v1_14_R1/CompletionProviders$a,,net/minecraft/command/suggestion/SuggestionProviders$LocalProvider,net/minecraft/class_2321$class_2322
em,net/minecraft/command/arguments/SuggestionProviders,net/minecraft/server/v1_14_R1/CompletionProviders,,net/minecraft/command/suggestion/SuggestionProviders,net/minecraft/class_2321
en,net/minecraft/command/arguments/serializers/BrigadierSerializers,net/minecraft/server/v1_14_R1/ArgumentSerializers,,net/minecraft/command/arguments/BrigadierArgumentTypes,net/minecraft/class_2324
eo,net/minecraft/command/arguments/serializers/DoubleArgumentSerializer,net/minecraft/server/v1_14_R1/ArgumentSerializerDouble,,net/minecraft/command/arguments/serialize/DoubleArgumentSerializer,net/minecraft/class_2326
ep,net/minecraft/command/arguments/serializers/FloatArgumentSerializer,net/minecraft/server/v1_14_R1/ArgumentSerializerFloat,,net/minecraft/command/arguments/serialize/FloatArgumentSerializer,net/minecraft/class_2327
eq,net/minecraft/command/arguments/serializers/IntArgumentSerializer,net/minecraft/server/v1_14_R1/ArgumentSerializerInteger,,net/minecraft/command/arguments/serialize/IntegerArgumentSerializer,net/minecraft/class_2330
er,net/minecraft/command/arguments/serializers/StringArgumentSerializer,net/minecraft/server/v1_14_R1/ArgumentSerializerString,,net/minecraft/command/arguments/serialize/StringArgumentSerializer,net/minecraft/class_2332
eu$1,net/minecraft/util/AxisRotation$1,net/minecraft/server/v1_14_R1/EnumAxisCycle$1,,net/minecraft/util/math/AxisCycleDirection$1,net/minecraft/class_2335$1
eu$2,net/minecraft/util/AxisRotation$2,net/minecraft/server/v1_14_R1/EnumAxisCycle$2,,net/minecraft/util/math/AxisCycleDirection$2,net/minecraft/class_2335$2
eu$3,net/minecraft/util/AxisRotation$3,net/minecraft/server/v1_14_R1/EnumAxisCycle$3,,net/minecraft/util/math/AxisCycleDirection$3,net/minecraft/class_2335$3
eu,net/minecraft/util/AxisRotation,net/minecraft/server/v1_14_R1/EnumAxisCycle,,net/minecraft/util/math/AxisCycleDirection,net/minecraft/class_2335
ev$1,net/minecraft/util/math/BlockPos$1,net/minecraft/server/v1_14_R1/BlockPosition$1,,net/minecraft/util/math/BlockPos$1,net/minecraft/class_2338$1
ev$2,net/minecraft/util/math/BlockPos$2,net/minecraft/server/v1_14_R1/BlockPosition$2,,net/minecraft/util/math/BlockPos$2,net/minecraft/class_2338$2
ev$a,net/minecraft/util/math/BlockPos$MutableBlockPos,net/minecraft/server/v1_14_R1/BlockPosition$MutableBlockPosition,,net/minecraft/util/math/BlockPos$Mutable,net/minecraft/class_2338$class_2339
ev$b,net/minecraft/util/math/BlockPos$PooledMutableBlockPos,net/minecraft/server/v1_14_R1/BlockPosition$PooledBlockPosition,,net/minecraft/util/math/BlockPos$PooledMutable,net/minecraft/class_2338$class_2340
ev,net/minecraft/util/math/BlockPos,net/minecraft/server/v1_14_R1/BlockPosition,,net/minecraft/util/math/BlockPos,net/minecraft/class_2338
ew,net/minecraft/dispenser/IBlockSource,net/minecraft/server/v1_14_R1/ISourceBlock,,net/minecraft/util/math/BlockPointer,net/minecraft/class_2342
ex,net/minecraft/dispenser/ProxyBlockSource,net/minecraft/server/v1_14_R1/SourceBlock,,net/minecraft/util/math/BlockPointerImpl,net/minecraft/class_2345
ey,net/minecraft/util/math/CubeCoordinateIterator,net/minecraft/server/v1_14_R1/CursorPosition,,net/minecraft/util/CuboidBlockIterator,net/minecraft/class_3980
ez,net/minecraft/util/registry/DefaultedRegistry,net/minecraft/server/v1_14_R1/RegistryBlocks,,net/minecraft/util/registry/DefaultedRegistry,net/minecraft/class_2348
f,net/minecraft/crash/ICrashReportDetail,net/minecraft/server/v1_14_R1/CrashReportCallable,,net/minecraft/util/crash/CrashCallable,net/minecraft/class_133
fa$a$1,net/minecraft/util/Direction$Axis$1,net/minecraft/server/v1_14_R1/EnumDirection$EnumAxis$1,,net/minecraft/util/math/Direction$Axis$1,net/minecraft/class_2350$class_2351$1
fa$a$2,net/minecraft/util/Direction$Axis$2,net/minecraft/server/v1_14_R1/EnumDirection$EnumAxis$2,,net/minecraft/util/math/Direction$Axis$2,net/minecraft/class_2350$class_2351$2
fa$a$3,net/minecraft/util/Direction$Axis$3,net/minecraft/server/v1_14_R1/EnumDirection$EnumAxis$3,,net/minecraft/util/math/Direction$Axis$3,net/minecraft/class_2350$class_2351$3
fa$a,net/minecraft/util/Direction$Axis,net/minecraft/server/v1_14_R1/EnumDirection$EnumAxis,,net/minecraft/util/math/Direction$Axis,net/minecraft/class_2350$class_2351
fa$b,net/minecraft/util/Direction$AxisDirection,net/minecraft/server/v1_14_R1/EnumDirection$EnumAxisDirection,,net/minecraft/util/math/Direction$AxisDirection,net/minecraft/class_2350$class_2352
fa$c,net/minecraft/util/Direction$Plane,net/minecraft/server/v1_14_R1/EnumDirection$EnumDirectionLimit,,net/minecraft/util/math/Direction$Type,net/minecraft/class_2350$class_2353
fa,net/minecraft/util/Direction,net/minecraft/server/v1_14_R1/EnumDirection,,net/minecraft/util/math/Direction,net/minecraft/class_2350
fb,net/minecraft/util/Direction8,net/minecraft/server/v1_14_R1/EnumDirection8,,net/minecraft/util/EightWayDirection,net/minecraft/class_2355
fc,net/minecraft/util/math/GlobalPos,net/minecraft/server/v1_14_R1/GlobalPos,,net/minecraft/util/GlobalPos,net/minecraft/class_4208
fd,net/minecraft/util/IObjectIntIterable,net/minecraft/server/v1_14_R1/Registry,,net/minecraft/util/IndexedIterable,net/minecraft/class_2359
fe,net/minecraft/util/ObjectIntIdentityMap,net/minecraft/server/v1_14_R1/RegistryBlockID,,net/minecraft/util/IdList,net/minecraft/class_2361
ff,net/minecraft/dispenser/ILocatableSource,net/minecraft/server/v1_14_R1/ILocationSource,,net/minecraft/util/math/WorldPositionPointer,net/minecraft/class_2364
fg,net/minecraft/dispenser/ILocation,net/minecraft/server/v1_14_R1/ISource,,net/minecraft/util/math/WorldPosition,net/minecraft/class_2365
fh,net/minecraft/util/MapPopulator,net/minecraft/server/v1_14_R1/MapGeneratorUtils,,net/minecraft/util/MapUtil,net/minecraft/class_2367
fi,net/minecraft/util/registry/SimpleRegistry,net/minecraft/server/v1_14_R1/RegistryMaterials,,net/minecraft/util/registry/SimpleRegistry,net/minecraft/class_2370
fj,net/minecraft/util/NonNullList,net/minecraft/server/v1_14_R1/NonNullList,,net/minecraft/util/DefaultedList,net/minecraft/class_2371
fk,net/minecraft/dispenser/IPosition,net/minecraft/server/v1_14_R1/IPosition,,net/minecraft/util/math/Position,net/minecraft/class_2374
fl,net/minecraft/dispenser/Position,net/minecraft/server/v1_14_R1/Position,,net/minecraft/util/math/PositionImpl,net/minecraft/class_2376
fm,net/minecraft/util/registry/Registry,net/minecraft/server/v1_14_R1/IRegistry,,net/minecraft/util/registry/Registry,net/minecraft/class_2378
fn,net/minecraft/util/math/Rotations,net/minecraft/server/v1_14_R1/Vector3f,,net/minecraft/util/math/EulerAngle,net/minecraft/class_2379
fo$1,net/minecraft/util/math/SectionPos$1,net/minecraft/server/v1_14_R1/SectionPosition$1,,net/minecraft/util/math/ChunkSectionPos$1,net/minecraft/class_4076$1
fo,net/minecraft/util/math/SectionPos,net/minecraft/server/v1_14_R1/SectionPosition,,net/minecraft/util/math/ChunkSectionPos,net/minecraft/class_4076
fp,net/minecraft/util/LongSerializable,net/minecraft/server/v1_14_R1/MinecraftSerializableLong,,net/minecraft/util/Timestamp,net/minecraft/class_4316
fr,net/minecraft/util/math/Vec3i,net/minecraft/server/v1_14_R1/BaseBlockPosition,,net/minecraft/util/math/Vec3i,net/minecraft/class_2382
fs,net/minecraft/util/registry/MutableRegistry,net/minecraft/server/v1_14_R1/IRegistryWritable,,net/minecraft/util/registry/MutableRegistry,net/minecraft/class_2385
ft,net/minecraft/dispenser/ProjectileDispenseBehavior,net/minecraft/server/v1_14_R1/DispenseBehaviorProjectile,,net/minecraft/block/dispenser/ProjectileDispenserBehavior,net/minecraft/class_2965
fu,net/minecraft/dispenser/DispenseBoatBehavior,net/minecraft/server/v1_14_R1/DispenseBehaviorBoat,,net/minecraft/block/dispenser/BoatDispenserBehavior,net/minecraft/class_2967
fv,net/minecraft/dispenser/DefaultDispenseItemBehavior,net/minecraft/server/v1_14_R1/DispenseBehaviorItem,,net/minecraft/block/dispenser/ItemDispenserBehavior,net/minecraft/class_2347
fw$1,net/minecraft/dispenser/IDispenseItemBehavior$1,net/minecraft/server/v1_14_R1/IDispenseBehavior$1,,net/minecraft/block/dispenser/DispenserBehavior$1,net/minecraft/class_2357$1
fw$10,net/minecraft/dispenser/IDispenseItemBehavior$18,net/minecraft/server/v1_14_R1/IDispenseBehavior$10,,net/minecraft/block/dispenser/DispenserBehavior$10,net/minecraft/class_2357$10
fw$11,net/minecraft/dispenser/IDispenseItemBehavior$19,net/minecraft/server/v1_14_R1/IDispenseBehavior$11,,net/minecraft/block/dispenser/DispenserBehavior$11,net/minecraft/class_2357$11
fw$12,net/minecraft/dispenser/IDispenseItemBehavior$2,net/minecraft/server/v1_14_R1/IDispenseBehavior$12,,net/minecraft/block/dispenser/DispenserBehavior$12,net/minecraft/class_2357$12
fw$13,net/minecraft/dispenser/IDispenseItemBehavior$20,net/minecraft/server/v1_14_R1/IDispenseBehavior$13,,net/minecraft/block/dispenser/DispenserBehavior$13,net/minecraft/class_2357$13
fw$14,net/minecraft/dispenser/IDispenseItemBehavior$3,net/minecraft/server/v1_14_R1/IDispenseBehavior$14,,net/minecraft/block/dispenser/DispenserBehavior$14,net/minecraft/class_2357$14
fw$15,net/minecraft/dispenser/IDispenseItemBehavior$4,net/minecraft/server/v1_14_R1/IDispenseBehavior$15,,net/minecraft/block/dispenser/DispenserBehavior$15,net/minecraft/class_2357$15
fw$16,net/minecraft/dispenser/IDispenseItemBehavior$5,net/minecraft/server/v1_14_R1/IDispenseBehavior$16,,net/minecraft/block/dispenser/DispenserBehavior$16,net/minecraft/class_2357$16
fw$17,net/minecraft/dispenser/IDispenseItemBehavior$6,net/minecraft/server/v1_14_R1/IDispenseBehavior$17,,net/minecraft/block/dispenser/DispenserBehavior$17,net/minecraft/class_2357$17
fw$18$1,net/minecraft/dispenser/IDispenseItemBehavior$7$1,net/minecraft/server/v1_14_R1/IDispenseBehavior$18$1,,net/minecraft/block/dispenser/DispenserBehavior$18$1,net/minecraft/class_2357$18$1
fw$18,net/minecraft/dispenser/IDispenseItemBehavior$7,net/minecraft/server/v1_14_R1/IDispenseBehavior$18,,net/minecraft/block/dispenser/DispenserBehavior$18,net/minecraft/class_2357$18
fw$19$1,net/minecraft/dispenser/IDispenseItemBehavior$8$1,net/minecraft/server/v1_14_R1/IDispenseBehavior$19$1,,net/minecraft/block/dispenser/DispenserBehavior$19$1,net/minecraft/class_2357$19$1
fw$19,net/minecraft/dispenser/IDispenseItemBehavior$8,net/minecraft/server/v1_14_R1/IDispenseBehavior$19,,net/minecraft/block/dispenser/DispenserBehavior$19,net/minecraft/class_2357$19
fw$2,net/minecraft/dispenser/IDispenseItemBehavior$10,net/minecraft/server/v1_14_R1/IDispenseBehavior$2,,net/minecraft/block/dispenser/DispenserBehavior$2,net/minecraft/class_2357$2
fw$20,net/minecraft/dispenser/IDispenseItemBehavior$9,net/minecraft/server/v1_14_R1/IDispenseBehavior$20,,net/minecraft/block/dispenser/DispenserBehavior$20,net/minecraft/class_2357$20
fw$3,net/minecraft/dispenser/IDispenseItemBehavior$11,net/minecraft/server/v1_14_R1/IDispenseBehavior$3,,net/minecraft/block/dispenser/DispenserBehavior$3,net/minecraft/class_2357$3
fw$4,net/minecraft/dispenser/IDispenseItemBehavior$12,net/minecraft/server/v1_14_R1/IDispenseBehavior$4,,net/minecraft/block/dispenser/DispenserBehavior$4,net/minecraft/class_2357$4
fw$5,net/minecraft/dispenser/IDispenseItemBehavior$13,net/minecraft/server/v1_14_R1/IDispenseBehavior$5,,net/minecraft/block/dispenser/DispenserBehavior$5,net/minecraft/class_2357$5
fw$6,net/minecraft/dispenser/IDispenseItemBehavior$14,net/minecraft/server/v1_14_R1/IDispenseBehavior$6,,net/minecraft/block/dispenser/DispenserBehavior$6,net/minecraft/class_2357$6
fw$7,net/minecraft/dispenser/IDispenseItemBehavior$15,net/minecraft/server/v1_14_R1/IDispenseBehavior$7,,net/minecraft/block/dispenser/DispenserBehavior$7,net/minecraft/class_2357$7
fw$8,net/minecraft/dispenser/IDispenseItemBehavior$16,net/minecraft/server/v1_14_R1/IDispenseBehavior$8,,net/minecraft/block/dispenser/DispenserBehavior$8,net/minecraft/class_2357$8
fw$9,net/minecraft/dispenser/IDispenseItemBehavior$17,net/minecraft/server/v1_14_R1/IDispenseBehavior$9,,net/minecraft/block/dispenser/DispenserBehavior$9,net/minecraft/class_2357$9
fw,net/minecraft/dispenser/IDispenseItemBehavior,net/minecraft/server/v1_14_R1/IDispenseBehavior,,net/minecraft/block/dispenser/DispenserBehavior,net/minecraft/class_2357
fx,net/minecraft/dispenser/OptionalDispenseBehavior,net/minecraft/server/v1_14_R1/DispenseBehaviorMaybe,,net/minecraft/block/dispenser/FallibleItemDispenserBehavior,net/minecraft/class_2969
fy,net/minecraft/dispenser/ShulkerBoxDispenseBehavior,net/minecraft/server/v1_14_R1/DispenseBehaviorShulkerBox,,net/minecraft/block/dispenser/BlockPlacementDispenserBehavior,net/minecraft/class_2970
g,net/minecraft/util/DefaultUncaughtExceptionHandler,net/minecraft/server/v1_14_R1/DefaultUncaughtExceptionHandler,,net/minecraft/util/UncaughtExceptionLogger,net/minecraft/class_140
gb$1,net/minecraft/particles/BlockParticleData$1,net/minecraft/server/v1_14_R1/ParticleParamBlock$1,,net/minecraft/particle/BlockStateParticleEffect$1,net/minecraft/class_2388$1
gb,net/minecraft/particles/BlockParticleData,net/minecraft/server/v1_14_R1/ParticleParamBlock,,net/minecraft/particle/BlockStateParticleEffect,net/minecraft/class_2388
gc$1,net/minecraft/particles/RedstoneParticleData$1,net/minecraft/server/v1_14_R1/ParticleParamRedstone$1,,net/minecraft/particle/DustParticleEffect$1,net/minecraft/class_2390$1
gc,net/minecraft/particles/RedstoneParticleData,net/minecraft/server/v1_14_R1/ParticleParamRedstone,,net/minecraft/particle/DustParticleEffect,net/minecraft/class_2390
gd$1,net/minecraft/particles/ItemParticleData$1,net/minecraft/server/v1_14_R1/ParticleParamItem$1,,net/minecraft/particle/ItemStackParticleEffect$1,net/minecraft/class_2392$1
gd,net/minecraft/particles/ItemParticleData,net/minecraft/server/v1_14_R1/ParticleParamItem,,net/minecraft/particle/ItemStackParticleEffect,net/minecraft/class_2392
ge$a,net/minecraft/particles/IParticleData$IDeserializer,net/minecraft/server/v1_14_R1/ParticleParam$a,,net/minecraft/particle/ParticleEffect$Factory,net/minecraft/class_2394$class_2395
ge,net/minecraft/particles/IParticleData,net/minecraft/server/v1_14_R1/ParticleParam,,net/minecraft/particle/ParticleEffect,net/minecraft/class_2394
gf,net/minecraft/particles/ParticleType,net/minecraft/server/v1_14_R1/Particle,,net/minecraft/particle/ParticleType,net/minecraft/class_2396
gg,net/minecraft/particles/ParticleTypes,net/minecraft/server/v1_14_R1/Particles,,net/minecraft/particle/ParticleTypes,net/minecraft/class_2398
gh$1,net/minecraft/particles/BasicParticleType$1,net/minecraft/server/v1_14_R1/ParticleType$1,,net/minecraft/particle/DefaultParticleType$1,net/minecraft/class_2400$1
gh,net/minecraft/particles/BasicParticleType,net/minecraft/server/v1_14_R1/ParticleType,,net/minecraft/particle/DefaultParticleType,net/minecraft/class_2400
gj,net/minecraft/data/DataGenerator,,,net/minecraft/data/DataGenerator,net/minecraft/class_2403
gk,net/minecraft/data/IDataProvider,,,net/minecraft/data/DataProvider,net/minecraft/class_2405
gl,net/minecraft/data/DirectoryCache,,,net/minecraft/data/DataCache,net/minecraft/class_2408
gm,net/minecraft/data/AdvancementProvider,,,net/minecraft/data/server/AdvancementsProvider,net/minecraft/class_2409
gn,net/minecraft/data/advancements/AdventureAdvancements,,,net/minecraft/data/server/AdventureTabAdvancementGenerator,net/minecraft/class_2412
go,net/minecraft/data/advancements/HusbandryAdvancements,,,net/minecraft/data/server/HusbandryTabAdvancementGenerator,net/minecraft/class_2414
gp,net/minecraft/data/advancements/NetherAdvancements,,,net/minecraft/data/server/NetherTabAdvancementGenerator,net/minecraft/class_2416
gq,net/minecraft/data/advancements/StoryAdvancements,,,net/minecraft/data/server/StoryTabAdvancementGenerator,net/minecraft/class_2417
gr,net/minecraft/data/advancements/EndAdvancements,,,net/minecraft/data/server/EndTabAdvancementGenerator,net/minecraft/class_2419
gt,net/minecraft/data/BlockListReport,,,net/minecraft/data/report/BlockListProvider,net/minecraft/class_2422
gu,net/minecraft/data/CommandsReport,,,net/minecraft/data/report/CommandSyntaxProvider,net/minecraft/class_2425
gv,net/minecraft/data/RegistryDumpReport,,,net/minecraft/data/report/ItemListProvider,net/minecraft/class_2427
gx,net/minecraft/data/loot/BlockLootTables,,,net/minecraft/data/server/BlockLootTableGenerator,net/minecraft/class_2430
gy,net/minecraft/data/loot/ChestLootTables,,,net/minecraft/data/server/ChestLootTableGenerator,net/minecraft/class_2432
gz,net/minecraft/data/loot/EntityLootTables,,,net/minecraft/data/server/EntityLootTableGenerator,net/minecraft/class_2434
h,net/minecraft/util/DefaultWithNameUncaughtExceptionHandler,net/minecraft/server/v1_14_R1/ThreadNamedUncaughtExceptionHandler,,net/minecraft/util/UncaughtExceptionHandler,net/minecraft/class_143
ha,net/minecraft/data/loot/FishingLootTables,,,net/minecraft/data/server/FishingLootTableGenerator,net/minecraft/class_2437
hb,net/minecraft/data/loot/GiftLootTables,,,net/minecraft/data/server/GiftLootTableGenerator,net/minecraft/class_3714
hc,net/minecraft/data/LootTableProvider,,,net/minecraft/data/server/LootTablesProvider,net/minecraft/class_2438
hf,net/minecraft/data/IFinishedRecipe,,,net/minecraft/data/server/recipe/RecipeJsonProvider,net/minecraft/class_2444
hg,net/minecraft/data/RecipeProvider,,,net/minecraft/data/server/RecipesProvider,net/minecraft/class_2446
hh$a,net/minecraft/data/ShapedRecipeBuilder$Result,,,net/minecraft/data/server/recipe/ShapedRecipeJsonFactory$ShapedRecipeJsonProvider,net/minecraft/class_2447$class_2448
hh,net/minecraft/data/ShapedRecipeBuilder,,,net/minecraft/data/server/recipe/ShapedRecipeJsonFactory,net/minecraft/class_2447
hi$a,net/minecraft/data/ShapelessRecipeBuilder$Result,,,net/minecraft/data/server/recipe/ShapelessRecipeJsonFactory$ShapelessRecipeJsonProvider,net/minecraft/class_2450$class_2451
hi,net/minecraft/data/ShapelessRecipeBuilder,,,net/minecraft/data/server/recipe/ShapelessRecipeJsonFactory,net/minecraft/class_2450
hj$a,net/minecraft/data/CookingRecipeBuilder$Result,,,net/minecraft/data/server/recipe/CookingRecipeJsonFactory$CookingRecipeJsonProvider,net/minecraft/class_2454$class_2455
hj,net/minecraft/data/CookingRecipeBuilder,,,net/minecraft/data/server/recipe/CookingRecipeJsonFactory,net/minecraft/class_2454
hk$a,net/minecraft/data/SingleItemRecipeBuilder$Result,,,net/minecraft/data/server/recipe/SingleItemRecipeJsonFactory$SingleItemRecipeJsonProvider,net/minecraft/class_3981$class_3982
hk,net/minecraft/data/SingleItemRecipeBuilder,,,net/minecraft/data/server/recipe/SingleItemRecipeJsonFactory,net/minecraft/class_3981
hl$1,net/minecraft/data/CustomRecipeBuilder$1,,,net/minecraft/data/server/recipe/ComplexRecipeJsonFactory$1,net/minecraft/class_2456$1
hl,net/minecraft/data/CustomRecipeBuilder,,,net/minecraft/data/server/recipe/ComplexRecipeJsonFactory,net/minecraft/class_2456
hn,net/minecraft/data/NBTToSNBTConverter,,,net/minecraft/data/dev/NbtProvider,net/minecraft/class_2461
ho,net/minecraft/data/SNBTToNBTConverter,,,net/minecraft/data/SnbtProvider,net/minecraft/class_2463
hp$a,net/minecraft/data/StructureValidator$ValidationException,,,net/minecraft/data/validate/StructureValidatorProvider$class_3844,net/minecraft/class_3843$class_3844
hp,net/minecraft/data/StructureValidator,,,net/minecraft/data/validate/StructureValidatorProvider,net/minecraft/class_3843
hr,net/minecraft/data/BlockTagsProvider,,,net/minecraft/data/server/BlockTagsProvider,net/minecraft/class_2466
hs,net/minecraft/data/EntityTypeTagsProvider,,,net/minecraft/data/server/EntityTypeTagsProvider,net/minecraft/class_2467
ht,net/minecraft/data/FluidTagsProvider,,,net/minecraft/data/server/FluidTagsProvider,net/minecraft/class_2469
hu,net/minecraft/data/ItemTagsProvider,,,net/minecraft/data/server/ItemTagsProvider,net/minecraft/class_2471
hv,net/minecraft/data/TagsProvider,,,net/minecraft/data/server/AbstractTagProvider,net/minecraft/class_2474
hx,net/minecraft/util/text/translation/LanguageMap,net/minecraft/server/v1_14_R1/LocaleLanguage,,net/minecraft/util/Language,net/minecraft/class_2477
hz,net/minecraft/nbt/ByteArrayNBT,net/minecraft/server/v1_14_R1/NBTTagByteArray,,net/minecraft/nbt/ByteArrayTag,net/minecraft/class_2479
i,net/minecraft/util/MinecraftVersion,net/minecraft/server/v1_14_R1/MinecraftVersion,,net/minecraft/MinecraftVersion,net/minecraft/class_3797
ia,net/minecraft/nbt/ByteNBT,net/minecraft/server/v1_14_R1/NBTTagByte,,net/minecraft/nbt/ByteTag,net/minecraft/class_2481
ib,net/minecraft/nbt/CollectionNBT,net/minecraft/server/v1_14_R1/NBTList,,net/minecraft/nbt/AbstractListTag,net/minecraft/class_2483
ic,net/minecraft/nbt/CompoundNBT,net/minecraft/server/v1_14_R1/NBTTagCompound,,net/minecraft/nbt/CompoundTag,net/minecraft/class_2487
id,net/minecraft/nbt/DoubleNBT,net/minecraft/server/v1_14_R1/NBTTagDouble,,net/minecraft/nbt/DoubleTag,net/minecraft/class_2489
ie,net/minecraft/nbt/EndNBT,net/minecraft/server/v1_14_R1/NBTTagEnd,,net/minecraft/nbt/EndTag,net/minecraft/class_2491
ig,net/minecraft/nbt/FloatNBT,net/minecraft/server/v1_14_R1/NBTTagFloat,,net/minecraft/nbt/FloatTag,net/minecraft/class_2494
ih,net/minecraft/nbt/IntArrayNBT,net/minecraft/server/v1_14_R1/NBTTagIntArray,,net/minecraft/nbt/IntArrayTag,net/minecraft/class_2495
ii,net/minecraft/nbt/IntNBT,net/minecraft/server/v1_14_R1/NBTTagInt,,net/minecraft/nbt/IntTag,net/minecraft/class_2497
ij,net/minecraft/nbt/ListNBT,net/minecraft/server/v1_14_R1/NBTTagList,,net/minecraft/nbt/ListTag,net/minecraft/class_2499
ik,net/minecraft/nbt/LongArrayNBT,net/minecraft/server/v1_14_R1/NBTTagLongArray,,net/minecraft/nbt/LongArrayTag,net/minecraft/class_2501
il,net/minecraft/nbt/LongNBT,net/minecraft/server/v1_14_R1/NBTTagLong,,net/minecraft/nbt/LongTag,net/minecraft/class_2503
im$1,net/minecraft/nbt/NBTSizeTracker$1,net/minecraft/server/v1_14_R1/NBTReadLimiter$1,,net/minecraft/nbt/PositionTracker$1,net/minecraft/class_2505$1
im,net/minecraft/nbt/NBTSizeTracker,net/minecraft/server/v1_14_R1/NBTReadLimiter,,net/minecraft/nbt/PositionTracker,net/minecraft/class_2505
in,net/minecraft/nbt/CompressedStreamTools,net/minecraft/server/v1_14_R1/NBTCompressedStreamTools,,net/minecraft/nbt/NbtIo,net/minecraft/class_2507
io,net/minecraft/nbt/NBTDynamicOps,net/minecraft/server/v1_14_R1/DynamicOpsNBT,,net/minecraft/datafixers/NbtOps,net/minecraft/class_2509
ip,net/minecraft/nbt/NBTUtil,net/minecraft/server/v1_14_R1/GameProfileSerializer,,net/minecraft/util/TagHelper,net/minecraft/class_2512
iq,net/minecraft/nbt/NumberNBT,net/minecraft/server/v1_14_R1/NBTNumber,,net/minecraft/nbt/AbstractNumberTag,net/minecraft/class_2514
ir,net/minecraft/nbt/ShortNBT,net/minecraft/server/v1_14_R1/NBTTagShort,,net/minecraft/nbt/ShortTag,net/minecraft/class_2516
is,net/minecraft/nbt/StringNBT,net/minecraft/server/v1_14_R1/NBTTagString,,net/minecraft/nbt/StringTag,net/minecraft/class_2519
it,net/minecraft/nbt/INBT,net/minecraft/server/v1_14_R1/NBTBase,,net/minecraft/nbt/Tag,net/minecraft/class_2520
iu,net/minecraft/nbt/JsonToNBT,net/minecraft/server/v1_14_R1/MojangsonParser,,net/minecraft/nbt/StringNbtReader,net/minecraft/class_2522
iw,net/minecraft/network/NettyEncryptionTranslator,net/minecraft/server/v1_14_R1/PacketEncryptionHandler,,net/minecraft/network/encryption/PacketEncryptionManager,net/minecraft/class_2524
ix,net/minecraft/network/NettyEncryptingDecoder,net/minecraft/server/v1_14_R1/PacketDecrypter,,net/minecraft/network/encryption/PacketDecryptor,net/minecraft/class_2528
iy,net/minecraft/network/NettyEncryptingEncoder,net/minecraft/server/v1_14_R1/PacketEncrypter,,net/minecraft/network/encryption/PacketEncryptor,net/minecraft/class_2529
iz,net/minecraft/network/NettyCompressionDecoder,net/minecraft/server/v1_14_R1/PacketDecompressor,,net/minecraft/network/PacketInflater,net/minecraft/class_2532
ja,net/minecraft/network/NettyCompressionEncoder,net/minecraft/server/v1_14_R1/PacketCompressor,,net/minecraft/network/PacketDeflater,net/minecraft/class_2534
jb$a,net/minecraft/network/NetworkManager$QueuedPacket,net/minecraft/server/v1_14_R1/NetworkManager$QueuedPacket,,net/minecraft/network/ClientConnection$PacketWrapper,net/minecraft/class_2535$class_2536
jb,net/minecraft/network/NetworkManager,net/minecraft/server/v1_14_R1/NetworkManager,,net/minecraft/network/ClientConnection,net/minecraft/class_2535
jc$1,net/minecraft/network/ProtocolType$1,net/minecraft/server/v1_14_R1/EnumProtocol$1,,net/minecraft/network/NetworkState$1,net/minecraft/class_2539$1
jc$2,net/minecraft/network/ProtocolType$2,net/minecraft/server/v1_14_R1/EnumProtocol$2,,net/minecraft/network/NetworkState$2,net/minecraft/class_2539$2
jc$3,net/minecraft/network/ProtocolType$3,net/minecraft/server/v1_14_R1/EnumProtocol$3,,net/minecraft/network/NetworkState$3,net/minecraft/class_2539$3
jc$4,net/minecraft/network/ProtocolType$4,net/minecraft/server/v1_14_R1/EnumProtocol$4,,net/minecraft/network/NetworkState$4,net/minecraft/class_2539$4
jc,net/minecraft/network/ProtocolType,net/minecraft/server/v1_14_R1/EnumProtocol,,net/minecraft/network/NetworkState,net/minecraft/class_2539
jd,net/minecraft/network/PacketBuffer,net/minecraft/server/v1_14_R1/PacketDataSerializer,,net/minecraft/util/PacketByteBuf,net/minecraft/class_2540
je,net/minecraft/network/NettyPacketDecoder,net/minecraft/server/v1_14_R1/PacketDecoder,,net/minecraft/network/DecoderHandler,net/minecraft/class_2543
jf,net/minecraft/network/NettyPacketEncoder,net/minecraft/server/v1_14_R1/PacketEncoder,,net/minecraft/network/PacketEncoder,net/minecraft/class_2545
jg,net/minecraft/network/INetHandler,net/minecraft/server/v1_14_R1/PacketListener,,net/minecraft/network/listener/PacketListener,net/minecraft/class_2547
jh,net/minecraft/network/SkipableEncoderException,net/minecraft/server/v1_14_R1/SkipEncodeException,,net/minecraft/network/PacketEncoderException,net/minecraft/class_2548
ji,net/minecraft/network/NettyVarint21FrameDecoder,net/minecraft/server/v1_14_R1/PacketSplitter,,net/minecraft/network/SplitterHandler,net/minecraft/class_2550
jj,net/minecraft/network/NettyVarint21FrameEncoder,net/minecraft/server/v1_14_R1/PacketPrepender,,net/minecraft/network/SizePrepender,net/minecraft/class_2552
jk,net/minecraft/util/text/TextComponent,net/minecraft/server/v1_14_R1/ChatBaseComponent,,net/minecraft/text/BaseText,net/minecraft/class_2554
jl,net/minecraft/util/text/ChatType,net/minecraft/server/v1_14_R1/ChatMessageType,,net/minecraft/network/MessageType,net/minecraft/class_2556
jm$a,net/minecraft/util/text/event/ClickEvent$Action,net/minecraft/server/v1_14_R1/ChatClickable$EnumClickAction,,net/minecraft/text/ClickEvent$Action,net/minecraft/class_2558$class_2559
jm,net/minecraft/util/text/event/ClickEvent,net/minecraft/server/v1_14_R1/ChatClickable,,net/minecraft/text/ClickEvent,net/minecraft/class_2558
jn$a,net/minecraft/util/text/ITextComponent$Serializer,net/minecraft/server/v1_14_R1/IChatBaseComponent$ChatSerializer,,net/minecraft/text/Text$Serializer,net/minecraft/class_2561$class_2562
jn,net/minecraft/util/text/ITextComponent,net/minecraft/server/v1_14_R1/IChatBaseComponent,,net/minecraft/text/Text,net/minecraft/class_2561
jo,net/minecraft/util/text/TextComponentUtils,net/minecraft/server/v1_14_R1/ChatComponentUtils,,net/minecraft/text/Texts,net/minecraft/class_2564
jp,net/minecraft/util/text/ITargetedTextComponent,net/minecraft/server/v1_14_R1/ChatComponentContextual,,net/minecraft/text/ParsableText,net/minecraft/class_2566
jq$a,net/minecraft/util/text/event/HoverEvent$Action,net/minecraft/server/v1_14_R1/ChatHoverable$EnumHoverAction,,net/minecraft/text/HoverEvent$Action,net/minecraft/class_2568$class_2569
jq,net/minecraft/util/text/event/HoverEvent,net/minecraft/server/v1_14_R1/ChatHoverable,,net/minecraft/text/HoverEvent,net/minecraft/class_2568
jr,net/minecraft/util/text/KeybindTextComponent,net/minecraft/server/v1_14_R1/ChatComponentKeybind,,net/minecraft/text/KeybindText,net/minecraft/class_2572
js$a,net/minecraft/util/text/NBTTextComponent$Block,net/minecraft/server/v1_14_R1/ChatComponentNBT$a,,net/minecraft/text/NbtText$BlockNbtText,net/minecraft/class_2574$class_2575
js$b,net/minecraft/util/text/NBTTextComponent$Entity,net/minecraft/server/v1_14_R1/ChatComponentNBT$b,,net/minecraft/text/NbtText$EntityNbtText,net/minecraft/class_2574$class_2576
js,net/minecraft/util/text/NBTTextComponent,net/minecraft/server/v1_14_R1/ChatComponentNBT,,net/minecraft/text/NbtText,net/minecraft/class_2574
jt,net/minecraft/util/text/ScoreTextComponent,net/minecraft/server/v1_14_R1/ChatComponentScore,,net/minecraft/text/ScoreText,net/minecraft/class_2578
ju,net/minecraft/util/text/SelectorTextComponent,net/minecraft/server/v1_14_R1/ChatComponentSelector,,net/minecraft/text/SelectorText,net/minecraft/class_2579
jv$1,net/minecraft/util/text/Style$1,net/minecraft/server/v1_14_R1/ChatModifier$1,,net/minecraft/text/Style$1,net/minecraft/class_2583$1
jv$a,net/minecraft/util/text/Style$Serializer,net/minecraft/server/v1_14_R1/ChatModifier$ChatModifierSerializer,,net/minecraft/text/Style$Serializer,net/minecraft/class_2583$class_2584
jv,net/minecraft/util/text/Style,net/minecraft/server/v1_14_R1/ChatModifier,,net/minecraft/text/Style,net/minecraft/class_2583
jw,net/minecraft/util/text/StringTextComponent,net/minecraft/server/v1_14_R1/ChatComponentText,,net/minecraft/text/LiteralText,net/minecraft/class_2585
jx,net/minecraft/util/text/TranslationTextComponent,net/minecraft/server/v1_14_R1/ChatMessage,,net/minecraft/text/TranslatableText,net/minecraft/class_2588
jy,net/minecraft/util/text/TranslationTextComponentFormatException,net/minecraft/server/v1_14_R1/ChatMessageException,,net/minecraft/text/TranslationException,net/minecraft/class_2590
k,net/minecraft/util/FileUtil,net/minecraft/server/v1_14_R1/FileUtils,,net/minecraft/util/FileNameUtil,net/minecraft/class_4239
kb,net/minecraft/network/IPacket,net/minecraft/server/v1_14_R1/Packet,,net/minecraft/network/Packet,net/minecraft/class_2596
kc,net/minecraft/network/PacketDirection,net/minecraft/server/v1_14_R1/EnumProtocolDirection,,net/minecraft/network/NetworkSide,net/minecraft/class_2598
kd,net/minecraft/network/PacketThreadUtil,net/minecraft/server/v1_14_R1/PlayerConnectionUtils,,net/minecraft/network/NetworkThreadUtils,net/minecraft/class_2600
ke,net/minecraft/client/network/play/IClientPlayNetHandler,net/minecraft/server/v1_14_R1/PacketListenerPlayOut,,net/minecraft/network/listener/ClientPlayPacketListener,net/minecraft/class_2602
kf,net/minecraft/network/play/server/SSpawnObjectPacket,net/minecraft/server/v1_14_R1/PacketPlayOutSpawnEntity,,net/minecraft/client/network/packet/EntitySpawnS2CPacket,net/minecraft/class_2604
kg,net/minecraft/network/play/server/SSpawnExperienceOrbPacket,net/minecraft/server/v1_14_R1/PacketPlayOutSpawnEntityExperienceOrb,,net/minecraft/client/network/packet/ExperienceOrbSpawnS2CPacket,net/minecraft/class_2606
kh,net/minecraft/network/play/server/SSpawnGlobalEntityPacket,net/minecraft/server/v1_14_R1/PacketPlayOutSpawnEntityWeather,,net/minecraft/client/network/packet/EntitySpawnGlobalS2CPacket,net/minecraft/class_2607
ki,net/minecraft/network/play/server/SSpawnMobPacket,net/minecraft/server/v1_14_R1/PacketPlayOutSpawnEntityLiving,,net/minecraft/client/network/packet/MobSpawnS2CPacket,net/minecraft/class_2610
kj,net/minecraft/network/play/server/SSpawnPaintingPacket,net/minecraft/server/v1_14_R1/PacketPlayOutSpawnEntityPainting,,net/minecraft/client/network/packet/PaintingSpawnS2CPacket,net/minecraft/class_2612
kk,net/minecraft/network/play/server/SSpawnPlayerPacket,net/minecraft/server/v1_14_R1/PacketPlayOutNamedEntitySpawn,,net/minecraft/client/network/packet/PlayerSpawnS2CPacket,net/minecraft/class_2613
kl,net/minecraft/network/play/server/SAnimateHandPacket,net/minecraft/server/v1_14_R1/PacketPlayOutAnimation,,net/minecraft/client/network/packet/EntityAnimationS2CPacket,net/minecraft/class_2616
km,net/minecraft/network/play/server/SStatisticsPacket,net/minecraft/server/v1_14_R1/PacketPlayOutStatistic,,net/minecraft/client/network/packet/StatisticsS2CPacket,net/minecraft/class_2617
kn,net/minecraft/network/play/server/SAnimateBlockBreakPacket,net/minecraft/server/v1_14_R1/PacketPlayOutBlockBreakAnimation,,net/minecraft/client/network/packet/BlockBreakingProgressS2CPacket,net/minecraft/class_2620
ko,net/minecraft/network/play/server/SUpdateTileEntityPacket,net/minecraft/server/v1_14_R1/PacketPlayOutTileEntityData,,net/minecraft/client/network/packet/BlockEntityUpdateS2CPacket,net/minecraft/class_2622
kp,net/minecraft/network/play/server/SBlockActionPacket,net/minecraft/server/v1_14_R1/PacketPlayOutBlockAction,,net/minecraft/client/network/packet/BlockActionS2CPacket,net/minecraft/class_2623
kq,net/minecraft/network/play/server/SChangeBlockPacket,net/minecraft/server/v1_14_R1/PacketPlayOutBlockChange,,net/minecraft/client/network/packet/BlockUpdateS2CPacket,net/minecraft/class_2626
kr$a,net/minecraft/network/play/server/SUpdateBossInfoPacket$Operation,net/minecraft/server/v1_14_R1/PacketPlayOutBoss$Action,,net/minecraft/client/network/packet/BossBarS2CPacket$Type,net/minecraft/class_2629$class_2630
kr,net/minecraft/network/play/server/SUpdateBossInfoPacket,net/minecraft/server/v1_14_R1/PacketPlayOutBoss,,net/minecraft/client/network/packet/BossBarS2CPacket,net/minecraft/class_2629
ks,net/minecraft/network/play/server/SServerDifficultyPacket,net/minecraft/server/v1_14_R1/PacketPlayOutServerDifficulty,,net/minecraft/client/network/packet/DifficultyS2CPacket,net/minecraft/class_2632
kt,net/minecraft/network/play/server/SChatPacket,net/minecraft/server/v1_14_R1/PacketPlayOutChat,,net/minecraft/client/network/packet/ChatMessageS2CPacket,net/minecraft/class_2635
ku$a,net/minecraft/network/play/server/SMultiBlockChangePacket$UpdateData,net/minecraft/server/v1_14_R1/PacketPlayOutMultiBlockChange$MultiBlockChangeInfo,,net/minecraft/client/network/packet/ChunkDeltaUpdateS2CPacket$ChunkDeltaRecord,net/minecraft/class_2637$class_2638
ku,net/minecraft/network/play/server/SMultiBlockChangePacket,net/minecraft/server/v1_14_R1/PacketPlayOutMultiBlockChange,,net/minecraft/client/network/packet/ChunkDeltaUpdateS2CPacket,net/minecraft/class_2637
kv,net/minecraft/network/play/server/STabCompletePacket,net/minecraft/server/v1_14_R1/PacketPlayOutTabComplete,,net/minecraft/client/network/packet/CommandSuggestionsS2CPacket,net/minecraft/class_2639
kw$a,net/minecraft/network/play/server/SCommandListPacket$Entry,net/minecraft/server/v1_14_R1/PacketPlayOutCommands$a,,net/minecraft/client/network/packet/CommandTreeS2CPacket$CommandNodeData,net/minecraft/class_2641$class_2642
kw,net/minecraft/network/play/server/SCommandListPacket,net/minecraft/server/v1_14_R1/PacketPlayOutCommands,,net/minecraft/client/network/packet/CommandTreeS2CPacket,net/minecraft/class_2641
kx,net/minecraft/network/play/server/SConfirmTransactionPacket,net/minecraft/server/v1_14_R1/PacketPlayOutTransaction,,net/minecraft/client/network/packet/ConfirmGuiActionS2CPacket,net/minecraft/class_2644
ky,net/minecraft/network/play/server/SCloseWindowPacket,net/minecraft/server/v1_14_R1/PacketPlayOutCloseWindow,,net/minecraft/client/network/packet/GuiCloseS2CPacket,net/minecraft/class_2645
kz,net/minecraft/network/play/server/SWindowItemsPacket,net/minecraft/server/v1_14_R1/PacketPlayOutWindowItems,,net/minecraft/client/network/packet/InventoryS2CPacket,net/minecraft/class_2649
la,net/minecraft/network/play/server/SWindowPropertyPacket,net/minecraft/server/v1_14_R1/PacketPlayOutWindowData,,net/minecraft/client/network/packet/GuiUpdateS2CPacket,net/minecraft/class_2651
lb,net/minecraft/network/play/server/SSetSlotPacket,net/minecraft/server/v1_14_R1/PacketPlayOutSetSlot,,net/minecraft/client/network/packet/GuiSlotUpdateS2CPacket,net/minecraft/class_2653
lc,net/minecraft/network/play/server/SCooldownPacket,net/minecraft/server/v1_14_R1/PacketPlayOutSetCooldown,,net/minecraft/client/network/packet/CooldownUpdateS2CPacket,net/minecraft/class_2656
ld,net/minecraft/network/play/server/SCustomPayloadPlayPacket,net/minecraft/server/v1_14_R1/PacketPlayOutCustomPayload,,net/minecraft/client/network/packet/CustomPayloadS2CPacket,net/minecraft/class_2658
le,net/minecraft/network/play/server/SPlaySoundPacket,net/minecraft/server/v1_14_R1/PacketPlayOutCustomSoundEffect,,net/minecraft/client/network/packet/PlaySoundIdS2CPacket,net/minecraft/class_2660
lf,net/minecraft/network/play/server/SDisconnectPacket,net/minecraft/server/v1_14_R1/PacketPlayOutKickDisconnect,,net/minecraft/client/network/packet/DisconnectS2CPacket,net/minecraft/class_2661
lg,net/minecraft/network/play/server/SEntityStatusPacket,net/minecraft/server/v1_14_R1/PacketPlayOutEntityStatus,,net/minecraft/client/network/packet/EntityStatusS2CPacket,net/minecraft/class_2663
lh,net/minecraft/network/play/server/SExplosionPacket,net/minecraft/server/v1_14_R1/PacketPlayOutExplosion,,net/minecraft/client/network/packet/ExplosionS2CPacket,net/minecraft/class_2664
li,net/minecraft/network/play/server/SUnloadChunkPacket,net/minecraft/server/v1_14_R1/PacketPlayOutUnloadChunk,,net/minecraft/client/network/packet/UnloadChunkS2CPacket,net/minecraft/class_2666
lj,net/minecraft/network/play/server/SChangeGameStatePacket,net/minecraft/server/v1_14_R1/PacketPlayOutGameStateChange,,net/minecraft/client/network/packet/GameStateChangeS2CPacket,net/minecraft/class_2668
lk,net/minecraft/network/play/server/SOpenHorseWindowPacket,net/minecraft/server/v1_14_R1/PacketPlayOutOpenWindowHorse,,net/minecraft/client/network/packet/GuiOpenS2CPacket,net/minecraft/class_2648
ll,net/minecraft/network/play/server/SKeepAlivePacket,net/minecraft/server/v1_14_R1/PacketPlayOutKeepAlive,,net/minecraft/client/network/packet/KeepAliveS2CPacket,net/minecraft/class_2670
lm,net/minecraft/network/play/server/SChunkDataPacket,net/minecraft/server/v1_14_R1/PacketPlayOutMapChunk,,net/minecraft/client/network/packet/ChunkDataS2CPacket,net/minecraft/class_2672
ln,net/minecraft/network/play/server/SPlaySoundEventPacket,net/minecraft/server/v1_14_R1/PacketPlayOutWorldEvent,,net/minecraft/client/network/packet/WorldEventS2CPacket,net/minecraft/class_2673
lo,net/minecraft/network/play/server/SSpawnParticlePacket,net/minecraft/server/v1_14_R1/PacketPlayOutWorldParticles,,net/minecraft/client/network/packet/ParticleS2CPacket,net/minecraft/class_2675
lp,net/minecraft/network/play/server/SUpdateLightPacket,net/minecraft/server/v1_14_R1/PacketPlayOutLightUpdate,,net/minecraft/client/network/packet/LightUpdateS2CPacket,net/minecraft/class_2676
lq,net/minecraft/network/play/server/SJoinGamePacket,net/minecraft/server/v1_14_R1/PacketPlayOutLogin,,net/minecraft/client/network/packet/GameJoinS2CPacket,net/minecraft/class_2678
lr,net/minecraft/network/play/server/SMapDataPacket,net/minecraft/server/v1_14_R1/PacketPlayOutMap,,net/minecraft/client/network/packet/MapUpdateS2CPacket,net/minecraft/class_2683
ls,net/minecraft/network/play/server/SMerchantOffersPacket,net/minecraft/server/v1_14_R1/PacketPlayOutOpenWindowMerchant,,net/minecraft/client/network/packet/SetTradeOffersPacket,net/minecraft/class_3943
lt$a,net/minecraft/network/play/server/SEntityPacket$RelativeMovePacket,net/minecraft/server/v1_14_R1/PacketPlayOutEntity$PacketPlayOutRelEntityMove,,net/minecraft/client/network/packet/EntityS2CPacket$MoveRelative,net/minecraft/class_2684$class_2685
lt$b,net/minecraft/network/play/server/SEntityPacket$MovePacket,net/minecraft/server/v1_14_R1/PacketPlayOutEntity$PacketPlayOutRelEntityMoveLook,,net/minecraft/client/network/packet/EntityS2CPacket$RotateAndMoveRelative,net/minecraft/class_2684$class_2686
lt$c,net/minecraft/network/play/server/SEntityPacket$LookPacket,net/minecraft/server/v1_14_R1/PacketPlayOutEntity$PacketPlayOutEntityLook,,net/minecraft/client/network/packet/EntityS2CPacket$Rotate,net/minecraft/class_2684$class_2687
lt,net/minecraft/network/play/server/SEntityPacket,net/minecraft/server/v1_14_R1/PacketPlayOutEntity,,net/minecraft/client/network/packet/EntityS2CPacket,net/minecraft/class_2684
lu,net/minecraft/network/play/server/SMoveVehiclePacket,net/minecraft/server/v1_14_R1/PacketPlayOutVehicleMove,,net/minecraft/client/network/packet/VehicleMoveS2CPacket,net/minecraft/class_2692
lv,net/minecraft/network/play/server/SOpenBookWindowPacket,net/minecraft/server/v1_14_R1/PacketPlayOutOpenBook,,net/minecraft/client/network/packet/OpenWrittenBookS2CPacket,net/minecraft/class_3895
lw,net/minecraft/network/play/server/SOpenWindowPacket,net/minecraft/server/v1_14_R1/PacketPlayOutOpenWindow,,net/minecraft/client/network/packet/OpenContainerPacket,net/minecraft/class_3944
lx,net/minecraft/network/play/server/SOpenSignMenuPacket,net/minecraft/server/v1_14_R1/PacketPlayOutOpenSignEditor,,net/minecraft/client/network/packet/SignEditorOpenS2CPacket,net/minecraft/class_2693
ly,net/minecraft/network/play/server/SPlaceGhostRecipePacket,net/minecraft/server/v1_14_R1/PacketPlayOutAutoRecipe,,net/minecraft/client/network/packet/CraftResponseS2CPacket,net/minecraft/class_2695
lz,net/minecraft/network/play/server/SPlayerAbilitiesPacket,net/minecraft/server/v1_14_R1/PacketPlayOutAbilities,,net/minecraft/client/network/packet/PlayerAbilitiesS2CPacket,net/minecraft/class_2696
m,net/minecraft/crash/ReportedException,net/minecraft/server/v1_14_R1/ReportedException,,net/minecraft/util/crash/CrashException,net/minecraft/class_148
ma$a,net/minecraft/network/play/server/SCombatPacket$Event,net/minecraft/server/v1_14_R1/PacketPlayOutCombatEvent$EnumCombatEventType,,net/minecraft/client/network/packet/CombatEventS2CPacket$Type,net/minecraft/class_2698$class_2699
ma,net/minecraft/network/play/server/SCombatPacket,net/minecraft/server/v1_14_R1/PacketPlayOutCombatEvent,,net/minecraft/client/network/packet/CombatEventS2CPacket,net/minecraft/class_2698
mb$a,net/minecraft/network/play/server/SPlayerListItemPacket$Action,net/minecraft/server/v1_14_R1/PacketPlayOutPlayerInfo$EnumPlayerInfoAction,,net/minecraft/client/network/packet/PlayerListS2CPacket$Action,net/minecraft/class_2703$class_2704
mb$b,net/minecraft/network/play/server/SPlayerListItemPacket$AddPlayerData,net/minecraft/server/v1_14_R1/PacketPlayOutPlayerInfo$PlayerInfoData,,net/minecraft/client/network/packet/PlayerListS2CPacket$Entry,net/minecraft/class_2703$class_2705
mb,net/minecraft/network/play/server/SPlayerListItemPacket,net/minecraft/server/v1_14_R1/PacketPlayOutPlayerInfo,,net/minecraft/client/network/packet/PlayerListS2CPacket,net/minecraft/class_2703
mc,net/minecraft/network/play/server/SPlayerLookPacket,net/minecraft/server/v1_14_R1/PacketPlayOutLookAt,,net/minecraft/client/network/packet/LookAtS2CPacket,net/minecraft/class_2707
md$a,net/minecraft/network/play/server/SPlayerPositionLookPacket$Flags,net/minecraft/server/v1_14_R1/PacketPlayOutPosition$EnumPlayerTeleportFlags,,net/minecraft/client/network/packet/PlayerPositionLookS2CPacket$Flag,net/minecraft/class_2708$class_2709
md,net/minecraft/network/play/server/SPlayerPositionLookPacket,net/minecraft/server/v1_14_R1/PacketPlayOutPosition,,net/minecraft/client/network/packet/PlayerPositionLookS2CPacket,net/minecraft/class_2708
me$a,net/minecraft/network/play/server/SRecipeBookPacket$State,net/minecraft/server/v1_14_R1/PacketPlayOutRecipes$Action,,net/minecraft/client/network/packet/UnlockRecipesS2CPacket$Action,net/minecraft/class_2713$class_2714
me,net/minecraft/network/play/server/SRecipeBookPacket,net/minecraft/server/v1_14_R1/PacketPlayOutRecipes,,net/minecraft/client/network/packet/UnlockRecipesS2CPacket,net/minecraft/class_2713
mf,net/minecraft/network/play/server/SDestroyEntitiesPacket,net/minecraft/server/v1_14_R1/PacketPlayOutEntityDestroy,,net/minecraft/client/network/packet/EntitiesDestroyS2CPacket,net/minecraft/class_2716
mg,net/minecraft/network/play/server/SRemoveEntityEffectPacket,net/minecraft/server/v1_14_R1/PacketPlayOutRemoveEntityEffect,,net/minecraft/client/network/packet/RemoveEntityEffectS2CPacket,net/minecraft/class_2718
mh,net/minecraft/network/play/server/SSendResourcePackPacket,net/minecraft/server/v1_14_R1/PacketPlayOutResourcePackSend,,net/minecraft/client/network/packet/ResourcePackSendS2CPacket,net/minecraft/class_2720
mi,net/minecraft/network/play/server/SRespawnPacket,net/minecraft/server/v1_14_R1/PacketPlayOutRespawn,,net/minecraft/client/network/packet/PlayerRespawnS2CPacket,net/minecraft/class_2724
mj,net/minecraft/network/play/server/SEntityHeadLookPacket,net/minecraft/server/v1_14_R1/PacketPlayOutEntityHeadRotation,,net/minecraft/client/network/packet/EntitySetHeadYawS2CPacket,net/minecraft/class_2726
mk,net/minecraft/network/play/server/SSelectAdvancementsTabPacket,net/minecraft/server/v1_14_R1/PacketPlayOutSelectAdvancementTab,,net/minecraft/client/network/packet/SelectAdvancementTabS2CPacket,net/minecraft/class_2729
ml$a,net/minecraft/network/play/server/SWorldBorderPacket$Action,net/minecraft/server/v1_14_R1/PacketPlayOutWorldBorder$EnumWorldBorderAction,,net/minecraft/client/network/packet/WorldBorderS2CPacket$Type,net/minecraft/class_2730$class_2731
ml,net/minecraft/network/play/server/SWorldBorderPacket,net/minecraft/server/v1_14_R1/PacketPlayOutWorldBorder,,net/minecraft/client/network/packet/WorldBorderS2CPacket,net/minecraft/class_2730
mm,net/minecraft/network/play/server/SCameraPacket,net/minecraft/server/v1_14_R1/PacketPlayOutCamera,,net/minecraft/client/network/packet/SetCameraEntityS2CPacket,net/minecraft/class_2734
mn,net/minecraft/network/play/server/SHeldItemChangePacket,net/minecraft/server/v1_14_R1/PacketPlayOutHeldItemSlot,,net/minecraft/client/network/packet/HeldItemChangeS2CPacket,net/minecraft/class_2735
mo,net/minecraft/network/play/server/SUpdateChunkPositionPacket,net/minecraft/server/v1_14_R1/PacketPlayOutViewCentre,,net/minecraft/client/network/packet/ChunkRenderDistanceCenterS2CPacket,net/minecraft/class_4282
mp,net/minecraft/network/play/server/SUpdateViewDistancePacket,net/minecraft/server/v1_14_R1/PacketPlayOutViewDistance,,net/minecraft/client/network/packet/ChunkLoadDistanceS2CPacket,net/minecraft/class_4273
mq,net/minecraft/network/play/server/SDisplayObjectivePacket,net/minecraft/server/v1_14_R1/PacketPlayOutScoreboardDisplayObjective,,net/minecraft/client/network/packet/ScoreboardDisplayS2CPacket,net/minecraft/class_2736
mr,net/minecraft/network/play/server/SEntityMetadataPacket,net/minecraft/server/v1_14_R1/PacketPlayOutEntityMetadata,,net/minecraft/client/network/packet/EntityTrackerUpdateS2CPacket,net/minecraft/class_2739
ms,net/minecraft/network/play/server/SMountEntityPacket,net/minecraft/server/v1_14_R1/PacketPlayOutAttachEntity,,net/minecraft/client/network/packet/EntityAttachS2CPacket,net/minecraft/class_2740
mt,net/minecraft/network/play/server/SEntityVelocityPacket,net/minecraft/server/v1_14_R1/PacketPlayOutEntityVelocity,,net/minecraft/client/network/packet/EntityVelocityUpdateS2CPacket,net/minecraft/class_2743
mu,net/minecraft/network/play/server/SEntityEquipmentPacket,net/minecraft/server/v1_14_R1/PacketPlayOutEntityEquipment,,net/minecraft/client/network/packet/EntityEquipmentUpdateS2CPacket,net/minecraft/class_2744
mv,net/minecraft/network/play/server/SSetExperiencePacket,net/minecraft/server/v1_14_R1/PacketPlayOutExperience,,net/minecraft/client/network/packet/ExperienceBarUpdateS2CPacket,net/minecraft/class_2748
mw,net/minecraft/network/play/server/SUpdateHealthPacket,net/minecraft/server/v1_14_R1/PacketPlayOutUpdateHealth,,net/minecraft/client/network/packet/HealthUpdateS2CPacket,net/minecraft/class_2749
mx,net/minecraft/network/play/server/SScoreboardObjectivePacket,net/minecraft/server/v1_14_R1/PacketPlayOutScoreboardObjective,,net/minecraft/client/network/packet/ScoreboardObjectiveUpdateS2CPacket,net/minecraft/class_2751
my,net/minecraft/network/play/server/SSetPassengersPacket,net/minecraft/server/v1_14_R1/PacketPlayOutMount,,net/minecraft/client/network/packet/EntityPassengersSetS2CPacket,net/minecraft/class_2752
mz,net/minecraft/network/play/server/STeamsPacket,net/minecraft/server/v1_14_R1/PacketPlayOutScoreboardTeam,,net/minecraft/client/network/packet/TeamS2CPacket,net/minecraft/class_2755
n,net/minecraft/util/ResourceLocationException,net/minecraft/server/v1_14_R1/ResourceKeyInvalidException,,net/minecraft/util/InvalidIdentifierException,net/minecraft/class_151
na,net/minecraft/network/play/server/SUpdateScorePacket,net/minecraft/server/v1_14_R1/PacketPlayOutScoreboardScore,,net/minecraft/client/network/packet/ScoreboardPlayerUpdateS2CPacket,net/minecraft/class_2757
nb,net/minecraft/network/play/server/SSpawnPositionPacket,net/minecraft/server/v1_14_R1/PacketPlayOutSpawnPosition,,net/minecraft/client/network/packet/PlayerSpawnPositionS2CPacket,net/minecraft/class_2759
nc,net/minecraft/network/play/server/SUpdateTimePacket,net/minecraft/server/v1_14_R1/PacketPlayOutUpdateTime,,net/minecraft/client/network/packet/WorldTimeUpdateS2CPacket,net/minecraft/class_2761
nd$a,net/minecraft/network/play/server/STitlePacket$Type,net/minecraft/server/v1_14_R1/PacketPlayOutTitle$EnumTitleAction,,net/minecraft/client/network/packet/TitleS2CPacket$Action,net/minecraft/class_2762$class_2763
nd,net/minecraft/network/play/server/STitlePacket,net/minecraft/server/v1_14_R1/PacketPlayOutTitle,,net/minecraft/client/network/packet/TitleS2CPacket,net/minecraft/class_2762
ne,net/minecraft/network/play/server/SSpawnMovingSoundEffectPacket,net/minecraft/server/v1_14_R1/PacketPlayOutEntitySound,,net/minecraft/client/network/packet/PlaySoundFromEntityS2CPacket,net/minecraft/class_2765
net/minecraft/data/Main,net/minecraft/data/Main,,,net/minecraft/data/Main,net/minecraft/data/Main
net/minecraft/server/MinecraftServer$1,net/minecraft/server/MinecraftServer$1,net/minecraft/server/v1_14_R1/MinecraftServer$1,,net/minecraft/server/MinecraftServer$1,net/minecraft/server/MinecraftServer$1
net/minecraft/server/MinecraftServer$2,net/minecraft/server/MinecraftServer$2,net/minecraft/server/v1_14_R1/MinecraftServer$2,,net/minecraft/server/MinecraftServer$2,net/minecraft/server/MinecraftServer$2
net/minecraft/server/MinecraftServer,net/minecraft/server/MinecraftServer,net/minecraft/server/v1_14_R1/MinecraftServer,,net/minecraft/server/MinecraftServer,net/minecraft/server/MinecraftServer
nf,net/minecraft/network/play/server/SPlaySoundEffectPacket,net/minecraft/server/v1_14_R1/PacketPlayOutNamedSoundEffect,,net/minecraft/client/network/packet/PlaySoundS2CPacket,net/minecraft/class_2767
ng,net/minecraft/network/play/server/SStopSoundPacket,net/minecraft/server/v1_14_R1/PacketPlayOutStopSound,,net/minecraft/client/network/packet/StopSoundS2CPacket,net/minecraft/class_2770
nh,net/minecraft/network/play/server/SPlayerListHeaderFooterPacket,net/minecraft/server/v1_14_R1/PacketPlayOutPlayerListHeaderFooter,,net/minecraft/client/network/packet/PlayerListHeaderS2CPacket,net/minecraft/class_2772
ni,net/minecraft/network/play/server/SQueryNBTResponsePacket,net/minecraft/server/v1_14_R1/PacketPlayOutNBTQuery,,net/minecraft/client/network/packet/TagQueryResponseS2CPacket,net/minecraft/class_2774
nj,net/minecraft/network/play/server/SCollectItemPacket,net/minecraft/server/v1_14_R1/PacketPlayOutCollect,,net/minecraft/client/network/packet/ItemPickupAnimationS2CPacket,net/minecraft/class_2775
nk,net/minecraft/network/play/server/SEntityTeleportPacket,net/minecraft/server/v1_14_R1/PacketPlayOutEntityTeleport,,net/minecraft/client/network/packet/EntityPositionS2CPacket,net/minecraft/class_2777
nl,net/minecraft/network/play/server/SAdvancementInfoPacket,net/minecraft/server/v1_14_R1/PacketPlayOutAdvancements,,net/minecraft/client/network/packet/AdvancementUpdateS2CPacket,net/minecraft/class_2779
nm$a,net/minecraft/network/play/server/SEntityPropertiesPacket$Snapshot,net/minecraft/server/v1_14_R1/PacketPlayOutUpdateAttributes$AttributeSnapshot,,net/minecraft/client/network/packet/EntityAttributesS2CPacket$Entry,net/minecraft/class_2781$class_2782
nm,net/minecraft/network/play/server/SEntityPropertiesPacket,net/minecraft/server/v1_14_R1/PacketPlayOutUpdateAttributes,,net/minecraft/client/network/packet/EntityAttributesS2CPacket,net/minecraft/class_2781
nn,net/minecraft/network/play/server/SPlayEntityEffectPacket,net/minecraft/server/v1_14_R1/PacketPlayOutEntityEffect,,net/minecraft/client/network/packet/EntityPotionEffectS2CPacket,net/minecraft/class_2783
no,net/minecraft/network/play/server/SUpdateRecipesPacket,net/minecraft/server/v1_14_R1/PacketPlayOutRecipeUpdate,,net/minecraft/client/network/packet/SynchronizeRecipesS2CPacket,net/minecraft/class_2788
np,net/minecraft/network/play/server/STagsListPacket,net/minecraft/server/v1_14_R1/PacketPlayOutTags,,net/minecraft/client/network/packet/SynchronizeTagsS2CPacket,net/minecraft/class_2790
nq,net/minecraft/network/DebugPacketSender,net/minecraft/server/v1_14_R1/PacketDebug,,net/minecraft/client/network/DebugRendererInfoManager,net/minecraft/class_4209
ns,net/minecraft/network/play/IServerPlayNetHandler,net/minecraft/server/v1_14_R1/PacketListenerPlayIn,,net/minecraft/network/listener/ServerPlayPacketListener,net/minecraft/class_2792
nt,net/minecraft/network/play/client/CConfirmTeleportPacket,net/minecraft/server/v1_14_R1/PacketPlayInTeleportAccept,,net/minecraft/server/network/packet/TeleportConfirmC2SPacket,net/minecraft/class_2793
nu,net/minecraft/network/play/client/CQueryTileEntityNBTPacket,net/minecraft/server/v1_14_R1/PacketPlayInTileNBTQuery,,net/minecraft/server/network/packet/QueryBlockNbtC2SPacket,net/minecraft/class_2795
nv,net/minecraft/network/play/client/CSetDifficultyPacket,net/minecraft/server/v1_14_R1/PacketPlayInDifficultyChange,,net/minecraft/server/network/packet/UpdateDifficultyC2SPacket,net/minecraft/class_4210
nw,net/minecraft/network/play/client/CChatMessagePacket,net/minecraft/server/v1_14_R1/PacketPlayInChat,,net/minecraft/server/network/packet/ChatMessageC2SPacket,net/minecraft/class_2797
nx$a,net/minecraft/network/play/client/CClientStatusPacket$State,net/minecraft/server/v1_14_R1/PacketPlayInClientCommand$EnumClientCommand,,net/minecraft/server/network/packet/ClientStatusC2SPacket$Mode,net/minecraft/class_2799$class_2800
nx,net/minecraft/network/play/client/CClientStatusPacket,net/minecraft/server/v1_14_R1/PacketPlayInClientCommand,,net/minecraft/server/network/packet/ClientStatusC2SPacket,net/minecraft/class_2799
ny,net/minecraft/network/play/client/CClientSettingsPacket,net/minecraft/server/v1_14_R1/PacketPlayInSettings,,net/minecraft/server/network/packet/ClientSettingsC2SPacket,net/minecraft/class_2803
nz,net/minecraft/network/play/client/CTabCompletePacket,net/minecraft/server/v1_14_R1/PacketPlayInTabComplete,,net/minecraft/server/network/packet/RequestCommandCompletionsC2SPacket,net/minecraft/class_2805
o,net/minecraft/util/SharedConstants,net/minecraft/server/v1_14_R1/SharedConstants,,net/minecraft/SharedConstants,net/minecraft/class_155
oa,net/minecraft/network/play/client/CConfirmTransactionPacket,net/minecraft/server/v1_14_R1/PacketPlayInTransaction,,net/minecraft/server/network/packet/GuiActionConfirmC2SPacket,net/minecraft/class_2809
ob,net/minecraft/network/play/client/CEnchantItemPacket,net/minecraft/server/v1_14_R1/PacketPlayInEnchantItem,,net/minecraft/server/network/packet/ButtonClickC2SPacket,net/minecraft/class_2811
oc,net/minecraft/network/play/client/CClickWindowPacket,net/minecraft/server/v1_14_R1/PacketPlayInWindowClick,,net/minecraft/server/network/packet/ClickWindowC2SPacket,net/minecraft/class_2813
od,net/minecraft/network/play/client/CCloseWindowPacket,net/minecraft/server/v1_14_R1/PacketPlayInCloseWindow,,net/minecraft/server/network/packet/GuiCloseC2SPacket,net/minecraft/class_2815
oe,net/minecraft/network/play/client/CCustomPayloadPacket,net/minecraft/server/v1_14_R1/PacketPlayInCustomPayload,,net/minecraft/server/network/packet/CustomPayloadC2SPacket,net/minecraft/class_2817
of,net/minecraft/network/play/client/CEditBookPacket,net/minecraft/server/v1_14_R1/PacketPlayInBEdit,,net/minecraft/server/network/packet/BookUpdateC2SPacket,net/minecraft/class_2820
og,net/minecraft/network/play/client/CQueryEntityNBTPacket,net/minecraft/server/v1_14_R1/PacketPlayInEntityNBTQuery,,net/minecraft/server/network/packet/QueryEntityNbtC2SPacket,net/minecraft/class_2822
oh$a,net/minecraft/network/play/client/CUseEntityPacket$Action,net/minecraft/server/v1_14_R1/PacketPlayInUseEntity$EnumEntityUseAction,,net/minecraft/server/network/packet/PlayerInteractEntityC2SPacket$InteractionType,net/minecraft/class_2824$class_2825
oh,net/minecraft/network/play/client/CUseEntityPacket,net/minecraft/server/v1_14_R1/PacketPlayInUseEntity,,net/minecraft/server/network/packet/PlayerInteractEntityC2SPacket,net/minecraft/class_2824
oi,net/minecraft/network/play/client/CKeepAlivePacket,net/minecraft/server/v1_14_R1/PacketPlayInKeepAlive,,net/minecraft/server/network/packet/KeepAliveC2SPacket,net/minecraft/class_2827
oj,net/minecraft/network/play/client/CLockDifficultyPacket,net/minecraft/server/v1_14_R1/PacketPlayInDifficultyLock,,net/minecraft/server/network/packet/UpdateDifficultyLockC2SPacket,net/minecraft/class_4211
ok$a,net/minecraft/network/play/client/CPlayerPacket$PositionPacket,net/minecraft/server/v1_14_R1/PacketPlayInFlying$PacketPlayInPosition,,net/minecraft/server/network/packet/PlayerMoveC2SPacket$PositionOnly,net/minecraft/class_2828$class_2829
ok$b,net/minecraft/network/play/client/CPlayerPacket$PositionRotationPacket,net/minecraft/server/v1_14_R1/PacketPlayInFlying$PacketPlayInPositionLook,,net/minecraft/server/network/packet/PlayerMoveC2SPacket$Both,net/minecraft/class_2828$class_2830
ok$c,net/minecraft/network/play/client/CPlayerPacket$RotationPacket,net/minecraft/server/v1_14_R1/PacketPlayInFlying$PacketPlayInLook,,net/minecraft/server/network/packet/PlayerMoveC2SPacket$LookOnly,net/minecraft/class_2828$class_2831
ok,net/minecraft/network/play/client/CPlayerPacket,net/minecraft/server/v1_14_R1/PacketPlayInFlying,,net/minecraft/server/network/packet/PlayerMoveC2SPacket,net/minecraft/class_2828
ol,net/minecraft/network/play/client/CMoveVehiclePacket,net/minecraft/server/v1_14_R1/PacketPlayInVehicleMove,,net/minecraft/server/network/packet/VehicleMoveC2SPacket,net/minecraft/class_2833
om,net/minecraft/network/play/client/CSteerBoatPacket,net/minecraft/server/v1_14_R1/PacketPlayInBoatMove,,net/minecraft/server/network/packet/BoatPaddleStateC2SPacket,net/minecraft/class_2836
on,net/minecraft/network/play/client/CPickItemPacket,net/minecraft/server/v1_14_R1/PacketPlayInPickItem,,net/minecraft/server/network/packet/PickFromInventoryC2SPacket,net/minecraft/class_2838
oo,net/minecraft/network/play/client/CPlaceRecipePacket,net/minecraft/server/v1_14_R1/PacketPlayInAutoRecipe,,net/minecraft/server/network/packet/CraftRequestC2SPacket,net/minecraft/class_2840
op,net/minecraft/network/play/client/CPlayerAbilitiesPacket,net/minecraft/server/v1_14_R1/PacketPlayInAbilities,,net/minecraft/server/network/packet/UpdatePlayerAbilitiesC2SPacket,net/minecraft/class_2842
oq$a,net/minecraft/network/play/client/CPlayerDiggingPacket$Action,net/minecraft/server/v1_14_R1/PacketPlayInBlockDig$EnumPlayerDigType,,net/minecraft/server/network/packet/PlayerActionC2SPacket$Action,net/minecraft/class_2846$class_2847
oq,net/minecraft/network/play/client/CPlayerDiggingPacket,net/minecraft/server/v1_14_R1/PacketPlayInBlockDig,,net/minecraft/server/network/packet/PlayerActionC2SPacket,net/minecraft/class_2846
or$a,net/minecraft/network/play/client/CEntityActionPacket$Action,net/minecraft/server/v1_14_R1/PacketPlayInEntityAction$EnumPlayerAction,,net/minecraft/server/network/packet/ClientCommandC2SPacket$Mode,net/minecraft/class_2848$class_2849
or,net/minecraft/network/play/client/CEntityActionPacket,net/minecraft/server/v1_14_R1/PacketPlayInEntityAction,,net/minecraft/server/network/packet/ClientCommandC2SPacket,net/minecraft/class_2848
os,net/minecraft/network/play/client/CInputPacket,net/minecraft/server/v1_14_R1/PacketPlayInSteerVehicle,,net/minecraft/server/network/packet/PlayerInputC2SPacket,net/minecraft/class_2851
ot$a,net/minecraft/network/play/client/CRecipeInfoPacket$Purpose,net/minecraft/server/v1_14_R1/PacketPlayInRecipeDisplayed$Status,,net/minecraft/server/network/packet/RecipeBookDataC2SPacket$Mode,net/minecraft/class_2853$class_2854
ot,net/minecraft/network/play/client/CRecipeInfoPacket,net/minecraft/server/v1_14_R1/PacketPlayInRecipeDisplayed,,net/minecraft/server/network/packet/RecipeBookDataC2SPacket,net/minecraft/class_2853
ou,net/minecraft/network/play/client/CRenameItemPacket,net/minecraft/server/v1_14_R1/PacketPlayInItemName,,net/minecraft/server/network/packet/RenameItemC2SPacket,net/minecraft/class_2855
ov$a,net/minecraft/network/play/client/CResourcePackStatusPacket$Action,net/minecraft/server/v1_14_R1/PacketPlayInResourcePackStatus$EnumResourcePackStatus,,net/minecraft/server/network/packet/ResourcePackStatusC2SPacket$Status,net/minecraft/class_2856$class_2857
ov,net/minecraft/network/play/client/CResourcePackStatusPacket,net/minecraft/server/v1_14_R1/PacketPlayInResourcePackStatus,,net/minecraft/server/network/packet/ResourcePackStatusC2SPacket,net/minecraft/class_2856
ow$a,net/minecraft/network/play/client/CSeenAdvancementsPacket$Action,net/minecraft/server/v1_14_R1/PacketPlayInAdvancements$Status,,net/minecraft/server/network/packet/AdvancementTabC2SPacket$Action,net/minecraft/class_2859$class_2860
ow,net/minecraft/network/play/client/CSeenAdvancementsPacket,net/minecraft/server/v1_14_R1/PacketPlayInAdvancements,,net/minecraft/server/network/packet/AdvancementTabC2SPacket,net/minecraft/class_2859
ox,net/minecraft/network/play/client/CSelectTradePacket,net/minecraft/server/v1_14_R1/PacketPlayInTrSel,,net/minecraft/server/network/packet/SelectVillagerTradeC2SPacket,net/minecraft/class_2863
oy,net/minecraft/network/play/client/CUpdateBeaconPacket,net/minecraft/server/v1_14_R1/PacketPlayInBeacon,,net/minecraft/server/network/packet/UpdateBeaconC2SPacket,net/minecraft/class_2866
oz,net/minecraft/network/play/client/CHeldItemChangePacket,net/minecraft/server/v1_14_R1/PacketPlayInHeldItemSlot,,net/minecraft/server/network/packet/UpdateSelectedSlotC2SPacket,net/minecraft/class_2868
p$1,net/minecraft/util/Util$1,net/minecraft/server/v1_14_R1/SystemUtils$1,,net/minecraft/util/SystemUtil$1,net/minecraft/class_156$1
p$a,net/minecraft/util/Util$IdentityStrategy,net/minecraft/server/v1_14_R1/SystemUtils$IdentityHashingStrategy,,net/minecraft/util/SystemUtil$IdentityHashStrategy,net/minecraft/class_156$class_157
p$b$1,net/minecraft/util/Util$OS$1,net/minecraft/server/v1_14_R1/SystemUtils$OS$1,,net/minecraft/util/SystemUtil$OperatingSystem$1,net/minecraft/class_156$class_158$1
p$b$2,net/minecraft/util/Util$OS$2,net/minecraft/server/v1_14_R1/SystemUtils$OS$2,,net/minecraft/util/SystemUtil$OperatingSystem$2,net/minecraft/class_156$class_158$2
p$b,net/minecraft/util/Util$OS,net/minecraft/server/v1_14_R1/SystemUtils$OS,,net/minecraft/util/SystemUtil$OperatingSystem,net/minecraft/class_156$class_158
p,net/minecraft/util/Util,net/minecraft/server/v1_14_R1/SystemUtils,,net/minecraft/util/SystemUtil,net/minecraft/class_156
pa,net/minecraft/network/play/client/CUpdateCommandBlockPacket,net/minecraft/server/v1_14_R1/PacketPlayInSetCommandBlock,,net/minecraft/server/network/packet/UpdateCommandBlockC2SPacket,net/minecraft/class_2870
pb,net/minecraft/network/play/client/CUpdateMinecartCommandBlockPacket,net/minecraft/server/v1_14_R1/PacketPlayInSetCommandMinecart,,net/minecraft/server/network/packet/UpdateCommandBlockMinecartC2SPacket,net/minecraft/class_2871
pc,net/minecraft/network/play/client/CCreativeInventoryActionPacket,net/minecraft/server/v1_14_R1/PacketPlayInSetCreativeSlot,,net/minecraft/server/network/packet/CreativeInventoryActionC2SPacket,net/minecraft/class_2873
pd,net/minecraft/network/play/client/CUpdateJigsawBlockPacket,net/minecraft/server/v1_14_R1/PacketPlayInSetJigsaw,,net/minecraft/server/network/packet/UpdateJigsawC2SPacket,net/minecraft/class_3753
pe,net/minecraft/network/play/client/CUpdateStructureBlockPacket,net/minecraft/server/v1_14_R1/PacketPlayInStruct,,net/minecraft/server/network/packet/UpdateStructureBlockC2SPacket,net/minecraft/class_2875
pf,net/minecraft/network/play/client/CUpdateSignPacket,net/minecraft/server/v1_14_R1/PacketPlayInUpdateSign,,net/minecraft/server/network/packet/UpdateSignC2SPacket,net/minecraft/class_2877
pg,net/minecraft/network/play/client/CAnimateHandPacket,net/minecraft/server/v1_14_R1/PacketPlayInArmAnimation,,net/minecraft/server/network/packet/HandSwingC2SPacket,net/minecraft/class_2879
ph,net/minecraft/network/play/client/CSpectatePacket,net/minecraft/server/v1_14_R1/PacketPlayInSpectate,,net/minecraft/server/network/packet/SpectatorTeleportC2SPacket,net/minecraft/class_2884
pi,net/minecraft/network/play/client/CPlayerTryUseItemOnBlockPacket,net/minecraft/server/v1_14_R1/PacketPlayInUseItem,,net/minecraft/server/network/packet/PlayerInteractBlockC2SPacket,net/minecraft/class_2885
pj,net/minecraft/network/play/client/CPlayerTryUseItemPacket,net/minecraft/server/v1_14_R1/PacketPlayInBlockPlace,,net/minecraft/server/network/packet/PlayerInteractItemC2SPacket,net/minecraft/class_2886
pl,net/minecraft/network/handshake/client/CHandshakePacket,net/minecraft/server/v1_14_R1/PacketHandshakingInSetProtocol,,net/minecraft/server/network/packet/HandshakeC2SPacket,net/minecraft/class_2889
pm,net/minecraft/network/handshake/IHandshakeNetHandler,net/minecraft/server/v1_14_R1/PacketHandshakingInListener,,net/minecraft/network/listener/ServerHandshakePacketListener,net/minecraft/class_2890
po,net/minecraft/client/network/login/IClientLoginNetHandler,net/minecraft/server/v1_14_R1/PacketLoginOutListener,,net/minecraft/network/listener/ClientLoginPacketListener,net/minecraft/class_2896
pp,net/minecraft/network/login/server/SCustomPayloadLoginPacket,net/minecraft/server/v1_14_R1/PacketLoginOutCustomPayload,,net/minecraft/client/network/packet/LoginQueryRequestS2CPacket,net/minecraft/class_2899
pq,net/minecraft/network/login/server/SLoginSuccessPacket,net/minecraft/server/v1_14_R1/PacketLoginOutSuccess,,net/minecraft/client/network/packet/LoginSuccessS2CPacket,net/minecraft/class_2901
pr,net/minecraft/network/login/server/SEncryptionRequestPacket,net/minecraft/server/v1_14_R1/PacketLoginOutEncryptionBegin,,net/minecraft/client/network/packet/LoginHelloS2CPacket,net/minecraft/class_2905
ps,net/minecraft/network/login/server/SEnableCompressionPacket,net/minecraft/server/v1_14_R1/PacketLoginOutSetCompression,,net/minecraft/client/network/packet/LoginCompressionS2CPacket,net/minecraft/class_2907
pt,net/minecraft/network/login/server/SDisconnectLoginPacket,net/minecraft/server/v1_14_R1/PacketLoginOutDisconnect,,net/minecraft/client/network/packet/LoginDisconnectS2CPacket,net/minecraft/class_2909
pu,net/minecraft/network/login/IServerLoginNetHandler,net/minecraft/server/v1_14_R1/PacketLoginInListener,,net/minecraft/network/listener/ServerLoginPacketListener,net/minecraft/class_2911
pv,net/minecraft/network/login/client/CCustomPayloadLoginPacket,net/minecraft/server/v1_14_R1/PacketLoginInCustomPayload,,net/minecraft/server/network/packet/LoginQueryResponseC2SPacket,net/minecraft/class_2913
pw,net/minecraft/network/login/client/CLoginStartPacket,net/minecraft/server/v1_14_R1/PacketLoginInStart,,net/minecraft/server/network/packet/LoginHelloC2SPacket,net/minecraft/class_2915
px,net/minecraft/network/login/client/CEncryptionResponsePacket,net/minecraft/server/v1_14_R1/PacketLoginInEncryptionBegin,,net/minecraft/server/network/packet/LoginKeyC2SPacket,net/minecraft/class_2917
q$a,net/minecraft/advancements/Advancement$Builder,net/minecraft/server/v1_14_R1/Advancement$SerializedAdvancement,,net/minecraft/advancement/Advancement$Task,net/minecraft/class_161$class_162
q,net/minecraft/advancements/Advancement,net/minecraft/server/v1_14_R1/Advancement,,net/minecraft/advancement/Advancement,net/minecraft/class_161
qa,net/minecraft/client/network/status/IClientStatusNetHandler,net/minecraft/server/v1_14_R1/PacketStatusOutListener,,net/minecraft/network/listener/ClientQueryPacketListener,net/minecraft/class_2921
qb,net/minecraft/network/status/server/SPongPacket,net/minecraft/server/v1_14_R1/PacketStatusOutPong,,net/minecraft/client/network/packet/QueryPongS2CPacket,net/minecraft/class_2923
qc,net/minecraft/network/status/server/SServerInfoPacket,net/minecraft/server/v1_14_R1/PacketStatusOutServerInfo,,net/minecraft/client/network/packet/QueryResponseS2CPacket,net/minecraft/class_2924
qd$a$a,net/minecraft/network/ServerStatusResponse$Players$Serializer,net/minecraft/server/v1_14_R1/ServerPing$ServerPingPlayerSample$Serializer,,net/minecraft/server/ServerMetadata$Players$Deserializer,net/minecraft/class_2926$class_2927$class_2928
qd$a,net/minecraft/network/ServerStatusResponse$Players,net/minecraft/server/v1_14_R1/ServerPing$ServerPingPlayerSample,,net/minecraft/server/ServerMetadata$Players,net/minecraft/class_2926$class_2927
qd$b,net/minecraft/network/ServerStatusResponse$Serializer,net/minecraft/server/v1_14_R1/ServerPing$Serializer,,net/minecraft/server/ServerMetadata$Deserializer,net/minecraft/class_2926$class_2929
qd$c$a,net/minecraft/network/ServerStatusResponse$Version$Serializer,net/minecraft/server/v1_14_R1/ServerPing$ServerData$Serializer,,net/minecraft/server/ServerMetadata$Version$Serializer,net/minecraft/class_2926$class_2930$class_2931
qd$c,net/minecraft/network/ServerStatusResponse$Version,net/minecraft/server/v1_14_R1/ServerPing$ServerData,,net/minecraft/server/ServerMetadata$Version,net/minecraft/class_2926$class_2930
qd,net/minecraft/network/ServerStatusResponse,net/minecraft/server/v1_14_R1/ServerPing,,net/minecraft/server/ServerMetadata,net/minecraft/class_2926
qe,net/minecraft/network/status/IServerStatusNetHandler,net/minecraft/server/v1_14_R1/PacketStatusInListener,,net/minecraft/network/listener/ServerQueryPacketListener,net/minecraft/class_2933
qf,net/minecraft/network/status/client/CPingPacket,net/minecraft/server/v1_14_R1/PacketStatusInPing,,net/minecraft/server/network/packet/QueryPingC2SPacket,net/minecraft/class_2935
qg,net/minecraft/network/status/client/CServerQueryPacket,net/minecraft/server/v1_14_R1/PacketStatusInStart,,net/minecraft/server/network/packet/QueryRequestC2SPacket,net/minecraft/class_2937
qi,net/minecraft/network/datasync/DataParameter,net/minecraft/server/v1_14_R1/DataWatcherObject,,net/minecraft/entity/data/TrackedData,net/minecraft/class_2940
qj,net/minecraft/network/datasync/IDataSerializer,net/minecraft/server/v1_14_R1/DataWatcherSerializer,,net/minecraft/entity/data/TrackedDataHandler,net/minecraft/class_2941
qk$1,net/minecraft/network/datasync/DataSerializers$1,net/minecraft/server/v1_14_R1/DataWatcherRegistry$1,,net/minecraft/entity/data/TrackedDataHandlerRegistry$1,net/minecraft/class_2943$1
qk$10,net/minecraft/network/datasync/DataSerializers$18,net/minecraft/server/v1_14_R1/DataWatcherRegistry$10,,net/minecraft/entity/data/TrackedDataHandlerRegistry$10,net/minecraft/class_2943$10
qk$11,net/minecraft/network/datasync/DataSerializers$19,net/minecraft/server/v1_14_R1/DataWatcherRegistry$11,,net/minecraft/entity/data/TrackedDataHandlerRegistry$11,net/minecraft/class_2943$11
qk$12,net/minecraft/network/datasync/DataSerializers$2,net/minecraft/server/v1_14_R1/DataWatcherRegistry$12,,net/minecraft/entity/data/TrackedDataHandlerRegistry$12,net/minecraft/class_2943$12
qk$13,net/minecraft/network/datasync/DataSerializers$3,net/minecraft/server/v1_14_R1/DataWatcherRegistry$13,,net/minecraft/entity/data/TrackedDataHandlerRegistry$13,net/minecraft/class_2943$13
qk$14,net/minecraft/network/datasync/DataSerializers$4,net/minecraft/server/v1_14_R1/DataWatcherRegistry$14,,net/minecraft/entity/data/TrackedDataHandlerRegistry$14,net/minecraft/class_2943$14
qk$15,net/minecraft/network/datasync/DataSerializers$5,net/minecraft/server/v1_14_R1/DataWatcherRegistry$15,,net/minecraft/entity/data/TrackedDataHandlerRegistry$15,net/minecraft/class_2943$15
qk$16,net/minecraft/network/datasync/DataSerializers$6,net/minecraft/server/v1_14_R1/DataWatcherRegistry$16,,net/minecraft/entity/data/TrackedDataHandlerRegistry$16,net/minecraft/class_2943$16
qk$17,net/minecraft/network/datasync/DataSerializers$7,net/minecraft/server/v1_14_R1/DataWatcherRegistry$17,,net/minecraft/entity/data/TrackedDataHandlerRegistry$17,net/minecraft/class_2943$17
qk$18,net/minecraft/network/datasync/DataSerializers$8,net/minecraft/server/v1_14_R1/DataWatcherRegistry$18,,net/minecraft/entity/data/TrackedDataHandlerRegistry$18,net/minecraft/class_2943$18
qk$19,net/minecraft/network/datasync/DataSerializers$9,net/minecraft/server/v1_14_R1/DataWatcherRegistry$19,,net/minecraft/entity/data/TrackedDataHandlerRegistry$19,net/minecraft/class_2943$19
qk$2,net/minecraft/network/datasync/DataSerializers$10,net/minecraft/server/v1_14_R1/DataWatcherRegistry$2,,net/minecraft/entity/data/TrackedDataHandlerRegistry$2,net/minecraft/class_2943$2
qk$3,net/minecraft/network/datasync/DataSerializers$11,net/minecraft/server/v1_14_R1/DataWatcherRegistry$3,,net/minecraft/entity/data/TrackedDataHandlerRegistry$3,net/minecraft/class_2943$3
qk$4,net/minecraft/network/datasync/DataSerializers$12,net/minecraft/server/v1_14_R1/DataWatcherRegistry$4,,net/minecraft/entity/data/TrackedDataHandlerRegistry$4,net/minecraft/class_2943$4
qk$5,net/minecraft/network/datasync/DataSerializers$13,net/minecraft/server/v1_14_R1/DataWatcherRegistry$5,,net/minecraft/entity/data/TrackedDataHandlerRegistry$5,net/minecraft/class_2943$5
qk$6,net/minecraft/network/datasync/DataSerializers$14,net/minecraft/server/v1_14_R1/DataWatcherRegistry$6,,net/minecraft/entity/data/TrackedDataHandlerRegistry$6,net/minecraft/class_2943$6
qk$7,net/minecraft/network/datasync/DataSerializers$15,net/minecraft/server/v1_14_R1/DataWatcherRegistry$7,,net/minecraft/entity/data/TrackedDataHandlerRegistry$7,net/minecraft/class_2943$7
qk$8,net/minecraft/network/datasync/DataSerializers$16,net/minecraft/server/v1_14_R1/DataWatcherRegistry$8,,net/minecraft/entity/data/TrackedDataHandlerRegistry$8,net/minecraft/class_2943$8
qk$9,net/minecraft/network/datasync/DataSerializers$17,net/minecraft/server/v1_14_R1/DataWatcherRegistry$9,,net/minecraft/entity/data/TrackedDataHandlerRegistry$9,net/minecraft/class_2943$9
qk,net/minecraft/network/datasync/DataSerializers,net/minecraft/server/v1_14_R1/DataWatcherRegistry,,net/minecraft/entity/data/TrackedDataHandlerRegistry,net/minecraft/class_2943
ql$a,net/minecraft/network/datasync/EntityDataManager$DataEntry,net/minecraft/server/v1_14_R1/DataWatcher$Item,,net/minecraft/entity/data/DataTracker$Entry,net/minecraft/class_2945$class_2946
ql,net/minecraft/network/datasync/EntityDataManager,net/minecraft/server/v1_14_R1/DataWatcher,,net/minecraft/entity/data/DataTracker,net/minecraft/class_2945
qp,net/minecraft/item/crafting/IRecipePlacer,net/minecraft/server/v1_14_R1/AutoRecipeAbstract,,net/minecraft/recipe/RecipeGridAligner,net/minecraft/class_2952
qq,net/minecraft/item/crafting/ServerRecipePlacer,net/minecraft/server/v1_14_R1/AutoRecipe,,net/minecraft/recipe/InputSlotFiller,net/minecraft/class_2955
qr,net/minecraft/item/crafting/ServerRecipePlacerFurnace,net/minecraft/server/v1_14_R1/AutoRecipeFurnace,,net/minecraft/recipe/FurnaceInputSlotFiller,net/minecraft/class_2958
qt$a,net/minecraft/util/ResourceLocation$Serializer,net/minecraft/server/v1_14_R1/MinecraftKey$a,,net/minecraft/util/Identifier$Serializer,net/minecraft/class_2960$class_2961
qt,net/minecraft/util/ResourceLocation,net/minecraft/server/v1_14_R1/MinecraftKey,,net/minecraft/util/Identifier,net/minecraft/class_2960
qv,net/minecraft/util/registry/Bootstrap,net/minecraft/server/v1_14_R1/DispenserRegistry,,net/minecraft/Bootstrap,net/minecraft/class_2966
qx,net/minecraft/server/dedicated/PendingCommand,net/minecraft/server/v1_14_R1/ServerCommand,,net/minecraft/server/dedicated/PendingServerCommand,net/minecraft/class_2976
qz,net/minecraft/server/DebugLoggingPrintStream,net/minecraft/server/v1_14_R1/DebugOutputStream,,net/minecraft/util/DebugPrintStreamLogger,net/minecraft/class_2980
r$a,net/minecraft/advancements/AdvancementList$IListener,net/minecraft/server/v1_14_R1/Advancements$a,,net/minecraft/advancement/AdvancementManager$Listener,net/minecraft/class_163$class_164
r,net/minecraft/advancements/AdvancementList,net/minecraft/server/v1_14_R1/Advancements,,net/minecraft/advancement/AdvancementManager,net/minecraft/class_163
ra,net/minecraft/server/ServerEula,net/minecraft/server/v1_14_R1/EULA,,net/minecraft/server/dedicated/EulaReader,net/minecraft/class_2981
rb,net/minecraft/util/LoggingPrintStream,net/minecraft/server/v1_14_R1/RedirectStream,,net/minecraft/util/PrintStreamLogger,net/minecraft/class_2983
rc$1,net/minecraft/advancements/PlayerAdvancements$1,net/minecraft/server/v1_14_R1/AdvancementDataPlayer$1,,net/minecraft/advancement/PlayerAdvancementTracker$1,net/minecraft/class_2985$1
rc,net/minecraft/advancements/PlayerAdvancements,net/minecraft/server/v1_14_R1/AdvancementDataPlayer,,net/minecraft/advancement/PlayerAdvancementTracker,net/minecraft/class_2985
rd,net/minecraft/network/ThreadQuickExitException,net/minecraft/server/v1_14_R1/CancelledPacketHandleException,,net/minecraft/network/OffThreadException,net/minecraft/class_2987
re,net/minecraft/advancements/AdvancementManager,net/minecraft/server/v1_14_R1/AdvancementDataWorld,,net/minecraft/server/ServerAdvancementLoader,net/minecraft/class_2989
rf$a,net/minecraft/advancements/FunctionManager$QueuedCommand,net/minecraft/server/v1_14_R1/CustomFunctionData$a,,net/minecraft/server/function/CommandFunctionManager$Entry,net/minecraft/class_2991$class_2992
rf,net/minecraft/advancements/FunctionManager,net/minecraft/server/v1_14_R1/CustomFunctionData,,net/minecraft/server/function/CommandFunctionManager,net/minecraft/class_2991
rg,net/minecraft/network/rcon/IServer,net/minecraft/server/v1_14_R1/IMinecraftServer,,net/minecraft/server/dedicated/DedicatedServer,net/minecraft/class_2994
rh$a,net/minecraft/scoreboard/ServerScoreboard$Action,net/minecraft/server/v1_14_R1/ScoreboardServer$Action,,net/minecraft/scoreboard/ServerScoreboard$UpdateMode,net/minecraft/class_2995$class_2996
rh,net/minecraft/scoreboard/ServerScoreboard,net/minecraft/server/v1_14_R1/ScoreboardServer,,net/minecraft/scoreboard/ServerScoreboard,net/minecraft/class_2995
ri,net/minecraft/util/concurrent/TickDelayedTask,net/minecraft/server/v1_14_R1/TickTask,,net/minecraft/server/ServerTask,net/minecraft/class_3738
rj,net/minecraft/server/CustomServerBossInfo,net/minecraft/server/v1_14_R1/BossBattleCustom,,net/minecraft/entity/boss/CommandBossBar,net/minecraft/class_3002
rk,net/minecraft/server/CustomServerBossInfoManager,net/minecraft/server/v1_14_R1/BossBattleCustomData,,net/minecraft/entity/boss/BossBarManager,net/minecraft/class_3004
rm$a$1,net/minecraft/command/impl/AdvancementCommand$Action$1,net/minecraft/server/v1_14_R1/CommandAdvancement$Action$1,,net/minecraft/server/command/AdvancementCommand$Operation$1,net/minecraft/class_3008$class_3009$1
rm$a$2,net/minecraft/command/impl/AdvancementCommand$Action$2,net/minecraft/server/v1_14_R1/CommandAdvancement$Action$2,,net/minecraft/server/command/AdvancementCommand$Operation$2,net/minecraft/class_3008$class_3009$2
rm$a,net/minecraft/command/impl/AdvancementCommand$Action,net/minecraft/server/v1_14_R1/CommandAdvancement$Action,,net/minecraft/server/command/AdvancementCommand$Operation,net/minecraft/class_3008$class_3009
rm$b,net/minecraft/command/impl/AdvancementCommand$Mode,net/minecraft/server/v1_14_R1/CommandAdvancement$Filter,,net/minecraft/server/command/AdvancementCommand$Selection,net/minecraft/class_3008$class_3010
rm,net/minecraft/command/impl/AdvancementCommand,net/minecraft/server/v1_14_R1/CommandAdvancement,,net/minecraft/server/command/AdvancementCommand,net/minecraft/class_3008
rn,net/minecraft/command/impl/BanIpCommand,net/minecraft/server/v1_14_R1/CommandBanIp,,net/minecraft/server/dedicated/command/BanIpCommand,net/minecraft/class_3012
ro,net/minecraft/command/impl/BanListCommand,net/minecraft/server/v1_14_R1/CommandBanList,,net/minecraft/server/dedicated/command/BanListCommand,net/minecraft/class_3014
rp,net/minecraft/command/impl/BanCommand,net/minecraft/server/v1_14_R1/CommandBan,,net/minecraft/server/dedicated/command/BanCommand,net/minecraft/class_3016
rq,net/minecraft/command/impl/BossBarCommand,net/minecraft/server/v1_14_R1/CommandBossBar,,net/minecraft/server/command/BossBarCommand,net/minecraft/class_3019
rr,net/minecraft/command/impl/ClearCommand,net/minecraft/server/v1_14_R1/CommandClear,,net/minecraft/server/command/ClearCommand,net/minecraft/class_3020
rs$a,net/minecraft/command/impl/CloneCommand$BlockInfo,net/minecraft/server/v1_14_R1/CommandClone$CommandCloneStoredTileEntity,,net/minecraft/server/command/CloneCommand$BlockInfo,net/minecraft/class_3023$class_3024
rs$b,net/minecraft/command/impl/CloneCommand$Mode,net/minecraft/server/v1_14_R1/CommandClone$Mode,,net/minecraft/server/command/CloneCommand$Mode,net/minecraft/class_3023$class_3025
rs,net/minecraft/command/impl/CloneCommand,net/minecraft/server/v1_14_R1/CommandClone,,net/minecraft/server/command/CloneCommand,net/minecraft/class_3023
rt$a,net/minecraft/command/impl/DataPackCommand$IHandler,net/minecraft/server/v1_14_R1/CommandDatapack$a,,net/minecraft/server/command/DatapackCommand$PackAdder,net/minecraft/class_3027$class_3028
rt,net/minecraft/command/impl/DataPackCommand,net/minecraft/server/v1_14_R1/CommandDatapack,,net/minecraft/server/command/DatapackCommand,net/minecraft/class_3027
ru,net/minecraft/command/impl/DeOpCommand,net/minecraft/server/v1_14_R1/CommandDeop,,net/minecraft/server/dedicated/command/DeOpCommand,net/minecraft/class_3030
rv,net/minecraft/command/impl/DebugCommand,net/minecraft/server/v1_14_R1/CommandDebug,,net/minecraft/server/command/DebugCommand,net/minecraft/class_3032
rx,net/minecraft/command/impl/DefaultGameModeCommand,net/minecraft/server/v1_14_R1/CommandGamemodeDefault,,net/minecraft/server/command/DefaultGameModeCommand,net/minecraft/class_3035
ry,net/minecraft/command/impl/DifficultyCommand,net/minecraft/server/v1_14_R1/CommandDifficulty,,net/minecraft/server/command/DifficultyCommand,net/minecraft/class_3036
rz,net/minecraft/command/impl/EffectCommand,net/minecraft/server/v1_14_R1/CommandEffect,,net/minecraft/server/command/EffectCommand,net/minecraft/class_3043
s$a,net/minecraft/advancements/AdvancementProgress$Serializer,net/minecraft/server/v1_14_R1/AdvancementProgress$a,,net/minecraft/advancement/AdvancementProgress$Serializer,net/minecraft/class_167$class_168
s,net/minecraft/advancements/AdvancementProgress,net/minecraft/server/v1_14_R1/AdvancementProgress,,net/minecraft/advancement/AdvancementProgress,net/minecraft/class_167
sa,net/minecraft/command/impl/MeCommand,net/minecraft/server/v1_14_R1/CommandMe,,net/minecraft/server/command/MeCommand,net/minecraft/class_3045
sb,net/minecraft/command/impl/EnchantCommand,net/minecraft/server/v1_14_R1/CommandEnchant,,net/minecraft/server/command/EnchantCommand,net/minecraft/class_3048
sc$a,net/minecraft/command/impl/ExecuteCommand$INumericTest,net/minecraft/server/v1_14_R1/CommandExecute$a,,net/minecraft/server/command/ExecuteCommand$ExistsCondition,net/minecraft/class_3050$class_3051
sc$b,net/minecraft/command/impl/ExecuteCommand$IBooleanTest,net/minecraft/server/v1_14_R1/CommandExecute$b,,net/minecraft/server/command/ExecuteCommand$Condition,net/minecraft/class_3050$class_3052
sc,net/minecraft/command/impl/ExecuteCommand,net/minecraft/server/v1_14_R1/CommandExecute,,net/minecraft/server/command/ExecuteCommand,net/minecraft/class_3050
sd$a,net/minecraft/command/impl/ExperienceCommand$Type,net/minecraft/server/v1_14_R1/CommandXp$Unit,,net/minecraft/server/command/ExperienceCommand$Component,net/minecraft/class_3054$class_3055
sd,net/minecraft/command/impl/ExperienceCommand,net/minecraft/server/v1_14_R1/CommandXp,,net/minecraft/server/command/ExperienceCommand,net/minecraft/class_3054
se$a,net/minecraft/command/impl/FillCommand$Mode,net/minecraft/server/v1_14_R1/CommandFill$Mode,,net/minecraft/server/command/FillCommand$Mode,net/minecraft/class_3057$class_3058
se,net/minecraft/command/impl/FillCommand,net/minecraft/server/v1_14_R1/CommandFill,,net/minecraft/server/command/FillCommand,net/minecraft/class_3057
sf,net/minecraft/command/impl/ForceLoadCommand,net/minecraft/server/v1_14_R1/CommandForceload,,net/minecraft/server/command/ForceLoadCommand,net/minecraft/class_3060
sg,net/minecraft/command/impl/FunctionCommand,net/minecraft/server/v1_14_R1/CommandFunction,,net/minecraft/server/command/FunctionCommand,net/minecraft/class_3062
sh,net/minecraft/command/impl/GameModeCommand,net/minecraft/server/v1_14_R1/CommandGamemode,,net/minecraft/server/command/GameModeCommand,net/minecraft/class_3064
si$1,net/minecraft/command/impl/GameRuleCommand$1,net/minecraft/server/v1_14_R1/CommandGamerule$1,,net/minecraft/server/command/GameRuleCommand$1,net/minecraft/class_3065$1
si,net/minecraft/command/impl/GameRuleCommand,net/minecraft/server/v1_14_R1/CommandGamerule,,net/minecraft/server/command/GameRuleCommand,net/minecraft/class_3065
sj,net/minecraft/command/impl/GiveCommand,net/minecraft/server/v1_14_R1/CommandGive,,net/minecraft/server/command/GiveCommand,net/minecraft/class_3068
sk,net/minecraft/command/impl/HelpCommand,net/minecraft/server/v1_14_R1/CommandHelp,,net/minecraft/server/command/HelpCommand,net/minecraft/class_3069
sl,net/minecraft/command/impl/KickCommand,net/minecraft/server/v1_14_R1/CommandKick,,net/minecraft/server/command/KickCommand,net/minecraft/class_3073
sm,net/minecraft/command/impl/KillCommand,net/minecraft/server/v1_14_R1/CommandKill,,net/minecraft/server/command/KillCommand,net/minecraft/class_3075
sn,net/minecraft/command/impl/ListCommand,net/minecraft/server/v1_14_R1/CommandList,,net/minecraft/server/command/ListCommand,net/minecraft/class_3078
so,net/minecraft/command/impl/LocateCommand,net/minecraft/server/v1_14_R1/CommandLocate,,net/minecraft/server/command/LocateCommand,net/minecraft/class_3079
sp$a,net/minecraft/command/impl/LootCommand$ISuccessListener,net/minecraft/server/v1_14_R1/CommandLoot$a,,net/minecraft/server/command/LootCommand$FeedbackMessage,net/minecraft/class_3039$class_3040
sp$b,net/minecraft/command/impl/LootCommand$ITargetHandler,net/minecraft/server/v1_14_R1/CommandLoot$b,,net/minecraft/server/command/LootCommand$Target,net/minecraft/class_3039$class_3041
sp$c,net/minecraft/command/impl/LootCommand$ISourceArgumentBuilder,net/minecraft/server/v1_14_R1/CommandLoot$c,,net/minecraft/server/command/LootCommand$SourceConstructor,net/minecraft/class_3039$class_3042
sp,net/minecraft/command/impl/LootCommand,net/minecraft/server/v1_14_R1/CommandLoot,,net/minecraft/server/command/LootCommand,net/minecraft/class_3039
sq,net/minecraft/command/impl/MessageCommand,net/minecraft/server/v1_14_R1/CommandTell,,net/minecraft/server/command/MessageCommand,net/minecraft/class_3082
sr,net/minecraft/command/impl/OpCommand,net/minecraft/server/v1_14_R1/CommandOp,,net/minecraft/server/dedicated/command/OpCommand,net/minecraft/class_3083
ss,net/minecraft/command/impl/PardonCommand,net/minecraft/server/v1_14_R1/CommandPardon,,net/minecraft/server/dedicated/command/PardonCommand,net/minecraft/class_3086
st,net/minecraft/command/impl/PardonIpCommand,net/minecraft/server/v1_14_R1/CommandPardonIP,,net/minecraft/server/dedicated/command/PardonIpCommand,net/minecraft/class_3088
su,net/minecraft/command/impl/ParticleCommand,net/minecraft/server/v1_14_R1/CommandParticle,,net/minecraft/server/command/ParticleCommand,net/minecraft/class_3089
sv,net/minecraft/command/impl/PlaySoundCommand,net/minecraft/server/v1_14_R1/CommandPlaySound,,net/minecraft/server/command/PlaySoundCommand,net/minecraft/class_3091
sw,net/minecraft/command/impl/PublishCommand,net/minecraft/server/v1_14_R1/CommandPublish,,net/minecraft/server/command/PublishCommand,net/minecraft/class_3093
sy,net/minecraft/command/impl/RecipeCommand,net/minecraft/server/v1_14_R1/CommandRecipe,,net/minecraft/server/command/RecipeCommand,net/minecraft/class_3095
sz,net/minecraft/command/impl/ReloadCommand,net/minecraft/server/v1_14_R1/CommandReload,,net/minecraft/server/command/ReloadCommand,net/minecraft/class_3097
t$a,net/minecraft/advancements/AdvancementRewards$Builder,net/minecraft/server/v1_14_R1/AdvancementRewards$a,,net/minecraft/advancement/AdvancementRewards$Builder,net/minecraft/class_170$class_171
t$b,net/minecraft/advancements/AdvancementRewards$Deserializer,net/minecraft/server/v1_14_R1/AdvancementRewards$b,,net/minecraft/advancement/AdvancementRewards$Deserializer,net/minecraft/class_170$class_172
t,net/minecraft/advancements/AdvancementRewards,net/minecraft/server/v1_14_R1/AdvancementRewards,,net/minecraft/advancement/AdvancementRewards,net/minecraft/class_170
ta,net/minecraft/command/impl/ReplaceItemCommand,net/minecraft/server/v1_14_R1/CommandReplaceItem,,net/minecraft/server/command/ReplaceItemCommand,net/minecraft/class_3102
tb,net/minecraft/command/impl/SaveAllCommand,net/minecraft/server/v1_14_R1/CommandSaveAll,,net/minecraft/server/dedicated/command/SaveAllCommand,net/minecraft/class_3104
tc,net/minecraft/command/impl/SaveOffCommand,net/minecraft/server/v1_14_R1/CommandSaveOff,,net/minecraft/server/dedicated/command/SaveOffCommand,net/minecraft/class_3106
td,net/minecraft/command/impl/SaveOnCommand,net/minecraft/server/v1_14_R1/CommandSaveOn,,net/minecraft/server/dedicated/command/SaveOnCommand,net/minecraft/class_3107
te,net/minecraft/command/impl/SayCommand,net/minecraft/server/v1_14_R1/CommandSay,,net/minecraft/server/command/SayCommand,net/minecraft/class_3110
tf,net/minecraft/command/impl/ScheduleCommand,net/minecraft/server/v1_14_R1/CommandSchedule,,net/minecraft/server/command/ScheduleCommand,net/minecraft/class_3112
tg,net/minecraft/command/impl/ScoreboardCommand,net/minecraft/server/v1_14_R1/CommandScoreboard,,net/minecraft/server/command/ScoreboardCommand,net/minecraft/class_3115
th,net/minecraft/command/impl/SeedCommand,net/minecraft/server/v1_14_R1/CommandSeed,,net/minecraft/server/command/SeedCommand,net/minecraft/class_3118
ti$a,net/minecraft/command/impl/SetBlockCommand$IFilter,net/minecraft/server/v1_14_R1/CommandSetBlock$Filter,,net/minecraft/server/command/SetBlockCommand$Filter,net/minecraft/class_3119$class_3120
ti$b,net/minecraft/command/impl/SetBlockCommand$Mode,net/minecraft/server/v1_14_R1/CommandSetBlock$Mode,,net/minecraft/server/command/SetBlockCommand$Mode,net/minecraft/class_3119$class_3121
ti,net/minecraft/command/impl/SetBlockCommand,net/minecraft/server/v1_14_R1/CommandSetBlock,,net/minecraft/server/command/SetBlockCommand,net/minecraft/class_3119
tj,net/minecraft/command/impl/SetIdleTimeoutCommand,net/minecraft/server/v1_14_R1/CommandIdleTimeout,,net/minecraft/server/dedicated/command/SetIdleTimeoutCommand,net/minecraft/class_3123
tk,net/minecraft/command/impl/SpawnPointCommand,net/minecraft/server/v1_14_R1/CommandSpawnpoint,,net/minecraft/server/command/SpawnPointCommand,net/minecraft/class_3127
tl,net/minecraft/command/impl/SetWorldSpawnCommand,net/minecraft/server/v1_14_R1/CommandSetWorldSpawn,,net/minecraft/server/command/SetWorldSpawnCommand,net/minecraft/class_3128
tm$a,net/minecraft/command/impl/SpreadPlayersCommand$Position,net/minecraft/server/v1_14_R1/CommandSpreadPlayers$a,,net/minecraft/server/command/SpreadPlayersCommand$Pile,net/minecraft/class_3131$class_3132
tm,net/minecraft/command/impl/SpreadPlayersCommand,net/minecraft/server/v1_14_R1/CommandSpreadPlayers,,net/minecraft/server/command/SpreadPlayersCommand,net/minecraft/class_3131
tn,net/minecraft/command/impl/StopCommand,net/minecraft/server/v1_14_R1/CommandStop,,net/minecraft/server/dedicated/command/StopCommand,net/minecraft/class_3134
to,net/minecraft/command/impl/StopSoundCommand,net/minecraft/server/v1_14_R1/CommandStopSound,,net/minecraft/server/command/StopSoundCommand,net/minecraft/class_3136
tp,net/minecraft/command/impl/SummonCommand,net/minecraft/server/v1_14_R1/CommandSummon,,net/minecraft/server/command/SummonCommand,net/minecraft/class_3138
tq,net/minecraft/command/impl/TagCommand,net/minecraft/server/v1_14_R1/CommandTag,,net/minecraft/server/command/TagCommand,net/minecraft/class_3140
tr,net/minecraft/command/impl/TeamCommand,net/minecraft/server/v1_14_R1/CommandTeam,,net/minecraft/server/command/TeamCommand,net/minecraft/class_3142
ts,net/minecraft/command/impl/TeamMsgCommand,net/minecraft/server/v1_14_R1/CommandTeamMsg,,net/minecraft/server/command/TeammsgCommand,net/minecraft/class_3945
tt$a,net/minecraft/command/impl/TeleportCommand$Facing,net/minecraft/server/v1_14_R1/CommandTeleport$a,,net/minecraft/server/command/TeleportCommand$LookTarget,net/minecraft/class_3143$class_3144
tt,net/minecraft/command/impl/TeleportCommand,net/minecraft/server/v1_14_R1/CommandTeleport,,net/minecraft/server/command/TeleportCommand,net/minecraft/class_3143
tu,net/minecraft/command/impl/TellRawCommand,net/minecraft/server/v1_14_R1/CommandTellRaw,,net/minecraft/server/command/TellRawCommand,net/minecraft/class_3146
tv,net/minecraft/command/impl/TimeCommand,net/minecraft/server/v1_14_R1/CommandTime,,net/minecraft/server/command/TimeCommand,net/minecraft/class_3149
tw,net/minecraft/command/impl/TitleCommand,net/minecraft/server/v1_14_R1/CommandTitle,,net/minecraft/server/command/TitleCommand,net/minecraft/class_3151
tx,net/minecraft/command/impl/TriggerCommand,net/minecraft/server/v1_14_R1/CommandTrigger,,net/minecraft/server/command/TriggerCommand,net/minecraft/class_3153
ty,net/minecraft/command/impl/WeatherCommand,net/minecraft/server/v1_14_R1/CommandWeather,,net/minecraft/server/command/WeatherCommand,net/minecraft/class_3155
tz,net/minecraft/command/impl/WhitelistCommand,net/minecraft/server/v1_14_R1/CommandWhitelist,,net/minecraft/server/dedicated/command/WhitelistCommand,net/minecraft/class_3156
u,net/minecraft/advancements/CriteriaTriggers,net/minecraft/server/v1_14_R1/CriterionTriggers,,net/minecraft/advancement/criterion/Criterions,net/minecraft/class_174
ua,net/minecraft/command/impl/WorldBorderCommand,net/minecraft/server/v1_14_R1/CommandWorldBorder,,net/minecraft/server/command/WorldBorderCommand,net/minecraft/class_3158
ub$1,net/minecraft/command/impl/data/BlockDataAccessor$1,net/minecraft/server/v1_14_R1/CommandDataAccessorTile$1,,net/minecraft/command/BlockDataObject$1,net/minecraft/class_3161$1
ub,net/minecraft/command/impl/data/BlockDataAccessor,net/minecraft/server/v1_14_R1/CommandDataAccessorTile,,net/minecraft/command/BlockDataObject,net/minecraft/class_3161
uc,net/minecraft/command/impl/data/IDataAccessor,net/minecraft/server/v1_14_R1/CommandDataAccessor,,net/minecraft/command/DataCommandObject,net/minecraft/class_3162
ud$a,net/minecraft/command/impl/data/DataCommand$IModificationType,net/minecraft/server/v1_14_R1/CommandData$a,,net/minecraft/server/command/DataCommand$ModifyOperation,net/minecraft/class_3164$class_3165
ud$b,net/minecraft/command/impl/data/DataCommand$IModificationSourceArgumentBuilder,net/minecraft/server/v1_14_R1/CommandData$b,,net/minecraft/server/command/DataCommand$ModifyArgumentCreator,net/minecraft/class_3164$class_3166
ud$c,net/minecraft/command/impl/data/DataCommand$IDataProvider,net/minecraft/server/v1_14_R1/CommandData$c,,net/minecraft/server/command/DataCommand$ObjectType,net/minecraft/class_3164$class_3167
ud,net/minecraft/command/impl/data/DataCommand,net/minecraft/server/v1_14_R1/CommandData,,net/minecraft/server/command/DataCommand,net/minecraft/class_3164
ue$1,net/minecraft/command/impl/data/EntityDataAccessor$1,net/minecraft/server/v1_14_R1/CommandDataAccessorEntity$1,,net/minecraft/command/EntityDataObject$1,net/minecraft/class_3169$1
ue,net/minecraft/command/impl/data/EntityDataAccessor,net/minecraft/server/v1_14_R1/CommandDataAccessorEntity,,net/minecraft/command/EntityDataObject,net/minecraft/class_3169
uh,net/minecraft/server/dedicated/DedicatedPlayerList,net/minecraft/server/v1_14_R1/DedicatedPlayerList,,net/minecraft/server/dedicated/DedicatedPlayerManager,net/minecraft/class_3174
ui$1,net/minecraft/server/dedicated/DedicatedServer$1,net/minecraft/server/v1_14_R1/DedicatedServer$1,,net/minecraft/server/dedicated/MinecraftDedicatedServer$1,net/minecraft/class_3176$1
ui$2,net/minecraft/server/dedicated/DedicatedServer$2,net/minecraft/server/v1_14_R1/DedicatedServer$2,,net/minecraft/server/dedicated/MinecraftDedicatedServer$2,net/minecraft/class_3176$2
ui,net/minecraft/server/dedicated/DedicatedServer,net/minecraft/server/v1_14_R1/DedicatedServer,,net/minecraft/server/dedicated/MinecraftDedicatedServer,net/minecraft/class_3176
uj,net/minecraft/server/dedicated/ServerProperties,net/minecraft/server/v1_14_R1/DedicatedServerProperties,,net/minecraft/server/dedicated/ServerPropertiesHandler,net/minecraft/class_3806
uk,net/minecraft/server/ServerPropertiesProvider,net/minecraft/server/v1_14_R1/DedicatedServerSettings,,net/minecraft/server/dedicated/ServerPropertiesLoader,net/minecraft/class_3807
ul$1,net/minecraft/server/dedicated/ServerHangWatchdog$1,net/minecraft/server/v1_14_R1/ThreadWatchdog$1,,net/minecraft/server/dedicated/DedicatedServerWatchdog$1,net/minecraft/class_3178$1
ul,net/minecraft/server/dedicated/ServerHangWatchdog,net/minecraft/server/v1_14_R1/ThreadWatchdog,,net/minecraft/server/dedicated/DedicatedServerWatchdog,net/minecraft/class_3178
um$a,net/minecraft/server/dedicated/PropertyManager$Property,net/minecraft/server/v1_14_R1/PropertyManager$EditableProperty,,net/minecraft/server/dedicated/AbstractPropertiesHandler$PropertyAccessor,net/minecraft/class_3808$class_3809
um,net/minecraft/server/dedicated/PropertyManager,net/minecraft/server/v1_14_R1/PropertyManager,,net/minecraft/server/dedicated/AbstractPropertiesHandler,net/minecraft/class_3808
uo$1,net/minecraft/server/gui/MinecraftServerGui$1,net/minecraft/server/v1_14_R1/ServerGUI$1,,net/minecraft/server/dedicated/gui/DedicatedServerGui$1,net/minecraft/class_3182$1
uo$2,net/minecraft/server/gui/MinecraftServerGui$2,net/minecraft/server/v1_14_R1/ServerGUI$2,,net/minecraft/server/dedicated/gui/DedicatedServerGui$2,net/minecraft/class_3182$2
uo,net/minecraft/server/gui/MinecraftServerGui,net/minecraft/server/v1_14_R1/ServerGUI,,net/minecraft/server/dedicated/gui/DedicatedServerGui,net/minecraft/class_3182
up,net/minecraft/server/gui/PlayerListComponent,net/minecraft/server/v1_14_R1/PlayerListBox,,net/minecraft/server/dedicated/gui/PlayerListGui,net/minecraft/class_3184
uq,net/minecraft/server/gui/StatsComponent,net/minecraft/server/v1_14_R1/GuiStatsComponent,,net/minecraft/server/dedicated/gui/PlayerStatsGui,net/minecraft/class_3186
ut$1,net/minecraft/world/chunk/ChunkHolder$1,net/minecraft/server/v1_14_R1/PlayerChunk$1,,net/minecraft/server/world/ChunkHolder$1,net/minecraft/class_3193$1
ut$a$1,net/minecraft/world/chunk/ChunkHolder$IChunkLoadingError$1,net/minecraft/server/v1_14_R1/PlayerChunk$Failure$1,,net/minecraft/server/world/ChunkHolder$Unloaded$1,net/minecraft/class_3193$class_3724$1
ut$a,net/minecraft/world/chunk/ChunkHolder$IChunkLoadingError,net/minecraft/server/v1_14_R1/PlayerChunk$Failure,,net/minecraft/server/world/ChunkHolder$Unloaded,net/minecraft/class_3193$class_3724
ut$b,net/minecraft/world/chunk/ChunkHolder$LocationType,net/minecraft/server/v1_14_R1/PlayerChunk$State,,net/minecraft/server/world/ChunkHolder$LevelType,net/minecraft/class_3193$class_3194
ut$c,net/minecraft/world/chunk/ChunkHolder$IListener,net/minecraft/server/v1_14_R1/PlayerChunk$c,,net/minecraft/server/world/ChunkHolder$LevelUpdateListener,net/minecraft/class_3193$class_3896
ut$d,net/minecraft/world/chunk/ChunkHolder$IPlayerProvider,net/minecraft/server/v1_14_R1/PlayerChunk$d,,net/minecraft/server/world/ChunkHolder$PlayersWatchingChunkProvider,net/minecraft/class_3193$class_3897
ut,net/minecraft/world/chunk/ChunkHolder,net/minecraft/server/v1_14_R1/PlayerChunk,,net/minecraft/server/world/ChunkHolder,net/minecraft/class_3193
uu$1,net/minecraft/world/chunk/ChunkManager$1,net/minecraft/server/v1_14_R1/PlayerChunkMap$1,,net/minecraft/server/world/ThreadedAnvilChunkStorage$1,net/minecraft/class_3898$1
uu$2,net/minecraft/world/chunk/ChunkManager$2,net/minecraft/server/v1_14_R1/PlayerChunkMap$2,,net/minecraft/server/world/ThreadedAnvilChunkStorage$2,net/minecraft/class_3898$2
uu$a,net/minecraft/world/chunk/ChunkManager$ProxyTicketManager,net/minecraft/server/v1_14_R1/PlayerChunkMap$a,,net/minecraft/server/world/ThreadedAnvilChunkStorage$TicketManager,net/minecraft/class_3898$class_3216
uu$b,net/minecraft/world/chunk/ChunkManager$EntityTracker,net/minecraft/server/v1_14_R1/PlayerChunkMap$EntityTracker,,net/minecraft/server/world/ThreadedAnvilChunkStorage$EntityTracker,net/minecraft/class_3898$class_3208
uu,net/minecraft/world/chunk/ChunkManager,net/minecraft/server/v1_14_R1/PlayerChunkMap,,net/minecraft/server/world/ThreadedAnvilChunkStorage,net/minecraft/class_3898
uv,net/minecraft/world/chunk/ChunkTaskPriorityQueue,net/minecraft/server/v1_14_R1/ChunkTaskQueue,,net/minecraft/server/world/LevelPrioritizedQueue,net/minecraft/class_3899
uw$a,net/minecraft/world/chunk/ChunkTaskPriorityQueueSorter$FunctionEntry,net/minecraft/server/v1_14_R1/ChunkTaskQueueSorter$a,,net/minecraft/server/world/ChunkTaskPrioritySystem$RunnableMessage,net/minecraft/class_3900$class_3946
uw$b,net/minecraft/world/chunk/ChunkTaskPriorityQueueSorter$RunnableEntry,net/minecraft/server/v1_14_R1/ChunkTaskQueueSorter$b,,net/minecraft/server/world/ChunkTaskPrioritySystem$SorterMessage,net/minecraft/class_3900$class_3947
uw,net/minecraft/world/chunk/ChunkTaskPriorityQueueSorter,net/minecraft/server/v1_14_R1/ChunkTaskQueueSorter,,net/minecraft/server/world/ChunkTaskPrioritySystem,net/minecraft/class_3900
ux,net/minecraft/world/chunk/ChunkDistanceGraph,net/minecraft/server/v1_14_R1/ChunkMap,,net/minecraft/util/ChunkPosLevelPropagator,net/minecraft/class_3196
uy,net/minecraft/util/math/ColumnPos,net/minecraft/server/v1_14_R1/BlockPosition2D,,net/minecraft/util/math/ColumnPos,net/minecraft/class_2265
uz,net/minecraft/server/management/DemoPlayerInteractionManager,net/minecraft/server/v1_14_R1/DemoPlayerInteractManager,,net/minecraft/server/network/DemoServerPlayerInteractionManager,net/minecraft/class_3201
v,net/minecraft/advancements/Criterion,net/minecraft/server/v1_14_R1/Criterion,,net/minecraft/advancement/AdvancementCriterion,net/minecraft/class_175
va,net/minecraft/world/ServerMultiWorld,net/minecraft/server/v1_14_R1/SecondaryWorldServer,,net/minecraft/server/world/SecondaryServerWorld,net/minecraft/class_3202
vb$a,net/minecraft/world/chunk/TicketManager$ChunkTicketTracker,net/minecraft/server/v1_14_R1/ChunkMapDistance$a,,net/minecraft/server/world/ChunkTicketManager$class_4077,net/minecraft/class_3204$class_4077
vb$b,net/minecraft/world/chunk/TicketManager$PlayerChunkTracker,net/minecraft/server/v1_14_R1/ChunkMapDistance$b,,net/minecraft/server/world/ChunkTicketManager$DistanceFromNearestPlayerTracker,net/minecraft/class_3204$class_3205
vb$c,net/minecraft/world/chunk/TicketManager$PlayerTicketTracker,net/minecraft/server/v1_14_R1/ChunkMapDistance$c,,net/minecraft/server/world/ChunkTicketManager$NearbyChunkTicketUpdater,net/minecraft/class_3204$class_3948
vb,net/minecraft/world/chunk/TicketManager,net/minecraft/server/v1_14_R1/ChunkMapDistance,,net/minecraft/server/world/ChunkTicketManager,net/minecraft/class_3204
vd,net/minecraft/world/chunk/PlayerGenerationTracker,net/minecraft/server/v1_14_R1/PlayerMap,,net/minecraft/server/world/PlayerChunkWatchingManager,net/minecraft/class_3210
ve,net/minecraft/util/SectionDistanceGraph,net/minecraft/server/v1_14_R1/LightEngineGraphSection,,net/minecraft/util/SectionRelativeLevelPropagator,net/minecraft/class_4079
vf,net/minecraft/world/ServerBossInfo,net/minecraft/server/v1_14_R1/BossBattleServer,,net/minecraft/entity/boss/ServerBossBar,net/minecraft/class_3213
vg$a,net/minecraft/world/chunk/ServerChunkProvider$ChunkExecutor,net/minecraft/server/v1_14_R1/ChunkProviderServer$a,,net/minecraft/server/world/ServerChunkManager$MainThreadExecutor,net/minecraft/class_3215$class_4212
vg,net/minecraft/world/chunk/ServerChunkProvider,net/minecraft/server/v1_14_R1/ChunkProviderServer,,net/minecraft/server/world/ServerChunkManager,net/minecraft/class_3215
vh,net/minecraft/world/TrackedEntity,net/minecraft/server/v1_14_R1/EntityTrackerEntry,,net/minecraft/server/network/EntityTrackerEntry,net/minecraft/class_3231
vi,net/minecraft/world/ServerWorld,net/minecraft/server/v1_14_R1/WorldServer,,net/minecraft/server/world/ServerWorld,net/minecraft/class_3218
vj,net/minecraft/entity/player/ServerPlayerEntity,net/minecraft/server/v1_14_R1/EntityPlayer,,net/minecraft/server/network/ServerPlayerEntity,net/minecraft/class_3222
vk,net/minecraft/server/management/PlayerInteractionManager,net/minecraft/server/v1_14_R1/PlayerInteractManager,,net/minecraft/server/network/ServerPlayerInteractionManager,net/minecraft/class_3225
vl$a,net/minecraft/world/chunk/ServerWorldLightManager$Phase,net/minecraft/server/v1_14_R1/LightEngineThreaded$Update,,net/minecraft/server/world/ServerLightingProvider$class_3901,net/minecraft/class_3227$class_3901
vl,net/minecraft/world/chunk/ServerWorldLightManager,net/minecraft/server/v1_14_R1/LightEngineThreaded,,net/minecraft/server/world/ServerLightingProvider,net/minecraft/class_3227
vm,net/minecraft/world/chunk/Ticket,net/minecraft/server/v1_14_R1/Ticket,,net/minecraft/server/world/ChunkTicket,net/minecraft/class_3228
vn,net/minecraft/world/chunk/TicketType,net/minecraft/server/v1_14_R1/TicketType,,net/minecraft/server/world/ChunkTicketType,net/minecraft/class_3230
vo,net/minecraft/world/gen/WorldGenRegion,net/minecraft/server/v1_14_R1/RegionLimitedWorldAccess,,net/minecraft/world/ChunkRegion,net/minecraft/class_3233
vp,net/minecraft/world/WorldGenTickList,net/minecraft/server/v1_14_R1/TickListWorldGen,,net/minecraft/world/MultiTickScheduler,net/minecraft/class_3235
vr,net/minecraft/world/chunk/listener/IChunkStatusListener,net/minecraft/server/v1_14_R1/WorldLoadListener,,net/minecraft/server/WorldGenerationProgressListener,net/minecraft/class_3949
vs,net/minecraft/world/chunk/listener/IChunkStatusListenerFactory,net/minecraft/server/v1_14_R1/WorldLoadListenerFactory,,net/minecraft/server/WorldGenerationProgressListenerFactory,net/minecraft/class_3950
vt,net/minecraft/world/chunk/listener/LoggingChunkStatusListener,net/minecraft/server/v1_14_R1/WorldLoadListenerLogger,,net/minecraft/server/WorldGenerationProgressLogger,net/minecraft/class_3951
vx,net/minecraft/network/LegacyPingHandler,net/minecraft/server/v1_14_R1/LegacyPingHandler,,net/minecraft/network/LegacyQueryHandler,net/minecraft/class_3238
vz$1,net/minecraft/network/NetworkSystem$1,net/minecraft/server/v1_14_R1/ServerConnection$1,,net/minecraft/server/ServerNetworkIo$1,net/minecraft/class_3242$1
vz,net/minecraft/network/NetworkSystem,net/minecraft/server/v1_14_R1/ServerConnection,,net/minecraft/server/ServerNetworkIo,net/minecraft/class_3242
w,net/minecraft/advancements/CriterionProgress,net/minecraft/server/v1_14_R1/CriterionProgress,,net/minecraft/advancement/criterion/CriterionProgress,net/minecraft/class_178
wa,net/minecraft/network/play/ServerPlayNetHandler,net/minecraft/server/v1_14_R1/PlayerConnection,,net/minecraft/server/network/ServerPlayNetworkHandler,net/minecraft/class_3244
wb,net/minecraft/network/handshake/ServerHandshakeNetHandler,net/minecraft/server/v1_14_R1/HandshakeListener,,net/minecraft/server/network/ServerHandshakeNetworkHandler,net/minecraft/class_3246
wc$1,net/minecraft/network/login/ServerLoginNetHandler$1,net/minecraft/server/v1_14_R1/LoginListener$1,,net/minecraft/server/network/ServerLoginNetworkHandler$1,net/minecraft/class_3248$1
wc$a,net/minecraft/network/login/ServerLoginNetHandler$State,net/minecraft/server/v1_14_R1/LoginListener$EnumProtocolState,,net/minecraft/server/network/ServerLoginNetworkHandler$State,net/minecraft/class_3248$class_3249
wc,net/minecraft/network/login/ServerLoginNetHandler,net/minecraft/server/v1_14_R1/LoginListener,,net/minecraft/server/network/ServerLoginNetworkHandler,net/minecraft/class_3248
wd,net/minecraft/network/status/ServerStatusNetHandler,net/minecraft/server/v1_14_R1/PacketStatusListener,,net/minecraft/server/network/ServerQueryNetworkHandler,net/minecraft/class_3251
wg,net/minecraft/resources/ResourcePack,net/minecraft/server/v1_14_R1/ResourcePackAbstract,,net/minecraft/resource/AbstractFileResourcePack,net/minecraft/class_3255
wh,net/minecraft/resources/FilePack,net/minecraft/server/v1_14_R1/ResourcePackFile,,net/minecraft/resource/ZipResourcePack,net/minecraft/class_3258
wi,net/minecraft/resources/FolderPack,net/minecraft/server/v1_14_R1/ResourcePackFolder,,net/minecraft/resource/DirectoryResourcePack,net/minecraft/class_3259
wj,net/minecraft/resources/IResourcePack,net/minecraft/server/v1_14_R1/IResourcePack,,net/minecraft/resource/ResourcePack,net/minecraft/class_3262
wk,net/minecraft/resources/ResourcePackType,net/minecraft/server/v1_14_R1/EnumResourcePackType,,net/minecraft/resource/ResourceType,net/minecraft/class_3264
wl,net/minecraft/resources/ResourcePackFileNotFoundException,net/minecraft/server/v1_14_R1/ResourceNotFoundException,,net/minecraft/resource/ResourceNotFoundException,net/minecraft/class_3266
wm,net/minecraft/resources/VanillaPack,net/minecraft/server/v1_14_R1/ResourcePackVanilla,,net/minecraft/resource/DefaultResourcePack,net/minecraft/class_3268
wn,net/minecraft/resources/data/IMetadataSectionSerializer,net/minecraft/server/v1_14_R1/ResourcePackMetaParser,,net/minecraft/resource/metadata/ResourceMetadataReader,net/minecraft/class_3270
wo,net/minecraft/resources/data/PackMetadataSection,net/minecraft/server/v1_14_R1/ResourcePackInfo,,net/minecraft/resource/metadata/PackResourceMetadata,net/minecraft/class_3272
wp,net/minecraft/resources/data/PackMetadataSectionSerializer,net/minecraft/server/v1_14_R1/ResourcePackInfoDeserializer,,net/minecraft/resource/metadata/PackResourceMetadataReader,net/minecraft/class_3274
wt,net/minecraft/resources/FolderPackFinder,net/minecraft/server/v1_14_R1/ResourcePackSourceFolder,,net/minecraft/resource/FileResourcePackCreator,net/minecraft/class_3279
wu,net/minecraft/resources/PackCompatibility,net/minecraft/server/v1_14_R1/EnumResourcePackVersion,,net/minecraft/resource/ResourcePackCompatibility,net/minecraft/class_3281
wv,net/minecraft/resources/ResourcePackList,net/minecraft/server/v1_14_R1/ResourcePackRepository,,net/minecraft/resource/ResourcePackContainerManager,net/minecraft/class_3283
ww,net/minecraft/resources/IPackFinder,net/minecraft/server/v1_14_R1/ResourcePackSource,,net/minecraft/resource/ResourcePackCreator,net/minecraft/class_3285
wx,net/minecraft/resources/ServerPackFinder,net/minecraft/server/v1_14_R1/ResourcePackSourceVanilla,,net/minecraft/resource/DefaultResourcePackCreator,net/minecraft/class_3286
wy$a,net/minecraft/resources/ResourcePackInfo$Priority,net/minecraft/server/v1_14_R1/ResourcePackLoader$Position,,net/minecraft/resource/ResourcePackContainer$InsertionPosition,net/minecraft/class_3288$class_3289
wy$b,net/minecraft/resources/ResourcePackInfo$IFactory,net/minecraft/server/v1_14_R1/ResourcePackLoader$b,,net/minecraft/resource/ResourcePackContainer$Factory,net/minecraft/class_3288$class_3290
wy,net/minecraft/resources/ResourcePackInfo,net/minecraft/server/v1_14_R1/ResourcePackLoader,,net/minecraft/resource/ResourcePackContainer,net/minecraft/class_3288
x$a,net/minecraft/advancements/ICriterionTrigger$Listener,net/minecraft/server/v1_14_R1/CriterionTrigger$a,,net/minecraft/advancement/criterion/Criterion$ConditionsContainer,net/minecraft/class_179$class_180
x,net/minecraft/advancements/ICriterionTrigger,net/minecraft/server/v1_14_R1/CriterionTrigger,,net/minecraft/advancement/criterion/Criterion,net/minecraft/class_179
xa$a,net/minecraft/resources/FallbackResourceManager$LeakComplainerInputStream,net/minecraft/server/v1_14_R1/ResourceManagerFallback$a,,net/minecraft/resource/NamespaceResourceManager$DebugInputStream,net/minecraft/class_3294$class_3295
xa,net/minecraft/resources/FallbackResourceManager,net/minecraft/server/v1_14_R1/ResourceManagerFallback,,net/minecraft/resource/NamespaceResourceManager,net/minecraft/class_3294
xb$a,net/minecraft/resources/IFutureReloadListener$IStage,net/minecraft/server/v1_14_R1/IReloadListener$a,,net/minecraft/resource/ResourceReloadListener$Synchronizer,net/minecraft/class_3302$class_4045
xb,net/minecraft/resources/IFutureReloadListener,net/minecraft/server/v1_14_R1/IReloadListener,,net/minecraft/resource/ResourceReloadListener,net/minecraft/class_3302
xc$a,net/minecraft/resources/DebugAsyncReloader$DataPoint,net/minecraft/server/v1_14_R1/ReloadableProfiled$a,,net/minecraft/resource/ProfilingResourceReloader$Summary,net/minecraft/class_4010$class_4046
xc,net/minecraft/resources/DebugAsyncReloader,net/minecraft/server/v1_14_R1/ReloadableProfiled,,net/minecraft/resource/ProfilingResourceReloader,net/minecraft/class_4010
xd,net/minecraft/resources/IAsyncReloader,net/minecraft/server/v1_14_R1/IReloadable,,net/minecraft/resource/ResourceReloadMonitor,net/minecraft/class_4011
xe,net/minecraft/resources/IReloadableResourceManager,net/minecraft/server/v1_14_R1/IReloadableResourceManager,,net/minecraft/resource/ReloadableResourceManager,net/minecraft/class_3296
xf,net/minecraft/resources/IResource,net/minecraft/server/v1_14_R1/IResource,,net/minecraft/resource/Resource,net/minecraft/class_3298
xg,net/minecraft/resources/IResourceManager,net/minecraft/server/v1_14_R1/IResourceManager,,net/minecraft/resource/ResourceManager,net/minecraft/class_3300
xh,net/minecraft/resources/IResourceManagerReloadListener,net/minecraft/server/v1_14_R1/IResourcePackListener,,net/minecraft/resource/SynchronousResourceReloadListener,net/minecraft/class_4013
xi,net/minecraft/client/resources/JsonReloadListener,net/minecraft/server/v1_14_R1/ResourceDataJson,,net/minecraft/resource/JsonDataLoader,net/minecraft/class_4309
xj,net/minecraft/client/resources/ReloadListener,net/minecraft/server/v1_14_R1/ResourceDataAbstract,,net/minecraft/resource/SinglePreparationResourceReloadListener,net/minecraft/class_4080
xk$1,net/minecraft/resources/AsyncReloader$1,net/minecraft/server/v1_14_R1/Reloadable$1,,net/minecraft/resource/ResourceReloader$1,net/minecraft/class_4014$1
xk$a,net/minecraft/resources/AsyncReloader$IStateFactory,net/minecraft/server/v1_14_R1/Reloadable$a,,net/minecraft/resource/ResourceReloader$Factory,net/minecraft/class_4014$class_4047
xk,net/minecraft/resources/AsyncReloader,net/minecraft/server/v1_14_R1/Reloadable,,net/minecraft/resource/ResourceReloader,net/minecraft/class_4014
xl,net/minecraft/resources/SimpleReloadableResourceManager,net/minecraft/server/v1_14_R1/ResourceManager,,net/minecraft/resource/ReloadableResourceManagerImpl,net/minecraft/class_3304
xm,net/minecraft/resources/SimpleResource,net/minecraft/server/v1_14_R1/Resource,,net/minecraft/resource/ResourceImpl,net/minecraft/class_3306
xo,net/minecraft/server/management/BanEntry,net/minecraft/server/v1_14_R1/ExpirableListEntry,,net/minecraft/server/BanEntry,net/minecraft/class_3309
xp$1,net/minecraft/server/management/PlayerProfileCache$1,net/minecraft/server/v1_14_R1/UserCache$1,,net/minecraft/util/UserCache$1,net/minecraft/class_3312$1
xp$2,net/minecraft/server/management/PlayerProfileCache$2,net/minecraft/server/v1_14_R1/UserCache$2,,net/minecraft/util/UserCache$2,net/minecraft/class_3312$2
xp$a,net/minecraft/server/management/PlayerProfileCache$ProfileEntry,net/minecraft/server/v1_14_R1/UserCache$UserCacheEntry,,net/minecraft/util/UserCache$Entry,net/minecraft/class_3312$class_3313
xp$b,net/minecraft/server/management/PlayerProfileCache$Serializer,net/minecraft/server/v1_14_R1/UserCache$BanEntrySerializer,,net/minecraft/util/UserCache$JsonConverter,net/minecraft/class_3312$class_3314
xp,net/minecraft/server/management/PlayerProfileCache,net/minecraft/server/v1_14_R1/UserCache,,net/minecraft/util/UserCache,net/minecraft/class_3312
xq,net/minecraft/server/management/IPBanList,net/minecraft/server/v1_14_R1/IpBanList,,net/minecraft/server/BannedIpList,net/minecraft/class_3317
xr,net/minecraft/server/management/IPBanEntry,net/minecraft/server/v1_14_R1/IpBanEntry,,net/minecraft/server/BannedIpEntry,net/minecraft/class_3320
xs$1,net/minecraft/server/management/PreYggdrasilConverter$1,net/minecraft/server/v1_14_R1/NameReferencingFileConverter$1,,net/minecraft/server/ServerConfigHandler$1,net/minecraft/class_3321$1
xs$2,net/minecraft/server/management/PreYggdrasilConverter$2,net/minecraft/server/v1_14_R1/NameReferencingFileConverter$2,,net/minecraft/server/ServerConfigHandler$2,net/minecraft/class_3321$2
xs$3,net/minecraft/server/management/PreYggdrasilConverter$3,net/minecraft/server/v1_14_R1/NameReferencingFileConverter$3,,net/minecraft/server/ServerConfigHandler$3,net/minecraft/class_3321$3
xs$4,net/minecraft/server/management/PreYggdrasilConverter$4,net/minecraft/server/v1_14_R1/NameReferencingFileConverter$4,,net/minecraft/server/ServerConfigHandler$4,net/minecraft/class_3321$4
xs$5,net/minecraft/server/management/PreYggdrasilConverter$5,net/minecraft/server/v1_14_R1/NameReferencingFileConverter$5,,net/minecraft/server/ServerConfigHandler$5,net/minecraft/class_3321$5
xs$a,net/minecraft/server/management/PreYggdrasilConverter$ConversionError,net/minecraft/server/v1_14_R1/NameReferencingFileConverter$FileConversionException,,net/minecraft/server/ServerConfigHandler$ServerConfigException,net/minecraft/class_3321$class_3322
xs,net/minecraft/server/management/PreYggdrasilConverter,net/minecraft/server/v1_14_R1/NameReferencingFileConverter,,net/minecraft/server/ServerConfigHandler,net/minecraft/class_3321
xt$1,net/minecraft/server/management/PlayerList$1,net/minecraft/server/v1_14_R1/PlayerList$1,,net/minecraft/server/PlayerManager$1,net/minecraft/class_3324$1
xt,net/minecraft/server/management/PlayerList,net/minecraft/server/v1_14_R1/PlayerList,,net/minecraft/server/PlayerManager,net/minecraft/class_3324
xu,net/minecraft/server/management/OpList,net/minecraft/server/v1_14_R1/OpList,,net/minecraft/server/OperatorList,net/minecraft/class_3326
xv,net/minecraft/server/management/OpEntry,net/minecraft/server/v1_14_R1/OpListEntry,,net/minecraft/server/OperatorEntry,net/minecraft/class_3327
xw,net/minecraft/server/management/UserListEntry,net/minecraft/server/v1_14_R1/JsonListEntry,,net/minecraft/server/ServerConfigEntry,net/minecraft/class_3330
xx$1,net/minecraft/server/management/UserList$1,net/minecraft/server/v1_14_R1/JsonList$1,,net/minecraft/server/ServerConfigList$1,net/minecraft/class_3331$1
xx$a,net/minecraft/server/management/UserList$Serializer,net/minecraft/server/v1_14_R1/JsonList$JsonListEntrySerializer,,net/minecraft/server/ServerConfigList$DeSerializer,net/minecraft/class_3331$class_3332
xx,net/minecraft/server/management/UserList,net/minecraft/server/v1_14_R1/JsonList,,net/minecraft/server/ServerConfigList,net/minecraft/class_3331
xy,net/minecraft/server/management/BanList,net/minecraft/server/v1_14_R1/GameProfileBanList,,net/minecraft/server/BannedPlayerList,net/minecraft/class_3335
xz,net/minecraft/server/management/ProfileBanEntry,net/minecraft/server/v1_14_R1/GameProfileBanEntry,,net/minecraft/server/BannedPlayerEntry,net/minecraft/class_3336
y,net/minecraft/advancements/ICriterionInstance,net/minecraft/server/v1_14_R1/CriterionInstance,,net/minecraft/advancement/criterion/CriterionConditions,net/minecraft/class_184
ya,net/minecraft/server/management/WhiteList,net/minecraft/server/v1_14_R1/WhiteList,,net/minecraft/server/Whitelist,net/minecraft/class_3337
yb,net/minecraft/server/management/WhitelistEntry,net/minecraft/server/v1_14_R1/WhiteListEntry,,net/minecraft/server/WhitelistEntry,net/minecraft/class_3340
yd,net/minecraft/network/rcon/RConOutputStream,net/minecraft/server/v1_14_R1/RemoteStatusReply,,net/minecraft/server/rcon/DataStreamHelper,net/minecraft/class_3345
ye,net/minecraft/network/rcon/RConUtils,net/minecraft/server/v1_14_R1/StatusChallengeUtils,,net/minecraft/server/rcon/BufferHelper,net/minecraft/class_3347
yf,net/minecraft/network/rcon/RConConsoleSource,net/minecraft/server/v1_14_R1/RemoteControlCommandListener,,net/minecraft/server/dedicated/ServerCommandOutput,net/minecraft/class_3350
yh,net/minecraft/network/rcon/RConThread,net/minecraft/server/v1_14_R1/RemoteConnectionThread,,net/minecraft/server/rcon/RconBase,net/minecraft/class_3359
yi$a,net/minecraft/network/rcon/QueryThread$Auth,net/minecraft/server/v1_14_R1/RemoteStatusListener$RemoteStatusChallenge,,net/minecraft/server/rcon/QueryResponseHandler$class_3365,net/minecraft/class_3364$class_3365
yi,net/minecraft/network/rcon/QueryThread,net/minecraft/server/v1_14_R1/RemoteStatusListener,,net/minecraft/server/rcon/QueryResponseHandler,net/minecraft/class_3364
yj,net/minecraft/network/rcon/ClientThread,net/minecraft/server/v1_14_R1/RemoteControlSession,,net/minecraft/server/rcon/RconClient,net/minecraft/class_3389
yk,net/minecraft/network/rcon/MainThread,net/minecraft/server/v1_14_R1/RemoteControlListener,,net/minecraft/server/rcon/RconServer,net/minecraft/class_3408
ym,net/minecraft/util/SoundEvent,net/minecraft/server/v1_14_R1/SoundEffect,,net/minecraft/sound/SoundEvent,net/minecraft/class_3414
yn,net/minecraft/util/SoundEvents,net/minecraft/server/v1_14_R1/SoundEffects,,net/minecraft/sound/SoundEvents,net/minecraft/class_3417
yo,net/minecraft/util/SoundCategory,net/minecraft/server/v1_14_R1/SoundCategory,,net/minecraft/sound/SoundCategory,net/minecraft/class_3419
yq,net/minecraft/item/crafting/RecipeBook,net/minecraft/server/v1_14_R1/RecipeBook,,net/minecraft/recipe/book/RecipeBook,net/minecraft/class_3439
yr,net/minecraft/item/crafting/ServerRecipeBook,net/minecraft/server/v1_14_R1/RecipeBookServer,,net/minecraft/server/network/ServerRecipeBook,net/minecraft/class_3441
ys,net/minecraft/stats/ServerStatisticsManager,net/minecraft/server/v1_14_R1/ServerStatisticManager,,net/minecraft/stat/ServerStatHandler,net/minecraft/class_3442
yt,net/minecraft/stats/Stat,net/minecraft/server/v1_14_R1/Statistic,,net/minecraft/stat/Stat,net/minecraft/class_3445
yu,net/minecraft/stats/IStatFormatter,net/minecraft/server/v1_14_R1/Counter,,net/minecraft/stat/StatFormatter,net/minecraft/class_3446
yv,net/minecraft/stats/StatType,net/minecraft/server/v1_14_R1/StatisticWrapper,,net/minecraft/stat/StatType,net/minecraft/class_3448
yw,net/minecraft/stats/Stats,net/minecraft/server/v1_14_R1/StatisticList,,net/minecraft/stat/Stats,net/minecraft/class_3468
yx,net/minecraft/stats/StatisticsManager,net/minecraft/server/v1_14_R1/StatisticManager,,net/minecraft/stat/StatHandler,net/minecraft/class_3469
yz$a,net/minecraft/tags/BlockTags$Wrapper,net/minecraft/server/v1_14_R1/TagsBlock$a,,net/minecraft/tag/BlockTags$CachingTag,net/minecraft/class_3481$class_3482
yz,net/minecraft/tags/BlockTags,net/minecraft/server/v1_14_R1/TagsBlock,,net/minecraft/tag/BlockTags,net/minecraft/class_3481
z,net/minecraft/advancements/DisplayInfo,net/minecraft/server/v1_14_R1/AdvancementDisplay,,net/minecraft/advancement/AdvancementDisplay,net/minecraft/class_185
za$a,net/minecraft/tags/EntityTypeTags$Wrapper,net/minecraft/server/v1_14_R1/TagsEntity$a,,net/minecraft/tag/EntityTypeTags$CachingTag,net/minecraft/class_3483$class_3484
za,net/minecraft/tags/EntityTypeTags,net/minecraft/server/v1_14_R1/TagsEntity,,net/minecraft/tag/EntityTypeTags,net/minecraft/class_3483
zb$a,net/minecraft/tags/FluidTags$Wrapper,net/minecraft/server/v1_14_R1/TagsFluid$a,,net/minecraft/tag/FluidTags$CachingTag,net/minecraft/class_3486$class_3487
zb,net/minecraft/tags/FluidTags,net/minecraft/server/v1_14_R1/TagsFluid,,net/minecraft/tag/FluidTags,net/minecraft/class_3486
zc$a,net/minecraft/tags/ItemTags$Wrapper,net/minecraft/server/v1_14_R1/TagsItem$a,,net/minecraft/tag/ItemTags$CachingTag,net/minecraft/class_3489$class_3490
zc,net/minecraft/tags/ItemTags,net/minecraft/server/v1_14_R1/TagsItem,,net/minecraft/tag/ItemTags,net/minecraft/class_3489
zd,net/minecraft/tags/NetworkTagCollection,net/minecraft/server/v1_14_R1/TagsServer,,net/minecraft/tag/RegistryTagContainer,net/minecraft/class_3493
ze$a,net/minecraft/tags/Tag$Builder,net/minecraft/server/v1_14_R1/Tag$a,,net/minecraft/tag/Tag$Builder,net/minecraft/class_3494$class_3495
ze$b,net/minecraft/tags/Tag$ITagEntry,net/minecraft/server/v1_14_R1/Tag$b,,net/minecraft/tag/Tag$Entry,net/minecraft/class_3494$class_3496
ze$c,net/minecraft/tags/Tag$TagEntry,net/minecraft/server/v1_14_R1/Tag$c,,net/minecraft/tag/Tag$TagEntry,net/minecraft/class_3494$class_3497
ze$d,net/minecraft/tags/Tag$ListEntry,net/minecraft/server/v1_14_R1/Tag$d,,net/minecraft/tag/Tag$CollectionEntry,net/minecraft/class_3494$class_3498
ze,net/minecraft/tags/Tag,net/minecraft/server/v1_14_R1/Tag,,net/minecraft/tag/Tag,net/minecraft/class_3494
zf,net/minecraft/tags/TagCollection,net/minecraft/server/v1_14_R1/Tags,,net/minecraft/tag/TagContainer,net/minecraft/class_3503
zg$a,net/minecraft/tags/NetworkTagManager$ReloadResults,net/minecraft/server/v1_14_R1/TagRegistry$a,,net/minecraft/tag/RegistryTagManager$BuilderHolder,net/minecraft/class_3505$class_4015
zg,net/minecraft/tags/NetworkTagManager,net/minecraft/server/v1_14_R1/TagRegistry,,net/minecraft/tag/RegistryTagManager,net/minecraft/class_3505
zi,net/minecraft/util/BitArray,net/minecraft/server/v1_14_R1/DataBits,,net/minecraft/util/PackedIntegerArray,net/minecraft/class_3508
zj,net/minecraft/util/ClassInheritanceMultiMap,net/minecraft/server/v1_14_R1/EntitySlice,,net/minecraft/util/TypeFilterableList,net/minecraft/class_3509
zl,net/minecraft/util/IntIdentityHashBiMap,net/minecraft/server/v1_14_R1/RegistryID,,net/minecraft/util/Int2ObjectBiMap,net/minecraft/class_3513
zm,net/minecraft/util/CryptManager,net/minecraft/server/v1_14_R1/MinecraftEncryption,,net/minecraft/network/NetworkEncryptionUtils,net/minecraft/class_3515
zn,net/minecraft/util/IDynamicDeserializer,net/minecraft/server/v1_14_R1/DynamicDeserializer,,net/minecraft/util/DynamicDeserializer,net/minecraft/class_3817
zo,net/minecraft/util/FrameTimer,net/minecraft/server/v1_14_R1/CircularTimer,,net/minecraft/util/MetricsData,net/minecraft/class_3517
zp,net/minecraft/util/JSONUtils,net/minecraft/server/v1_14_R1/ChatDeserializer,,net/minecraft/util/JsonHelper,net/minecraft/class_3518
zq,net/minecraft/util/HTTPUtil,net/minecraft/server/v1_14_R1/HttpUtilities,,net/minecraft/client/util/NetworkUtils,net/minecraft/class_3521
zr,net/minecraft/util/LowerStringMap,net/minecraft/server/v1_14_R1/InsensitiveStringMap,,net/minecraft/util/LowercaseMap,net/minecraft/class_3522
zs,net/minecraft/util/LazyLoadBase,net/minecraft/server/v1_14_R1/LazyInitVar,,net/minecraft/util/Lazy,net/minecraft/class_3528
zu$1,net/minecraft/util/EnumTypeAdapterFactory$1,net/minecraft/server/v1_14_R1/ChatTypeAdapterFactory$1,,net/minecraft/util/LowercaseEnumTypeAdapterFactory$1,net/minecraft/class_3530$1
zu,net/minecraft/util/EnumTypeAdapterFactory,net/minecraft/server/v1_14_R1/ChatTypeAdapterFactory,,net/minecraft/util/LowercaseEnumTypeAdapterFactory,net/minecraft/class_3530
zv,net/minecraft/util/math/MathHelper,net/minecraft/server/v1_14_R1/MathHelper,,net/minecraft/util/math/MathHelper,net/minecraft/class_3532
zw,net/minecraft/util/IProgressUpdate,net/minecraft/server/v1_14_R1/IProgressUpdate,,net/minecraft/util/ProgressListener,net/minecraft/class_3536
zx$1,net/minecraft/util/ReuseableStream$1,net/minecraft/server/v1_14_R1/StreamAccumulator$1,,net/minecraft/util/ReusableStream$1,net/minecraft/class_3538$1
zx,net/minecraft/util/ReuseableStream,net/minecraft/server/v1_14_R1/StreamAccumulator,,net/minecraft/util/ReusableStream,net/minecraft/class_3538
zy,net/minecraft/util/IDynamicSerializable,net/minecraft/server/v1_14_R1/MinecraftSerializable,,net/minecraft/util/DynamicSerializable,net/minecraft/class_4213
net/minecraft/realms/RealmsEditBox,net/minecraft/realms/RealmsEditBox,,,net/minecraft/realms/RealmsEditBox,net/minecraft/realms/RealmsEditBox
net/minecraft/realms/DisconnectedRealmsScreen,net/minecraft/realms/DisconnectedRealmsScreen,,,net/minecraft/realms/DisconnectedRealmsScreen,net/minecraft/realms/DisconnectedRealmsScreen
net/minecraft/realms/RealmsVertexFormatElement,net/minecraft/realms/RealmsVertexFormatElement,,,net/minecraft/realms/RealmsVertexFormatElement,net/minecraft/realms/RealmsVertexFormatElement
net/minecraft/realms/RealmsObjectSelectionList,net/minecraft/realms/RealmsObjectSelectionList,,,net/minecraft/realms/RealmsObjectSelectionList,net/minecraft/realms/RealmsObjectSelectionList
net/minecraft/realms/pluginapi/RealmsPlugin,net/minecraft/realms/pluginapi/RealmsPlugin,,,net/minecraft/realms/pluginapi/RealmsPlugin,net/minecraft/realms/pluginapi/RealmsPlugin
net/minecraft/realms/pluginapi/LoadedRealmsPlugin,net/minecraft/realms/pluginapi/LoadedRealmsPlugin,,,net/minecraft/realms/pluginapi/LoadedRealmsPlugin,net/minecraft/realms/pluginapi/LoadedRealmsPlugin
net/minecraft/realms/RealmsAbstractButtonProxy,net/minecraft/realms/RealmsAbstractButtonProxy,,,net/minecraft/realms/RealmsAbstractButtonProxy,net/minecraft/realms/RealmsAbstractButtonProxy
net/minecraft/realms/RealmsMth,net/minecraft/realms/RealmsMth,,,net/minecraft/realms/RealmsMth,net/minecraft/realms/RealmsMth
net/minecraft/realms/RepeatedNarrator$a,net/minecraft/realms/RepeatedNarrator$Parameter,,,net/minecraft/realms/RepeatedNarrator$class_4283,net/minecraft/realms/RepeatedNarrator$class_4283
net/minecraft/realms/RealmListEntry,net/minecraft/realms/RealmListEntry,,,net/minecraft/realms/RealmListEntry,net/minecraft/realms/RealmListEntry
net/minecraft/realms/RealmsBufferBuilder,net/minecraft/realms/RealmsBufferBuilder,,,net/minecraft/realms/RealmsBufferBuilder,net/minecraft/realms/RealmsBufferBuilder
net/minecraft/realms/RealmsSliderButton,net/minecraft/realms/RealmsSliderButton,,,net/minecraft/realms/RealmsSliderButton,net/minecraft/realms/RealmsSliderButton
net/minecraft/realms/RealmsDefaultVertexFormat,net/minecraft/realms/RealmsDefaultVertexFormat,,,net/minecraft/realms/RealmsDefaultVertexFormat,net/minecraft/realms/RealmsDefaultVertexFormat
net/minecraft/realms/RealmsSliderButtonProxy,net/minecraft/realms/RealmsSliderButtonProxy,,,net/minecraft/realms/RealmsSliderButtonProxy,net/minecraft/realms/RealmsSliderButtonProxy
net/minecraft/realms/RealmsLabelProxy,net/minecraft/realms/RealmsLabelProxy,,,net/minecraft/realms/RealmsLabelProxy,net/minecraft/realms/RealmsLabelProxy
net/minecraft/realms/RealmsClickableScrolledSelectionList,net/minecraft/realms/RealmsClickableScrolledSelectionList,,,net/minecraft/realms/RealmsClickableScrolledSelectionList,net/minecraft/realms/RealmsClickableScrolledSelectionList
net/minecraft/realms/RealmsConnect$1,net/minecraft/realms/RealmsConnect$1,,,net/minecraft/realms/RealmsConnect$1,net/minecraft/realms/RealmsConnect$1
net/minecraft/realms/RealmsScrolledSelectionList,net/minecraft/realms/RealmsScrolledSelectionList,,,net/minecraft/realms/RealmsScrolledSelectionList,net/minecraft/realms/RealmsScrolledSelectionList
net/minecraft/realms/RealmsConfirmResultListener,net/minecraft/realms/RealmsConfirmResultListener,,,net/minecraft/realms/RealmsConfirmResultListener,net/minecraft/realms/RealmsConfirmResultListener
net/minecraft/realms/RepeatedNarrator,net/minecraft/realms/RepeatedNarrator,,,net/minecraft/realms/RepeatedNarrator,net/minecraft/realms/RepeatedNarrator
net/minecraft/realms/DisconnectedRealmsScreen$1,net/minecraft/realms/DisconnectedRealmsScreen$1,,,net/minecraft/realms/DisconnectedRealmsScreen$1,net/minecraft/realms/DisconnectedRealmsScreen$1
net/minecraft/realms/RealmsBridge,net/minecraft/realms/RealmsBridge,,,net/minecraft/realms/RealmsBridge,net/minecraft/realms/RealmsBridge
net/minecraft/realms/RealmsScrolledSelectionListProxy,net/minecraft/realms/RealmsScrolledSelectionListProxy,,,net/minecraft/realms/RealmsScrolledSelectionListProxy,net/minecraft/realms/RealmsScrolledSelectionListProxy
net/minecraft/realms/AbstractRealmsButton,net/minecraft/realms/AbstractRealmsButton,,,net/minecraft/realms/AbstractRealmsButton,net/minecraft/realms/AbstractRealmsButton
net/minecraft/realms/RealmsLabel,net/minecraft/realms/RealmsLabel,,,net/minecraft/realms/RealmsLabel,net/minecraft/realms/RealmsLabel
net/minecraft/realms/RealmsLevelSummary,net/minecraft/realms/RealmsLevelSummary,,,net/minecraft/realms/RealmsLevelSummary,net/minecraft/realms/RealmsLevelSummary
net/minecraft/realms/RealmsServerAddress,net/minecraft/realms/RealmsServerAddress,,,net/minecraft/realms/RealmsServerAddress,net/minecraft/realms/RealmsServerAddress
net/minecraft/realms/RealmsSimpleScrolledSelectionListProxy,net/minecraft/realms/RealmsSimpleScrolledSelectionListProxy,,,net/minecraft/realms/RealmsSimpleScrolledSelectionListProxy,net/minecraft/realms/RealmsSimpleScrolledSelectionListProxy
net/minecraft/realms/Realms,net/minecraft/realms/Realms,,,net/minecraft/realms/Realms,net/minecraft/realms/Realms
net/minecraft/realms/RealmsConnect,net/minecraft/realms/RealmsConnect,,,net/minecraft/realms/RealmsConnect,net/minecraft/realms/RealmsConnect
net/minecraft/realms/Tezzelator,net/minecraft/realms/Tezzelator,,,net/minecraft/realms/Tezzelator,net/minecraft/realms/Tezzelator
net/minecraft/realms/RealmsButtonProxy,net/minecraft/realms/RealmsButtonProxy,,,net/minecraft/realms/RealmsButtonProxy,net/minecraft/realms/RealmsButtonProxy
net/minecraft/realms/RealmsClickableScrolledSelectionListProxy,net/minecraft/realms/RealmsClickableScrolledSelectionListProxy,,,net/minecraft/realms/RealmsClickableScrolledSelectionListProxy,net/minecraft/realms/RealmsClickableScrolledSelectionListProxy
net/minecraft/realms/RealmsVertexFormat,net/minecraft/realms/RealmsVertexFormat,,,net/minecraft/realms/RealmsVertexFormat,net/minecraft/realms/RealmsVertexFormat
net/minecraft/realms/RealmsScreenProxy,net/minecraft/realms/RealmsScreenProxy,,,net/minecraft/realms/RealmsScreenProxy,net/minecraft/realms/RealmsScreenProxy
net/minecraft/realms/RealmsSharedConstants,net/minecraft/realms/RealmsSharedConstants,,,net/minecraft/realms/RealmsSharedConstants,net/minecraft/realms/RealmsSharedConstants
net/minecraft/realms/RealmsObjectSelectionListProxy,net/minecraft/realms/RealmsObjectSelectionListProxy,,,net/minecraft/realms/RealmsObjectSelectionListProxy,net/minecraft/realms/RealmsObjectSelectionListProxy
net/minecraft/realms/RealmsGuiEventListener,net/minecraft/realms/RealmsGuiEventListener,,,net/minecraft/realms/RealmsGuiEventListener,net/minecraft/realms/RealmsGuiEventListener
net/minecraft/realms/RealmsSimpleScrolledSelectionList,net/minecraft/realms/RealmsSimpleScrolledSelectionList,,,net/minecraft/realms/RealmsSimpleScrolledSelectionList,net/minecraft/realms/RealmsSimpleScrolledSelectionList
net/minecraft/realms/RealmsButton,net/minecraft/realms/RealmsButton,,,net/minecraft/realms/RealmsButton,net/minecraft/realms/RealmsButton
net/minecraft/realms/RealmsAnvilLevelStorageSource,net/minecraft/realms/RealmsAnvilLevelStorageSource,,,net/minecraft/realms/RealmsAnvilLevelStorageSource,net/minecraft/realms/RealmsAnvilLevelStorageSource
net/minecraft/realms/RealmsScreen,net/minecraft/realms/RealmsScreen,,,net/minecraft/realms/RealmsScreen,net/minecraft/realms/RealmsScreen
cvs$1,net/minecraft/client/GameSettings$1,,,net/minecraft/client/options/GameOptions$1,net/minecraft/class_315$1
cvo,net/minecraft/client/Minecraft,,,net/minecraft/client/MinecraftClient,net/minecraft/class_310
dhn,net/minecraft/client/network/login/ClientLoginNetHandler,,,net/minecraft/client/network/ClientLoginNetworkHandler,net/minecraft/class_635
dhw,net/minecraft/client/network/ServerPinger,,,net/minecraft/client/network/ServerEntryNetworkPart,net/minecraft/class_644
dhu$a,net/minecraft/client/multiplayer/ServerData$ServerResourceMode,,,net/minecraft/client/options/ServerEntry$ResourcePackState,net/minecraft/class_642$class_643
dhl$a,net/minecraft/client/multiplayer/ClientAdvancementManager$IListener,,,net/minecraft/client/network/ClientAdvancementManager$Listener,net/minecraft/class_632$class_633
dhm$a,net/minecraft/client/multiplayer/ClientChunkProvider$ChunkArray,,,net/minecraft/client/world/ClientChunkManager$ClientChunkMap,net/minecraft/class_631$class_3681
dhq,net/minecraft/client/multiplayer/PlayerController,,,net/minecraft/client/network/ClientPlayerInteractionManager,net/minecraft/class_636
dht,net/minecraft/client/multiplayer/ServerAddress,,,net/minecraft/network/ServerAddress,net/minecraft/class_639
dhw$1,net/minecraft/client/network/ServerPinger$1,,,net/minecraft/client/network/ServerEntryNetworkPart$1,net/minecraft/class_644$1
dho,net/minecraft/client/network/play/ClientPlayNetHandler,,,net/minecraft/client/network/ClientPlayNetworkHandler,net/minecraft/class_634
dhs,net/minecraft/client/network/play/NetworkPlayerInfo,,,net/minecraft/client/network/PlayerListEntry,net/minecraft/class_640
dhv,net/minecraft/client/multiplayer/ServerList,,,net/minecraft/client/options/ServerList,net/minecraft/class_641
dhm,net/minecraft/client/multiplayer/ClientChunkProvider,,,net/minecraft/client/world/ClientChunkManager,net/minecraft/class_631
dhu,net/minecraft/client/multiplayer/ServerData,,,net/minecraft/client/options/ServerEntry,net/minecraft/class_642
dhr,net/minecraft/client/world/ClientWorld,,,net/minecraft/client/world/ClientWorld,net/minecraft/class_638
dhl,net/minecraft/client/multiplayer/ClientAdvancementManager,,,net/minecraft/client/network/ClientAdvancementManager,net/minecraft/class_632
dhw$2$1,net/minecraft/client/network/ServerPinger$2$1,,,net/minecraft/client/network/ServerEntryNetworkPart$2$1,net/minecraft/class_644$2$1
dhw$2,net/minecraft/client/network/ServerPinger$2,,,net/minecraft/client/network/ServerEntryNetworkPart$2,net/minecraft/class_644$2
dhp,net/minecraft/client/multiplayer/ClientSuggestionProvider,,,net/minecraft/client/network/ClientCommandSource,net/minecraft/class_637
cva,net/minecraft/client/settings/AmbientOcclusionStatus,,,net/minecraft/client/options/AoOption,net/minecraft/class_4060
cvr,net/minecraft/client/settings/AbstractOption,,,net/minecraft/client/options/Option,net/minecraft/class_316
dxj$a,net/minecraft/client/util/SearchTreeManager$Key,,,net/minecraft/client/search/SearchManager$Key,net/minecraft/class_1124$class_1125
dxh,net/minecraft/client/util/SearchTreeReloadable,,,net/minecraft/client/search/IdentifierSearchableContainer,net/minecraft/class_1121
dxl$1,net/minecraft/client/util/SuffixArray$1,,,net/minecraft/client/search/SuffixArray$1,net/minecraft/class_1128$1
dxk,net/minecraft/client/util/ISearchTree,,,net/minecraft/client/search/Searchable,net/minecraft/class_1129
dxg,net/minecraft/client/util/IMutableSearchTree,,,net/minecraft/client/search/SearchableContainer,net/minecraft/class_1123
dxi,net/minecraft/client/util/SearchTree,,,net/minecraft/client/search/TextSearchableContainer,net/minecraft/class_1126
dxj,net/minecraft/client/util/SearchTreeManager,,,net/minecraft/client/search/SearchManager,net/minecraft/class_1124
dxh$a,net/minecraft/client/util/SearchTreeReloadable$JoinedIterator,,,net/minecraft/client/search/IdentifierSearchableContainer$Iterator,net/minecraft/class_1121$class_1122
dxi$a,net/minecraft/client/util/SearchTree$MergingIterator,,,net/minecraft/client/search/TextSearchableContainer$Iterator,net/minecraft/class_1126$class_1127
dxl,net/minecraft/client/util/SuffixArray,,,net/minecraft/client/search/SuffixArray,net/minecraft/class_1128
cvt,net/minecraft/client/settings/ParticleStatus,,,net/minecraft/client/options/ParticlesOption,net/minecraft/class_4066
dyh,net/minecraft/client/tutorial/FindTreeStep,,,net/minecraft/client/tutorial/FindTreeTutorialStepHandler,net/minecraft/class_1152
dym,net/minecraft/client/tutorial/ITutorialStep,,,net/minecraft/client/tutorial/TutorialStepHandler,net/minecraft/class_1155
dyi,net/minecraft/client/tutorial/MovementStep,,,net/minecraft/client/tutorial/MovementTutorialStepHandler,net/minecraft/class_1151
dyl,net/minecraft/client/tutorial/Tutorial,,,net/minecraft/client/tutorial/TutorialManager,net/minecraft/class_1156
dyf,net/minecraft/client/tutorial/CompletedTutorialStep,,,net/minecraft/client/tutorial/NoneTutorialStepHandler,net/minecraft/class_1150
dyk,net/minecraft/client/tutorial/PunchTreeStep,,,net/minecraft/client/tutorial/PunchTreeTutorialStepHandler,net/minecraft/class_1153
dyn,net/minecraft/client/tutorial/TutorialSteps,,,net/minecraft/client/tutorial/TutorialStep,net/minecraft/class_1157
dyj,net/minecraft/client/tutorial/OpenInventoryStep,,,net/minecraft/client/tutorial/OpenInventoryTutorialStepHandler,net/minecraft/class_1154
dyg,net/minecraft/client/tutorial/CraftPlanksStep,,,net/minecraft/client/tutorial/CraftPlanksTutorialStepHandler,net/minecraft/class_1149
cwg$a,net/minecraft/client/gui/FontRenderer$Entry,,,net/minecraft/client/font/TextRenderer$Rectangle,net/minecraft/class_327$class_328
cwn,net/minecraft/client/gui/chat/NormalChatListener,,,net/minecraft/client/gui/hud/ChatListenerHud,net/minecraft/class_335
cwl,net/minecraft/client/gui/chat/NarratorChatListener,,,net/minecraft/client/util/NarratorManager,net/minecraft/class_333
cwk,net/minecraft/client/gui/chat/IChatListener,,,net/minecraft/client/gui/ClientChatListener,net/minecraft/class_334
cwm,net/minecraft/client/gui/chat/OverlayChatListener,,,net/minecraft/client/gui/GameInfoChatListener,net/minecraft/class_336
cwj$a,net/minecraft/client/gui/MapItemRenderer$Instance,,,net/minecraft/client/gui/MapRenderer$MapTexture,net/minecraft/class_330$class_331
cyf,net/minecraft/client/gui/fonts/FontTexture,,,net/minecraft/client/font/GlyphAtlasTexture,net/minecraft/class_380
cyd,net/minecraft/client/gui/fonts/FontResourceManager,,,net/minecraft/client/font/FontManager,net/minecraft/class_378
cyq,net/minecraft/client/gui/fonts/providers/TrueTypeGlyphProviderFactory,,,net/minecraft/client/font/TrueTypeFontLoader,net/minecraft/class_396
cyn,net/minecraft/client/gui/fonts/providers/IGlyphProviderFactory,,,net/minecraft/client/font/FontLoader,net/minecraft/class_389
cyp$a,net/minecraft/client/gui/fonts/providers/UnicodeTextureGlyphProvider$Factory,,,net/minecraft/client/font/UnicodeTextureFont$Loader,net/minecraft/class_391$class_392
cyp,net/minecraft/client/gui/fonts/providers/UnicodeTextureGlyphProvider,,,net/minecraft/client/font/UnicodeTextureFont,net/minecraft/class_391
cym,net/minecraft/client/gui/fonts/providers/TextureGlyphProvider,,,net/minecraft/client/font/TextureFont,net/minecraft/class_386
cyp$b,net/minecraft/client/gui/fonts/providers/UnicodeTextureGlyphProvider$GlpyhInfo,,,net/minecraft/client/font/UnicodeTextureFont$UnicodeTextureGlyph,net/minecraft/class_391$class_393
cyo,net/minecraft/client/gui/fonts/providers/GlyphProviderTypes,,,net/minecraft/client/font/FontType,net/minecraft/class_394
cym$b,net/minecraft/client/gui/fonts/providers/TextureGlyphProvider$GlyphInfo,,,net/minecraft/client/font/TextureFont$TextureFontGlyph,net/minecraft/class_386$class_388
cym$a,net/minecraft/client/gui/fonts/providers/TextureGlyphProvider$Factory,,,net/minecraft/client/font/TextureFont$Loader,net/minecraft/class_386$class_387
cyg,net/minecraft/client/gui/fonts/TextInputUtil,,,net/minecraft/client/util/SelectionManager,net/minecraft/class_3728
cyf$a,net/minecraft/client/gui/fonts/FontTexture$Entry,,,net/minecraft/client/font/GlyphAtlasTexture$Slot,net/minecraft/class_380$class_381
cyj,net/minecraft/client/gui/fonts/DefaultGlyph,,,net/minecraft/client/font/BlankGlyph,net/minecraft/class_385
cyi,net/minecraft/client/gui/fonts/EmptyGlyph,,,net/minecraft/client/font/EmptyGlyphRenderer,net/minecraft/class_384
cyh,net/minecraft/client/gui/fonts/TexturedGlyph,,,net/minecraft/client/font/GlyphRenderer,net/minecraft/class_382
cyd$1,net/minecraft/client/gui/fonts/FontResourceManager$1,,,net/minecraft/client/font/FontManager$1,net/minecraft/class_378$1
cyc,net/minecraft/client/gui/fonts/providers/DefaultGlyphProvider,,,net/minecraft/client/font/BlankFont,net/minecraft/class_376
cyd$2,net/minecraft/client/gui/fonts/FontResourceManager$2,,,net/minecraft/client/font/FontManager$2,net/minecraft/class_378$2
cye,net/minecraft/client/gui/fonts/Font,,,net/minecraft/client/font/FontStorage,net/minecraft/class_377
cwg,net/minecraft/client/gui/FontRenderer,,,net/minecraft/client/font/TextRenderer,net/minecraft/class_327
czf,net/minecraft/client/gui/screen/ServerListScreen,,,net/minecraft/client/gui/screen/DirectConnectScreen,net/minecraft/class_420
czj,net/minecraft/client/gui/screen/DirtMessageScreen,,,net/minecraft/client/gui/screen/SaveLevelScreen,net/minecraft/class_424
dde,net/minecraft/client/gui/screen/OptimizeWorldScreen,,,net/minecraft/client/gui/screen/world/OptimizeWorldScreen,net/minecraft/class_527
ddf,net/minecraft/client/gui/screen/WorldSelectionScreen,,,net/minecraft/client/gui/screen/world/SelectWorldScreen,net/minecraft/class_526
ddc,net/minecraft/client/gui/screen/CreateWorldScreen,,,net/minecraft/client/gui/screen/world/CreateWorldScreen,net/minecraft/class_525
ddg$a,net/minecraft/client/gui/screen/WorldSelectionList$Entry,,,net/minecraft/client/gui/screen/world/WorldListWidget$LevelItem,net/minecraft/class_528$class_4272
ddg,net/minecraft/client/gui/screen/WorldSelectionList,,,net/minecraft/client/gui/screen/world/WorldListWidget,net/minecraft/class_528
ddd,net/minecraft/client/gui/screen/EditWorldScreen,,,net/minecraft/client/gui/screen/world/EditWorldScreen,net/minecraft/class_524
czh,net/minecraft/client/gui/screen/AddServerScreen,,,net/minecraft/client/gui/screen/AddServerScreen,net/minecraft/class_422
czl,net/minecraft/client/gui/screen/LanguageScreen,,,net/minecraft/client/gui/screen/LanguageOptionsScreen,net/minecraft/class_426
czw,net/minecraft/client/gui/screen/DownloadTerrainScreen,,,net/minecraft/client/gui/screen/DownloadingTerrainScreen,net/minecraft/class_434
daa,net/minecraft/client/gui/screen/OptionsSoundsScreen,,,net/minecraft/client/gui/screen/SoundOptionsScreen,net/minecraft/class_443
dcd$a,net/minecraft/client/gui/screen/ServerSelectionList$Entry,,,net/minecraft/client/gui/screen/multiplayer/MultiplayerServerListWidget$Entry,net/minecraft/class_4267$class_504
dcc,net/minecraft/client/gui/screen/MultiplayerScreen,,,net/minecraft/client/gui/screen/multiplayer/MultiplayerScreen,net/minecraft/class_500
dcd$b,net/minecraft/client/gui/screen/ServerSelectionList$LanScanEntry,,,net/minecraft/client/gui/screen/multiplayer/MultiplayerServerListWidget$ScanningEntry,net/minecraft/class_4267$class_4268
dcd,net/minecraft/client/gui/screen/ServerSelectionList,,,net/minecraft/client/gui/screen/multiplayer/MultiplayerServerListWidget,net/minecraft/class_4267
dcd$d,net/minecraft/client/gui/screen/ServerSelectionList$NormalEntry,,,net/minecraft/client/gui/screen/multiplayer/MultiplayerServerListWidget$ServerItem,net/minecraft/class_4267$class_4270
dcd$c,net/minecraft/client/gui/screen/ServerSelectionList$LanDetectedEntry,,,net/minecraft/client/gui/screen/multiplayer/MultiplayerServerListWidget$LanServerListEntry,net/minecraft/class_4267$class_4269
czb$a,net/minecraft/client/gui/screen/CreateBuffetWorldScreen$BiomeList,,,net/minecraft/client/gui/screen/CustomizeBuffetLevelScreen$BuffetBiomesListWidget,net/minecraft/class_415$class_4190
cza$1,net/minecraft/client/gui/screen/ConnectingScreen$1,,,net/minecraft/client/gui/screen/ConnectScreen$1,net/minecraft/class_412$1
czg,net/minecraft/client/gui/screen/DisconnectedScreen,,,net/minecraft/client/gui/screen/DisconnectedScreen,net/minecraft/class_419
czz,net/minecraft/client/gui/screen/CustomizeSkinScreen,,,net/minecraft/client/gui/screen/SkinOptionsScreen,net/minecraft/class_440
czd,net/minecraft/client/gui/screen/DeathScreen,,,net/minecraft/client/gui/screen/DeathScreen,net/minecraft/class_418
dbw,net/minecraft/client/gui/screen/EditSignScreen,,,net/minecraft/client/gui/screen/ingame/SignEditScreen,net/minecraft/class_498
dbl,net/minecraft/client/gui/screen/HopperScreen,,,net/minecraft/client/gui/screen/ingame/HopperScreen,net/minecraft/class_488
dau$1,net/minecraft/client/gui/screen/inventory/BeaconScreen$1,,,net/minecraft/client/gui/screen/ingame/BeaconScreen$1,net/minecraft/class_466$1
daz,net/minecraft/client/gui/screen/inventory/CartographyTableScreen,,,net/minecraft/client/gui/screen/ingame/CartographyTableScreen,net/minecraft/class_3934
dbq,net/minecraft/client/gui/screen/LoomScreen,,,net/minecraft/client/gui/screen/ingame/LoomScreen,net/minecraft/class_494
daq,net/minecraft/client/gui/screen/AbstractCommandBlockScreen,,,net/minecraft/client/gui/screen/ingame/AbstractCommandBlockScreen,net/minecraft/class_463
dax$b,net/minecraft/client/gui/screen/ReadBookScreen$UnwrittenBookInfo,,,net/minecraft/client/gui/screen/ingame/BookScreen$WritableBookContents,net/minecraft/class_3872$class_3932
dbe$a,net/minecraft/client/gui/screen/inventory/CreativeScreen$LockedSlot,,,net/minecraft/client/gui/screen/ingame/CreativeInventoryScreen$class_482,net/minecraft/class_481$class_482
dbu,net/minecraft/client/gui/widget/button/ChangePageButton,,,net/minecraft/client/gui/screen/ingame/PageTurnWidget,net/minecraft/class_474
dau$a,net/minecraft/client/gui/screen/inventory/BeaconScreen$CancelButton,,,net/minecraft/client/gui/screen/ingame/BeaconScreen$CancelButtonWidget,net/minecraft/class_466$class_467
das,net/minecraft/client/gui/screen/inventory/AbstractFurnaceScreen,,,net/minecraft/client/gui/screen/ingame/AbstractFurnaceScreen,net/minecraft/class_489
dbe,net/minecraft/client/gui/screen/inventory/CreativeScreen,,,net/minecraft/client/gui/screen/ingame/CreativeInventoryScreen,net/minecraft/class_481
dbm,net/minecraft/client/gui/screen/inventory/HorseInventoryScreen,,,net/minecraft/client/gui/screen/ingame/HorseScreen,net/minecraft/class_491
dbs$a,net/minecraft/client/gui/screen/inventory/MerchantScreen$TradeButton,,,net/minecraft/client/gui/screen/ingame/MerchantScreen$WidgetButtonPage,net/minecraft/class_492$class_493
dbe$b,net/minecraft/client/gui/screen/inventory/CreativeScreen$CreativeContainer,,,net/minecraft/client/gui/screen/ingame/CreativeInventoryScreen$CreativeContainer,net/minecraft/class_481$class_483
dbr,net/minecraft/client/gui/IHasContainer,,,net/minecraft/client/gui/screen/ingame/ContainerProvider,net/minecraft/class_3936
dax$a,net/minecraft/client/gui/screen/ReadBookScreen$IBookInfo,,,net/minecraft/client/gui/screen/ingame/BookScreen$Contents,net/minecraft/class_3872$class_3931
dbd,net/minecraft/client/gui/screen/inventory/CreativeCraftingListener,,,net/minecraft/client/gui/screen/ingame/CreativeInventoryListener,net/minecraft/class_478
dbg,net/minecraft/client/gui/DisplayEffectsScreen,,,net/minecraft/client/gui/screen/ingame/AbstractInventoryScreen,net/minecraft/class_485
dau$b,net/minecraft/client/gui/screen/inventory/BeaconScreen$ConfirmButton,,,net/minecraft/client/gui/screen/ingame/BeaconScreen$DoneButtonWidget,net/minecraft/class_466$class_468
dau$d,net/minecraft/client/gui/screen/inventory/BeaconScreen$Button,,,net/minecraft/client/gui/screen/ingame/BeaconScreen$BaseButtonWidget,net/minecraft/class_466$class_470
dbe$c,net/minecraft/client/gui/screen/inventory/CreativeScreen$CreativeSlot,,,net/minecraft/client/gui/screen/ingame/CreativeInventoryScreen$CreativeSlot,net/minecraft/class_481$class_484
dbp,net/minecraft/client/gui/screen/LecternScreen,,,net/minecraft/client/gui/screen/ingame/LecternScreen,net/minecraft/class_3935
dbz$1,net/minecraft/client/gui/screen/EditStructureScreen$1,,,net/minecraft/client/gui/screen/ingame/StructureBlockScreen$1,net/minecraft/class_497$1
dby,net/minecraft/client/gui/screen/inventory/StonecutterScreen,,,net/minecraft/client/gui/screen/ingame/StonecutterScreen,net/minecraft/class_3979
dax,net/minecraft/client/gui/screen/ReadBookScreen,,,net/minecraft/client/gui/screen/ingame/BookScreen,net/minecraft/class_3872
dau$c,net/minecraft/client/gui/screen/inventory/BeaconScreen$PowerButton,,,net/minecraft/client/gui/screen/ingame/BeaconScreen$EffectButtonWidget,net/minecraft/class_466$class_469
dbb,net/minecraft/client/gui/screen/inventory/ChestScreen,,,net/minecraft/client/gui/screen/ingame/ContainerScreen54,net/minecraft/class_476
dbk,net/minecraft/client/gui/screen/GrindstoneScreen,,,net/minecraft/client/gui/screen/ingame/GrindstoneScreen,net/minecraft/class_3802
dbp$1,net/minecraft/client/gui/screen/LecternScreen$1,,,net/minecraft/client/gui/screen/ingame/LecternScreen$1,net/minecraft/class_3935$1
dba,net/minecraft/client/gui/screen/CommandBlockScreen,,,net/minecraft/client/gui/screen/ingame/CommandBlockScreen,net/minecraft/class_477
dbn,net/minecraft/client/gui/screen/inventory/InventoryScreen,,,net/minecraft/client/gui/screen/ingame/InventoryScreen,net/minecraft/class_490
dax$c,net/minecraft/client/gui/screen/ReadBookScreen$WrittenBookInfo,,,net/minecraft/client/gui/screen/ingame/BookScreen$WrittenBookContents,net/minecraft/class_3872$class_3933
dau,net/minecraft/client/gui/screen/inventory/BeaconScreen,,,net/minecraft/client/gui/screen/ingame/BeaconScreen,net/minecraft/class_466
dbv,net/minecraft/client/gui/screen/inventory/ShulkerBoxScreen,,,net/minecraft/client/gui/screen/ingame/ShulkerBoxScreen,net/minecraft/class_495
dbi,net/minecraft/client/gui/screen/EnchantmentScreen,,,net/minecraft/client/gui/screen/ingame/EnchantingScreen,net/minecraft/class_486
dat,net/minecraft/client/gui/screen/inventory/AnvilScreen,,,net/minecraft/client/gui/screen/ingame/AnvilScreen,net/minecraft/class_471
dbc,net/minecraft/client/gui/screen/inventory/CraftingScreen,,,net/minecraft/client/gui/screen/ingame/CraftingTableScreen,net/minecraft/class_479
dbs,net/minecraft/client/gui/screen/inventory/MerchantScreen,,,net/minecraft/client/gui/screen/ingame/MerchantScreen,net/minecraft/class_492
dbz,net/minecraft/client/gui/screen/EditStructureScreen,,,net/minecraft/client/gui/screen/ingame/StructureBlockScreen,net/minecraft/class_497
dbt,net/minecraft/client/gui/screen/EditMinecartCommandBlockScreen,,,net/minecraft/client/gui/screen/ingame/MinecartCommandBlockScreen,net/minecraft/class_496
dax$1,net/minecraft/client/gui/screen/ReadBookScreen$1,,,net/minecraft/client/gui/screen/ingame/BookScreen$1,net/minecraft/class_3872$1
dau$e,net/minecraft/client/gui/screen/inventory/BeaconScreen$SpriteButton,,,net/minecraft/client/gui/screen/ingame/BeaconScreen$IconButtonWidget,net/minecraft/class_466$class_4072
dar,net/minecraft/client/gui/screen/inventory/ContainerScreen,,,net/minecraft/client/gui/screen/ingame/AbstractContainerScreen,net/minecraft/class_465
dbj,net/minecraft/client/gui/screen/inventory/FurnaceScreen,,,net/minecraft/client/gui/screen/ingame/FurnaceScreen,net/minecraft/class_3873
dbh,net/minecraft/util/EnchantmentNameParts,,,net/minecraft/client/gui/screen/ingame/EnchantingPhrases,net/minecraft/class_487
dav,net/minecraft/client/gui/screen/inventory/BlastFurnaceScreen,,,net/minecraft/client/gui/screen/ingame/BlastFurnaceScreen,net/minecraft/class_3871
dbx,net/minecraft/client/gui/screen/inventory/SmokerScreen,,,net/minecraft/client/gui/screen/ingame/SmokerScreen,net/minecraft/class_3874
dbo,net/minecraft/client/gui/screen/JigsawScreen,,,net/minecraft/client/gui/screen/ingame/JigsawBlockScreen,net/minecraft/class_3742
daw$a,net/minecraft/client/gui/screen/EditBookScreen$Point,,,net/minecraft/client/gui/screen/ingame/BookEditScreen$Position,net/minecraft/class_473$class_475
dbf,net/minecraft/client/gui/screen/inventory/DispenserScreen,,,net/minecraft/client/gui/screen/ingame/ContainerScreen9,net/minecraft/class_480
daq$a,net/minecraft/client/gui/screen/AbstractCommandBlockScreen$SuggestionsList,,,net/minecraft/client/gui/screen/ingame/AbstractCommandBlockScreen$SuggestionWindow,net/minecraft/class_463$class_464
daw,net/minecraft/client/gui/screen/EditBookScreen,,,net/minecraft/client/gui/screen/ingame/BookEditScreen,net/minecraft/class_473
day,net/minecraft/client/gui/screen/inventory/BrewingStandScreen,,,net/minecraft/client/gui/screen/ingame/BrewingStandScreen,net/minecraft/class_472
czc$a$a,net/minecraft/client/gui/screen/CreateFlatWorldScreen$DetailsList$LayerEntry,,,net/minecraft/client/gui/screen/CustomizeFlatLevelScreen$SuperflatLayersListWidget$SuperflatLayerItem,net/minecraft/class_413$class_4192$class_4193
czp,net/minecraft/client/gui/screen/MouseSettingsScreen,,,net/minecraft/client/gui/screen/MouseOptionsScreen,net/minecraft/class_4288
dah,net/minecraft/client/gui/advancements/AdvancementTabGui,,,net/minecraft/client/gui/screen/advancement/AdvancementTreeWidget,net/minecraft/class_454
dai,net/minecraft/client/gui/advancements/AdvancementTabType,,,net/minecraft/client/gui/screen/advancement/AdvancementTabType,net/minecraft/class_453
dal,net/minecraft/client/gui/advancements/AdvancementsScreen,,,net/minecraft/client/gui/screen/advancement/AdvancementsScreen,net/minecraft/class_457
dak,net/minecraft/client/gui/advancements/AdvancementState,,,net/minecraft/client/gui/screen/advancement/AdvancementObtainedStatus,net/minecraft/class_455
daj,net/minecraft/client/gui/advancements/AdvancementEntryGui,,,net/minecraft/client/gui/screen/advancement/AdvancementWidget,net/minecraft/class_456
czb$a$a,net/minecraft/client/gui/screen/CreateBuffetWorldScreen$BiomeList$BiomeEntry,,,net/minecraft/client/gui/screen/CustomizeBuffetLevelScreen$BuffetBiomesListWidget$BuffetBiomeItem,net/minecraft/class_415$class_4190$class_4191
czc,net/minecraft/client/gui/screen/CreateFlatWorldScreen,,,net/minecraft/client/gui/screen/CustomizeFlatLevelScreen,net/minecraft/class_413
czl$a,net/minecraft/client/gui/screen/LanguageScreen$List,,,net/minecraft/client/gui/screen/LanguageOptionsScreen$LanguageSelectionListWidget,net/minecraft/class_426$class_4195
czm,net/minecraft/client/gui/screen/WorldLoadProgressScreen,,,net/minecraft/client/gui/screen/LevelLoadingScreen,net/minecraft/class_3928
czq,net/minecraft/client/gui/screen/OptionsScreen,,,net/minecraft/client/gui/screen/SettingsScreen,net/minecraft/class_429
cyu,net/minecraft/client/gui/screen/AlertScreen,,,net/minecraft/client/gui/screen/NoticeScreen,net/minecraft/class_403
cyw,net/minecraft/client/gui/screen/ChatOptionsScreen,,,net/minecraft/client/gui/screen/ChatOptionsScreen,net/minecraft/class_404
cyz,net/minecraft/client/gui/screen/ConfirmScreen,,,net/minecraft/client/gui/screen/ConfirmScreen,net/minecraft/class_410
czr,net/minecraft/client/gui/screen/MemoryErrorScreen,,,net/minecraft/client/gui/screen/OutOfMemoryScreen,net/minecraft/class_428
dad,net/minecraft/client/gui/screen/WinGameScreen,,,net/minecraft/client/gui/screen/EndCreditsScreen,net/minecraft/class_445
czv,net/minecraft/client/gui/screen/WorkingScreen,,,net/minecraft/client/gui/screen/ProgressScreen,net/minecraft/class_435
czy,net/minecraft/client/gui/screen/ShareToLanScreen,,,net/minecraft/client/gui/screen/OpenToLanScreen,net/minecraft/class_436
cyx$a,net/minecraft/client/gui/screen/ChatScreen$SuggestionsList,,,net/minecraft/client/gui/screen/ChatScreen$SuggestionWindow,net/minecraft/class_408$class_409
czi,net/minecraft/client/gui/screen/ErrorScreen,,,net/minecraft/client/gui/screen/FatalErrorScreen,net/minecraft/class_421
cyt,net/minecraft/client/gui/AccessibilityScreen,,,net/minecraft/client/gui/screen/AccessibilityScreen,net/minecraft/class_4189
czl$a$a,net/minecraft/client/gui/screen/LanguageScreen$List$LanguageEntry,,,net/minecraft/client/gui/screen/LanguageOptionsScreen$LanguageSelectionListWidget$LanguageEntry,net/minecraft/class_426$class_4195$class_4194
czu$b$a,net/minecraft/client/gui/screen/FlatPresetsScreen$SlotList$PresetEntry,,,net/minecraft/client/gui/screen/PresetsScreen$SuperflatPresetsListWidget$SuperflatPresetEntry,net/minecraft/class_430$class_4196$class_432
dab$a,net/minecraft/client/gui/screen/MainMenuScreen$WarningDisplay,,,net/minecraft/client/gui/screen/TitleScreen$Warning,net/minecraft/class_442$class_4308
czx,net/minecraft/client/gui/screen/Screen,,,net/minecraft/client/gui/screen/Screen,net/minecraft/class_437
czk,net/minecraft/client/gui/screen/SleepInMultiplayerScreen,,,net/minecraft/client/gui/screen/SleepingChatScreen,net/minecraft/class_423
cyv,net/minecraft/client/gui/screen/ConfirmBackupScreen,,,net/minecraft/client/gui/screen/BackupPromptScreen,net/minecraft/class_405
czu$b,net/minecraft/client/gui/screen/FlatPresetsScreen$SlotList,,,net/minecraft/client/gui/screen/PresetsScreen$SuperflatPresetsListWidget,net/minecraft/class_430$class_4196
cyx,net/minecraft/client/gui/screen/ChatScreen,,,net/minecraft/client/gui/screen/ChatScreen,net/minecraft/class_408
dan$a,net/minecraft/client/gui/widget/list/KeyBindingList$CategoryEntry,,,net/minecraft/client/gui/screen/controls/ControlsListWidget$CategoryEntry,net/minecraft/class_459$class_460
dao,net/minecraft/client/gui/screen/ControlsScreen,,,net/minecraft/client/gui/screen/controls/ControlsOptionsScreen,net/minecraft/class_458
dan,net/minecraft/client/gui/widget/list/KeyBindingList,,,net/minecraft/client/gui/screen/controls/ControlsListWidget,net/minecraft/class_459
dan$c,net/minecraft/client/gui/widget/list/KeyBindingList$KeyEntry,,,net/minecraft/client/gui/screen/controls/ControlsListWidget$KeyBindingEntry,net/minecraft/class_459$class_462
dan$c$2,net/minecraft/client/gui/widget/list/KeyBindingList$KeyEntry$2,,,net/minecraft/client/gui/screen/controls/ControlsListWidget$KeyBindingEntry$2,net/minecraft/class_459$class_462$2
dan$b,net/minecraft/client/gui/widget/list/KeyBindingList$Entry,,,net/minecraft/client/gui/screen/controls/ControlsListWidget$Entry,net/minecraft/class_459$class_461
dan$c$1,net/minecraft/client/gui/widget/list/KeyBindingList$KeyEntry$1,,,net/minecraft/client/gui/screen/controls/ControlsListWidget$KeyBindingEntry$1,net/minecraft/class_459$class_462$1
dab,net/minecraft/client/gui/screen/MainMenuScreen,,,net/minecraft/client/gui/screen/TitleScreen,net/minecraft/class_442
dcq,net/minecraft/client/gui/recipebook/IRecipeShownListener,,,net/minecraft/client/gui/screen/recipebook/RecipeBookProvider,net/minecraft/class_518
dcs,net/minecraft/client/gui/recipebook/SmokerRecipeGui,,,net/minecraft/client/gui/screen/recipebook/SmokerRecipeBookScreen,net/minecraft/class_3877
dcg,net/minecraft/client/gui/recipebook/AbstractRecipeBookGui,,,net/minecraft/client/gui/screen/recipebook/AbstractFurnaceRecipeBookScreen,net/minecraft/class_517
dch,net/minecraft/client/gui/recipebook/BlastFurnaceRecipeGui,,,net/minecraft/client/gui/screen/recipebook/BlastFurnaceRecipeBookScreen,net/minecraft/class_3875
dcj$a$a,net/minecraft/client/gui/recipebook/RecipeOverlayGui$RecipeButtonWidget$Child,,,net/minecraft/client/gui/screen/recipebook/RecipeAlternatesWidget$AlternateButtonWidget$InputSlot,net/minecraft/class_508$class_509$class_510
dcr,net/minecraft/client/gui/recipebook/FurnaceRecipeGui,,,net/minecraft/client/gui/screen/recipebook/FurnaceRecipeBookScreen,net/minecraft/class_3876
dcj$b,net/minecraft/client/gui/recipebook/RecipeOverlayGui$FurnaceRecipeButtonWidget,,,net/minecraft/client/gui/screen/recipebook/RecipeAlternatesWidget$class_511,net/minecraft/class_508$class_511
dcj,net/minecraft/client/gui/recipebook/RecipeOverlayGui,,,net/minecraft/client/gui/screen/recipebook/RecipeAlternatesWidget,net/minecraft/class_508
dci,net/minecraft/client/gui/recipebook/GhostRecipe,,,net/minecraft/client/gui/screen/recipebook/RecipeBookGhostSlots,net/minecraft/class_505
dco,net/minecraft/client/gui/recipebook/RecipeList,,,net/minecraft/client/gui/screen/recipebook/RecipeResultCollection,net/minecraft/class_516
dck,net/minecraft/client/gui/recipebook/RecipeBookGui,,,net/minecraft/client/gui/screen/recipebook/RecipeBookWidget,net/minecraft/class_507
dci$a,net/minecraft/client/gui/recipebook/GhostRecipe$GhostIngredient,,,net/minecraft/client/gui/screen/recipebook/RecipeBookGhostSlots$GhostInputSlot,net/minecraft/class_505$class_506
dcm,net/minecraft/client/gui/recipebook/RecipeTabToggleWidget,,,net/minecraft/client/gui/screen/recipebook/RecipeGroupButtonWidget,net/minecraft/class_512
dcl,net/minecraft/client/gui/recipebook/RecipeBookPage,,,net/minecraft/client/gui/screen/recipebook/RecipeBookResults,net/minecraft/class_513
dcn,net/minecraft/client/gui/recipebook/RecipeWidget,,,net/minecraft/client/gui/screen/recipebook/AnimatedResultButton,net/minecraft/class_514
dcp,net/minecraft/client/gui/recipebook/IRecipeUpdateListener,,,net/minecraft/client/gui/screen/recipebook/RecipeDisplayListener,net/minecraft/class_515
dcj$a,net/minecraft/client/gui/recipebook/RecipeOverlayGui$RecipeButtonWidget,,,net/minecraft/client/gui/screen/recipebook/RecipeAlternatesWidget$AlternateButtonWidget,net/minecraft/class_508$class_509
czo,net/minecraft/client/gui/ScreenManager,,,net/minecraft/client/gui/screen/ContainerScreenRegistry,net/minecraft/class_3929
czc$a,net/minecraft/client/gui/screen/CreateFlatWorldScreen$DetailsList,,,net/minecraft/client/gui/screen/CustomizeFlatLevelScreen$SuperflatLayersListWidget,net/minecraft/class_413$class_4192
czn$a,net/minecraft/client/gui/ResourceLoadProgressGui$MojangLogoTexture,,,net/minecraft/client/gui/screen/SplashScreen$class_4070,net/minecraft/class_425$class_4070
czt,net/minecraft/client/gui/screen/IngameMenuScreen,,,net/minecraft/client/gui/screen/GameMenuScreen,net/minecraft/class_433
czb,net/minecraft/client/gui/screen/CreateBuffetWorldScreen,,,net/minecraft/client/gui/screen/CustomizeBuffetLevelScreen,net/minecraft/class_415
dae$b,net/minecraft/client/gui/screen/StatsScreen$StatsList,,,net/minecraft/client/gui/screen/StatsScreen$ItemStatsListWidget,net/minecraft/class_447$class_4200
dae$c,net/minecraft/client/gui/screen/StatsScreen$MobStatsList,,,net/minecraft/client/gui/screen/StatsScreen$EntityStatsListWidget,net/minecraft/class_447$class_4202
dae$a$a,net/minecraft/client/gui/screen/StatsScreen$CustomStatsList$Entry,,,net/minecraft/client/gui/screen/StatsScreen$CustomStatsListWidget$CustomStatItem,net/minecraft/class_447$class_4198$class_4197
dae$c$a,net/minecraft/client/gui/screen/StatsScreen$MobStatsList$Entry,,,net/minecraft/client/gui/screen/StatsScreen$EntityStatsListWidget$EntityStatItem,net/minecraft/class_447$class_4202$class_4201
dae$b$a,net/minecraft/client/gui/screen/StatsScreen$StatsList$Comparator,,,net/minecraft/client/gui/screen/StatsScreen$ItemStatsListWidget$class_450,net/minecraft/class_447$class_4200$class_450
dae,net/minecraft/client/gui/screen/StatsScreen,,,net/minecraft/client/gui/screen/StatsScreen,net/minecraft/class_447
dae$a,net/minecraft/client/gui/screen/StatsScreen$CustomStatsList,,,net/minecraft/client/gui/screen/StatsScreen$CustomStatsListWidget,net/minecraft/class_447$class_4198
dae$b$b,net/minecraft/client/gui/screen/StatsScreen$StatsList$Entry,,,net/minecraft/client/gui/screen/StatsScreen$ItemStatsListWidget$ItemStatItem,net/minecraft/class_447$class_4200$class_4199
daf,net/minecraft/client/gui/IProgressMeter,,,net/minecraft/client/gui/screen/StatsListener,net/minecraft/class_452
cyy,net/minecraft/client/gui/screen/ConfirmOpenLinkScreen,,,net/minecraft/client/gui/screen/ConfirmChatLinkScreen,net/minecraft/class_407
czn,net/minecraft/client/gui/ResourceLoadProgressGui,,,net/minecraft/client/gui/screen/SplashScreen,net/minecraft/class_425
cyv$a,net/minecraft/client/gui/screen/ConfirmBackupScreen$ICallback,,,net/minecraft/client/gui/screen/BackupPromptScreen$Callback,net/minecraft/class_405$class_406
czu,net/minecraft/client/gui/screen/FlatPresetsScreen,,,net/minecraft/client/gui/screen/PresetsScreen,net/minecraft/class_430
cza,net/minecraft/client/gui/screen/ConnectingScreen,,,net/minecraft/client/gui/screen/ConnectScreen,net/minecraft/class_412
dac,net/minecraft/client/gui/screen/VideoSettingsScreen,,,net/minecraft/client/gui/screen/VideoOptionsScreen,net/minecraft/class_446
czu$a,net/minecraft/client/gui/screen/FlatPresetsScreen$LayerItem,,,net/minecraft/client/gui/screen/PresetsScreen$SuperflatPreset,net/minecraft/class_430$class_431
czo$a,net/minecraft/client/gui/ScreenManager$IScreenFactory,,,net/minecraft/client/gui/screen/ContainerScreenRegistry$GuiFactory,net/minecraft/class_3929$class_3930
dcu,net/minecraft/client/gui/screen/ResourcePacksScreen,,,net/minecraft/client/gui/screen/resourcepack/ResourcePackOptionsScreen,net/minecraft/class_519
dcy,net/minecraft/client/gui/widget/list/SelectedResourcePackList,,,net/minecraft/client/gui/screen/resourcepack/SelectedResourcePackListWidget,net/minecraft/class_523
dcw,net/minecraft/client/gui/widget/list/AvailableResourcePackList,,,net/minecraft/client/gui/screen/resourcepack/AvailableResourcePackListWidget,net/minecraft/class_522
dcx$a,net/minecraft/client/gui/widget/list/AbstractResourcePackList$ResourcePackEntry,,,net/minecraft/client/gui/screen/resourcepack/ResourcePackListWidget$ResourcePackEntry,net/minecraft/class_521$class_4271
dcx,net/minecraft/client/gui/widget/list/AbstractResourcePackList,,,net/minecraft/client/gui/screen/resourcepack/ResourcePackListWidget,net/minecraft/class_521
cze,net/minecraft/client/gui/screen/DemoScreen,,,net/minecraft/client/gui/screen/DemoScreen,net/minecraft/class_417
czs,net/minecraft/client/gui/LoadingGui,,,net/minecraft/client/gui/screen/Overlay,net/minecraft/class_4071
cwi,net/minecraft/client/gui/AbstractGui,,,net/minecraft/client/gui/DrawableHelper,net/minecraft/class_332
cwh,net/minecraft/client/gui/IngameGui,,,net/minecraft/client/gui/hud/InGameHud,net/minecraft/class_329
cwj,net/minecraft/client/gui/MapItemRenderer,,,net/minecraft/client/gui/MapRenderer,net/minecraft/class_330
cwq$a,net/minecraft/client/gui/widget/list/AbstractList$AbstractListEntry,,,net/minecraft/client/gui/widget/EntryListWidget$Entry,net/minecraft/class_350$class_351
cws,net/minecraft/client/gui/widget/Widget,,,net/minecraft/client/gui/widget/AbstractButtonWidget,net/minecraft/class_339
cxe$a,net/minecraft/client/gui/widget/list/ExtendedList$AbstractListEntry,,,net/minecraft/client/gui/widget/AlwaysSelectedEntryListWidget$Entry,net/minecraft/class_4280$class_4281
cxg,net/minecraft/client/gui/widget/list/OptionsRowList,,,net/minecraft/client/gui/widget/ButtonListWidget,net/minecraft/class_353
cwr,net/minecraft/client/gui/widget/AbstractSlider,,,net/minecraft/client/gui/widget/SliderWidget,net/minecraft/class_357
cwp,net/minecraft/client/gui/widget/button/AbstractButton,,,net/minecraft/client/gui/widget/AbstractPressableButtonWidget,net/minecraft/class_4264
cxd,net/minecraft/client/gui/widget/button/LockIconButton,,,net/minecraft/client/gui/widget/LockButtonWidget,net/minecraft/class_347
cxf,net/minecraft/client/gui/widget/button/OptionButton,,,net/minecraft/client/gui/widget/OptionButtonWidget,net/minecraft/class_349
cxe,net/minecraft/client/gui/widget/list/ExtendedList,,,net/minecraft/client/gui/widget/AlwaysSelectedEntryListWidget,net/minecraft/class_4280
cxh,net/minecraft/client/gui/overlay/PlayerTabOverlayGui,,,net/minecraft/client/gui/hud/PlayerListHud,net/minecraft/class_355
cwu$a,net/minecraft/client/gui/widget/button/Button$IPressable,,,net/minecraft/client/gui/widget/ButtonWidget$PressAction,net/minecraft/class_4185$class_4241
cxl,net/minecraft/client/gui/overlay/SubtitleOverlayGui,,,net/minecraft/client/gui/hud/SubtitlesHud,net/minecraft/class_359
cwz,net/minecraft/client/gui/overlay/DebugOverlayGui,,,net/minecraft/client/gui/hud/DebugHud,net/minecraft/class_340
cxn,net/minecraft/client/gui/IRenderable,,,net/minecraft/client/gui/Drawable,net/minecraft/class_4068
cwt,net/minecraft/client/gui/overlay/BossOverlayGui,,,net/minecraft/client/gui/hud/BossBarHud,net/minecraft/class_337
cxm,net/minecraft/client/gui/widget/SoundSlider,,,net/minecraft/client/gui/widget/SoundSliderWidget,net/minecraft/class_444
cxl$a,net/minecraft/client/gui/overlay/SubtitleOverlayGui$Subtitle,,,net/minecraft/client/gui/hud/SubtitlesHud$SubtitleEntry,net/minecraft/class_359$class_360
cwy$a,net/minecraft/client/gui/widget/list/AbstractOptionList$Entry,,,net/minecraft/client/gui/widget/ElementListWidget$Entry,net/minecraft/class_4265$class_4266
cxb,net/minecraft/client/gui/widget/button/ImageButton,,,net/minecraft/client/gui/widget/TexturedButtonWidget,net/minecraft/class_344
cxk,net/minecraft/client/gui/widget/ToggleWidget,,,net/minecraft/client/gui/widget/ToggleButtonWidget,net/minecraft/class_361
cxg$a,net/minecraft/client/gui/widget/list/OptionsRowList$Row,,,net/minecraft/client/gui/widget/ButtonListWidget$ButtonEntry,net/minecraft/class_353$class_354
cxc,net/minecraft/client/gui/ClientBossInfo,,,net/minecraft/client/gui/hud/ClientBossBar,net/minecraft/class_345
cxi,net/minecraft/client/gui/SlotGui,,,net/minecraft/client/gui/widget/ListWidget,net/minecraft/class_358
cwq$b,net/minecraft/client/gui/widget/list/AbstractList$SimpleArrayList,,,net/minecraft/client/gui/widget/EntryListWidget$Entries,net/minecraft/class_350$class_352
cxd$a,net/minecraft/client/gui/widget/button/LockIconButton$Icon,,,net/minecraft/client/gui/widget/LockButtonWidget$IconLocation,net/minecraft/class_347$class_348
cwv,net/minecraft/client/gui/NewChatGui,,,net/minecraft/client/gui/hud/ChatHud,net/minecraft/class_338
cwu,net/minecraft/client/gui/widget/button/Button,,,net/minecraft/client/gui/widget/ButtonWidget,net/minecraft/class_4185
cxa,net/minecraft/client/gui/widget/TextFieldWidget,,,net/minecraft/client/gui/widget/TextFieldWidget,net/minecraft/class_342
cxj,net/minecraft/client/gui/widget/OptionSlider,,,net/minecraft/client/gui/widget/GameOptionSliderWidget,net/minecraft/class_4040
cwq,net/minecraft/client/gui/widget/list/AbstractList,,,net/minecraft/client/gui/widget/EntryListWidget,net/minecraft/class_350
cxt,net/minecraft/client/gui/SpectatorGui,,,net/minecraft/client/gui/hud/SpectatorHud,net/minecraft/class_365
cww,net/minecraft/client/gui/widget/button/CheckboxButton,,,net/minecraft/client/gui/widget/CheckboxWidget,net/minecraft/class_4286
cwy,net/minecraft/client/gui/widget/list/AbstractOptionList,,,net/minecraft/client/gui/widget/ElementListWidget,net/minecraft/class_4265
cxz$a,net/minecraft/client/gui/toasts/ToastGui$ToastInstance,,,net/minecraft/client/toast/ToastManager$Entry,net/minecraft/class_374$class_375
cxx,net/minecraft/client/gui/toasts/SystemToast,,,net/minecraft/client/toast/SystemToast,net/minecraft/class_370
cxx$a,net/minecraft/client/gui/toasts/SystemToast$Type,,,net/minecraft/client/toast/SystemToast$Type,net/minecraft/class_370$class_371
cxy$a,net/minecraft/client/gui/toasts/IToast$Visibility,,,net/minecraft/client/toast/Toast$Visibility,net/minecraft/class_368$class_369
cxw,net/minecraft/client/gui/toasts/RecipeToast,,,net/minecraft/client/toast/RecipeToast,net/minecraft/class_366
cya$a,net/minecraft/client/gui/toasts/TutorialToast$Icons,,,net/minecraft/client/toast/TutorialToast$Type,net/minecraft/class_372$class_373
cya,net/minecraft/client/gui/toasts/TutorialToast,,,net/minecraft/client/toast/TutorialToast,net/minecraft/class_372
cxv,net/minecraft/client/gui/toasts/AdvancementToast,,,net/minecraft/client/toast/AdvancementToast,net/minecraft/class_367
cxz,net/minecraft/client/gui/toasts/ToastGui,,,net/minecraft/client/toast/ToastManager,net/minecraft/class_374
cxy,net/minecraft/client/gui/toasts/IToast,,,net/minecraft/client/toast/Toast,net/minecraft/class_368
cxh$a,net/minecraft/client/gui/overlay/PlayerTabOverlayGui$PlayerComparator,,,net/minecraft/client/gui/hud/PlayerListHud$EntryOrderComparator,net/minecraft/class_355$class_356
cwx,net/minecraft/client/gui/RenderComponentsUtil,,,net/minecraft/client/util/TextComponentUtil,net/minecraft/class_341
cxq,net/minecraft/client/gui/IGuiEventListener,,,net/minecraft/client/gui/Element,net/minecraft/class_364
cxo,net/minecraft/client/gui/FocusableGui,,,net/minecraft/client/gui/AbstractParentElement,net/minecraft/class_362
cxp,net/minecraft/client/gui/INestedGuiEventHandler,,,net/minecraft/client/gui/ParentElement,net/minecraft/class_4069
ddo,net/minecraft/client/gui/spectator/categories/SpectatorDetails,,,net/minecraft/client/gui/hud/spectator/SpectatorMenuState,net/minecraft/class_539
ddq$a,net/minecraft/client/gui/spectator/categories/TeleportToTeam$TeamSelectionObject,,,net/minecraft/client/gui/hud/spectator/TeamTeleportSpectatorMenu$TeleportToSpecificTeamCommand,net/minecraft/class_540$class_541
ddp,net/minecraft/client/gui/spectator/categories/TeleportToPlayer,,,net/minecraft/client/gui/hud/spectator/TeleportSpectatorMenu,net/minecraft/class_538
ddq,net/minecraft/client/gui/spectator/categories/TeleportToTeam,,,net/minecraft/client/gui/hud/spectator/TeamTeleportSpectatorMenu,net/minecraft/class_540
ddj,net/minecraft/client/gui/spectator/BaseSpectatorGroup,,,net/minecraft/client/gui/hud/spectator/RootSpectatorCommandGroup,net/minecraft/class_534
ddk$1,net/minecraft/client/gui/spectator/SpectatorMenu$1,,,net/minecraft/client/gui/hud/spectator/SpectatorMenu$1,net/minecraft/class_531$1
ddk,net/minecraft/client/gui/spectator/SpectatorMenu,,,net/minecraft/client/gui/hud/spectator/SpectatorMenu,net/minecraft/class_531
ddk$b,net/minecraft/client/gui/spectator/SpectatorMenu$MoveMenuObject,,,net/minecraft/client/gui/hud/spectator/SpectatorMenu$ChangePageSpectatorMenuCommand,net/minecraft/class_531$class_533
ddm,net/minecraft/client/gui/spectator/ISpectatorMenuObject,,,net/minecraft/client/gui/hud/spectator/SpectatorMenuCommand,net/minecraft/class_537
ddk$a,net/minecraft/client/gui/spectator/SpectatorMenu$EndSpectatorObject,,,net/minecraft/client/gui/hud/spectator/SpectatorMenu$CloseSpectatorMenuCommand,net/minecraft/class_531$class_532
ddn,net/minecraft/client/gui/spectator/ISpectatorMenuRecipient,,,net/minecraft/client/gui/hud/spectator/SpectatorMenuCloseCallback,net/minecraft/class_536
ddi,net/minecraft/client/gui/spectator/PlayerMenuObject,,,net/minecraft/client/gui/hud/spectator/TeleportToSpecificPlayerSpectatorCommand,net/minecraft/class_530
ddl,net/minecraft/client/gui/spectator/ISpectatorMenuView,,,net/minecraft/client/gui/hud/spectator/SpectatorMenuCommandGroup,net/minecraft/class_535
cvb,net/minecraft/client/settings/AttackIndicatorStatus,,,net/minecraft/client/options/AttackIndicator,net/minecraft/class_4061
cvq,net/minecraft/client/settings/NarratorStatus,,,net/minecraft/client/options/NarratorOption,net/minecraft/class_4065
cvj,net/minecraft/client/gui/ChatLine,,,net/minecraft/client/gui/hud/ChatHudLine,net/minecraft/class_303
cvd,net/minecraft/client/renderer/ActiveRenderInfo,,,net/minecraft/client/render/Camera,net/minecraft/class_4184
cvh,net/minecraft/client/util/NBTQueryManager,,,net/minecraft/client/network/DataQueryHandler,net/minecraft/class_300
dhc,net/minecraft/client/renderer/entity/model/EnderDragonModel,,,net/minecraft/client/render/entity/model/DragonEntityModel,net/minecraft/class_625
dhb,net/minecraft/client/renderer/tileentity/model/DragonHeadModel,,,net/minecraft/client/render/entity/model/DragonHeadEntityModel,net/minecraft/class_626
dhd,net/minecraft/client/renderer/entity/model/EnderCrystalModel,,,net/minecraft/client/render/entity/model/EndCrystalEntityModel,net/minecraft/class_627
dfq,net/minecraft/client/renderer/entity/model/PillagerModel,,,net/minecraft/client/render/entity/model/PillagerEntityModel,net/minecraft/class_589
dfb$a,net/minecraft/client/renderer/entity/model/BipedModel$ArmPose,,,net/minecraft/client/render/entity/model/BipedEntityModel$ArmPose,net/minecraft/class_572$class_573
dgu,net/minecraft/client/renderer/entity/model/VexModel,,,net/minecraft/client/render/entity/model/VexEntityModel,net/minecraft/class_617
dgb,net/minecraft/client/renderer/entity/model/SheepWoolModel,,,net/minecraft/client/render/entity/model/SheepWoolEntityModel,net/minecraft/class_598
dfx,net/minecraft/client/renderer/entity/model/QuadrupedModel,,,net/minecraft/client/render/entity/model/QuadrupedEntityModel,net/minecraft/class_597
dgt,net/minecraft/client/renderer/model/PositionTextureVertex,,,net/minecraft/client/model/Vertex,net/minecraft/class_618
dgw,net/minecraft/client/renderer/entity/model/WitchModel,,,net/minecraft/client/render/entity/model/WitchEntityModel,net/minecraft/class_622
dgk,net/minecraft/client/renderer/entity/model/SlimeModel,,,net/minecraft/client/render/entity/model/SlimeEntityModel,net/minecraft/class_609
dgm,net/minecraft/client/renderer/entity/model/SpiderModel,,,net/minecraft/client/render/entity/model/SpiderEntityModel,net/minecraft/class_611
dfb,net/minecraft/client/renderer/entity/model/BipedModel,,,net/minecraft/client/render/entity/model/BipedEntityModel,net/minecraft/class_572
dgl,net/minecraft/client/renderer/entity/model/SnowManModel,,,net/minecraft/client/render/entity/model/SnowmanEntityModel,net/minecraft/class_608
dec,net/minecraft/client/renderer/entity/model/BatModel,,,net/minecraft/client/render/entity/model/BatEntityModel,net/minecraft/class_553
dfd,net/minecraft/client/renderer/entity/model/IronGolemModel,,,net/minecraft/client/render/entity/model/IronGolemEntityModel,net/minecraft/class_574
dfm,net/minecraft/client/renderer/entity/model/PandaModel,,,net/minecraft/client/render/entity/model/PandaEntityModel,net/minecraft/class_586
dha,net/minecraft/client/renderer/entity/model/ZombieVillagerModel,,,net/minecraft/client/render/entity/model/ZombieVillagerEntityModel,net/minecraft/class_619
dgc,net/minecraft/client/renderer/entity/model/SheepModel,,,net/minecraft/client/render/entity/model/SheepEntityModel,net/minecraft/class_601
ddz,net/minecraft/client/renderer/entity/model/ArmorStandArmorModel,,,net/minecraft/client/render/entity/model/ArmorStandArmorEntityModel,net/minecraft/class_548
dfn,net/minecraft/client/renderer/entity/model/ParrotModel,,,net/minecraft/client/render/entity/model/ParrotEntityModel,net/minecraft/class_584
dgv,net/minecraft/client/renderer/entity/model/VillagerModel,,,net/minecraft/client/render/entity/model/VillagerResemblingModel,net/minecraft/class_620
deu,net/minecraft/client/renderer/entity/model/EvokerFangsModel,,,net/minecraft/client/render/entity/model/EvokerFangsEntityModel,net/minecraft/class_568
dfe,net/minecraft/client/renderer/tileentity/model/LargeChestModel,,,net/minecraft/client/render/entity/model/LargeChestEntityModel,net/minecraft/class_577
der,net/minecraft/client/renderer/entity/model/EndermanModel,,,net/minecraft/client/render/entity/model/EndermanEntityModel,net/minecraft/class_566
dfl,net/minecraft/client/renderer/entity/model/OcelotModel,,,net/minecraft/client/render/entity/model/OcelotEntityModel,net/minecraft/class_582
deh,net/minecraft/client/renderer/entity/model/BookModel,,,net/minecraft/client/render/entity/model/BookModel,net/minecraft/class_557
del,net/minecraft/client/renderer/entity/model/ChickenModel,,,net/minecraft/client/render/entity/model/ChickenEntityModel,net/minecraft/class_558
dfj,net/minecraft/client/renderer/entity/model/MinecartModel,,,net/minecraft/client/render/entity/model/MinecartEntityModel,net/minecraft/class_580
dgj,net/minecraft/client/renderer/entity/model/GenericHeadModel,,,net/minecraft/client/render/entity/model/SkullEntityModel,net/minecraft/class_607
dfc,net/minecraft/client/renderer/entity/model/IllagerModel,,,net/minecraft/client/render/entity/model/EvilVillagerEntityModel,net/minecraft/class_575
dfk,net/minecraft/client/renderer/model/Model,,,net/minecraft/client/model/Model,net/minecraft/class_3879
dfi,net/minecraft/client/renderer/entity/model/LlamaSpitModel,,,net/minecraft/client/render/entity/model/LlamaSpitEntityModel,net/minecraft/class_581
dfa,net/minecraft/client/renderer/entity/model/HumanoidHeadModel,,,net/minecraft/client/render/entity/model/SkullOverlayEntityModel,net/minecraft/class_569
ded,net/minecraft/client/renderer/tileentity/model/BedModel,,,net/minecraft/client/render/entity/model/BedEntityModel,net/minecraft/class_552
dgg,net/minecraft/client/renderer/tileentity/model/SignModel,,,net/minecraft/client/render/entity/model/SignBlockEntityModel,net/minecraft/class_605
dfu,net/minecraft/client/renderer/entity/model/PufferFishBigModel,,,net/minecraft/client/render/entity/model/LargePufferfishEntityModel,net/minecraft/class_592
dep,net/minecraft/client/renderer/entity/model/DrownedModel,,,net/minecraft/client/render/entity/model/DrownedEntityModel,net/minecraft/class_564
den,net/minecraft/client/renderer/entity/model/CowModel,,,net/minecraft/client/render/entity/model/CowEntityModel,net/minecraft/class_560
dex,net/minecraft/client/renderer/entity/model/GiantModel,,,net/minecraft/client/render/entity/model/GiantEntityModel,net/minecraft/class_3969
dhh,net/minecraft/client/renderer/entity/model/RendererModel,,,net/minecraft/client/model/Cuboid,net/minecraft/class_630
dhf,net/minecraft/client/renderer/model/ModelBox,,,net/minecraft/client/model/Box,net/minecraft/class_628
dgy,net/minecraft/client/renderer/entity/model/WolfModel,,,net/minecraft/client/render/entity/model/WolfEntityModel,net/minecraft/class_624
dfp,net/minecraft/client/renderer/entity/model/PigModel,,,net/minecraft/client/render/entity/model/PigEntityModel,net/minecraft/class_587
dga,net/minecraft/client/renderer/entity/model/SalmonModel,,,net/minecraft/client/render/entity/model/SalmonEntityModel,net/minecraft/class_599
dgx,net/minecraft/client/renderer/entity/model/WitherModel,,,net/minecraft/client/render/entity/model/WitherEntityModel,net/minecraft/class_621
dfo,net/minecraft/client/renderer/entity/model/PhantomModel,,,net/minecraft/client/render/entity/model/PhantomEntityModel,net/minecraft/class_588
dgq,net/minecraft/client/renderer/entity/model/TropicalFishBModel,,,net/minecraft/client/render/entity/model/TropicalFishEntityModelB,net/minecraft/class_615
dgd,net/minecraft/client/renderer/entity/model/ShieldModel,,,net/minecraft/client/render/entity/model/ShieldEntityModel,net/minecraft/class_600
dev,net/minecraft/client/renderer/entity/model/FoxModel,,,net/minecraft/client/render/entity/model/FoxEntityModel,net/minecraft/class_4041
dfr,net/minecraft/client/renderer/entity/model/PlayerModel,,,net/minecraft/client/render/entity/model/PlayerEntityModel,net/minecraft/class_591
dgn,net/minecraft/client/renderer/entity/model/SquidModel,,,net/minecraft/client/render/entity/model/SquidEntityModel,net/minecraft/class_610
dee,net/minecraft/client/renderer/tileentity/model/BellModel,,,net/minecraft/client/render/block/entity/BellModel,net/minecraft/class_3878
dfz,net/minecraft/client/renderer/entity/model/RavagerModel,,,net/minecraft/client/render/entity/model/RavagerEntityModel,net/minecraft/class_571
dge,net/minecraft/client/renderer/entity/model/ShulkerBulletModel,,,net/minecraft/client/render/entity/model/ShulkerBulletEntityModel,net/minecraft/class_603
dgp,net/minecraft/client/renderer/entity/model/TropicalFishAModel,,,net/minecraft/client/render/entity/model/TropicalFishEntityModelA,net/minecraft/class_612
dez,net/minecraft/client/renderer/entity/model/HorseModel,,,net/minecraft/client/render/entity/model/HorseEntityModel,net/minecraft/class_549
dgr,net/minecraft/client/renderer/entity/model/TurtleModel,,,net/minecraft/client/render/entity/model/TurtleEntityModel,net/minecraft/class_614
deb,net/minecraft/client/renderer/tileentity/model/BannerModel,,,net/minecraft/client/render/entity/model/BannerBlockEntityModel,net/minecraft/class_550
des,net/minecraft/client/renderer/entity/model/EndermiteModel,,,net/minecraft/client/render/entity/model/EndermiteEntityModel,net/minecraft/class_565
dei,net/minecraft/client/renderer/entity/model/CatModel,,,net/minecraft/client/render/entity/model/CatEntityModel,net/minecraft/class_3680
dff,net/minecraft/client/renderer/entity/model/MagmaCubeModel,,,net/minecraft/client/render/entity/model/MagmaCubeEntityModel,net/minecraft/class_576
deo,net/minecraft/client/renderer/entity/model/CreeperModel,,,net/minecraft/client/render/entity/model/CreeperEntityModel,net/minecraft/class_562
dfg,net/minecraft/client/renderer/entity/model/LeashKnotModel,,,net/minecraft/client/render/entity/model/LeashEntityModel,net/minecraft/class_579
dfn$a,net/minecraft/client/renderer/entity/model/ParrotModel$State,,,net/minecraft/client/render/entity/model/ParrotEntityModel$Pose,net/minecraft/class_584$class_585
dfs,net/minecraft/client/renderer/entity/model/PolarBearModel,,,net/minecraft/client/render/entity/model/PolarBearEntityModel,net/minecraft/class_590
dfv,net/minecraft/client/renderer/entity/model/PufferFishMediumModel,,,net/minecraft/client/render/entity/model/MediumPufferfishEntityModel,net/minecraft/class_595
dea,net/minecraft/client/renderer/entity/model/ArmorStandModel,,,net/minecraft/client/render/entity/model/ArmorStandEntityModel,net/minecraft/class_551
dgo,net/minecraft/client/renderer/entity/model/TridentModel,,,net/minecraft/client/render/entity/model/TridentEntityModel,net/minecraft/class_613
dew,net/minecraft/client/renderer/entity/model/GhastModel,,,net/minecraft/client/render/entity/model/GhastEntityModel,net/minecraft/class_567
dgi,net/minecraft/client/renderer/entity/model/SkeletonModel,,,net/minecraft/client/render/entity/model/StrayEntityModel,net/minecraft/class_606
dfh,net/minecraft/client/renderer/entity/model/LlamaModel,,,net/minecraft/client/render/entity/model/LlamaEntityModel,net/minecraft/class_578
dgf,net/minecraft/client/renderer/entity/model/ShulkerModel,,,net/minecraft/client/render/entity/model/ShulkerEntityModel,net/minecraft/class_602
dem,net/minecraft/client/renderer/entity/model/CodModel,,,net/minecraft/client/render/entity/model/CodEntityModel,net/minecraft/class_561
dfw,net/minecraft/client/renderer/entity/model/PufferFishSmallModel,,,net/minecraft/client/render/entity/model/SmallPufferfishEntityModel,net/minecraft/class_594
def,net/minecraft/client/renderer/entity/model/BlazeModel,,,net/minecraft/client/render/entity/model/BlazeEntityModel,net/minecraft/class_555
dfy,net/minecraft/client/renderer/entity/model/RabbitModel,,,net/minecraft/client/render/entity/model/RabbitEntityModel,net/minecraft/class_596
det,net/minecraft/client/renderer/entity/model/EntityModel,,,net/minecraft/client/render/entity/model/EntityModel,net/minecraft/class_583
dej,net/minecraft/client/renderer/tileentity/model/ChestModel,,,net/minecraft/client/render/entity/model/ChestEntityModel,net/minecraft/class_556
dey,net/minecraft/client/renderer/entity/model/GuardianModel,,,net/minecraft/client/render/entity/model/GuardianEntityModel,net/minecraft/class_570
dek,net/minecraft/client/renderer/entity/model/HorseArmorChestsModel,,,net/minecraft/client/render/entity/model/DonkeyEntityModel,net/minecraft/class_559
deq,net/minecraft/client/renderer/entity/model/ElytraModel,,,net/minecraft/client/render/entity/model/ElytraEntityModel,net/minecraft/class_563
dft,net/minecraft/client/renderer/model/TexturedQuad,,,net/minecraft/client/model/Quad,net/minecraft/class_593
dgh,net/minecraft/client/renderer/entity/model/SilverfishModel,,,net/minecraft/client/render/entity/model/SilverfishEntityModel,net/minecraft/class_604
dgz,net/minecraft/client/renderer/entity/model/ZombieModel,,,net/minecraft/client/render/entity/model/ZombieEntityModel,net/minecraft/class_623
deg,net/minecraft/client/renderer/entity/model/BoatModel,,,net/minecraft/client/render/entity/model/BoatEntityModel,net/minecraft/class_554
ddy,net/minecraft/client/renderer/entity/model/AbstractZombieModel,,,net/minecraft/client/render/entity/model/AbstractZombieModel,net/minecraft/class_3968
cvw,net/minecraft/util/ScreenShotHelper,,,net/minecraft/client/util/ScreenshotUtils,net/minecraft/class_318
cvs,net/minecraft/client/GameSettings,,,net/minecraft/client/options/GameOptions,net/minecraft/class_315
cvz,net/minecraft/util/Session,,,net/minecraft/client/util/Session,net/minecraft/class_320
dxw,net/minecraft/client/audio/MusicTicker,,,net/minecraft/client/sound/MusicTracker,net/minecraft/class_1142
dxy,net/minecraft/client/audio/SoundEngine,,,net/minecraft/client/sound/SoundSystem,net/minecraft/class_1140
dyc,net/minecraft/client/audio/SoundEventAccessor,,,net/minecraft/client/sound/WeightedSoundSet,net/minecraft/class_1146
dyb$1,net/minecraft/client/audio/SoundHandler$1,,,net/minecraft/client/sound/SoundManager$1,net/minecraft/class_1144$1
dxu,net/minecraft/client/audio/IAudioStream,,,net/minecraft/client/sound/AudioStream,net/minecraft/class_4234
dya,net/minecraft/client/audio/ISoundEventListener,,,net/minecraft/client/sound/ListenerSoundInstance,net/minecraft/class_1145
dyb$a,net/minecraft/client/audio/SoundHandler$Loader,,,net/minecraft/client/sound/SoundManager$SoundList,net/minecraft/class_1144$class_4009
dxz,net/minecraft/client/audio/SoundEngineExecutor,,,net/minecraft/client/sound/SoundExecutor,net/minecraft/class_4238
dxw$a,net/minecraft/client/audio/MusicTicker$MusicType,,,net/minecraft/client/sound/MusicTracker$MusicType,net/minecraft/class_1142$class_1143
dyd,net/minecraft/client/audio/ISoundEventAccessor,,,net/minecraft/client/sound/SoundContainer,net/minecraft/class_1148
dyb,net/minecraft/client/audio/SoundHandler,,,net/minecraft/client/sound/SoundManager,net/minecraft/class_1144
dxx,net/minecraft/client/audio/AudioStreamManager,,,net/minecraft/client/sound/SoundLoader,net/minecraft/class_4237
dxv,net/minecraft/client/audio/ChannelManager,,,net/minecraft/client/sound/Channel,net/minecraft/class_4235
dxv$a,net/minecraft/client/audio/ChannelManager$Entry,,,net/minecraft/client/sound/Channel$SourceManager,net/minecraft/class_4235$class_4236
dyb$a$1,net/minecraft/client/audio/SoundHandler$Loader$1,,,net/minecraft/client/sound/SoundManager$SoundList$1,net/minecraft/class_1144$class_4009$1
cwa,net/minecraft/client/renderer/color/IBlockColor,,,net/minecraft/client/color/block/BlockColorProvider,net/minecraft/class_322
cwb,net/minecraft/client/renderer/color/BlockColors,,,net/minecraft/client/color/block/BlockColors,net/minecraft/class_324
cwd,net/minecraft/client/renderer/color/IItemColor,,,net/minecraft/client/color/item/ItemColorProvider,net/minecraft/class_326
cwe,net/minecraft/client/renderer/color/ItemColors,,,net/minecraft/client/color/item/ItemColors,net/minecraft/class_325
dkb,net/minecraft/client/entity/player/ClientPlayerEntity,,,net/minecraft/client/network/ClientPlayerEntity,net/minecraft/class_746
dkd,net/minecraft/client/settings/HotbarSnapshot,,,net/minecraft/client/options/HotbarStorageEntry,net/minecraft/class_748
djz,net/minecraft/util/MovementInput,,,net/minecraft/client/input/Input,net/minecraft/class_744
dkc,net/minecraft/client/entity/player/RemoteClientPlayerEntity,,,net/minecraft/client/network/OtherClientPlayerEntity,net/minecraft/class_745
dka,net/minecraft/util/MovementInputFromOptions,,,net/minecraft/client/input/KeyboardInput,net/minecraft/class_743
djy,net/minecraft/client/entity/player/AbstractClientPlayerEntity,,,net/minecraft/client/network/AbstractClientPlayerEntity,net/minecraft/class_742
cvc,net/minecraft/client/settings/BooleanOption,,,net/minecraft/client/options/BooleanOption,net/minecraft/class_4062
cvk,net/minecraft/client/settings/CreativeSettings,,,net/minecraft/client/options/HotbarStorage,net/minecraft/class_302
dvm,net/minecraft/client/resources/Locale,,,net/minecraft/client/resource/language/TranslationStorage,net/minecraft/class_1078
dvl,net/minecraft/client/resources/LanguageManager,,,net/minecraft/client/resource/language/LanguageManager,net/minecraft/class_1076
dvj,net/minecraft/client/resources/I18n,,,net/minecraft/client/resource/language/I18n,net/minecraft/class_1074
dvk,net/minecraft/client/resources/Language,,,net/minecraft/client/resource/language/LanguageDefinition,net/minecraft/class_1077
dux,net/minecraft/client/resources/DefaultPlayerSkin,,,net/minecraft/client/util/DefaultSkinHelper,net/minecraft/class_1068
duv$1,net/minecraft/client/resources/DownloadingPackFinder$1,,,net/minecraft/client/resource/ClientResourcePackCreator$1,net/minecraft/class_1066$1
dvg,net/minecraft/client/util/Splashes,,,net/minecraft/client/resource/SplashTextResourceSupplier,net/minecraft/class_4008
duz,net/minecraft/client/resources/FoliageColorReloadListener,,,net/minecraft/client/resource/FoliageColormapResourceSupplier,net/minecraft/class_1070
dvi,net/minecraft/client/resources/ClientResourcePackInfo,,,net/minecraft/client/resource/ClientResourcePackContainer,net/minecraft/class_1075
dvv,net/minecraft/client/resources/data/LanguageMetadataSectionSerializer,,,net/minecraft/client/resource/metadata/LanguageResourceMetadataReader,net/minecraft/class_1083
dvu,net/minecraft/client/resources/data/LanguageMetadataSection,,,net/minecraft/client/resource/metadata/LanguageResourceMetadata,net/minecraft/class_1082
dvo,net/minecraft/client/resources/data/AnimationFrame,,,net/minecraft/client/resource/metadata/AnimationFrameResourceMetadata,net/minecraft/class_1080
dvs,net/minecraft/client/renderer/texture/TextureAtlasSpriteStitcher,,,net/minecraft/client/render/entity/feature/VillagerResourceMetadataReader,net/minecraft/class_3890
dvr,net/minecraft/client/resources/data/VillagerMetadataSection,,,net/minecraft/client/render/entity/feature/VillagerResourceMetadata,net/minecraft/class_3888
dvr$a,net/minecraft/client/resources/data/VillagerMetadataSection$HatType,,,net/minecraft/client/render/entity/feature/VillagerResourceMetadata$HatType,net/minecraft/class_3888$class_3889
dvq,net/minecraft/client/resources/data/AnimationMetadataSectionSerializer,,,net/minecraft/client/resource/metadata/AnimationResourceMetadataReader,net/minecraft/class_1081
dvp,net/minecraft/client/resources/data/AnimationMetadataSection,,,net/minecraft/client/resource/metadata/AnimationResourceMetadata,net/minecraft/class_1079
dvy,net/minecraft/client/resources/data/TextureMetadataSection,,,net/minecraft/client/resource/metadata/TextureResourceMetadata,net/minecraft/class_1084
dvz,net/minecraft/client/resources/data/TextureMetadataSectionSerializer,,,net/minecraft/client/resource/metadata/TextureResourceMetadataReader,net/minecraft/class_1085
dwi$a,net/minecraft/client/renderer/model/MultipartBakedModel$Builder,,,net/minecraft/client/render/model/MultipartBakedModel$Builder,net/minecraft/class_1095$class_1096
dwd,net/minecraft/client/renderer/model/BuiltInModel,,,net/minecraft/client/render/model/BuiltinBakedModel,net/minecraft/class_1090
dwj,net/minecraft/client/renderer/model/SimpleBakedModel,,,net/minecraft/client/render/model/BasicBakedModel,net/minecraft/class_1093
dwl$b,net/minecraft/client/renderer/model/WeightedBakedModel$WeightedModel,,,net/minecraft/client/render/model/WeightedBakedModel$ModelEntry,net/minecraft/class_1097$class_1099
dwe,net/minecraft/client/renderer/model/ModelBakery,,,net/minecraft/client/render/model/ModelLoader,net/minecraft/class_1088
dwk,net/minecraft/client/renderer/model/IUnbakedModel,,,net/minecraft/client/render/model/UnbakedModel,net/minecraft/class_1100
dwc,net/minecraft/client/renderer/model/ModelRotation,,,net/minecraft/client/render/model/ModelRotation,net/minecraft/class_1086
dwb,net/minecraft/client/renderer/model/IBakedModel,,,net/minecraft/client/render/model/BakedModel,net/minecraft/class_1087
dwi,net/minecraft/client/renderer/model/MultipartBakedModel,,,net/minecraft/client/render/model/MultipartBakedModel,net/minecraft/class_1095
dwg,net/minecraft/client/renderer/model/ModelResourceLocation,,,net/minecraft/client/util/ModelIdentifier,net/minecraft/class_1091
dwj$a,net/minecraft/client/renderer/model/SimpleBakedModel$Builder,,,net/minecraft/client/render/model/BasicBakedModel$Builder,net/minecraft/class_1093$class_1094
dwl$a,net/minecraft/client/renderer/model/WeightedBakedModel$Builder,,,net/minecraft/client/render/model/WeightedBakedModel$Builder,net/minecraft/class_1097$class_1098
dwl,net/minecraft/client/renderer/model/WeightedBakedModel,,,net/minecraft/client/render/model/WeightedBakedModel,net/minecraft/class_1097
dwe$a,net/minecraft/client/renderer/model/ModelBakery$BlockStateDefinitionException,,,net/minecraft/client/render/model/ModelLoader$ModelLoaderException,net/minecraft/class_1088$class_1089
dwf,net/minecraft/client/renderer/model/ModelManager,,,net/minecraft/client/render/model/BakedModelManager,net/minecraft/class_1092
dwh,net/minecraft/client/renderer/texture/ISprite,,,net/minecraft/client/render/model/ModelBakeSettings,net/minecraft/class_3665
dvf$1,net/minecraft/client/resources/SkinManager$1,,,net/minecraft/client/texture/PlayerSkinProvider$1,net/minecraft/class_1071$1
duw,net/minecraft/client/resources/VirtualAssetsPack,,,net/minecraft/client/resource/DefaultClientResourcePack,net/minecraft/class_1065
duu,net/minecraft/client/resources/ResourceIndex,,,net/minecraft/client/resource/ResourceIndex,net/minecraft/class_1064
dve,net/minecraft/client/renderer/texture/PaintingSpriteUploader,,,net/minecraft/client/texture/PaintingManager,net/minecraft/class_4044
dxe,net/minecraft/client/audio/UnderwaterAmbientSounds,,,net/minecraft/client/sound/AmbientSoundLoops,net/minecraft/class_1118
dwy$a,net/minecraft/client/audio/Sound$Type,,,net/minecraft/client/sound/Sound$RegistrationType,net/minecraft/class_1111$class_1112
dxd,net/minecraft/client/audio/UnderwaterAmbientSoundHandler,,,net/minecraft/client/sound/AmbientSoundPlayer,net/minecraft/class_1116
dwq,net/minecraft/client/audio/IAmbientSoundHandler,,,net/minecraft/client/util/ClientPlayerTickable,net/minecraft/class_1104
dwx,net/minecraft/client/audio/SimpleSound,,,net/minecraft/client/sound/PositionedSoundInstance,net/minecraft/class_1109
dxe$b,net/minecraft/client/audio/UnderwaterAmbientSounds$UnderWaterSound,,,net/minecraft/client/sound/AmbientSoundLoops$Underwater,net/minecraft/class_1118$class_1120
dxe$a,net/minecraft/client/audio/UnderwaterAmbientSounds$SubSound,,,net/minecraft/client/sound/AmbientSoundLoops$MusicLoop,net/minecraft/class_1118$class_1119
dxa,net/minecraft/client/audio/SoundListSerializer,,,net/minecraft/client/sound/SoundEntryDeserializer,net/minecraft/class_1115
dwy,net/minecraft/client/audio/Sound,,,net/minecraft/client/sound/Sound,net/minecraft/class_1111
dwp,net/minecraft/client/audio/TickableSound,,,net/minecraft/client/sound/MovingSoundInstance,net/minecraft/class_1101
dwu,net/minecraft/client/audio/GuardianSound,,,net/minecraft/client/sound/GuardianAttackSoundInstance,net/minecraft/class_1105
dww,net/minecraft/client/audio/RidingMinecartTickableSound,,,net/minecraft/client/sound/MinecartSoundInstance,net/minecraft/class_1107
dwz,net/minecraft/client/audio/SoundList,,,net/minecraft/client/sound/SoundEntry,net/minecraft/class_1110
dwo,net/minecraft/client/audio/LocatableSound,,,net/minecraft/client/sound/AbstractSoundInstance,net/minecraft/class_1102
dws,net/minecraft/client/audio/ElytraSound,,,net/minecraft/client/sound/ElytraSoundInstance,net/minecraft/class_1103
dxb$a,net/minecraft/client/audio/ISound$AttenuationType,,,net/minecraft/client/sound/SoundInstance$AttenuationType,net/minecraft/class_1113$class_1114
dwr,net/minecraft/client/audio/BubbleColumnAmbientSoundHandler,,,net/minecraft/client/sound/BubbleColumnSoundPlayer,net/minecraft/class_4277
dxb,net/minecraft/client/audio/ISound,,,net/minecraft/client/sound/SoundInstance,net/minecraft/class_1113
dwv,net/minecraft/client/audio/MinecartTickableSound,,,net/minecraft/client/sound/RidingMinecartSoundInstance,net/minecraft/class_1108
dwt,net/minecraft/client/audio/EntityTickableSound,,,net/minecraft/client/sound/EntityTrackingSoundInstance,net/minecraft/class_1106
dxc,net/minecraft/client/audio/ITickableSound,,,net/minecraft/client/sound/TickableSoundInstance,net/minecraft/class_1117
duy,net/minecraft/client/resources/FolderResourceIndex,,,net/minecraft/client/resource/DirectResourceIndex,net/minecraft/class_1067
duv,net/minecraft/client/resources/DownloadingPackFinder,,,net/minecraft/client/resource/ClientResourcePackCreator,net/minecraft/class_1066
dvd,net/minecraft/client/renderer/texture/PotionSpriteUploader,,,net/minecraft/client/texture/StatusEffectSpriteManager,net/minecraft/class_4074
dvf$2,net/minecraft/client/resources/SkinManager$2,,,net/minecraft/client/texture/PlayerSkinProvider$2,net/minecraft/class_1071$2
dvf,net/minecraft/client/resources/SkinManager,,,net/minecraft/client/texture/PlayerSkinProvider,net/minecraft/class_1071
dvf$a,net/minecraft/client/resources/SkinManager$ISkinAvailableCallback,,,net/minecraft/client/texture/PlayerSkinProvider$SkinTextureAvailableCallback,net/minecraft/class_1071$class_1072
dva,net/minecraft/client/resources/GrassColorReloadListener,,,net/minecraft/client/resource/GrassColormapResourceSupplier,net/minecraft/class_1069
dvh,net/minecraft/client/renderer/texture/SpriteUploader,,,net/minecraft/client/texture/SpriteAtlasHolder,net/minecraft/class_4075
dvb,net/minecraft/client/resources/LegacyResourcePackWrapper,,,net/minecraft/client/resource/RedirectedResourcePack,net/minecraft/class_1073
dvc,net/minecraft/client/resources/ColorMapLoader,,,net/minecraft/client/util/RawTextureDataLoader,net/minecraft/class_3685
cvy,net/minecraft/util/Timer,,,net/minecraft/client/render/RenderTickCounter,net/minecraft/class_317
cvl,net/minecraft/client/settings/KeyBinding,,,net/minecraft/client/options/KeyBinding,net/minecraft/class_304
cvi$a,net/minecraft/client/MinecraftGame$MinecraftPerformanceMetrics,,,net/minecraft/client/MinecraftClientGame$PerformanceMetricsImpl,net/minecraft/class_3799$class_3800
net/minecraft/client/ClientBrandRetriever,net/minecraft/client/ClientBrandRetriever,,,net/minecraft/client/ClientBrandRetriever,net/minecraft/client/ClientBrandRetriever
cvx,net/minecraft/client/ClientGameSession,,,net/minecraft/client/ClientGameSession,net/minecraft/class_3801
cvm,net/minecraft/client/KeyboardListener,,,net/minecraft/client/Keyboard,net/minecraft/class_309
cvf,net/minecraft/client/settings/CloudOption,,,net/minecraft/client/options/CloudRenderMode,net/minecraft/class_4063
cve,net/minecraft/client/util/ClientRecipeBook,,,net/minecraft/client/recipe/book/ClientRecipeBook,net/minecraft/class_299
cvz$a,net/minecraft/util/Session$Type,,,net/minecraft/client/util/Session$AccountType,net/minecraft/class_320$class_321
cvg,net/minecraft/client/settings/IteratableOption,,,net/minecraft/client/options/CyclingOption,net/minecraft/class_4064
cvv,net/minecraft/client/util/RecipeBookCategories,,,net/minecraft/client/recipe/book/RecipeBookGroup,net/minecraft/class_314
cvi,net/minecraft/client/MinecraftGame,,,net/minecraft/client/MinecraftClientGame,net/minecraft/class_3799
dmt$b,net/minecraft/client/renderer/tileentity/ConduitTileEntityRenderer$EyeModel,,,net/minecraft/client/render/block/entity/ConduitBlockEntityRenderer$EyeModel,net/minecraft/class_829$class_831
dmt,net/minecraft/client/renderer/tileentity/ConduitTileEntityRenderer,,,net/minecraft/client/render/block/entity/ConduitBlockEntityRenderer,net/minecraft/class_829
dmz,net/minecraft/client/renderer/tileentity/SkullTileEntityRenderer,,,net/minecraft/client/render/block/entity/SkullBlockEntityRenderer,net/minecraft/class_836
dmn,net/minecraft/client/renderer/tileentity/BedTileEntityRenderer,,,net/minecraft/client/render/block/entity/BedBlockEntityRenderer,net/minecraft/class_825
dms,net/minecraft/client/renderer/tileentity/ChestTileEntityRenderer,,,net/minecraft/client/render/block/entity/ChestBlockEntityRenderer,net/minecraft/class_826
dmt$d,net/minecraft/client/renderer/tileentity/ConduitTileEntityRenderer$WindModel,,,net/minecraft/client/render/block/entity/ConduitBlockEntityRenderer$WindModel,net/minecraft/class_829$class_833
dmv,net/minecraft/client/renderer/tileentity/LecternTileEntityRenderer,,,net/minecraft/client/render/block/entity/LecternBlockEntityRenderer,net/minecraft/class_3942
dml,net/minecraft/client/renderer/tileentity/BannerTileEntityRenderer,,,net/minecraft/client/render/block/entity/BannerBlockEntityRenderer,net/minecraft/class_823
dmy,net/minecraft/client/renderer/tileentity/SignTileEntityRenderer,,,net/minecraft/client/render/block/entity/SignBlockEntityRenderer,net/minecraft/class_837
dmt$c,net/minecraft/client/renderer/tileentity/ConduitTileEntityRenderer$ShellModel,,,net/minecraft/client/render/block/entity/ConduitBlockEntityRenderer$BaseModel,net/minecraft/class_829$class_832
dmx,net/minecraft/client/renderer/tileentity/ShulkerBoxTileEntityRenderer,,,net/minecraft/client/render/block/entity/ShulkerBoxBlockEntityRenderer,net/minecraft/class_834
dmu,net/minecraft/client/renderer/tileentity/EnchantmentTableTileEntityRenderer,,,net/minecraft/client/render/block/entity/EnchantingTableBlockEntityRenderer,net/minecraft/class_828
dnb,net/minecraft/client/renderer/tileentity/StructureTileEntityRenderer,,,net/minecraft/client/render/block/entity/StructureBlockBlockEntityRenderer,net/minecraft/class_838
dnd,net/minecraft/client/renderer/tileentity/EndPortalTileEntityRenderer,,,net/minecraft/client/render/block/entity/EndPortalBlockEntityRenderer,net/minecraft/class_840
dmp,net/minecraft/client/renderer/tileentity/TileEntityRendererDispatcher,,,net/minecraft/client/render/block/entity/BlockEntityRenderDispatcher,net/minecraft/class_824
dnc,net/minecraft/client/renderer/tileentity/EndGatewayTileEntityRenderer,,,net/minecraft/client/render/block/entity/EndGatewayBlockEntityRenderer,net/minecraft/class_841
dna,net/minecraft/client/renderer/tileentity/MobSpawnerTileEntityRenderer,,,net/minecraft/client/render/block/entity/MobSpawnerBlockEntityRenderer,net/minecraft/class_839
dmw,net/minecraft/client/renderer/tileentity/PistonTileEntityRenderer,,,net/minecraft/client/render/block/entity/PistonBlockEntityRenderer,net/minecraft/class_835
dmq,net/minecraft/client/renderer/tileentity/TileEntityRenderer,,,net/minecraft/client/render/block/entity/BlockEntityRenderer,net/minecraft/class_827
dmr,net/minecraft/client/renderer/tileentity/CampfireTileEntityRenderer,,,net/minecraft/client/render/block/entity/CampfireBlockEntityRenderer,net/minecraft/class_3941
dmo,net/minecraft/client/renderer/tileentity/BellTileEntityRenderer,,,net/minecraft/client/render/block/entity/BellBlockEntityRenderer,net/minecraft/class_3880
dmm,net/minecraft/client/renderer/tileentity/BeaconTileEntityRenderer,,,net/minecraft/client/render/block/entity/BeaconBlockEntityRenderer,net/minecraft/class_822
dmt$a,net/minecraft/client/renderer/tileentity/ConduitTileEntityRenderer$CageModel,,,net/minecraft/client/render/block/entity/ConduitBlockEntityRenderer$CageModel,net/minecraft/class_829$class_830
dkp,net/minecraft/client/renderer/IImageBuffer,,,net/minecraft/client/texture/ImageFilter,net/minecraft/class_760
dnv,net/minecraft/client/renderer/debug/CaveDebugRenderer,,,net/minecraft/client/render/debug/CaveDebugRenderer,net/minecraft/class_859
dnz,net/minecraft/client/renderer/debug/DebugRenderer,,,net/minecraft/client/render/debug/DebugRenderer,net/minecraft/class_863
doa,net/minecraft/client/renderer/debug/EntityAIDebugRenderer,,,net/minecraft/client/render/debug/GoalSelectorDebugRenderer,net/minecraft/class_4205
doe,net/minecraft/client/renderer/debug/PathfindingDebugRenderer,,,net/minecraft/client/render/debug/PathfindingDebugRenderer,net/minecraft/class_868
dok,net/minecraft/client/renderer/debug/WorldGenAttemptsDebugRenderer,,,net/minecraft/client/render/debug/WorldGenAttemptDebugRenderer,net/minecraft/class_873
doc,net/minecraft/client/renderer/debug/LightDebugRenderer,,,net/minecraft/client/render/debug/SkyLightDebugRenderer,net/minecraft/class_866
dnz$a,net/minecraft/client/renderer/debug/DebugRenderer$IDebugRenderer,,,net/minecraft/client/render/debug/DebugRenderer$Renderer,net/minecraft/class_863$class_864
dny,net/minecraft/client/renderer/debug/CollisionBoxDebugRenderer,,,net/minecraft/client/render/debug/VoxelDebugRenderer,net/minecraft/class_865
dnx$a,net/minecraft/client/renderer/debug/ChunkInfoDebugRenderer$Entry,,,net/minecraft/client/render/debug/ChunkLoadingDebugRenderer$ServerData,net/minecraft/class_860$class_861
doi$b,net/minecraft/client/renderer/debug/PointOfInterestDebugRenderer$POIInfo,,,net/minecraft/client/render/debug/PointOfInterestDebugRenderer$class_4233,net/minecraft/class_4207$class_4233
dog,net/minecraft/client/renderer/debug/SolidFaceDebugRenderer,,,net/minecraft/client/render/debug/BlockOutlineDebugRenderer,net/minecraft/class_871
dof,net/minecraft/client/renderer/debug/RaidDebugRenderer,,,net/minecraft/client/render/debug/RaidCenterDebugRenderer,net/minecraft/class_4304
dnw,net/minecraft/client/renderer/debug/ChunkBorderDebugRenderer,,,net/minecraft/client/render/debug/ChunkBorderDebugRenderer,net/minecraft/class_862
doh,net/minecraft/client/renderer/debug/StructureDebugRenderer,,,net/minecraft/client/render/debug/StructureDebugRenderer,net/minecraft/class_870
doj,net/minecraft/client/renderer/debug/WaterDebugRenderer,,,net/minecraft/client/render/debug/WaterDebugRenderer,net/minecraft/class_872
dob,net/minecraft/client/renderer/debug/HeightMapDebugRenderer,,,net/minecraft/client/render/debug/HeightmapDebugRenderer,net/minecraft/class_867
dnx,net/minecraft/client/renderer/debug/ChunkInfoDebugRenderer,,,net/minecraft/client/render/debug/ChunkLoadingDebugRenderer,net/minecraft/class_860
doi$a,net/minecraft/client/renderer/debug/PointOfInterestDebugRenderer$BrainInfo,,,net/minecraft/client/render/debug/PointOfInterestDebugRenderer$class_4232,net/minecraft/class_4207$class_4232
doi,net/minecraft/client/renderer/debug/PointOfInterestDebugRenderer,,,net/minecraft/client/render/debug/PointOfInterestDebugRenderer,net/minecraft/class_4207
doa$a,net/minecraft/client/renderer/debug/EntityAIDebugRenderer$Entry,,,net/minecraft/client/render/debug/GoalSelectorDebugRenderer$class_4206,net/minecraft/class_4205$class_4206
dod,net/minecraft/client/renderer/debug/NeighborsUpdateDebugRenderer,,,net/minecraft/client/render/debug/NeighborUpdateDebugRenderer,net/minecraft/class_869
dku,net/minecraft/client/renderer/DownloadImageBuffer,,,net/minecraft/client/texture/SkinRemappingImageFilter,net/minecraft/class_764
dle$b,net/minecraft/client/renderer/BannerTextures$CacheEntry,,,net/minecraft/client/texture/TextureCache$Entry,net/minecraft/class_770$class_772
dle,net/minecraft/client/renderer/BannerTextures,,,net/minecraft/client/texture/TextureCache,net/minecraft/class_770
dle$a,net/minecraft/client/renderer/BannerTextures$Cache,,,net/minecraft/client/texture/TextureCache$Manager,net/minecraft/class_770$class_771
dkl,net/minecraft/client/renderer/tileentity/ItemStackTileEntityRenderer,,,net/minecraft/client/render/item/ItemDynamicRenderer,net/minecraft/class_756
dkh,net/minecraft/client/renderer/RegionRenderCacheBuilder,,,net/minecraft/client/render/chunk/BlockLayeredBufferBuilder,net/minecraft/class_750
dkm,net/minecraft/client/renderer/FaceDirection,,,net/minecraft/client/render/model/CubeFace,net/minecraft/class_753
dkw,net/minecraft/client/renderer/RenderSkybox,,,net/minecraft/client/gui/RotatingCubeMapRenderer,net/minecraft/class_766
dkn,net/minecraft/client/renderer/FogRenderer,,,net/minecraft/client/render/BackgroundRenderer,net/minecraft/class_758
dkr,net/minecraft/client/renderer/ItemModelMesher,,,net/minecraft/client/render/item/ItemModels,net/minecraft/class_763
dti,net/minecraft/client/renderer/entity/layers/PhantomEyesLayer,,,net/minecraft/client/render/entity/feature/PhantomEyesFeatureRenderer,net/minecraft/class_993
dsl,net/minecraft/client/renderer/entity/layers/ArmorLayer,,,net/minecraft/client/render/entity/feature/ArmorFeatureRenderer,net/minecraft/class_970
dtd,net/minecraft/client/renderer/entity/layers/HeldItemLayer,,,net/minecraft/client/render/entity/feature/HeldItemFeatureRenderer,net/minecraft/class_989
dtc,net/minecraft/client/renderer/entity/layers/IronGolenFlowerLayer,,,net/minecraft/client/render/entity/feature/IronGolemFlowerFeatureRenderer,net/minecraft/class_986
dsr,net/minecraft/client/renderer/entity/layers/HeadLayer,,,net/minecraft/client/render/entity/feature/HeadFeatureRenderer,net/minecraft/class_976
dto,net/minecraft/client/renderer/entity/layers/SnowmanHeadLayer,,,net/minecraft/client/render/entity/feature/SnowmanPumpkinFeatureRenderer,net/minecraft/class_996
dtp,net/minecraft/client/renderer/entity/layers/SpiderEyesLayer,,,net/minecraft/client/render/entity/feature/SpiderEyesFeatureRenderer,net/minecraft/class_1000
dss,net/minecraft/client/renderer/entity/layers/Deadmau5HeadLayer,,,net/minecraft/client/render/entity/feature/Deadmau5FeatureRenderer,net/minecraft/class_978
dtw,net/minecraft/client/renderer/entity/layers/WolfCollarLayer,,,net/minecraft/client/render/entity/feature/WolfCollarFeatureRenderer,net/minecraft/class_1006
dte,net/minecraft/client/renderer/entity/layers/LlamaDecorLayer,,,net/minecraft/client/render/entity/feature/LlamaDecorFeatureRenderer,net/minecraft/class_988
dtv,net/minecraft/client/renderer/entity/layers/WitherAuraLayer,,,net/minecraft/client/render/entity/feature/WitherArmorFeatureRenderer,net/minecraft/class_1004
dtk,net/minecraft/client/renderer/entity/layers/LayerRenderer,,,net/minecraft/client/render/entity/feature/FeatureRenderer,net/minecraft/class_3887
dsp,net/minecraft/client/renderer/entity/layers/CatCollarLayer,,,net/minecraft/client/render/entity/feature/CatCollarFeatureRenderer,net/minecraft/class_3684
dsv,net/minecraft/client/renderer/entity/layers/ElytraLayer,,,net/minecraft/client/render/entity/feature/ElytraFeatureRenderer,net/minecraft/class_979
dtt,net/minecraft/client/renderer/entity/layers/VillagerHeldItemLayer,,,net/minecraft/client/render/entity/feature/VillagerHeldItemFeatureRenderer,net/minecraft/class_4004
dtj,net/minecraft/client/renderer/entity/layers/SaddleLayer,,,net/minecraft/client/render/entity/feature/PigSaddleFeatureRenderer,net/minecraft/class_992
dst,net/minecraft/client/renderer/entity/layers/DolphinCarriedItemLayer,,,net/minecraft/client/render/entity/feature/DolphinHeldItemFeatureRenderer,net/minecraft/class_977
dtq,net/minecraft/client/renderer/entity/layers/SpinAttackEffectLayer,,,net/minecraft/client/render/entity/feature/TridentRiptideFeatureRenderer,net/minecraft/class_998
dtn,net/minecraft/client/renderer/entity/layers/SlimeGelLayer,,,net/minecraft/client/render/entity/feature/SlimeOverlayFeatureRenderer,net/minecraft/class_997
dtu,net/minecraft/client/renderer/entity/layers/WitchHeldItemLayer,,,net/minecraft/client/render/entity/feature/WitchHeldItemFeatureRenderer,net/minecraft/class_1005
dsq,net/minecraft/client/renderer/entity/layers/CreeperChargeLayer,,,net/minecraft/client/render/entity/feature/CreeperChargeFeatureRenderer,net/minecraft/class_974
dsx,net/minecraft/client/renderer/entity/layers/EnderDragonEyesLayer,,,net/minecraft/client/render/entity/feature/EnderDragonEyesFeatureRenderer,net/minecraft/class_981
dsy,net/minecraft/client/renderer/entity/layers/EndermanEyesLayer,,,net/minecraft/client/render/entity/feature/EndermanEyesFeatureRenderer,net/minecraft/class_985
dso,net/minecraft/client/renderer/entity/layers/HeldBlockLayer,,,net/minecraft/client/render/entity/feature/EndermanBlockFeatureRenderer,net/minecraft/class_975
dta,net/minecraft/client/renderer/entity/layers/LeatherHorseArmorLayer,,,net/minecraft/client/render/entity/feature/HorseArmorFeatureRenderer,net/minecraft/class_4073
dtq$a,net/minecraft/client/renderer/entity/layers/SpinAttackEffectLayer$Model,,,net/minecraft/client/render/entity/feature/TridentRiptideFeatureRenderer$TridentRiptideModel,net/minecraft/class_998$class_999
dtb,net/minecraft/client/renderer/entity/layers/BipedArmorLayer,,,net/minecraft/client/render/entity/feature/ArmorBipedFeatureRenderer,net/minecraft/class_987
dsn,net/minecraft/client/renderer/entity/layers/CapeLayer,,,net/minecraft/client/render/entity/feature/CapeFeatureRenderer,net/minecraft/class_972
dtf,net/minecraft/client/renderer/entity/layers/MooshroomMushroomLayer,,,net/minecraft/client/render/entity/feature/MooshroomMushroomFeatureRenderer,net/minecraft/class_991
dsm,net/minecraft/client/renderer/entity/layers/ArrowLayer,,,net/minecraft/client/render/entity/feature/StuckArrowsFeatureRenderer,net/minecraft/class_973
dtm,net/minecraft/client/renderer/entity/layers/ShulkerColorLayer,,,net/minecraft/client/render/entity/feature/ShulkerSomethingFeatureRenderer,net/minecraft/class_944
dsu,net/minecraft/client/renderer/entity/layers/DrownedOuterLayer,,,net/minecraft/client/render/entity/feature/DrownedOverlayFeatureRenderer,net/minecraft/class_980
dsw,net/minecraft/client/renderer/entity/layers/EnderDragonDeathLayer,,,net/minecraft/client/render/entity/feature/EnderDragonDeathFeatureRenderer,net/minecraft/class_982
dsz,net/minecraft/client/renderer/entity/layers/FoxHeldItemLayer,,,net/minecraft/client/render/entity/feature/FoxHeldItemFeatureRenderer,net/minecraft/class_4043
dtl,net/minecraft/client/renderer/entity/layers/SheepWoolLayer,,,net/minecraft/client/render/entity/feature/SheepWoolFeatureRenderer,net/minecraft/class_994
dtg,net/minecraft/client/renderer/entity/layers/PandaHeldItemLayer,,,net/minecraft/client/render/entity/feature/PandaHeldItemFeatureRenderer,net/minecraft/class_990
dts,net/minecraft/client/renderer/entity/layers/TropicalFishPatternLayer,,,net/minecraft/client/render/entity/feature/TropicalFishSomethingFeatureRenderer,net/minecraft/class_1001
dtr,net/minecraft/client/renderer/entity/layers/StayClothingLayer,,,net/minecraft/client/render/entity/feature/StrayOverlayFeatureRenderer,net/minecraft/class_1002
dth,net/minecraft/client/renderer/entity/layers/ParrotVariantLayer,,,net/minecraft/client/render/entity/feature/ShoulderParrotFeatureRenderer,net/minecraft/class_983
dpy,net/minecraft/client/renderer/entity/model/IHasHead,,,net/minecraft/client/render/entity/model/ModelWithHead,net/minecraft/class_3882
dpc,net/minecraft/client/renderer/entity/DefaultRenderer,,,net/minecraft/client/render/entity/DefaultEntityRenderer,net/minecraft/class_886
dpw,net/minecraft/client/renderer/entity/GiantZombieRenderer,,,net/minecraft/client/render/entity/GiantEntityRenderer,net/minecraft/class_908
dov,net/minecraft/client/renderer/entity/CatRenderer,,,net/minecraft/client/render/entity/CatEntityRenderer,net/minecraft/class_929
dqh,net/minecraft/client/renderer/ItemRenderer,,,net/minecraft/client/render/item/ItemRenderer,net/minecraft/class_918
drw,net/minecraft/client/renderer/entity/TurtleRenderer,,,net/minecraft/client/render/entity/TurtleEntityRenderer,net/minecraft/class_958
dpz,net/minecraft/client/renderer/entity/HorseRenderer,,,net/minecraft/client/render/entity/HorseEntityRenderer,net/minecraft/class_910
drx,net/minecraft/client/renderer/entity/UndeadHorseRenderer,,,net/minecraft/client/render/entity/ZombieHorseEntityRenderer,net/minecraft/class_961
dsc,net/minecraft/client/renderer/entity/VindicatorRenderer,,,net/minecraft/client/render/entity/VindicatorEntityRenderer,net/minecraft/class_962
dre,net/minecraft/client/renderer/entity/SalmonRenderer,,,net/minecraft/client/render/entity/SalmonEntityRenderer,net/minecraft/class_938
doy,net/minecraft/client/renderer/entity/ChickenRenderer,,,net/minecraft/client/render/entity/ChickenEntityRenderer,net/minecraft/class_882
dpx,net/minecraft/client/renderer/entity/GuardianRenderer,,,net/minecraft/client/render/entity/GuardianEntityRenderer,net/minecraft/class_907
dsc$1,net/minecraft/client/renderer/entity/VindicatorRenderer$1,,,net/minecraft/client/render/entity/VindicatorEntityRenderer$1,net/minecraft/class_962$1
dpe,net/minecraft/client/renderer/entity/DolphinRenderer,,,net/minecraft/client/render/entity/DolphinEntityRenderer,net/minecraft/class_888
dsk,net/minecraft/client/renderer/entity/ZombieVillagerRenderer,,,net/minecraft/client/render/entity/ZombieVillagerEntityRenderer,net/minecraft/class_971
dpt,net/minecraft/client/renderer/entity/FishRenderer,,,net/minecraft/client/render/entity/FishingBobberEntityRenderer,net/minecraft/class_906
dpo,net/minecraft/client/renderer/entity/EvokerFangsRenderer,,,net/minecraft/client/render/entity/EvokerFangsEntityRenderer,net/minecraft/class_900
dqb,net/minecraft/client/renderer/entity/HuskRenderer,,,net/minecraft/client/render/entity/HuskEntityRenderer,net/minecraft/class_912
dph,net/minecraft/client/renderer/entity/ElderGuardianRenderer,,,net/minecraft/client/render/entity/ElderGuardianEntityRenderer,net/minecraft/class_893
drj,net/minecraft/client/renderer/entity/SkeletonRenderer,,,net/minecraft/client/render/entity/SkeletonEntityRenderer,net/minecraft/class_946
dsb,net/minecraft/client/renderer/entity/VillagerRenderer,,,net/minecraft/client/render/entity/VillagerEntityRenderer,net/minecraft/class_963
dpu,net/minecraft/client/renderer/entity/FoxRenderer,,,net/minecraft/client/render/entity/FoxEntityRenderer,net/minecraft/class_4042
dqq,net/minecraft/client/renderer/entity/MooshroomRenderer,,,net/minecraft/client/render/entity/MooshroomEntityRenderer,net/minecraft/class_926
dqd$1,net/minecraft/client/renderer/entity/IllusionerRenderer$1,,,net/minecraft/client/render/entity/IllusionerEntityRenderer$1,net/minecraft/class_914$1
dqx,net/minecraft/client/renderer/entity/PigZombieRenderer,,,net/minecraft/client/render/entity/ZombiePigmanEntityRenderer,net/minecraft/class_935
dqw,net/minecraft/client/renderer/entity/PigRenderer,,,net/minecraft/client/render/entity/PigEntityRenderer,net/minecraft/class_932
doz,net/minecraft/client/renderer/entity/CodRenderer,,,net/minecraft/client/render/entity/CodEntityRenderer,net/minecraft/class_885
drk,net/minecraft/client/renderer/entity/SlimeRenderer,,,net/minecraft/client/render/entity/SlimeEntityRenderer,net/minecraft/class_945
dox,net/minecraft/client/renderer/entity/ChestedHorseRenderer,,,net/minecraft/client/render/entity/DonkeyEntityRenderer,net/minecraft/class_883
drt,net/minecraft/client/renderer/entity/TNTMinecartRenderer,,,net/minecraft/client/render/entity/TntMinecartEntityRenderer,net/minecraft/class_957
dor,net/minecraft/client/renderer/entity/ArrowRenderer,,,net/minecraft/client/render/entity/ProjectileEntityRenderer,net/minecraft/class_876
dom,net/minecraft/client/renderer/entity/AbstractHorseRenderer,,,net/minecraft/client/render/entity/HorseBaseEntityRenderer,net/minecraft/class_875
dqm,net/minecraft/client/renderer/entity/LlamaRenderer,,,net/minecraft/client/render/entity/LlamaEntityRenderer,net/minecraft/class_921
dpp,net/minecraft/client/renderer/entity/EvokerRenderer,,,net/minecraft/client/render/entity/EvokerIllagerEntityRenderer,net/minecraft/class_899
dro,net/minecraft/client/renderer/entity/SquidRenderer,,,net/minecraft/client/render/entity/SquidEntityRenderer,net/minecraft/class_951
dqr,net/minecraft/client/renderer/entity/OcelotRenderer,,,net/minecraft/client/render/entity/OcelotEntityRenderer,net/minecraft/class_3683
dqd,net/minecraft/client/renderer/entity/IllusionerRenderer,,,net/minecraft/client/render/entity/IllusionerEntityRenderer,net/minecraft/class_914
dot,net/minecraft/client/renderer/entity/BlazeRenderer,,,net/minecraft/client/render/entity/BlazeEntityRenderer,net/minecraft/class_878
dqk,net/minecraft/client/renderer/entity/LightningBoltRenderer,,,net/minecraft/client/render/entity/LightningEntityRenderer,net/minecraft/class_919
dpm,net/minecraft/client/renderer/entity/EntityRendererManager,,,net/minecraft/client/render/entity/EntityRenderDispatcher,net/minecraft/class_898
dse,net/minecraft/client/renderer/entity/WitchRenderer,,,net/minecraft/client/render/entity/WitchEntityRenderer,net/minecraft/class_965
dsd,net/minecraft/client/renderer/entity/WanderingTraderRenderer,,,net/minecraft/client/render/entity/WanderingTraderEntityRenderer,net/minecraft/class_3992
dqp,net/minecraft/client/renderer/entity/MobRenderer,,,net/minecraft/client/render/entity/MobEntityRenderer,net/minecraft/class_927
dqz,net/minecraft/client/renderer/entity/PolarBearRenderer,,,net/minecraft/client/render/entity/PolarBearEntityRenderer,net/minecraft/class_937
dpn,net/minecraft/client/renderer/entity/EntityRenderer,,,net/minecraft/client/render/entity/EntityRenderer,net/minecraft/class_897
drg,net/minecraft/client/renderer/entity/ShulkerBulletRenderer,,,net/minecraft/client/render/entity/ShulkerBulletEntityRenderer,net/minecraft/class_940
dop,net/minecraft/client/renderer/entity/model/IHasArm,,,net/minecraft/client/render/entity/model/ModelWithArms,net/minecraft/class_3881
dpj,net/minecraft/client/renderer/entity/EnderDragonRenderer,,,net/minecraft/client/render/entity/EnderDragonEntityRenderer,net/minecraft/class_895
drn,net/minecraft/client/renderer/entity/SpiderRenderer,,,net/minecraft/client/render/entity/SpiderEntityRenderer,net/minecraft/class_949
dps,net/minecraft/client/renderer/entity/FireworkRocketRenderer,,,net/minecraft/client/render/entity/FireworkEntityRenderer,net/minecraft/class_903
dqa,net/minecraft/client/renderer/entity/BipedRenderer,,,net/minecraft/client/render/entity/BipedEntityRenderer,net/minecraft/class_909
dsg,net/minecraft/client/renderer/entity/WitherSkeletonRenderer,,,net/minecraft/client/render/entity/WitherSkeletonEntityRenderer,net/minecraft/class_967
dpp$1,net/minecraft/client/renderer/entity/EvokerRenderer$1,,,net/minecraft/client/render/entity/EvokerIllagerEntityRenderer$1,net/minecraft/class_899$1
dsi,net/minecraft/client/renderer/entity/WolfRenderer,,,net/minecraft/client/render/entity/WolfEntityRenderer,net/minecraft/class_969
dpf,net/minecraft/client/renderer/entity/DragonFireballRenderer,,,net/minecraft/client/render/entity/DragonFireballEntityRenderer,net/minecraft/class_891
dqc,net/minecraft/client/renderer/entity/IllagerRenderer,,,net/minecraft/client/render/entity/IllagerEntityRenderer,net/minecraft/class_3729
dqu,net/minecraft/client/renderer/entity/ParrotRenderer,,,net/minecraft/client/render/entity/ParrotEntityRenderer,net/minecraft/class_930
dra,net/minecraft/client/renderer/entity/PufferfishRenderer,,,net/minecraft/client/render/entity/PufferfishEntityRenderer,net/minecraft/class_936
dtz,net/minecraft/client/renderer/entity/PlayerRenderer,,,net/minecraft/client/render/entity/PlayerEntityRenderer,net/minecraft/class_1007
dqv,net/minecraft/client/renderer/entity/PhantomRenderer,,,net/minecraft/client/render/entity/PhantomEntityRenderer,net/minecraft/class_933
dqs,net/minecraft/client/renderer/entity/PaintingRenderer,,,net/minecraft/client/render/entity/PaintingEntityRenderer,net/minecraft/class_928
dsh,net/minecraft/client/renderer/entity/WitherSkullRenderer,,,net/minecraft/client/render/entity/WitherSkullEntityRenderer,net/minecraft/class_966
dpd,net/minecraft/client/renderer/entity/model/DolphinModel,,,net/minecraft/client/render/entity/model/DolphinEntityModel,net/minecraft/class_889
dri,net/minecraft/client/renderer/entity/SilverfishRenderer,,,net/minecraft/client/render/entity/SilverfishEntityRenderer,net/minecraft/class_942
dqf,net/minecraft/client/renderer/entity/ItemRenderer,,,net/minecraft/client/render/entity/ItemEntityRenderer,net/minecraft/class_916
dqy,net/minecraft/client/renderer/entity/PillagerRenderer,,,net/minecraft/client/render/entity/PillagerEntityRenderer,net/minecraft/class_934
dqn,net/minecraft/client/renderer/entity/LlamaSpitRenderer,,,net/minecraft/client/render/entity/LlamaSpitEntityRenderer,net/minecraft/class_923
dqt,net/minecraft/client/renderer/entity/PandaRenderer,,,net/minecraft/client/render/entity/PandaEntityRenderer,net/minecraft/class_931
drq,net/minecraft/client/renderer/entity/SpriteRenderer,,,net/minecraft/client/render/entity/FlyingItemEntityRenderer,net/minecraft/class_953
dpl,net/minecraft/client/renderer/entity/EndermiteRenderer,,,net/minecraft/client/render/entity/EndermiteEntityRenderer,net/minecraft/class_896
drl,net/minecraft/client/renderer/entity/SnowManRenderer,,,net/minecraft/client/render/entity/SnowGolemEntityRenderer,net/minecraft/class_948
drv,net/minecraft/client/renderer/entity/TropicalFishRenderer,,,net/minecraft/client/render/entity/TropicalFishEntityRenderer,net/minecraft/class_959
dpv,net/minecraft/client/renderer/entity/GhastRenderer,,,net/minecraft/client/render/entity/GhastEntityRenderer,net/minecraft/class_905
drp,net/minecraft/client/renderer/entity/StrayRenderer,,,net/minecraft/client/render/entity/StrayEntityRenderer,net/minecraft/class_950
dsj,net/minecraft/client/renderer/entity/ZombieRenderer,,,net/minecraft/client/render/entity/ZombieEntityRenderer,net/minecraft/class_3886
drr,net/minecraft/client/renderer/entity/TridentRenderer,,,net/minecraft/client/render/entity/TridentEntityRenderer,net/minecraft/class_955
dql,net/minecraft/client/renderer/entity/LivingRenderer,,,net/minecraft/client/render/entity/LivingEntityRenderer,net/minecraft/class_922
dow,net/minecraft/client/renderer/entity/CaveSpiderRenderer,,,net/minecraft/client/render/entity/CaveSpiderEntityRenderer,net/minecraft/class_880
doq,net/minecraft/client/renderer/entity/ArmorStandRenderer,,,net/minecraft/client/render/entity/ArmorStandEntityRenderer,net/minecraft/class_877
dqj,net/minecraft/client/renderer/entity/LeashKnotRenderer,,,net/minecraft/client/render/entity/LeashKnotEntityRenderer,net/minecraft/class_920
dry,net/minecraft/client/renderer/entity/VexRenderer,,,net/minecraft/client/render/entity/VexEntityRenderer,net/minecraft/class_960
dpk,net/minecraft/client/renderer/entity/EndermanRenderer,,,net/minecraft/client/render/entity/EndermanEntityRenderer,net/minecraft/class_894
dqo,net/minecraft/client/renderer/entity/MinecartRenderer,,,net/minecraft/client/render/entity/MinecartEntityRenderer,net/minecraft/class_925
dpq,net/minecraft/client/renderer/entity/ExperienceOrbRenderer,,,net/minecraft/client/render/entity/ExperienceOrbEntityRenderer,net/minecraft/class_902
dos,net/minecraft/client/renderer/entity/BatRenderer,,,net/minecraft/client/render/entity/BatEntityRenderer,net/minecraft/class_879
drs,net/minecraft/client/renderer/entity/TippedArrowRenderer,,,net/minecraft/client/render/entity/ArrowEntityRenderer,net/minecraft/class_954
drc,net/minecraft/client/renderer/entity/RavagerRenderer,,,net/minecraft/client/render/entity/RavagerEntityRenderer,net/minecraft/class_911
drf,net/minecraft/client/renderer/entity/SheepRenderer,,,net/minecraft/client/render/entity/SheepEntityRenderer,net/minecraft/class_941
dsa,net/minecraft/client/renderer/entity/layers/VillagerLevelPendantLayer,,,net/minecraft/client/render/entity/feature/VillagerClothingFeatureRenderer,net/minecraft/class_3885
dsf,net/minecraft/client/renderer/entity/WitherRenderer,,,net/minecraft/client/render/entity/WitherEntityRenderer,net/minecraft/class_964
doo,net/minecraft/client/renderer/entity/AreaEffectCloudRenderer,,,net/minecraft/client/render/entity/AreaEffectCloudEntityRenderer,net/minecraft/class_874
drm,net/minecraft/client/renderer/entity/SpectralArrowRenderer,,,net/minecraft/client/render/entity/SpectralArrowEntityRenderer,net/minecraft/class_947
dpr,net/minecraft/client/renderer/entity/FallingBlockRenderer,,,net/minecraft/client/render/entity/FallingBlockEntityRenderer,net/minecraft/class_901
drh,net/minecraft/client/renderer/entity/ShulkerRenderer,,,net/minecraft/client/render/entity/ShulkerEntityRenderer,net/minecraft/class_943
dqe,net/minecraft/client/renderer/entity/IronGolemRenderer,,,net/minecraft/client/render/entity/IronGolemEntityRenderer,net/minecraft/class_913
drz,net/minecraft/client/renderer/entity/model/IHeadToggle,,,net/minecraft/client/render/entity/model/ModelWithHat,net/minecraft/class_3884
dpb,net/minecraft/client/renderer/entity/CreeperRenderer,,,net/minecraft/client/render/entity/CreeperEntityRenderer,net/minecraft/class_887
drd,net/minecraft/client/renderer/entity/IEntityRenderer,,,net/minecraft/client/render/entity/feature/FeatureRendererContext,net/minecraft/class_3883
don,net/minecraft/client/renderer/entity/AbstractZombieRenderer,,,net/minecraft/client/render/entity/ZombieBaseEntityRenderer,net/minecraft/class_968
dqi,net/minecraft/client/renderer/entity/MagmaCubeRenderer,,,net/minecraft/client/render/entity/MagmaCubeEntityRenderer,net/minecraft/class_917
dqg,net/minecraft/client/renderer/entity/ItemFrameRenderer,,,net/minecraft/client/render/entity/ItemFrameEntityRenderer,net/minecraft/class_915
dpg,net/minecraft/client/renderer/entity/DrownedRenderer,,,net/minecraft/client/render/entity/DrownedEntityRenderer,net/minecraft/class_890
dou,net/minecraft/client/renderer/entity/BoatRenderer,,,net/minecraft/client/render/entity/BoatEntityRenderer,net/minecraft/class_881
drb,net/minecraft/client/renderer/entity/RabbitRenderer,,,net/minecraft/client/render/entity/RabbitEntityRenderer,net/minecraft/class_939
dru,net/minecraft/client/renderer/entity/TNTRenderer,,,net/minecraft/client/render/entity/TntEntityRenderer,net/minecraft/class_956
dpa,net/minecraft/client/renderer/entity/CowRenderer,,,net/minecraft/client/render/entity/CowEntityRenderer,net/minecraft/class_884
dpi,net/minecraft/client/renderer/entity/EnderCrystalRenderer,,,net/minecraft/client/render/entity/EnderCrystalEntityRenderer,net/minecraft/class_892
dkk,net/minecraft/client/shader/ShaderInstance,,,net/minecraft/client/gl/JsonGlProgram,net/minecraft/class_280
dkj,net/minecraft/client/renderer/RenderSkyboxCube,,,net/minecraft/client/gui/CubeMapRenderer,net/minecraft/class_751
dkt,net/minecraft/client/renderer/LightTexture,,,net/minecraft/client/render/LightmapTextureManager,net/minecraft/class_765
dks$a,net/minecraft/client/renderer/WorldRenderer$LocalRenderInformationContainer,,,net/minecraft/client/render/WorldRenderer$ChunkInfo,net/minecraft/class_761$class_762
dkx,net/minecraft/client/shader/ShaderGroup,,,net/minecraft/client/gl/ShaderEffect,net/minecraft/class_279
duk$a,net/minecraft/client/renderer/texture/Stitcher$Holder,,,net/minecraft/client/texture/TextureStitcher$Holder,net/minecraft/class_1055$class_1056
due$1,net/minecraft/client/renderer/texture/DownloadingTexture$1,,,net/minecraft/client/texture/PlayerSkinTexture$1,net/minecraft/class_1046$1
duk,net/minecraft/client/renderer/texture/Stitcher,,,net/minecraft/client/texture/TextureStitcher,net/minecraft/class_1055
duo,net/minecraft/client/renderer/texture/TextureManager,,,net/minecraft/client/texture/TextureManager,net/minecraft/class_1060
duf,net/minecraft/client/renderer/texture/LayeredColorMaskTexture,,,net/minecraft/client/texture/BannerTexture,net/minecraft/class_1045
duh,net/minecraft/client/renderer/texture/MissingTextureSprite,,,net/minecraft/client/texture/MissingSprite,net/minecraft/class_1047
dui,net/minecraft/client/renderer/texture/PreloadedTexture,,,net/minecraft/client/texture/AsyncTexture,net/minecraft/class_4005
duc,net/minecraft/client/renderer/texture/Texture,,,net/minecraft/client/texture/AbstractTexture,net/minecraft/class_1044
dur,net/minecraft/client/renderer/texture/ITickableTextureObject,,,net/minecraft/client/texture/TickableTexture,net/minecraft/class_1063
due,net/minecraft/client/renderer/texture/DownloadingTexture,,,net/minecraft/client/texture/PlayerSkinTexture,net/minecraft/class_1046
dun,net/minecraft/client/renderer/texture/TextureAtlasSprite,,,net/minecraft/client/texture/Sprite,net/minecraft/class_1058
dum,net/minecraft/client/renderer/texture/AtlasTexture,,,net/minecraft/client/texture/SpriteAtlasTexture,net/minecraft/class_1059
duj,net/minecraft/client/renderer/texture/SimpleTexture,,,net/minecraft/client/texture/ResourceTexture,net/minecraft/class_1049
duq,net/minecraft/client/renderer/texture/ITickable,,,net/minecraft/client/texture/TextureTickListener,net/minecraft/class_1061
dul,net/minecraft/client/renderer/StitcherException,,,net/minecraft/client/texture/TextureStitcherCannotFitException,net/minecraft/class_1054
dud,net/minecraft/client/renderer/texture/DynamicTexture,,,net/minecraft/client/texture/NativeImageBackedTexture,net/minecraft/class_1043
duj$a,net/minecraft/client/renderer/texture/SimpleTexture$TextureData,,,net/minecraft/client/texture/ResourceTexture$TextureData,net/minecraft/class_1049$class_4006
dug,net/minecraft/client/renderer/texture/LayeredTexture,,,net/minecraft/client/texture/LayeredTexture,net/minecraft/class_1048
dup,net/minecraft/client/renderer/texture/ITextureObject,,,net/minecraft/client/texture/Texture,net/minecraft/class_1062
duk$b,net/minecraft/client/renderer/texture/Stitcher$Slot,,,net/minecraft/client/texture/TextureStitcher$Slot,net/minecraft/class_1055$class_1057
dum$a,net/minecraft/client/renderer/texture/AtlasTexture$SheetData,,,net/minecraft/client/texture/SpriteAtlasTexture$Data,net/minecraft/class_1059$class_4007
dnt,net/minecraft/client/renderer/culling/ClippingHelper,,,net/minecraft/client/render/Frustum,net/minecraft/class_857
dnr,net/minecraft/client/renderer/culling/ClippingHelperImpl,,,net/minecraft/client/render/GlMatrixFrustum,net/minecraft/class_855
dns,net/minecraft/client/renderer/culling/Frustum,,,net/minecraft/client/render/FrustumWithOrigin,net/minecraft/class_858
dnq,net/minecraft/client/renderer/culling/ICamera,,,net/minecraft/client/render/VisibleRegion,net/minecraft/class_856
dkz,net/minecraft/client/renderer/Rectangle2d,,,net/minecraft/client/util/Rect2i,net/minecraft/class_768
dlc,net/minecraft/client/renderer/ViewFrustum,,,net/minecraft/client/render/ChunkRenderDispatcher,net/minecraft/class_769
dkg$a,net/minecraft/world/biome/BiomeColors$IColorResolver,,,net/minecraft/client/color/world/BiomeColors$Provider,net/minecraft/class_1163$class_1164
dlk$d$2,net/minecraft/client/renderer/BlockModelRenderer$Cache$2,,,net/minecraft/client/render/block/BlockModelRenderer$BrightnessCache$2,net/minecraft/class_778$class_4303$2
dlk$c,net/minecraft/client/renderer/BlockModelRenderer$VertexTranslations,,,net/minecraft/client/render/block/BlockModelRenderer$Translation,net/minecraft/class_778$class_781
dlk$b,net/minecraft/client/renderer/BlockModelRenderer$AmbientOcclusionFace,,,net/minecraft/client/render/block/BlockModelRenderer$AmbientOcclusionCalculator,net/minecraft/class_778$class_780
dli,net/minecraft/client/renderer/BlockRendererDispatcher,,,net/minecraft/client/render/block/BlockRenderManager,net/minecraft/class_776
dlv,net/minecraft/client/renderer/model/ItemOverride,,,net/minecraft/client/render/model/json/ModelItemOverride,net/minecraft/class_799
dlz$a,net/minecraft/client/renderer/model/VariantList$Deserializer,,,net/minecraft/client/render/model/json/WeightedUnbakedModel$Deserializer,net/minecraft/class_807$class_808
dlu$a,net/minecraft/client/renderer/model/ItemModelGenerator$Span,,,net/minecraft/client/render/model/json/ItemModelGenerator$class_802,net/minecraft/class_801$class_802
dlt$a,net/minecraft/client/renderer/model/FaceBakery$Rotation,,,net/minecraft/client/render/model/BakedQuadFactory$class_797,net/minecraft/class_796$class_797
dlu,net/minecraft/client/renderer/model/ItemModelGenerator,,,net/minecraft/client/render/model/json/ItemModelGenerator,net/minecraft/class_801
dma,net/minecraft/client/renderer/model/Variant,,,net/minecraft/client/render/model/json/ModelVariant,net/minecraft/class_813
dma$a,net/minecraft/client/renderer/model/Variant$Deserializer,,,net/minecraft/client/render/model/json/ModelVariant$Deserializer,net/minecraft/class_813$class_814
dlq,net/minecraft/client/renderer/model/BlockModel,,,net/minecraft/client/render/model/json/JsonUnbakedModel,net/minecraft/class_793
dmg$a,net/minecraft/client/renderer/model/multipart/Selector$Deserializer,,,net/minecraft/client/render/model/json/MultipartModelComponent$Deserializer,net/minecraft/class_819$class_820
dmf,net/minecraft/client/renderer/model/multipart/OrCondition,,,net/minecraft/client/render/model/json/OrMultipartModelSelector,net/minecraft/class_821
dmc,net/minecraft/client/renderer/model/multipart/ICondition,,,net/minecraft/client/render/model/json/MultipartModelSelector,net/minecraft/class_815
dmd,net/minecraft/client/renderer/model/multipart/PropertyValueCondition,,,net/minecraft/client/render/model/json/SimpleMultipartModelSelector,net/minecraft/class_818
dmg,net/minecraft/client/renderer/model/multipart/Selector,,,net/minecraft/client/render/model/json/MultipartModelComponent,net/minecraft/class_819
dme,net/minecraft/client/renderer/model/multipart/Multipart,,,net/minecraft/client/render/model/MultipartUnbakedModel,net/minecraft/class_816
dme$a,net/minecraft/client/renderer/model/multipart/Multipart$Deserializer,,,net/minecraft/client/render/model/MultipartUnbakedModel$Deserializer,net/minecraft/class_816$class_817
dmb,net/minecraft/client/renderer/model/multipart/AndCondition,,,net/minecraft/client/render/model/json/AndMultipartModelSelector,net/minecraft/class_812
dlm,net/minecraft/client/renderer/model/BlockPart,,,net/minecraft/client/render/model/json/ModelElement,net/minecraft/class_785
dly$b,net/minecraft/client/renderer/model/ItemCameraTransforms$TransformType,,,net/minecraft/client/render/model/json/ModelTransformation$Type,net/minecraft/class_809$class_811
dlq$b,net/minecraft/client/renderer/model/BlockModel$Deserializer,,,net/minecraft/client/render/model/json/JsonUnbakedModel$Deserializer,net/minecraft/class_793$class_795
dlx$a,net/minecraft/client/renderer/model/ItemTransformVec3f$Deserializer,,,net/minecraft/client/render/model/json/Transformation$Deserializer,net/minecraft/class_804$class_805
dly$a,net/minecraft/client/renderer/model/ItemCameraTransforms$Deserializer,,,net/minecraft/client/render/model/json/ModelTransformation$Deserializer,net/minecraft/class_809$class_810
dlr,net/minecraft/client/renderer/model/BlockModelDefinition,,,net/minecraft/client/render/model/json/ModelVariantMap,net/minecraft/class_790
dlp,net/minecraft/client/renderer/model/BlockFaceUV,,,net/minecraft/client/render/model/json/ModelElementTexture,net/minecraft/class_787
dlu$b,net/minecraft/client/renderer/model/ItemModelGenerator$SpanFacing,,,net/minecraft/client/render/model/json/ItemModelGenerator$class_803,net/minecraft/class_801$class_803
dlx,net/minecraft/client/renderer/model/ItemTransformVec3f,,,net/minecraft/client/render/model/json/Transformation,net/minecraft/class_804
dlt$2,net/minecraft/client/renderer/model/FaceBakery$2,,,net/minecraft/client/render/model/BakedQuadFactory$2,net/minecraft/class_796$2
dlt,net/minecraft/client/renderer/model/FaceBakery,,,net/minecraft/client/render/model/BakedQuadFactory,net/minecraft/class_796
dlz,net/minecraft/client/renderer/model/VariantList,,,net/minecraft/client/render/model/json/WeightedUnbakedModel,net/minecraft/class_807
dlo,net/minecraft/client/renderer/model/BlockPartRotation,,,net/minecraft/client/render/model/json/ModelRotation,net/minecraft/class_789
dln,net/minecraft/client/renderer/model/BlockPartFace,,,net/minecraft/client/render/model/json/ModelElementFace,net/minecraft/class_783
dly,net/minecraft/client/renderer/model/ItemCameraTransforms,,,net/minecraft/client/render/model/json/ModelTransformation,net/minecraft/class_809
dlr$a,net/minecraft/client/renderer/model/BlockModelDefinition$ContainerHolder,,,net/minecraft/client/render/model/json/ModelVariantMap$DeserializationContext,net/minecraft/class_790$class_791
dlq$a,net/minecraft/client/renderer/model/BlockModel$Bookkeep,,,net/minecraft/client/render/model/json/JsonUnbakedModel$TextureResolutionContext,net/minecraft/class_793$class_794
dls,net/minecraft/client/renderer/model/BakedQuadRetextured,,,net/minecraft/client/render/model/RetexturedBakedQuad,net/minecraft/class_798
dlt$3,net/minecraft/client/renderer/model/FaceBakery$3,,,net/minecraft/client/render/model/BakedQuadFactory$3,net/minecraft/class_796$3
dlw,net/minecraft/client/renderer/model/ItemOverrideList,,,net/minecraft/client/render/model/json/ModelItemPropertyOverrideList,net/minecraft/class_806
dlr$b,net/minecraft/client/renderer/model/BlockModelDefinition$Deserializer,,,net/minecraft/client/render/model/json/ModelVariantMap$Deserializer,net/minecraft/class_790$class_792
dlm$a,net/minecraft/client/renderer/model/BlockPart$Deserializer,,,net/minecraft/client/render/model/json/ModelElement$Deserializer,net/minecraft/class_785$class_786
dlt$4,net/minecraft/client/renderer/model/FaceBakery$4,,,net/minecraft/client/render/model/BakedQuadFactory$4,net/minecraft/class_796$4
dlv$a,net/minecraft/client/renderer/model/ItemOverride$Deserializer,,,net/minecraft/client/render/model/json/ModelItemOverride$Deserializer,net/minecraft/class_799$class_800
dlp$a,net/minecraft/client/renderer/model/BlockFaceUV$Deserializer,,,net/minecraft/client/render/model/json/ModelElementTexture$Deserializer,net/minecraft/class_787$class_788
dlt$1,net/minecraft/client/renderer/model/FaceBakery$1,,,net/minecraft/client/render/model/BakedQuadFactory$1,net/minecraft/class_796$1
dln$a,net/minecraft/client/renderer/model/BlockPartFace$Deserializer,,,net/minecraft/client/render/model/json/ModelElementFace$Deserializer,net/minecraft/class_783$class_784
dll,net/minecraft/client/renderer/model/BakedQuad,,,net/minecraft/client/render/model/BakedQuad,net/minecraft/class_777
dlk$e,net/minecraft/client/renderer/BlockModelRenderer$Orientation,,,net/minecraft/client/render/block/BlockModelRenderer$NeighborOrientation,net/minecraft/class_778$class_782
dlh,net/minecraft/client/renderer/BlockModelShapes,,,net/minecraft/client/render/block/BlockModels,net/minecraft/class_773
dlj,net/minecraft/client/renderer/FluidBlockRenderer,,,net/minecraft/client/render/block/FluidRenderer,net/minecraft/class_775
dlg,net/minecraft/client/renderer/ChestRenderer,,,net/minecraft/client/render/block/DynamicBlockRenderer,net/minecraft/class_774
dlk$a,net/minecraft/client/renderer/BlockModelRenderer$NeighborInfo,,,net/minecraft/client/render/block/BlockModelRenderer$NeighborData,net/minecraft/class_778$class_779
dlk$d,net/minecraft/client/renderer/BlockModelRenderer$Cache,,,net/minecraft/client/render/block/BlockModelRenderer$BrightnessCache,net/minecraft/class_778$class_4303
dlk$d$1,net/minecraft/client/renderer/BlockModelRenderer$Cache$1,,,net/minecraft/client/render/block/BlockModelRenderer$BrightnessCache$1,net/minecraft/class_778$class_4303$1
dlk,net/minecraft/client/renderer/BlockModelRenderer,,,net/minecraft/client/render/block/BlockModelRenderer,net/minecraft/class_778
dlb,net/minecraft/client/renderer/VboRenderList,,,net/minecraft/client/render/chunk/VboChunkRendererList,net/minecraft/class_292
dkm$a,net/minecraft/client/renderer/FaceDirection$Constants,,,net/minecraft/client/render/model/CubeFace$DirectionIds,net/minecraft/class_753$class_754
dks,net/minecraft/client/renderer/WorldRenderer,,,net/minecraft/client/render/WorldRenderer,net/minecraft/class_761
dkv,net/minecraft/client/renderer/RenderList,,,net/minecraft/client/render/chunk/DisplayListChunkRendererList,net/minecraft/class_767
dko,net/minecraft/client/renderer/GameRenderer,,,net/minecraft/client/render/GameRenderer,net/minecraft/class_757
dky,net/minecraft/client/shader/Shader,,,net/minecraft/client/gl/PostProcessShader,net/minecraft/class_283
dkq,net/minecraft/client/renderer/FirstPersonRenderer,,,net/minecraft/client/render/FirstPersonRenderer,net/minecraft/class_759
dld,net/minecraft/client/renderer/VirtualScreen,,,net/minecraft/client/util/WindowProvider,net/minecraft/class_3682
dki,net/minecraft/client/renderer/AbstractChunkRenderContainer,,,net/minecraft/client/render/chunk/ChunkRendererList,net/minecraft/class_752
dkm$b,net/minecraft/client/renderer/FaceDirection$VertexInformation,,,net/minecraft/client/render/model/CubeFace$Corner,net/minecraft/class_753$class_755
dkg,net/minecraft/world/biome/BiomeColors,,,net/minecraft/client/color/world/BiomeColors,net/minecraft/class_1163
dnj,net/minecraft/client/renderer/chunk/ListedChunkRender,,,net/minecraft/client/render/chunk/DisplayListChunkRenderer,net/minecraft/class_848
dng$a,net/minecraft/client/renderer/chunk/ChunkRenderDispatcher$PendingUpload,,,net/minecraft/client/render/chunk/ChunkBatcher$ChunkUploadTask,net/minecraft/class_846$class_847
dnm,net/minecraft/client/renderer/chunk/ChunkRenderCache,,,net/minecraft/client/render/chunk/ChunkRendererRegion,net/minecraft/class_853
dng,net/minecraft/client/renderer/chunk/ChunkRenderDispatcher,,,net/minecraft/client/render/chunk/ChunkBatcher,net/minecraft/class_846
dno,net/minecraft/client/renderer/chunk/SetVisibility,,,net/minecraft/client/render/chunk/ChunkOcclusionGraph,net/minecraft/class_854
dnf$b,net/minecraft/client/renderer/chunk/ChunkRenderTask$Type,,,net/minecraft/client/render/chunk/ChunkRenderTask$Mode,net/minecraft/class_842$class_844
dnh,net/minecraft/client/renderer/chunk/ChunkRenderWorker,,,net/minecraft/client/render/chunk/ChunkRenderWorker,net/minecraft/class_845
dnf,net/minecraft/client/renderer/chunk/ChunkRenderTask,,,net/minecraft/client/render/chunk/ChunkRenderTask,net/minecraft/class_842
dnn,net/minecraft/client/renderer/chunk/VisGraph,,,net/minecraft/client/render/chunk/ChunkOcclusionGraphBuilder,net/minecraft/class_852
dni$1,net/minecraft/client/renderer/chunk/CompiledChunk$1,,,net/minecraft/client/render/chunk/ChunkRenderData$1,net/minecraft/class_849$1
dnh$1,net/minecraft/client/renderer/chunk/ChunkRenderWorker$1,,,net/minecraft/client/render/chunk/ChunkRenderWorker$1,net/minecraft/class_845$1
dni,net/minecraft/client/renderer/chunk/CompiledChunk,,,net/minecraft/client/render/chunk/ChunkRenderData,net/minecraft/class_849
dnk,net/minecraft/client/renderer/chunk/ChunkRender,,,net/minecraft/client/render/chunk/ChunkRenderer,net/minecraft/class_851
dnf$a,net/minecraft/client/renderer/chunk/ChunkRenderTask$Status,,,net/minecraft/client/render/chunk/ChunkRenderTask$Stage,net/minecraft/class_842$class_843
dnl,net/minecraft/client/renderer/chunk/IChunkRendererFactory,,,net/minecraft/client/render/chunk/ChunkRendererFactory,net/minecraft/class_850
dxr,net/minecraft/client/multiplayer/LanServerPingThread,,,net/minecraft/server/LanServerPinger,net/minecraft/class_1133
dxq$a,net/minecraft/client/network/LanServerDetector$LanServerFindThread,,,net/minecraft/client/network/LanServerQueryManager$LanServerDetector,net/minecraft/class_1134$class_1135
dxq$b,net/minecraft/client/network/LanServerDetector$LanServerList,,,net/minecraft/client/network/LanServerQueryManager$LanServerEntryList,net/minecraft/class_1134$class_1136
dxp,net/minecraft/client/network/LanServerInfo,,,net/minecraft/client/network/LanServerEntry,net/minecraft/class_1131
dxo,net/minecraft/server/integrated/IntegratedServer,,,net/minecraft/server/integrated/IntegratedServer,net/minecraft/class_1132
dxn,net/minecraft/server/integrated/IntegratedPlayerList,,,net/minecraft/server/integrated/IntegratedPlayerManager,net/minecraft/class_1130
dxq,net/minecraft/client/network/LanServerDetector,,,net/minecraft/client/network/LanServerQueryManager,net/minecraft/class_1134
cvo$1,net/minecraft/client/Minecraft$1,,,net/minecraft/client/MinecraftClient$1,net/minecraft/class_310$1
ddt$c,net/minecraft/client/GameConfiguration$ServerInformation,,,net/minecraft/client/RunArgs$AutoConnect,net/minecraft/class_542$class_546
ddt,net/minecraft/client/GameConfiguration,,,net/minecraft/client/RunArgs,net/minecraft/class_542
ddt$a,net/minecraft/client/GameConfiguration$FolderInformation,,,net/minecraft/client/RunArgs$Directories,net/minecraft/class_542$class_544
net/minecraft/client/main/Main$1,net/minecraft/client/main/Main$1,,,net/minecraft/client/main/Main$1,net/minecraft/client/main/Main$1
ddt$d,net/minecraft/client/GameConfiguration$UserInformation,,,net/minecraft/client/RunArgs$Network,net/minecraft/class_542$class_547
ddt$b,net/minecraft/client/GameConfiguration$GameInformation,,,net/minecraft/client/RunArgs$Game,net/minecraft/class_542$class_545
net/minecraft/client/main/Main,net/minecraft/client/main/Main,,,net/minecraft/client/main/Main,net/minecraft/client/main/Main
net/minecraft/client/main/Main$2,net/minecraft/client/main/Main$2,,,net/minecraft/client/main/Main$2,net/minecraft/client/main/Main$2
dim,net/minecraft/client/particle/PoofParticle,,,net/minecraft/client/particle/ExplosionSmokeParticle,net/minecraft/class_673
dil$a,net/minecraft/client/particle/EndRodParticle$Factory,,,net/minecraft/client/particle/EndRodParticle$Factory,net/minecraft/class_675$class_676
div,net/minecraft/client/particle/LavaParticle,,,net/minecraft/client/particle/LavaEmberParticle,net/minecraft/class_694
dii$b,net/minecraft/client/particle/DripParticle$Falling,,,net/minecraft/client/particle/BlockLeakParticle$FallingParticle,net/minecraft/class_663$class_4083
djb$b,net/minecraft/client/particle/ParticleManager$IParticleMetaFactory,,,net/minecraft/client/particle/ParticleManager$class_4091,net/minecraft/class_702$class_4091
djd$4,net/minecraft/client/particle/IParticleRenderType$4,,,net/minecraft/client/particle/ParticleTextureSheet$4,net/minecraft/class_3999$4
dhz$a,net/minecraft/client/particle/SweepAttackParticle$Factory,,,net/minecraft/client/particle/SweepAttackParticle$Factory,net/minecraft/class_645$class_646
dix,net/minecraft/client/particle/MetaParticle,,,net/minecraft/client/particle/NoRenderParticle,net/minecraft/class_3998
dip$a,net/minecraft/client/particle/FlameParticle$Factory,,,net/minecraft/client/particle/FlameParticle$Factory,net/minecraft/class_687$class_688
djs,net/minecraft/client/particle/TotemOfUndyingParticle,,,net/minecraft/client/particle/TotemParticle,net/minecraft/class_734
djp$c,net/minecraft/client/particle/SuspendedTownParticle$HappyVillagerFactory,,,net/minecraft/client/particle/SuspendParticle$HappyVillagerFactory,net/minecraft/class_729$class_731
dji$a,net/minecraft/client/particle/SmokeParticle$Factory,,,net/minecraft/client/particle/FireSmokeParticle$Factory,net/minecraft/class_717$class_718
djp$d,net/minecraft/client/particle/SuspendedTownParticle$Factory,,,net/minecraft/client/particle/SuspendParticle$MyceliumFactory,net/minecraft/class_729$class_732
dib$a,net/minecraft/client/particle/BreakingParticle$Factory,,,net/minecraft/client/particle/CrackParticle$ItemFactory,net/minecraft/class_647$class_648
djq,net/minecraft/client/particle/DiggingParticle,,,net/minecraft/client/particle/BlockCrackParticle,net/minecraft/class_727
dig$a,net/minecraft/client/particle/CritParticle$DamageIndicatorFactory,,,net/minecraft/client/particle/DamageParticle$DefaultFactory,net/minecraft/class_657$class_658
djw$a,net/minecraft/client/particle/RainParticle$Factory,,,net/minecraft/client/particle/RainSplashParticle$Factory,net/minecraft/class_740$class_741
djn$a,net/minecraft/client/particle/SquidInkParticle$Factory,,,net/minecraft/client/particle/SquidInkParticle$Factory,net/minecraft/class_725$class_726
dii$e,net/minecraft/client/particle/DripParticle$FallingLavaFactory,,,net/minecraft/client/particle/BlockLeakParticle$FallingLavaFactory,net/minecraft/class_663$class_4086
dig$b,net/minecraft/client/particle/CritParticle$MagicFactory,,,net/minecraft/client/particle/DamageParticle$EnchantedHitFactory,net/minecraft/class_657$class_659
dib$b,net/minecraft/client/particle/BreakingParticle$SlimeFactory,,,net/minecraft/client/particle/CrackParticle$SlimeballFactory,net/minecraft/class_647$class_649
dir$a,net/minecraft/client/particle/LargeExplosionParticle$Factory,,,net/minecraft/client/particle/ExplosionLargeParticle$Factory,net/minecraft/class_691$class_692
dio$a,net/minecraft/client/particle/FireworkParticle$OverlayFactory,,,net/minecraft/client/particle/FireworksSparkParticle$FlashFactory,net/minecraft/class_677$class_3997
dje,net/minecraft/client/particle/CloudParticle,,,net/minecraft/client/particle/CloudParticle,net/minecraft/class_704
did$a,net/minecraft/client/particle/BubbleParticle$Factory,,,net/minecraft/client/particle/BubbleColumnUpParticle$Factory,net/minecraft/class_655$class_656
diq$b,net/minecraft/client/particle/HeartParticle$Factory,,,net/minecraft/client/particle/EmotionParticle$HeartFactory,net/minecraft/class_684$class_686
djj$b,net/minecraft/client/particle/SpellParticle$InstantFactory,,,net/minecraft/client/particle/SpellParticle$InstantFactory,net/minecraft/class_711$class_713
dip,net/minecraft/client/particle/FlameParticle,,,net/minecraft/client/particle/FlameParticle,net/minecraft/class_687
dii$a,net/minecraft/client/particle/DripParticle$DrippingLava,,,net/minecraft/client/particle/BlockLeakParticle$DrippingLavaParticle,net/minecraft/class_663$class_4082
dit,net/minecraft/client/particle/ItemPickupParticle,,,net/minecraft/client/particle/ItemPickupParticle,net/minecraft/class_693
did,net/minecraft/client/particle/BubbleParticle,,,net/minecraft/client/particle/BubbleColumnUpParticle,net/minecraft/class_655
dii$c,net/minecraft/client/particle/DripParticle$Dripping,,,net/minecraft/client/particle/BlockLeakParticle$DrippingParticle,net/minecraft/class_663$class_4084
djl$a,net/minecraft/client/particle/SplashParticle$Factory,,,net/minecraft/client/particle/WaterSplashParticle$SplashFactory,net/minecraft/class_719$class_720
dio,net/minecraft/client/particle/FireworkParticle,,,net/minecraft/client/particle/FireworksSparkParticle,net/minecraft/class_677
djc,net/minecraft/client/particle/IParticleFactory,,,net/minecraft/client/particle/ParticleFactory,net/minecraft/class_707
dju$a,net/minecraft/client/particle/WaterWakeParticle$Factory,,,net/minecraft/client/particle/FishingParticle$Factory,net/minecraft/class_738$class_739
djp$a,net/minecraft/client/particle/SuspendedTownParticle$ComposterFactory,,,net/minecraft/client/particle/SuspendParticle$class_3991,net/minecraft/class_729$class_3991
djf,net/minecraft/client/particle/PortalParticle,,,net/minecraft/client/particle/PortalParticle,net/minecraft/class_709
djo,net/minecraft/client/particle/UnderwaterParticle,,,net/minecraft/client/particle/WaterSuspendParticle,net/minecraft/class_723
djm,net/minecraft/client/particle/IAnimatedSprite,,,net/minecraft/client/particle/SpriteProvider,net/minecraft/class_4002
djg,net/minecraft/client/particle/SimpleAnimatedParticle,,,net/minecraft/client/particle/AnimatedParticle,net/minecraft/class_708
diq$a,net/minecraft/client/particle/HeartParticle$AngryVillagerFactory,,,net/minecraft/client/particle/EmotionParticle$AngryVillagerFactory,net/minecraft/class_684$class_685
djd$1,net/minecraft/client/particle/IParticleRenderType$1,,,net/minecraft/client/particle/ParticleTextureSheet$1,net/minecraft/class_3999$1
djs$a,net/minecraft/client/particle/TotemOfUndyingParticle$Factory,,,net/minecraft/client/particle/TotemParticle$Factory,net/minecraft/class_734$class_735
djd,net/minecraft/client/particle/IParticleRenderType,,,net/minecraft/client/particle/ParticleTextureSheet,net/minecraft/class_3999
djj$a,net/minecraft/client/particle/SpellParticle$AmbientMobFactory,,,net/minecraft/client/particle/SpellParticle$EntityAmbientFactory,net/minecraft/class_711$class_712
dim$a,net/minecraft/client/particle/PoofParticle$Factory,,,net/minecraft/client/particle/ExplosionSmokeParticle$Factory,net/minecraft/class_673$class_674
dib,net/minecraft/client/particle/BreakingParticle,,,net/minecraft/client/particle/CrackParticle,net/minecraft/class_647
dii,net/minecraft/client/particle/DripParticle,,,net/minecraft/client/particle/BlockLeakParticle,net/minecraft/class_663
dii$f,net/minecraft/client/particle/DripParticle$DrippingLavaFactory,,,net/minecraft/client/particle/BlockLeakParticle$DrippingLavaFactory,net/minecraft/class_663$class_664
dja,net/minecraft/client/particle/TexturesParticle,,,net/minecraft/client/particle/ParticleTextureData,net/minecraft/class_4089
dio$e,net/minecraft/client/particle/FireworkParticle$Starter,,,net/minecraft/client/particle/FireworksSparkParticle$FireworkParticle,net/minecraft/class_677$class_681
dil,net/minecraft/client/particle/EndRodParticle,,,net/minecraft/client/particle/EndRodParticle,net/minecraft/class_675
djp$b,net/minecraft/client/particle/SuspendedTownParticle$DolphinSpeedFactory,,,net/minecraft/client/particle/SuspendParticle$DolphinFactory,net/minecraft/class_729$class_730
dia$a,net/minecraft/client/particle/BarrierParticle$Factory,,,net/minecraft/client/particle/BarrierParticle$Factory,net/minecraft/class_651$class_652
dih,net/minecraft/client/particle/DragonBreathParticle,,,net/minecraft/client/particle/DragonBreathParticle,net/minecraft/class_666
dhz,net/minecraft/client/particle/SweepAttackParticle,,,net/minecraft/client/particle/SweepAttackParticle,net/minecraft/class_645
dig,net/minecraft/client/particle/CritParticle,,,net/minecraft/client/particle/DamageParticle,net/minecraft/class_657
djj$c,net/minecraft/client/particle/SpellParticle$MobFactory,,,net/minecraft/client/particle/SpellParticle$EntityFactory,net/minecraft/class_711$class_714
din,net/minecraft/client/particle/FallingDustParticle,,,net/minecraft/client/particle/BlockFallingDustParticle,net/minecraft/class_682
djw,net/minecraft/client/particle/RainParticle,,,net/minecraft/client/particle/RainSplashParticle,net/minecraft/class_740
djp,net/minecraft/client/particle/SuspendedTownParticle,,,net/minecraft/client/particle/SuspendParticle,net/minecraft/class_729
dis$a,net/minecraft/client/particle/HugeExplosionParticle$Factory,,,net/minecraft/client/particle/ExplosionEmitterParticle$Factory,net/minecraft/class_689$class_690
diq,net/minecraft/client/particle/HeartParticle,,,net/minecraft/client/particle/EmotionParticle,net/minecraft/class_684
diu$a,net/minecraft/client/particle/LargeSmokeParticle$Factory,,,net/minecraft/client/particle/FireSmokeLargeParticle$Factory,net/minecraft/class_696$class_697
djf$a,net/minecraft/client/particle/PortalParticle$Factory,,,net/minecraft/client/particle/PortalParticle$Factory,net/minecraft/class_709$class_710
dje$b,net/minecraft/client/particle/CloudParticle$SneezeFactory,,,net/minecraft/client/particle/CloudParticle$SneezeFactory,net/minecraft/class_704$class_706
dje$a,net/minecraft/client/particle/CloudParticle$Factory,,,net/minecraft/client/particle/CloudParticle$CloudFactory,net/minecraft/class_704$class_705
dic$a,net/minecraft/client/particle/BubbleColumnUpParticle$Factory,,,net/minecraft/client/particle/WaterBubbleParticle$Factory,net/minecraft/class_653$class_654
dik$b,net/minecraft/client/particle/EnchantmentTableParticle$EnchantmentTable,,,net/minecraft/client/particle/EnchantGlyphParticle$EnchantFactory,net/minecraft/class_668$class_670
diy$a,net/minecraft/client/particle/NoteParticle$Factory,,,net/minecraft/client/particle/NoteParticle$Factory,net/minecraft/class_698$class_699
dic,net/minecraft/client/particle/BubbleColumnUpParticle,,,net/minecraft/client/particle/WaterBubbleParticle,net/minecraft/class_653
dik$a,net/minecraft/client/particle/EnchantmentTableParticle$NautilusFactory,,,net/minecraft/client/particle/EnchantGlyphParticle$NautilusFactory,net/minecraft/class_668$class_669
dio$b,net/minecraft/client/particle/FireworkParticle$Overlay,,,net/minecraft/client/particle/FireworksSparkParticle$FlashParticle,net/minecraft/class_677$class_678
dij$a,net/minecraft/client/particle/RedstoneParticle$Factory,,,net/minecraft/client/particle/RedDustParticle$Factory,net/minecraft/class_671$class_672
dju,net/minecraft/client/particle/WaterWakeParticle,,,net/minecraft/client/particle/FishingParticle,net/minecraft/class_738
die,net/minecraft/client/particle/BubblePopParticle,,,net/minecraft/client/particle/BubblePopParticle,net/minecraft/class_661
djj$e,net/minecraft/client/particle/SpellParticle$WitchFactory,,,net/minecraft/client/particle/SpellParticle$WitchFactory,net/minecraft/class_711$class_716
djk$a,net/minecraft/client/particle/SpitParticle$Factory,,,net/minecraft/client/particle/SpitParticle$Factory,net/minecraft/class_721$class_722
dii$i,net/minecraft/client/particle/DripParticle$DrippingWaterFactory,,,net/minecraft/client/particle/BlockLeakParticle$DrippingWaterFactory,net/minecraft/class_663$class_4088
dig$c,net/minecraft/client/particle/CritParticle$Factory,,,net/minecraft/client/particle/DamageParticle$class_3939,net/minecraft/class_657$class_3939
djj,net/minecraft/client/particle/SpellParticle,,,net/minecraft/client/particle/SpellParticle,net/minecraft/class_711
diu,net/minecraft/client/particle/LargeSmokeParticle,,,net/minecraft/client/particle/FireSmokeLargeParticle,net/minecraft/class_696
djd$5,net/minecraft/client/particle/IParticleRenderType$5,,,net/minecraft/client/particle/ParticleTextureSheet$5,net/minecraft/class_3999$5
dif$b,net/minecraft/client/particle/CampfireParticle$SignalSmokeFactory,,,net/minecraft/client/particle/CampfireSmokeParticle$class_3995,net/minecraft/class_3937$class_3995
dik,net/minecraft/client/particle/EnchantmentTableParticle,,,net/minecraft/client/particle/EnchantGlyphParticle,net/minecraft/class_668
diz,net/minecraft/client/particle/Particle,,,net/minecraft/client/particle/Particle,net/minecraft/class_703
dif$a,net/minecraft/client/particle/CampfireParticle$CozySmokeFactory,,,net/minecraft/client/particle/CampfireSmokeParticle$class_3938,net/minecraft/class_3937$class_3938
djk,net/minecraft/client/particle/SpitParticle,,,net/minecraft/client/particle/SpitParticle,net/minecraft/class_721
djb$a,net/minecraft/client/particle/ParticleManager$AnimatedSpriteImpl,,,net/minecraft/client/particle/ParticleManager$SimpleSpriteProvider,net/minecraft/class_702$class_4090
dih$a,net/minecraft/client/particle/DragonBreathParticle$Factory,,,net/minecraft/client/particle/DragonBreathParticle$Factory,net/minecraft/class_666$class_667
dji,net/minecraft/client/particle/SmokeParticle,,,net/minecraft/client/particle/FireSmokeParticle,net/minecraft/class_717
djr,net/minecraft/client/particle/SpriteTexturedParticle,,,net/minecraft/client/particle/SpriteBillboardParticle,net/minecraft/class_4003
dir,net/minecraft/client/particle/LargeExplosionParticle,,,net/minecraft/client/particle/ExplosionLargeParticle,net/minecraft/class_691
die$a,net/minecraft/client/particle/BubblePopParticle$Factory,,,net/minecraft/client/particle/BubblePopParticle$Factory,net/minecraft/class_661$class_662
dib$c,net/minecraft/client/particle/BreakingParticle$SnowballFactory,,,net/minecraft/client/particle/CrackParticle$SnowballFactory,net/minecraft/class_647$class_650
dia,net/minecraft/client/particle/BarrierParticle,,,net/minecraft/client/particle/BarrierParticle,net/minecraft/class_651
dis,net/minecraft/client/particle/HugeExplosionParticle,,,net/minecraft/client/particle/ExplosionEmitterParticle,net/minecraft/class_689
djl,net/minecraft/client/particle/SplashParticle,,,net/minecraft/client/particle/WaterSplashParticle,net/minecraft/class_719
djb,net/minecraft/client/particle/ParticleManager,,,net/minecraft/client/particle/ParticleManager,net/minecraft/class_702
diw$a,net/minecraft/client/particle/MobAppearanceParticle$Factory,,,net/minecraft/client/particle/ElderGuardianAppearanceParticle$Factory,net/minecraft/class_700$class_701
djd$6,net/minecraft/client/particle/IParticleRenderType$6,,,net/minecraft/client/particle/ParticleTextureSheet$6,net/minecraft/class_3999$6
diy,net/minecraft/client/particle/NoteParticle,,,net/minecraft/client/particle/NoteParticle,net/minecraft/class_698
dio$d,net/minecraft/client/particle/FireworkParticle$SparkFactory,,,net/minecraft/client/particle/FireworksSparkParticle$ExplosionFactory,net/minecraft/class_677$class_679
dio$c,net/minecraft/client/particle/FireworkParticle$Spark,,,net/minecraft/client/particle/FireworksSparkParticle$ExplosionParticle,net/minecraft/class_677$class_680
din$a,net/minecraft/client/particle/FallingDustParticle$Factory,,,net/minecraft/client/particle/BlockFallingDustParticle$Factory,net/minecraft/class_682$class_683
dif,net/minecraft/client/particle/CampfireParticle,,,net/minecraft/client/particle/CampfireSmokeParticle,net/minecraft/class_3937
djv$a,net/minecraft/client/particle/CurrentDownParticle$Factory,,,net/minecraft/client/particle/CurrentDownParticle$Factory,net/minecraft/class_736$class_737
dij,net/minecraft/client/particle/RedstoneParticle,,,net/minecraft/client/particle/RedDustParticle,net/minecraft/class_671
dii$g,net/minecraft/client/particle/DripParticle$LandingLavaFactory,,,net/minecraft/client/particle/BlockLeakParticle$LandingLavaFactory,net/minecraft/class_663$class_4087
djv,net/minecraft/client/particle/CurrentDownParticle,,,net/minecraft/client/particle/CurrentDownParticle,net/minecraft/class_736
dii$h,net/minecraft/client/particle/DripParticle$FallingWaterFactory,,,net/minecraft/client/particle/BlockLeakParticle$FallingWaterFactory,net/minecraft/class_663$class_665
djt,net/minecraft/client/particle/EmitterParticle,,,net/minecraft/client/particle/EmitterParticle,net/minecraft/class_733
djo$a,net/minecraft/client/particle/UnderwaterParticle$Factory,,,net/minecraft/client/particle/WaterSuspendParticle$UnderwaterFactory,net/minecraft/class_723$class_724
djq$a,net/minecraft/client/particle/DiggingParticle$Factory,,,net/minecraft/client/particle/BlockCrackParticle$Factory,net/minecraft/class_727$class_728
dii$d,net/minecraft/client/particle/DripParticle$Landing,,,net/minecraft/client/particle/BlockLeakParticle$LandingParticle,net/minecraft/class_663$class_4085
djh,net/minecraft/client/particle/TexturedParticle,,,net/minecraft/client/particle/BillboardParticle,net/minecraft/class_3940
djd$3,net/minecraft/client/particle/IParticleRenderType$3,,,net/minecraft/client/particle/ParticleTextureSheet$3,net/minecraft/class_3999$3
diw,net/minecraft/client/particle/MobAppearanceParticle,,,net/minecraft/client/particle/ElderGuardianAppearanceParticle,net/minecraft/class_700
djd$2,net/minecraft/client/particle/IParticleRenderType$2,,,net/minecraft/client/particle/ParticleTextureSheet$2,net/minecraft/class_3999$2
djj$d,net/minecraft/client/particle/SpellParticle$Factory,,,net/minecraft/client/particle/SpellParticle$DefaultFactory,net/minecraft/class_711$class_715
div$a,net/minecraft/client/particle/LavaParticle$Factory,,,net/minecraft/client/particle/LavaEmberParticle$Factory,net/minecraft/class_694$class_695
djn,net/minecraft/client/particle/SquidInkParticle,,,net/minecraft/client/particle/SquidInkParticle,net/minecraft/class_725
cvp,net/minecraft/client/MouseHelper,,,net/minecraft/client/Mouse,net/minecraft/class_312
cvn,net/minecraft/client/settings/SliderMultiplierOption,,,net/minecraft/client/options/LogarithmicOption,net/minecraft/class_4287
cvu,net/minecraft/client/settings/SliderPercentageOption,,,net/minecraft/client/options/DoubleOption,net/minecraft/class_4067
ctj$a,net/minecraft/client/audio/SoundSystem$IHandler,,,net/minecraft/client/sound/SoundEngine$SourceSet,net/minecraft/class_4225$class_4276
ctk,net/minecraft/client/audio/Listener,,,net/minecraft/client/sound/Listener,net/minecraft/class_4227
ctm,net/minecraft/client/audio/ALUtils,,,net/minecraft/client/sound/AlUtil,net/minecraft/class_4230
cti,net/minecraft/client/audio/SoundSource,,,net/minecraft/client/sound/Source,net/minecraft/class_4224
ctj$1,net/minecraft/client/audio/SoundSystem$1,,,net/minecraft/client/sound/SoundEngine$1,net/minecraft/class_4225$1
ctj$b,net/minecraft/client/audio/SoundSystem$HandlerImpl,,,net/minecraft/client/sound/SoundEngine$SourceSetImpl,net/minecraft/class_4225$class_4226
ctn,net/minecraft/client/audio/AudioStreamBuffer,,,net/minecraft/client/sound/StaticSound,net/minecraft/class_4231
ctj,net/minecraft/client/audio/SoundSystem,,,net/minecraft/client/sound/SoundEngine,net/minecraft/class_4225
ctl$a,net/minecraft/client/audio/OggAudioStream$Buffer,,,net/minecraft/client/sound/OggAudioStream$ChannelList,net/minecraft/class_4228$class_4229
ctl,net/minecraft/client/audio/OggAudioStream,,,net/minecraft/client/sound/OggAudioStream,net/minecraft/class_4228
ctj$c,net/minecraft/client/audio/SoundSystem$Mode,,,net/minecraft/client/sound/SoundEngine$RunMode,net/minecraft/class_4225$class_4105
cth,net/minecraft/client/util/NativeUtil,,,net/minecraft/client/util/GlfwUtil,net/minecraft/class_3673
ctr,net/minecraft/client/gui/fonts/providers/TrueTypeGlyphProvider,,,net/minecraft/client/font/TrueTypeFont,net/minecraft/class_395
ctq,net/minecraft/client/gui/fonts/IGlyphInfo,,,net/minecraft/client/font/RenderableGlyph,net/minecraft/class_383
cto,net/minecraft/client/gui/fonts/IGlyph,,,net/minecraft/client/font/Glyph,net/minecraft/class_379
ctr$a,net/minecraft/client/gui/fonts/providers/TrueTypeGlyphProvider$GlpyhInfo,,,net/minecraft/client/font/TrueTypeFont$TtfGlyph,net/minecraft/class_395$class_397
ctp,net/minecraft/client/gui/fonts/providers/IGlyphProvider,,,net/minecraft/client/font/Font,net/minecraft/class_390
cts,net/minecraft/client/shader/Framebuffer,,,net/minecraft/client/gl/GlFramebuffer,net/minecraft/class_276
cum,net/minecraft/client/shader/ShaderLoader,,,net/minecraft/client/gl/GlShader,net/minecraft/class_281
cun,net/minecraft/client/shader/ShaderLinkHelper,,,net/minecraft/client/gl/GlProgramManager,net/minecraft/class_285
cuo,net/minecraft/client/shader/ShaderUniform,,,net/minecraft/client/gl/GlUniform,net/minecraft/class_284
cuk,net/minecraft/client/util/JSONBlendingMode,,,net/minecraft/client/gl/GlBlendState,net/minecraft/class_277
cum$a,net/minecraft/client/shader/ShaderLoader$ShaderType,,,net/minecraft/client/gl/GlShader$Type,net/minecraft/class_281$class_282
cul,net/minecraft/client/shader/IShaderManager,,,net/minecraft/client/gl/GlProgram,net/minecraft/class_3679
cuj,net/minecraft/client/shader/ShaderDefault,,,net/minecraft/client/gl/Uniform,net/minecraft/class_278
cuw$a,net/minecraft/client/renderer/vertex/VertexFormatElement$Type,,,net/minecraft/client/render/VertexFormatElement$Format,net/minecraft/class_296$class_297
cuw,net/minecraft/client/renderer/vertex/VertexFormatElement,,,net/minecraft/client/render/VertexFormatElement,net/minecraft/class_296
cus,net/minecraft/client/renderer/Tessellator,,,net/minecraft/client/render/Tessellator,net/minecraft/class_289
cuv,net/minecraft/client/renderer/vertex/VertexFormat,,,net/minecraft/client/render/VertexFormat,net/minecraft/class_293
cuu,net/minecraft/client/renderer/VertexBufferUploader,,,net/minecraft/client/gl/GlBufferRenderer,net/minecraft/class_294
cuq,net/minecraft/client/renderer/WorldVertexBufferUploader,,,net/minecraft/client/render/BufferRenderer,net/minecraft/class_286
cup,net/minecraft/client/renderer/BufferBuilder,,,net/minecraft/client/render/BufferBuilder,net/minecraft/class_287
cut,net/minecraft/client/renderer/vertex/VertexBuffer,,,net/minecraft/client/gl/GlBuffer,net/minecraft/class_291
cup$a,net/minecraft/client/renderer/BufferBuilder$State,,,net/minecraft/client/render/BufferBuilder$State,net/minecraft/class_287$class_288
cur,net/minecraft/client/renderer/vertex/DefaultVertexFormats,,,net/minecraft/client/render/VertexFormats,net/minecraft/class_290
cuw$b,net/minecraft/client/renderer/vertex/VertexFormatElement$Usage,,,net/minecraft/client/render/VertexFormatElement$Type,net/minecraft/class_296$class_298
cuh,net/minecraft/client/MainWindow,,,net/minecraft/client/util/Window,net/minecraft/class_1041
com/mojang/blaze3d/platform/GlStateManager$s,com/mojang/blaze3d/platform/GlStateManager$TexGen,,,com/mojang/blaze3d/platform/GlStateManager$TexCoord,com/mojang/blaze3d/platform/GlStateManager$class_1036
com/mojang/blaze3d/platform/GlStateManager$l,com/mojang/blaze3d/platform/GlStateManager$FogMode,,,com/mojang/blaze3d/platform/GlStateManager$FogMode,com/mojang/blaze3d/platform/GlStateManager$class_1028
com/mojang/blaze3d/platform/GlStateManager$c,com/mojang/blaze3d/platform/GlStateManager$BooleanState,,,com/mojang/blaze3d/platform/GlStateManager$CapabilityTracker,com/mojang/blaze3d/platform/GlStateManager$class_1018
ctx$b,net/minecraft/client/util/InputMappings$Type,,,net/minecraft/client/util/InputUtil$Type,net/minecraft/class_3675$class_307
com/mojang/blaze3d/platform/GlStateManager$u,com/mojang/blaze3d/platform/GlStateManager$TexGenState,,,com/mojang/blaze3d/platform/GlStateManager$TexGenState,com/mojang/blaze3d/platform/GlStateManager$class_1038
com/mojang/blaze3d/platform/GlStateManager$b,com/mojang/blaze3d/platform/GlStateManager$BlendState,,,com/mojang/blaze3d/platform/GlStateManager$BlendFuncState,com/mojang/blaze3d/platform/GlStateManager$class_1017
ctw,net/minecraft/client/renderer/GlDebugTextUtils,,,net/minecraft/client/gl/GlDebug,net/minecraft/class_1008
com/mojang/blaze3d/platform/GlStateManager$p,com/mojang/blaze3d/platform/GlStateManager$Profile,,,com/mojang/blaze3d/platform/GlStateManager$RenderMode,com/mojang/blaze3d/platform/GlStateManager$class_1032
ctx$a,net/minecraft/client/util/InputMappings$Input,,,net/minecraft/client/util/InputUtil$KeyCode,net/minecraft/class_3675$class_306
cuc,net/minecraft/client/renderer/texture/NativeImage,,,net/minecraft/client/texture/NativeImage,net/minecraft/class_1011
com/mojang/blaze3d/platform/GlStateManager$k,com/mojang/blaze3d/platform/GlStateManager$DepthState,,,com/mojang/blaze3d/platform/GlStateManager$DepthTestState,com/mojang/blaze3d/platform/GlStateManager$class_1026
com/mojang/blaze3d/platform/GlStateManager$h,com/mojang/blaze3d/platform/GlStateManager$ColorMaterialState,,,com/mojang/blaze3d/platform/GlStateManager$ColorMaterialState,com/mojang/blaze3d/platform/GlStateManager$class_1023
cuf,net/minecraft/client/util/IDataHolder,,,net/minecraft/client/util/Snooper,net/minecraft/class_3677
cuc$a,net/minecraft/client/renderer/texture/NativeImage$PixelFormat,,,net/minecraft/client/texture/NativeImage$Format,net/minecraft/class_1011$class_1012
cty,net/minecraft/client/renderer/RenderHelper,,,net/minecraft/client/render/GuiLighting,net/minecraft/class_308
com/mojang/blaze3d/platform/GlStateManager$f,com/mojang/blaze3d/platform/GlStateManager$ColorLogicState,,,com/mojang/blaze3d/platform/GlStateManager$LogicOpState,com/mojang/blaze3d/platform/GlStateManager$class_1021
com/mojang/blaze3d/platform/GlStateManager$n,com/mojang/blaze3d/platform/GlStateManager$LogicOp,,,com/mojang/blaze3d/platform/GlStateManager$LogicOp,com/mojang/blaze3d/platform/GlStateManager$class_1030
com/mojang/blaze3d/platform/GlStateManager$i,com/mojang/blaze3d/platform/GlStateManager$CullFace,,,com/mojang/blaze3d/platform/GlStateManager$FaceSides,com/mojang/blaze3d/platform/GlStateManager$class_1024
com/mojang/blaze3d/platform/GlStateManager$v,com/mojang/blaze3d/platform/GlStateManager$TextureState,,,com/mojang/blaze3d/platform/GlStateManager$Texture2DState,com/mojang/blaze3d/platform/GlStateManager$class_1039
com/mojang/blaze3d/platform/GlStateManager$d,com/mojang/blaze3d/platform/GlStateManager$ClearState,,,com/mojang/blaze3d/platform/GlStateManager$ClearState,com/mojang/blaze3d/platform/GlStateManager$class_1019
com/mojang/blaze3d/platform/GlStateManager$p$3,com/mojang/blaze3d/platform/GlStateManager$Profile$3,,,com/mojang/blaze3d/platform/GlStateManager$RenderMode$3,com/mojang/blaze3d/platform/GlStateManager$class_1032$3
cuc$c,net/minecraft/client/renderer/texture/NativeImage$WriteCallback,,,net/minecraft/client/texture/NativeImage$WriteCallback,net/minecraft/class_1011$class_1014
com/mojang/blaze3d/platform/GlStateManager$j,com/mojang/blaze3d/platform/GlStateManager$CullState,,,com/mojang/blaze3d/platform/GlStateManager$CullFaceState,com/mojang/blaze3d/platform/GlStateManager$class_1025
com/mojang/blaze3d/platform/GlStateManager$g,com/mojang/blaze3d/platform/GlStateManager$ColorMask,,,com/mojang/blaze3d/platform/GlStateManager$ColorMask,com/mojang/blaze3d/platform/GlStateManager$class_1022
com/mojang/blaze3d/platform/GlStateManager$e,com/mojang/blaze3d/platform/GlStateManager$Color,,,com/mojang/blaze3d/platform/GlStateManager$Color4,com/mojang/blaze3d/platform/GlStateManager$class_1020
com/mojang/blaze3d/platform/GlStateManager$SourceFactor,com/mojang/blaze3d/platform/GlStateManager$SourceFactor,,,com/mojang/blaze3d/platform/GlStateManager$SourceFactor,com/mojang/blaze3d/platform/GlStateManager$SourceFactor
ctv,net/minecraft/client/renderer/ScreenSize,,,net/minecraft/client/WindowSettings,net/minecraft/class_543
com/mojang/blaze3d/platform/GlStateManager,com/mojang/blaze3d/platform/GlStateManager,,,com/mojang/blaze3d/platform/GlStateManager,com/mojang/blaze3d/platform/GlStateManager
com/mojang/blaze3d/platform/GlStateManager$w,com/mojang/blaze3d/platform/GlStateManager$Viewport,,,com/mojang/blaze3d/platform/GlStateManager$Viewport,com/mojang/blaze3d/platform/GlStateManager$class_1040
cud$b,net/minecraft/client/renderer/texture/PngSizeInfo$ReaderBuffer,,,net/minecraft/client/util/PngFile$class_1052,net/minecraft/class_1050$class_1052
com/mojang/blaze3d/platform/GlStateManager$o,com/mojang/blaze3d/platform/GlStateManager$PolygonOffsetState,,,com/mojang/blaze3d/platform/GlStateManager$PolygonOffsetState,com/mojang/blaze3d/platform/GlStateManager$class_1031
ctx,net/minecraft/client/util/InputMappings,,,net/minecraft/client/util/InputUtil,net/minecraft/class_3675
com/mojang/blaze3d/platform/GlStateManager$r,com/mojang/blaze3d/platform/GlStateManager$StencilState,,,com/mojang/blaze3d/platform/GlStateManager$StencilState,com/mojang/blaze3d/platform/GlStateManager$class_1035
com/mojang/blaze3d/platform/GlStateManager$q,com/mojang/blaze3d/platform/GlStateManager$StencilFunc,,,com/mojang/blaze3d/platform/GlStateManager$StencilSubState,com/mojang/blaze3d/platform/GlStateManager$class_1034
com/mojang/blaze3d/platform/GlStateManager$p$2,com/mojang/blaze3d/platform/GlStateManager$Profile$2,,,com/mojang/blaze3d/platform/GlStateManager$RenderMode$2,com/mojang/blaze3d/platform/GlStateManager$class_1032$2
com/mojang/blaze3d/platform/GlStateManager$t,com/mojang/blaze3d/platform/GlStateManager$TexGenCoord,,,com/mojang/blaze3d/platform/GlStateManager$TexGenCoordState,com/mojang/blaze3d/platform/GlStateManager$class_1037
ctu,net/minecraft/client/util/LWJGLMemoryUntracker,,,net/minecraft/client/util/UntrackMemoryUtil,net/minecraft/class_301
ctt,net/minecraft/client/ClipboardHelper,,,net/minecraft/client/util/Clipboard,net/minecraft/class_3674
com/mojang/blaze3d/platform/GlStateManager$DestFactor,com/mojang/blaze3d/platform/GlStateManager$DestFactor,,,com/mojang/blaze3d/platform/GlStateManager$DestFactor,com/mojang/blaze3d/platform/GlStateManager$DestFactor
cue,net/minecraft/client/renderer/MonitorHandler,,,net/minecraft/client/util/MonitorTracker,net/minecraft/class_323
cua,net/minecraft/client/Monitor,,,net/minecraft/client/util/Monitor,net/minecraft/class_313
com/mojang/blaze3d/platform/GlStateManager$p$1,com/mojang/blaze3d/platform/GlStateManager$Profile$1,,,com/mojang/blaze3d/platform/GlStateManager$RenderMode$1,com/mojang/blaze3d/platform/GlStateManager$class_1032$1
cud$a,net/minecraft/client/renderer/texture/PngSizeInfo$Reader,,,net/minecraft/client/util/PngFile$class_1051,net/minecraft/class_1050$class_1051
cug,net/minecraft/client/renderer/VideoMode,,,net/minecraft/client/util/VideoMode,net/minecraft/class_319
cuc$b,net/minecraft/client/renderer/texture/NativeImage$PixelFormatGLCode,,,net/minecraft/client/texture/NativeImage$class_1013,net/minecraft/class_1011$class_1013
cui,net/minecraft/client/renderer/IWindowEventListener,,,net/minecraft/client/WindowEventHandler,net/minecraft/class_3678
cud,net/minecraft/client/renderer/texture/PngSizeInfo,,,net/minecraft/client/util/PngFile,net/minecraft/class_1050
cub,net/minecraft/client/renderer/IMonitorFactory,,,net/minecraft/client/util/MonitorFactory,net/minecraft/class_3676
ctz,net/minecraft/client/renderer/GLAllocation,,,net/minecraft/client/util/GlAllocationUtils,net/minecraft/class_311
com/mojang/blaze3d/platform/GlStateManager$m,com/mojang/blaze3d/platform/GlStateManager$FogState,,,com/mojang/blaze3d/platform/GlStateManager$FogState,com/mojang/blaze3d/platform/GlStateManager$class_1029
cud$c,net/minecraft/client/renderer/texture/PngSizeInfo$ReaderSeekable,,,net/minecraft/client/util/PngFile$class_1053,net/minecraft/class_1050$class_1053
com/mojang/blaze3d/platform/GlStateManager$a,com/mojang/blaze3d/platform/GlStateManager$AlphaState,,,com/mojang/blaze3d/platform/GlStateManager$AlphaTestState,com/mojang/blaze3d/platform/GlStateManager$class_1016
com/mojang/blaze3d/platform/GLX$a,com/mojang/blaze3d/platform/GLX$FboMode,,,com/mojang/blaze3d/platform/GLX$FBOMode,com/mojang/blaze3d/platform/GLX$class_1010
com/mojang/blaze3d/platform/GLX,com/mojang/blaze3d/platform/GLX,,,com/mojang/blaze3d/platform/GLX,com/mojang/blaze3d/platform/GLX
com/mojang/blaze3d/platform/TextureUtil,com/mojang/blaze3d/platform/TextureUtil,,,com/mojang/blaze3d/platform/TextureUtil,com/mojang/blaze3d/platform/TextureUtil
cux,net/minecraft/client/renderer/Matrix4f,,,net/minecraft/client/util/math/Matrix4f,net/minecraft/class_1159
cuy,net/minecraft/client/renderer/Vector3d,,,net/minecraft/client/render/Vec3d,net/minecraft/class_1161
cuz,net/minecraft/client/renderer/Vector4f,,,net/minecraft/client/util/math/Vector4f,net/minecraft/class_1162
jb$1,net/minecraft/network/NetworkManager$1,net/minecraft/server/v1_14_R1/NetworkManager$1,,net/minecraft/network/ClientConnection$1,net/minecraft/class_2535$1
jb$2,net/minecraft/network/NetworkManager$2,net/minecraft/server/v1_14_R1/NetworkManager$2,,net/minecraft/network/ClientConnection$2,net/minecraft/class_2535$2
nr,net/minecraft/util/RandomObjectDescriptor,,,net/minecraft/client/util/DebugNameGenerator,net/minecraft/class_4240
qw$a,net/minecraft/client/util/JSONException$Entry,,,net/minecraft/client/gl/ShaderParseException$JsonStackTrace,net/minecraft/class_2973$class_2974
qw,net/minecraft/client/util/JSONException,,,net/minecraft/client/gl/ShaderParseException,net/minecraft/class_2973
us,net/minecraft/client/renderer/DestroyBlockProgress,,,net/minecraft/client/render/PartiallyBrokenBlockEntry,net/minecraft/class_3191
vu,net/minecraft/world/chunk/listener/ChainedChunkStatusListener,,,net/minecraft/server/QueueingWorldGenerationProgressListener,net/minecraft/class_3952
vv,net/minecraft/world/chunk/listener/TrackingChunkStatusListener,,,net/minecraft/client/gui/WorldGenerationProgressTracker,net/minecraft/class_3953
vy,net/minecraft/client/network/handshake/ClientHandshakeNetHandler,,,net/minecraft/server/network/IntegratedServerHandshakeNetworkHandler,net/minecraft/class_3240
vz$2,net/minecraft/network/NetworkSystem$2,net/minecraft/server/v1_14_R1/ServerConnection$2,,net/minecraft/server/ServerNetworkIo$2,net/minecraft/class_3242$2
zz,net/minecraft/client/util/MouseSmoother,,,net/minecraft/client/util/SmoothUtil,net/minecraft/class_3540
atv$a,net/minecraft/entity/monster/AbstractIllagerEntity$ArmPose,net/minecraft/server/v1_14_R1/EntityIllagerAbstract$a,,net/minecraft/entity/mob/IllagerEntity$State,net/minecraft/class_1543$class_1544
awc,net/minecraft/entity/player/PlayerModelPart,,,net/minecraft/client/render/entity/PlayerModelPart,net/minecraft/class_1664
awn,net/minecraft/entity/IRendersAsItem,,,net/minecraft/entity/FlyingItemEntity,net/minecraft/class_3856
bdm$a,net/minecraft/client/util/ITooltipFlag$TooltipFlags,,,net/minecraft/client/item/TooltipContext$Default,net/minecraft/class_1836$class_1837
bdm,net/minecraft/client/util/ITooltipFlag,,,net/minecraft/client/item/TooltipContext,net/minecraft/class_1836
bhg,net/minecraft/world/FoliageColors,,,net/minecraft/client/color/world/FoliageColors,net/minecraft/class_1926
bhk,net/minecraft/world/GrassColors,,,net/minecraft/client/color/world/GrassColors,net/minecraft/class_1933
buk,net/minecraft/tileentity/IChestLid,,,net/minecraft/client/block/ChestAnimationProgress,net/minecraft/class_2618
bwz,net/minecraft/world/border/BorderStatus,,,net/minecraft/world/border/WorldBorderStage,net/minecraft/class_2789
coi,net/minecraft/client/AnvilConverterException,,,net/minecraft/world/level/storage/LevelStorageException,net/minecraft/class_33
coj$1,net/minecraft/world/storage/SaveFormat$1,net/minecraft/server/v1_14_R1/Convertable$1,,net/minecraft/world/level/storage/LevelStorage$1,net/minecraft/class_32$1
cok,net/minecraft/world/storage/WorldSummary,,,net/minecraft/world/level/storage/LevelSummary,net/minecraft/class_34
