混淆的,Searge,Spigot,Mojang,Yarn,Intermediary
a,net/minecraft/util/text/TextFormatting,net/minecraft/server/v1_11_R1/EnumChatFormat,,,
aa,net/minecraft/command/CommandEffect,net/minecraft/server/v1_11_R1/CommandEffect,,,
aaa,net/minecraft/entity/monster/EntityMob,net/minecraft/server/v1_11_R1/EntityMonster,,,
aab$a,net/minecraft/entity/monster/EntityPigZombie$AITargetAggressor,net/minecraft/server/v1_11_R1/EntityPigZombie$PathfinderGoalAnger,,,
aab$b,net/minecraft/entity/monster/EntityPigZombie$AIHurtByAggressor,net/minecraft/server/v1_11_R1/EntityPigZombie$PathfinderGoalAngerOther,,,
aab,net/minecraft/entity/monster/EntityPigZombie,net/minecraft/server/v1_11_R1/EntityPigZombie,,,
aac,net/minecraft/entity/IRangedAttackMob,net/minecraft/server/v1_11_R1/IRangedEntity,,,
aad,net/minecraft/entity/SharedMonsterAttributes,net/minecraft/server/v1_11_R1/GenericAttributes,,,
aae$a,net/minecraft/entity/monster/EntityShulker$AIAttack,net/minecraft/server/v1_11_R1/EntityShulker$a,,,
aae$b,net/minecraft/entity/monster/EntityShulker$BodyHelper,net/minecraft/server/v1_11_R1/EntityShulker$b,,,
aae$c$1,net/minecraft/entity/monster/EntityShulker$AIDefenseAttack$1,net/minecraft/server/v1_11_R1/EntityShulker$c$1,,,
aae$c,net/minecraft/entity/monster/EntityShulker$AIDefenseAttack,net/minecraft/server/v1_11_R1/EntityShulker$c,,,
aae$d,net/minecraft/entity/monster/EntityShulker$AIAttackNearest,net/minecraft/server/v1_11_R1/EntityShulker$d,,,
aae$e,net/minecraft/entity/monster/EntityShulker$AIPeek,net/minecraft/server/v1_11_R1/EntityShulker$e,,,
aae,net/minecraft/entity/monster/EntityShulker,net/minecraft/server/v1_11_R1/EntityShulker,,,
aaf$a,net/minecraft/entity/monster/EntitySilverfish$AIHideInStone,net/minecraft/server/v1_11_R1/EntitySilverfish$PathfinderGoalSilverfishHideInBlock,,,
aaf$b,net/minecraft/entity/monster/EntitySilverfish$AISummonSilverfish,net/minecraft/server/v1_11_R1/EntitySilverfish$PathfinderGoalSilverfishWakeOthers,,,
aaf,net/minecraft/entity/monster/EntitySilverfish,net/minecraft/server/v1_11_R1/EntitySilverfish,,,
aag,net/minecraft/entity/monster/EntitySkeleton,net/minecraft/server/v1_11_R1/EntitySkeleton,,,
aah$a,net/minecraft/entity/monster/EntitySlime$AISlimeAttack,net/minecraft/server/v1_11_R1/EntitySlime$PathfinderGoalSlimeNearestPlayer,,,
aah$b,net/minecraft/entity/monster/EntitySlime$AISlimeFloat,net/minecraft/server/v1_11_R1/EntitySlime$PathfinderGoalSlimeRandomJump,,,
aah$c,net/minecraft/entity/monster/EntitySlime$AISlimeHop,net/minecraft/server/v1_11_R1/EntitySlime$PathfinderGoalSlimeIdle,,,
aah$d,net/minecraft/entity/monster/EntitySlime$SlimeMoveHelper,net/minecraft/server/v1_11_R1/EntitySlime$ControllerMoveSlime,,,
aah$e,net/minecraft/entity/monster/EntitySlime$AISlimeFaceRandom,net/minecraft/server/v1_11_R1/EntitySlime$PathfinderGoalSlimeRandomDirection,,,
aah,net/minecraft/entity/monster/EntitySlime,net/minecraft/server/v1_11_R1/EntitySlime,,,
aai$a,net/minecraft/entity/monster/EntitySpider$AISpiderAttack,net/minecraft/server/v1_11_R1/EntitySpider$PathfinderGoalSpiderMeleeAttack,,,
aai$b,net/minecraft/entity/monster/EntitySpider$GroupData,net/minecraft/server/v1_11_R1/EntitySpider$GroupDataSpider,,,
aai$c,net/minecraft/entity/monster/EntitySpider$AISpiderTarget,net/minecraft/server/v1_11_R1/EntitySpider$PathfinderGoalSpiderNearestAttackableTarget,,,
aai,net/minecraft/entity/monster/EntitySpider,net/minecraft/server/v1_11_R1/EntitySpider,,,
aaj,net/minecraft/entity/monster/EntityStray,net/minecraft/server/v1_11_R1/EntitySkeletonStray,,,
aak$a,net/minecraft/entity/monster/EntityVex$AIChargeAttack,net/minecraft/server/v1_11_R1/EntityVex$a,,,
aak$b,net/minecraft/entity/monster/EntityVex$AICopyOwnerTarget,net/minecraft/server/v1_11_R1/EntityVex$b,,,
aak$c,net/minecraft/entity/monster/EntityVex$AIMoveControl,net/minecraft/server/v1_11_R1/EntityVex$c,,,
aak$d,net/minecraft/entity/monster/EntityVex$AIMoveRandom,net/minecraft/server/v1_11_R1/EntityVex$d,,,
aak,net/minecraft/entity/monster/EntityVex,net/minecraft/server/v1_11_R1/EntityVex,,,
aal$1,net/minecraft/entity/monster/EntityVindicator$1,net/minecraft/server/v1_11_R1/EntityVindicator$1,,,
aal$a,net/minecraft/entity/monster/EntityVindicator$AIJohnnyAttack,net/minecraft/server/v1_11_R1/EntityVindicator$a,,,
aal,net/minecraft/entity/monster/EntityVindicator,net/minecraft/server/v1_11_R1/EntityVindicator,,,
aam,net/minecraft/entity/monster/EntityWitch,net/minecraft/server/v1_11_R1/EntityWitch,,,
aan,net/minecraft/entity/monster/EntityWitherSkeleton,net/minecraft/server/v1_11_R1/EntitySkeletonWither,,,
aao$a,net/minecraft/entity/monster/EntityZombie$GroupData,net/minecraft/server/v1_11_R1/EntityZombie$GroupDataZombie,,,
aao,net/minecraft/entity/monster/EntityZombie,net/minecraft/server/v1_11_R1/EntityZombie,,,
aap,net/minecraft/entity/monster/EntityZombieVillager,net/minecraft/server/v1_11_R1/EntityZombieVillager,,,
aas,net/minecraft/entity/INpc,net/minecraft/server/v1_11_R1/NPC,,,
aat$1,net/minecraft/entity/passive/EntityVillager$1,net/minecraft/server/v1_11_R1/EntityVillager$1,,,
aat$a,net/minecraft/entity/passive/EntityVillager$EmeraldForItems,net/minecraft/server/v1_11_R1/EntityVillager$MerchantRecipeOptionBuy,,,
aat$b,net/minecraft/entity/passive/EntityVillager$ListEnchantedBookForEmeralds,net/minecraft/server/v1_11_R1/EntityVillager$MerchantRecipeOptionBook,,,
aat$c,net/minecraft/entity/passive/EntityVillager$ListEnchantedItemForEmeralds,net/minecraft/server/v1_11_R1/EntityVillager$MerchantRecipeOptionEnchant,,,
aat$d,net/minecraft/entity/passive/EntityVillager$ItemAndEmeraldToItem,net/minecraft/server/v1_11_R1/EntityVillager$MerchantRecipeOptionProcess,,,
aat$e,net/minecraft/entity/passive/EntityVillager$ListItemForEmeralds,net/minecraft/server/v1_11_R1/EntityVillager$MerchantRecipeOptionSell,,,
aat$f,net/minecraft/entity/passive/EntityVillager$ITradeList,net/minecraft/server/v1_11_R1/EntityVillager$IMerchantRecipeOption,,,
aat$g,net/minecraft/entity/passive/EntityVillager$PriceInfo,net/minecraft/server/v1_11_R1/EntityVillager$MerchantOptionRandomRange,,,
aat$h,net/minecraft/entity/passive/EntityVillager$TreasureMapForEmeralds,net/minecraft/server/v1_11_R1/EntityVillager$h,,,
aat,net/minecraft/entity/passive/EntityVillager,net/minecraft/server/v1_11_R1/EntityVillager,,,
aaw,net/minecraft/entity/player/PlayerCapabilities,net/minecraft/server/v1_11_R1/PlayerAbilities,,,
aax$1,net/minecraft/entity/player/InventoryPlayer$1,net/minecraft/server/v1_11_R1/PlayerInventory$1,,,
aax,net/minecraft/entity/player/InventoryPlayer,net/minecraft/server/v1_11_R1/PlayerInventory,,,
aay$1,net/minecraft/entity/player/EntityPlayer$1,net/minecraft/server/v1_11_R1/EntityHuman$1,,,
aay$a,net/minecraft/entity/player/EntityPlayer$SleepResult,net/minecraft/server/v1_11_R1/EntityHuman$EnumBedResult,,,
aay$b,net/minecraft/entity/player/EntityPlayer$EnumChatVisibility,net/minecraft/server/v1_11_R1/EntityHuman$EnumChatVisibility,,,
aay,net/minecraft/entity/player/EntityPlayer,net/minecraft/server/v1_11_R1/EntityHuman,,,
ab,net/minecraft/command/server/CommandEmote,net/minecraft/server/v1_11_R1/CommandMe,,,
abb$1,net/minecraft/entity/projectile/EntityArrow$1,net/minecraft/server/v1_11_R1/EntityArrow$1,,,
abb$a,net/minecraft/entity/projectile/EntityArrow$PickupStatus,net/minecraft/server/v1_11_R1/EntityArrow$PickupStatus,,,
abb,net/minecraft/entity/projectile/EntityArrow,net/minecraft/server/v1_11_R1/EntityArrow,,,
abc,net/minecraft/entity/projectile/EntityDragonFireball,net/minecraft/server/v1_11_R1/EntityDragonFireball,,,
abd,net/minecraft/entity/projectile/EntityEvokerFangs,net/minecraft/server/v1_11_R1/EntityEvokerFangs,,,
abe,net/minecraft/entity/item/EntityEnderEye,net/minecraft/server/v1_11_R1/EntityEnderSignal,,,
abf,net/minecraft/entity/projectile/EntityFireball,net/minecraft/server/v1_11_R1/EntityFireball,,,
abg,net/minecraft/entity/item/EntityFireworkRocket,net/minecraft/server/v1_11_R1/EntityFireworks,,,
abh,net/minecraft/entity/projectile/EntityLargeFireball,net/minecraft/server/v1_11_R1/EntityLargeFireball,,,
abi,net/minecraft/entity/projectile/EntityLlamaSpit,net/minecraft/server/v1_11_R1/EntityLlamaSpit,,,
abj,net/minecraft/entity/IProjectile,net/minecraft/server/v1_11_R1/IProjectile,,,
abk,net/minecraft/entity/projectile/ProjectileHelper,net/minecraft/server/v1_11_R1/ProjectileHelper,,,
abl,net/minecraft/entity/projectile/EntityShulkerBullet,net/minecraft/server/v1_11_R1/EntityShulkerBullet,,,
abm,net/minecraft/entity/projectile/EntitySmallFireball,net/minecraft/server/v1_11_R1/EntitySmallFireball,,,
abn,net/minecraft/entity/projectile/EntitySnowball,net/minecraft/server/v1_11_R1/EntitySnowball,,,
abo,net/minecraft/entity/projectile/EntitySpectralArrow,net/minecraft/server/v1_11_R1/EntitySpectralArrow,,,
abp,net/minecraft/entity/projectile/EntityThrowable,net/minecraft/server/v1_11_R1/EntityProjectile,,,
abq,net/minecraft/entity/projectile/EntityEgg,net/minecraft/server/v1_11_R1/EntityEgg,,,
abr,net/minecraft/entity/item/EntityEnderPearl,net/minecraft/server/v1_11_R1/EntityEnderPearl,,,
abs,net/minecraft/entity/item/EntityExpBottle,net/minecraft/server/v1_11_R1/EntityThrownExpBottle,,,
abt$1,net/minecraft/entity/projectile/EntityPotion$1,net/minecraft/server/v1_11_R1/EntityPotion$1,,,
abt,net/minecraft/entity/projectile/EntityPotion,net/minecraft/server/v1_11_R1/EntityPotion,,,
abu,net/minecraft/entity/projectile/EntityTippedArrow,net/minecraft/server/v1_11_R1/EntityTippedArrow,,,
abv,net/minecraft/entity/projectile/EntityWitherSkull,net/minecraft/server/v1_11_R1/EntityWitherSkull,,,
abx$a,net/minecraft/entity/item/EntityBoat$Status,net/minecraft/server/v1_11_R1/EntityBoat$EnumStatus,,,
abx$b,net/minecraft/entity/item/EntityBoat$Type,net/minecraft/server/v1_11_R1/EntityBoat$EnumBoatType,,,
abx,net/minecraft/entity/item/EntityBoat,net/minecraft/server/v1_11_R1/EntityBoat,,,
aby$a,net/minecraft/entity/item/EntityMinecart$Type,net/minecraft/server/v1_11_R1/EntityMinecartAbstract$EnumMinecartType,,,
aby,net/minecraft/entity/item/EntityMinecart,net/minecraft/server/v1_11_R1/EntityMinecartAbstract,,,
abz,net/minecraft/entity/item/EntityMinecartChest,net/minecraft/server/v1_11_R1/EntityMinecartChest,,,
ac,net/minecraft/command/CommandEnchant,net/minecraft/server/v1_11_R1/CommandEnchant,,,
aca$1,net/minecraft/entity/item/EntityMinecartCommandBlock$1,net/minecraft/server/v1_11_R1/EntityMinecartCommandBlock$1,,,
aca$2,net/minecraft/entity/item/EntityMinecartCommandBlock$2,net/minecraft/server/v1_11_R1/EntityMinecartCommandBlock$2,,,
aca,net/minecraft/entity/item/EntityMinecartCommandBlock,net/minecraft/server/v1_11_R1/EntityMinecartCommandBlock,,,
acb,net/minecraft/entity/item/EntityMinecartContainer,net/minecraft/server/v1_11_R1/EntityMinecartContainer,,,
acc,net/minecraft/entity/item/EntityMinecartFurnace,net/minecraft/server/v1_11_R1/EntityMinecartFurnace,,,
acd,net/minecraft/entity/item/EntityMinecartHopper,net/minecraft/server/v1_11_R1/EntityMinecartHopper,,,
ace,net/minecraft/entity/item/EntityMinecartEmpty,net/minecraft/server/v1_11_R1/EntityMinecartRideable,,,
acf$1,net/minecraft/entity/item/EntityMinecartMobSpawner$1,net/minecraft/server/v1_11_R1/EntityMinecartMobSpawner$1,,,
acf$2,net/minecraft/entity/item/EntityMinecartMobSpawner$2,net/minecraft/server/v1_11_R1/EntityMinecartMobSpawner$2,,,
acf,net/minecraft/entity/item/EntityMinecartMobSpawner,net/minecraft/server/v1_11_R1/EntityMinecartMobSpawner,,,
acg,net/minecraft/entity/item/EntityMinecartTNT,net/minecraft/server/v1_11_R1/EntityMinecartTNT,,,
acj,net/minecraft/util/FoodStats,net/minecraft/server/v1_11_R1/FoodMetaData,,,
acl,net/minecraft/inventory/Container,net/minecraft/server/v1_11_R1/Container,,,
acm$1,net/minecraft/inventory/ContainerRepair$1,net/minecraft/server/v1_11_R1/ContainerAnvil$1,,,
acm$2,net/minecraft/inventory/ContainerRepair$2,net/minecraft/server/v1_11_R1/ContainerAnvil$2,,,
acm,net/minecraft/inventory/ContainerRepair,net/minecraft/server/v1_11_R1/ContainerAnvil,,,
acn$a,net/minecraft/inventory/ContainerBeacon$BeaconSlot,net/minecraft/server/v1_11_R1/ContainerBeacon$SlotBeacon,,,
acn,net/minecraft/inventory/ContainerBeacon,net/minecraft/server/v1_11_R1/ContainerBeacon,,,
aco$a,net/minecraft/inventory/ContainerBrewingStand$Fuel,net/minecraft/server/v1_11_R1/ContainerBrewingStand$a,,,
aco$b,net/minecraft/inventory/ContainerBrewingStand$Ingredient,net/minecraft/server/v1_11_R1/ContainerBrewingStand$SlotBrewing,,,
aco$c,net/minecraft/inventory/ContainerBrewingStand$Potion,net/minecraft/server/v1_11_R1/ContainerBrewingStand$SlotPotionBottle,,,
aco,net/minecraft/inventory/ContainerBrewingStand,net/minecraft/server/v1_11_R1/ContainerBrewingStand,,,
acp,net/minecraft/inventory/ContainerChest,net/minecraft/server/v1_11_R1/ContainerChest,,,
acq,net/minecraft/inventory/ClickType,net/minecraft/server/v1_11_R1/InventoryClickType,,,
acr,net/minecraft/inventory/IContainerListener,net/minecraft/server/v1_11_R1/ICrafting,,,
acs,net/minecraft/inventory/InventoryCrafting,net/minecraft/server/v1_11_R1/InventoryCrafting,,,
act,net/minecraft/inventory/ContainerWorkbench,net/minecraft/server/v1_11_R1/ContainerWorkbench,,,
acu,net/minecraft/inventory/ContainerDispenser,net/minecraft/server/v1_11_R1/ContainerDispenser,,,
acv$1,net/minecraft/inventory/ContainerEnchantment$1,net/minecraft/server/v1_11_R1/ContainerEnchantTable$1,,,
acv$2,net/minecraft/inventory/ContainerEnchantment$2,net/minecraft/server/v1_11_R1/ContainerEnchantTable$2,,,
acv$3,net/minecraft/inventory/ContainerEnchantment$3,net/minecraft/server/v1_11_R1/ContainerEnchantTable$3,,,
acv,net/minecraft/inventory/ContainerEnchantment,net/minecraft/server/v1_11_R1/ContainerEnchantTable,,,
acw,net/minecraft/inventory/SlotFurnaceFuel,net/minecraft/server/v1_11_R1/SlotFurnaceFuel,,,
acx,net/minecraft/inventory/ContainerFurnace,net/minecraft/server/v1_11_R1/ContainerFurnace,,,
acy,net/minecraft/inventory/SlotFurnaceOutput,net/minecraft/server/v1_11_R1/SlotFurnaceResult,,,
acz,net/minecraft/inventory/ContainerHopper,net/minecraft/server/v1_11_R1/ContainerHopper,,,
ad,net/minecraft/command/CommandEntityData,net/minecraft/server/v1_11_R1/CommandEntityData,,,
ada,net/minecraft/inventory/ContainerHorseChest,net/minecraft/server/v1_11_R1/InventoryHorseChest,,,
adb$1,net/minecraft/inventory/ContainerHorseInventory$1,net/minecraft/server/v1_11_R1/ContainerHorse$1,,,
adb$2,net/minecraft/inventory/ContainerHorseInventory$2,net/minecraft/server/v1_11_R1/ContainerHorse$2,,,
adb,net/minecraft/inventory/ContainerHorseInventory,net/minecraft/server/v1_11_R1/ContainerHorse,,,
adc$1,net/minecraft/inventory/ContainerPlayer$1,net/minecraft/server/v1_11_R1/ContainerPlayer$1,,,
adc$2,net/minecraft/inventory/ContainerPlayer$2,net/minecraft/server/v1_11_R1/ContainerPlayer$2,,,
adc,net/minecraft/inventory/ContainerPlayer,net/minecraft/server/v1_11_R1/ContainerPlayer,,,
add,net/minecraft/inventory/InventoryMerchant,net/minecraft/server/v1_11_R1/InventoryMerchant,,,
ade,net/minecraft/inventory/ContainerMerchant,net/minecraft/server/v1_11_R1/ContainerMerchant,,,
adf,net/minecraft/inventory/SlotMerchantResult,net/minecraft/server/v1_11_R1/SlotMerchantResult,,,
adg,net/minecraft/inventory/InventoryEnderChest,net/minecraft/server/v1_11_R1/InventoryEnderChest,,,
adh,net/minecraft/inventory/InventoryCraftResult,net/minecraft/server/v1_11_R1/InventoryCraftResult,,,
adi,net/minecraft/inventory/SlotCrafting,net/minecraft/server/v1_11_R1/SlotResult,,,
adj,net/minecraft/inventory/ContainerShulkerBox,net/minecraft/server/v1_11_R1/ContainerShulkerBox,,,
adk,net/minecraft/inventory/SlotShulkerBox,net/minecraft/server/v1_11_R1/SlotShulkerBox,,,
adl,net/minecraft/inventory/Slot,net/minecraft/server/v1_11_R1/Slot,,,
adn,net/minecraft/item/ItemAir,net/minecraft/server/v1_11_R1/ItemAir,,,
ado,net/minecraft/item/ItemAnvilBlock,net/minecraft/server/v1_11_R1/ItemAnvil,,,
adp$1,net/minecraft/item/ItemArmor$1,net/minecraft/server/v1_11_R1/ItemArmor$1,,,
adp$a,net/minecraft/item/ItemArmor$ArmorMaterial,net/minecraft/server/v1_11_R1/ItemArmor$EnumArmorMaterial,,,
adp,net/minecraft/item/ItemArmor,net/minecraft/server/v1_11_R1/ItemArmor,,,
adq,net/minecraft/item/ItemArmorStand,net/minecraft/server/v1_11_R1/ItemArmorStand,,,
adr,net/minecraft/item/ItemArrow,net/minecraft/server/v1_11_R1/ItemArrow,,,
ads,net/minecraft/item/ItemAxe,net/minecraft/server/v1_11_R1/ItemAxe,,,
adt,net/minecraft/item/ItemBanner,net/minecraft/server/v1_11_R1/ItemBanner,,,
adu,net/minecraft/item/ItemBed,net/minecraft/server/v1_11_R1/ItemBed,,,
adv,net/minecraft/item/ItemBlock,net/minecraft/server/v1_11_R1/ItemBlock,,,
adw,net/minecraft/item/ItemBlockSpecial,net/minecraft/server/v1_11_R1/ItemReed,,,
adx,net/minecraft/item/ItemBoat,net/minecraft/server/v1_11_R1/ItemBoat,,,
ady,net/minecraft/item/ItemBook,net/minecraft/server/v1_11_R1/ItemBook,,,
adz$1,net/minecraft/item/ItemGlassBottle$1,net/minecraft/server/v1_11_R1/ItemGlassBottle$1,,,
adz,net/minecraft/item/ItemGlassBottle,net/minecraft/server/v1_11_R1/ItemGlassBottle,,,
ae$1,net/minecraft/command/CommandExecuteAt$1,net/minecraft/server/v1_11_R1/CommandExecute$1,,,
ae,net/minecraft/command/CommandExecuteAt,net/minecraft/server/v1_11_R1/CommandExecute,,,
aea$1,net/minecraft/item/ItemBow$1,net/minecraft/server/v1_11_R1/ItemBow$1,,,
aea$2,net/minecraft/item/ItemBow$2,net/minecraft/server/v1_11_R1/ItemBow$2,,,
aea,net/minecraft/item/ItemBow,net/minecraft/server/v1_11_R1/ItemBow,,,
aeb,net/minecraft/item/ItemSoup,net/minecraft/server/v1_11_R1/ItemSoup,,,
aec,net/minecraft/item/ItemBucket,net/minecraft/server/v1_11_R1/ItemBucket,,,
aed,net/minecraft/item/ItemCarrotOnAStick,net/minecraft/server/v1_11_R1/ItemCarrotStick,,,
aee,net/minecraft/item/ItemChorusFruit,net/minecraft/server/v1_11_R1/ItemChorusFruit,,,
aef$1,net/minecraft/item/ItemClock$1,net/minecraft/server/v1_11_R1/ItemClock$1,,,
aef,net/minecraft/item/ItemClock,net/minecraft/server/v1_11_R1/ItemClock,,,
aeg,net/minecraft/item/ItemCoal,net/minecraft/server/v1_11_R1/ItemCoal,,,
aeh$1,net/minecraft/item/ItemCompass$1,net/minecraft/server/v1_11_R1/ItemCompass$1,,,
aeh,net/minecraft/item/ItemCompass,net/minecraft/server/v1_11_R1/ItemCompass,,,
aei,net/minecraft/item/ItemMapBase,net/minecraft/server/v1_11_R1/ItemWorldMapBase,,,
aej$1,net/minecraft/creativetab/CreativeTabs$1,net/minecraft/server/v1_11_R1/CreativeModeTab$1,,,
aej$10,net/minecraft/creativetab/CreativeTabs$7,net/minecraft/server/v1_11_R1/CreativeModeTab$10,,,
aej$11,net/minecraft/creativetab/CreativeTabs$8,net/minecraft/server/v1_11_R1/CreativeModeTab$11,,,
aej$12,net/minecraft/creativetab/CreativeTabs$9,net/minecraft/server/v1_11_R1/CreativeModeTab$12,,,
aej$2,net/minecraft/creativetab/CreativeTabs$10,net/minecraft/server/v1_11_R1/CreativeModeTab$2,,,
aej$3,net/minecraft/creativetab/CreativeTabs$11,net/minecraft/server/v1_11_R1/CreativeModeTab$3,,,
aej$4,net/minecraft/creativetab/CreativeTabs$12,net/minecraft/server/v1_11_R1/CreativeModeTab$4,,,
aej$5,net/minecraft/creativetab/CreativeTabs$2,net/minecraft/server/v1_11_R1/CreativeModeTab$5,,,
aej$6,net/minecraft/creativetab/CreativeTabs$3,net/minecraft/server/v1_11_R1/CreativeModeTab$6,,,
aej$7,net/minecraft/creativetab/CreativeTabs$4,net/minecraft/server/v1_11_R1/CreativeModeTab$7,,,
aej$8,net/minecraft/creativetab/CreativeTabs$5,net/minecraft/server/v1_11_R1/CreativeModeTab$8,,,
aej$9,net/minecraft/creativetab/CreativeTabs$6,net/minecraft/server/v1_11_R1/CreativeModeTab$9,,,
aej,net/minecraft/creativetab/CreativeTabs,net/minecraft/server/v1_11_R1/CreativeModeTab,,,
aek,net/minecraft/item/ItemTool,net/minecraft/server/v1_11_R1/ItemTool,,,
ael,net/minecraft/item/ItemDoor,net/minecraft/server/v1_11_R1/ItemDoor,,,
aem,net/minecraft/item/EnumDyeColor,net/minecraft/server/v1_11_R1/EnumColor,,,
aen,net/minecraft/item/ItemDye,net/minecraft/server/v1_11_R1/ItemDye,,,
aeo,net/minecraft/item/ItemCloth,net/minecraft/server/v1_11_R1/ItemCloth,,,
aep,net/minecraft/item/ItemEgg,net/minecraft/server/v1_11_R1/ItemEgg,,,
aeq$1,net/minecraft/item/ItemElytra$1,net/minecraft/server/v1_11_R1/ItemElytra$1,,,
aeq,net/minecraft/item/ItemElytra,net/minecraft/server/v1_11_R1/ItemElytra,,,
aer,net/minecraft/item/ItemEmptyMap,net/minecraft/server/v1_11_R1/ItemMapEmpty,,,
aes,net/minecraft/item/ItemEnchantedBook,net/minecraft/server/v1_11_R1/ItemEnchantedBook,,,
aet,net/minecraft/item/ItemEndCrystal,net/minecraft/server/v1_11_R1/ItemEndCrystal,,,
aeu,net/minecraft/item/ItemEnderEye,net/minecraft/server/v1_11_R1/ItemEnderEye,,,
aev,net/minecraft/item/ItemEnderPearl,net/minecraft/server/v1_11_R1/ItemEnderPearl,,,
aew,net/minecraft/item/ItemExpBottle,net/minecraft/server/v1_11_R1/ItemExpBottle,,,
aex,net/minecraft/item/ItemFireball,net/minecraft/server/v1_11_R1/ItemFireball,,,
aey,net/minecraft/item/ItemFireworkCharge,net/minecraft/server/v1_11_R1/ItemFireworksCharge,,,
aez,net/minecraft/item/ItemFirework,net/minecraft/server/v1_11_R1/ItemFireworks,,,
af,net/minecraft/command/CommandXP,net/minecraft/server/v1_11_R1/CommandXp,,,
afa$a,net/minecraft/item/ItemFishFood$FishType,net/minecraft/server/v1_11_R1/ItemFish$EnumFish,,,
afa,net/minecraft/item/ItemFishFood,net/minecraft/server/v1_11_R1/ItemFish,,,
afb$1,net/minecraft/item/ItemFishingRod$1,net/minecraft/server/v1_11_R1/ItemFishingRod$1,,,
afb,net/minecraft/item/ItemFishingRod,net/minecraft/server/v1_11_R1/ItemFishingRod,,,
afc,net/minecraft/item/ItemFlintAndSteel,net/minecraft/server/v1_11_R1/ItemFlintAndSteel,,,
afd,net/minecraft/item/ItemFood,net/minecraft/server/v1_11_R1/ItemFood,,,
afe,net/minecraft/item/ItemAppleGold,net/minecraft/server/v1_11_R1/ItemGoldenApple,,,
aff,net/minecraft/item/ItemHangingEntity,net/minecraft/server/v1_11_R1/ItemHanging,,,
afg,net/minecraft/item/ItemHoe,net/minecraft/server/v1_11_R1/ItemHoe,,,
afh$1,net/minecraft/item/Item$1,net/minecraft/server/v1_11_R1/Item$1,,,
afh$10,net/minecraft/item/Item$18,net/minecraft/server/v1_11_R1/Item$10,,,
afh$11,net/minecraft/item/Item$19,net/minecraft/server/v1_11_R1/Item$11,,,
afh$12,net/minecraft/item/Item$2,net/minecraft/server/v1_11_R1/Item$12,,,
afh$13,net/minecraft/item/Item$20,net/minecraft/server/v1_11_R1/Item$13,,,
afh$14,net/minecraft/item/Item$21,net/minecraft/server/v1_11_R1/Item$14,,,
afh$15,net/minecraft/item/Item$3,net/minecraft/server/v1_11_R1/Item$15,,,
afh$16,net/minecraft/item/Item$4,net/minecraft/server/v1_11_R1/Item$16,,,
afh$17,net/minecraft/item/Item$5,net/minecraft/server/v1_11_R1/Item$17,,,
afh$18,net/minecraft/item/Item$6,net/minecraft/server/v1_11_R1/Item$18,,,
afh$19,net/minecraft/item/Item$7,net/minecraft/server/v1_11_R1/Item$19,,,
afh$2,net/minecraft/item/Item$10,net/minecraft/server/v1_11_R1/Item$2,,,
afh$20,net/minecraft/item/Item$8,net/minecraft/server/v1_11_R1/Item$20,,,
afh$21,net/minecraft/item/Item$9,net/minecraft/server/v1_11_R1/Item$21,,,
afh$3,net/minecraft/item/Item$11,net/minecraft/server/v1_11_R1/Item$3,,,
afh$4,net/minecraft/item/Item$12,net/minecraft/server/v1_11_R1/Item$4,,,
afh$5,net/minecraft/item/Item$13,net/minecraft/server/v1_11_R1/Item$5,,,
afh$6,net/minecraft/item/Item$14,net/minecraft/server/v1_11_R1/Item$6,,,
afh$7,net/minecraft/item/Item$15,net/minecraft/server/v1_11_R1/Item$7,,,
afh$8,net/minecraft/item/Item$16,net/minecraft/server/v1_11_R1/Item$8,,,
afh$9,net/minecraft/item/Item$17,net/minecraft/server/v1_11_R1/Item$9,,,
afh$a,net/minecraft/item/Item$ToolMaterial,net/minecraft/server/v1_11_R1/Item$EnumToolMaterial,,,
afh,net/minecraft/item/Item,net/minecraft/server/v1_11_R1/Item,,,
afi$a,net/minecraft/util/CooldownTracker$Cooldown,net/minecraft/server/v1_11_R1/ItemCooldown$Info,,,
afi,net/minecraft/util/CooldownTracker,net/minecraft/server/v1_11_R1/ItemCooldown,,,
afj,net/minecraft/item/ItemStack,net/minecraft/server/v1_11_R1/ItemStack,,,
afk,net/minecraft/item/IItemPropertyGetter,net/minecraft/server/v1_11_R1/IDynamicTexture,,,
afl,net/minecraft/init/Items,net/minecraft/server/v1_11_R1/Items,,,
afm,net/minecraft/item/ItemLead,net/minecraft/server/v1_11_R1/ItemLeash,,,
afn,net/minecraft/item/ItemLeaves,net/minecraft/server/v1_11_R1/ItemLeaves,,,
afo,net/minecraft/item/ItemLingeringPotion,net/minecraft/server/v1_11_R1/ItemLingeringPotion,,,
afp,net/minecraft/item/ItemMap,net/minecraft/server/v1_11_R1/ItemWorldMap,,,
afq,net/minecraft/item/ItemBucketMilk,net/minecraft/server/v1_11_R1/ItemMilkBucket,,,
afr$1,net/minecraft/item/ItemMinecart$1,net/minecraft/server/v1_11_R1/ItemMinecart$1,,,
afr,net/minecraft/item/ItemMinecart,net/minecraft/server/v1_11_R1/ItemMinecart,,,
afs$1,net/minecraft/item/ItemMultiTexture$1,net/minecraft/server/v1_11_R1/ItemMultiTexture$1,,,
afs$a,net/minecraft/item/ItemMultiTexture$Mapper,net/minecraft/server/v1_11_R1/ItemMultiTexture$a,,,
afs,net/minecraft/item/ItemMultiTexture,net/minecraft/server/v1_11_R1/ItemMultiTexture,,,
aft,net/minecraft/item/ItemNameTag,net/minecraft/server/v1_11_R1/ItemNameTag,,,
afu,net/minecraft/item/ItemPickaxe,net/minecraft/server/v1_11_R1/ItemPickaxe,,,
afv,net/minecraft/item/ItemPiston,net/minecraft/server/v1_11_R1/ItemPiston,,,
afw,net/minecraft/item/ItemPotion,net/minecraft/server/v1_11_R1/ItemPotion,,,
afx,net/minecraft/item/EnumRarity,net/minecraft/server/v1_11_R1/EnumItemRarity,,,
afy,net/minecraft/item/ItemRecord,net/minecraft/server/v1_11_R1/ItemRecord,,,
afz,net/minecraft/item/ItemRedstone,net/minecraft/server/v1_11_R1/ItemRedstone,,,
ag,net/minecraft/command/CommandFill,net/minecraft/server/v1_11_R1/CommandFill,,,
aga,net/minecraft/item/ItemSaddle,net/minecraft/server/v1_11_R1/ItemSaddle,,,
agb,net/minecraft/item/ItemSeedFood,net/minecraft/server/v1_11_R1/ItemSeedFood,,,
agc,net/minecraft/item/ItemSeeds,net/minecraft/server/v1_11_R1/ItemSeeds,,,
agd,net/minecraft/util/CooldownTrackerServer,net/minecraft/server/v1_11_R1/ItemCooldownPlayer,,,
age,net/minecraft/item/ItemShears,net/minecraft/server/v1_11_R1/ItemShears,,,
agf$1,net/minecraft/item/ItemShield$1,net/minecraft/server/v1_11_R1/ItemShield$1,,,
agf,net/minecraft/item/ItemShield,net/minecraft/server/v1_11_R1/ItemShield,,,
agg,net/minecraft/item/ItemSpade,net/minecraft/server/v1_11_R1/ItemSpade,,,
agh,net/minecraft/item/ItemShulkerBox,net/minecraft/server/v1_11_R1/ItemShulkerBox,,,
agi,net/minecraft/item/ItemSign,net/minecraft/server/v1_11_R1/ItemSign,,,
agj,net/minecraft/item/ItemSimpleFoiled,net/minecraft/server/v1_11_R1/ItemNetherStar,,,
agk,net/minecraft/item/ItemSkull,net/minecraft/server/v1_11_R1/ItemSkull,,,
agl,net/minecraft/item/ItemSlab,net/minecraft/server/v1_11_R1/ItemStep,,,
agm,net/minecraft/item/ItemSnow,net/minecraft/server/v1_11_R1/ItemSnow,,,
agn,net/minecraft/item/ItemSnowball,net/minecraft/server/v1_11_R1/ItemSnowball,,,
ago,net/minecraft/item/ItemMonsterPlacer,net/minecraft/server/v1_11_R1/ItemMonsterEgg,,,
agp,net/minecraft/item/ItemSpectralArrow,net/minecraft/server/v1_11_R1/ItemSpectralArrow,,,
agq,net/minecraft/item/ItemSplashPotion,net/minecraft/server/v1_11_R1/ItemSplashPotion,,,
agr,net/minecraft/item/ItemSword,net/minecraft/server/v1_11_R1/ItemSword,,,
ags,net/minecraft/item/ItemColored,net/minecraft/server/v1_11_R1/ItemWithAuxData,,,
agt,net/minecraft/item/ItemTippedArrow,net/minecraft/server/v1_11_R1/ItemTippedArrow,,,
agu,net/minecraft/item/EnumAction,net/minecraft/server/v1_11_R1/EnumAnimation,,,
agv,net/minecraft/item/ItemLilyPad,net/minecraft/server/v1_11_R1/ItemWaterLily,,,
agw,net/minecraft/item/ItemWritableBook,net/minecraft/server/v1_11_R1/ItemBookAndQuill,,,
agx,net/minecraft/item/ItemWrittenBook,net/minecraft/server/v1_11_R1/ItemWrittenBook,,,
agy,net/minecraft/potion/PotionType,net/minecraft/server/v1_11_R1/PotionRegistry,,,
agz$1,net/minecraft/potion/PotionHelper$1,net/minecraft/server/v1_11_R1/PotionBrewer$1,,,
agz$a,net/minecraft/potion/PotionHelper$ItemPredicateInstance,net/minecraft/server/v1_11_R1/PotionBrewer$PredicateItem,,,
agz$b,net/minecraft/potion/PotionHelper$MixPredicate,net/minecraft/server/v1_11_R1/PotionBrewer$PredicatedCombination,,,
agz,net/minecraft/potion/PotionHelper,net/minecraft/server/v1_11_R1/PotionBrewer,,,
ah,net/minecraft/command/CommandDifficulty,net/minecraft/server/v1_11_R1/CommandDifficulty,,,
aha,net/minecraft/potion/PotionUtils,net/minecraft/server/v1_11_R1/PotionUtil,,,
ahb,net/minecraft/init/PotionTypes,net/minecraft/server/v1_11_R1/Potions,,,
ahd,net/minecraft/item/crafting/RecipesArmorDyes,net/minecraft/server/v1_11_R1/RecipeArmorDye,,,
ahe,net/minecraft/item/crafting/RecipesArmor,net/minecraft/server/v1_11_R1/RecipesArmor,,,
ahf$a,net/minecraft/item/crafting/RecipesBanners$RecipeAddPattern,net/minecraft/server/v1_11_R1/RecipesBanner$AddRecipe,,,
ahf$b,net/minecraft/item/crafting/RecipesBanners$RecipeDuplicatePattern,net/minecraft/server/v1_11_R1/RecipesBanner$DuplicateRecipe,,,
ahf,net/minecraft/item/crafting/RecipesBanners,net/minecraft/server/v1_11_R1/RecipesBanner,,,
ahg,net/minecraft/item/crafting/RecipeBookCloning,net/minecraft/server/v1_11_R1/RecipeBookClone,,,
ahh,net/minecraft/item/crafting/RecipesDyes,net/minecraft/server/v1_11_R1/RecipesDyes,,,
ahi,net/minecraft/item/crafting/RecipeFireworks,net/minecraft/server/v1_11_R1/RecipeFireworks,,,
ahj,net/minecraft/item/crafting/RecipesFood,net/minecraft/server/v1_11_R1/RecipesFood,,,
ahk,net/minecraft/item/crafting/FurnaceRecipes,net/minecraft/server/v1_11_R1/RecipesFurnace,,,
ahl,net/minecraft/item/crafting/RecipesMapCloning,net/minecraft/server/v1_11_R1/RecipeMapClone,,,
ahm,net/minecraft/item/crafting/RecipesMapExtending,net/minecraft/server/v1_11_R1/RecipeMapExtend,,,
ahn,net/minecraft/item/crafting/RecipesIngots,net/minecraft/server/v1_11_R1/RecipeIngots,,,
aho,net/minecraft/item/crafting/IRecipe,net/minecraft/server/v1_11_R1/IRecipe,,,
ahp$1,net/minecraft/item/crafting/CraftingManager$1,net/minecraft/server/v1_11_R1/CraftingManager$1,,,
ahp,net/minecraft/item/crafting/CraftingManager,net/minecraft/server/v1_11_R1/CraftingManager,,,
ahq,net/minecraft/item/crafting/RecipeRepairItem,net/minecraft/server/v1_11_R1/RecipeRepair,,,
ahr,net/minecraft/item/crafting/ShapedRecipes,net/minecraft/server/v1_11_R1/ShapedRecipes,,,
ahs,net/minecraft/item/crafting/ShapelessRecipes,net/minecraft/server/v1_11_R1/ShapelessRecipes,,,
aht$a,net/minecraft/item/crafting/ShieldRecipes$Decoration,net/minecraft/server/v1_11_R1/RecipiesShield$Decoration,,,
aht,net/minecraft/item/crafting/ShieldRecipes,net/minecraft/server/v1_11_R1/RecipiesShield,,,
ahu$a,net/minecraft/item/crafting/ShulkerBoxRecipes$ShulkerBoxColoring,net/minecraft/server/v1_11_R1/RecipeShulkerBox$Dye,,,
ahu,net/minecraft/item/crafting/ShulkerBoxRecipes,net/minecraft/server/v1_11_R1/RecipeShulkerBox,,,
ahv,net/minecraft/item/crafting/RecipesCrafting,net/minecraft/server/v1_11_R1/RecipesCrafting,,,
ahw,net/minecraft/item/crafting/RecipeTippedArrow,net/minecraft/server/v1_11_R1/RecipeTippedArrow,,,
ahx,net/minecraft/item/crafting/RecipesTools,net/minecraft/server/v1_11_R1/RecipesTools,,,
ahy,net/minecraft/item/crafting/RecipesWeapons,net/minecraft/server/v1_11_R1/RecipesWeapons,,,
ai,net/minecraft/command/CommandGameMode,net/minecraft/server/v1_11_R1/CommandGamemode,,,
aia,net/minecraft/enchantment/EnchantmentArrowDamage,net/minecraft/server/v1_11_R1/EnchantmentArrowDamage,,,
aib,net/minecraft/enchantment/EnchantmentArrowFire,net/minecraft/server/v1_11_R1/EnchantmentFlameArrows,,,
aic,net/minecraft/enchantment/EnchantmentArrowInfinite,net/minecraft/server/v1_11_R1/EnchantmentInfiniteArrows,,,
aid,net/minecraft/enchantment/EnchantmentArrowKnockback,net/minecraft/server/v1_11_R1/EnchantmentArrowKnockback,,,
aie,net/minecraft/enchantment/EnchantmentBindingCurse,net/minecraft/server/v1_11_R1/EnchantmentBinding,,,
aif,net/minecraft/enchantment/EnchantmentDamage,net/minecraft/server/v1_11_R1/EnchantmentWeaponDamage,,,
aig,net/minecraft/enchantment/EnchantmentDurability,net/minecraft/server/v1_11_R1/EnchantmentDurability,,,
aih,net/minecraft/enchantment/EnchantmentDigging,net/minecraft/server/v1_11_R1/EnchantmentDigging,,,
aii$a,net/minecraft/enchantment/Enchantment$Rarity,net/minecraft/server/v1_11_R1/Enchantment$Rarity,,,
aii,net/minecraft/enchantment/Enchantment,net/minecraft/server/v1_11_R1/Enchantment,,,
aij$1,net/minecraft/enchantment/EnumEnchantmentType$1,net/minecraft/server/v1_11_R1/EnchantmentSlotType$1,,,
aij$10,net/minecraft/enchantment/EnumEnchantmentType$7,net/minecraft/server/v1_11_R1/EnchantmentSlotType$10,,,
aij$11,net/minecraft/enchantment/EnumEnchantmentType$8,net/minecraft/server/v1_11_R1/EnchantmentSlotType$11,,,
aij$12,net/minecraft/enchantment/EnumEnchantmentType$9,net/minecraft/server/v1_11_R1/EnchantmentSlotType$12,,,
aij$2,net/minecraft/enchantment/EnumEnchantmentType$10,net/minecraft/server/v1_11_R1/EnchantmentSlotType$2,,,
aij$3,net/minecraft/enchantment/EnumEnchantmentType$11,net/minecraft/server/v1_11_R1/EnchantmentSlotType$3,,,
aij$4,net/minecraft/enchantment/EnumEnchantmentType$12,net/minecraft/server/v1_11_R1/EnchantmentSlotType$4,,,
aij$5,net/minecraft/enchantment/EnumEnchantmentType$2,net/minecraft/server/v1_11_R1/EnchantmentSlotType$5,,,
aij$6,net/minecraft/enchantment/EnumEnchantmentType$3,net/minecraft/server/v1_11_R1/EnchantmentSlotType$6,,,
aij$7,net/minecraft/enchantment/EnumEnchantmentType$4,net/minecraft/server/v1_11_R1/EnchantmentSlotType$7,,,
aij$8,net/minecraft/enchantment/EnumEnchantmentType$5,net/minecraft/server/v1_11_R1/EnchantmentSlotType$8,,,
aij$9,net/minecraft/enchantment/EnumEnchantmentType$6,net/minecraft/server/v1_11_R1/EnchantmentSlotType$9,,,
aij,net/minecraft/enchantment/EnumEnchantmentType,net/minecraft/server/v1_11_R1/EnchantmentSlotType,,,
aik$a,net/minecraft/enchantment/EnchantmentHelper$DamageIterator,net/minecraft/server/v1_11_R1/EnchantmentManager$EnchantmentModifierArthropods,,,
aik$b,net/minecraft/enchantment/EnchantmentHelper$HurtIterator,net/minecraft/server/v1_11_R1/EnchantmentManager$EnchantmentModifierThorns,,,
aik$c,net/minecraft/enchantment/EnchantmentHelper$IModifier,net/minecraft/server/v1_11_R1/EnchantmentManager$EnchantmentModifier,,,
aik$d,net/minecraft/enchantment/EnchantmentHelper$ModifierLiving,net/minecraft/server/v1_11_R1/EnchantmentManager$EnchantmentModifierDamage,,,
aik$e,net/minecraft/enchantment/EnchantmentHelper$ModifierDamage,net/minecraft/server/v1_11_R1/EnchantmentManager$EnchantmentModifierProtection,,,
aik,net/minecraft/enchantment/EnchantmentHelper,net/minecraft/server/v1_11_R1/EnchantmentManager,,,
ail,net/minecraft/enchantment/EnchantmentData,net/minecraft/server/v1_11_R1/WeightedRandomEnchant,,,
aim,net/minecraft/init/Enchantments,net/minecraft/server/v1_11_R1/Enchantments,,,
ain,net/minecraft/enchantment/EnchantmentFireAspect,net/minecraft/server/v1_11_R1/EnchantmentFire,,,
aio,net/minecraft/enchantment/EnchantmentFishingSpeed,net/minecraft/server/v1_11_R1/EnchantmentLure,,,
aip,net/minecraft/enchantment/EnchantmentFrostWalker,net/minecraft/server/v1_11_R1/EnchantmentFrostWalker,,,
aiq,net/minecraft/enchantment/EnchantmentKnockback,net/minecraft/server/v1_11_R1/EnchantmentKnockback,,,
air,net/minecraft/enchantment/EnchantmentLootBonus,net/minecraft/server/v1_11_R1/EnchantmentLootBonus,,,
ais,net/minecraft/enchantment/EnchantmentMending,net/minecraft/server/v1_11_R1/EnchantmentMending,,,
ait,net/minecraft/enchantment/EnchantmentOxygen,net/minecraft/server/v1_11_R1/EnchantmentOxygen,,,
aiu$a,net/minecraft/enchantment/EnchantmentProtection$Type,net/minecraft/server/v1_11_R1/EnchantmentProtection$DamageType,,,
aiu,net/minecraft/enchantment/EnchantmentProtection,net/minecraft/server/v1_11_R1/EnchantmentProtection,,,
aiv,net/minecraft/enchantment/EnchantmentSweepingEdge,net/minecraft/server/v1_11_R1/EnchantmentSweeping,,,
aiw,net/minecraft/enchantment/EnchantmentThorns,net/minecraft/server/v1_11_R1/EnchantmentThorns,,,
aix,net/minecraft/enchantment/EnchantmentUntouching,net/minecraft/server/v1_11_R1/EnchantmentSilkTouch,,,
aiy,net/minecraft/enchantment/EnchantmentVanishingCurse,net/minecraft/server/v1_11_R1/EnchantmentVanishing,,,
aiz,net/minecraft/enchantment/EnchantmentWaterWalker,net/minecraft/server/v1_11_R1/EnchantmentDepthStrider,,,
aj,net/minecraft/command/CommandGameRule,net/minecraft/server/v1_11_R1/CommandGamerule,,,
aja,net/minecraft/enchantment/EnchantmentWaterWorker,net/minecraft/server/v1_11_R1/EnchantmentWaterWorker,,,
ajd,net/minecraft/entity/IMerchant,net/minecraft/server/v1_11_R1/IMerchant,,,
aje,net/minecraft/village/MerchantRecipe,net/minecraft/server/v1_11_R1/MerchantRecipe,,,
ajf,net/minecraft/village/MerchantRecipeList,net/minecraft/server/v1_11_R1/MerchantRecipeList,,,
ajh$1,net/minecraft/tileentity/CommandBlockBaseLogic$1,net/minecraft/server/v1_11_R1/CommandBlockListenerAbstract$1,,,
ajh$2,net/minecraft/tileentity/CommandBlockBaseLogic$2,net/minecraft/server/v1_11_R1/CommandBlockListenerAbstract$2,,,
ajh,net/minecraft/tileentity/CommandBlockBaseLogic,net/minecraft/server/v1_11_R1/CommandBlockListenerAbstract,,,
aji,net/minecraft/tileentity/MobSpawnerBaseLogic,net/minecraft/server/v1_11_R1/MobSpawnerAbstract,,,
ajj,net/minecraft/block/BlockEventData,net/minecraft/server/v1_11_R1/BlockActionData,,,
ajl,net/minecraft/util/math/ChunkPos,net/minecraft/server/v1_11_R1/ChunkCoordIntPair,,,
ajn,net/minecraft/world/Explosion,net/minecraft/server/v1_11_R1/Explosion,,,
ajp$a,net/minecraft/world/GameRules$Value,net/minecraft/server/v1_11_R1/GameRules$GameRuleValue,,,
ajp$b,net/minecraft/world/GameRules$ValueType,net/minecraft/server/v1_11_R1/GameRules$EnumGameRuleType,,,
ajp,net/minecraft/world/GameRules,net/minecraft/server/v1_11_R1/GameRules,,,
ajq,net/minecraft/world/GameType,net/minecraft/server/v1_11_R1/EnumGamemode,,,
ajs$1,net/minecraft/world/World$1,net/minecraft/server/v1_11_R1/World$1,,,
ajs$2,net/minecraft/world/World$2,net/minecraft/server/v1_11_R1/World$2,,,
ajs$3,net/minecraft/world/World$3,net/minecraft/server/v1_11_R1/World$3,,,
ajs$4,net/minecraft/world/World$4,net/minecraft/server/v1_11_R1/World$4,,,
ajs$5,net/minecraft/world/World$5,net/minecraft/server/v1_11_R1/World$5,,,
ajs,net/minecraft/world/World,net/minecraft/server/v1_11_R1/World,,,
ajt,net/minecraft/world/MinecraftException,net/minecraft/server/v1_11_R1/ExceptionWorldConflict,,,
aju,net/minecraft/world/IWorldEventListener,net/minecraft/server/v1_11_R1/IWorldAccess,,,
ajv,net/minecraft/world/WorldSettings,net/minecraft/server/v1_11_R1/WorldSettings,,,
ajw,net/minecraft/world/IBlockAccess,net/minecraft/server/v1_11_R1/IBlockAccess,,,
ajx,net/minecraft/world/WorldType,net/minecraft/server/v1_11_R1/WorldType,,,
ajy,net/minecraft/world/EnumSkyBlock,net/minecraft/server/v1_11_R1/EnumSkyBlock,,,
ajz,net/minecraft/world/WorldEntitySpawner,net/minecraft/server/v1_11_R1/SpawnerCreature,,,
ak,net/minecraft/command/CommandGive,net/minecraft/server/v1_11_R1/CommandGive,,,
aka$a,net/minecraft/world/Teleporter$PortalPosition,net/minecraft/server/v1_11_R1/PortalTravelAgent$ChunkCoordinatesPortal,,,
aka,net/minecraft/world/Teleporter,net/minecraft/server/v1_11_R1/PortalTravelAgent,,,
akb,net/minecraft/world/ChunkCache,net/minecraft/server/v1_11_R1/ChunkCache,,,
akc,net/minecraft/util/WeightedSpawnerEntity,net/minecraft/server/v1_11_R1/MobSpawnerData,,,
akd,net/minecraft/world/NextTickListEntry,net/minecraft/server/v1_11_R1/NextTickListEntry,,,
ake,net/minecraft/world/biome/BiomeBeach,net/minecraft/server/v1_11_R1/BiomeBeach,,,
akf$a,net/minecraft/world/biome/Biome$BiomeProperties,net/minecraft/server/v1_11_R1/BiomeBase$a,,,
akf$b,net/minecraft/world/biome/Biome$TempCategory,net/minecraft/server/v1_11_R1/BiomeBase$EnumTemperature,,,
akf$c,net/minecraft/world/biome/Biome$SpawnListEntry,net/minecraft/server/v1_11_R1/BiomeBase$BiomeMeta,,,
akf,net/minecraft/world/biome/Biome,net/minecraft/server/v1_11_R1/BiomeBase,,,
akg$a,net/minecraft/world/biome/BiomeCache$Block,net/minecraft/server/v1_11_R1/BiomeCache$a,,,
akg,net/minecraft/world/biome/BiomeCache,net/minecraft/server/v1_11_R1/BiomeCache,,,
aki,net/minecraft/world/biome/BiomeDecorator,net/minecraft/server/v1_11_R1/BiomeDecorator,,,
akj,net/minecraft/world/biome/BiomeProvider,net/minecraft/server/v1_11_R1/WorldChunkManager,,,
akk,net/minecraft/init/Biomes,net/minecraft/server/v1_11_R1/Biomes,,,
akm,net/minecraft/world/biome/BiomeDesert,net/minecraft/server/v1_11_R1/BiomeDesert,,,
akn$a,net/minecraft/world/biome/BiomeHills$Type,net/minecraft/server/v1_11_R1/BiomeBigHills$Type,,,
akn,net/minecraft/world/biome/BiomeHills,net/minecraft/server/v1_11_R1/BiomeBigHills,,,
ako,net/minecraft/world/biome/BiomeProviderSingle,net/minecraft/server/v1_11_R1/WorldChunkManagerHell,,,
akp$a,net/minecraft/world/biome/BiomeForest$Type,net/minecraft/server/v1_11_R1/BiomeForest$Type,,,
akp,net/minecraft/world/biome/BiomeForest,net/minecraft/server/v1_11_R1/BiomeForest,,,
akq,net/minecraft/world/biome/BiomeHell,net/minecraft/server/v1_11_R1/BiomeHell,,,
akr,net/minecraft/world/biome/BiomeHellDecorator,net/minecraft/server/v1_11_R1/BiomeDecoratorHell,,,
aks,net/minecraft/world/biome/BiomeSnow,net/minecraft/server/v1_11_R1/BiomeIcePlains,,,
akt,net/minecraft/world/biome/BiomeJungle,net/minecraft/server/v1_11_R1/BiomeJungle,,,
aku$a,net/minecraft/world/biome/BiomeMesa$Decorator,net/minecraft/server/v1_11_R1/BiomeMesa$a,,,
aku,net/minecraft/world/biome/BiomeMesa,net/minecraft/server/v1_11_R1/BiomeMesa,,,
akv,net/minecraft/world/biome/BiomeMushroomIsland,net/minecraft/server/v1_11_R1/BiomeMushrooms,,,
akw,net/minecraft/world/biome/BiomeForestMutated,net/minecraft/server/v1_11_R1/BiomeForestMutated,,,
akx,net/minecraft/world/biome/BiomeSavannaMutated,net/minecraft/server/v1_11_R1/BiomeSavannaMutated,,,
aky,net/minecraft/world/biome/BiomeOcean,net/minecraft/server/v1_11_R1/BiomeOcean,,,
akz,net/minecraft/world/biome/BiomePlains,net/minecraft/server/v1_11_R1/BiomePlains,,,
al,net/minecraft/command/CommandHelp,net/minecraft/server/v1_11_R1/CommandHelp,,,
ala,net/minecraft/world/biome/BiomeRiver,net/minecraft/server/v1_11_R1/BiomeRiver,,,
alb,net/minecraft/world/biome/BiomeSavanna,net/minecraft/server/v1_11_R1/BiomeSavanna,,,
alc,net/minecraft/world/biome/BiomeStoneBeach,net/minecraft/server/v1_11_R1/BiomeStoneBeach,,,
ald,net/minecraft/world/biome/BiomeSwamp,net/minecraft/server/v1_11_R1/BiomeSwamp,,,
ale$a,net/minecraft/world/biome/BiomeTaiga$Type,net/minecraft/server/v1_11_R1/BiomeTaiga$Type,,,
ale,net/minecraft/world/biome/BiomeTaiga,net/minecraft/server/v1_11_R1/BiomeTaiga,,,
alf,net/minecraft/world/biome/BiomeEnd,net/minecraft/server/v1_11_R1/BiomeTheEnd,,,
alg$a,net/minecraft/world/biome/BiomeEndDecorator$SpikeCacheLoader,net/minecraft/server/v1_11_R1/BiomeTheEndDecorator$SpikeCache,,,
alg,net/minecraft/world/biome/BiomeEndDecorator,net/minecraft/server/v1_11_R1/BiomeTheEndDecorator,,,
alh,net/minecraft/world/biome/BiomeVoid,net/minecraft/server/v1_11_R1/BiomeVoid,,,
ali,net/minecraft/world/biome/BiomeVoidDecorator,net/minecraft/server/v1_11_R1/BiomeVoidDecorator,,,
alk,net/minecraft/block/BlockAir,net/minecraft/server/v1_11_R1/BlockAir,,,
all$a,net/minecraft/block/BlockAnvil$Anvil,net/minecraft/server/v1_11_R1/BlockAnvil$TileEntityContainerAnvil,,,
all,net/minecraft/block/BlockAnvil,net/minecraft/server/v1_11_R1/BlockAnvil,,,
alm$a,net/minecraft/block/BlockBanner$BlockBannerStanding,net/minecraft/server/v1_11_R1/BlockBanner$BlockStandingBanner,,,
alm$b,net/minecraft/block/BlockBanner$BlockBannerHanging,net/minecraft/server/v1_11_R1/BlockBanner$BlockWallBanner,,,
alm,net/minecraft/block/BlockBanner,net/minecraft/server/v1_11_R1/BlockBanner,,,
aln,net/minecraft/block/BlockBarrier,net/minecraft/server/v1_11_R1/BlockBarrier,,,
alo,net/minecraft/block/BlockContainer,net/minecraft/server/v1_11_R1/BlockTileEntity,,,
alp,net/minecraft/block/BlockBasePressurePlate,net/minecraft/server/v1_11_R1/BlockPressurePlateAbstract,,,
alq$a,net/minecraft/block/BlockRailBase$Rail,net/minecraft/server/v1_11_R1/BlockMinecartTrackAbstract$MinecartTrackLogic,,,
alq$b,net/minecraft/block/BlockRailBase$EnumRailDirection,net/minecraft/server/v1_11_R1/BlockMinecartTrackAbstract$EnumTrackPosition,,,
alq,net/minecraft/block/BlockRailBase,net/minecraft/server/v1_11_R1/BlockMinecartTrackAbstract,,,
alr$1$1,net/minecraft/block/BlockBeacon$1$1,net/minecraft/server/v1_11_R1/BlockBeacon$1$1,,,
alr$1,net/minecraft/block/BlockBeacon$1,net/minecraft/server/v1_11_R1/BlockBeacon$1,,,
alr,net/minecraft/block/BlockBeacon,net/minecraft/server/v1_11_R1/BlockBeacon,,,
als$a,net/minecraft/block/BlockBed$EnumPartType,net/minecraft/server/v1_11_R1/BlockBed$EnumBedPart,,,
als,net/minecraft/block/BlockBed,net/minecraft/server/v1_11_R1/BlockBed,,,
alt,net/minecraft/block/BlockBeetroot,net/minecraft/server/v1_11_R1/BlockBeetroot,,,
alu$a,net/minecraft/block/Block$EnumOffsetType,net/minecraft/server/v1_11_R1/Block$EnumRandomOffset,,,
alu,net/minecraft/block/Block,net/minecraft/server/v1_11_R1/Block,,,
alv,net/minecraft/init/Blocks,net/minecraft/server/v1_11_R1/Blocks,,,
alw,net/minecraft/block/BlockBone,net/minecraft/server/v1_11_R1/BlockBone,,,
alx,net/minecraft/block/IGrowable,net/minecraft/server/v1_11_R1/IBlockFragilePlantElement,,,
aly,net/minecraft/block/BlockBookshelf,net/minecraft/server/v1_11_R1/BlockBookshelf,,,
alz,net/minecraft/block/BlockBrewingStand,net/minecraft/server/v1_11_R1/BlockBrewingStand,,,
am,net/minecraft/command/CommandServerKick,net/minecraft/server/v1_11_R1/CommandKick,,,
ama,net/minecraft/block/BlockBush,net/minecraft/server/v1_11_R1/BlockPlant,,,
amb,net/minecraft/block/BlockButton,net/minecraft/server/v1_11_R1/BlockButtonAbstract,,,
amc,net/minecraft/block/BlockCactus,net/minecraft/server/v1_11_R1/BlockCactus,,,
amd,net/minecraft/block/BlockCake,net/minecraft/server/v1_11_R1/BlockCake,,,
ame,net/minecraft/block/BlockCarrot,net/minecraft/server/v1_11_R1/BlockCarrots,,,
amf,net/minecraft/block/BlockCauldron,net/minecraft/server/v1_11_R1/BlockCauldron,,,
amg$a,net/minecraft/block/BlockChest$Type,net/minecraft/server/v1_11_R1/BlockChest$Type,,,
amg,net/minecraft/block/BlockChest,net/minecraft/server/v1_11_R1/BlockChest,,,
amh,net/minecraft/block/BlockChorusFlower,net/minecraft/server/v1_11_R1/BlockChorusFlower,,,
ami,net/minecraft/block/BlockChorusPlant,net/minecraft/server/v1_11_R1/BlockChorusFruit,,,
amj,net/minecraft/block/BlockClay,net/minecraft/server/v1_11_R1/BlockClay,,,
amk,net/minecraft/block/BlockCocoa,net/minecraft/server/v1_11_R1/BlockCocoa,,,
aml,net/minecraft/block/BlockColored,net/minecraft/server/v1_11_R1/BlockCloth,,,
amm,net/minecraft/block/BlockCommandBlock,net/minecraft/server/v1_11_R1/BlockCommand,,,
amn$1,net/minecraft/block/BlockRedstoneComparator$1,net/minecraft/server/v1_11_R1/BlockRedstoneComparator$1,,,
amn$a,net/minecraft/block/BlockRedstoneComparator$Mode,net/minecraft/server/v1_11_R1/BlockRedstoneComparator$EnumComparatorMode,,,
amn,net/minecraft/block/BlockRedstoneComparator,net/minecraft/server/v1_11_R1/BlockRedstoneComparator,,,
amo$a,net/minecraft/block/BlockWorkbench$InterfaceCraftingTable,net/minecraft/server/v1_11_R1/BlockWorkbench$TileEntityContainerWorkbench,,,
amo,net/minecraft/block/BlockWorkbench,net/minecraft/server/v1_11_R1/BlockWorkbench,,,
amp,net/minecraft/block/BlockCrops,net/minecraft/server/v1_11_R1/BlockCrops,,,
amq,net/minecraft/block/BlockDaylightDetector,net/minecraft/server/v1_11_R1/BlockDaylightDetector,,,
amr,net/minecraft/block/BlockDeadBush,net/minecraft/server/v1_11_R1/BlockDeadBush,,,
ams$1,net/minecraft/block/BlockRailDetector$1,net/minecraft/server/v1_11_R1/BlockMinecartDetector$1,,,
ams,net/minecraft/block/BlockRailDetector,net/minecraft/server/v1_11_R1/BlockMinecartDetector,,,
amt,net/minecraft/block/BlockRedstoneDiode,net/minecraft/server/v1_11_R1/BlockDiodeAbstract,,,
amu,net/minecraft/block/BlockDirectional,net/minecraft/server/v1_11_R1/BlockDirectional,,,
amv$a,net/minecraft/block/BlockDirt$DirtType,net/minecraft/server/v1_11_R1/BlockDirt$EnumDirtVariant,,,
amv,net/minecraft/block/BlockDirt,net/minecraft/server/v1_11_R1/BlockDirt,,,
amw,net/minecraft/block/BlockDispenser,net/minecraft/server/v1_11_R1/BlockDispenser,,,
amx$a,net/minecraft/block/BlockDoor$EnumDoorHalf,net/minecraft/server/v1_11_R1/BlockDoor$EnumDoorHalf,,,
amx$b,net/minecraft/block/BlockDoor$EnumHingePosition,net/minecraft/server/v1_11_R1/BlockDoor$EnumDoorHinge,,,
amx,net/minecraft/block/BlockDoor,net/minecraft/server/v1_11_R1/BlockDoor,,,
amy$a,net/minecraft/block/BlockDoublePlant$EnumBlockHalf,net/minecraft/server/v1_11_R1/BlockTallPlant$EnumTallPlantHalf,,,
amy$b,net/minecraft/block/BlockDoublePlant$EnumPlantType,net/minecraft/server/v1_11_R1/BlockTallPlant$EnumTallFlowerVariants,,,
amy,net/minecraft/block/BlockDoublePlant,net/minecraft/server/v1_11_R1/BlockTallPlant,,,
amz,net/minecraft/block/BlockDragonEgg,net/minecraft/server/v1_11_R1/BlockDragonEgg,,,
an,net/minecraft/command/CommandKill,net/minecraft/server/v1_11_R1/CommandKill,,,
ana,net/minecraft/block/BlockDropper,net/minecraft/server/v1_11_R1/BlockDropper,,,
anb,net/minecraft/block/BlockDynamicLiquid,net/minecraft/server/v1_11_R1/BlockFlowing,,,
anc,net/minecraft/block/BlockEnchantmentTable,net/minecraft/server/v1_11_R1/BlockEnchantmentTable,,,
and,net/minecraft/block/BlockEndGateway,net/minecraft/server/v1_11_R1/BlockEndGateway,,,
ane,net/minecraft/block/BlockEndPortal,net/minecraft/server/v1_11_R1/BlockEnderPortal,,,
anf,net/minecraft/block/BlockEndPortalFrame,net/minecraft/server/v1_11_R1/BlockEnderPortalFrame,,,
ang,net/minecraft/block/BlockEndRod,net/minecraft/server/v1_11_R1/BlockEndRod,,,
anh,net/minecraft/block/BlockEnderChest,net/minecraft/server/v1_11_R1/BlockEnderChest,,,
ani,net/minecraft/block/ITileEntityProvider,net/minecraft/server/v1_11_R1/ITileEntity,,,
anj,net/minecraft/block/BlockFalling,net/minecraft/server/v1_11_R1/BlockFalling,,,
ank,net/minecraft/block/BlockFarmland,net/minecraft/server/v1_11_R1/BlockSoil,,,
anl,net/minecraft/block/BlockFence,net/minecraft/server/v1_11_R1/BlockFence,,,
anm,net/minecraft/block/BlockFenceGate,net/minecraft/server/v1_11_R1/BlockFenceGate,,,
ann,net/minecraft/block/BlockFire,net/minecraft/server/v1_11_R1/BlockFire,,,
ano$1,net/minecraft/block/BlockFlower$1,net/minecraft/server/v1_11_R1/BlockFlowers$1,,,
ano$a$1,net/minecraft/block/BlockFlower$EnumFlowerType$1,net/minecraft/server/v1_11_R1/BlockFlowers$EnumFlowerVarient$1,,,
ano$a,net/minecraft/block/BlockFlower$EnumFlowerType,net/minecraft/server/v1_11_R1/BlockFlowers$EnumFlowerVarient,,,
ano$b,net/minecraft/block/BlockFlower$EnumFlowerColor,net/minecraft/server/v1_11_R1/BlockFlowers$EnumFlowerType,,,
ano,net/minecraft/block/BlockFlower,net/minecraft/server/v1_11_R1/BlockFlowers,,,
anp$a,net/minecraft/block/BlockFlowerPot$EnumFlowerType,net/minecraft/server/v1_11_R1/BlockFlowerPot$EnumFlowerPotContents,,,
anp,net/minecraft/block/BlockFlowerPot,net/minecraft/server/v1_11_R1/BlockFlowerPot,,,
anq,net/minecraft/block/BlockFrostedIce,net/minecraft/server/v1_11_R1/BlockIceFrost,,,
anr,net/minecraft/block/BlockDoubleStoneSlabNew,net/minecraft/server/v1_11_R1/BlockDoubleStoneStep2,,,
ans,net/minecraft/block/BlockDoubleStoneSlab,net/minecraft/server/v1_11_R1/BlockDoubleStep,,,
ant,net/minecraft/block/BlockDoubleWoodSlab,net/minecraft/server/v1_11_R1/BlockDoubleWoodStep,,,
anu,net/minecraft/block/BlockFurnace,net/minecraft/server/v1_11_R1/BlockFurnace,,,
anv,net/minecraft/block/BlockGlass,net/minecraft/server/v1_11_R1/BlockGlass,,,
anw,net/minecraft/block/BlockGlowstone,net/minecraft/server/v1_11_R1/BlockLightStone,,,
anx,net/minecraft/block/BlockGrass,net/minecraft/server/v1_11_R1/BlockGrass,,,
any,net/minecraft/block/BlockGrassPath,net/minecraft/server/v1_11_R1/BlockGrassPath,,,
anz,net/minecraft/block/BlockGravel,net/minecraft/server/v1_11_R1/BlockGravel,,,
ao,net/minecraft/command/server/CommandListPlayers,net/minecraft/server/v1_11_R1/CommandList,,,
aoa,net/minecraft/block/BlockHalfStoneSlabNew,net/minecraft/server/v1_11_R1/BlockStoneStep2,,,
aob$a,net/minecraft/block/BlockSlab$EnumBlockHalf,net/minecraft/server/v1_11_R1/BlockStepAbstract$EnumSlabHalf,,,
aob,net/minecraft/block/BlockSlab,net/minecraft/server/v1_11_R1/BlockStepAbstract,,,
aoc,net/minecraft/block/BlockHalfStoneSlab,net/minecraft/server/v1_11_R1/BlockStep,,,
aod,net/minecraft/block/BlockBreakable,net/minecraft/server/v1_11_R1/BlockHalfTransparent,,,
aoe,net/minecraft/block/BlockHalfWoodSlab,net/minecraft/server/v1_11_R1/BlockWoodStep,,,
aof,net/minecraft/block/BlockHardenedClay,net/minecraft/server/v1_11_R1/BlockHardenedClay,,,
aog,net/minecraft/block/BlockHay,net/minecraft/server/v1_11_R1/BlockHay,,,
aoh$1,net/minecraft/block/BlockHopper$1,net/minecraft/server/v1_11_R1/BlockHopper$1,,,
aoh,net/minecraft/block/BlockHopper,net/minecraft/server/v1_11_R1/BlockHopper,,,
aoi,net/minecraft/block/BlockHorizontal,net/minecraft/server/v1_11_R1/BlockFacingHorizontal,,,
aoj$a,net/minecraft/block/BlockHugeMushroom$EnumType,net/minecraft/server/v1_11_R1/BlockHugeMushroom$EnumHugeMushroomVariant,,,
aoj,net/minecraft/block/BlockHugeMushroom,net/minecraft/server/v1_11_R1/BlockHugeMushroom,,,
aok,net/minecraft/block/BlockIce,net/minecraft/server/v1_11_R1/BlockIce,,,
aol$a,net/minecraft/block/BlockJukebox$TileEntityJukebox,net/minecraft/server/v1_11_R1/BlockJukeBox$TileEntityRecordPlayer,,,
aol,net/minecraft/block/BlockJukebox,net/minecraft/server/v1_11_R1/BlockJukeBox,,,
aom,net/minecraft/block/BlockLadder,net/minecraft/server/v1_11_R1/BlockLadder,,,
aon,net/minecraft/block/BlockLeaves,net/minecraft/server/v1_11_R1/BlockLeaves,,,
aop$a,net/minecraft/block/BlockLever$EnumOrientation,net/minecraft/server/v1_11_R1/BlockLever$EnumLeverPosition,,,
aop,net/minecraft/block/BlockLever,net/minecraft/server/v1_11_R1/BlockLever,,,
aoq,net/minecraft/block/BlockLiquid,net/minecraft/server/v1_11_R1/BlockFluids,,,
aor$a,net/minecraft/block/BlockLog$EnumAxis,net/minecraft/server/v1_11_R1/BlockLogAbstract$EnumLogRotation,,,
aor,net/minecraft/block/BlockLog,net/minecraft/server/v1_11_R1/BlockLogAbstract,,,
aos,net/minecraft/block/BlockMagma,net/minecraft/server/v1_11_R1/BlockMagma,,,
aot,net/minecraft/block/BlockMelon,net/minecraft/server/v1_11_R1/BlockMelon,,,
aou,net/minecraft/util/Mirror,net/minecraft/server/v1_11_R1/EnumBlockMirror,,,
aov,net/minecraft/block/BlockMobSpawner,net/minecraft/server/v1_11_R1/BlockMobSpawner,,,
aow$a$1,net/minecraft/block/BlockSilverfish$EnumType$1,net/minecraft/server/v1_11_R1/BlockMonsterEggs$EnumMonsterEggVarient$1,,,
aow$a$2,net/minecraft/block/BlockSilverfish$EnumType$2,net/minecraft/server/v1_11_R1/BlockMonsterEggs$EnumMonsterEggVarient$2,,,
aow$a$3,net/minecraft/block/BlockSilverfish$EnumType$3,net/minecraft/server/v1_11_R1/BlockMonsterEggs$EnumMonsterEggVarient$3,,,
aow$a$4,net/minecraft/block/BlockSilverfish$EnumType$4,net/minecraft/server/v1_11_R1/BlockMonsterEggs$EnumMonsterEggVarient$4,,,
aow$a$5,net/minecraft/block/BlockSilverfish$EnumType$5,net/minecraft/server/v1_11_R1/BlockMonsterEggs$EnumMonsterEggVarient$5,,,
aow$a$6,net/minecraft/block/BlockSilverfish$EnumType$6,net/minecraft/server/v1_11_R1/BlockMonsterEggs$EnumMonsterEggVarient$6,,,
aow$a,net/minecraft/block/BlockSilverfish$EnumType,net/minecraft/server/v1_11_R1/BlockMonsterEggs$EnumMonsterEggVarient,,,
aow,net/minecraft/block/BlockSilverfish,net/minecraft/server/v1_11_R1/BlockMonsterEggs,,,
aox,net/minecraft/block/BlockMushroom,net/minecraft/server/v1_11_R1/BlockMushroom,,,
aoy,net/minecraft/block/BlockMycelium,net/minecraft/server/v1_11_R1/BlockMycel,,,
aoz,net/minecraft/block/BlockNetherBrick,net/minecraft/server/v1_11_R1/BlockNetherbrick,,,
ap,net/minecraft/command/CommandLocate,net/minecraft/server/v1_11_R1/CommandLocate,,,
apa,net/minecraft/block/BlockNetherWart,net/minecraft/server/v1_11_R1/BlockNetherWart,,,
apb,net/minecraft/block/BlockNetherrack,net/minecraft/server/v1_11_R1/BlockBloodStone,,,
apc$1,net/minecraft/block/BlockNewLeaf$1,net/minecraft/server/v1_11_R1/BlockLeaves2$1,,,
apc,net/minecraft/block/BlockNewLeaf,net/minecraft/server/v1_11_R1/BlockLeaves2,,,
apd$1,net/minecraft/block/BlockNewLog$1,net/minecraft/server/v1_11_R1/BlockLog2$1,,,
apd,net/minecraft/block/BlockNewLog,net/minecraft/server/v1_11_R1/BlockLog2,,,
ape$a,net/minecraft/block/BlockStoneSlabNew$EnumType,net/minecraft/server/v1_11_R1/BlockDoubleStoneStepAbstract$EnumStoneSlab2Variant,,,
ape,net/minecraft/block/BlockStoneSlabNew,net/minecraft/server/v1_11_R1/BlockDoubleStoneStepAbstract,,,
apf,net/minecraft/block/BlockEmptyDrops,net/minecraft/server/v1_11_R1/BlockNoDrop,,,
apg,net/minecraft/block/BlockNote,net/minecraft/server/v1_11_R1/BlockNote,,,
aph,net/minecraft/block/BlockObserver,net/minecraft/server/v1_11_R1/BlockObserver,,,
api,net/minecraft/block/BlockObsidian,net/minecraft/server/v1_11_R1/BlockObsidian,,,
apj$1,net/minecraft/block/BlockOldLeaf$1,net/minecraft/server/v1_11_R1/BlockLeaves1$1,,,
apj,net/minecraft/block/BlockOldLeaf,net/minecraft/server/v1_11_R1/BlockLeaves1,,,
apk$1,net/minecraft/block/BlockOldLog$1,net/minecraft/server/v1_11_R1/BlockLog1$1,,,
apk,net/minecraft/block/BlockOldLog,net/minecraft/server/v1_11_R1/BlockLog1,,,
apl,net/minecraft/block/BlockOre,net/minecraft/server/v1_11_R1/BlockOre,,,
apm,net/minecraft/block/BlockPackedIce,net/minecraft/server/v1_11_R1/BlockPackedIce,,,
apn$a,net/minecraft/block/BlockPlanks$EnumType,net/minecraft/server/v1_11_R1/BlockWood$EnumLogVariant,,,
apn,net/minecraft/block/BlockPlanks,net/minecraft/server/v1_11_R1/BlockWood,,,
apo$a,net/minecraft/block/BlockPortal$Size,net/minecraft/server/v1_11_R1/BlockPortal$Shape,,,
apo,net/minecraft/block/BlockPortal,net/minecraft/server/v1_11_R1/BlockPortal,,,
app,net/minecraft/block/BlockPotato,net/minecraft/server/v1_11_R1/BlockPotatoes,,,
apq,net/minecraft/block/BlockCompressedPowered,net/minecraft/server/v1_11_R1/BlockPowered,,,
apr$1,net/minecraft/block/BlockRailPowered$1,net/minecraft/server/v1_11_R1/BlockPoweredRail$1,,,
apr,net/minecraft/block/BlockRailPowered,net/minecraft/server/v1_11_R1/BlockPoweredRail,,,
aps$a,net/minecraft/block/BlockPressurePlate$Sensitivity,net/minecraft/server/v1_11_R1/BlockPressurePlateBinary$EnumMobType,,,
aps,net/minecraft/block/BlockPressurePlate,net/minecraft/server/v1_11_R1/BlockPressurePlateBinary,,,
apt$a,net/minecraft/block/BlockPrismarine$EnumType,net/minecraft/server/v1_11_R1/BlockPrismarine$EnumPrismarineVariant,,,
apt,net/minecraft/block/BlockPrismarine,net/minecraft/server/v1_11_R1/BlockPrismarine,,,
apu$1,net/minecraft/block/BlockPumpkin$1,net/minecraft/server/v1_11_R1/BlockPumpkin$1,,,
apu,net/minecraft/block/BlockPumpkin,net/minecraft/server/v1_11_R1/BlockPumpkin,,,
apv$a,net/minecraft/block/BlockPurpurSlab$Double,net/minecraft/server/v1_11_R1/BlockPurpurSlab$Default,,,
apv$b,net/minecraft/block/BlockPurpurSlab$Half,net/minecraft/server/v1_11_R1/BlockPurpurSlab$Half,,,
apv$c,net/minecraft/block/BlockPurpurSlab$Variant,net/minecraft/server/v1_11_R1/BlockPurpurSlab$Type,,,
apv,net/minecraft/block/BlockPurpurSlab,net/minecraft/server/v1_11_R1/BlockPurpurSlab,,,
apw$a,net/minecraft/block/BlockQuartz$EnumType,net/minecraft/server/v1_11_R1/BlockQuartz$EnumQuartzVariant,,,
apw,net/minecraft/block/BlockQuartz,net/minecraft/server/v1_11_R1/BlockQuartz,,,
apx,net/minecraft/block/BlockRail,net/minecraft/server/v1_11_R1/BlockMinecartTrack,,,
apy,net/minecraft/block/BlockRedFlower,net/minecraft/server/v1_11_R1/BlockRedFlowers,,,
apz$a,net/minecraft/block/BlockRedSandstone$EnumType,net/minecraft/server/v1_11_R1/BlockRedSandstone$EnumRedSandstoneVariant,,,
apz,net/minecraft/block/BlockRedSandstone,net/minecraft/server/v1_11_R1/BlockRedSandstone,,,
aq,net/minecraft/command/server/CommandMessage,net/minecraft/server/v1_11_R1/CommandTell,,,
aqa,net/minecraft/block/BlockRedstoneOre,net/minecraft/server/v1_11_R1/BlockRedstoneOre,,,
aqb$a,net/minecraft/block/BlockRedstoneWire$EnumAttachPosition,net/minecraft/server/v1_11_R1/BlockRedstoneWire$EnumRedstoneWireConnection,,,
aqb,net/minecraft/block/BlockRedstoneWire,net/minecraft/server/v1_11_R1/BlockRedstoneWire,,,
aqc,net/minecraft/block/BlockRedstoneLight,net/minecraft/server/v1_11_R1/BlockRedstoneLamp,,,
aqd$a,net/minecraft/block/BlockRedstoneTorch$Toggle,net/minecraft/server/v1_11_R1/BlockRedstoneTorch$RedstoneUpdateInfo,,,
aqd,net/minecraft/block/BlockRedstoneTorch,net/minecraft/server/v1_11_R1/BlockRedstoneTorch,,,
aqe,net/minecraft/block/BlockReed,net/minecraft/server/v1_11_R1/BlockReed,,,
aqf,net/minecraft/util/EnumBlockRenderType,net/minecraft/server/v1_11_R1/EnumRenderType,,,
aqg,net/minecraft/block/BlockRedstoneRepeater,net/minecraft/server/v1_11_R1/BlockRepeater,,,
aqh,net/minecraft/block/BlockRotatedPillar,net/minecraft/server/v1_11_R1/BlockRotatable,,,
aqi,net/minecraft/util/Rotation,net/minecraft/server/v1_11_R1/EnumBlockRotation,,,
aqj$a,net/minecraft/block/BlockSand$EnumType,net/minecraft/server/v1_11_R1/BlockSand$EnumSandVariant,,,
aqj,net/minecraft/block/BlockSand,net/minecraft/server/v1_11_R1/BlockSand,,,
aqk$a,net/minecraft/block/BlockSandStone$EnumType,net/minecraft/server/v1_11_R1/BlockSandStone$EnumSandstoneVariant,,,
aqk,net/minecraft/block/BlockSandStone,net/minecraft/server/v1_11_R1/BlockSandStone,,,
aql,net/minecraft/block/BlockSapling,net/minecraft/server/v1_11_R1/BlockSapling,,,
aqm,net/minecraft/block/BlockSeaLantern,net/minecraft/server/v1_11_R1/BlockSeaLantern,,,
aqn,net/minecraft/block/BlockShulkerBox,net/minecraft/server/v1_11_R1/BlockShulkerBox,,,
aqo,net/minecraft/block/BlockSign,net/minecraft/server/v1_11_R1/BlockSign,,,
aqp$1,net/minecraft/block/BlockSkull$1,net/minecraft/server/v1_11_R1/BlockSkull$1,,,
aqp,net/minecraft/block/BlockSkull,net/minecraft/server/v1_11_R1/BlockSkull,,,
aqq,net/minecraft/block/BlockSlime,net/minecraft/server/v1_11_R1/BlockSlime,,,
aqr,net/minecraft/block/BlockSnowBlock,net/minecraft/server/v1_11_R1/BlockSnowBlock,,,
aqs,net/minecraft/block/BlockSnow,net/minecraft/server/v1_11_R1/BlockSnow,,,
aqt,net/minecraft/block/BlockSoulSand,net/minecraft/server/v1_11_R1/BlockSlowSand,,,
aqu,net/minecraft/block/SoundType,net/minecraft/server/v1_11_R1/SoundEffectType,,,
aqv,net/minecraft/block/BlockSponge,net/minecraft/server/v1_11_R1/BlockSponge,,,
aqw,net/minecraft/block/BlockStainedGlass,net/minecraft/server/v1_11_R1/BlockStainedGlass,,,
aqx,net/minecraft/block/BlockStainedGlassPane,net/minecraft/server/v1_11_R1/BlockStainedGlassPane,,,
aqy$a,net/minecraft/block/BlockStairs$EnumHalf,net/minecraft/server/v1_11_R1/BlockStairs$EnumHalf,,,
aqy$b,net/minecraft/block/BlockStairs$EnumShape,net/minecraft/server/v1_11_R1/BlockStairs$EnumStairShape,,,
aqy,net/minecraft/block/BlockStairs,net/minecraft/server/v1_11_R1/BlockStairs,,,
aqz,net/minecraft/block/BlockStandingSign,net/minecraft/server/v1_11_R1/BlockFloorSign,,,
ar,net/minecraft/command/server/CommandOp,net/minecraft/server/v1_11_R1/CommandOp,,,
ara,net/minecraft/block/BlockStaticLiquid,net/minecraft/server/v1_11_R1/BlockStationary,,,
arb,net/minecraft/block/BlockStem,net/minecraft/server/v1_11_R1/BlockStem,,,
arc$a,net/minecraft/block/BlockStone$EnumType,net/minecraft/server/v1_11_R1/BlockStone$EnumStoneVariant,,,
arc,net/minecraft/block/BlockStone,net/minecraft/server/v1_11_R1/BlockStone,,,
ard$a,net/minecraft/block/BlockStoneBrick$EnumType,net/minecraft/server/v1_11_R1/BlockSmoothBrick$EnumStonebrickType,,,
ard,net/minecraft/block/BlockStoneBrick,net/minecraft/server/v1_11_R1/BlockSmoothBrick,,,
are,net/minecraft/block/BlockButtonStone,net/minecraft/server/v1_11_R1/BlockStoneButton,,,
arf$a,net/minecraft/block/BlockStoneSlab$EnumType,net/minecraft/server/v1_11_R1/BlockDoubleStepAbstract$EnumStoneSlabVariant,,,
arf,net/minecraft/block/BlockStoneSlab,net/minecraft/server/v1_11_R1/BlockDoubleStepAbstract,,,
arg,net/minecraft/block/BlockStructure,net/minecraft/server/v1_11_R1/BlockStructure,,,
arh,net/minecraft/block/BlockStructureVoid,net/minecraft/server/v1_11_R1/BlockStructureVoid,,,
ari$a,net/minecraft/block/BlockTallGrass$EnumType,net/minecraft/server/v1_11_R1/BlockLongGrass$EnumTallGrassType,,,
ari,net/minecraft/block/BlockTallGrass,net/minecraft/server/v1_11_R1/BlockLongGrass,,,
arj,net/minecraft/block/BlockPane,net/minecraft/server/v1_11_R1/BlockThin,,,
ark,net/minecraft/block/BlockTNT,net/minecraft/server/v1_11_R1/BlockTNT,,,
arl$1,net/minecraft/block/BlockTorch$1,net/minecraft/server/v1_11_R1/BlockTorch$1,,,
arl,net/minecraft/block/BlockTorch,net/minecraft/server/v1_11_R1/BlockTorch,,,
arm$a,net/minecraft/block/BlockTrapDoor$DoorHalf,net/minecraft/server/v1_11_R1/BlockTrapdoor$EnumTrapdoorHalf,,,
arm,net/minecraft/block/BlockTrapDoor,net/minecraft/server/v1_11_R1/BlockTrapdoor,,,
arn,net/minecraft/block/BlockTripWire,net/minecraft/server/v1_11_R1/BlockTripwire,,,
aro,net/minecraft/block/BlockTripWireHook,net/minecraft/server/v1_11_R1/BlockTripwireHook,,,
arp,net/minecraft/block/BlockVine,net/minecraft/server/v1_11_R1/BlockVine,,,
arq$a,net/minecraft/block/BlockWall$EnumType,net/minecraft/server/v1_11_R1/BlockCobbleWall$EnumCobbleVariant,,,
arq,net/minecraft/block/BlockWall,net/minecraft/server/v1_11_R1/BlockCobbleWall,,,
arr,net/minecraft/block/BlockWallSign,net/minecraft/server/v1_11_R1/BlockWallSign,,,
ars,net/minecraft/block/BlockLilyPad,net/minecraft/server/v1_11_R1/BlockWaterLily,,,
art,net/minecraft/block/BlockWeb,net/minecraft/server/v1_11_R1/BlockWeb,,,
aru,net/minecraft/block/BlockPressurePlateWeighted,net/minecraft/server/v1_11_R1/BlockPressurePlateWeighted,,,
arv,net/minecraft/block/BlockButtonWood,net/minecraft/server/v1_11_R1/BlockWoodButton,,,
arw,net/minecraft/block/BlockWoodSlab,net/minecraft/server/v1_11_R1/BlockWoodenStep,,,
arx,net/minecraft/block/BlockCarpet,net/minecraft/server/v1_11_R1/BlockCarpet,,,
ary,net/minecraft/block/BlockYellowFlower,net/minecraft/server/v1_11_R1/BlockYellowFlowers,,,
arz,net/minecraft/tileentity/TileEntityBanner,net/minecraft/server/v1_11_R1/TileEntityBanner,,,
as,net/minecraft/command/server/CommandPardonIp,net/minecraft/server/v1_11_R1/CommandPardonIP,,,
asa,net/minecraft/tileentity/BannerPattern,net/minecraft/server/v1_11_R1/EnumBannerPatternType,,,
asb$a,net/minecraft/tileentity/TileEntityBeacon$BeamSegment,net/minecraft/server/v1_11_R1/TileEntityBeacon$BeaconColorTracker,,,
asb,net/minecraft/tileentity/TileEntityBeacon,net/minecraft/server/v1_11_R1/TileEntityBeacon,,,
asc$1,net/minecraft/tileentity/TileEntity$1,net/minecraft/server/v1_11_R1/TileEntity$1,,,
asc$2,net/minecraft/tileentity/TileEntity$2,net/minecraft/server/v1_11_R1/TileEntity$2,,,
asc$3,net/minecraft/tileentity/TileEntity$3,net/minecraft/server/v1_11_R1/TileEntity$3,,,
asc,net/minecraft/tileentity/TileEntity,net/minecraft/server/v1_11_R1/TileEntity,,,
asd,net/minecraft/tileentity/TileEntityBrewingStand,net/minecraft/server/v1_11_R1/TileEntityBrewingStand,,,
ase,net/minecraft/tileentity/TileEntityChest,net/minecraft/server/v1_11_R1/TileEntityChest,,,
asf$1,net/minecraft/tileentity/TileEntityCommandBlock$1,net/minecraft/server/v1_11_R1/TileEntityCommand$1,,,
asf$a,net/minecraft/tileentity/TileEntityCommandBlock$Mode,net/minecraft/server/v1_11_R1/TileEntityCommand$Type,,,
asf,net/minecraft/tileentity/TileEntityCommandBlock,net/minecraft/server/v1_11_R1/TileEntityCommand,,,
asg,net/minecraft/tileentity/TileEntityComparator,net/minecraft/server/v1_11_R1/TileEntityComparator,,,
ash,net/minecraft/tileentity/TileEntityDaylightDetector,net/minecraft/server/v1_11_R1/TileEntityLightDetector,,,
asi,net/minecraft/tileentity/TileEntityDispenser,net/minecraft/server/v1_11_R1/TileEntityDispenser,,,
asj,net/minecraft/tileentity/TileEntityDropper,net/minecraft/server/v1_11_R1/TileEntityDropper,,,
ask,net/minecraft/tileentity/TileEntityEnchantmentTable,net/minecraft/server/v1_11_R1/TileEntityEnchantTable,,,
asl,net/minecraft/tileentity/TileEntityEnderChest,net/minecraft/server/v1_11_R1/TileEntityEnderChest,,,
asm,net/minecraft/tileentity/TileEntityFlowerPot,net/minecraft/server/v1_11_R1/TileEntityFlowerPot,,,
asn,net/minecraft/tileentity/TileEntityFurnace,net/minecraft/server/v1_11_R1/TileEntityFurnace,,,
aso,net/minecraft/tileentity/IHopper,net/minecraft/server/v1_11_R1/IHopper,,,
asp,net/minecraft/tileentity/TileEntityHopper,net/minecraft/server/v1_11_R1/TileEntityHopper,,,
asq,net/minecraft/tileentity/TileEntityLockable,net/minecraft/server/v1_11_R1/TileEntityContainer,,,
asr$1,net/minecraft/tileentity/TileEntityMobSpawner$1,net/minecraft/server/v1_11_R1/TileEntityMobSpawner$1,,,
asr$2,net/minecraft/tileentity/TileEntityMobSpawner$2,net/minecraft/server/v1_11_R1/TileEntityMobSpawner$2,,,
asr,net/minecraft/tileentity/TileEntityMobSpawner,net/minecraft/server/v1_11_R1/TileEntityMobSpawner,,,
ass,net/minecraft/tileentity/TileEntityNote,net/minecraft/server/v1_11_R1/TileEntityNote,,,
ast,net/minecraft/tileentity/TileEntityLockableLoot,net/minecraft/server/v1_11_R1/TileEntityLootable,,,
asu$a,net/minecraft/tileentity/TileEntityShulkerBox$AnimationStatus,net/minecraft/server/v1_11_R1/TileEntityShulkerBox$AnimationPhase,,,
asu,net/minecraft/tileentity/TileEntityShulkerBox,net/minecraft/server/v1_11_R1/TileEntityShulkerBox,,,
asv$1,net/minecraft/tileentity/TileEntitySign$1,net/minecraft/server/v1_11_R1/TileEntitySign$1,,,
asv$2,net/minecraft/tileentity/TileEntitySign$2,net/minecraft/server/v1_11_R1/TileEntitySign$2,,,
asv,net/minecraft/tileentity/TileEntitySign,net/minecraft/server/v1_11_R1/TileEntitySign,,,
asw,net/minecraft/tileentity/TileEntitySkull,net/minecraft/server/v1_11_R1/TileEntitySkull,,,
asx$1,net/minecraft/tileentity/TileEntityStructure$1,net/minecraft/server/v1_11_R1/TileEntityStructure$1,,,
asx$a,net/minecraft/tileentity/TileEntityStructure$Mode,net/minecraft/server/v1_11_R1/TileEntityStructure$UsageMode,,,
asx,net/minecraft/tileentity/TileEntityStructure,net/minecraft/server/v1_11_R1/TileEntityStructure,,,
asy,net/minecraft/tileentity/TileEntityEndGateway,net/minecraft/server/v1_11_R1/TileEntityEndGateway,,,
asz,net/minecraft/tileentity/TileEntityEndPortal,net/minecraft/server/v1_11_R1/TileEntityEnderPortal,,,
at,net/minecraft/command/server/CommandPardonPlayer,net/minecraft/server/v1_11_R1/CommandPardon,,,
atc,net/minecraft/block/BlockPistonBase,net/minecraft/server/v1_11_R1/BlockPiston,,,
atd$a,net/minecraft/block/BlockPistonExtension$EnumPistonType,net/minecraft/server/v1_11_R1/BlockPistonExtension$EnumPistonType,,,
atd,net/minecraft/block/BlockPistonExtension,net/minecraft/server/v1_11_R1/BlockPistonExtension,,,
ate,net/minecraft/block/BlockPistonMoving,net/minecraft/server/v1_11_R1/BlockPistonMoving,,,
atf$1,net/minecraft/tileentity/TileEntityPiston$1,net/minecraft/server/v1_11_R1/TileEntityPiston$1,,,
atf,net/minecraft/tileentity/TileEntityPiston,net/minecraft/server/v1_11_R1/TileEntityPiston,,,
atg,net/minecraft/block/state/BlockPistonStructureHelper,net/minecraft/server/v1_11_R1/PistonExtendsChecker,,,
ati$1,net/minecraft/block/state/BlockStateBase$1,net/minecraft/server/v1_11_R1/BlockDataAbstract$1,,,
ati,net/minecraft/block/state/BlockStateBase,net/minecraft/server/v1_11_R1/BlockDataAbstract,,,
atj,net/minecraft/block/state/IBlockBehaviors,net/minecraft/server/v1_11_R1/IBlockPhysics,,,
atk,net/minecraft/block/state/IBlockProperties,net/minecraft/server/v1_11_R1/IBlockProperties,,,
atl,net/minecraft/block/state/IBlockState,net/minecraft/server/v1_11_R1/IBlockData,,,
atm$1,net/minecraft/block/state/BlockStateContainer$1,net/minecraft/server/v1_11_R1/BlockStateList$1,,,
atm$a,net/minecraft/block/state/BlockStateContainer$StateImplementation,net/minecraft/server/v1_11_R1/BlockStateList$BlockData,,,
atm,net/minecraft/block/state/BlockStateContainer,net/minecraft/server/v1_11_R1/BlockStateList,,,
ato$1,net/minecraft/block/state/BlockWorldState$1,net/minecraft/server/v1_11_R1/ShapeDetectorBlock$1,,,
ato,net/minecraft/block/state/BlockWorldState,net/minecraft/server/v1_11_R1/ShapeDetectorBlock,,,
atp$a,net/minecraft/block/state/pattern/BlockPattern$CacheLoader,net/minecraft/server/v1_11_R1/ShapeDetector$BlockLoader,,,
atp$b,net/minecraft/block/state/pattern/BlockPattern$PatternHelper,net/minecraft/server/v1_11_R1/ShapeDetector$ShapeDetectorCollection,,,
atp,net/minecraft/block/state/pattern/BlockPattern,net/minecraft/server/v1_11_R1/ShapeDetector,,,
atq,net/minecraft/block/state/pattern/FactoryBlockPattern,net/minecraft/server/v1_11_R1/ShapeDetectorBuilder,,,
ats,net/minecraft/block/state/pattern/BlockMaterialMatcher,net/minecraft/server/v1_11_R1/MaterialPredicate,,,
att,net/minecraft/block/state/pattern/BlockMatcher,net/minecraft/server/v1_11_R1/BlockPredicate,,,
atu$1,net/minecraft/block/state/pattern/BlockStateMatcher$1,net/minecraft/server/v1_11_R1/BlockStatePredicate$1,,,
atu,net/minecraft/block/state/pattern/BlockStateMatcher,net/minecraft/server/v1_11_R1/BlockStatePredicate,,,
atw,net/minecraft/block/properties/PropertyHelper,net/minecraft/server/v1_11_R1/BlockState,,,
atx,net/minecraft/block/properties/PropertyBool,net/minecraft/server/v1_11_R1/BlockStateBoolean,,,
aty,net/minecraft/block/properties/PropertyDirection,net/minecraft/server/v1_11_R1/BlockStateDirection,,,
atz,net/minecraft/block/properties/PropertyEnum,net/minecraft/server/v1_11_R1/BlockStateEnum,,,
au,net/minecraft/command/CommandParticle,net/minecraft/server/v1_11_R1/CommandParticle,,,
aua,net/minecraft/block/properties/PropertyInteger,net/minecraft/server/v1_11_R1/BlockStateInteger,,,
aub,net/minecraft/block/properties/IProperty,net/minecraft/server/v1_11_R1/IBlockState,,,
aud,net/minecraft/world/border/IBorderListener,net/minecraft/server/v1_11_R1/IWorldBorderListener,,,
aue,net/minecraft/world/border/EnumBorderStatus,net/minecraft/server/v1_11_R1/EnumWorldBorderState,,,
auf,net/minecraft/world/border/WorldBorder,net/minecraft/server/v1_11_R1/WorldBorder,,,
auh,net/minecraft/world/chunk/BlockStateContainer,net/minecraft/server/v1_11_R1/DataPaletteBlock,,,
aui,net/minecraft/world/chunk/IChunkGenerator,net/minecraft/server/v1_11_R1/ChunkGenerator,,,
auj,net/minecraft/world/chunk/IChunkProvider,net/minecraft/server/v1_11_R1/IChunkProvider,,,
auk,net/minecraft/world/chunk/NibbleArray,net/minecraft/server/v1_11_R1/NibbleArray,,,
aum,net/minecraft/world/chunk/BlockStatePaletteRegistry,net/minecraft/server/v1_11_R1/DataPaletteGlobal,,,
aun,net/minecraft/world/chunk/BlockStatePaletteHashMap,net/minecraft/server/v1_11_R1/DataPaletteHash,,,
auo$1,net/minecraft/world/chunk/Chunk$1,net/minecraft/server/v1_11_R1/Chunk$1,,,
auo$a,net/minecraft/world/chunk/Chunk$EnumCreateEntityType,net/minecraft/server/v1_11_R1/Chunk$EnumTileEntityState,,,
auo,net/minecraft/world/chunk/Chunk,net/minecraft/server/v1_11_R1/Chunk,,,
aup,net/minecraft/world/chunk/storage/ExtendedBlockStorage,net/minecraft/server/v1_11_R1/ChunkSection,,,
auq,net/minecraft/world/chunk/BlockStatePaletteLinear,net/minecraft/server/v1_11_R1/DataPaletteLinear,,,
aur,net/minecraft/world/chunk/storage/NibbleArrayReader,net/minecraft/server/v1_11_R1/OldNibbleArray,,,
aus,net/minecraft/world/chunk/IBlockStatePalette,net/minecraft/server/v1_11_R1/DataPalette,,,
aut,net/minecraft/world/chunk/IBlockStatePaletteResizer,net/minecraft/server/v1_11_R1/DataPaletteExpandable,,,
auw,net/minecraft/world/chunk/storage/IChunkLoader,net/minecraft/server/v1_11_R1/IChunkLoader,,,
av,net/minecraft/command/CommandPlaySound,net/minecraft/server/v1_11_R1/CommandPlaySound,,,
ava$a,net/minecraft/world/chunk/storage/ChunkLoader$AnvilConverterData,net/minecraft/server/v1_11_R1/OldChunkLoader$OldChunk,,,
ava,net/minecraft/world/chunk/storage/ChunkLoader,net/minecraft/server/v1_11_R1/OldChunkLoader,,,
avb$a,net/minecraft/world/chunk/storage/RegionFile$ChunkBuffer,net/minecraft/server/v1_11_R1/RegionFile$ChunkBuffer,,,
avb,net/minecraft/world/chunk/storage/RegionFile,net/minecraft/server/v1_11_R1/RegionFile,,,
avc,net/minecraft/world/chunk/storage/RegionFileCache,net/minecraft/server/v1_11_R1/RegionFileCache,,,
avd$1,net/minecraft/world/chunk/storage/AnvilChunkLoader$1,net/minecraft/server/v1_11_R1/ChunkRegionLoader$1,,,
avd,net/minecraft/world/chunk/storage/AnvilChunkLoader,net/minecraft/server/v1_11_R1/ChunkRegionLoader,,,
avf,net/minecraft/world/WorldProvider,net/minecraft/server/v1_11_R1/WorldProvider,,,
avg,net/minecraft/world/DimensionType,net/minecraft/server/v1_11_R1/DimensionManager,,,
avh$1,net/minecraft/world/WorldProviderHell$1,net/minecraft/server/v1_11_R1/WorldProviderHell$1,,,
avh,net/minecraft/world/WorldProviderHell,net/minecraft/server/v1_11_R1/WorldProviderHell,,,
avi,net/minecraft/world/WorldProviderSurface,net/minecraft/server/v1_11_R1/WorldProviderNormal,,,
avj$1,net/minecraft/world/end/DragonSpawnManager$1,net/minecraft/server/v1_11_R1/EnumDragonRespawn$1,,,
avj$2,net/minecraft/world/end/DragonSpawnManager$2,net/minecraft/server/v1_11_R1/EnumDragonRespawn$2,,,
avj$3,net/minecraft/world/end/DragonSpawnManager$3,net/minecraft/server/v1_11_R1/EnumDragonRespawn$3,,,
avj$4,net/minecraft/world/end/DragonSpawnManager$4,net/minecraft/server/v1_11_R1/EnumDragonRespawn$4,,,
avj$5,net/minecraft/world/end/DragonSpawnManager$5,net/minecraft/server/v1_11_R1/EnumDragonRespawn$5,,,
avj,net/minecraft/world/end/DragonSpawnManager,net/minecraft/server/v1_11_R1/EnumDragonRespawn,,,
avk,net/minecraft/world/end/DragonFightManager,net/minecraft/server/v1_11_R1/EnderDragonBattle,,,
avl,net/minecraft/world/WorldProviderEnd,net/minecraft/server/v1_11_R1/WorldProviderTheEnd,,,
avo,net/minecraft/world/gen/MapGenRavine,net/minecraft/server/v1_11_R1/WorldGenCanyon,,,
avp,net/minecraft/world/chunk/ChunkPrimer,net/minecraft/server/v1_11_R1/ChunkSnapshot,,,
avq$a,net/minecraft/world/gen/ChunkProviderSettings$Factory,net/minecraft/server/v1_11_R1/CustomWorldSettingsFinal$CustomWorldSettings,,,
avq$b,net/minecraft/world/gen/ChunkProviderSettings$Serializer,net/minecraft/server/v1_11_R1/CustomWorldSettingsFinal$CustomWorldSettingsSerializer,,,
avq,net/minecraft/world/gen/ChunkProviderSettings,net/minecraft/server/v1_11_R1/CustomWorldSettingsFinal,,,
avr,net/minecraft/world/gen/ChunkProviderDebug,net/minecraft/server/v1_11_R1/ChunkProviderDebug,,,
avs,net/minecraft/world/gen/ChunkProviderFlat,net/minecraft/server/v1_11_R1/ChunkProviderFlat,,,
avt,net/minecraft/world/gen/MapGenCaves,net/minecraft/server/v1_11_R1/WorldGenCaves,,,
avu,net/minecraft/world/gen/MapGenBase,net/minecraft/server/v1_11_R1/WorldGenBase,,,
avv,net/minecraft/world/gen/MapGenCavesHell,net/minecraft/server/v1_11_R1/WorldGenCavesHell,,,
avw,net/minecraft/world/gen/ChunkProviderHell,net/minecraft/server/v1_11_R1/ChunkProviderHell,,,
avx,net/minecraft/world/gen/ChunkProviderOverworld,net/minecraft/server/v1_11_R1/ChunkProviderGenerate,,,
avy,net/minecraft/world/gen/ChunkProviderEnd,net/minecraft/server/v1_11_R1/ChunkProviderTheEnd,,,
avz,net/minecraft/world/gen/feature/WorldGenAbstractTree,net/minecraft/server/v1_11_R1/WorldGenTreeAbstract,,,
aw,net/minecraft/command/server/CommandPublishLocalServer,net/minecraft/server/v1_11_R1/CommandPublish,,,
awa$a,net/minecraft/world/gen/feature/WorldGenBigTree$FoliageCoordinates,net/minecraft/server/v1_11_R1/WorldGenBigTree$Position,,,
awa,net/minecraft/world/gen/feature/WorldGenBigTree,net/minecraft/server/v1_11_R1/WorldGenBigTree,,,
awb,net/minecraft/world/gen/feature/WorldGenBirchTree,net/minecraft/server/v1_11_R1/WorldGenForest,,,
awc,net/minecraft/world/gen/feature/WorldGenBlockBlob,net/minecraft/server/v1_11_R1/WorldGenTaigaStructure,,,
awd,net/minecraft/world/gen/feature/WorldGeneratorBonusChest,net/minecraft/server/v1_11_R1/WorldGenBonusChest,,,
awe,net/minecraft/world/gen/feature/WorldGenBush,net/minecraft/server/v1_11_R1/WorldGenMushrooms,,,
awf,net/minecraft/world/gen/feature/WorldGenCactus,net/minecraft/server/v1_11_R1/WorldGenCactus,,,
awg,net/minecraft/world/gen/feature/WorldGenClay,net/minecraft/server/v1_11_R1/WorldGenClay,,,
awh,net/minecraft/world/gen/feature/WorldGenDeadBush,net/minecraft/server/v1_11_R1/WorldGenDeadBush,,,
awi,net/minecraft/world/gen/feature/WorldGenDesertWells,net/minecraft/server/v1_11_R1/WorldGenDesertWell,,,
awj,net/minecraft/world/gen/feature/WorldGenDoublePlant,net/minecraft/server/v1_11_R1/WorldGenTallPlant,,,
awk,net/minecraft/world/gen/feature/WorldGenEndGateway,net/minecraft/server/v1_11_R1/WorldGenEndGateway,,,
awl,net/minecraft/world/gen/feature/WorldGenEndIsland,net/minecraft/server/v1_11_R1/WorldGenEndIsland,,,
awm,net/minecraft/world/gen/feature/WorldGenEndPodium,net/minecraft/server/v1_11_R1/WorldGenEndTrophy,,,
awn,net/minecraft/world/gen/feature/WorldGenerator,net/minecraft/server/v1_11_R1/WorldGenerator,,,
awo,net/minecraft/world/gen/feature/WorldGenFlowers,net/minecraft/server/v1_11_R1/WorldGenFlowers,,,
awp,net/minecraft/world/gen/feature/WorldGenFossils,net/minecraft/server/v1_11_R1/WorldGenFossils,,,
awq,net/minecraft/world/gen/feature/WorldGenShrub,net/minecraft/server/v1_11_R1/WorldGenGroundBush,,,
awr,net/minecraft/world/gen/feature/WorldGenFire,net/minecraft/server/v1_11_R1/WorldGenFire,,,
aws,net/minecraft/world/gen/feature/WorldGenGlowStone2,net/minecraft/server/v1_11_R1/WorldGenLightStone2,,,
awt,net/minecraft/world/gen/feature/WorldGenHellLava,net/minecraft/server/v1_11_R1/WorldGenHellLava,,,
awu,net/minecraft/world/gen/feature/WorldGenBigMushroom,net/minecraft/server/v1_11_R1/WorldGenHugeMushroom,,,
awv,net/minecraft/world/gen/feature/WorldGenIcePath,net/minecraft/server/v1_11_R1/WorldGenPackedIce1,,,
aww,net/minecraft/world/gen/feature/WorldGenIceSpike,net/minecraft/server/v1_11_R1/WorldGenPackedIce2,,,
awx,net/minecraft/world/gen/feature/WorldGenLakes,net/minecraft/server/v1_11_R1/WorldGenLakes,,,
awy,net/minecraft/world/gen/feature/WorldGenGlowStone1,net/minecraft/server/v1_11_R1/WorldGenLightStone1,,,
awz,net/minecraft/world/gen/feature/WorldGenMegaJungle,net/minecraft/server/v1_11_R1/WorldGenJungleTree,,,
ax,net/minecraft/command/CommandReplaceItem,net/minecraft/server/v1_11_R1/CommandReplaceItem,,,
axa,net/minecraft/world/gen/feature/WorldGenMegaPineTree,net/minecraft/server/v1_11_R1/WorldGenMegaTree,,,
axb,net/minecraft/world/gen/feature/WorldGenHugeTrees,net/minecraft/server/v1_11_R1/WorldGenMegaTreeAbstract,,,
axc,net/minecraft/world/gen/feature/WorldGenMelon,net/minecraft/server/v1_11_R1/WorldGenMelon,,,
axd,net/minecraft/world/gen/feature/WorldGenDungeons,net/minecraft/server/v1_11_R1/WorldGenDungeons,,,
axe$a,net/minecraft/world/gen/feature/WorldGenMinable$StonePredicate,net/minecraft/server/v1_11_R1/WorldGenMinable$a,,,
axe,net/minecraft/world/gen/feature/WorldGenMinable,net/minecraft/server/v1_11_R1/WorldGenMinable,,,
axf,net/minecraft/world/gen/feature/WorldGenTaiga1,net/minecraft/server/v1_11_R1/WorldGenTaiga1,,,
axg,net/minecraft/world/gen/feature/WorldGenPumpkin,net/minecraft/server/v1_11_R1/WorldGenPumpkin,,,
axh,net/minecraft/world/gen/feature/WorldGenReed,net/minecraft/server/v1_11_R1/WorldGenReed,,,
axi,net/minecraft/world/gen/feature/WorldGenCanopyTree,net/minecraft/server/v1_11_R1/WorldGenForestTree,,,
axj,net/minecraft/world/gen/feature/WorldGenSand,net/minecraft/server/v1_11_R1/WorldGenSand,,,
axk,net/minecraft/world/gen/feature/WorldGenSavannaTree,net/minecraft/server/v1_11_R1/WorldGenAcaciaTree,,,
axl$a,net/minecraft/world/gen/feature/WorldGenSpikes$EndSpike,net/minecraft/server/v1_11_R1/WorldGenEnder$Spike,,,
axl,net/minecraft/world/gen/feature/WorldGenSpikes,net/minecraft/server/v1_11_R1/WorldGenEnder,,,
axm,net/minecraft/world/gen/feature/WorldGenLiquids,net/minecraft/server/v1_11_R1/WorldGenLiquids,,,
axn,net/minecraft/world/gen/feature/WorldGenTaiga2,net/minecraft/server/v1_11_R1/WorldGenTaiga2,,,
axo,net/minecraft/world/gen/feature/WorldGenSwamp,net/minecraft/server/v1_11_R1/WorldGenSwampTree,,,
axp,net/minecraft/world/gen/feature/WorldGenTallGrass,net/minecraft/server/v1_11_R1/WorldGenGrass,,,
axq,net/minecraft/world/gen/feature/WorldGenTrees,net/minecraft/server/v1_11_R1/WorldGenTrees,,,
axr,net/minecraft/world/gen/feature/WorldGenVines,net/minecraft/server/v1_11_R1/WorldGenVines,,,
axs,net/minecraft/world/gen/feature/WorldGenWaterlily,net/minecraft/server/v1_11_R1/WorldGenWaterLily,,,
axu,net/minecraft/world/gen/FlatGeneratorInfo,net/minecraft/server/v1_11_R1/WorldGenFlatInfo,,,
axv,net/minecraft/world/gen/FlatLayerInfo,net/minecraft/server/v1_11_R1/WorldGenFlatLayerInfo,,,
axz,net/minecraft/world/gen/structure/StructureBoundingBox,net/minecraft/server/v1_11_R1/StructureBoundingBox,,,
ay,net/minecraft/command/server/CommandSaveAll,net/minecraft/server/v1_11_R1/CommandSaveAll,,,
aya$a,net/minecraft/world/gen/structure/MapGenEndCity$Start,net/minecraft/server/v1_11_R1/WorldGenEndCity$Start,,,
aya,net/minecraft/world/gen/structure/MapGenEndCity,net/minecraft/server/v1_11_R1/WorldGenEndCity,,,
ayb$1,net/minecraft/world/gen/structure/StructureEndCityPieces$1,net/minecraft/server/v1_11_R1/WorldGenEndCityPieces$1,,,
ayb$2,net/minecraft/world/gen/structure/StructureEndCityPieces$2,net/minecraft/server/v1_11_R1/WorldGenEndCityPieces$2,,,
ayb$3,net/minecraft/world/gen/structure/StructureEndCityPieces$3,net/minecraft/server/v1_11_R1/WorldGenEndCityPieces$3,,,
ayb$4,net/minecraft/world/gen/structure/StructureEndCityPieces$4,net/minecraft/server/v1_11_R1/WorldGenEndCityPieces$4,,,
ayb$a,net/minecraft/world/gen/structure/StructureEndCityPieces$CityTemplate,net/minecraft/server/v1_11_R1/WorldGenEndCityPieces$Piece,,,
ayb$b,net/minecraft/world/gen/structure/StructureEndCityPieces$IGenerator,net/minecraft/server/v1_11_R1/WorldGenEndCityPieces$PieceGenerator,,,
ayb,net/minecraft/world/gen/structure/StructureEndCityPieces,net/minecraft/server/v1_11_R1/WorldGenEndCityPieces,,,
ayc$a,net/minecraft/world/gen/structure/MapGenMineshaft$Type,net/minecraft/server/v1_11_R1/WorldGenMineshaft$Type,,,
ayc,net/minecraft/world/gen/structure/MapGenMineshaft,net/minecraft/server/v1_11_R1/WorldGenMineshaft,,,
ayd$a,net/minecraft/world/gen/structure/StructureMineshaftPieces$Corridor,net/minecraft/server/v1_11_R1/WorldGenMineshaftPieces$WorldGenMineshaftCorridor,,,
ayd$b,net/minecraft/world/gen/structure/StructureMineshaftPieces$Cross,net/minecraft/server/v1_11_R1/WorldGenMineshaftPieces$WorldGenMineshaftCross,,,
ayd$c,net/minecraft/world/gen/structure/StructureMineshaftPieces$Peice,net/minecraft/server/v1_11_R1/WorldGenMineshaftPieces$c,,,
ayd$d,net/minecraft/world/gen/structure/StructureMineshaftPieces$Room,net/minecraft/server/v1_11_R1/WorldGenMineshaftPieces$WorldGenMineshaftRoom,,,
ayd$e,net/minecraft/world/gen/structure/StructureMineshaftPieces$Stairs,net/minecraft/server/v1_11_R1/WorldGenMineshaftPieces$WorldGenMineshaftStairs,,,
ayd,net/minecraft/world/gen/structure/StructureMineshaftPieces,net/minecraft/server/v1_11_R1/WorldGenMineshaftPieces,,,
aye,net/minecraft/world/gen/structure/StructureMineshaftStart,net/minecraft/server/v1_11_R1/WorldGenMineshaftStart,,,
ayf$a,net/minecraft/world/gen/structure/MapGenNetherBridge$Start,net/minecraft/server/v1_11_R1/WorldGenNether$WorldGenNetherStart,,,
ayf,net/minecraft/world/gen/structure/MapGenNetherBridge,net/minecraft/server/v1_11_R1/WorldGenNether,,,
ayg$a,net/minecraft/world/gen/structure/StructureNetherBridgePieces$Crossing3,net/minecraft/server/v1_11_R1/WorldGenNetherPieces$WorldGenNetherPiece1,,,
ayg$b,net/minecraft/world/gen/structure/StructureNetherBridgePieces$End,net/minecraft/server/v1_11_R1/WorldGenNetherPieces$WorldGenNetherPiece2,,,
ayg$c,net/minecraft/world/gen/structure/StructureNetherBridgePieces$Straight,net/minecraft/server/v1_11_R1/WorldGenNetherPieces$WorldGenNetherPiece3,,,
ayg$d,net/minecraft/world/gen/structure/StructureNetherBridgePieces$Corridor3,net/minecraft/server/v1_11_R1/WorldGenNetherPieces$WorldGenNetherPiece4,,,
ayg$e,net/minecraft/world/gen/structure/StructureNetherBridgePieces$Corridor4,net/minecraft/server/v1_11_R1/WorldGenNetherPieces$WorldGenNetherPiece5,,,
ayg$f,net/minecraft/world/gen/structure/StructureNetherBridgePieces$Entrance,net/minecraft/server/v1_11_R1/WorldGenNetherPieces$WorldGenNetherPiece6,,,
ayg$g,net/minecraft/world/gen/structure/StructureNetherBridgePieces$Crossing2,net/minecraft/server/v1_11_R1/WorldGenNetherPieces$WorldGenNetherPiece7,,,
ayg$h,net/minecraft/world/gen/structure/StructureNetherBridgePieces$Corridor,net/minecraft/server/v1_11_R1/WorldGenNetherPieces$WorldGenNetherPiece8,,,
ayg$i,net/minecraft/world/gen/structure/StructureNetherBridgePieces$Corridor5,net/minecraft/server/v1_11_R1/WorldGenNetherPieces$WorldGenNetherPiece9,,,
ayg$j,net/minecraft/world/gen/structure/StructureNetherBridgePieces$Corridor2,net/minecraft/server/v1_11_R1/WorldGenNetherPieces$WorldGenNetherPiece10,,,
ayg$k,net/minecraft/world/gen/structure/StructureNetherBridgePieces$NetherStalkRoom,net/minecraft/server/v1_11_R1/WorldGenNetherPieces$WorldGenNetherPiece11,,,
ayg$l,net/minecraft/world/gen/structure/StructureNetherBridgePieces$Throne,net/minecraft/server/v1_11_R1/WorldGenNetherPieces$WorldGenNetherPiece12,,,
ayg$m,net/minecraft/world/gen/structure/StructureNetherBridgePieces$Piece,net/minecraft/server/v1_11_R1/WorldGenNetherPieces$WorldGenNetherPiece,,,
ayg$n,net/minecraft/world/gen/structure/StructureNetherBridgePieces$PieceWeight,net/minecraft/server/v1_11_R1/WorldGenNetherPieces$WorldGenNetherPieceWeight,,,
ayg$o,net/minecraft/world/gen/structure/StructureNetherBridgePieces$Crossing,net/minecraft/server/v1_11_R1/WorldGenNetherPieces$WorldGenNetherPiece13,,,
ayg$p,net/minecraft/world/gen/structure/StructureNetherBridgePieces$Stairs,net/minecraft/server/v1_11_R1/WorldGenNetherPieces$WorldGenNetherPiece14,,,
ayg$q,net/minecraft/world/gen/structure/StructureNetherBridgePieces$Start,net/minecraft/server/v1_11_R1/WorldGenNetherPieces$WorldGenNetherPiece15,,,
ayg,net/minecraft/world/gen/structure/StructureNetherBridgePieces,net/minecraft/server/v1_11_R1/WorldGenNetherPieces,,,
ayh$a,net/minecraft/world/gen/structure/StructureOceanMonument$StartMonument,net/minecraft/server/v1_11_R1/WorldGenMonument$WorldGenMonumentStart,,,
ayh,net/minecraft/world/gen/structure/StructureOceanMonument,net/minecraft/server/v1_11_R1/WorldGenMonument,,,
ayi$a,net/minecraft/world/gen/structure/StructureOceanMonumentPieces$XDoubleRoomFitHelper,net/minecraft/server/v1_11_R1/WorldGenMonumentPieces$WorldGenMonumentPieceSelector7,,,
ayi$b,net/minecraft/world/gen/structure/StructureOceanMonumentPieces$XYDoubleRoomFitHelper,net/minecraft/server/v1_11_R1/WorldGenMonumentPieces$WorldGenMonumentPieceSelector6,,,
ayi$c,net/minecraft/world/gen/structure/StructureOceanMonumentPieces$YDoubleRoomFitHelper,net/minecraft/server/v1_11_R1/WorldGenMonumentPieces$WorldGenMonumentPieceSelector5,,,
ayi$d,net/minecraft/world/gen/structure/StructureOceanMonumentPieces$YZDoubleRoomFitHelper,net/minecraft/server/v1_11_R1/WorldGenMonumentPieces$WorldGenMonumentPieceSelector4,,,
ayi$e,net/minecraft/world/gen/structure/StructureOceanMonumentPieces$ZDoubleRoomFitHelper,net/minecraft/server/v1_11_R1/WorldGenMonumentPieces$WorldGenMonumentPieceSelector3,,,
ayi$f,net/minecraft/world/gen/structure/StructureOceanMonumentPieces$FitSimpleRoomHelper,net/minecraft/server/v1_11_R1/WorldGenMonumentPieces$WorldGenMonumentPieceSelector2,,,
ayi$g,net/minecraft/world/gen/structure/StructureOceanMonumentPieces$FitSimpleRoomTopHelper,net/minecraft/server/v1_11_R1/WorldGenMonumentPieces$WorldGenMonumentPieceSelector1,,,
ayi$h,net/minecraft/world/gen/structure/StructureOceanMonumentPieces$MonumentBuilding,net/minecraft/server/v1_11_R1/WorldGenMonumentPieces$WorldGenMonumentPiece1,,,
ayi$i,net/minecraft/world/gen/structure/StructureOceanMonumentPieces$MonumentRoomFitHelper,net/minecraft/server/v1_11_R1/WorldGenMonumentPieces$IWorldGenMonumentPieceSelector,,,
ayi$j,net/minecraft/world/gen/structure/StructureOceanMonumentPieces$MonumentCoreRoom,net/minecraft/server/v1_11_R1/WorldGenMonumentPieces$WorldGenMonumentPiece2,,,
ayi$k,net/minecraft/world/gen/structure/StructureOceanMonumentPieces$DoubleXRoom,net/minecraft/server/v1_11_R1/WorldGenMonumentPieces$WorldGenMonumentPiece3,,,
ayi$l,net/minecraft/world/gen/structure/StructureOceanMonumentPieces$DoubleXYRoom,net/minecraft/server/v1_11_R1/WorldGenMonumentPieces$WorldGenMonumentPiece4,,,
ayi$m,net/minecraft/world/gen/structure/StructureOceanMonumentPieces$DoubleYRoom,net/minecraft/server/v1_11_R1/WorldGenMonumentPieces$WorldGenMonumentPiece5,,,
ayi$n,net/minecraft/world/gen/structure/StructureOceanMonumentPieces$DoubleYZRoom,net/minecraft/server/v1_11_R1/WorldGenMonumentPieces$WorldGenMonumentPiece6,,,
ayi$o,net/minecraft/world/gen/structure/StructureOceanMonumentPieces$DoubleZRoom,net/minecraft/server/v1_11_R1/WorldGenMonumentPieces$WorldGenMonumentPiece7,,,
ayi$p,net/minecraft/world/gen/structure/StructureOceanMonumentPieces$EntryRoom,net/minecraft/server/v1_11_R1/WorldGenMonumentPieces$WorldGenMonumentPieceEntry,,,
ayi$q,net/minecraft/world/gen/structure/StructureOceanMonumentPieces$Penthouse,net/minecraft/server/v1_11_R1/WorldGenMonumentPieces$WorldGenMonumentPiecePenthouse,,,
ayi$r,net/minecraft/world/gen/structure/StructureOceanMonumentPieces$Piece,net/minecraft/server/v1_11_R1/WorldGenMonumentPieces$WorldGenMonumentPiece,,,
ayi$s,net/minecraft/world/gen/structure/StructureOceanMonumentPieces$SimpleRoom,net/minecraft/server/v1_11_R1/WorldGenMonumentPieces$WorldGenMonumentPieceSimple,,,
ayi$t,net/minecraft/world/gen/structure/StructureOceanMonumentPieces$SimpleTopRoom,net/minecraft/server/v1_11_R1/WorldGenMonumentPieces$WorldGenMonumentPieceSimpleT,,,
ayi$u,net/minecraft/world/gen/structure/StructureOceanMonumentPieces$WingRoom,net/minecraft/server/v1_11_R1/WorldGenMonumentPieces$WorldGenMonumentPiece8,,,
ayi$v,net/minecraft/world/gen/structure/StructureOceanMonumentPieces$RoomDefinition,net/minecraft/server/v1_11_R1/WorldGenMonumentPieces$WorldGenMonumentStateTracker,,,
ayi,net/minecraft/world/gen/structure/StructureOceanMonumentPieces,net/minecraft/server/v1_11_R1/WorldGenMonumentPieces,,,
ayj$a,net/minecraft/world/gen/structure/MapGenScatteredFeature$Start,net/minecraft/server/v1_11_R1/WorldGenLargeFeature$WorldGenLargeFeatureStart,,,
ayj,net/minecraft/world/gen/structure/MapGenScatteredFeature,net/minecraft/server/v1_11_R1/WorldGenLargeFeature,,,
ayk$a,net/minecraft/world/gen/structure/ComponentScatteredFeaturePieces$DesertPyramid,net/minecraft/server/v1_11_R1/WorldGenRegistration$WorldGenPyramidPiece,,,
ayk$b,net/minecraft/world/gen/structure/ComponentScatteredFeaturePieces$Igloo,net/minecraft/server/v1_11_R1/WorldGenRegistration$b,,,
ayk$c$a,net/minecraft/world/gen/structure/ComponentScatteredFeaturePieces$JunglePyramid$Stones,net/minecraft/server/v1_11_R1/WorldGenRegistration$WorldGenJungleTemple$WorldGenJungleTemplePiece,,,
ayk$c,net/minecraft/world/gen/structure/ComponentScatteredFeaturePieces$JunglePyramid,net/minecraft/server/v1_11_R1/WorldGenRegistration$WorldGenJungleTemple,,,
ayk$d,net/minecraft/world/gen/structure/ComponentScatteredFeaturePieces$Feature,net/minecraft/server/v1_11_R1/WorldGenRegistration$WorldGenScatteredPiece,,,
ayk$e,net/minecraft/world/gen/structure/ComponentScatteredFeaturePieces$SwampHut,net/minecraft/server/v1_11_R1/WorldGenRegistration$WorldGenWitchHut,,,
ayk,net/minecraft/world/gen/structure/ComponentScatteredFeaturePieces,net/minecraft/server/v1_11_R1/WorldGenRegistration,,,
ayl$a,net/minecraft/world/gen/structure/MapGenStronghold$Start,net/minecraft/server/v1_11_R1/WorldGenStronghold$WorldGenStronghold2Start,,,
ayl,net/minecraft/world/gen/structure/MapGenStronghold,net/minecraft/server/v1_11_R1/WorldGenStronghold,,,
aym$1,net/minecraft/world/gen/structure/StructureStrongholdPieces$1,net/minecraft/server/v1_11_R1/WorldGenStrongholdPieces$1,,,
aym$2,net/minecraft/world/gen/structure/StructureStrongholdPieces$2,net/minecraft/server/v1_11_R1/WorldGenStrongholdPieces$2,,,
aym$a,net/minecraft/world/gen/structure/StructureStrongholdPieces$ChestCorridor,net/minecraft/server/v1_11_R1/WorldGenStrongholdPieces$WorldGenStrongholdChestCorridor,,,
aym$b,net/minecraft/world/gen/structure/StructureStrongholdPieces$Corridor,net/minecraft/server/v1_11_R1/WorldGenStrongholdPieces$WorldGenStrongholdCorridor,,,
aym$c,net/minecraft/world/gen/structure/StructureStrongholdPieces$Crossing,net/minecraft/server/v1_11_R1/WorldGenStrongholdPieces$WorldGenStrongholdCrossing,,,
aym$d,net/minecraft/world/gen/structure/StructureStrongholdPieces$LeftTurn,net/minecraft/server/v1_11_R1/WorldGenStrongholdPieces$WorldGenStrongholdLeftTurn,,,
aym$e,net/minecraft/world/gen/structure/StructureStrongholdPieces$Library,net/minecraft/server/v1_11_R1/WorldGenStrongholdPieces$WorldGenStrongholdLibrary,,,
aym$f,net/minecraft/world/gen/structure/StructureStrongholdPieces$PieceWeight,net/minecraft/server/v1_11_R1/WorldGenStrongholdPieces$WorldGenStrongholdPieceWeight,,,
aym$g,net/minecraft/world/gen/structure/StructureStrongholdPieces$PortalRoom,net/minecraft/server/v1_11_R1/WorldGenStrongholdPieces$WorldGenStrongholdPortalRoom,,,
aym$h,net/minecraft/world/gen/structure/StructureStrongholdPieces$Prison,net/minecraft/server/v1_11_R1/WorldGenStrongholdPieces$WorldGenStrongholdPrison,,,
aym$i,net/minecraft/world/gen/structure/StructureStrongholdPieces$RightTurn,net/minecraft/server/v1_11_R1/WorldGenStrongholdPieces$WorldGenStrongholdRightTurn,,,
aym$j,net/minecraft/world/gen/structure/StructureStrongholdPieces$RoomCrossing,net/minecraft/server/v1_11_R1/WorldGenStrongholdPieces$WorldGenStrongholdRoomCrossing,,,
aym$k,net/minecraft/world/gen/structure/StructureStrongholdPieces$Stones,net/minecraft/server/v1_11_R1/WorldGenStrongholdPieces$WorldGenStrongholdStones,,,
aym$l,net/minecraft/world/gen/structure/StructureStrongholdPieces$Stairs,net/minecraft/server/v1_11_R1/WorldGenStrongholdPieces$WorldGenStrongholdStairs2,,,
aym$m,net/minecraft/world/gen/structure/StructureStrongholdPieces$Stairs2,net/minecraft/server/v1_11_R1/WorldGenStrongholdPieces$WorldGenStrongholdStart,,,
aym$n,net/minecraft/world/gen/structure/StructureStrongholdPieces$Straight,net/minecraft/server/v1_11_R1/WorldGenStrongholdPieces$WorldGenStrongholdStairs,,,
aym$o,net/minecraft/world/gen/structure/StructureStrongholdPieces$StairsStraight,net/minecraft/server/v1_11_R1/WorldGenStrongholdPieces$WorldGenStrongholdStairsStraight,,,
aym$p$a,net/minecraft/world/gen/structure/StructureStrongholdPieces$Stronghold$Door,net/minecraft/server/v1_11_R1/WorldGenStrongholdPieces$WorldGenStrongholdPiece$WorldGenStrongholdDoorType,,,
aym$p,net/minecraft/world/gen/structure/StructureStrongholdPieces$Stronghold,net/minecraft/server/v1_11_R1/WorldGenStrongholdPieces$WorldGenStrongholdPiece,,,
aym,net/minecraft/world/gen/structure/StructureStrongholdPieces,net/minecraft/server/v1_11_R1/WorldGenStrongholdPieces,,,
ayn$1,net/minecraft/world/gen/structure/MapGenStructure$1,net/minecraft/server/v1_11_R1/StructureGenerator$1,,,
ayn$2,net/minecraft/world/gen/structure/MapGenStructure$2,net/minecraft/server/v1_11_R1/StructureGenerator$2,,,
ayn$3,net/minecraft/world/gen/structure/MapGenStructure$3,net/minecraft/server/v1_11_R1/StructureGenerator$3,,,
ayn,net/minecraft/world/gen/structure/MapGenStructure,net/minecraft/server/v1_11_R1/StructureGenerator,,,
ayo,net/minecraft/world/gen/structure/MapGenStructureIO,net/minecraft/server/v1_11_R1/WorldGenFactory,,,
ayp,net/minecraft/world/gen/structure/MapGenStructureData,net/minecraft/server/v1_11_R1/PersistentStructure,,,
ayq$a,net/minecraft/world/gen/structure/StructureComponent$BlockSelector,net/minecraft/server/v1_11_R1/StructurePiece$StructurePieceBlockSelector,,,
ayq,net/minecraft/world/gen/structure/StructureComponent,net/minecraft/server/v1_11_R1/StructurePiece,,,
ayr,net/minecraft/world/gen/structure/StructureStart,net/minecraft/server/v1_11_R1/StructureStart,,,
ays,net/minecraft/world/gen/structure/StructureComponentTemplate,net/minecraft/server/v1_11_R1/DefinedStructurePiece,,,
ayt$a,net/minecraft/world/gen/structure/MapGenVillage$Start,net/minecraft/server/v1_11_R1/WorldGenVillage$WorldGenVillageStart,,,
ayt,net/minecraft/world/gen/structure/MapGenVillage,net/minecraft/server/v1_11_R1/WorldGenVillage,,,
ayu$a,net/minecraft/world/gen/structure/StructureVillagePieces$House1,net/minecraft/server/v1_11_R1/WorldGenVillagePieces$WorldGenVillageLibrary,,,
ayu$b,net/minecraft/world/gen/structure/StructureVillagePieces$Field1,net/minecraft/server/v1_11_R1/WorldGenVillagePieces$WorldGenVillageFarm2,,,
ayu$c,net/minecraft/world/gen/structure/StructureVillagePieces$Field2,net/minecraft/server/v1_11_R1/WorldGenVillagePieces$WorldGenVillageFarm,,,
ayu$d,net/minecraft/world/gen/structure/StructureVillagePieces$Torch,net/minecraft/server/v1_11_R1/WorldGenVillagePieces$WorldGenVillageLight,,,
ayu$e,net/minecraft/world/gen/structure/StructureVillagePieces$PieceWeight,net/minecraft/server/v1_11_R1/WorldGenVillagePieces$WorldGenVillagePieceWeight,,,
ayu$f,net/minecraft/world/gen/structure/StructureVillagePieces$Hall,net/minecraft/server/v1_11_R1/WorldGenVillagePieces$WorldGenVillageButcher,,,
ayu$g,net/minecraft/world/gen/structure/StructureVillagePieces$House4Garden,net/minecraft/server/v1_11_R1/WorldGenVillagePieces$WorldGenVillageHouse,,,
ayu$h,net/minecraft/world/gen/structure/StructureVillagePieces$WoodHut,net/minecraft/server/v1_11_R1/WorldGenVillagePieces$WorldGenVillageHut,,,
ayu$i,net/minecraft/world/gen/structure/StructureVillagePieces$Church,net/minecraft/server/v1_11_R1/WorldGenVillagePieces$WorldGenVillageTemple,,,
ayu$j,net/minecraft/world/gen/structure/StructureVillagePieces$House2,net/minecraft/server/v1_11_R1/WorldGenVillagePieces$WorldGenVillageBlacksmith,,,
ayu$k,net/minecraft/world/gen/structure/StructureVillagePieces$Start,net/minecraft/server/v1_11_R1/WorldGenVillagePieces$WorldGenVillageStartPiece,,,
ayu$l,net/minecraft/world/gen/structure/StructureVillagePieces$Path,net/minecraft/server/v1_11_R1/WorldGenVillagePieces$WorldGenVillageRoad,,,
ayu$m,net/minecraft/world/gen/structure/StructureVillagePieces$House3,net/minecraft/server/v1_11_R1/WorldGenVillagePieces$WorldGenVillageHouse2,,,
ayu$n,net/minecraft/world/gen/structure/StructureVillagePieces$Village,net/minecraft/server/v1_11_R1/WorldGenVillagePieces$WorldGenVillagePiece,,,
ayu$o,net/minecraft/world/gen/structure/StructureVillagePieces$Road,net/minecraft/server/v1_11_R1/WorldGenVillagePieces$WorldGenVillageRoadPiece,,,
ayu$p,net/minecraft/world/gen/structure/StructureVillagePieces$Well,net/minecraft/server/v1_11_R1/WorldGenVillagePieces$WorldGenVillageWell,,,
ayu,net/minecraft/world/gen/structure/StructureVillagePieces,net/minecraft/server/v1_11_R1/WorldGenVillagePieces,,,
ayv$a,net/minecraft/world/gen/structure/WoodlandMansion$Start,net/minecraft/server/v1_11_R1/WorldGenWoodlandMansion$a,,,
ayv,net/minecraft/world/gen/structure/WoodlandMansion,net/minecraft/server/v1_11_R1/WorldGenWoodlandMansion,,,
ayw$a,net/minecraft/world/gen/structure/WoodlandMansionPieces$FirstFloor,net/minecraft/server/v1_11_R1/WorldGenWoodlandMansionPieces$a,,,
ayw$b,net/minecraft/world/gen/structure/WoodlandMansionPieces$RoomCollection,net/minecraft/server/v1_11_R1/WorldGenWoodlandMansionPieces$b,,,
ayw$c,net/minecraft/world/gen/structure/WoodlandMansionPieces$Grid,net/minecraft/server/v1_11_R1/WorldGenWoodlandMansionPieces$c,,,
ayw$d,net/minecraft/world/gen/structure/WoodlandMansionPieces$Placer,net/minecraft/server/v1_11_R1/WorldGenWoodlandMansionPieces$d,,,
ayw$e,net/minecraft/world/gen/structure/WoodlandMansionPieces$PlacementData,net/minecraft/server/v1_11_R1/WorldGenWoodlandMansionPieces$e,,,
ayw$f,net/minecraft/world/gen/structure/WoodlandMansionPieces$SecondFloor,net/minecraft/server/v1_11_R1/WorldGenWoodlandMansionPieces$f,,,
ayw$g,net/minecraft/world/gen/structure/WoodlandMansionPieces$SimpleGrid,net/minecraft/server/v1_11_R1/WorldGenWoodlandMansionPieces$g,,,
ayw$h,net/minecraft/world/gen/structure/WoodlandMansionPieces$ThirdFloor,net/minecraft/server/v1_11_R1/WorldGenWoodlandMansionPieces$h,,,
ayw$i,net/minecraft/world/gen/structure/WoodlandMansionPieces$MansionTemplate,net/minecraft/server/v1_11_R1/WorldGenWoodlandMansionPieces$i,,,
ayw,net/minecraft/world/gen/structure/WoodlandMansionPieces,net/minecraft/server/v1_11_R1/WorldGenWoodlandMansionPieces,,,
ayy,net/minecraft/world/gen/structure/template/BlockRotationProcessor,net/minecraft/server/v1_11_R1/DefinedStructureProcessorRotation,,,
ayz,net/minecraft/world/gen/structure/template/TemplateManager,net/minecraft/server/v1_11_R1/DefinedStructureManager,,,
az,net/minecraft/command/server/CommandSaveOff,net/minecraft/server/v1_11_R1/CommandSaveOff,,,
aza,net/minecraft/world/gen/structure/template/PlacementSettings,net/minecraft/server/v1_11_R1/DefinedStructureInfo,,,
azb,net/minecraft/world/gen/structure/template/ITemplateProcessor,net/minecraft/server/v1_11_R1/DefinedStructureProcessor,,,
azc$1,net/minecraft/world/gen/structure/template/Template$1,net/minecraft/server/v1_11_R1/DefinedStructure$1,,,
azc$2,net/minecraft/world/gen/structure/template/Template$2,net/minecraft/server/v1_11_R1/DefinedStructure$2,,,
azc$a,net/minecraft/world/gen/structure/template/Template$BasicPalette,net/minecraft/server/v1_11_R1/DefinedStructure$a,,,
azc$b,net/minecraft/world/gen/structure/template/Template$BlockInfo,net/minecraft/server/v1_11_R1/DefinedStructure$BlockInfo,,,
azc$c,net/minecraft/world/gen/structure/template/Template$EntityInfo,net/minecraft/server/v1_11_R1/DefinedStructure$EntityInfo,,,
azc,net/minecraft/world/gen/structure/template/Template,net/minecraft/server/v1_11_R1/DefinedStructure,,,
azh,net/minecraft/world/gen/NoiseGeneratorImproved,net/minecraft/server/v1_11_R1/NoiseGeneratorPerlin,,,
azi,net/minecraft/world/gen/NoiseGeneratorOctaves,net/minecraft/server/v1_11_R1/NoiseGeneratorOctaves,,,
azj,net/minecraft/world/gen/NoiseGeneratorPerlin,net/minecraft/server/v1_11_R1/NoiseGenerator3,,,
azm,net/minecraft/world/gen/NoiseGeneratorSimplex,net/minecraft/server/v1_11_R1/NoiseGenerator3Handler,,,
azn,net/minecraft/world/gen/NoiseGenerator,net/minecraft/server/v1_11_R1/NoiseGenerator,,,
azp,net/minecraft/block/material/MaterialLogic,net/minecraft/server/v1_11_R1/MaterialDecoration,,,
azq,net/minecraft/block/material/MaterialTransparent,net/minecraft/server/v1_11_R1/MaterialGas,,,
azr,net/minecraft/block/material/MaterialLiquid,net/minecraft/server/v1_11_R1/MaterialLiquid,,,
azs$1,net/minecraft/block/material/Material$1,net/minecraft/server/v1_11_R1/Material$1,,,
azs,net/minecraft/block/material/Material,net/minecraft/server/v1_11_R1/Material,,,
azt,net/minecraft/block/material/MapColor,net/minecraft/server/v1_11_R1/MaterialMapColor,,,
azu,net/minecraft/block/material/MaterialPortal,net/minecraft/server/v1_11_R1/MaterialPortal,,,
azv,net/minecraft/block/material/EnumPushReaction,net/minecraft/server/v1_11_R1/EnumPistonReaction,,,
azx,net/minecraft/world/gen/layer/GenLayerDeepOcean,net/minecraft/server/v1_11_R1/GenLayerDeepOcean,,,
azy$a,net/minecraft/world/gen/layer/GenLayerEdge$Mode,net/minecraft/server/v1_11_R1/GenLayerSpecial$EnumGenLayerSpecial,,,
azy,net/minecraft/world/gen/layer/GenLayerEdge,net/minecraft/server/v1_11_R1/GenLayerSpecial,,,
azz,net/minecraft/world/gen/layer/GenLayerAddIsland,net/minecraft/server/v1_11_R1/GenLayerIsland,,,
b$1,net/minecraft/crash/CrashReport$1,net/minecraft/server/v1_11_R1/CrashReport$1,,,
b$2,net/minecraft/crash/CrashReport$2,net/minecraft/server/v1_11_R1/CrashReport$2,,,
b$3,net/minecraft/crash/CrashReport$3,net/minecraft/server/v1_11_R1/CrashReport$3,,,
b$4,net/minecraft/crash/CrashReport$4,net/minecraft/server/v1_11_R1/CrashReport$4,,,
b$5,net/minecraft/crash/CrashReport$5,net/minecraft/server/v1_11_R1/CrashReport$5,,,
b$6,net/minecraft/crash/CrashReport$6,net/minecraft/server/v1_11_R1/CrashReport$6,,,
b$7,net/minecraft/crash/CrashReport$7,net/minecraft/server/v1_11_R1/CrashReport$7,,,
b,net/minecraft/crash/CrashReport,net/minecraft/server/v1_11_R1/CrashReport,,,
ba,net/minecraft/command/server/CommandSaveOn,net/minecraft/server/v1_11_R1/CommandSaveOn,,,
baa,net/minecraft/world/gen/layer/GenLayerAddMushroomIsland,net/minecraft/server/v1_11_R1/GenLayerMushroomIsland,,,
bab,net/minecraft/world/gen/layer/GenLayerAddSnow,net/minecraft/server/v1_11_R1/GenLayerTopSoil,,,
bac,net/minecraft/world/gen/layer/GenLayerBiomeEdge,net/minecraft/server/v1_11_R1/GenLayerDesert,,,
bad,net/minecraft/world/gen/layer/GenLayerBiome,net/minecraft/server/v1_11_R1/GenLayerBiome,,,
baf,net/minecraft/world/gen/layer/GenLayerFuzzyZoom,net/minecraft/server/v1_11_R1/GenLayerZoomFuzzy,,,
bah,net/minecraft/world/gen/layer/IntCache,net/minecraft/server/v1_11_R1/IntCache,,,
bai,net/minecraft/world/gen/layer/GenLayerIsland,net/minecraft/server/v1_11_R1/LayerIsland,,,
baj,net/minecraft/world/gen/layer/GenLayer,net/minecraft/server/v1_11_R1/GenLayer,,,
bak,net/minecraft/world/gen/layer/GenLayerRareBiome,net/minecraft/server/v1_11_R1/GenLayerPlains,,,
bal,net/minecraft/world/gen/layer/GenLayerHills,net/minecraft/server/v1_11_R1/GenLayerRegionHills,,,
bam,net/minecraft/world/gen/layer/GenLayerRemoveTooMuchOcean,net/minecraft/server/v1_11_R1/GenLayerIcePlains,,,
ban,net/minecraft/world/gen/layer/GenLayerRiverInit,net/minecraft/server/v1_11_R1/GenLayerCleaner,,,
bao,net/minecraft/world/gen/layer/GenLayerRiver,net/minecraft/server/v1_11_R1/GenLayerRiver,,,
bap,net/minecraft/world/gen/layer/GenLayerRiverMix,net/minecraft/server/v1_11_R1/GenLayerRiverMix,,,
baq,net/minecraft/world/gen/layer/GenLayerShore,net/minecraft/server/v1_11_R1/GenLayerMushroomShore,,,
bar,net/minecraft/world/gen/layer/GenLayerSmooth,net/minecraft/server/v1_11_R1/GenLayerSmooth,,,
bav,net/minecraft/world/gen/layer/GenLayerVoronoiZoom,net/minecraft/server/v1_11_R1/GenLayerZoomVoronoi,,,
baw,net/minecraft/world/gen/layer/GenLayerZoom,net/minecraft/server/v1_11_R1/GenLayerZoom,,,
baz,net/minecraft/pathfinding/PathHeap,net/minecraft/server/v1_11_R1/Path,,,
bb,net/minecraft/command/server/CommandBroadcast,net/minecraft/server/v1_11_R1/CommandSay,,,
bba,net/minecraft/pathfinding/PathNodeType,net/minecraft/server/v1_11_R1/PathType,,,
bbb,net/minecraft/pathfinding/PathPoint,net/minecraft/server/v1_11_R1/PathPoint,,,
bbc,net/minecraft/pathfinding/NodeProcessor,net/minecraft/server/v1_11_R1/PathfinderAbstract,,,
bbd,net/minecraft/pathfinding/Path,net/minecraft/server/v1_11_R1/PathEntity,,,
bbe,net/minecraft/pathfinding/PathFinder,net/minecraft/server/v1_11_R1/Pathfinder,,,
bbf,net/minecraft/pathfinding/SwimNodeProcessor,net/minecraft/server/v1_11_R1/PathfinderWater,,,
bbg,net/minecraft/pathfinding/WalkNodeProcessor,net/minecraft/server/v1_11_R1/PathfinderNormal,,,
bbk,net/minecraft/world/WorldSavedDataCallableSave,net/minecraft/server/v1_11_R1/RunnableSaveScoreboard,,,
bbl,net/minecraft/world/WorldSavedData,net/minecraft/server/v1_11_R1/PersistentBase,,,
bbm$a,net/minecraft/world/storage/MapDecoration$Type,net/minecraft/server/v1_11_R1/MapIcon$Type,,,
bbm,net/minecraft/world/storage/MapDecoration,net/minecraft/server/v1_11_R1/MapIcon,,,
bbn$a,net/minecraft/world/storage/MapData$MapInfo,net/minecraft/server/v1_11_R1/WorldMap$WorldMapHumanTracker,,,
bbn,net/minecraft/world/storage/MapData,net/minecraft/server/v1_11_R1/WorldMap,,,
bbq,net/minecraft/world/chunk/storage/AnvilSaveHandler,net/minecraft/server/v1_11_R1/ServerNBTManager,,,
bbr$1,net/minecraft/world/chunk/storage/AnvilSaveConverter$1,net/minecraft/server/v1_11_R1/WorldLoaderServer$1,,,
bbr,net/minecraft/world/chunk/storage/AnvilSaveConverter,net/minecraft/server/v1_11_R1/WorldLoaderServer,,,
bbs,net/minecraft/world/storage/DerivedWorldInfo,net/minecraft/server/v1_11_R1/SecondaryWorldData,,,
bbt,net/minecraft/world/storage/SaveHandler,net/minecraft/server/v1_11_R1/WorldNBTStorage,,,
bbu,net/minecraft/world/storage/SaveFormatOld,net/minecraft/server/v1_11_R1/WorldLoader,,,
bbv$1,net/minecraft/world/storage/WorldInfo$1,net/minecraft/server/v1_11_R1/WorldData$1,,,
bbv$10,net/minecraft/world/storage/WorldInfo$9,net/minecraft/server/v1_11_R1/WorldData$10,,,
bbv$2,net/minecraft/world/storage/WorldInfo$10,net/minecraft/server/v1_11_R1/WorldData$2,,,
bbv$3,net/minecraft/world/storage/WorldInfo$2,net/minecraft/server/v1_11_R1/WorldData$3,,,
bbv$4,net/minecraft/world/storage/WorldInfo$3,net/minecraft/server/v1_11_R1/WorldData$4,,,
bbv$5,net/minecraft/world/storage/WorldInfo$4,net/minecraft/server/v1_11_R1/WorldData$5,,,
bbv$6,net/minecraft/world/storage/WorldInfo$5,net/minecraft/server/v1_11_R1/WorldData$6,,,
bbv$7,net/minecraft/world/storage/WorldInfo$6,net/minecraft/server/v1_11_R1/WorldData$7,,,
bbv$8,net/minecraft/world/storage/WorldInfo$7,net/minecraft/server/v1_11_R1/WorldData$8,,,
bbv$9,net/minecraft/world/storage/WorldInfo$8,net/minecraft/server/v1_11_R1/WorldData$9,,,
bbv,net/minecraft/world/storage/WorldInfo,net/minecraft/server/v1_11_R1/WorldData,,,
bbw,net/minecraft/world/storage/ISaveHandler,net/minecraft/server/v1_11_R1/IDataManager,,,
bby,net/minecraft/world/storage/ISaveFormat,net/minecraft/server/v1_11_R1/Convertable,,,
bc,net/minecraft/command/server/CommandScoreboard,net/minecraft/server/v1_11_R1/CommandScoreboard,,,
bcc,net/minecraft/world/storage/IPlayerFileData,net/minecraft/server/v1_11_R1/IPlayerFileData,,,
bce,net/minecraft/world/storage/MapStorage,net/minecraft/server/v1_11_R1/PersistentCollection,,,
bcf,net/minecraft/world/storage/loot/LootTableList,net/minecraft/server/v1_11_R1/LootTables,,,
bcg,net/minecraft/world/storage/loot/LootEntryEmpty,net/minecraft/server/v1_11_R1/LootSelectorEmpty,,,
bch,net/minecraft/world/storage/loot/LootEntryItem,net/minecraft/server/v1_11_R1/LootItem,,,
bci$a,net/minecraft/world/storage/loot/LootPool$Serializer,net/minecraft/server/v1_11_R1/LootSelector$a,,,
bci,net/minecraft/world/storage/loot/LootPool,net/minecraft/server/v1_11_R1/LootSelector,,,
bcj$a,net/minecraft/world/storage/loot/LootEntry$Serializer,net/minecraft/server/v1_11_R1/LotoSelectorEntry$a,,,
bcj,net/minecraft/world/storage/loot/LootEntry,net/minecraft/server/v1_11_R1/LotoSelectorEntry,,,
bck$a,net/minecraft/world/storage/loot/LootTable$Serializer,net/minecraft/server/v1_11_R1/LootTable$a,,,
bck,net/minecraft/world/storage/loot/LootTable,net/minecraft/server/v1_11_R1/LootTable,,,
bcl$a,net/minecraft/world/storage/loot/LootContext$Builder,net/minecraft/server/v1_11_R1/LootTableInfo$a,,,
bcl$b$a,net/minecraft/world/storage/loot/LootContext$EntityTarget$Serializer,net/minecraft/server/v1_11_R1/LootTableInfo$EntityTarget$a,,,
bcl$b,net/minecraft/world/storage/loot/LootContext$EntityTarget,net/minecraft/server/v1_11_R1/LootTableInfo$EntityTarget,,,
bcl,net/minecraft/world/storage/loot/LootContext,net/minecraft/server/v1_11_R1/LootTableInfo,,,
bcm,net/minecraft/world/storage/loot/LootEntryTable,net/minecraft/server/v1_11_R1/LootSelectorLootTable,,,
bcn$a,net/minecraft/world/storage/loot/LootTableManager$Loader,net/minecraft/server/v1_11_R1/LootTableRegistry$a,,,
bcn,net/minecraft/world/storage/loot/LootTableManager,net/minecraft/server/v1_11_R1/LootTableRegistry,,,
bco$a,net/minecraft/world/storage/loot/RandomValueRange$Serializer,net/minecraft/server/v1_11_R1/LootValueBounds$a,,,
bco,net/minecraft/world/storage/loot/RandomValueRange,net/minecraft/server/v1_11_R1/LootValueBounds,,,
bcp$a,net/minecraft/world/storage/loot/functions/EnchantRandomly$Serializer,net/minecraft/server/v1_11_R1/LootItemFunctionEnchant$a,,,
bcp,net/minecraft/world/storage/loot/functions/EnchantRandomly,net/minecraft/server/v1_11_R1/LootItemFunctionEnchant,,,
bcq$a,net/minecraft/world/storage/loot/functions/EnchantWithLevels$Serializer,net/minecraft/server/v1_11_R1/LootEnchantLevel$a,,,
bcq,net/minecraft/world/storage/loot/functions/EnchantWithLevels,net/minecraft/server/v1_11_R1/LootEnchantLevel,,,
bcr$a,net/minecraft/world/storage/loot/functions/LootFunction$Serializer,net/minecraft/server/v1_11_R1/LootItemFunction$a,,,
bcr,net/minecraft/world/storage/loot/functions/LootFunction,net/minecraft/server/v1_11_R1/LootItemFunction,,,
bcs$a,net/minecraft/world/storage/loot/functions/LootFunctionManager$Serializer,net/minecraft/server/v1_11_R1/LootItemFunctions$a,,,
bcs,net/minecraft/world/storage/loot/functions/LootFunctionManager,net/minecraft/server/v1_11_R1/LootItemFunctions,,,
bct$a,net/minecraft/world/storage/loot/functions/LootingEnchantBonus$Serializer,net/minecraft/server/v1_11_R1/LootEnchantFunction$a,,,
bct,net/minecraft/world/storage/loot/functions/LootingEnchantBonus,net/minecraft/server/v1_11_R1/LootEnchantFunction,,,
bcu$a,net/minecraft/world/storage/loot/functions/SetAttributes$Modifier,net/minecraft/server/v1_11_R1/LootItemFunctionSetAttribute$a,,,
bcu$b,net/minecraft/world/storage/loot/functions/SetAttributes$Serializer,net/minecraft/server/v1_11_R1/LootItemFunctionSetAttribute$b,,,
bcu,net/minecraft/world/storage/loot/functions/SetAttributes,net/minecraft/server/v1_11_R1/LootItemFunctionSetAttribute,,,
bcv$a,net/minecraft/world/storage/loot/functions/SetCount$Serializer,net/minecraft/server/v1_11_R1/LootItemFunctionSetCount$a,,,
bcv,net/minecraft/world/storage/loot/functions/SetCount,net/minecraft/server/v1_11_R1/LootItemFunctionSetCount,,,
bcw$a,net/minecraft/world/storage/loot/functions/SetDamage$Serializer,net/minecraft/server/v1_11_R1/LootItemFunctionSetDamage$a,,,
bcw,net/minecraft/world/storage/loot/functions/SetDamage,net/minecraft/server/v1_11_R1/LootItemFunctionSetDamage,,,
bcx$a,net/minecraft/world/storage/loot/functions/SetMetadata$Serializer,net/minecraft/server/v1_11_R1/LootItemFunctionSetData$a,,,
bcx,net/minecraft/world/storage/loot/functions/SetMetadata,net/minecraft/server/v1_11_R1/LootItemFunctionSetData,,,
bcy$a,net/minecraft/world/storage/loot/functions/SetNBT$Serializer,net/minecraft/server/v1_11_R1/LootItemFunctionSetTag$a,,,
bcy,net/minecraft/world/storage/loot/functions/SetNBT,net/minecraft/server/v1_11_R1/LootItemFunctionSetTag,,,
bcz$a,net/minecraft/world/storage/loot/functions/Smelt$Serializer,net/minecraft/server/v1_11_R1/LootItemFunctionSmelt$a,,,
bcz,net/minecraft/world/storage/loot/functions/Smelt,net/minecraft/server/v1_11_R1/LootItemFunctionSmelt,,,
bd,net/minecraft/command/ServerCommandManager,net/minecraft/server/v1_11_R1/CommandDispatcher,,,
bdc$a,net/minecraft/world/storage/loot/conditions/EntityHasScore$Serializer,net/minecraft/server/v1_11_R1/LootItemConditionEntityScore$a,,,
bdc,net/minecraft/world/storage/loot/conditions/EntityHasScore,net/minecraft/server/v1_11_R1/LootItemConditionEntityScore,,,
bdd$a,net/minecraft/world/storage/loot/conditions/LootCondition$Serializer,net/minecraft/server/v1_11_R1/LootItemCondition$a,,,
bdd,net/minecraft/world/storage/loot/conditions/LootCondition,net/minecraft/server/v1_11_R1/LootItemCondition,,,
bde$a,net/minecraft/world/storage/loot/conditions/LootConditionManager$Serializer,net/minecraft/server/v1_11_R1/LootItemConditions$a,,,
bde,net/minecraft/world/storage/loot/conditions/LootConditionManager,net/minecraft/server/v1_11_R1/LootItemConditions,,,
bdf$a,net/minecraft/world/storage/loot/conditions/EntityHasProperty$Serializer,net/minecraft/server/v1_11_R1/LootItemConditionEntityProperty$a,,,
bdf,net/minecraft/world/storage/loot/conditions/EntityHasProperty,net/minecraft/server/v1_11_R1/LootItemConditionEntityProperty,,,
bdg$a,net/minecraft/world/storage/loot/conditions/KilledByPlayer$Serializer,net/minecraft/server/v1_11_R1/LootItemConditionKilledByPlayer$a,,,
bdg,net/minecraft/world/storage/loot/conditions/KilledByPlayer,net/minecraft/server/v1_11_R1/LootItemConditionKilledByPlayer,,,
bdh$a,net/minecraft/world/storage/loot/conditions/RandomChance$Serializer,net/minecraft/server/v1_11_R1/LootItemConditionRandomChance$a,,,
bdh,net/minecraft/world/storage/loot/conditions/RandomChance,net/minecraft/server/v1_11_R1/LootItemConditionRandomChance,,,
bdi$a,net/minecraft/world/storage/loot/conditions/RandomChanceWithLooting$Serializer,net/minecraft/server/v1_11_R1/LootItemConditionRandomChanceWithLooting$a,,,
bdi,net/minecraft/world/storage/loot/conditions/RandomChanceWithLooting,net/minecraft/server/v1_11_R1/LootItemConditionRandomChanceWithLooting,,,
bdk,net/minecraft/world/storage/loot/properties/EntityPropertyManager,net/minecraft/server/v1_11_R1/LootEntityProperties,,,
bdl$a,net/minecraft/world/storage/loot/properties/EntityProperty$Serializer,net/minecraft/server/v1_11_R1/LootEntityProperty$a,,,
bdl,net/minecraft/world/storage/loot/properties/EntityProperty,net/minecraft/server/v1_11_R1/LootEntityProperty,,,
bdm$a,net/minecraft/world/storage/loot/properties/EntityOnFire$Serializer,net/minecraft/server/v1_11_R1/LootEntityPropertyOnFire$a,,,
bdm,net/minecraft/world/storage/loot/properties/EntityOnFire,net/minecraft/server/v1_11_R1/LootEntityPropertyOnFire,,,
bdp,net/minecraft/world/storage/ThreadedFileIOBase,net/minecraft/server/v1_11_R1/FileIOThread,,,
bdq,net/minecraft/world/storage/IThreadedFileIO,net/minecraft/server/v1_11_R1/IAsyncChunkSaver,,,
bdt,net/minecraft/util/math/AxisAlignedBB,net/minecraft/server/v1_11_R1/AxisAlignedBB,,,
bdu$a,net/minecraft/util/math/RayTraceResult$Type,net/minecraft/server/v1_11_R1/MovingObjectPosition$EnumMovingObjectType,,,
bdu,net/minecraft/util/math/RayTraceResult,net/minecraft/server/v1_11_R1/MovingObjectPosition,,,
bdw,net/minecraft/util/math/Vec3d,net/minecraft/server/v1_11_R1/Vec3D,,,
bdy,net/minecraft/scoreboard/ScoreObjective,net/minecraft/server/v1_11_R1/ScoreboardObjective,,,
bdz,net/minecraft/scoreboard/ScorePlayerTeam,net/minecraft/server/v1_11_R1/ScoreboardTeam,,,
be,net/minecraft/command/server/CommandSetBlock,net/minecraft/server/v1_11_R1/CommandSetBlock,,,
bea$1,net/minecraft/scoreboard/Score$1,net/minecraft/server/v1_11_R1/ScoreboardScore$1,,,
bea,net/minecraft/scoreboard/Score,net/minecraft/server/v1_11_R1/ScoreboardScore,,,
bec,net/minecraft/scoreboard/Scoreboard,net/minecraft/server/v1_11_R1/Scoreboard,,,
bed,net/minecraft/scoreboard/ScoreboardSaveData,net/minecraft/server/v1_11_R1/PersistentScoreboard,,,
bee$a,net/minecraft/scoreboard/Team$CollisionRule,net/minecraft/server/v1_11_R1/ScoreboardTeamBase$EnumTeamPush,,,
bee$b,net/minecraft/scoreboard/Team$EnumVisible,net/minecraft/server/v1_11_R1/ScoreboardTeamBase$EnumNameTagVisibility,,,
bee,net/minecraft/scoreboard/Team,net/minecraft/server/v1_11_R1/ScoreboardTeamBase,,,
bef,net/minecraft/scoreboard/ScoreCriteriaColored,net/minecraft/server/v1_11_R1/ScoreboardCriteriaInteger,,,
beg,net/minecraft/scoreboard/ScoreCriteria,net/minecraft/server/v1_11_R1/ScoreboardBaseCriteria,,,
beh,net/minecraft/scoreboard/ScoreCriteriaHealth,net/minecraft/server/v1_11_R1/ScoreboardHealthCriteria,,,
bei$a,net/minecraft/scoreboard/IScoreCriteria$EnumRenderType,net/minecraft/server/v1_11_R1/IScoreboardCriteria$EnumScoreboardHealthDisplay,,,
bei,net/minecraft/scoreboard/IScoreCriteria,net/minecraft/server/v1_11_R1/IScoreboardCriteria,,,
bej,net/minecraft/scoreboard/ScoreCriteriaReadOnly,net/minecraft/server/v1_11_R1/ScoreboardReadOnlyCriteria,,,
bek,net/minecraft/scoreboard/ScoreCriteriaStat,net/minecraft/server/v1_11_R1/ScoreboardStatisticCriteria,,,
bf,net/minecraft/command/CommandSetPlayerTimeout,net/minecraft/server/v1_11_R1/CommandIdleTimeout,,,
bg,net/minecraft/command/CommandSetSpawnpoint,net/minecraft/server/v1_11_R1/CommandSpawnpoint,,,
bh,net/minecraft/command/server/CommandSetDefaultSpawnpoint,net/minecraft/server/v1_11_R1/CommandSetWorldSpawn,,,
bi,net/minecraft/command/CommandShowSeed,net/minecraft/server/v1_11_R1/CommandSeed,,,
bj$a,net/minecraft/command/CommandSpreadPlayers$Position,net/minecraft/server/v1_11_R1/CommandSpreadPlayers$Location2D,,,
bj,net/minecraft/command/CommandSpreadPlayers,net/minecraft/server/v1_11_R1/CommandSpreadPlayers,,,
bk,net/minecraft/command/CommandStats,net/minecraft/server/v1_11_R1/CommandStats,,,
bl,net/minecraft/command/server/CommandStop,net/minecraft/server/v1_11_R1/CommandStop,,,
bm,net/minecraft/command/CommandStopSound,net/minecraft/server/v1_11_R1/CommandStopSound,,,
bn,net/minecraft/command/server/CommandSummon,net/minecraft/server/v1_11_R1/CommandSummon,,,
bo,net/minecraft/command/server/CommandTeleport,net/minecraft/server/v1_11_R1/CommandTeleport,,,
bp,net/minecraft/command/server/CommandMessageRaw,net/minecraft/server/v1_11_R1/CommandTellRaw,,,
br,net/minecraft/command/server/CommandTestForBlock,net/minecraft/server/v1_11_R1/CommandTestForBlock,,,
bs,net/minecraft/command/CommandCompare,net/minecraft/server/v1_11_R1/CommandTestForBlocks,,,
bt,net/minecraft/command/server/CommandTestFor,net/minecraft/server/v1_11_R1/CommandTestFor,,,
bu,net/minecraft/command/CommandTime,net/minecraft/server/v1_11_R1/CommandTime,,,
bv,net/minecraft/command/CommandTitle,net/minecraft/server/v1_11_R1/CommandTitle,,,
bw,net/minecraft/command/CommandToggleDownfall,net/minecraft/server/v1_11_R1/CommandToggleDownfall,,,
bx,net/minecraft/command/CommandTP,net/minecraft/server/v1_11_R1/CommandTp,,,
by,net/minecraft/command/CommandTrigger,net/minecraft/server/v1_11_R1/CommandTrigger,,,
bz,net/minecraft/command/CommandWeather,net/minecraft/server/v1_11_R1/CommandWeather,,,
c$1,net/minecraft/crash/CrashReportCategory$1,net/minecraft/server/v1_11_R1/CrashReportSystemDetails$1,,,
c$2,net/minecraft/crash/CrashReportCategory$2,net/minecraft/server/v1_11_R1/CrashReportSystemDetails$2,,,
c$3,net/minecraft/crash/CrashReportCategory$3,net/minecraft/server/v1_11_R1/CrashReportSystemDetails$3,,,
c$6,net/minecraft/crash/CrashReportCategory$6,net/minecraft/server/v1_11_R1/CrashReportSystemDetails$6,,,
c$7,net/minecraft/crash/CrashReportCategory$7,net/minecraft/server/v1_11_R1/CrashReportSystemDetails$7,,,
c$a,net/minecraft/crash/CrashReportCategory$Entry,net/minecraft/server/v1_11_R1/CrashReportSystemDetails$CrashReportDetail,,,
c,net/minecraft/crash/CrashReportCategory,net/minecraft/server/v1_11_R1/CrashReportSystemDetails,,,
ca,net/minecraft/command/server/CommandWhitelist,net/minecraft/server/v1_11_R1/CommandWhitelist,,,
cb,net/minecraft/command/CommandWorldBorder,net/minecraft/server/v1_11_R1/CommandWorldBorder,,,
cd,net/minecraft/command/CommandException,net/minecraft/server/v1_11_R1/CommandException,,,
ce,net/minecraft/command/EntityNotFoundException,net/minecraft/server/v1_11_R1/ExceptionEntityNotFound,,,
cf,net/minecraft/command/InvalidBlockStateException,net/minecraft/server/v1_11_R1/ExceptionInvalidBlockState,,,
cg,net/minecraft/command/NumberInvalidException,net/minecraft/server/v1_11_R1/ExceptionInvalidNumber,,,
ch,net/minecraft/command/SyntaxErrorException,net/minecraft/server/v1_11_R1/ExceptionInvalidSyntax,,,
ci,net/minecraft/command/PlayerNotFoundException,net/minecraft/server/v1_11_R1/ExceptionPlayerNotFound,,,
cj,net/minecraft/command/CommandNotFoundException,net/minecraft/server/v1_11_R1/ExceptionUnknownCommand,,,
ck,net/minecraft/command/WrongUsageException,net/minecraft/server/v1_11_R1/ExceptionUsage,,,
co$1$1,net/minecraft/util/math/BlockPos$1$1,net/minecraft/server/v1_11_R1/BlockPosition$1$1,,,
co$1,net/minecraft/util/math/BlockPos$1,net/minecraft/server/v1_11_R1/BlockPosition$1,,,
co$2$1,net/minecraft/util/math/BlockPos$2$1,net/minecraft/server/v1_11_R1/BlockPosition$2$1,,,
co$2,net/minecraft/util/math/BlockPos$2,net/minecraft/server/v1_11_R1/BlockPosition$2,,,
co$a,net/minecraft/util/math/BlockPos$MutableBlockPos,net/minecraft/server/v1_11_R1/BlockPosition$MutableBlockPosition,,,
co$b,net/minecraft/util/math/BlockPos$PooledMutableBlockPos,net/minecraft/server/v1_11_R1/BlockPosition$PooledBlockPosition,,,
co,net/minecraft/util/math/BlockPos,net/minecraft/server/v1_11_R1/BlockPosition,,,
cp,net/minecraft/dispenser/IBlockSource,net/minecraft/server/v1_11_R1/ISourceBlock,,,
cq,net/minecraft/block/BlockSourceImpl,net/minecraft/server/v1_11_R1/SourceBlock,,,
cr$a,net/minecraft/util/math/Cartesian$GetList,net/minecraft/server/v1_11_R1/IteratorUtils$ArrayToList,,,
cr$b$a,net/minecraft/util/math/Cartesian$Product$ProductIterator,net/minecraft/server/v1_11_R1/IteratorUtils$ClassIterable$ClassIterator,,,
cr$b,net/minecraft/util/math/Cartesian$Product,net/minecraft/server/v1_11_R1/IteratorUtils$ClassIterable,,,
cr,net/minecraft/util/math/Cartesian,net/minecraft/server/v1_11_R1/IteratorUtils,,,
cs,net/minecraft/dispenser/BehaviorDefaultDispenseItem,net/minecraft/server/v1_11_R1/DispenseBehaviorItem,,,
ct,net/minecraft/util/registry/RegistryNamespacedDefaultedByKey,net/minecraft/server/v1_11_R1/RegistryBlocks,,,
cu,net/minecraft/util/registry/RegistryDefaulted,net/minecraft/server/v1_11_R1/RegistryDefault,,,
cv$a,net/minecraft/util/EnumFacing$Axis,net/minecraft/server/v1_11_R1/EnumDirection$EnumAxis,,,
cv$b,net/minecraft/util/EnumFacing$AxisDirection,net/minecraft/server/v1_11_R1/EnumDirection$EnumAxisDirection,,,
cv$c,net/minecraft/util/EnumFacing$Plane,net/minecraft/server/v1_11_R1/EnumDirection$EnumDirectionLimit,,,
cv,net/minecraft/util/EnumFacing,net/minecraft/server/v1_11_R1/EnumDirection,,,
cw$1,net/minecraft/dispenser/IBehaviorDispenseItem$1,net/minecraft/server/v1_11_R1/IDispenseBehavior$1,,,
cw,net/minecraft/dispenser/IBehaviorDispenseItem,net/minecraft/server/v1_11_R1/IDispenseBehavior,,,
cx,net/minecraft/util/IObjectIntIterable,net/minecraft/server/v1_11_R1/Registry,,,
cy,net/minecraft/util/ObjectIntIdentityMap,net/minecraft/server/v1_11_R1/RegistryBlockID,,,
cz,net/minecraft/dispenser/ILocatableSource,net/minecraft/server/v1_11_R1/ILocationSource,,,
d,net/minecraft/crash/ICrashReportDetail,net/minecraft/server/v1_11_R1/CrashReportCallable,,,
da,net/minecraft/dispenser/ILocation,net/minecraft/server/v1_11_R1/ISource,,,
db,net/minecraft/util/MapPopulator,net/minecraft/server/v1_11_R1/MapGeneratorUtils,,,
dc,net/minecraft/util/registry/RegistryNamespaced,net/minecraft/server/v1_11_R1/RegistryMaterials,,,
dd,net/minecraft/util/NonNullList,net/minecraft/server/v1_11_R1/NonNullList,,,
de,net/minecraft/util/EnumParticleTypes,net/minecraft/server/v1_11_R1/EnumParticle,,,
df,net/minecraft/dispenser/IPosition,net/minecraft/server/v1_11_R1/IPosition,,,
dg,net/minecraft/dispenser/PositionImpl,net/minecraft/server/v1_11_R1/Position,,,
dh,net/minecraft/util/registry/IRegistry,net/minecraft/server/v1_11_R1/IRegistry,,,
di,net/minecraft/util/math/Rotations,net/minecraft/server/v1_11_R1/Vector3f,,,
dj,net/minecraft/util/registry/RegistrySimple,net/minecraft/server/v1_11_R1/RegistrySimple,,,
dl,net/minecraft/util/math/Vec3i,net/minecraft/server/v1_11_R1/BaseBlockPosition,,,
dp,net/minecraft/util/text/translation/I18n,net/minecraft/server/v1_11_R1/LocaleI18n,,,
dq,net/minecraft/util/text/translation/LanguageMap,net/minecraft/server/v1_11_R1/LocaleLanguage,,,
ds,net/minecraft/nbt/NBTTagByteArray,net/minecraft/server/v1_11_R1/NBTTagByteArray,,,
dt,net/minecraft/nbt/NBTTagByte,net/minecraft/server/v1_11_R1/NBTTagByte,,,
du$1,net/minecraft/nbt/NBTTagCompound$1,net/minecraft/server/v1_11_R1/NBTTagCompound$1,,,
du$2,net/minecraft/nbt/NBTTagCompound$2,net/minecraft/server/v1_11_R1/NBTTagCompound$2,,,
du,net/minecraft/nbt/NBTTagCompound,net/minecraft/server/v1_11_R1/NBTTagCompound,,,
dv,net/minecraft/nbt/NBTTagDouble,net/minecraft/server/v1_11_R1/NBTTagDouble,,,
dw,net/minecraft/nbt/NBTTagEnd,net/minecraft/server/v1_11_R1/NBTTagEnd,,,
dx,net/minecraft/nbt/NBTTagFloat,net/minecraft/server/v1_11_R1/NBTTagFloat,,,
dy,net/minecraft/nbt/NBTTagIntArray,net/minecraft/server/v1_11_R1/NBTTagIntArray,,,
dz,net/minecraft/nbt/NBTTagInt,net/minecraft/server/v1_11_R1/NBTTagInt,,,
ea,net/minecraft/nbt/NBTTagList,net/minecraft/server/v1_11_R1/NBTTagList,,,
eb,net/minecraft/nbt/NBTTagLong,net/minecraft/server/v1_11_R1/NBTTagLong,,,
ec$1,net/minecraft/nbt/NBTSizeTracker$1,net/minecraft/server/v1_11_R1/NBTReadLimiter$1,,,
ec,net/minecraft/nbt/NBTSizeTracker,net/minecraft/server/v1_11_R1/NBTReadLimiter,,,
ed,net/minecraft/nbt/CompressedStreamTools,net/minecraft/server/v1_11_R1/NBTCompressedStreamTools,,,
ee,net/minecraft/nbt/NBTUtil,net/minecraft/server/v1_11_R1/GameProfileSerializer,,,
ef,net/minecraft/nbt/NBTPrimitive,net/minecraft/server/v1_11_R1/NBTNumber,,,
eg,net/minecraft/nbt/NBTTagShort,net/minecraft/server/v1_11_R1/NBTTagShort,,,
eh,net/minecraft/nbt/NBTTagString,net/minecraft/server/v1_11_R1/NBTTagString,,,
ei,net/minecraft/nbt/NBTBase,net/minecraft/server/v1_11_R1/NBTBase,,,
ej,net/minecraft/nbt/NBTException,net/minecraft/server/v1_11_R1/MojangsonParseException,,,
ek$a,net/minecraft/nbt/JsonToNBT$Any,net/minecraft/server/v1_11_R1/MojangsonParser$MojangsonTypeParser,,,
ek$b,net/minecraft/nbt/JsonToNBT$Compound,net/minecraft/server/v1_11_R1/MojangsonParser$MojangsonCompoundParser,,,
ek$c,net/minecraft/nbt/JsonToNBT$List,net/minecraft/server/v1_11_R1/MojangsonParser$MojangsonListParser,,,
ek$d,net/minecraft/nbt/JsonToNBT$Primitive,net/minecraft/server/v1_11_R1/MojangsonParser$MojangsonPrimitiveParser,,,
ek,net/minecraft/nbt/JsonToNBT,net/minecraft/server/v1_11_R1/MojangsonParser,,,
em,net/minecraft/network/NettyEncryptionTranslator,net/minecraft/server/v1_11_R1/PacketEncryptionHandler,,,
en,net/minecraft/network/NettyEncryptingDecoder,net/minecraft/server/v1_11_R1/PacketDecrypter,,,
eo,net/minecraft/network/NettyEncryptingEncoder,net/minecraft/server/v1_11_R1/PacketEncrypter,,,
ep,net/minecraft/network/NettyCompressionDecoder,net/minecraft/server/v1_11_R1/PacketDecompressor,,,
eq,net/minecraft/network/NettyCompressionEncoder,net/minecraft/server/v1_11_R1/PacketCompressor,,,
er$1,net/minecraft/network/NetworkManager$1,net/minecraft/server/v1_11_R1/NetworkManager$1,,,
er$2,net/minecraft/network/NetworkManager$2,net/minecraft/server/v1_11_R1/NetworkManager$2,,,
er$3,net/minecraft/network/NetworkManager$3,net/minecraft/server/v1_11_R1/NetworkManager$3,,,
er$4,net/minecraft/network/NetworkManager$4,net/minecraft/server/v1_11_R1/NetworkManager$4,,,
er$a,net/minecraft/network/NetworkManager$InboundHandlerTuplePacketListener,net/minecraft/server/v1_11_R1/NetworkManager$QueuedPacket,,,
er,net/minecraft/network/NetworkManager,net/minecraft/server/v1_11_R1/NetworkManager,,,
es$1,net/minecraft/network/EnumConnectionState$1,net/minecraft/server/v1_11_R1/EnumProtocol$1,,,
es$2,net/minecraft/network/EnumConnectionState$2,net/minecraft/server/v1_11_R1/EnumProtocol$2,,,
es$3,net/minecraft/network/EnumConnectionState$3,net/minecraft/server/v1_11_R1/EnumProtocol$3,,,
es$4,net/minecraft/network/EnumConnectionState$4,net/minecraft/server/v1_11_R1/EnumProtocol$4,,,
es,net/minecraft/network/EnumConnectionState,net/minecraft/server/v1_11_R1/EnumProtocol,,,
et,net/minecraft/network/PacketBuffer,net/minecraft/server/v1_11_R1/PacketDataSerializer,,,
eu,net/minecraft/network/NettyPacketDecoder,net/minecraft/server/v1_11_R1/PacketDecoder,,,
ev,net/minecraft/network/NettyPacketEncoder,net/minecraft/server/v1_11_R1/PacketEncoder,,,
ew,net/minecraft/network/INetHandler,net/minecraft/server/v1_11_R1/PacketListener,,,
ex,net/minecraft/network/NettyVarint21FrameDecoder,net/minecraft/server/v1_11_R1/PacketSplitter,,,
ey,net/minecraft/network/NettyVarint21FrameEncoder,net/minecraft/server/v1_11_R1/PacketPrepender,,,
ez$1,net/minecraft/util/text/TextComponentBase$1,net/minecraft/server/v1_11_R1/ChatBaseComponent$1,,,
ez$2,net/minecraft/util/text/TextComponentBase$2,net/minecraft/server/v1_11_R1/ChatBaseComponent$2,,,
ez,net/minecraft/util/text/TextComponentBase,net/minecraft/server/v1_11_R1/ChatBaseComponent,,,
f,net/minecraft/util/ReportedException,net/minecraft/server/v1_11_R1/ReportedException,,,
fa$a,net/minecraft/util/text/event/ClickEvent$Action,net/minecraft/server/v1_11_R1/ChatClickable$EnumClickAction,,,
fa,net/minecraft/util/text/event/ClickEvent,net/minecraft/server/v1_11_R1/ChatClickable,,,
fb$a,net/minecraft/util/text/ITextComponent$Serializer,net/minecraft/server/v1_11_R1/IChatBaseComponent$ChatSerializer,,,
fb,net/minecraft/util/text/ITextComponent,net/minecraft/server/v1_11_R1/IChatBaseComponent,,,
fc,net/minecraft/util/text/TextComponentUtils,net/minecraft/server/v1_11_R1/ChatComponentUtils,,,
fd$a,net/minecraft/util/text/event/HoverEvent$Action,net/minecraft/server/v1_11_R1/ChatHoverable$EnumHoverAction,,,
fd,net/minecraft/util/text/event/HoverEvent,net/minecraft/server/v1_11_R1/ChatHoverable,,,
fe,net/minecraft/util/text/TextComponentScore,net/minecraft/server/v1_11_R1/ChatComponentScore,,,
ff,net/minecraft/util/text/TextComponentSelector,net/minecraft/server/v1_11_R1/ChatComponentSelector,,,
fg$1,net/minecraft/util/text/Style$1,net/minecraft/server/v1_11_R1/ChatModifier$1,,,
fg$a,net/minecraft/util/text/Style$Serializer,net/minecraft/server/v1_11_R1/ChatModifier$ChatModifierSerializer,,,
fg,net/minecraft/util/text/Style,net/minecraft/server/v1_11_R1/ChatModifier,,,
fh,net/minecraft/util/text/TextComponentString,net/minecraft/server/v1_11_R1/ChatComponentText,,,
fi,net/minecraft/util/text/TextComponentTranslation,net/minecraft/server/v1_11_R1/ChatMessage,,,
fj,net/minecraft/util/text/TextComponentTranslationFormatException,net/minecraft/server/v1_11_R1/ChatMessageException,,,
fm,net/minecraft/network/Packet,net/minecraft/server/v1_11_R1/Packet,,,
fn,net/minecraft/network/EnumPacketDirection,net/minecraft/server/v1_11_R1/EnumProtocolDirection,,,
fo$1,net/minecraft/network/PacketThreadUtil$1,net/minecraft/server/v1_11_R1/PlayerConnectionUtils$1,,,
fo,net/minecraft/network/PacketThreadUtil,net/minecraft/server/v1_11_R1/PlayerConnectionUtils,,,
fp,net/minecraft/network/play/INetHandlerPlayClient,net/minecraft/server/v1_11_R1/PacketListenerPlayOut,,,
fq,net/minecraft/network/play/server/SPacketSpawnObject,net/minecraft/server/v1_11_R1/PacketPlayOutSpawnEntity,,,
fr,net/minecraft/network/play/server/SPacketSpawnExperienceOrb,net/minecraft/server/v1_11_R1/PacketPlayOutSpawnEntityExperienceOrb,,,
fs,net/minecraft/network/play/server/SPacketSpawnGlobalEntity,net/minecraft/server/v1_11_R1/PacketPlayOutSpawnEntityWeather,,,
ft,net/minecraft/network/play/server/SPacketSpawnMob,net/minecraft/server/v1_11_R1/PacketPlayOutSpawnEntityLiving,,,
fu,net/minecraft/network/play/server/SPacketSpawnPainting,net/minecraft/server/v1_11_R1/PacketPlayOutSpawnEntityPainting,,,
fv,net/minecraft/network/play/server/SPacketSpawnPlayer,net/minecraft/server/v1_11_R1/PacketPlayOutNamedEntitySpawn,,,
fw,net/minecraft/network/play/server/SPacketAnimation,net/minecraft/server/v1_11_R1/PacketPlayOutAnimation,,,
fx,net/minecraft/network/play/server/SPacketStatistics,net/minecraft/server/v1_11_R1/PacketPlayOutStatistic,,,
fy,net/minecraft/network/play/server/SPacketBlockBreakAnim,net/minecraft/server/v1_11_R1/PacketPlayOutBlockBreakAnimation,,,
fz,net/minecraft/network/play/server/SPacketUpdateTileEntity,net/minecraft/server/v1_11_R1/PacketPlayOutTileEntityData,,,
g,net/minecraft/util/ChatAllowedCharacters,net/minecraft/server/v1_11_R1/SharedConstants,,,
ga,net/minecraft/network/play/server/SPacketBlockAction,net/minecraft/server/v1_11_R1/PacketPlayOutBlockAction,,,
gb,net/minecraft/network/play/server/SPacketBlockChange,net/minecraft/server/v1_11_R1/PacketPlayOutBlockChange,,,
gc$a,net/minecraft/network/play/server/SPacketUpdateBossInfo$Operation,net/minecraft/server/v1_11_R1/PacketPlayOutBoss$Action,,,
gc,net/minecraft/network/play/server/SPacketUpdateBossInfo,net/minecraft/server/v1_11_R1/PacketPlayOutBoss,,,
gd,net/minecraft/network/play/server/SPacketServerDifficulty,net/minecraft/server/v1_11_R1/PacketPlayOutServerDifficulty,,,
ge,net/minecraft/network/play/server/SPacketTabComplete,net/minecraft/server/v1_11_R1/PacketPlayOutTabComplete,,,
gf,net/minecraft/network/play/server/SPacketChat,net/minecraft/server/v1_11_R1/PacketPlayOutChat,,,
gg$a,net/minecraft/network/play/server/SPacketMultiBlockChange$BlockUpdateData,net/minecraft/server/v1_11_R1/PacketPlayOutMultiBlockChange$MultiBlockChangeInfo,,,
gg,net/minecraft/network/play/server/SPacketMultiBlockChange,net/minecraft/server/v1_11_R1/PacketPlayOutMultiBlockChange,,,
gh,net/minecraft/network/play/server/SPacketConfirmTransaction,net/minecraft/server/v1_11_R1/PacketPlayOutTransaction,,,
gi,net/minecraft/network/play/server/SPacketCloseWindow,net/minecraft/server/v1_11_R1/PacketPlayOutCloseWindow,,,
gj,net/minecraft/network/play/server/SPacketOpenWindow,net/minecraft/server/v1_11_R1/PacketPlayOutOpenWindow,,,
gk,net/minecraft/network/play/server/SPacketWindowItems,net/minecraft/server/v1_11_R1/PacketPlayOutWindowItems,,,
gl,net/minecraft/network/play/server/SPacketWindowProperty,net/minecraft/server/v1_11_R1/PacketPlayOutWindowData,,,
gm,net/minecraft/network/play/server/SPacketSetSlot,net/minecraft/server/v1_11_R1/PacketPlayOutSetSlot,,,
gn,net/minecraft/network/play/server/SPacketCooldown,net/minecraft/server/v1_11_R1/PacketPlayOutSetCooldown,,,
go,net/minecraft/network/play/server/SPacketCustomPayload,net/minecraft/server/v1_11_R1/PacketPlayOutCustomPayload,,,
gp,net/minecraft/network/play/server/SPacketCustomSound,net/minecraft/server/v1_11_R1/PacketPlayOutCustomSoundEffect,,,
gq,net/minecraft/network/play/server/SPacketDisconnect,net/minecraft/server/v1_11_R1/PacketPlayOutKickDisconnect,,,
gr,net/minecraft/network/play/server/SPacketEntityStatus,net/minecraft/server/v1_11_R1/PacketPlayOutEntityStatus,,,
gs,net/minecraft/network/play/server/SPacketExplosion,net/minecraft/server/v1_11_R1/PacketPlayOutExplosion,,,
gt,net/minecraft/network/play/server/SPacketUnloadChunk,net/minecraft/server/v1_11_R1/PacketPlayOutUnloadChunk,,,
gu,net/minecraft/network/play/server/SPacketChangeGameState,net/minecraft/server/v1_11_R1/PacketPlayOutGameStateChange,,,
gv,net/minecraft/network/play/server/SPacketKeepAlive,net/minecraft/server/v1_11_R1/PacketPlayOutKeepAlive,,,
gw,net/minecraft/network/play/server/SPacketChunkData,net/minecraft/server/v1_11_R1/PacketPlayOutMapChunk,,,
gx,net/minecraft/network/play/server/SPacketEffect,net/minecraft/server/v1_11_R1/PacketPlayOutWorldEvent,,,
gy,net/minecraft/network/play/server/SPacketParticles,net/minecraft/server/v1_11_R1/PacketPlayOutWorldParticles,,,
gz,net/minecraft/network/play/server/SPacketJoinGame,net/minecraft/server/v1_11_R1/PacketPlayOutLogin,,,
h,net/minecraft/util/Util,net/minecraft/server/v1_11_R1/SystemUtils,,,
ha,net/minecraft/network/play/server/SPacketMaps,net/minecraft/server/v1_11_R1/PacketPlayOutMap,,,
hb$a,net/minecraft/network/play/server/SPacketEntity$S15PacketEntityRelMove,net/minecraft/server/v1_11_R1/PacketPlayOutEntity$PacketPlayOutRelEntityMove,,,
hb$b,net/minecraft/network/play/server/SPacketEntity$S17PacketEntityLookMove,net/minecraft/server/v1_11_R1/PacketPlayOutEntity$PacketPlayOutRelEntityMoveLook,,,
hb$c,net/minecraft/network/play/server/SPacketEntity$S16PacketEntityLook,net/minecraft/server/v1_11_R1/PacketPlayOutEntity$PacketPlayOutEntityLook,,,
hb,net/minecraft/network/play/server/SPacketEntity,net/minecraft/server/v1_11_R1/PacketPlayOutEntity,,,
hc,net/minecraft/network/play/server/SPacketMoveVehicle,net/minecraft/server/v1_11_R1/PacketPlayOutVehicleMove,,,
hd,net/minecraft/network/play/server/SPacketSignEditorOpen,net/minecraft/server/v1_11_R1/PacketPlayOutOpenSignEditor,,,
he,net/minecraft/network/play/server/SPacketPlayerAbilities,net/minecraft/server/v1_11_R1/PacketPlayOutAbilities,,,
hf$a,net/minecraft/network/play/server/SPacketCombatEvent$Event,net/minecraft/server/v1_11_R1/PacketPlayOutCombatEvent$EnumCombatEventType,,,
hf,net/minecraft/network/play/server/SPacketCombatEvent,net/minecraft/server/v1_11_R1/PacketPlayOutCombatEvent,,,
hg$a,net/minecraft/network/play/server/SPacketPlayerListItem$Action,net/minecraft/server/v1_11_R1/PacketPlayOutPlayerInfo$EnumPlayerInfoAction,,,
hg$b,net/minecraft/network/play/server/SPacketPlayerListItem$AddPlayerData,net/minecraft/server/v1_11_R1/PacketPlayOutPlayerInfo$PlayerInfoData,,,
hg,net/minecraft/network/play/server/SPacketPlayerListItem,net/minecraft/server/v1_11_R1/PacketPlayOutPlayerInfo,,,
hh$a,net/minecraft/network/play/server/SPacketPlayerPosLook$EnumFlags,net/minecraft/server/v1_11_R1/PacketPlayOutPosition$EnumPlayerTeleportFlags,,,
hh,net/minecraft/network/play/server/SPacketPlayerPosLook,net/minecraft/server/v1_11_R1/PacketPlayOutPosition,,,
hi,net/minecraft/network/play/server/SPacketUseBed,net/minecraft/server/v1_11_R1/PacketPlayOutBed,,,
hj,net/minecraft/network/play/server/SPacketDestroyEntities,net/minecraft/server/v1_11_R1/PacketPlayOutEntityDestroy,,,
hk,net/minecraft/network/play/server/SPacketRemoveEntityEffect,net/minecraft/server/v1_11_R1/PacketPlayOutRemoveEntityEffect,,,
hl,net/minecraft/network/play/server/SPacketResourcePackSend,net/minecraft/server/v1_11_R1/PacketPlayOutResourcePackSend,,,
hm,net/minecraft/network/play/server/SPacketRespawn,net/minecraft/server/v1_11_R1/PacketPlayOutRespawn,,,
hn,net/minecraft/network/play/server/SPacketEntityHeadLook,net/minecraft/server/v1_11_R1/PacketPlayOutEntityHeadRotation,,,
ho$a,net/minecraft/network/play/server/SPacketWorldBorder$Action,net/minecraft/server/v1_11_R1/PacketPlayOutWorldBorder$EnumWorldBorderAction,,,
ho,net/minecraft/network/play/server/SPacketWorldBorder,net/minecraft/server/v1_11_R1/PacketPlayOutWorldBorder,,,
hp,net/minecraft/network/play/server/SPacketCamera,net/minecraft/server/v1_11_R1/PacketPlayOutCamera,,,
hq,net/minecraft/network/play/server/SPacketHeldItemChange,net/minecraft/server/v1_11_R1/PacketPlayOutHeldItemSlot,,,
hr,net/minecraft/network/play/server/SPacketDisplayObjective,net/minecraft/server/v1_11_R1/PacketPlayOutScoreboardDisplayObjective,,,
hs,net/minecraft/network/play/server/SPacketEntityMetadata,net/minecraft/server/v1_11_R1/PacketPlayOutEntityMetadata,,,
ht,net/minecraft/network/play/server/SPacketEntityAttach,net/minecraft/server/v1_11_R1/PacketPlayOutAttachEntity,,,
hu,net/minecraft/network/play/server/SPacketEntityVelocity,net/minecraft/server/v1_11_R1/PacketPlayOutEntityVelocity,,,
hv,net/minecraft/network/play/server/SPacketEntityEquipment,net/minecraft/server/v1_11_R1/PacketPlayOutEntityEquipment,,,
hw,net/minecraft/network/play/server/SPacketSetExperience,net/minecraft/server/v1_11_R1/PacketPlayOutExperience,,,
hx,net/minecraft/network/play/server/SPacketUpdateHealth,net/minecraft/server/v1_11_R1/PacketPlayOutUpdateHealth,,,
hy,net/minecraft/network/play/server/SPacketScoreboardObjective,net/minecraft/server/v1_11_R1/PacketPlayOutScoreboardObjective,,,
hz,net/minecraft/network/play/server/SPacketSetPassengers,net/minecraft/server/v1_11_R1/PacketPlayOutMount,,,
i,net/minecraft/command/ICommandListener,net/minecraft/server/v1_11_R1/ICommandDispatcher,,,
ia,net/minecraft/network/play/server/SPacketTeams,net/minecraft/server/v1_11_R1/PacketPlayOutScoreboardTeam,,,
ib$a,net/minecraft/network/play/server/SPacketUpdateScore$Action,net/minecraft/server/v1_11_R1/PacketPlayOutScoreboardScore$EnumScoreboardAction,,,
ib,net/minecraft/network/play/server/SPacketUpdateScore,net/minecraft/server/v1_11_R1/PacketPlayOutScoreboardScore,,,
ic,net/minecraft/network/play/server/SPacketSpawnPosition,net/minecraft/server/v1_11_R1/PacketPlayOutSpawnPosition,,,
id,net/minecraft/network/play/server/SPacketTimeUpdate,net/minecraft/server/v1_11_R1/PacketPlayOutUpdateTime,,,
ie$a,net/minecraft/network/play/server/SPacketTitle$Type,net/minecraft/server/v1_11_R1/PacketPlayOutTitle$EnumTitleAction,,,
ie,net/minecraft/network/play/server/SPacketTitle,net/minecraft/server/v1_11_R1/PacketPlayOutTitle,,,
ig,net/minecraft/network/play/server/SPacketSoundEffect,net/minecraft/server/v1_11_R1/PacketPlayOutNamedSoundEffect,,,
ih,net/minecraft/network/play/server/SPacketPlayerListHeaderFooter,net/minecraft/server/v1_11_R1/PacketPlayOutPlayerListHeaderFooter,,,
ii,net/minecraft/network/play/server/SPacketCollectItem,net/minecraft/server/v1_11_R1/PacketPlayOutCollect,,,
ij,net/minecraft/network/play/server/SPacketEntityTeleport,net/minecraft/server/v1_11_R1/PacketPlayOutEntityTeleport,,,
ik$a,net/minecraft/network/play/server/SPacketEntityProperties$Snapshot,net/minecraft/server/v1_11_R1/PacketPlayOutUpdateAttributes$AttributeSnapshot,,,
ik,net/minecraft/network/play/server/SPacketEntityProperties,net/minecraft/server/v1_11_R1/PacketPlayOutUpdateAttributes,,,
il,net/minecraft/network/play/server/SPacketEntityEffect,net/minecraft/server/v1_11_R1/PacketPlayOutEntityEffect,,,
im,net/minecraft/network/play/INetHandlerPlayServer,net/minecraft/server/v1_11_R1/PacketListenerPlayIn,,,
in,net/minecraft/network/play/client/CPacketConfirmTeleport,net/minecraft/server/v1_11_R1/PacketPlayInTeleportAccept,,,
io,net/minecraft/network/play/client/CPacketTabComplete,net/minecraft/server/v1_11_R1/PacketPlayInTabComplete,,,
ip,net/minecraft/network/play/client/CPacketChatMessage,net/minecraft/server/v1_11_R1/PacketPlayInChat,,,
iq$a,net/minecraft/network/play/client/CPacketClientStatus$State,net/minecraft/server/v1_11_R1/PacketPlayInClientCommand$EnumClientCommand,,,
iq,net/minecraft/network/play/client/CPacketClientStatus,net/minecraft/server/v1_11_R1/PacketPlayInClientCommand,,,
ir,net/minecraft/network/play/client/CPacketClientSettings,net/minecraft/server/v1_11_R1/PacketPlayInSettings,,,
is,net/minecraft/network/play/client/CPacketConfirmTransaction,net/minecraft/server/v1_11_R1/PacketPlayInTransaction,,,
it,net/minecraft/network/play/client/CPacketEnchantItem,net/minecraft/server/v1_11_R1/PacketPlayInEnchantItem,,,
iu,net/minecraft/network/play/client/CPacketClickWindow,net/minecraft/server/v1_11_R1/PacketPlayInWindowClick,,,
iv,net/minecraft/network/play/client/CPacketCloseWindow,net/minecraft/server/v1_11_R1/PacketPlayInCloseWindow,,,
iw,net/minecraft/network/play/client/CPacketCustomPayload,net/minecraft/server/v1_11_R1/PacketPlayInCustomPayload,,,
ix$a,net/minecraft/network/play/client/CPacketUseEntity$Action,net/minecraft/server/v1_11_R1/PacketPlayInUseEntity$EnumEntityUseAction,,,
ix,net/minecraft/network/play/client/CPacketUseEntity,net/minecraft/server/v1_11_R1/PacketPlayInUseEntity,,,
iy,net/minecraft/network/play/client/CPacketKeepAlive,net/minecraft/server/v1_11_R1/PacketPlayInKeepAlive,,,
iz$a,net/minecraft/network/play/client/CPacketPlayer$Position,net/minecraft/server/v1_11_R1/PacketPlayInFlying$PacketPlayInPosition,,,
iz$b,net/minecraft/network/play/client/CPacketPlayer$PositionRotation,net/minecraft/server/v1_11_R1/PacketPlayInFlying$PacketPlayInPositionLook,,,
iz$c,net/minecraft/network/play/client/CPacketPlayer$Rotation,net/minecraft/server/v1_11_R1/PacketPlayInFlying$PacketPlayInLook,,,
iz,net/minecraft/network/play/client/CPacketPlayer,net/minecraft/server/v1_11_R1/PacketPlayInFlying,,,
j$1,net/minecraft/command/CommandBase$1,net/minecraft/server/v1_11_R1/CommandAbstract$1,,,
j$2,net/minecraft/command/CommandBase$2,net/minecraft/server/v1_11_R1/CommandAbstract$2,,,
j$a,net/minecraft/command/CommandBase$CoordinateArg,net/minecraft/server/v1_11_R1/CommandAbstract$CommandNumber,,,
j,net/minecraft/command/CommandBase,net/minecraft/server/v1_11_R1/CommandAbstract,,,
ja,net/minecraft/network/play/client/CPacketVehicleMove,net/minecraft/server/v1_11_R1/PacketPlayInVehicleMove,,,
jb,net/minecraft/network/play/client/CPacketSteerBoat,net/minecraft/server/v1_11_R1/PacketPlayInBoatMove,,,
jc,net/minecraft/network/play/client/CPacketPlayerAbilities,net/minecraft/server/v1_11_R1/PacketPlayInAbilities,,,
jd$a,net/minecraft/network/play/client/CPacketPlayerDigging$Action,net/minecraft/server/v1_11_R1/PacketPlayInBlockDig$EnumPlayerDigType,,,
jd,net/minecraft/network/play/client/CPacketPlayerDigging,net/minecraft/server/v1_11_R1/PacketPlayInBlockDig,,,
je$a,net/minecraft/network/play/client/CPacketEntityAction$Action,net/minecraft/server/v1_11_R1/PacketPlayInEntityAction$EnumPlayerAction,,,
je,net/minecraft/network/play/client/CPacketEntityAction,net/minecraft/server/v1_11_R1/PacketPlayInEntityAction,,,
jf,net/minecraft/network/play/client/CPacketInput,net/minecraft/server/v1_11_R1/PacketPlayInSteerVehicle,,,
jg$a,net/minecraft/network/play/client/CPacketResourcePackStatus$Action,net/minecraft/server/v1_11_R1/PacketPlayInResourcePackStatus$EnumResourcePackStatus,,,
jg,net/minecraft/network/play/client/CPacketResourcePackStatus,net/minecraft/server/v1_11_R1/PacketPlayInResourcePackStatus,,,
jh,net/minecraft/network/play/client/CPacketHeldItemChange,net/minecraft/server/v1_11_R1/PacketPlayInHeldItemSlot,,,
ji,net/minecraft/network/play/client/CPacketCreativeInventoryAction,net/minecraft/server/v1_11_R1/PacketPlayInSetCreativeSlot,,,
jj,net/minecraft/network/play/client/CPacketUpdateSign,net/minecraft/server/v1_11_R1/PacketPlayInUpdateSign,,,
jk,net/minecraft/network/play/client/CPacketAnimation,net/minecraft/server/v1_11_R1/PacketPlayInArmAnimation,,,
jl,net/minecraft/network/play/client/CPacketSpectate,net/minecraft/server/v1_11_R1/PacketPlayInSpectate,,,
jm,net/minecraft/network/play/client/CPacketPlayerTryUseItemOnBlock,net/minecraft/server/v1_11_R1/PacketPlayInUseItem,,,
jn,net/minecraft/network/play/client/CPacketPlayerTryUseItem,net/minecraft/server/v1_11_R1/PacketPlayInBlockPlace,,,
jp,net/minecraft/network/handshake/client/C00Handshake,net/minecraft/server/v1_11_R1/PacketHandshakingInSetProtocol,,,
jq,net/minecraft/network/handshake/INetHandlerHandshakeServer,net/minecraft/server/v1_11_R1/PacketHandshakingInListener,,,
js,net/minecraft/network/login/INetHandlerLoginClient,net/minecraft/server/v1_11_R1/PacketLoginOutListener,,,
jt,net/minecraft/network/login/server/SPacketLoginSuccess,net/minecraft/server/v1_11_R1/PacketLoginOutSuccess,,,
ju,net/minecraft/network/login/server/SPacketEncryptionRequest,net/minecraft/server/v1_11_R1/PacketLoginOutEncryptionBegin,,,
jv,net/minecraft/network/login/server/SPacketEnableCompression,net/minecraft/server/v1_11_R1/PacketLoginOutSetCompression,,,
jw,net/minecraft/network/login/server/SPacketDisconnect,net/minecraft/server/v1_11_R1/PacketLoginOutDisconnect,,,
jx,net/minecraft/network/login/INetHandlerLoginServer,net/minecraft/server/v1_11_R1/PacketLoginInListener,,,
jy,net/minecraft/network/login/client/CPacketLoginStart,net/minecraft/server/v1_11_R1/PacketLoginInStart,,,
jz,net/minecraft/network/login/client/CPacketEncryptionResponse,net/minecraft/server/v1_11_R1/PacketLoginInEncryptionBegin,,,
k,net/minecraft/command/CommandHandler,net/minecraft/server/v1_11_R1/CommandHandler,,,
kc,net/minecraft/network/status/INetHandlerStatusClient,net/minecraft/server/v1_11_R1/PacketStatusOutListener,,,
kd,net/minecraft/network/status/server/SPacketPong,net/minecraft/server/v1_11_R1/PacketStatusOutPong,,,
ke,net/minecraft/network/status/server/SPacketServerInfo,net/minecraft/server/v1_11_R1/PacketStatusOutServerInfo,,,
kf$a$a,net/minecraft/network/ServerStatusResponse$Players$Serializer,net/minecraft/server/v1_11_R1/ServerPing$ServerPingPlayerSample$Serializer,,,
kf$a,net/minecraft/network/ServerStatusResponse$Players,net/minecraft/server/v1_11_R1/ServerPing$ServerPingPlayerSample,,,
kf$b,net/minecraft/network/ServerStatusResponse$Serializer,net/minecraft/server/v1_11_R1/ServerPing$Serializer,,,
kf$c$a,net/minecraft/network/ServerStatusResponse$Version$Serializer,net/minecraft/server/v1_11_R1/ServerPing$ServerData$Serializer,,,
kf$c,net/minecraft/network/ServerStatusResponse$Version,net/minecraft/server/v1_11_R1/ServerPing$ServerData,,,
kf,net/minecraft/network/ServerStatusResponse,net/minecraft/server/v1_11_R1/ServerPing,,,
kg,net/minecraft/network/status/INetHandlerStatusServer,net/minecraft/server/v1_11_R1/PacketStatusInListener,,,
kh,net/minecraft/network/status/client/CPacketPing,net/minecraft/server/v1_11_R1/PacketStatusInPing,,,
ki,net/minecraft/network/status/client/CPacketServerQuery,net/minecraft/server/v1_11_R1/PacketStatusInStart,,,
kk,net/minecraft/network/datasync/DataParameter,net/minecraft/server/v1_11_R1/DataWatcherObject,,,
kl,net/minecraft/network/datasync/DataSerializer,net/minecraft/server/v1_11_R1/DataWatcherSerializer,,,
km$1,net/minecraft/network/datasync/DataSerializers$1,net/minecraft/server/v1_11_R1/DataWatcherRegistry$1,,,
km$10,net/minecraft/network/datasync/DataSerializers$6,net/minecraft/server/v1_11_R1/DataWatcherRegistry$10,,,
km$11,net/minecraft/network/datasync/DataSerializers$7,net/minecraft/server/v1_11_R1/DataWatcherRegistry$11,,,
km$12,net/minecraft/network/datasync/DataSerializers$8,net/minecraft/server/v1_11_R1/DataWatcherRegistry$12,,,
km$13,net/minecraft/network/datasync/DataSerializers$9,net/minecraft/server/v1_11_R1/DataWatcherRegistry$13,,,
km$2,net/minecraft/network/datasync/DataSerializers$10,net/minecraft/server/v1_11_R1/DataWatcherRegistry$2,,,
km$3,net/minecraft/network/datasync/DataSerializers$11,net/minecraft/server/v1_11_R1/DataWatcherRegistry$3,,,
km$4,net/minecraft/network/datasync/DataSerializers$12,net/minecraft/server/v1_11_R1/DataWatcherRegistry$4,,,
km$5,net/minecraft/network/datasync/DataSerializers$13,net/minecraft/server/v1_11_R1/DataWatcherRegistry$5,,,
km$6,net/minecraft/network/datasync/DataSerializers$2,net/minecraft/server/v1_11_R1/DataWatcherRegistry$6,,,
km$7,net/minecraft/network/datasync/DataSerializers$3,net/minecraft/server/v1_11_R1/DataWatcherRegistry$7,,,
km$8,net/minecraft/network/datasync/DataSerializers$4,net/minecraft/server/v1_11_R1/DataWatcherRegistry$8,,,
km$9,net/minecraft/network/datasync/DataSerializers$5,net/minecraft/server/v1_11_R1/DataWatcherRegistry$9,,,
km,net/minecraft/network/datasync/DataSerializers,net/minecraft/server/v1_11_R1/DataWatcherRegistry,,,
kn$a,net/minecraft/network/datasync/EntityDataManager$DataEntry,net/minecraft/server/v1_11_R1/DataWatcher$Item,,,
kn,net/minecraft/network/datasync/EntityDataManager,net/minecraft/server/v1_11_R1/DataWatcher,,,
kq,net/minecraft/util/ResourceLocation,net/minecraft/server/v1_11_R1/MinecraftKey,,,
ks,net/minecraft/dispenser/BehaviorProjectileDispense,net/minecraft/server/v1_11_R1/DispenseBehaviorProjectile,,,
kt$1,net/minecraft/init/Bootstrap$1,net/minecraft/server/v1_11_R1/DispenserRegistry$1,,,
kt$10,net/minecraft/init/Bootstrap$18,net/minecraft/server/v1_11_R1/DispenserRegistry$10,,,
kt$11,net/minecraft/init/Bootstrap$2,net/minecraft/server/v1_11_R1/DispenserRegistry$11,,,
kt$12,net/minecraft/init/Bootstrap$3,net/minecraft/server/v1_11_R1/DispenserRegistry$12,,,
kt$13,net/minecraft/init/Bootstrap$4,net/minecraft/server/v1_11_R1/DispenserRegistry$13,,,
kt$14,net/minecraft/init/Bootstrap$5,net/minecraft/server/v1_11_R1/DispenserRegistry$14,,,
kt$15,net/minecraft/init/Bootstrap$6,net/minecraft/server/v1_11_R1/DispenserRegistry$15,,,
kt$16$1,net/minecraft/init/Bootstrap$7$1,net/minecraft/server/v1_11_R1/DispenserRegistry$16$1,,,
kt$16,net/minecraft/init/Bootstrap$7,net/minecraft/server/v1_11_R1/DispenserRegistry$16,,,
kt$17$1,net/minecraft/init/Bootstrap$8$1,net/minecraft/server/v1_11_R1/DispenserRegistry$17$1,,,
kt$17,net/minecraft/init/Bootstrap$8,net/minecraft/server/v1_11_R1/DispenserRegistry$17,,,
kt$18,net/minecraft/init/Bootstrap$9,net/minecraft/server/v1_11_R1/DispenserRegistry$18,,,
kt$2,net/minecraft/init/Bootstrap$10,net/minecraft/server/v1_11_R1/DispenserRegistry$2,,,
kt$3,net/minecraft/init/Bootstrap$11,net/minecraft/server/v1_11_R1/DispenserRegistry$3,,,
kt$4,net/minecraft/init/Bootstrap$12,net/minecraft/server/v1_11_R1/DispenserRegistry$4,,,
kt$5,net/minecraft/init/Bootstrap$13,net/minecraft/server/v1_11_R1/DispenserRegistry$5,,,
kt$6,net/minecraft/init/Bootstrap$14,net/minecraft/server/v1_11_R1/DispenserRegistry$6,,,
kt$7,net/minecraft/init/Bootstrap$15,net/minecraft/server/v1_11_R1/DispenserRegistry$7,,,
kt$8,net/minecraft/init/Bootstrap$16,net/minecraft/server/v1_11_R1/DispenserRegistry$8,,,
kt$9,net/minecraft/init/Bootstrap$17,net/minecraft/server/v1_11_R1/DispenserRegistry$9,,,
kt$a,net/minecraft/init/Bootstrap$BehaviorDispenseBoat,net/minecraft/server/v1_11_R1/DispenserRegistry$a,,,
kt$b,net/minecraft/init/Bootstrap$BehaviorDispenseOptional,net/minecraft/server/v1_11_R1/DispenserRegistry$b,,,
kt$c,net/minecraft/init/Bootstrap$BehaviorDispenseShulkerBox,net/minecraft/server/v1_11_R1/DispenserRegistry$c,,,
kt,net/minecraft/init/Bootstrap,net/minecraft/server/v1_11_R1/DispenserRegistry,,,
kv,net/minecraft/server/dedicated/PendingCommand,net/minecraft/server/v1_11_R1/ServerCommand,,,
kx,net/minecraft/server/DebugLoggingPrintStream,net/minecraft/server/v1_11_R1/DebugOutputStream,,,
ky,net/minecraft/server/ServerEula,net/minecraft/server/v1_11_R1/EULA,,,
kz,net/minecraft/util/LoggingPrintStream,net/minecraft/server/v1_11_R1/RedirectStream,,,
l,net/minecraft/command/ICommand,net/minecraft/server/v1_11_R1/ICommand,,,
lb,net/minecraft/network/ThreadQuickExitException,net/minecraft/server/v1_11_R1/CancelledPacketHandleException,,,
lc,net/minecraft/network/rcon/IServer,net/minecraft/server/v1_11_R1/IMinecraftServer,,,
ld,net/minecraft/scoreboard/ServerScoreboard,net/minecraft/server/v1_11_R1/ScoreboardServer,,,
le,net/minecraft/server/dedicated/PropertyManager,net/minecraft/server/v1_11_R1/PropertyManager,,,
lf,net/minecraft/util/ITickable,net/minecraft/server/v1_11_R1/ITickable,,,
lg,net/minecraft/server/dedicated/DedicatedPlayerList,net/minecraft/server/v1_11_R1/DedicatedPlayerList,,,
lh$1,net/minecraft/server/dedicated/DedicatedServer$1,net/minecraft/server/v1_11_R1/DedicatedServer$1,,,
lh$2,net/minecraft/server/dedicated/DedicatedServer$2,net/minecraft/server/v1_11_R1/DedicatedServer$2,,,
lh$3,net/minecraft/server/dedicated/DedicatedServer$3,net/minecraft/server/v1_11_R1/DedicatedServer$3,,,
lh$4,net/minecraft/server/dedicated/DedicatedServer$4,net/minecraft/server/v1_11_R1/DedicatedServer$4,,,
lh,net/minecraft/server/dedicated/DedicatedServer,net/minecraft/server/v1_11_R1/DedicatedServer,,,
li$1,net/minecraft/server/dedicated/ServerHangWatchdog$1,net/minecraft/server/v1_11_R1/ThreadWatchdog$1,,,
li,net/minecraft/server/dedicated/ServerHangWatchdog,net/minecraft/server/v1_11_R1/ThreadWatchdog,,,
lk$1,net/minecraft/server/gui/MinecraftServerGui$1,net/minecraft/server/v1_11_R1/ServerGUI$1,,,
lk$2,net/minecraft/server/gui/MinecraftServerGui$2,net/minecraft/server/v1_11_R1/ServerGUI$2,,,
lk$3,net/minecraft/server/gui/MinecraftServerGui$3,net/minecraft/server/v1_11_R1/ServerGUI$3,,,
lk$4,net/minecraft/server/gui/MinecraftServerGui$4,net/minecraft/server/v1_11_R1/ServerGUI$4,,,
lk$5,net/minecraft/server/gui/MinecraftServerGui$5,net/minecraft/server/v1_11_R1/ServerGUI$5,,,
lk,net/minecraft/server/gui/MinecraftServerGui,net/minecraft/server/v1_11_R1/ServerGUI,,,
ll,net/minecraft/server/gui/PlayerListComponent,net/minecraft/server/v1_11_R1/PlayerListBox,,,
lm$1,net/minecraft/server/gui/StatsComponent$1,net/minecraft/server/v1_11_R1/GuiStatsComponent$1,,,
lm,net/minecraft/server/gui/StatsComponent,net/minecraft/server/v1_11_R1/GuiStatsComponent,,,
lq,net/minecraft/world/demo/DemoWorldServer,net/minecraft/server/v1_11_R1/DemoWorldServer,,,
lr,net/minecraft/world/demo/DemoWorldManager,net/minecraft/server/v1_11_R1/DemoPlayerInteractManager,,,
ls$1,net/minecraft/world/WorldServerMulti$1,net/minecraft/server/v1_11_R1/SecondaryWorldServer$1,,,
ls,net/minecraft/world/WorldServerMulti,net/minecraft/server/v1_11_R1/SecondaryWorldServer,,,
lt$1,net/minecraft/entity/EntityTracker$1,net/minecraft/server/v1_11_R1/EntityTracker$1,,,
lt,net/minecraft/entity/EntityTracker,net/minecraft/server/v1_11_R1/EntityTracker,,,
lu,net/minecraft/world/BossInfoServer,net/minecraft/server/v1_11_R1/BossBattleServer,,,
lv,net/minecraft/world/gen/ChunkProviderServer,net/minecraft/server/v1_11_R1/ChunkProviderServer,,,
lw$1,net/minecraft/world/WorldServer$1,net/minecraft/server/v1_11_R1/WorldServer$1,,,
lw$a,net/minecraft/world/WorldServer$ServerBlockEventList,net/minecraft/server/v1_11_R1/WorldServer$BlockActionDataList,,,
lw,net/minecraft/world/WorldServer,net/minecraft/server/v1_11_R1/WorldServer,,,
lx,net/minecraft/world/ServerWorldEventHandler,net/minecraft/server/v1_11_R1/WorldManager,,,
ly$1,net/minecraft/entity/player/EntityPlayerMP$1,net/minecraft/server/v1_11_R1/EntityPlayer$1,,,
ly,net/minecraft/entity/player/EntityPlayerMP,net/minecraft/server/v1_11_R1/EntityPlayer,,,
lz,net/minecraft/server/management/PlayerInteractionManager,net/minecraft/server/v1_11_R1/PlayerInteractManager,,,
m,net/minecraft/command/ICommandManager,net/minecraft/server/v1_11_R1/ICommandHandler,,,
ma,net/minecraft/entity/EntityTrackerEntry,net/minecraft/server/v1_11_R1/EntityTrackerEntry,,,
mb,net/minecraft/server/management/PlayerChunkMapEntry,net/minecraft/server/v1_11_R1/PlayerChunk,,,
mc$1,net/minecraft/server/management/PlayerChunkMap$1,net/minecraft/server/v1_11_R1/PlayerChunkMap$1,,,
mc$2,net/minecraft/server/management/PlayerChunkMap$2,net/minecraft/server/v1_11_R1/PlayerChunkMap$2,,,
mc$3,net/minecraft/server/management/PlayerChunkMap$3,net/minecraft/server/v1_11_R1/PlayerChunkMap$3,,,
mc$4,net/minecraft/server/management/PlayerChunkMap$4,net/minecraft/server/v1_11_R1/PlayerChunkMap$4,,,
mc$5,net/minecraft/server/management/PlayerChunkMap$5,net/minecraft/server/v1_11_R1/PlayerChunkMap$5,,,
mc,net/minecraft/server/management/PlayerChunkMap,net/minecraft/server/v1_11_R1/PlayerChunkMap,,,
mf,net/minecraft/network/LegacyPingHandler,net/minecraft/server/v1_11_R1/LegacyPingHandler,,,
mh$1,net/minecraft/network/NetworkSystem$1,net/minecraft/server/v1_11_R1/ServerConnection$1,,,
mh$2,net/minecraft/network/NetworkSystem$2,net/minecraft/server/v1_11_R1/ServerConnection$2,,,
mh$3,net/minecraft/network/NetworkSystem$3,net/minecraft/server/v1_11_R1/ServerConnection$3,,,
mh$4,net/minecraft/network/NetworkSystem$4,net/minecraft/server/v1_11_R1/ServerConnection$4,,,
mh$6,net/minecraft/network/NetworkSystem$6,net/minecraft/server/v1_11_R1/ServerConnection$6,,,
mh$7,net/minecraft/network/NetworkSystem$7,net/minecraft/server/v1_11_R1/ServerConnection$7,,,
mh,net/minecraft/network/NetworkSystem,net/minecraft/server/v1_11_R1/ServerConnection,,,
mi$1,net/minecraft/network/NetHandlerPlayServer$1,net/minecraft/server/v1_11_R1/PlayerConnection$1,,,
mi$2,net/minecraft/network/NetHandlerPlayServer$2,net/minecraft/server/v1_11_R1/PlayerConnection$2,,,
mi$3,net/minecraft/network/NetHandlerPlayServer$3,net/minecraft/server/v1_11_R1/PlayerConnection$3,,,
mi,net/minecraft/network/NetHandlerPlayServer,net/minecraft/server/v1_11_R1/PlayerConnection,,,
mj,net/minecraft/server/network/NetHandlerHandshakeTCP,net/minecraft/server/v1_11_R1/HandshakeListener,,,
mk$1,net/minecraft/server/network/NetHandlerLoginServer$1,net/minecraft/server/v1_11_R1/LoginListener$1,,,
mk$2,net/minecraft/server/network/NetHandlerLoginServer$2,net/minecraft/server/v1_11_R1/LoginListener$2,,,
mk$a,net/minecraft/server/network/NetHandlerLoginServer$LoginState,net/minecraft/server/v1_11_R1/LoginListener$EnumProtocolState,,,
mk,net/minecraft/server/network/NetHandlerLoginServer,net/minecraft/server/v1_11_R1/LoginListener,,,
ml,net/minecraft/server/network/NetHandlerStatusServer,net/minecraft/server/v1_11_R1/PacketStatusListener,,,
mo,net/minecraft/server/management/UserListEntryBan,net/minecraft/server/v1_11_R1/ExpirableListEntry,,,
mp$1,net/minecraft/server/management/PlayerProfileCache$1,net/minecraft/server/v1_11_R1/UserCache$1,,,
mp$2,net/minecraft/server/management/PlayerProfileCache$2,net/minecraft/server/v1_11_R1/UserCache$2,,,
mp$a,net/minecraft/server/management/PlayerProfileCache$ProfileEntry,net/minecraft/server/v1_11_R1/UserCache$UserCacheEntry,,,
mp$b,net/minecraft/server/management/PlayerProfileCache$Serializer,net/minecraft/server/v1_11_R1/UserCache$BanEntrySerializer,,,
mp,net/minecraft/server/management/PlayerProfileCache,net/minecraft/server/v1_11_R1/UserCache,,,
mq,net/minecraft/server/management/UserListIPBans,net/minecraft/server/v1_11_R1/IpBanList,,,
mr,net/minecraft/server/management/UserListIPBansEntry,net/minecraft/server/v1_11_R1/IpBanEntry,,,
ms$1,net/minecraft/server/management/PreYggdrasilConverter$1,net/minecraft/server/v1_11_R1/NameReferencingFileConverter$1,,,
ms$2,net/minecraft/server/management/PreYggdrasilConverter$2,net/minecraft/server/v1_11_R1/NameReferencingFileConverter$2,,,
ms$3,net/minecraft/server/management/PreYggdrasilConverter$3,net/minecraft/server/v1_11_R1/NameReferencingFileConverter$3,,,
ms$4,net/minecraft/server/management/PreYggdrasilConverter$4,net/minecraft/server/v1_11_R1/NameReferencingFileConverter$4,,,
ms$5,net/minecraft/server/management/PreYggdrasilConverter$5,net/minecraft/server/v1_11_R1/NameReferencingFileConverter$5,,,
ms$6,net/minecraft/server/management/PreYggdrasilConverter$6,net/minecraft/server/v1_11_R1/NameReferencingFileConverter$6,,,
ms$a,net/minecraft/server/management/PreYggdrasilConverter$ConversionError,net/minecraft/server/v1_11_R1/NameReferencingFileConverter$FileConversionException,,,
ms,net/minecraft/server/management/PreYggdrasilConverter,net/minecraft/server/v1_11_R1/NameReferencingFileConverter,,,
mt$1,net/minecraft/server/management/PlayerList$1,net/minecraft/server/v1_11_R1/PlayerList$1,,,
mt,net/minecraft/server/management/PlayerList,net/minecraft/server/v1_11_R1/PlayerList,,,
mu,net/minecraft/server/management/UserListOps,net/minecraft/server/v1_11_R1/OpList,,,
mv,net/minecraft/server/management/UserListOpsEntry,net/minecraft/server/v1_11_R1/OpListEntry,,,
mw,net/minecraft/server/management/UserListEntry,net/minecraft/server/v1_11_R1/JsonListEntry,,,
mx$1,net/minecraft/server/management/UserList$1,net/minecraft/server/v1_11_R1/JsonList$1,,,
mx$a,net/minecraft/server/management/UserList$Serializer,net/minecraft/server/v1_11_R1/JsonList$JsonListEntrySerializer,,,
mx,net/minecraft/server/management/UserList,net/minecraft/server/v1_11_R1/JsonList,,,
my,net/minecraft/server/management/UserListBans,net/minecraft/server/v1_11_R1/GameProfileBanList,,,
mz,net/minecraft/server/management/UserListBansEntry,net/minecraft/server/v1_11_R1/GameProfileBanEntry,,,
n,net/minecraft/command/ICommandSender,net/minecraft/server/v1_11_R1/ICommandListener,,,
na,net/minecraft/server/management/UserListWhitelist,net/minecraft/server/v1_11_R1/WhiteList,,,
nb,net/minecraft/server/management/UserListWhitelistEntry,net/minecraft/server/v1_11_R1/WhiteListEntry,,,
nd,net/minecraft/network/rcon/RConOutputStream,net/minecraft/server/v1_11_R1/RemoteStatusReply,,,
ne,net/minecraft/network/rcon/RConUtils,net/minecraft/server/v1_11_R1/StatusChallengeUtils,,,
net/minecraft/server/MinecraftServer$1,net/minecraft/server/MinecraftServer$1,net/minecraft/server/v1_11_R1/MinecraftServer$1,,,
net/minecraft/server/MinecraftServer$2,net/minecraft/server/MinecraftServer$2,net/minecraft/server/v1_11_R1/MinecraftServer$2,,,
net/minecraft/server/MinecraftServer$3,net/minecraft/server/MinecraftServer$3,net/minecraft/server/v1_11_R1/MinecraftServer$3,,,
net/minecraft/server/MinecraftServer$4,net/minecraft/server/MinecraftServer$4,net/minecraft/server/v1_11_R1/MinecraftServer$4,,,
net/minecraft/server/MinecraftServer,net/minecraft/server/MinecraftServer,net/minecraft/server/v1_11_R1/MinecraftServer,,,
nf,net/minecraft/network/rcon/RConConsoleSource,net/minecraft/server/v1_11_R1/RemoteControlCommandListener,,,
nh,net/minecraft/network/rcon/RConThreadBase,net/minecraft/server/v1_11_R1/RemoteConnectionThread,,,
ni$a,net/minecraft/network/rcon/RConThreadQuery$Auth,net/minecraft/server/v1_11_R1/RemoteStatusListener$RemoteStatusChallenge,,,
ni,net/minecraft/network/rcon/RConThreadQuery,net/minecraft/server/v1_11_R1/RemoteStatusListener,,,
nj,net/minecraft/network/rcon/RConThreadClient,net/minecraft/server/v1_11_R1/RemoteControlSession,,,
nk,net/minecraft/network/rcon/RConThreadMain,net/minecraft/server/v1_11_R1/RemoteControlListener,,,
nm,net/minecraft/util/SoundEvent,net/minecraft/server/v1_11_R1/SoundEffect,,,
nn,net/minecraft/init/SoundEvents,net/minecraft/server/v1_11_R1/SoundEffects,,,
no,net/minecraft/util/SoundCategory,net/minecraft/server/v1_11_R1/SoundCategory,,,
nq,net/minecraft/stats/Achievement,net/minecraft/server/v1_11_R1/Achievement,,,
nr,net/minecraft/stats/AchievementList,net/minecraft/server/v1_11_R1/AchievementList,,,
nt,net/minecraft/stats/StatBasic,net/minecraft/server/v1_11_R1/CounterStatistic,,,
nu,net/minecraft/stats/StatCrafting,net/minecraft/server/v1_11_R1/CraftingStatistic,,,
nv,net/minecraft/stats/StatisticsManagerServer,net/minecraft/server/v1_11_R1/ServerStatisticManager#,,,
nw$1,net/minecraft/stats/StatBase$1,net/minecraft/server/v1_11_R1/Statistic$1,,,
nw$2,net/minecraft/stats/StatBase$2,net/minecraft/server/v1_11_R1/Statistic$2,,,
nw$3,net/minecraft/stats/StatBase$3,net/minecraft/server/v1_11_R1/Statistic$3,,,
nw$4,net/minecraft/stats/StatBase$4,net/minecraft/server/v1_11_R1/Statistic$4,,,
nw,net/minecraft/stats/StatBase,net/minecraft/server/v1_11_R1/Statistic,,,
nx,net/minecraft/stats/IStatType,net/minecraft/server/v1_11_R1/Counter,,,
ny,net/minecraft/util/TupleIntJsonSerializable,net/minecraft/server/v1_11_R1/StatisticWrapper,,,
nz,net/minecraft/util/IJsonSerializable,net/minecraft/server/v1_11_R1/IJsonStatistic,,,
o$1,net/minecraft/command/CommandResultStats$1,net/minecraft/server/v1_11_R1/CommandObjectiveExecutor$1,,,
o$a,net/minecraft/command/CommandResultStats$Type,net/minecraft/server/v1_11_R1/CommandObjectiveExecutor$EnumCommandResult,,,
o,net/minecraft/command/CommandResultStats,net/minecraft/server/v1_11_R1/CommandObjectiveExecutor,,,
oa,net/minecraft/stats/StatList,net/minecraft/server/v1_11_R1/StatisticList,,,
ob,net/minecraft/stats/StatisticsManager,net/minecraft/server/v1_11_R1/StatisticManager,,,
oc,net/minecraft/util/JsonSerializableSet,net/minecraft/server/v1_11_R1/AchievementSet,,,
oe,net/minecraft/util/BitArray,net/minecraft/server/v1_11_R1/DataBits,,,
of$1,net/minecraft/util/ClassInheritanceMultiMap$1,net/minecraft/server/v1_11_R1/EntitySlice$1,,,
of,net/minecraft/util/ClassInheritanceMultiMap,net/minecraft/server/v1_11_R1/EntitySlice,,,
oh,net/minecraft/util/IntIdentityHashBiMap,net/minecraft/server/v1_11_R1/RegistryID,,,
oi,net/minecraft/util/CryptManager,net/minecraft/server/v1_11_R1/MinecraftEncryption,,,
ok,net/minecraft/util/JsonUtils,net/minecraft/server/v1_11_R1/ChatDeserializer,,,
ol,net/minecraft/util/HttpUtil,net/minecraft/server/v1_11_R1/HttpUtilities,,,
om,net/minecraft/util/LowerStringMap,net/minecraft/server/v1_11_R1/InsensitiveStringMap,,,
oo$a,net/minecraft/util/IntHashMap$Entry,net/minecraft/server/v1_11_R1/IntHashMap$IntHashMapEntry,,,
oo,net/minecraft/util/IntHashMap,net/minecraft/server/v1_11_R1/IntHashMap,,,
op,net/minecraft/util/LazyLoadBase,net/minecraft/server/v1_11_R1/LazyInitVar,,,
os$1,net/minecraft/util/EnumTypeAdapterFactory$1,net/minecraft/server/v1_11_R1/ChatTypeAdapterFactory$1,,,
os,net/minecraft/util/EnumTypeAdapterFactory,net/minecraft/server/v1_11_R1/ChatTypeAdapterFactory,,,
ot,net/minecraft/util/math/MathHelper,net/minecraft/server/v1_11_R1/MathHelper,,,
ou$a,net/minecraft/profiler/Profiler$Result,net/minecraft/server/v1_11_R1/MethodProfiler$ProfilerInfo,,,
ou,net/minecraft/profiler/Profiler,net/minecraft/server/v1_11_R1/MethodProfiler,,,
ov,net/minecraft/util/IProgressUpdate,net/minecraft/server/v1_11_R1/IProgressUpdate,,,
ox,net/minecraft/util/IStringSerializable,net/minecraft/server/v1_11_R1/INamable,,,
oy,net/minecraft/util/StringUtils,net/minecraft/server/v1_11_R1/UtilColor,,,
p$1,net/minecraft/command/EntitySelector$1,net/minecraft/server/v1_11_R1/PlayerSelector$1,,,
p$10,net/minecraft/command/EntitySelector$5,net/minecraft/server/v1_11_R1/PlayerSelector$10,,,
p$11,net/minecraft/command/EntitySelector$6,net/minecraft/server/v1_11_R1/PlayerSelector$11,,,
p$12,net/minecraft/command/EntitySelector$7,net/minecraft/server/v1_11_R1/PlayerSelector$12,,,
p$13,net/minecraft/command/EntitySelector$8,net/minecraft/server/v1_11_R1/PlayerSelector$13,,,
p$14,net/minecraft/command/EntitySelector$9,net/minecraft/server/v1_11_R1/PlayerSelector$14,,,
p$2,net/minecraft/command/EntitySelector$10,net/minecraft/server/v1_11_R1/PlayerSelector$2,,,
p$3,net/minecraft/command/EntitySelector$11,net/minecraft/server/v1_11_R1/PlayerSelector$3,,,
p$4,net/minecraft/command/EntitySelector$12,net/minecraft/server/v1_11_R1/PlayerSelector$4,,,
p$5,net/minecraft/command/EntitySelector$13,net/minecraft/server/v1_11_R1/PlayerSelector$5,,,
p$6,net/minecraft/command/EntitySelector$14,net/minecraft/server/v1_11_R1/PlayerSelector$6,,,
p$7,net/minecraft/command/EntitySelector$2,net/minecraft/server/v1_11_R1/PlayerSelector$7,,,
p$8,net/minecraft/command/EntitySelector$3,net/minecraft/server/v1_11_R1/PlayerSelector$8,,,
p$9,net/minecraft/command/EntitySelector$4,net/minecraft/server/v1_11_R1/PlayerSelector$9,,,
p,net/minecraft/command/EntitySelector,net/minecraft/server/v1_11_R1/PlayerSelector,,,
pa,net/minecraft/util/Tuple,net/minecraft/server/v1_11_R1/Tuple,,,
pb$a,net/minecraft/util/WeightedRandom$Item,net/minecraft/server/v1_11_R1/WeightedRandom$WeightedRandomChoice,,,
pb,net/minecraft/util/WeightedRandom,net/minecraft/server/v1_11_R1/WeightedRandom,,,
pd,net/minecraft/util/datafix/IFixableData,net/minecraft/server/v1_11_R1/IDataConverter,,,
pe,net/minecraft/util/datafix/IFixType,net/minecraft/server/v1_11_R1/DataConverterType,,,
pf,net/minecraft/util/datafix/FixTypes,net/minecraft/server/v1_11_R1/DataConverterTypes,,,
pg,net/minecraft/util/datafix/IDataFixer,net/minecraft/server/v1_11_R1/DataConverter,,,
ph,net/minecraft/util/datafix/DataFixer,net/minecraft/server/v1_11_R1/DataConverterManager,,,
pi,net/minecraft/util/datafix/DataFixesManager,net/minecraft/server/v1_11_R1/DataConverterRegistry,,,
pj,net/minecraft/util/datafix/IDataWalker,net/minecraft/server/v1_11_R1/DataInspector,,,
pk,net/minecraft/util/datafix/fixes/TileEntityId,net/minecraft/server/v1_11_R1/DataConverterTileEntity,,,
pl,net/minecraft/util/datafix/fixes/SpawnerEntityTypes,net/minecraft/server/v1_11_R1/DataConverterMobSpawner,,,
pm,net/minecraft/util/datafix/fixes/ShulkerBoxTileColor,net/minecraft/server/v1_11_R1/DataConverterShulkerBoxBlock,,,
pn$1,net/minecraft/util/datafix/fixes/SignStrictJSON$1,net/minecraft/server/v1_11_R1/DataConverterSignText$1,,,
pn,net/minecraft/util/datafix/fixes/SignStrictJSON,net/minecraft/server/v1_11_R1/DataConverterSignText,,,
po,net/minecraft/util/datafix/fixes/ArmorStandSilent,net/minecraft/server/v1_11_R1/DataConverterArmorStand,,,
pp,net/minecraft/util/datafix/fixes/ElderGuardianSplit,net/minecraft/server/v1_11_R1/DataConverterGuardian,,,
pq,net/minecraft/util/datafix/fixes/EntityArmorAndHeld,net/minecraft/server/v1_11_R1/DataConverterEquipment,,,
pr,net/minecraft/util/datafix/fixes/EntityHealth,net/minecraft/server/v1_11_R1/DataConverterHealth,,,
ps,net/minecraft/util/datafix/fixes/HorseSaddle,net/minecraft/server/v1_11_R1/DataConverterSaddle,,,
pt,net/minecraft/util/datafix/fixes/HorseSplit,net/minecraft/server/v1_11_R1/DataConverterHorse,,,
pu,net/minecraft/util/datafix/fixes/EntityId,net/minecraft/server/v1_11_R1/DataConverterEntity,,,
pv,net/minecraft/util/datafix/fixes/MinecartEntityTypes,net/minecraft/server/v1_11_R1/DataConverterMinecart,,,
pw,net/minecraft/util/datafix/fixes/PaintingDirection,net/minecraft/server/v1_11_R1/DataConverterHanging,,,
px,net/minecraft/util/datafix/fixes/RedundantChanceTags,net/minecraft/server/v1_11_R1/DataConverterDropChances,,,
py,net/minecraft/util/datafix/fixes/RidingToPassengers,net/minecraft/server/v1_11_R1/DataConverterRiding,,,
pz,net/minecraft/util/datafix/fixes/ShulkerBoxEntityColor,net/minecraft/server/v1_11_R1/DataConverterShulker,,,
q$1,net/minecraft/command/server/CommandAchievement$1,net/minecraft/server/v1_11_R1/CommandAchievement$1,,,
q,net/minecraft/command/server/CommandAchievement,net/minecraft/server/v1_11_R1/CommandAchievement,,,
qa,net/minecraft/util/datafix/fixes/SkeletonSplit,net/minecraft/server/v1_11_R1/DataConverterSkeleton,,,
qb,net/minecraft/util/datafix/fixes/StringToUUID,net/minecraft/server/v1_11_R1/DataConverterUUID,,,
qc,net/minecraft/util/datafix/fixes/ZombieSplit,net/minecraft/server/v1_11_R1/DataConverterZombieType,,,
qd,net/minecraft/util/datafix/fixes/ZombieProfToType,net/minecraft/server/v1_11_R1/DataConverterZombie,,,
qe,net/minecraft/util/datafix/fixes/BannerItemColor,net/minecraft/server/v1_11_R1/DataConverterBanner,,,
qf,net/minecraft/util/datafix/fixes/CookedFishIDTypo,net/minecraft/server/v1_11_R1/DataConverterCookedFish,,,
qg,net/minecraft/util/datafix/fixes/ItemIntIDToString,net/minecraft/server/v1_11_R1/DataConverterMaterialId,,,
qh,net/minecraft/util/datafix/fixes/PotionItems,net/minecraft/server/v1_11_R1/DataConverterPotionId,,,
qi,net/minecraft/util/datafix/fixes/ShulkerBoxItemColor,net/minecraft/server/v1_11_R1/DataConverterShulkerBoxItem,,,
qj,net/minecraft/util/datafix/fixes/SpawnEggNames,net/minecraft/server/v1_11_R1/DataConverterSpawnEgg,,,
qk,net/minecraft/util/datafix/fixes/TotemItemRename,net/minecraft/server/v1_11_R1/DataConverterTotem,,,
ql,net/minecraft/util/datafix/fixes/PotionWater,net/minecraft/server/v1_11_R1/DataConverterPotionWater,,,
qm,net/minecraft/util/datafix/fixes/BookPagesStrictJSON,net/minecraft/server/v1_11_R1/DataConverterBook,,,
qn,net/minecraft/util/datafix/fixes/ForceVBOOn,net/minecraft/server/v1_11_R1/DataConverterVBO,,,
qo,net/minecraft/util/datafix/fixes/OptionsLowerCaseLanguage,net/minecraft/server/v1_11_R1/DataConverterLang,,,
qr,net/minecraft/util/datafix/walkers/ItemStackData,net/minecraft/server/v1_11_R1/DataInspectorItem,,,
qs,net/minecraft/util/datafix/walkers/BlockEntityTag,net/minecraft/server/v1_11_R1/DataInspectorBlockEntity,,,
qt,net/minecraft/util/datafix/walkers/EntityTag,net/minecraft/server/v1_11_R1/DataInspectorEntity,,,
qu,net/minecraft/util/datafix/walkers/ItemStackDataLists,net/minecraft/server/v1_11_R1/DataInspectorItemList,,,
qv,net/minecraft/util/datafix/walkers/Filtered,net/minecraft/server/v1_11_R1/DataInspectorTagged,,,
qy,net/minecraft/util/IThreadListener,net/minecraft/server/v1_11_R1/IAsyncTaskHandler,,,
r,net/minecraft/command/server/CommandBanIp,net/minecraft/server/v1_11_R1/CommandBanIp,,,
ra$a,net/minecraft/world/BossInfo$Color,net/minecraft/server/v1_11_R1/BossBattle$BarColor,,,
ra$b,net/minecraft/world/BossInfo$Overlay,net/minecraft/server/v1_11_R1/BossBattle$BarStyle,,,
ra,net/minecraft/world/BossInfo,net/minecraft/server/v1_11_R1/BossBattle,,,
rb,net/minecraft/inventory/InventoryLargeChest,net/minecraft/server/v1_11_R1/InventoryLargeChest,,,
rc,net/minecraft/inventory/IInventory,net/minecraft/server/v1_11_R1/IInventory,,,
rd,net/minecraft/inventory/ItemStackHelper,net/minecraft/server/v1_11_R1/ContainerUtil,,,
re,net/minecraft/inventory/IInventoryChangedListener,net/minecraft/server/v1_11_R1/IInventoryListener,,,
rf,net/minecraft/inventory/InventoryHelper,net/minecraft/server/v1_11_R1/InventoryUtils,,,
rg,net/minecraft/world/EnumDifficulty,net/minecraft/server/v1_11_R1/EnumDifficulty,,,
rh,net/minecraft/world/DifficultyInstance,net/minecraft/server/v1_11_R1/DifficultyDamageScaler,,,
ri,net/minecraft/util/EnumHand,net/minecraft/server/v1_11_R1/EnumHand,,,
rj,net/minecraft/world/IInteractionObject,net/minecraft/server/v1_11_R1/ITileEntityContainer,,,
rk,net/minecraft/util/EnumActionResult,net/minecraft/server/v1_11_R1/EnumInteractionResult,,,
rl,net/minecraft/util/ActionResult,net/minecraft/server/v1_11_R1/InteractionResultWrapper,,,
rn,net/minecraft/world/LockCode,net/minecraft/server/v1_11_R1/ChestLock,,,
ro,net/minecraft/world/ILockableContainer,net/minecraft/server/v1_11_R1/ITileInventory,,,
rp,net/minecraft/world/IWorldNameable,net/minecraft/server/v1_11_R1/INamableTileEntity,,,
rq,net/minecraft/world/storage/loot/ILootContainer,net/minecraft/server/v1_11_R1/ILootable,,,
rr,net/minecraft/inventory/InventoryBasic,net/minecraft/server/v1_11_R1/InventorySubcontainer,,,
rs$1,net/minecraft/profiler/Snooper$1,net/minecraft/server/v1_11_R1/MojangStatisticsGenerator$1,,,
rs,net/minecraft/profiler/Snooper,net/minecraft/server/v1_11_R1/MojangStatisticsGenerator,,,
rt,net/minecraft/profiler/ISnooperInfo,net/minecraft/server/v1_11_R1/IMojangStatistics,,,
ru,net/minecraft/inventory/ISidedInventory,net/minecraft/server/v1_11_R1/IWorldInventory,,,
rv,net/minecraft/util/CombatEntry,net/minecraft/server/v1_11_R1/CombatEntry,,,
rw,net/minecraft/util/CombatRules,net/minecraft/server/v1_11_R1/CombatMath,,,
rx,net/minecraft/util/CombatTracker,net/minecraft/server/v1_11_R1/CombatTracker,,,
ry,net/minecraft/util/DamageSource,net/minecraft/server/v1_11_R1/DamageSource,,,
rz,net/minecraft/util/EntityDamageSource,net/minecraft/server/v1_11_R1/EntityDamageSource,,,
s,net/minecraft/command/server/CommandListBans,net/minecraft/server/v1_11_R1/CommandBanList,,,
sa,net/minecraft/util/EntityDamageSourceIndirect,net/minecraft/server/v1_11_R1/EntityDamageSourceIndirect,,,
sc,net/minecraft/potion/PotionAbsorption,net/minecraft/server/v1_11_R1/MobEffectAbsorption,,,
sd,net/minecraft/potion/PotionAttackDamage,net/minecraft/server/v1_11_R1/MobEffectAttackDamage,,,
se,net/minecraft/potion/PotionHealthBoost,net/minecraft/server/v1_11_R1/MobEffectHealthBoost,,,
sf,net/minecraft/potion/PotionHealth,net/minecraft/server/v1_11_R1/InstantMobEffect,,,
sg,net/minecraft/potion/Potion,net/minecraft/server/v1_11_R1/MobEffectList,,,
sh,net/minecraft/potion/PotionEffect,net/minecraft/server/v1_11_R1/MobEffect,,,
si,net/minecraft/init/MobEffects,net/minecraft/server/v1_11_R1/MobEffects,,,
sk,net/minecraft/entity/EntityAgeable,net/minecraft/server/v1_11_R1/EntityAgeable,,,
sl,net/minecraft/entity/EntityAreaEffectCloud,net/minecraft/server/v1_11_R1/EntityAreaEffectCloud,,,
sm,net/minecraft/entity/passive/IAnimals,net/minecraft/server/v1_11_R1/IAnimal,,,
sn$1,net/minecraft/entity/Entity$1,net/minecraft/server/v1_11_R1/Entity$1,,,
sn$2,net/minecraft/entity/Entity$2,net/minecraft/server/v1_11_R1/Entity$2,,,
sn$3,net/minecraft/entity/Entity$3,net/minecraft/server/v1_11_R1/Entity$3,,,
sn$4,net/minecraft/entity/Entity$4,net/minecraft/server/v1_11_R1/Entity$4,,,
sn$5,net/minecraft/entity/Entity$5,net/minecraft/server/v1_11_R1/Entity$5,,,
sn,net/minecraft/entity/Entity,net/minecraft/server/v1_11_R1/Entity,,,
sp$a,net/minecraft/entity/EntityList$EntityEggInfo,net/minecraft/server/v1_11_R1/EntityTypes$MonsterEggInfo,,,
sp,net/minecraft/entity/EntityList,net/minecraft/server/v1_11_R1/EntityTypes,,,
sr$1,net/minecraft/util/EntitySelectors$1,net/minecraft/server/v1_11_R1/IEntitySelector$1,,,
sr$2,net/minecraft/util/EntitySelectors$2,net/minecraft/server/v1_11_R1/IEntitySelector$2,,,
sr$3,net/minecraft/util/EntitySelectors$3,net/minecraft/server/v1_11_R1/IEntitySelector$3,,,
sr$4,net/minecraft/util/EntitySelectors$4,net/minecraft/server/v1_11_R1/IEntitySelector$4,,,
sr$5,net/minecraft/util/EntitySelectors$5,net/minecraft/server/v1_11_R1/IEntitySelector$5,,,
sr$6,net/minecraft/util/EntitySelectors$6,net/minecraft/server/v1_11_R1/IEntitySelector$6,,,
sr$7,net/minecraft/util/EntitySelectors$7,net/minecraft/server/v1_11_R1/IEntitySelector$7,,,
sr$8,net/minecraft/util/EntitySelectors$8,net/minecraft/server/v1_11_R1/IEntitySelector$8,,,
sr$a,net/minecraft/util/EntitySelectors$ArmoredMob,net/minecraft/server/v1_11_R1/IEntitySelector$EntitySelectorEquipable,,,
sr,net/minecraft/util/EntitySelectors,net/minecraft/server/v1_11_R1/IEntitySelector,,,
ss$a,net/minecraft/inventory/EntityEquipmentSlot$Type,net/minecraft/server/v1_11_R1/EnumItemSlot$Function,,,
ss,net/minecraft/inventory/EntityEquipmentSlot,net/minecraft/server/v1_11_R1/EnumItemSlot,,,
st,net/minecraft/entity/item/EntityXPOrb,net/minecraft/server/v1_11_R1/EntityExperienceOrb,,,
su,net/minecraft/entity/EntityFlying,net/minecraft/server/v1_11_R1/EntityFlying,,,
sv,net/minecraft/util/EnumHandSide,net/minecraft/server/v1_11_R1/EnumMainHand,,,
sw,net/minecraft/entity/EntityLivingBase,net/minecraft/server/v1_11_R1/EntityLiving,,,
sx$a,net/minecraft/entity/EntityLiving$SpawnPlacementType,net/minecraft/server/v1_11_R1/EntityInsentient$EnumEntityPositionType,,,
sx,net/minecraft/entity/EntityLiving,net/minecraft/server/v1_11_R1/EntityInsentient,,,
sy,net/minecraft/entity/EnumCreatureType,net/minecraft/server/v1_11_R1/EnumCreatureType,,,
sz,net/minecraft/entity/IEntityLivingData,net/minecraft/server/v1_11_R1/GroupDataEntity,,,
t,net/minecraft/command/server/CommandBanPlayer,net/minecraft/server/v1_11_R1/CommandBan,,,
ta,net/minecraft/entity/EntitySpawnPlacementRegistry,net/minecraft/server/v1_11_R1/EntityPositionTypes,,,
tb,net/minecraft/entity/EnumCreatureAttribute,net/minecraft/server/v1_11_R1/EnumMonsterType,,,
tc,net/minecraft/entity/MoverType,net/minecraft/server/v1_11_R1/EnumMoveType,,,
td,net/minecraft/entity/IEntityOwnable,net/minecraft/server/v1_11_R1/EntityOwnable,,,
te,net/minecraft/entity/EntityCreature,net/minecraft/server/v1_11_R1/EntityCreature,,,
tg,net/minecraft/entity/IJumpingMount,net/minecraft/server/v1_11_R1/IJumpable,,,
ti,net/minecraft/entity/passive/EntityTameable,net/minecraft/server/v1_11_R1/EntityTameableAnimal,,,
tj,net/minecraft/entity/ai/attributes/IAttribute,net/minecraft/server/v1_11_R1/IAttribute,,,
tk,net/minecraft/entity/ai/attributes/IAttributeInstance,net/minecraft/server/v1_11_R1/AttributeInstance,,,
tl,net/minecraft/entity/ai/attributes/AttributeModifier,net/minecraft/server/v1_11_R1/AttributeModifier,,,
tm,net/minecraft/entity/ai/attributes/BaseAttribute,net/minecraft/server/v1_11_R1/AttributeBase,,,
tn,net/minecraft/entity/ai/attributes/AbstractAttributeMap,net/minecraft/server/v1_11_R1/AttributeMapBase,,,
to,net/minecraft/entity/ai/attributes/ModifiableAttributeInstance,net/minecraft/server/v1_11_R1/AttributeModifiable,,,
tp,net/minecraft/entity/ai/attributes/AttributeMap,net/minecraft/server/v1_11_R1/AttributeMapServer,,,
tq,net/minecraft/entity/ai/attributes/RangedAttribute,net/minecraft/server/v1_11_R1/AttributeRanged,,,
ts,net/minecraft/entity/EntityBodyHelper,net/minecraft/server/v1_11_R1/EntityAIBodyControl,,,
tu,net/minecraft/entity/ai/EntityJumpHelper,net/minecraft/server/v1_11_R1/ControllerJump,,,
tv,net/minecraft/entity/ai/EntityLookHelper,net/minecraft/server/v1_11_R1/ControllerLook,,,
tw$a,net/minecraft/entity/ai/EntityMoveHelper$Action,net/minecraft/server/v1_11_R1/ControllerMove$Operation,,,
tw,net/minecraft/entity/ai/EntityMoveHelper,net/minecraft/server/v1_11_R1/ControllerMove,,,
ty$1,net/minecraft/entity/ai/EntityAIAvoidEntity$1,net/minecraft/server/v1_11_R1/PathfinderGoalAvoidTarget$1,,,
ty,net/minecraft/entity/ai/EntityAIAvoidEntity,net/minecraft/server/v1_11_R1/PathfinderGoalAvoidTarget,,,
tz,net/minecraft/entity/ai/EntityAIBeg,net/minecraft/server/v1_11_R1/PathfinderGoalBeg,,,
u,net/minecraft/command/CommandBlockData,net/minecraft/server/v1_11_R1/CommandBlockData,,,
ua,net/minecraft/entity/ai/EntityAIBreakDoor,net/minecraft/server/v1_11_R1/PathfinderGoalBreakDoor,,,
ub,net/minecraft/entity/ai/EntityAIMate,net/minecraft/server/v1_11_R1/PathfinderGoalBreed,,,
uc,net/minecraft/entity/ai/EntityAIDoorInteract,net/minecraft/server/v1_11_R1/PathfinderGoalDoorInteract,,,
ud,net/minecraft/entity/ai/EntityAIEatGrass,net/minecraft/server/v1_11_R1/PathfinderGoalEatTile,,,
ue,net/minecraft/entity/ai/EntityAIFleeSun,net/minecraft/server/v1_11_R1/PathfinderGoalFleeSun,,,
uf,net/minecraft/entity/ai/EntityAISwimming,net/minecraft/server/v1_11_R1/PathfinderGoalFloat,,,
ug,net/minecraft/entity/ai/EntityAIFollowOwner,net/minecraft/server/v1_11_R1/PathfinderGoalFollowOwner,,,
uh,net/minecraft/entity/ai/EntityAIFollowParent,net/minecraft/server/v1_11_R1/PathfinderGoalFollowParent,,,
ui,net/minecraft/entity/ai/EntityAIBase,net/minecraft/server/v1_11_R1/PathfinderGoal,,,
uj$a,net/minecraft/entity/ai/EntityAITasks$EntityAITaskEntry,net/minecraft/server/v1_11_R1/PathfinderGoalSelector$PathfinderGoalSelectorItem,,,
uj,net/minecraft/entity/ai/EntityAITasks,net/minecraft/server/v1_11_R1/PathfinderGoalSelector,,,
uk,net/minecraft/entity/ai/EntityAIHarvestFarmland,net/minecraft/server/v1_11_R1/PathfinderGoalVillagerFarm,,,
ul,net/minecraft/entity/ai/EntityAIWatchClosest2,net/minecraft/server/v1_11_R1/PathfinderGoalInteract,,,
um,net/minecraft/entity/ai/EntityAILeapAtTarget,net/minecraft/server/v1_11_R1/PathfinderGoalLeapAtTarget,,,
un,net/minecraft/entity/ai/EntityAILlamaFollowCaravan,net/minecraft/server/v1_11_R1/PathfinderGoalLlamaFollow,,,
uo,net/minecraft/entity/ai/EntityAIWatchClosest,net/minecraft/server/v1_11_R1/PathfinderGoalLookAtPlayer,,,
up,net/minecraft/entity/ai/EntityAILookAtTradePlayer,net/minecraft/server/v1_11_R1/PathfinderGoalLookAtTradingPlayer,,,
uq,net/minecraft/entity/ai/EntityAIVillagerMate,net/minecraft/server/v1_11_R1/PathfinderGoalMakeLove,,,
ur,net/minecraft/entity/ai/EntityAIAttackMelee,net/minecraft/server/v1_11_R1/PathfinderGoalMeleeAttack,,,
us,net/minecraft/entity/ai/EntityAIMoveIndoors,net/minecraft/server/v1_11_R1/PathfinderGoalMoveIndoors,,,
ut,net/minecraft/entity/ai/EntityAIMoveThroughVillage,net/minecraft/server/v1_11_R1/PathfinderGoalMoveThroughVillage,,,
uu,net/minecraft/entity/ai/EntityAIMoveToBlock,net/minecraft/server/v1_11_R1/PathfinderGoalGotoTarget,,,
uv,net/minecraft/entity/ai/EntityAIMoveTowardsRestriction,net/minecraft/server/v1_11_R1/PathfinderGoalMoveTowardsRestriction,,,
uw,net/minecraft/entity/ai/EntityAIMoveTowardsTarget,net/minecraft/server/v1_11_R1/PathfinderGoalMoveTowardsTarget,,,
ux,net/minecraft/entity/ai/EntityAIOcelotAttack,net/minecraft/server/v1_11_R1/PathfinderGoalOcelotAttack,,,
uy,net/minecraft/entity/ai/EntityAIOcelotSit,net/minecraft/server/v1_11_R1/PathfinderGoalJumpOnBlock,,,
uz,net/minecraft/entity/ai/EntityAILookAtVillager,net/minecraft/server/v1_11_R1/PathfinderGoalOfferFlower,,,
v,net/minecraft/command/CommandClearInventory,net/minecraft/server/v1_11_R1/CommandClear,,,
va,net/minecraft/entity/ai/EntityAIOpenDoor,net/minecraft/server/v1_11_R1/PathfinderGoalOpenDoor,,,
vb,net/minecraft/entity/ai/EntityAIPanic,net/minecraft/server/v1_11_R1/PathfinderGoalPanic,,,
vc,net/minecraft/entity/ai/EntityAIPlay,net/minecraft/server/v1_11_R1/PathfinderGoalPlay,,,
ve,net/minecraft/entity/ai/EntityAILookIdle,net/minecraft/server/v1_11_R1/PathfinderGoalRandomLookaround,,,
vf,net/minecraft/entity/ai/EntityAIWander,net/minecraft/server/v1_11_R1/PathfinderGoalRandomStroll,,,
vg,net/minecraft/entity/ai/EntityAIAttackRanged,net/minecraft/server/v1_11_R1/PathfinderGoalArrowAttack,,,
vh,net/minecraft/entity/ai/EntityAIAttackRangedBow,net/minecraft/server/v1_11_R1/PathfinderGoalBowShoot,,,
vi,net/minecraft/entity/ai/EntityAIRestrictOpenDoor,net/minecraft/server/v1_11_R1/PathfinderGoalRestrictOpenDoor,,,
vj,net/minecraft/entity/ai/EntityAIRestrictSun,net/minecraft/server/v1_11_R1/PathfinderGoalRestrictSun,,,
vk,net/minecraft/entity/ai/EntityAIRunAroundLikeCrazy,net/minecraft/server/v1_11_R1/PathfinderGoalTame,,,
vl,net/minecraft/entity/ai/EntityAISit,net/minecraft/server/v1_11_R1/PathfinderGoalSit,,,
vm,net/minecraft/entity/ai/EntityAICreeperSwell,net/minecraft/server/v1_11_R1/PathfinderGoalSwell,,,
vn,net/minecraft/entity/ai/EntityAIFollowGolem,net/minecraft/server/v1_11_R1/PathfinderGoalTakeFlower,,,
vo,net/minecraft/entity/ai/EntityAITempt,net/minecraft/server/v1_11_R1/PathfinderGoalTempt,,,
vp,net/minecraft/entity/ai/EntityAITradePlayer,net/minecraft/server/v1_11_R1/PathfinderGoalTradeWithPlayer,,,
vq,net/minecraft/entity/ai/EntityAIVillagerInteract,net/minecraft/server/v1_11_R1/PathfinderGoalInteractVillagers,,,
vr,net/minecraft/entity/ai/EntityAIWanderAvoidWater,net/minecraft/server/v1_11_R1/PathfinderGoalRandomStrollLand,,,
vs,net/minecraft/entity/ai/EntityAIZombieAttack,net/minecraft/server/v1_11_R1/PathfinderGoalZombieAttack,,,
vu,net/minecraft/entity/ai/EntityAIDefendVillage,net/minecraft/server/v1_11_R1/PathfinderGoalDefendVillage,,,
vv,net/minecraft/entity/ai/EntityAIHurtByTarget,net/minecraft/server/v1_11_R1/PathfinderGoalHurtByTarget,,,
vw$1,net/minecraft/entity/ai/EntityAIFindEntityNearest$1,net/minecraft/server/v1_11_R1/PathfinderGoalNearestAttackableTargetInsentient$1,,,
vw,net/minecraft/entity/ai/EntityAIFindEntityNearest,net/minecraft/server/v1_11_R1/PathfinderGoalNearestAttackableTargetInsentient,,,
vx$1,net/minecraft/entity/ai/EntityAIFindEntityNearestPlayer$1,net/minecraft/server/v1_11_R1/PathfinderGoalTargetNearestPlayer$1,,,
vx,net/minecraft/entity/ai/EntityAIFindEntityNearestPlayer,net/minecraft/server/v1_11_R1/PathfinderGoalTargetNearestPlayer,,,
vy$1,net/minecraft/entity/ai/EntityAINearestAttackableTarget$1,net/minecraft/server/v1_11_R1/PathfinderGoalNearestAttackableTarget$1,,,
vy$2,net/minecraft/entity/ai/EntityAINearestAttackableTarget$2,net/minecraft/server/v1_11_R1/PathfinderGoalNearestAttackableTarget$2,,,
vy$a,net/minecraft/entity/ai/EntityAINearestAttackableTarget$Sorter,net/minecraft/server/v1_11_R1/PathfinderGoalNearestAttackableTarget$DistanceComparator,,,
vy,net/minecraft/entity/ai/EntityAINearestAttackableTarget,net/minecraft/server/v1_11_R1/PathfinderGoalNearestAttackableTarget,,,
vz,net/minecraft/entity/ai/EntityAITargetNonTamed,net/minecraft/server/v1_11_R1/PathfinderGoalRandomTargetNonTamed,,,
w$a,net/minecraft/command/CommandClone$StaticCloneData,net/minecraft/server/v1_11_R1/CommandClone$CommandCloneStoredTileEntity,,,
w,net/minecraft/command/CommandClone,net/minecraft/server/v1_11_R1/CommandClone,,,
wa,net/minecraft/entity/ai/EntityAIOwnerHurtByTarget,net/minecraft/server/v1_11_R1/PathfinderGoalOwnerHurtByTarget,,,
wb,net/minecraft/entity/ai/EntityAIOwnerHurtTarget,net/minecraft/server/v1_11_R1/PathfinderGoalOwnerHurtTarget,,,
wc,net/minecraft/entity/ai/EntityAITarget,net/minecraft/server/v1_11_R1/PathfinderGoalTarget,,,
we,net/minecraft/pathfinding/PathNavigateGround,net/minecraft/server/v1_11_R1/Navigation,,,
wf,net/minecraft/pathfinding/PathNavigate,net/minecraft/server/v1_11_R1/NavigationAbstract,,,
wg,net/minecraft/pathfinding/PathWorldListener,net/minecraft/server/v1_11_R1/NavigationListener,,,
wh,net/minecraft/pathfinding/PathNavigateClimber,net/minecraft/server/v1_11_R1/NavigationSpider,,,
wi,net/minecraft/pathfinding/PathNavigateSwimmer,net/minecraft/server/v1_11_R1/NavigationGuardian,,,
wk,net/minecraft/entity/ai/EntitySenses,net/minecraft/server/v1_11_R1/EntitySenses,,,
wm,net/minecraft/entity/ai/RandomPositionGenerator,net/minecraft/server/v1_11_R1/RandomPositionGenerator,,,
wo,net/minecraft/village/VillageDoorInfo,net/minecraft/server/v1_11_R1/VillageDoor,,,
wp$a,net/minecraft/village/Village$VillageAggressor,net/minecraft/server/v1_11_R1/Village$Aggressor,,,
wp,net/minecraft/village/Village,net/minecraft/server/v1_11_R1/Village,,,
wq,net/minecraft/village/VillageSiege,net/minecraft/server/v1_11_R1/VillageSiege,,,
wr,net/minecraft/village/VillageCollection,net/minecraft/server/v1_11_R1/PersistentVillage,,,
wt,net/minecraft/entity/passive/EntityAmbientCreature,net/minecraft/server/v1_11_R1/EntityAmbient,,,
wu,net/minecraft/entity/passive/EntityBat,net/minecraft/server/v1_11_R1/EntityBat,,,
ww,net/minecraft/entity/passive/EntityAnimal,net/minecraft/server/v1_11_R1/EntityAnimal,,,
wx,net/minecraft/entity/passive/EntityChicken,net/minecraft/server/v1_11_R1/EntityChicken,,,
wy,net/minecraft/entity/passive/EntityCow,net/minecraft/server/v1_11_R1/EntityCow,,,
wz,net/minecraft/entity/monster/EntityGolem,net/minecraft/server/v1_11_R1/EntityGolem,,,
x,net/minecraft/command/server/CommandDeOp,net/minecraft/server/v1_11_R1/CommandDeop,,,
xa,net/minecraft/entity/passive/EntityMooshroom,net/minecraft/server/v1_11_R1/EntityMushroomCow,,,
xb,net/minecraft/entity/passive/EntityOcelot,net/minecraft/server/v1_11_R1/EntityOcelot,,,
xc,net/minecraft/entity/passive/EntityPig,net/minecraft/server/v1_11_R1/EntityPig,,,
xd$a,net/minecraft/entity/monster/EntityPolarBear$AIAttackPlayer,net/minecraft/server/v1_11_R1/EntityPolarBear$a,,,
xd$b,net/minecraft/entity/monster/EntityPolarBear$GroupData,net/minecraft/server/v1_11_R1/EntityPolarBear$b,,,
xd$c,net/minecraft/entity/monster/EntityPolarBear$AIHurtByTarget,net/minecraft/server/v1_11_R1/EntityPolarBear$c,,,
xd$d,net/minecraft/entity/monster/EntityPolarBear$AIMeleeAttack,net/minecraft/server/v1_11_R1/EntityPolarBear$d,,,
xd$e,net/minecraft/entity/monster/EntityPolarBear$AIPanic,net/minecraft/server/v1_11_R1/EntityPolarBear$e,,,
xd,net/minecraft/entity/monster/EntityPolarBear,net/minecraft/server/v1_11_R1/EntityPolarBear,,,
xe$a,net/minecraft/entity/passive/EntityRabbit$AIEvilAttack,net/minecraft/server/v1_11_R1/EntityRabbit$PathfinderGoalKillerRabbitMeleeAttack,,,
xe$b,net/minecraft/entity/passive/EntityRabbit$AIAvoidEntity,net/minecraft/server/v1_11_R1/EntityRabbit$PathfinderGoalRabbitAvoidTarget,,,
xe$c,net/minecraft/entity/passive/EntityRabbit$RabbitTypeData,net/minecraft/server/v1_11_R1/EntityRabbit$GroupDataRabbit,,,
xe$d,net/minecraft/entity/passive/EntityRabbit$RabbitJumpHelper,net/minecraft/server/v1_11_R1/EntityRabbit$ControllerJumpRabbit,,,
xe$e,net/minecraft/entity/passive/EntityRabbit$RabbitMoveHelper,net/minecraft/server/v1_11_R1/EntityRabbit$ControllerMoveRabbit,,,
xe$f,net/minecraft/entity/passive/EntityRabbit$AIPanic,net/minecraft/server/v1_11_R1/EntityRabbit$PathfinderGoalRabbitPanic,,,
xe$g,net/minecraft/entity/passive/EntityRabbit$AIRaidFarm,net/minecraft/server/v1_11_R1/EntityRabbit$PathfinderGoalEatCarrots,,,
xe,net/minecraft/entity/passive/EntityRabbit,net/minecraft/server/v1_11_R1/EntityRabbit,,,
xf$1,net/minecraft/entity/passive/EntitySheep$1,net/minecraft/server/v1_11_R1/EntitySheep$1,,,
xf,net/minecraft/entity/passive/EntitySheep,net/minecraft/server/v1_11_R1/EntitySheep,,,
xg,net/minecraft/entity/monster/EntitySnowman,net/minecraft/server/v1_11_R1/EntitySnowman,,,
xh$a,net/minecraft/entity/passive/EntitySquid$AIMoveRandom,net/minecraft/server/v1_11_R1/EntitySquid$PathfinderGoalSquid,,,
xh,net/minecraft/entity/passive/EntitySquid,net/minecraft/server/v1_11_R1/EntitySquid,,,
xi$1,net/minecraft/entity/monster/EntityIronGolem$1,net/minecraft/server/v1_11_R1/EntityIronGolem$1,,,
xi,net/minecraft/entity/monster/EntityIronGolem,net/minecraft/server/v1_11_R1/EntityIronGolem,,,
xj,net/minecraft/entity/passive/EntityWaterMob,net/minecraft/server/v1_11_R1/EntityWaterAnimal,,,
xk$1,net/minecraft/entity/passive/EntityWolf$1,net/minecraft/server/v1_11_R1/EntityWolf$1,,,
xk$a,net/minecraft/entity/passive/EntityWolf$AIAvoidEntity,net/minecraft/server/v1_11_R1/EntityWolf$a,,,
xk,net/minecraft/entity/passive/EntityWolf,net/minecraft/server/v1_11_R1/EntityWolf,,,
xl,net/minecraft/entity/passive/AbstractChestHorse,net/minecraft/server/v1_11_R1/EntityHorseChestedAbstract,,,
xm$1,net/minecraft/entity/passive/AbstractHorse$1,net/minecraft/server/v1_11_R1/EntityHorseAbstract$1,,,
xm,net/minecraft/entity/passive/AbstractHorse,net/minecraft/server/v1_11_R1/EntityHorseAbstract,,,
xn,net/minecraft/entity/passive/EntityDonkey,net/minecraft/server/v1_11_R1/EntityHorseDonkey,,,
xo$a,net/minecraft/entity/passive/EntityHorse$GroupData,net/minecraft/server/v1_11_R1/EntityHorse$a,,,
xo,net/minecraft/entity/passive/EntityHorse,net/minecraft/server/v1_11_R1/EntityHorse,,,
xp,net/minecraft/entity/passive/HorseArmorType,net/minecraft/server/v1_11_R1/EnumHorseArmor,,,
xq$a,net/minecraft/entity/passive/EntityLlama$AIDefendTarget,net/minecraft/server/v1_11_R1/EntityLlama$a,,,
xq$b,net/minecraft/entity/passive/EntityLlama$GroupData,net/minecraft/server/v1_11_R1/EntityLlama$b,,,
xq$c,net/minecraft/entity/passive/EntityLlama$AIHurtByTarget,net/minecraft/server/v1_11_R1/EntityLlama$c,,,
xq,net/minecraft/entity/passive/EntityLlama,net/minecraft/server/v1_11_R1/EntityLlama,,,
xr,net/minecraft/entity/passive/EntityMule,net/minecraft/server/v1_11_R1/EntityHorseMule,,,
xs,net/minecraft/entity/passive/EntitySkeletonHorse,net/minecraft/server/v1_11_R1/EntityHorseSkeleton,,,
xt,net/minecraft/entity/ai/EntityAISkeletonRiders,net/minecraft/server/v1_11_R1/PathfinderGoalHorseTrap,,,
xu,net/minecraft/entity/passive/EntityZombieHorse,net/minecraft/server/v1_11_R1/EntityHorseZombie,,,
xy,net/minecraft/entity/IEntityMultiPart,net/minecraft/server/v1_11_R1/IComplex,,,
xz,net/minecraft/entity/boss/EntityDragonPart,net/minecraft/server/v1_11_R1/EntityComplexPart,,,
y,net/minecraft/command/CommandDebug,net/minecraft/server/v1_11_R1/CommandDebug,,,
ya,net/minecraft/entity/item/EntityEnderCrystal,net/minecraft/server/v1_11_R1/EntityEnderCrystal,,,
yb,net/minecraft/entity/boss/EntityDragon,net/minecraft/server/v1_11_R1/EntityEnderDragon,,,
yd,net/minecraft/entity/boss/dragon/phase/PhaseBase,net/minecraft/server/v1_11_R1/AbstractDragonController,,,
ye,net/minecraft/entity/boss/dragon/phase/PhaseSittingBase,net/minecraft/server/v1_11_R1/AbstractDragonControllerLanded,,,
yf,net/minecraft/entity/boss/dragon/phase/PhaseChargingPlayer,net/minecraft/server/v1_11_R1/DragonControllerCharge,,,
yg,net/minecraft/entity/boss/dragon/phase/PhaseDying,net/minecraft/server/v1_11_R1/DragonControllerDying,,,
yh,net/minecraft/entity/boss/dragon/phase/PhaseHoldingPattern,net/minecraft/server/v1_11_R1/DragonControllerHold,,,
yi,net/minecraft/entity/boss/dragon/phase/PhaseHover,net/minecraft/server/v1_11_R1/DragonControllerHover,,,
yj,net/minecraft/entity/boss/dragon/phase/PhaseLandingApproach,net/minecraft/server/v1_11_R1/DragonControllerLandingFly,,,
yk,net/minecraft/entity/boss/dragon/phase/PhaseLanding,net/minecraft/server/v1_11_R1/DragonControllerLanding,,,
yl,net/minecraft/entity/boss/dragon/phase/IPhase,net/minecraft/server/v1_11_R1/IDragonController,,,
ym,net/minecraft/entity/boss/dragon/phase/PhaseSittingAttacking,net/minecraft/server/v1_11_R1/DragonControllerLandedAttack,,,
yn,net/minecraft/entity/boss/dragon/phase/PhaseSittingFlaming,net/minecraft/server/v1_11_R1/DragonControllerLandedFlame,,,
yo,net/minecraft/entity/boss/dragon/phase/PhaseSittingScanning,net/minecraft/server/v1_11_R1/DragonControllerLandedSearch,,,
yp,net/minecraft/entity/boss/dragon/phase/PhaseStrafePlayer,net/minecraft/server/v1_11_R1/DragonControllerStrafe,,,
yq,net/minecraft/entity/boss/dragon/phase/PhaseTakeoff,net/minecraft/server/v1_11_R1/DragonControllerFly,,,
yr,net/minecraft/entity/boss/dragon/phase/PhaseList,net/minecraft/server/v1_11_R1/DragonControllerPhase,,,
ys,net/minecraft/entity/boss/dragon/phase/PhaseManager,net/minecraft/server/v1_11_R1/DragonControllerManager,,,
yv$1,net/minecraft/entity/boss/EntityWither$1,net/minecraft/server/v1_11_R1/EntityWither$1,,,
yv$a,net/minecraft/entity/boss/EntityWither$AIDoNothing,net/minecraft/server/v1_11_R1/EntityWither$a,,,
yv,net/minecraft/entity/boss/EntityWither,net/minecraft/server/v1_11_R1/EntityWither,,,
yx$1,net/minecraft/entity/item/EntityArmorStand$1,net/minecraft/server/v1_11_R1/EntityArmorStand$1,,,
yx,net/minecraft/entity/item/EntityArmorStand,net/minecraft/server/v1_11_R1/EntityArmorStand,,,
yy$1,net/minecraft/entity/EntityHanging$1,net/minecraft/server/v1_11_R1/EntityHanging$1,,,
yy,net/minecraft/entity/EntityHanging,net/minecraft/server/v1_11_R1/EntityHanging,,,
yz,net/minecraft/entity/item/EntityItemFrame,net/minecraft/server/v1_11_R1/EntityItemFrame,,,
z,net/minecraft/command/CommandDefaultGameMode,net/minecraft/server/v1_11_R1/CommandGamemodeDefault,,,
za,net/minecraft/entity/EntityLeashKnot,net/minecraft/server/v1_11_R1/EntityLeash,,,
zb$a,net/minecraft/entity/item/EntityPainting$EnumArt,net/minecraft/server/v1_11_R1/EntityPainting$EnumArt,,,
zb,net/minecraft/entity/item/EntityPainting,net/minecraft/server/v1_11_R1/EntityPainting,,,
zd$a,net/minecraft/entity/projectile/EntityFishHook$State,net/minecraft/server/v1_11_R1/EntityFishingHook$HookState,,,
zd,net/minecraft/entity/projectile/EntityFishHook,net/minecraft/server/v1_11_R1/EntityFishingHook,,,
zf,net/minecraft/entity/effect/EntityWeatherEffect,net/minecraft/server/v1_11_R1/EntityWeather,,,
zg,net/minecraft/entity/effect/EntityLightningBolt,net/minecraft/server/v1_11_R1/EntityLightning,,,
zi,net/minecraft/entity/item/EntityFallingBlock,net/minecraft/server/v1_11_R1/EntityFallingBlock,,,
zj,net/minecraft/entity/item/EntityItem,net/minecraft/server/v1_11_R1/EntityItem,,,
zk,net/minecraft/entity/item/EntityTNTPrimed,net/minecraft/server/v1_11_R1/EntityTNTPrimed,,,
zm$1,net/minecraft/entity/monster/AbstractSkeleton$1,net/minecraft/server/v1_11_R1/EntitySkeletonAbstract$1,,,
zm,net/minecraft/entity/monster/AbstractSkeleton,net/minecraft/server/v1_11_R1/EntitySkeletonAbstract,,,
zn$a,net/minecraft/entity/monster/EntityBlaze$AIFireballAttack,net/minecraft/server/v1_11_R1/EntityBlaze$PathfinderGoalBlazeFireball,,,
zn,net/minecraft/entity/monster/EntityBlaze,net/minecraft/server/v1_11_R1/EntityBlaze,,,
zo,net/minecraft/entity/monster/EntityCaveSpider,net/minecraft/server/v1_11_R1/EntityCaveSpider,,,
zp,net/minecraft/entity/monster/EntityCreeper,net/minecraft/server/v1_11_R1/EntityCreeper,,,
zq$1,net/minecraft/entity/monster/EntityElderGuardian$1,net/minecraft/server/v1_11_R1/EntityGuardianElder$1,,,
zq,net/minecraft/entity/monster/EntityElderGuardian,net/minecraft/server/v1_11_R1/EntityGuardianElder,,,
zr$1,net/minecraft/entity/monster/EntityEnderman$1,net/minecraft/server/v1_11_R1/EntityEnderman$1,,,
zr$a,net/minecraft/entity/monster/EntityEnderman$AIPlaceBlock,net/minecraft/server/v1_11_R1/EntityEnderman$PathfinderGoalEndermanPlaceBlock,,,
zr$b$1,net/minecraft/entity/monster/EntityEnderman$AIFindPlayer$1,net/minecraft/server/v1_11_R1/EntityEnderman$PathfinderGoalPlayerWhoLookedAtTarget$1,,,
zr$b,net/minecraft/entity/monster/EntityEnderman$AIFindPlayer,net/minecraft/server/v1_11_R1/EntityEnderman$PathfinderGoalPlayerWhoLookedAtTarget,,,
zr$c,net/minecraft/entity/monster/EntityEnderman$AITakeBlock,net/minecraft/server/v1_11_R1/EntityEnderman$PathfinderGoalEndermanPickupBlock,,,
zr,net/minecraft/entity/monster/EntityEnderman,net/minecraft/server/v1_11_R1/EntityEnderman,,,
zs,net/minecraft/entity/monster/EntityEndermite,net/minecraft/server/v1_11_R1/EntityEndermite,,,
zt$1,net/minecraft/entity/monster/IMob$1,net/minecraft/server/v1_11_R1/IMonster$1,,,
zt$2,net/minecraft/entity/monster/IMob$2,net/minecraft/server/v1_11_R1/IMonster$2,,,
zt,net/minecraft/entity/monster/IMob,net/minecraft/server/v1_11_R1/IMonster,,,
zu$a,net/minecraft/entity/monster/EntityEvoker$AIAttackSpell,net/minecraft/server/v1_11_R1/EntityEvoker$a,,,
zu$b,net/minecraft/entity/monster/EntityEvoker$AICastingSpell,net/minecraft/server/v1_11_R1/EntityEvoker$b,,,
zu$c,net/minecraft/entity/monster/EntityEvoker$AISummonSpell,net/minecraft/server/v1_11_R1/EntityEvoker$c,,,
zu$d,net/minecraft/entity/monster/EntityEvoker$AIUseSpell,net/minecraft/server/v1_11_R1/EntityEvoker$d,,,
zu$e$1,net/minecraft/entity/monster/EntityEvoker$AIWololoSpell$1,net/minecraft/server/v1_11_R1/EntityEvoker$e$1,,,
zu$e,net/minecraft/entity/monster/EntityEvoker$AIWololoSpell,net/minecraft/server/v1_11_R1/EntityEvoker$e,,,
zu,net/minecraft/entity/monster/EntityEvoker,net/minecraft/server/v1_11_R1/EntityEvoker,,,
zv$a,net/minecraft/entity/monster/EntityGhast$AILookAround,net/minecraft/server/v1_11_R1/EntityGhast$PathfinderGoalGhastMoveTowardsTarget,,,
zv$b,net/minecraft/entity/monster/EntityGhast$GhastMoveHelper,net/minecraft/server/v1_11_R1/EntityGhast$ControllerGhast,,,
zv$c,net/minecraft/entity/monster/EntityGhast$AIFireballAttack,net/minecraft/server/v1_11_R1/EntityGhast$PathfinderGoalGhastAttackTarget,,,
zv$d,net/minecraft/entity/monster/EntityGhast$AIRandomFly,net/minecraft/server/v1_11_R1/EntityGhast$PathfinderGoalGhastIdleMove,,,
zv,net/minecraft/entity/monster/EntityGhast,net/minecraft/server/v1_11_R1/EntityGhast,,,
zw,net/minecraft/entity/monster/EntityGiantZombie,net/minecraft/server/v1_11_R1/EntityGiantZombie,,,
zx$a,net/minecraft/entity/monster/EntityGuardian$AIGuardianAttack,net/minecraft/server/v1_11_R1/EntityGuardian$PathfinderGoalGuardianAttack,,,
zx$b,net/minecraft/entity/monster/EntityGuardian$GuardianTargetSelector,net/minecraft/server/v1_11_R1/EntityGuardian$EntitySelectorGuardianTargetHumanSquid,,,
zx$c,net/minecraft/entity/monster/EntityGuardian$GuardianMoveHelper,net/minecraft/server/v1_11_R1/EntityGuardian$ControllerMoveGuardian,,,
zx,net/minecraft/entity/monster/EntityGuardian,net/minecraft/server/v1_11_R1/EntityGuardian,,,
zy,net/minecraft/entity/monster/EntityHusk,net/minecraft/server/v1_11_R1/EntityZombieHusk,,,
zz,net/minecraft/entity/monster/EntityMagmaCube,net/minecraft/server/v1_11_R1/EntityMagmaCube,,,
bes$2,net/minecraft/client/Minecraft$10,,,,
ber,net/minecraft/client/renderer/GLAllocation,,,,
ccg,net/minecraft/server/integrated/IntegratedPlayerList,,,,
cch,net/minecraft/server/integrated/IntegratedServer,,,,
cch$4,net/minecraft/server/integrated/IntegratedServer$4,,,,
cci,net/minecraft/server/integrated/IntegratedServerCommandManager,,,,
cch$1,net/minecraft/server/integrated/IntegratedServer$1,,,,
cch$2,net/minecraft/server/integrated/IntegratedServer$2,,,,
cch$3,net/minecraft/server/integrated/IntegratedServer$3,,,,
ccj,net/minecraft/client/network/LanServerInfo,,,,
cck$b,net/minecraft/client/network/LanServerDetector$LanServerList,,,,
cck,net/minecraft/client/network/LanServerDetector,,,,
cck$a,net/minecraft/client/network/LanServerDetector$ThreadLanServerFind,,,,
ccl,net/minecraft/client/multiplayer/ThreadLanServerPing,,,,
bes$7,net/minecraft/client/Minecraft$15,,,,
bes$1,net/minecraft/client/Minecraft$1,,,,
net/minecraft/client/ClientBrandRetriever,net/minecraft/client/ClientBrandRetriever,,,,
ccp,net/minecraft/client/audio/MusicTicker,,,,
ccs,net/minecraft/client/audio/SoundHandler,,,,
cct,net/minecraft/client/audio/SoundRegistry,,,,
ccq,net/minecraft/client/audio/SoundManager,,,,
ccq$2,net/minecraft/client/audio/SoundManager$2,,,,
ccq$2$1,net/minecraft/client/audio/SoundManager$2$1,,,,
ccv,net/minecraft/client/audio/ISoundEventAccessor,,,,
ccq$a,net/minecraft/client/audio/SoundManager$SoundSystemStarterThread,,,,
ccq$1$1,net/minecraft/client/audio/SoundManager$1$1,,,,
ccs$1,net/minecraft/client/audio/SoundHandler$1,,,,
ccr,net/minecraft/client/audio/ISoundEventListener,,,,
ccu,net/minecraft/client/audio/SoundEventAccessor,,,,
ccp$a,net/minecraft/client/audio/MusicTicker$MusicType,,,,
ccq$1,net/minecraft/client/audio/SoundManager$1,,,,
ccs$2,net/minecraft/client/audio/SoundHandler$2,,,,
bez,net/minecraft/util/Session,,,,
beu$a,net/minecraft/client/settings/GameSettings$Options,,,,
bes$12,net/minecraft/client/Minecraft$4,,,,
bes,net/minecraft/client/Minecraft,,,,
bey,net/minecraft/util/Timer,,,,
bew,net/minecraft/util/ScreenShotHelper,,,,
bep,net/minecraft/client/settings/KeyBinding,,,,
bes$13,net/minecraft/client/Minecraft$5,,,,
cab,net/minecraft/client/resources/LegacyV2Adapter,,,,
cad,net/minecraft/client/resources/ResourcePackRepository,,,,
bzw,net/minecraft/client/resources/IReloadableResourceManager,,,,
bzs,net/minecraft/client/resources/FileResourcePack,,,,
cbw,net/minecraft/client/audio/MovingSoundMinecart,,,,
cbu,net/minecraft/client/audio/ElytraSound,,,,
ccc,net/minecraft/client/audio/ISound,,,,
cby,net/minecraft/client/audio/PositionedSoundRecord,,,,
ccb,net/minecraft/client/audio/SoundListSerializer,,,,
cbt,net/minecraft/client/audio/MovingSound,,,,
ccc$a,net/minecraft/client/audio/ISound$AttenuationType,,,,
cbv,net/minecraft/client/audio/GuardianSound,,,,
ccd,net/minecraft/client/audio/ITickableSound,,,,
cbs,net/minecraft/client/audio/PositionedSound,,,,
cbz$a,net/minecraft/client/audio/Sound$Type,,,,
cca,net/minecraft/client/audio/SoundList,,,,
cbx,net/minecraft/client/audio/MovingSoundMinecartRiding,,,,
cbz,net/minecraft/client/audio/Sound,,,,
cag$a,net/minecraft/client/resources/SkinManager$SkinAvailableCallback,,,,
bzt,net/minecraft/client/resources/FolderResourcePack,,,,
cap,net/minecraft/client/resources/data/MetadataSerializer,,,,
cam,net/minecraft/client/resources/data/BaseMetadataSectionSerializer,,,,
car,net/minecraft/client/resources/data/AnimationMetadataSection,,,,
caq,net/minecraft/client/resources/data/AnimationFrame,,,,
cas,net/minecraft/client/resources/data/AnimationMetadataSectionSerializer,,,,
cay,net/minecraft/client/resources/data/LanguageMetadataSectionSerializer,,,,
cax,net/minecraft/client/resources/data/LanguageMetadataSection,,,,
can,net/minecraft/client/resources/data/IMetadataSection,,,,
cbb,net/minecraft/client/resources/data/PackMetadataSectionSerializer,,,,
cba,net/minecraft/client/resources/data/PackMetadataSection,,,,
cau,net/minecraft/client/resources/data/FontMetadataSection,,,,
cav,net/minecraft/client/resources/data/FontMetadataSectionSerializer,,,,
cao,net/minecraft/client/resources/data/IMetadataSectionSerializer,,,,
cap$a,net/minecraft/client/resources/data/MetadataSerializer$Registration,,,,
cbe,net/minecraft/client/resources/data/TextureMetadataSection,,,,
cbf,net/minecraft/client/resources/data/TextureMetadataSectionSerializer,,,,
caa,net/minecraft/client/resources/IResourcePack,,,,
bzp,net/minecraft/client/resources/DefaultResourcePack,,,,
cab$1,net/minecraft/client/resources/LegacyV2Adapter$1,,,,
bzr$a,net/minecraft/client/resources/FallbackResourceManager$InputStreamLeakedResourceLogger,,,,
caf,net/minecraft/client/resources/SimpleResource,,,,
bzx,net/minecraft/client/resources/IResource,,,,
bzy,net/minecraft/client/resources/IResourceManager,,,,
cad$a,net/minecraft/client/resources/ResourcePackRepository$Entry,,,,
caj,net/minecraft/client/resources/LanguageManager,,,,
cak,net/minecraft/client/resources/Locale,,,,
cah,net/minecraft/client/resources/I18n,,,,
cai,net/minecraft/client/resources/Language,,,,
cag$3$1,net/minecraft/client/resources/SkinManager$3$1,,,,
cae$1,net/minecraft/client/resources/SimpleReloadableResourceManager$1,,,,
cag,net/minecraft/client/resources/SkinManager,,,,
cag$1,net/minecraft/client/resources/SkinManager$1,,,,
bzr,net/minecraft/client/resources/FallbackResourceManager,,,,
bzv,net/minecraft/client/resources/GrassColorReloadListener,,,,
cad$3,net/minecraft/client/resources/ResourcePackRepository$3,,,,
bzu,net/minecraft/client/resources/FoliageColorReloadListener,,,,
bzo,net/minecraft/client/resources/DefaultPlayerSkin,,,,
cad$2,net/minecraft/client/resources/ResourcePackRepository$2,,,,
bzz,net/minecraft/client/resources/IResourceManagerReloadListener,,,,
cae,net/minecraft/client/resources/SimpleReloadableResourceManager,,,,
cad$1,net/minecraft/client/resources/ResourcePackRepository$1,,,,
bzm,net/minecraft/client/resources/AbstractResourcePack,,,,
bzn,net/minecraft/client/resources/ResourceIndex,,,,
cac,net/minecraft/client/resources/ResourcePackFileNotFoundException,,,,
cbk$1,net/minecraft/client/renderer/block/model/ModelBakery$1,,,,
cbo,net/minecraft/client/renderer/block/model/SimpleBakedModel,,,,
cbl,net/minecraft/client/renderer/block/model/ModelManager,,,,
cbk$3,net/minecraft/client/renderer/block/model/ModelBakery$3,,,,
cbp$b,net/minecraft/client/renderer/block/model/WeightedBakedModel$WeightedModel,,,,
cbi,net/minecraft/client/renderer/block/model/ModelRotation,,,,
cbk,net/minecraft/client/renderer/block/model/ModelBakery,,,,
cbk$2,net/minecraft/client/renderer/block/model/ModelBakery$2,,,,
cbn$a,net/minecraft/client/renderer/block/model/MultipartBakedModel$Builder,,,,
cbo$a,net/minecraft/client/renderer/block/model/SimpleBakedModel$Builder,,,,
cbn,net/minecraft/client/renderer/block/model/MultipartBakedModel,,,,
cbp$a,net/minecraft/client/renderer/block/model/WeightedBakedModel$Builder,,,,
cbj,net/minecraft/client/renderer/block/model/BuiltInModel,,,,
cbp,net/minecraft/client/renderer/block/model/WeightedBakedModel,,,,
cbm,net/minecraft/client/renderer/block/model/ModelResourceLocation,,,,
cbh,net/minecraft/client/renderer/block/model/IBakedModel,,,,
cag$2,net/minecraft/client/resources/SkinManager$2,,,,
cag$3,net/minecraft/client/resources/SkinManager$3,,,,
bzq,net/minecraft/client/resources/ResourceIndexFolder,,,,
bes$15,net/minecraft/client/Minecraft$7,,,,
beu$1,net/minecraft/client/settings/GameSettings$1,,,,
bex,net/minecraft/util/MinecraftError,,,,
bfe$8,net/minecraft/client/renderer/color/ItemColors$8,,,,
bfe$4,net/minecraft/client/renderer/color/ItemColors$4,,,,
bfe$6,net/minecraft/client/renderer/color/ItemColors$6,,,,
bfd,net/minecraft/client/renderer/color/IItemColor,,,,
bfe$1,net/minecraft/client/renderer/color/ItemColors$1,,,,
bfe$2,net/minecraft/client/renderer/color/ItemColors$2,,,,
bfe,net/minecraft/client/renderer/color/ItemColors,,,,
bfe$7,net/minecraft/client/renderer/color/ItemColors$7,,,,
bfe$3,net/minecraft/client/renderer/color/ItemColors$3,,,,
bfe$5,net/minecraft/client/renderer/color/ItemColors$5,,,,
bfb$2,net/minecraft/client/renderer/color/BlockColors$10,,,,
bfa,net/minecraft/client/renderer/color/IBlockColor,,,,
bfb$11,net/minecraft/client/renderer/color/BlockColors$8,,,,
bfb,net/minecraft/client/renderer/color/BlockColors,,,,
bfb$3,net/minecraft/client/renderer/color/BlockColors$11,,,,
bfb$8,net/minecraft/client/renderer/color/BlockColors$5,,,,
bfb$9,net/minecraft/client/renderer/color/BlockColors$6,,,,
bfb$1,net/minecraft/client/renderer/color/BlockColors$1,,,,
bfb$6,net/minecraft/client/renderer/color/BlockColors$3,,,,
bfb$10,net/minecraft/client/renderer/color/BlockColors$7,,,,
bfb$7,net/minecraft/client/renderer/color/BlockColors$4,,,,
bfb$12,net/minecraft/client/renderer/color/BlockColors$9,,,,
bfb$4,net/minecraft/client/renderer/color/BlockColors$12,,,,
bfb$5,net/minecraft/client/renderer/color/BlockColors$2,,,,
bnq$2,net/minecraft/client/multiplayer/WorldClient$2,,,,
bnv$2,net/minecraft/client/network/ServerPinger$2,,,,
bnu,net/minecraft/client/multiplayer/ServerList,,,,
bnt$a,net/minecraft/client/multiplayer/ServerData$ServerResourceMode,,,,
bnp,net/minecraft/client/multiplayer/PlayerControllerMP,,,,
bnq$3,net/minecraft/client/multiplayer/WorldClient$3,,,,
bnr,net/minecraft/client/network/NetworkPlayerInfo,,,,
bnq,net/minecraft/client/multiplayer/WorldClient,,,,
bnv,net/minecraft/client/network/ServerPinger,,,,
bnv$2$1,net/minecraft/client/network/ServerPinger$2$1,,,,
bns,net/minecraft/client/multiplayer/ServerAddress,,,,
bnm$1,net/minecraft/client/multiplayer/ChunkProviderClient$1,,,,
bnn$1,net/minecraft/client/network/NetHandlerLoginClient$1,,,,
bno$2,net/minecraft/client/network/NetHandlerPlayClient$2,,,,
bnn,net/minecraft/client/network/NetHandlerLoginClient,,,,
bnt,net/minecraft/client/multiplayer/ServerData,,,,
bnq$1,net/minecraft/client/multiplayer/WorldClient$1,,,,
bno$1,net/minecraft/client/network/NetHandlerPlayClient$1,,,,
bno,net/minecraft/client/network/NetHandlerPlayClient,,,,
bnm,net/minecraft/client/multiplayer/ChunkProviderClient,,,,
bnq$4,net/minecraft/client/multiplayer/WorldClient$4,,,,
bnv$1,net/minecraft/client/network/ServerPinger$1,,,,
bnr$1,net/minecraft/client/network/NetworkPlayerInfo$1,,,,
bno$1$1,net/minecraft/client/network/NetHandlerPlayClient$1$1,,,,
bpv,net/minecraft/client/player/inventory/ContainerLocalMenu,,,,
bpu,net/minecraft/client/player/inventory/LocalBlockIntercommunication,,,,
bpq,net/minecraft/util/MovementInput,,,,
bpt,net/minecraft/client/entity/EntityOtherPlayerMP,,,,
bps,net/minecraft/client/entity/EntityPlayerSP,,,,
bpr,net/minecraft/util/MovementInputFromOptions,,,,
bpp,net/minecraft/client/entity/AbstractClientPlayer,,,,
bes$3,net/minecraft/client/Minecraft$11,,,,
bov$3,net/minecraft/client/particle/ParticleManager$3,,,,
bnz,net/minecraft/client/particle/Barrier,,,,
bnz$a,net/minecraft/client/particle/Barrier$Factory,,,,
boj,net/minecraft/client/particle/ParticleFirework,,,,
boa$b,net/minecraft/client/particle/ParticleBreaking$SlimeFactory,,,,
bov$4,net/minecraft/client/particle/ParticleManager$4,,,,
bot$a,net/minecraft/client/particle/ParticleNote$Factory,,,,
bny$a,net/minecraft/client/particle/ParticleSweepAttack$Factory,,,,
boa$a,net/minecraft/client/particle/ParticleBreaking$Factory,,,,
bom$b,net/minecraft/client/particle/ParticleHeart$Factory,,,,
bpn,net/minecraft/client/particle/ParticleRain,,,,
bob$a,net/minecraft/client/particle/ParticleBubble$Factory,,,,
bov$2,net/minecraft/client/particle/ParticleManager$2,,,,
bok$a,net/minecraft/client/particle/ParticleFlame$Factory,,,,
bpk$a,net/minecraft/client/particle/ParticleTotem$Factory,,,,
bpi,net/minecraft/client/particle/ParticleBlockDust,,,,
box,net/minecraft/client/particle/ParticleCloud,,,,
boj$a,net/minecraft/client/particle/ParticleFirework$Overlay,,,,
boh,net/minecraft/client/particle/ParticleExplosion,,,,
bph$a,net/minecraft/client/particle/ParticleSuspendedTown$HappyVillagerFactory,,,,
bos,net/minecraft/client/particle/ParticleMobAppearance,,,,
bpl,net/minecraft/client/particle/ParticleEmitter,,,,
bpf$a,net/minecraft/client/particle/ParticleSplash$Factory,,,,
bos$a,net/minecraft/client/particle/ParticleMobAppearance$Factory,,,,
bok,net/minecraft/client/particle/ParticleFlame,,,,
bph,net/minecraft/client/particle/ParticleSuspendedTown,,,,
bny,net/minecraft/client/particle/ParticleSweepAttack,,,,
bof,net/minecraft/client/particle/ParticleEnchantmentTable,,,,
box$a,net/minecraft/client/particle/ParticleCloud$Factory,,,,
boc$b,net/minecraft/client/particle/ParticleCrit$MagicFactory,,,,
boj$d,net/minecraft/client/particle/ParticleFirework$Factory,,,,
bof$a,net/minecraft/client/particle/ParticleEnchantmentTable$EnchantmentTable,,,,
boj$c,net/minecraft/client/particle/ParticleFirework$Starter,,,,
bom$a,net/minecraft/client/particle/ParticleHeart$AngryVillagerFactory,,,,
bpd$e,net/minecraft/client/particle/ParticleSpell$WitchFactory,,,,
bon,net/minecraft/client/particle/ParticleExplosionLarge,,,,
bpe,net/minecraft/client/particle/ParticleSpit,,,,
boh$a,net/minecraft/client/particle/ParticleExplosion$Factory,,,,
boq$a,net/minecraft/client/particle/ParticleSmokeLarge$Factory,,,,
bol$a,net/minecraft/client/particle/ParticleFootStep$Factory,,,,
boo$a,net/minecraft/client/particle/ParticleExplosionHuge$Factory,,,,
bop,net/minecraft/client/particle/ParticleItemPickup,,,,
boz$a,net/minecraft/client/particle/ParticleRedstone$Factory,,,,
bor,net/minecraft/client/particle/ParticleLava,,,,
bpi$a,net/minecraft/client/particle/ParticleBlockDust$Factory,,,,
bpd$d,net/minecraft/client/particle/ParticleSpell$Factory,,,,
bpb$a,net/minecraft/client/particle/ParticleSmokeNormal$Factory,,,,
bpd$b,net/minecraft/client/particle/ParticleSpell$InstantFactory,,,,
boz,net/minecraft/client/particle/ParticleRedstone,,,,
bpm,net/minecraft/client/particle/ParticleWaterWake,,,,
bpg,net/minecraft/client/particle/ParticleSuspend,,,,
bpd$a,net/minecraft/client/particle/ParticleSpell$AmbientMobFactory,,,,
boi$a,net/minecraft/client/particle/ParticleFallingDust$Factory,,,,
boe$b,net/minecraft/client/particle/ParticleDrip$WaterFactory,,,,
bod,net/minecraft/client/particle/ParticleDragonBreath,,,,
bpc,net/minecraft/client/particle/ParticleSnowShovel,,,,
bph$b,net/minecraft/client/particle/ParticleSuspendedTown$Factory,,,,
bob,net/minecraft/client/particle/ParticleBubble,,,,
bov,net/minecraft/client/particle/ParticleManager,,,,
bou,net/minecraft/client/particle/Particle,,,,
boq,net/minecraft/client/particle/ParticleSmokeLarge,,,,
bpg$a,net/minecraft/client/particle/ParticleSuspend$Factory,,,,
bpk,net/minecraft/client/particle/ParticleTotem,,,,
bpe$a,net/minecraft/client/particle/ParticleSpit$Factory,,,,
boe$a,net/minecraft/client/particle/ParticleDrip$LavaFactory,,,,
boa,net/minecraft/client/particle/ParticleBreaking,,,,
boa$c,net/minecraft/client/particle/ParticleBreaking$SnowballFactory,,,,
boc$c,net/minecraft/client/particle/ParticleCrit$Factory,,,,
bpd$c,net/minecraft/client/particle/ParticleSpell$MobFactory,,,,
boi,net/minecraft/client/particle/ParticleFallingDust,,,,
bol,net/minecraft/client/particle/ParticleFootStep,,,,
boe,net/minecraft/client/particle/ParticleDrip,,,,
boc,net/minecraft/client/particle/ParticleCrit,,,,
bpj,net/minecraft/client/particle/ParticleDigging,,,,
bpa,net/minecraft/client/particle/ParticleSimpleAnimated,,,,
boy,net/minecraft/client/particle/ParticlePortal,,,,
bpm$a,net/minecraft/client/particle/ParticleWaterWake$Factory,,,,
bpb,net/minecraft/client/particle/ParticleSmokeNormal,,,,
bor$a,net/minecraft/client/particle/ParticleLava$Factory,,,,
boy$a,net/minecraft/client/particle/ParticlePortal$Factory,,,,
bog,net/minecraft/client/particle/ParticleEndRod,,,,
bod$a,net/minecraft/client/particle/ParticleDragonBreath$Factory,,,,
bpj$a,net/minecraft/client/particle/ParticleDigging$Factory,,,,
bot,net/minecraft/client/particle/ParticleNote,,,,
bow,net/minecraft/client/particle/IParticleFactory,,,,
bon$a,net/minecraft/client/particle/ParticleExplosionLarge$Factory,,,,
boc$a,net/minecraft/client/particle/ParticleCrit$DamageIndicatorFactory,,,,
bom,net/minecraft/client/particle/ParticleHeart,,,,
bpn$a,net/minecraft/client/particle/ParticleRain$Factory,,,,
bpd,net/minecraft/client/particle/ParticleSpell,,,,
bpc$a,net/minecraft/client/particle/ParticleSnowShovel$Factory,,,,
bog$a,net/minecraft/client/particle/ParticleEndRod$Factory,,,,
boj$b,net/minecraft/client/particle/ParticleFirework$Spark,,,,
boo,net/minecraft/client/particle/ParticleExplosionHuge,,,,
bov$1,net/minecraft/client/particle/ParticleManager$1,,,,
bpf,net/minecraft/client/particle/ParticleSplash,,,,
bes$17,net/minecraft/client/Minecraft$9,,,,
bes$14,net/minecraft/client/Minecraft$6,,,,
ben,net/minecraft/client/renderer/ActiveRenderInfo,,,,
bez$a,net/minecraft/util/Session$Type,,,,
bes$10,net/minecraft/client/Minecraft$2,,,,
bhl$b,net/minecraft/client/gui/GuiFlatPresets$ListSlot,,,,
bhn,net/minecraft/client/gui/GuiDownloadTerrain,,,,
bgu,net/minecraft/client/gui/GuiYesNo,,,,
bgv,net/minecraft/client/multiplayer/GuiConnecting,,,,
bhq$a,net/minecraft/client/gui/GuiCustomizeSkin$ButtonPart,,,,
bhs$a,net/minecraft/client/gui/GuiScreenOptionsSounds$Button,,,,
bhd$1,net/minecraft/client/gui/GuiScreenAddServer$1,,,,
bhg$a,net/minecraft/client/gui/GuiLanguage$List,,,,
bhu,net/minecraft/util/TabCompleter,,,,
bho,net/minecraft/client/gui/GuiScreen,,,,
bhr,net/minecraft/client/gui/GuiSnooper,,,,
bjm,net/minecraft/client/gui/GuiScreenResourcePacks,,,,
bjs,net/minecraft/client/gui/GuiResourcePackAvailable,,,,
bjt,net/minecraft/client/gui/GuiResourcePackList,,,,
bju,net/minecraft/client/gui/GuiResourcePackSelected,,,,
bjp,net/minecraft/client/resources/ResourcePackListEntryFound,,,,
bjn$1,net/minecraft/client/resources/ResourcePackListEntry$1,,,,
bjn,net/minecraft/client/resources/ResourcePackListEntry,,,,
bjq,net/minecraft/client/resources/ResourcePackListEntryServer,,,,
bjo,net/minecraft/client/resources/ResourcePackListEntryDefault,,,,
bhf,net/minecraft/client/gui/GuiSleepMP,,,,
biw,net/minecraft/client/gui/inventory/GuiScreenHorseInventory,,,,
bij$a,net/minecraft/client/gui/GuiScreenBook$NextPageButton,,,,
bis,net/minecraft/util/EnchantmentNameParts,,,,
bil,net/minecraft/client/gui/GuiCommandBlock,,,,
biq,net/minecraft/client/gui/inventory/GuiDispenser,,,,
biv,net/minecraft/client/gui/GuiHopper,,,,
bjc,net/minecraft/client/gui/inventory/GuiEditStructure,,,,
biy,net/minecraft/client/gui/GuiMerchant,,,,
bix,net/minecraft/client/gui/inventory/GuiInventory,,,,
bii$b,net/minecraft/client/gui/inventory/GuiBeacon$ConfirmButton,,,,
biy$a,net/minecraft/client/gui/GuiMerchant$MerchantButton,,,,
bii$a,net/minecraft/client/gui/inventory/GuiBeacon$CancelButton,,,,
bil$1,net/minecraft/client/gui/GuiCommandBlock$1,,,,
big,net/minecraft/client/gui/inventory/GuiContainer,,,,
bip$a,net/minecraft/client/gui/inventory/GuiContainerCreative$ContainerCreative,,,,
bin,net/minecraft/client/gui/inventory/GuiCrafting,,,,
bih,net/minecraft/client/gui/GuiRepair,,,,
bim,net/minecraft/client/gui/inventory/GuiChest,,,,
biz,net/minecraft/client/gui/inventory/GuiEditCommandBlockMinecart,,,,
bio,net/minecraft/client/gui/inventory/CreativeCrafting,,,,
bii$c,net/minecraft/client/gui/inventory/GuiBeacon$PowerButton,,,,
bip,net/minecraft/client/gui/inventory/GuiContainerCreative,,,,
biu,net/minecraft/client/gui/inventory/GuiFurnace,,,,
bit,net/minecraft/client/gui/GuiEnchantment,,,,
bii$d,net/minecraft/client/gui/inventory/GuiBeacon$Button,,,,
bir,net/minecraft/client/renderer/InventoryEffectRenderer,,,,
bip$b,net/minecraft/client/gui/inventory/GuiContainerCreative$CreativeSlot,,,,
bja,net/minecraft/client/gui/inventory/GuiShulkerBox,,,,
bii,net/minecraft/client/gui/inventory/GuiBeacon,,,,
bjb,net/minecraft/client/gui/inventory/GuiEditSign,,,,
biz$1,net/minecraft/client/gui/inventory/GuiEditCommandBlockMinecart$1,,,,
bik,net/minecraft/client/gui/inventory/GuiBrewingStand,,,,
bij,net/minecraft/client/gui/GuiScreenBook,,,,
bgr,net/minecraft/client/gui/GuiChat,,,,
bgs,net/minecraft/client/gui/GuiConfirmOpenLink,,,,
bhb,net/minecraft/client/gui/GuiScreenServerList,,,,
bhi,net/minecraft/client/gui/GuiOptions,,,,
bhm,net/minecraft/client/gui/GuiScreenWorking,,,,
bhq,net/minecraft/client/gui/GuiCustomizeSkin,,,,
bha,net/minecraft/client/gui/GuiScreenDemo,,,,
bhg,net/minecraft/client/gui/GuiLanguage,,,,
bgq,net/minecraft/client/gui/ScreenChatOptions,,,,
bhl,net/minecraft/client/gui/GuiFlatPresets,,,,
bhx,net/minecraft/client/gui/GuiWinGame,,,,
bhw,net/minecraft/client/gui/GuiVideoSettings,,,,
bhv,net/minecraft/client/gui/GuiMainMenu,,,,
bgx,net/minecraft/client/gui/GuiScreenCustomizePresets,,,,
bjf,net/minecraft/client/gui/GuiMultiplayer,,,,
bjg,net/minecraft/client/gui/ServerListEntryLanScan,,,,
bjj,net/minecraft/client/gui/ServerSelectionList,,,,
bjh,net/minecraft/client/gui/ServerListEntryLanDetected,,,,
bji$1,net/minecraft/client/gui/ServerListEntryNormal$1,,,,
bji,net/minecraft/client/gui/ServerListEntryNormal,,,,
bhs,net/minecraft/client/gui/GuiScreenOptionsSounds,,,,
bgz,net/minecraft/client/gui/GuiGameOver,,,,
bgr$a,net/minecraft/client/gui/GuiChat$ChatTabCompleter,,,,
bhd,net/minecraft/client/gui/GuiScreenAddServer,,,,
bhc,net/minecraft/client/gui/GuiDisconnected,,,,
bht,net/minecraft/util/ITabCompleter,,,,
bid,net/minecraft/client/gui/GuiKeyBindingList,,,,
bid$a,net/minecraft/client/gui/GuiKeyBindingList$CategoryEntry,,,,
bid$b,net/minecraft/client/gui/GuiKeyBindingList$KeyEntry,,,,
bie,net/minecraft/client/gui/GuiControls,,,,
bgy,net/minecraft/client/gui/GuiCustomizeWorldScreen,,,,
bgx$b,net/minecraft/client/gui/GuiScreenCustomizePresets$ListPreset,,,,
bhp,net/minecraft/client/gui/GuiShareToLan,,,,
bhj,net/minecraft/client/gui/GuiMemoryErrorScreen,,,,
bkc,net/minecraft/client/gui/GuiListWorldSelection,,,,
bjz,net/minecraft/client/gui/GuiWorldEdit,,,,
bkb$1,net/minecraft/client/gui/GuiListWorldSelectionEntry$1,,,,
bkb,net/minecraft/client/gui/GuiListWorldSelectionEntry,,,,
bjy,net/minecraft/client/gui/GuiCreateWorld,,,,
bkb$2,net/minecraft/client/gui/GuiListWorldSelectionEntry$2,,,,
bka,net/minecraft/client/gui/GuiWorldSelection,,,,
bhr$a,net/minecraft/client/gui/GuiSnooper$List,,,,
bgw,net/minecraft/client/gui/GuiCreateFlatWorld,,,,
bgv$1,net/minecraft/client/multiplayer/GuiConnecting$1,,,,
bgy$1,net/minecraft/client/gui/GuiCustomizeWorldScreen$1,,,,
bgx$a,net/minecraft/client/gui/GuiScreenCustomizePresets$Info,,,,
bhe,net/minecraft/client/gui/GuiErrorScreen,,,,
bhk,net/minecraft/client/gui/GuiIngameMenu,,,,
bhz,net/minecraft/client/gui/achievement/GuiAchievements,,,,
bia,net/minecraft/client/gui/achievement/GuiStats,,,,
bia$b,net/minecraft/client/gui/achievement/GuiStats$StatsGeneral,,,,
bia$d,net/minecraft/client/gui/achievement/GuiStats$StatsMobsList,,,,
bia$c$1,net/minecraft/client/gui/achievement/GuiStats$StatsItem$1,,,,
bia$e,net/minecraft/client/gui/achievement/GuiStats$Stats,,,,
bib,net/minecraft/client/gui/IProgressMeter,,,,
bia$a$1,net/minecraft/client/gui/achievement/GuiStats$StatsBlock$1,,,,
bia$a,net/minecraft/client/gui/achievement/GuiStats$StatsBlock,,,,
bia$c,net/minecraft/client/gui/achievement/GuiStats$StatsItem,,,,
bhy,net/minecraft/client/gui/achievement/GuiAchievement,,,,
bgw$a,net/minecraft/client/gui/GuiCreateFlatWorld$Details,,,,
bhl$a,net/minecraft/client/gui/GuiFlatPresets$LayerItem,,,,
bgt,net/minecraft/client/gui/GuiYesNoCallback,,,,
bfh$1,net/minecraft/client/gui/GuiIngame$1,,,,
bgb,net/minecraft/client/gui/GuiPageButtonList,,,,
bfn,net/minecraft/client/gui/GuiNewChat,,,,
bfr,net/minecraft/client/gui/GuiSlider,,,,
bfr$a,net/minecraft/client/gui/GuiSlider$FormatHelper,,,,
bfp,net/minecraft/client/gui/GuiOverlayDebug,,,,
bfu,net/minecraft/world/BossInfoLerping,,,,
bfo,net/minecraft/client/gui/GuiUtilRenderComponents,,,,
bgb$b,net/minecraft/client/gui/GuiPageButtonList$GuiResponder,,,,
bgb$d,net/minecraft/client/gui/GuiPageButtonList$GuiEntry,,,,
bgf,net/minecraft/client/gui/GuiSubtitleOverlay,,,,
bgc$a,net/minecraft/client/gui/GuiPlayerTabOverlay$PlayerComparator,,,,
bfs,net/minecraft/client/gui/GuiLabel,,,,
bgb$f,net/minecraft/client/gui/GuiPageButtonList$GuiListEntry,,,,
bgb$a,net/minecraft/client/gui/GuiPageButtonList$GuiButtonEntry,,,,
bgd,net/minecraft/client/gui/GuiSlot,,,,
bfw,net/minecraft/client/gui/GuiListButton,,,,
bft,net/minecraft/client/gui/GuiButtonLanguage,,,,
bgf$a,net/minecraft/client/gui/GuiSubtitleOverlay$Subtitle,,,,
bga$a,net/minecraft/client/gui/GuiOptionsRowList$Row,,,,
bfy$a,net/minecraft/client/gui/GuiListExtended$IGuiListEntry,,,,
bfx$a,net/minecraft/client/gui/GuiLockIconButton$Icon,,,,
bfy,net/minecraft/client/gui/GuiListExtended,,,,
bgb$g,net/minecraft/client/gui/GuiPageButtonList$GuiSlideEntry,,,,
bfx,net/minecraft/client/gui/GuiLockIconButton,,,,
bfm,net/minecraft/client/gui/GuiButton,,,,
bga,net/minecraft/client/gui/GuiOptionsRowList,,,,
bfq,net/minecraft/client/gui/GuiTextField,,,,
bgh,net/minecraft/client/gui/GuiSpectator,,,,
bgb$c,net/minecraft/client/gui/GuiPageButtonList$EditBoxEntry,,,,
bge,net/minecraft/client/gui/GuiOptionSlider,,,,
bfl,net/minecraft/client/gui/GuiBossOverlay,,,,
bgb$e,net/minecraft/client/gui/GuiPageButtonList$GuiLabelEntry,,,,
bfz,net/minecraft/client/gui/GuiOptionButton,,,,
bgc,net/minecraft/client/gui/GuiPlayerTabOverlay,,,,
bfg,net/minecraft/client/gui/FontRenderer,,,,
bfk,net/minecraft/client/gui/ScaledResolution,,,,
bgk,net/minecraft/client/gui/GuiButtonRealmsProxy,,,,
bgm,net/minecraft/client/gui/GuiScreenRealmsProxy,,,,
bgo,net/minecraft/client/gui/GuiSimpleScrolledSelectionListProxy,,,,
bgl,net/minecraft/client/gui/GuiClickableScrolledSelectionListProxy,,,,
bgn,net/minecraft/client/gui/GuiSlotRealmsProxy,,,,
bfh,net/minecraft/client/gui/GuiIngame,,,,
bfi,net/minecraft/client/gui/Gui,,,,
bfj,net/minecraft/client/gui/MapItemRenderer,,,,
bfj$a,net/minecraft/client/gui/MapItemRenderer$Instance,,,,
bkg$a,net/minecraft/client/gui/spectator/SpectatorMenu$EndSpectatorObject,,,,
bki,net/minecraft/client/gui/spectator/ISpectatorMenuObject,,,,
bkh,net/minecraft/client/gui/spectator/ISpectatorMenuView,,,,
bkg$1,net/minecraft/client/gui/spectator/SpectatorMenu$1,,,,
bkg$b,net/minecraft/client/gui/spectator/SpectatorMenu$MoveMenuObject,,,,
bkl,net/minecraft/client/gui/spectator/categories/TeleportToPlayer,,,,
bkk,net/minecraft/client/gui/spectator/categories/SpectatorDetails,,,,
bkm$a,net/minecraft/client/gui/spectator/categories/TeleportToTeam$TeamSelectionObject,,,,
bkm,net/minecraft/client/gui/spectator/categories/TeleportToTeam,,,,
bkl$1,net/minecraft/client/gui/spectator/categories/TeleportToPlayer$1,,,,
bkj,net/minecraft/client/gui/spectator/ISpectatorMenuRecipient,,,,
bke,net/minecraft/client/gui/spectator/PlayerMenuObject,,,,
bkf,net/minecraft/client/gui/spectator/BaseSpectatorGroup,,,,
bkg,net/minecraft/client/gui/spectator/SpectatorMenu,,,,
bes$5,net/minecraft/client/Minecraft$13,,,,
bes$6,net/minecraft/client/Minecraft$14,,,,
bes$11,net/minecraft/client/Minecraft$3,,,,
bes$16,net/minecraft/client/Minecraft$8,,,,
bst,net/minecraft/client/renderer/tileentity/TileEntitySkullRenderer,,,,
bsl,net/minecraft/client/renderer/tileentity/TileEntitySpecialRenderer,,,,
bsu,net/minecraft/client/renderer/tileentity/TileEntityStructureRenderer,,,,
bsi,net/minecraft/client/renderer/tileentity/TileEntityBannerRenderer,,,,
bsm,net/minecraft/client/renderer/tileentity/TileEntityChestRenderer,,,,
bsw,net/minecraft/client/renderer/tileentity/TileEntityEndPortalRenderer,,,,
bsv,net/minecraft/client/renderer/tileentity/TileEntityEndGatewayRenderer,,,,
bss,net/minecraft/client/renderer/tileentity/TileEntitySignRenderer,,,,
bsj,net/minecraft/client/renderer/tileentity/TileEntityBeaconRenderer,,,,
bso,net/minecraft/client/renderer/tileentity/TileEntityEnderChestRenderer,,,,
bsp,net/minecraft/client/renderer/tileentity/TileEntityMobSpawnerRenderer,,,,
bsk,net/minecraft/client/renderer/tileentity/TileEntityRendererDispatcher,,,,
bsn,net/minecraft/client/renderer/tileentity/TileEntityEnchantmentTableRenderer,,,,
bsr,net/minecraft/client/renderer/tileentity/TileEntityShulkerBoxRenderer,,,,
bsq,net/minecraft/client/renderer/tileentity/TileEntityPistonRenderer,,,,
bqr,net/minecraft/client/shader/Framebuffer,,,,
bqg$t,net/minecraft/client/renderer/GlStateManager$StencilState,,,,
bqg$e,net/minecraft/client/renderer/GlStateManager$Color,,,,
bqg$a,net/minecraft/client/renderer/GlStateManager$AlphaState,,,,
bqs,net/minecraft/client/renderer/Tessellator,,,,
bqe,net/minecraft/client/renderer/EntityRenderer,,,,
bqg$h,net/minecraft/client/renderer/GlStateManager$ColorMaterialState,,,,
bqg$q$3,net/minecraft/client/renderer/GlStateManager$Profile$3,,,,
bqd$b,net/minecraft/client/renderer/EnumFaceDirection$VertexInformation,,,,
bqi,net/minecraft/client/renderer/ItemRenderer,,,,
btt$a,net/minecraft/client/renderer/debug/DebugRenderer$IDebugRenderer,,,,
bts,net/minecraft/client/renderer/debug/DebugRendererCollisionBox,,,,
btx,net/minecraft/client/renderer/debug/DebugRendererWater,,,,
btt,net/minecraft/client/renderer/debug/DebugRenderer,,,,
btw,net/minecraft/client/renderer/debug/DebugRendererPathfinding,,,,
btr,net/minecraft/client/renderer/debug/DebugRendererChunkBorder,,,,
btv,net/minecraft/client/renderer/debug/DebugRendererNeighborsUpdate,,,,
btu,net/minecraft/client/renderer/debug/DebugRendererHeightMap,,,,
bqz$5,net/minecraft/client/renderer/BlockModelShapes$5,,,,
bqz$6,net/minecraft/client/renderer/BlockModelShapes$6,,,,
bqz,net/minecraft/client/renderer/BlockModelShapes,,,,
brc,net/minecraft/client/renderer/BlockModelRenderer,,,,
bsc,net/minecraft/client/renderer/block/statemap/StateMapperBase,,,,
bsg,net/minecraft/client/renderer/block/statemap/IStateMapper,,,,
bsf$a,net/minecraft/client/renderer/block/statemap/StateMap$Builder,,,,
bsd,net/minecraft/client/renderer/block/statemap/BlockStateMapper,,,,
bse,net/minecraft/client/renderer/block/statemap/DefaultStateMapper,,,,
bsf,net/minecraft/client/renderer/block/statemap/StateMap,,,,
bqz$1,net/minecraft/client/renderer/BlockModelShapes$1,,,,
bqz$3,net/minecraft/client/renderer/BlockModelShapes$3,,,,
brc$a,net/minecraft/client/renderer/BlockModelRenderer$EnumNeighborInfo,,,,
brc$c,net/minecraft/client/renderer/BlockModelRenderer$VertexTranslations,,,,
brc$b,net/minecraft/client/renderer/BlockModelRenderer$AmbientOcclusionFace,,,,
bqz$7,net/minecraft/client/renderer/BlockModelShapes$7,,,,
brc$d,net/minecraft/client/renderer/BlockModelRenderer$Orientation,,,,
bqz$2,net/minecraft/client/renderer/BlockModelShapes$2,,,,
bra,net/minecraft/client/renderer/BlockRendererDispatcher,,,,
bqz$4,net/minecraft/client/renderer/BlockModelShapes$4,,,,
bqy,net/minecraft/client/renderer/ChestRenderer,,,,
brb,net/minecraft/client/renderer/BlockFluidRenderer,,,,
brf$a,net/minecraft/client/renderer/block/model/BlockPartFace$Deserializer,,,,
brw$a,net/minecraft/client/renderer/block/model/multipart/Multipart$Deserializer,,,,
bru$1,net/minecraft/client/renderer/block/model/multipart/ICondition$1,,,,
bry$a$1,net/minecraft/client/renderer/block/model/multipart/Selector$Deserializer$1,,,,
brx$1,net/minecraft/client/renderer/block/model/multipart/ConditionOr$1,,,,
brv$1,net/minecraft/client/renderer/block/model/multipart/ConditionPropertyValue$1,,,,
brt$1,net/minecraft/client/renderer/block/model/multipart/ConditionAnd$1,,,,
brv$2,net/minecraft/client/renderer/block/model/multipart/ConditionPropertyValue$2,,,,
bry$a,net/minecraft/client/renderer/block/model/multipart/Selector$Deserializer,,,,
bru$2,net/minecraft/client/renderer/block/model/multipart/ICondition$2,,,,
bru,net/minecraft/client/renderer/block/model/multipart/ICondition,,,,
bru$1$1,net/minecraft/client/renderer/block/model/multipart/ICondition$1$1,,,,
brx,net/minecraft/client/renderer/block/model/multipart/ConditionOr,,,,
bry$a$2,net/minecraft/client/renderer/block/model/multipart/Selector$Deserializer$2,,,,
bry,net/minecraft/client/renderer/block/model/multipart/Selector,,,,
bru$2$1,net/minecraft/client/renderer/block/model/multipart/ICondition$2$1,,,,
brw,net/minecraft/client/renderer/block/model/multipart/Multipart,,,,
brt,net/minecraft/client/renderer/block/model/multipart/ConditionAnd,,,,
brv,net/minecraft/client/renderer/block/model/multipart/ConditionPropertyValue,,,,
bre,net/minecraft/client/renderer/block/model/BlockPart,,,,
brs,net/minecraft/client/renderer/block/model/Variant,,,,
brr,net/minecraft/client/renderer/block/model/VariantList,,,,
brj$a,net/minecraft/client/renderer/block/model/ModelBlockDefinition$Deserializer,,,,
bro,net/minecraft/client/renderer/block/model/ItemOverrideList,,,,
bri$b,net/minecraft/client/renderer/block/model/ModelBlock$Deserializer,,,,
brq,net/minecraft/client/renderer/block/model/ItemCameraTransforms,,,,
brl$4,net/minecraft/client/renderer/block/model/FaceBakery$4,,,,
brn$a,net/minecraft/client/renderer/block/model/ItemOverride$Deserializer,,,,
bri$c,net/minecraft/client/renderer/block/model/ModelBlock$LoopException,,,,
brp,net/minecraft/client/renderer/block/model/ItemTransformVec3f,,,,
brh$a,net/minecraft/client/renderer/block/model/BlockFaceUV$Deserializer,,,,
brk,net/minecraft/client/renderer/block/model/BakedQuadRetextured,,,,
brl$2,net/minecraft/client/renderer/block/model/FaceBakery$2,,,,
brm,net/minecraft/client/renderer/block/model/ItemModelGenerator,,,,
bri,net/minecraft/client/renderer/block/model/ModelBlock,,,,
brq$b,net/minecraft/client/renderer/block/model/ItemCameraTransforms$TransformType,,,,
brh,net/minecraft/client/renderer/block/model/BlockFaceUV,,,,
bri$a,net/minecraft/client/renderer/block/model/ModelBlock$Bookkeep,,,,
brl$a,net/minecraft/client/renderer/block/model/FaceBakery$Rotation,,,,
brl$3,net/minecraft/client/renderer/block/model/FaceBakery$3,,,,
brm$a,net/minecraft/client/renderer/block/model/ItemModelGenerator$Span,,,,
brr$a,net/minecraft/client/renderer/block/model/VariantList$Deserializer,,,,
brp$a,net/minecraft/client/renderer/block/model/ItemTransformVec3f$Deserializer,,,,
brg,net/minecraft/client/renderer/block/model/BlockPartRotation,,,,
brs$a,net/minecraft/client/renderer/block/model/Variant$Deserializer,,,,
bre$a,net/minecraft/client/renderer/block/model/BlockPart$Deserializer,,,,
brl,net/minecraft/client/renderer/block/model/FaceBakery,,,,
brf,net/minecraft/client/renderer/block/model/BlockPartFace,,,,
brm$b,net/minecraft/client/renderer/block/model/ItemModelGenerator$SpanFacing,,,,
brl$1,net/minecraft/client/renderer/block/model/FaceBakery$1,,,,
brj$b,net/minecraft/client/renderer/block/model/ModelBlockDefinition$MissingVariantException,,,,
brq$a,net/minecraft/client/renderer/block/model/ItemCameraTransforms$Deserializer,,,,
brd,net/minecraft/client/renderer/block/model/BakedQuad,,,,
brj,net/minecraft/client/renderer/block/model/ModelBlockDefinition,,,,
brn,net/minecraft/client/renderer/block/model/ItemOverride,,,,
bqg$v,net/minecraft/client/renderer/GlStateManager$TexGenCoord,,,,
bqd,net/minecraft/client/renderer/EnumFaceDirection,,,,
bqb,net/minecraft/client/renderer/ChunkRenderContainer,,,,
bpz,net/minecraft/client/renderer/WorldVertexBufferUploader,,,,
bqh,net/minecraft/client/renderer/IImageBuffer,,,,
bqm$1,net/minecraft/client/renderer/RenderGlobal$1,,,,
bqm,net/minecraft/client/renderer/RenderGlobal,,,,
bqe$1,net/minecraft/client/renderer/EntityRenderer$1,,,,
bqe$4,net/minecraft/client/renderer/EntityRenderer$4,,,,
bqj,net/minecraft/client/renderer/ItemModelMesher,,,,
bsz$a,net/minecraft/client/renderer/chunk/ChunkRenderDispatcher$PendingUpload,,,,
bsz,net/minecraft/client/renderer/chunk/ChunkRenderDispatcher,,,,
bta,net/minecraft/client/renderer/chunk/ChunkRenderWorker,,,,
bsz$3,net/minecraft/client/renderer/chunk/ChunkRenderDispatcher$3,,,,
bsy$b,net/minecraft/client/renderer/chunk/ChunkCompileTaskGenerator$Type,,,,
bsy,net/minecraft/client/renderer/chunk/ChunkCompileTaskGenerator,,,,
bsz$2,net/minecraft/client/renderer/chunk/ChunkRenderDispatcher$2,,,,
btb$1,net/minecraft/client/renderer/chunk/CompiledChunk$1,,,,
bte,net/minecraft/client/renderer/chunk/RenderChunk,,,,
bta$1,net/minecraft/client/renderer/chunk/ChunkRenderWorker$1,,,,
bti,net/minecraft/client/renderer/chunk/SetVisibility,,,,
btd,net/minecraft/client/renderer/chunk/ListedRenderChunk,,,,
bth,net/minecraft/client/renderer/chunk/VisGraph,,,,
btc,net/minecraft/client/renderer/chunk/ListChunkFactory,,,,
bsz$1,net/minecraft/client/renderer/chunk/ChunkRenderDispatcher$1,,,,
btg,net/minecraft/client/renderer/chunk/VboChunkFactory,,,,
bsy$a,net/minecraft/client/renderer/chunk/ChunkCompileTaskGenerator$Status,,,,
bta$2,net/minecraft/client/renderer/chunk/ChunkRenderWorker$2,,,,
btf,net/minecraft/client/renderer/chunk/IRenderChunkFactory,,,,
btb,net/minecraft/client/renderer/chunk/CompiledChunk,,,,
bqd$a,net/minecraft/client/renderer/EnumFaceDirection$Constants,,,,
bqg$j,net/minecraft/client/renderer/GlStateManager$CullState,,,,
bqg$i,net/minecraft/client/renderer/GlStateManager$CullFace,,,,
bqg$n,net/minecraft/client/renderer/GlStateManager$FogState,,,,
bqg$x,net/minecraft/client/renderer/GlStateManager$TextureState,,,,
bqg$q$1,net/minecraft/client/renderer/GlStateManager$Profile$1,,,,
bqg$s,net/minecraft/client/renderer/GlStateManager$StencilFunc,,,,
bqg$r,net/minecraft/client/renderer/GlStateManager$SourceFactor,,,,
bpy$a,net/minecraft/client/renderer/VertexBuffer$State,,,,
bqg$p,net/minecraft/client/renderer/GlStateManager$PolygonOffsetState,,,,
bto,net/minecraft/client/renderer/culling/ClippingHelper,,,,
btl,net/minecraft/client/renderer/culling/ICamera,,,,
btn,net/minecraft/client/renderer/culling/Frustum,,,,
btm,net/minecraft/client/renderer/culling/ClippingHelperImpl,,,,
byj,net/minecraft/client/shader/ShaderLoader,,,,
bye,net/minecraft/client/util/JsonBlendingMode,,,,
byg,net/minecraft/client/shader/ShaderManager,,,,
byf,net/minecraft/client/shader/ShaderDefault,,,,
byh,net/minecraft/client/shader/ShaderGroup,,,,
byk,net/minecraft/client/shader/ShaderLinkHelper,,,,
byl,net/minecraft/client/shader/ShaderUniform,,,,
byi,net/minecraft/client/shader/Shader,,,,
byj$a,net/minecraft/client/shader/ShaderLoader$ShaderType,,,,
bvl,net/minecraft/client/renderer/entity/RenderLivingBase,,,,
btz,net/minecraft/client/renderer/entity/RenderAbstractHorse,,,,
bwv,net/minecraft/client/renderer/tileentity/RenderWitherSkull,,,,
bwn,net/minecraft/client/renderer/entity/RenderTNTPrimed,,,,
bvo,net/minecraft/client/renderer/entity/RenderMinecart,,,,
bub$1,net/minecraft/client/renderer/entity/RenderArmorStand$1,,,,
bvu,net/minecraft/client/renderer/entity/RenderPig,,,,
buy,net/minecraft/client/renderer/entity/RenderFish,,,,
buq,net/minecraft/client/renderer/entity/RenderEndermite,,,,
bwp,net/minecraft/client/renderer/entity/RenderIronGolem,,,,
bvv,net/minecraft/client/renderer/entity/RenderPigZombie,,,,
bvm,net/minecraft/client/renderer/entity/RenderLlama,,,,
bws,net/minecraft/client/renderer/entity/RenderWitch,,,,
bvh$3,net/minecraft/client/renderer/RenderItem$3,,,,
bwx$1,net/minecraft/client/renderer/entity/RenderZombie$1,,,,
bwr,net/minecraft/client/renderer/entity/RenderVindicator,,,,
bvw,net/minecraft/client/renderer/entity/RenderPolarBear,,,,
bvn,net/minecraft/client/renderer/entity/RenderLlamaSpit,,,,
buv,net/minecraft/client/renderer/entity/RenderXPOrb,,,,
bwr$1,net/minecraft/client/renderer/entity/RenderVindicator$1,,,,
bug,net/minecraft/client/renderer/entity/RenderCaveSpider,,,,
bul,net/minecraft/client/renderer/entity/RenderDragonFireball,,,,
bvf,net/minecraft/client/renderer/entity/RenderEntityItem,,,,
bua,net/minecraft/client/renderer/entity/RenderAreaEffectCloud,,,,
bwu,net/minecraft/client/renderer/entity/RenderWitherSkeleton,,,,
bvz,net/minecraft/client/renderer/entity/RenderShulkerBullet,,,,
bva,net/minecraft/client/renderer/entity/RenderGiantZombie,,,,
bwt,net/minecraft/client/renderer/entity/RenderWither,,,,
bud,net/minecraft/client/renderer/entity/RenderBat,,,,
bvk,net/minecraft/client/renderer/entity/RenderLightningBolt,,,,
bwi,net/minecraft/client/renderer/entity/RenderStray,,,,
bwx,net/minecraft/client/renderer/entity/RenderZombie,,,,
bvi,net/minecraft/client/renderer/entity/RenderMagmaCube,,,,
bvr,net/minecraft/client/renderer/entity/RenderMooshroom,,,,
buf,net/minecraft/client/renderer/entity/RenderBoat,,,,
bwo,net/minecraft/client/renderer/entity/RenderVex,,,,
but,net/minecraft/client/renderer/entity/RenderEvokerFangs,,,,
buw,net/minecraft/client/renderer/entity/RenderFallingBlock,,,,
bwh,net/minecraft/client/renderer/entity/RenderSquid,,,,
bvp,net/minecraft/client/renderer/entity/RenderMinecartMobSpawner,,,,
byc,net/minecraft/client/renderer/entity/RenderPlayer,,,,
bvh$5,net/minecraft/client/renderer/RenderItem$5,,,,
bwa,net/minecraft/client/renderer/entity/RenderShulker,,,,
buk,net/minecraft/client/renderer/entity/RenderEntity,,,,
bvc,net/minecraft/client/renderer/entity/RenderHorse,,,,
buc,net/minecraft/client/renderer/entity/RenderArrow,,,,
bwl,net/minecraft/client/renderer/entity/RenderTippedArrow,,,,
bvh$8,net/minecraft/client/renderer/RenderItem$8,,,,
bwc$1,net/minecraft/client/renderer/entity/RenderSkeleton$1,,,,
bwf,net/minecraft/client/renderer/entity/RenderSpectralArrow,,,,
bvb,net/minecraft/client/renderer/entity/RenderGuardian,,,,
bvy,net/minecraft/client/renderer/entity/RenderSheep,,,,
bwm,net/minecraft/client/renderer/entity/RenderTntMinecart,,,,
bwg,net/minecraft/client/renderer/entity/RenderSpider,,,,
bup,net/minecraft/client/renderer/entity/RenderEnderman,,,,
bvj,net/minecraft/client/renderer/entity/RenderLeashKnot,,,,
bub,net/minecraft/client/renderer/entity/RenderArmorStand,,,,
buo,net/minecraft/client/renderer/entity/RenderDragon,,,,
bvh$2,net/minecraft/client/renderer/RenderItem$2,,,,
bvh,net/minecraft/client/renderer/RenderItem,,,,
bvt,net/minecraft/client/renderer/entity/RenderPainting,,,,
bwk,net/minecraft/client/renderer/entity/RenderPotion,,,,
bux,net/minecraft/client/renderer/entity/RenderFireball,,,,
buu,net/minecraft/client/renderer/entity/RenderEvoker,,,,
buj,net/minecraft/client/renderer/entity/RenderCreeper,,,,
buh,net/minecraft/client/renderer/entity/RenderChicken,,,,
bve,net/minecraft/client/renderer/entity/RenderHusk,,,,
bww,net/minecraft/client/renderer/entity/RenderWolf,,,,
bvq,net/minecraft/client/renderer/entity/RenderLiving,,,,
bwe,net/minecraft/client/renderer/entity/RenderSnowMan,,,,
bvd,net/minecraft/client/renderer/entity/RenderBiped,,,,
bvv$1,net/minecraft/client/renderer/entity/RenderPigZombie$1,,,,
bvh$7,net/minecraft/client/renderer/RenderItem$7,,,,
bwj,net/minecraft/client/renderer/entity/RenderSnowball,,,,
bvh$6,net/minecraft/client/renderer/RenderItem$6,,,,
bus,net/minecraft/client/renderer/entity/Render,,,,
bui,net/minecraft/client/renderer/entity/RenderCow,,,,
bwc,net/minecraft/client/renderer/entity/RenderSkeleton,,,,
bwy,net/minecraft/client/renderer/entity/RenderZombieVillager,,,,
bvs,net/minecraft/client/renderer/entity/RenderOcelot,,,,
bvh$4,net/minecraft/client/renderer/RenderItem$4,,,,
bwb,net/minecraft/client/renderer/entity/RenderSilverfish,,,,
bvh$1,net/minecraft/client/renderer/RenderItem$1,,,,
bvh$9,net/minecraft/client/renderer/RenderItem$9,,,,
bun,net/minecraft/client/renderer/tileentity/RenderEnderCrystal,,,,
buz,net/minecraft/client/renderer/entity/RenderGhast,,,,
bwd,net/minecraft/client/renderer/entity/RenderSlime,,,,
bvg,net/minecraft/client/renderer/tileentity/RenderItemFrame,,,,
bvx,net/minecraft/client/renderer/entity/RenderRabbit,,,,
bue,net/minecraft/client/renderer/entity/RenderBlaze,,,,
bxo,net/minecraft/client/renderer/entity/layers/LayerSaddle,,,,
bxa,net/minecraft/client/renderer/entity/layers/LayerArrow,,,,
bxx,net/minecraft/client/renderer/entity/layers/LayerHeldItemWitch,,,,
bxd,net/minecraft/client/renderer/entity/layers/LayerCreeperCharge,,,,
bxm,net/minecraft/client/renderer/entity/layers/LayerLlamaDecor,,,,
bxh,net/minecraft/client/renderer/entity/layers/LayerEnderDragonDeath,,,,
bxz,net/minecraft/client/renderer/entity/layers/LayerWolfCollar,,,,
bxb,net/minecraft/client/renderer/entity/layers/LayerCape,,,,
bxw,net/minecraft/client/renderer/entity/layers/LayerIronGolemFlower,,,,
bxf,net/minecraft/client/renderer/entity/layers/LayerDeadmau5Head,,,,
bxy,net/minecraft/client/renderer/entity/layers/LayerWitherAura,,,,
bxv,net/minecraft/client/renderer/entity/layers/LayerVillagerArmor,,,,
bxj,net/minecraft/client/renderer/entity/layers/LayerEndermanEyes,,,,
bxi,net/minecraft/client/renderer/entity/layers/LayerEnderDragonEyes,,,,
bxr,net/minecraft/client/renderer/entity/layers/LayerSlimeGel,,,,
bxp,net/minecraft/client/renderer/entity/layers/LayerRenderer,,,,
bxs,net/minecraft/client/renderer/entity/layers/LayerSnowmanHead,,,,
bwz,net/minecraft/client/renderer/entity/layers/LayerArmorBase,,,,
bxq,net/minecraft/client/renderer/entity/layers/LayerSheepWool,,,,
bxu,net/minecraft/client/renderer/entity/layers/LayerStrayClothing,,,,
bxn,net/minecraft/client/renderer/entity/layers/LayerMooshroomMushroom,,,,
bxk,net/minecraft/client/renderer/entity/layers/LayerBipedArmor,,,,
bxg,net/minecraft/client/renderer/entity/layers/LayerElytra,,,,
bxl,net/minecraft/client/renderer/entity/layers/LayerHeldItem,,,,
bxe,net/minecraft/client/renderer/entity/layers/LayerCustomHead,,,,
bxc,net/minecraft/client/renderer/entity/layers/LayerHeldBlock,,,,
bxt,net/minecraft/client/renderer/entity/layers/LayerSpiderEyes,,,,
bwq,net/minecraft/client/renderer/entity/RenderVillager,,,,
bva$1,net/minecraft/client/renderer/entity/RenderGiantZombie$1,,,,
bwa$a,net/minecraft/client/renderer/entity/RenderShulker$HeadLayer,,,,
bum,net/minecraft/client/renderer/entity/RenderElderGuardian,,,,
bur,net/minecraft/client/renderer/entity/RenderManager,,,,
bqg,net/minecraft/client/renderer/GlStateManager,,,,
bqg$m,net/minecraft/client/renderer/GlStateManager$FogMode,,,,
bqg$d,net/minecraft/client/renderer/GlStateManager$ClearState,,,,
bqg$c,net/minecraft/client/renderer/GlStateManager$BooleanState,,,,
bqk,net/minecraft/client/renderer/ItemMeshDefinition,,,,
bpy$1,net/minecraft/client/renderer/VertexBuffer$1,,,,
bqg$w,net/minecraft/client/renderer/GlStateManager$TexGenState,,,,
bqg$u,net/minecraft/client/renderer/GlStateManager$TexGen,,,,
bqg$l,net/minecraft/client/renderer/GlStateManager$DestFactor,,,,
bqg$g,net/minecraft/client/renderer/GlStateManager$ColorMask,,,,
bqe$3,net/minecraft/client/renderer/EntityRenderer$3,,,,
bqe$2,net/minecraft/client/renderer/EntityRenderer$2,,,,
bqc,net/minecraft/client/renderer/tileentity/TileEntityItemStackRenderer,,,,
bzh,net/minecraft/client/renderer/vertex/DefaultVertexFormats,,,,
bzk$b,net/minecraft/client/renderer/vertex/VertexFormatElement$EnumUsage,,,,
bzk$a,net/minecraft/client/renderer/vertex/VertexFormatElement$EnumType,,,,
bzj,net/minecraft/client/renderer/vertex/VertexFormat,,,,
bzk,net/minecraft/client/renderer/vertex/VertexFormatElement,,,,
bzi,net/minecraft/client/renderer/vertex/VertexBuffer,,,,
bqm$a,net/minecraft/client/renderer/RenderGlobal$ContainerLocalRenderInformation,,,,
bqv,net/minecraft/client/renderer/ViewFrustum,,,,
bqu,net/minecraft/client/renderer/VertexBufferUploader,,,,
bqg$k,net/minecraft/client/renderer/GlStateManager$DepthState,,,,
bqw$b,net/minecraft/client/renderer/BannerTextures$CacheEntry,,,,
bqw$a,net/minecraft/client/renderer/BannerTextures$Cache,,,,
bqw,net/minecraft/client/renderer/BannerTextures,,,,
bqn,net/minecraft/client/renderer/ImageBufferDownload,,,,
bqo,net/minecraft/client/renderer/RenderList,,,,
byz$1,net/minecraft/client/renderer/texture/TextureAtlasSprite$1,,,,
bzd,net/minecraft/client/renderer/texture/ITickable,,,,
byv,net/minecraft/client/renderer/texture/SimpleTexture,,,,
byo,net/minecraft/client/renderer/texture/AbstractTexture,,,,
bza,net/minecraft/client/renderer/texture/TextureManager,,,,
byw,net/minecraft/client/renderer/texture/Stitcher,,,,
bys,net/minecraft/client/renderer/texture/LayeredColorMaskTexture,,,,
byw$b,net/minecraft/client/renderer/texture/Stitcher$Slot,,,,
byu,net/minecraft/client/renderer/texture/PngSizeInfo,,,,
byy$2,net/minecraft/client/renderer/texture/TextureMap$2,,,,
byr,net/minecraft/client/renderer/texture/ITextureMapPopulator,,,,
byz,net/minecraft/client/renderer/texture/TextureAtlasSprite,,,,
byy,net/minecraft/client/renderer/texture/TextureMap,,,,
bzb,net/minecraft/client/renderer/texture/ITextureObject,,,,
byy$3,net/minecraft/client/renderer/texture/TextureMap$3,,,,
bza$1,net/minecraft/client/renderer/texture/TextureManager$1,,,,
bzc,net/minecraft/client/renderer/texture/TextureUtil,,,,
byp,net/minecraft/client/renderer/texture/DynamicTexture,,,,
byw$a,net/minecraft/client/renderer/texture/Stitcher$Holder,,,,
byt,net/minecraft/client/renderer/texture/LayeredTexture,,,,
bze,net/minecraft/client/renderer/texture/ITickableTextureObject,,,,
byy$1,net/minecraft/client/renderer/texture/TextureMap$1,,,,
byx,net/minecraft/client/renderer/StitcherException,,,,
byq$1,net/minecraft/client/renderer/ThreadDownloadImageData$1,,,,
byq,net/minecraft/client/renderer/ThreadDownloadImageData,,,,
bqg$q,net/minecraft/client/renderer/GlStateManager$Profile,,,,
bpy,net/minecraft/client/renderer/VertexBuffer,,,,
bqg$b,net/minecraft/client/renderer/GlStateManager$BlendState,,,,
bqg$f,net/minecraft/client/renderer/GlStateManager$ColorLogicState,,,,
bqg$o,net/minecraft/client/renderer/GlStateManager$LogicOp,,,,
bqa,net/minecraft/client/renderer/RegionRenderCacheBuilder,,,,
bqt,net/minecraft/client/renderer/VboRenderList,,,,
bqg$q$2,net/minecraft/client/renderer/GlStateManager$Profile$2,,,,
bet,net/minecraft/util/MouseHelper,,,,
ccy,net/minecraft/client/renderer/Vector3d,,,,
ccx,net/minecraft/client/renderer/Matrix4f,,,,
bev,net/minecraft/client/LoadingScreenRenderer,,,,
beu,net/minecraft/client/settings/GameSettings,,,,
bes$4,net/minecraft/client/Minecraft$12,,,,
bln,net/minecraft/client/model/ModelBiped,,,,
ble,net/minecraft/client/model/ModelElytra,,,,
bls,net/minecraft/client/model/ModelLlama,,,,
bmz,net/minecraft/client/model/ModelWither,,,,
bmb,net/minecraft/client/model/ModelQuadruped,,,,
blv,net/minecraft/client/model/ModelBase,,,,
blp,net/minecraft/client/model/ModelLargeChest,,,,
bmt,net/minecraft/client/model/ModelVex,,,,
bni,net/minecraft/client/model/ModelRenderer,,,,
bnj,net/minecraft/client/model/TextureOffset,,,,
bng,net/minecraft/client/model/ModelBox,,,,
bmf,net/minecraft/client/model/ModelShield,,,,
bnc,net/minecraft/client/model/ModelDragonHead,,,,
bne,net/minecraft/client/model/ModelEnderCrystal,,,,
bnd,net/minecraft/client/model/ModelDragon,,,,
bku,net/minecraft/client/model/ModelArmorStand,,,,
blz,net/minecraft/client/model/ModelPolarBear,,,,
bkv,net/minecraft/client/model/ModelBanner,,,,
bln$a,net/minecraft/client/model/ModelBiped$ArmPose,,,,
blt,net/minecraft/client/model/ModelLlamaSpit,,,,
bmu,net/minecraft/client/model/ModelIronGolem,,,,
bkw,net/minecraft/client/model/ModelBat,,,,
bmx,net/minecraft/client/model/ModelVindicator,,,,
blj,net/minecraft/client/model/ModelGhast,,,,
bkx,net/minecraft/client/model/ModelBlaze,,,,
bmh,net/minecraft/client/model/ModelShulker,,,,
bly,net/minecraft/client/model/ModelPlayer,,,,
bmg,net/minecraft/client/model/ModelShulkerBullet,,,,
bmi,net/minecraft/client/model/ModelSign,,,,
bmn,net/minecraft/client/model/ModelSlime,,,,
bma,net/minecraft/client/model/TexturedQuad,,,,
bml,net/minecraft/client/model/ModelSkeleton,,,,
bms,net/minecraft/client/model/PositionTextureVertex,,,,
bna,net/minecraft/client/model/ModelWolf,,,,
bmc,net/minecraft/client/model/ModelRabbit,,,,
blf,net/minecraft/client/model/ModelEnderman,,,,
blx,net/minecraft/client/model/ModelPig,,,,
bmk,net/minecraft/client/model/ModelSkeletonHead,,,,
bnb,net/minecraft/client/model/ModelZombie,,,,
bmv,net/minecraft/client/model/ModelVillager,,,,
blc,net/minecraft/client/model/ModelCow,,,,
bkt,net/minecraft/client/model/ModelArmorStandArmor,,,,
bli,net/minecraft/client/model/ModelEvoker,,,,
bkz,net/minecraft/client/model/ModelBook,,,,
bmo,net/minecraft/client/model/ModelSnowMan,,,,
blk,net/minecraft/client/model/ModelGuardian,,,,
bll,net/minecraft/client/model/ModelHorse,,,,
blw,net/minecraft/client/model/ModelOcelot,,,,
bme,net/minecraft/client/model/ModelSheep2,,,,
blo,net/minecraft/client/model/ModelIllager,,,,
bla,net/minecraft/client/model/ModelChest,,,,
bmw,net/minecraft/client/model/ModelZombieVillager,,,,
bmp,net/minecraft/client/model/ModelSpider,,,,
bmy,net/minecraft/client/model/ModelWitch,,,,
blg,net/minecraft/client/model/ModelEnderMite,,,,
blu,net/minecraft/client/model/ModelMinecart,,,,
blb,net/minecraft/client/model/ModelChicken,,,,
bmd,net/minecraft/client/model/ModelSheep1,,,,
blm,net/minecraft/client/model/ModelHumanoidHead,,,,
blh,net/minecraft/client/model/ModelEvokerFangs,,,,
bmj,net/minecraft/client/model/ModelSilverfish,,,,
bld,net/minecraft/client/model/ModelCreeper,,,,
bky,net/minecraft/client/model/ModelBoat,,,,
bmq,net/minecraft/client/model/ModelSquid,,,,
bmr,net/minecraft/client/model/IMultipassModel,,,,
blq,net/minecraft/client/model/ModelMagmaCube,,,,
blr,net/minecraft/client/model/ModelLeashKnot,,,,
net/minecraft/client/main/Main$1,net/minecraft/client/main/Main$1,,,,
bkp$e,net/minecraft/client/main/GameConfiguration$UserInformation,,,,
net/minecraft/client/main/Main,net/minecraft/client/main/Main,,,,
bkp,net/minecraft/client/main/GameConfiguration,,,,
bkp$b,net/minecraft/client/main/GameConfiguration$FolderInformation,,,,
bkp$c,net/minecraft/client/main/GameConfiguration$GameInformation,,,,
bkp$a,net/minecraft/client/main/GameConfiguration$DisplayInformation,,,,
bkp$d,net/minecraft/client/main/GameConfiguration$ServerInformation,,,,
net/minecraft/client/main/Main$2,net/minecraft/client/main/Main$2,,,,
beo,net/minecraft/client/gui/ChatLine,,,,
bes$8,net/minecraft/client/Minecraft$16,,,,
beq,net/minecraft/client/renderer/RenderHelper,,,,
net/minecraft/realms/RealmsVertexFormat,net/minecraft/realms/RealmsVertexFormat,,,,
net/minecraft/realms/RealmsClickableScrolledSelectionList,net/minecraft/realms/RealmsClickableScrolledSelectionList,,,,
net/minecraft/realms/RealmsAnvilLevelStorageSource,net/minecraft/realms/RealmsAnvilLevelStorageSource,,,,
net/minecraft/realms/RealmsBridge,net/minecraft/realms/RealmsBridge,,,,
net/minecraft/realms/RealmsLevelSummary,net/minecraft/realms/RealmsLevelSummary,,,,
net/minecraft/realms/RealmsScrolledSelectionList,net/minecraft/realms/RealmsScrolledSelectionList,,,,
net/minecraft/realms/RealmsBufferBuilder,net/minecraft/realms/RealmsBufferBuilder,,,,
net/minecraft/realms/RealmsScreen,net/minecraft/realms/RealmsScreen,,,,
net/minecraft/realms/RealmsSliderButton,net/minecraft/realms/RealmsSliderButton,,,,
net/minecraft/realms/Realms,net/minecraft/realms/Realms,,,,
net/minecraft/realms/RealmsVertexFormatElement,net/minecraft/realms/RealmsVertexFormatElement,,,,
net/minecraft/realms/RealmsServerAddress,net/minecraft/realms/RealmsServerAddress,,,,
net/minecraft/realms/RealmsSharedConstants,net/minecraft/realms/RealmsSharedConstants,,,,
net/minecraft/realms/RealmsSimpleScrolledSelectionList,net/minecraft/realms/RealmsSimpleScrolledSelectionList,,,,
net/minecraft/realms/RealmsButton,net/minecraft/realms/RealmsButton,,,,
net/minecraft/realms/RealmsDefaultVertexFormat,net/minecraft/realms/RealmsDefaultVertexFormat,,,,
net/minecraft/realms/DisconnectedRealmsScreen,net/minecraft/realms/DisconnectedRealmsScreen,,,,
net/minecraft/realms/Tezzelator,net/minecraft/realms/Tezzelator,,,,
net/minecraft/realms/RealmsMth,net/minecraft/realms/RealmsMth,,,,
net/minecraft/realms/RealmsEditBox,net/minecraft/realms/RealmsEditBox,,,,
net/minecraft/realms/RealmsConnect$1,net/minecraft/realms/RealmsConnect$1,,,,
net/minecraft/realms/RealmsConnect,net/minecraft/realms/RealmsConnect,,,,
cdb,net/minecraft/client/renderer/OpenGlHelper,,,,
cdb$a,net/minecraft/client/renderer/OpenGlHelper$FboMode,,,,
h$a,net/minecraft/util/Util$EnumOS,net/minecraft/server/v1_11_R1/SystemUtils$a,,,
er$5,net/minecraft/network/NetworkManager$5,net/minecraft/server/v1_11_R1/NetworkManager$5,,,
er$6,net/minecraft/network/NetworkManager$6,net/minecraft/server/v1_11_R1/NetworkManager$6,,,
ku$a,net/minecraft/client/util/JsonException$Entry,,,,
ku,net/minecraft/client/util/JsonException,,,,
lp,net/minecraft/client/renderer/DestroyBlockProgress,,,,
mg,net/minecraft/client/network/NetHandlerHandshakeMemory,,,,
mh$5,net/minecraft/network/NetworkSystem$5,net/minecraft/server/v1_11_R1/ServerConnection$5,,,
ns,net/minecraft/stats/IStatStringFormat,,,,
oj,net/minecraft/util/FrameTimer,,,,
ol$1,net/minecraft/util/HttpUtil$1,net/minecraft/server/v1_11_R1/HttpUtilities$1,,,
on,net/minecraft/util/IntegerCache,,,,
ow,net/minecraft/util/MouseFilter,,,,
aar,net/minecraft/entity/NpcMerchant,,,,
aaz,net/minecraft/entity/player/EnumPlayerModelParts,,,,
ajk,net/minecraft/util/BlockRenderLayer,,,,
ajo,net/minecraft/world/ColorizerFoliage,,,,
ajr,net/minecraft/world/ColorizerGrass,,,,
akh$1,net/minecraft/world/biome/BiomeColorHelper$1,,,,
akh$2,net/minecraft/world/biome/BiomeColorHelper$2,,,,
akh$3,net/minecraft/world/biome/BiomeColorHelper$3,,,,
akh$a,net/minecraft/world/biome/BiomeColorHelper$ColorResolver,,,,
akh,net/minecraft/world/biome/BiomeColorHelper,,,,
aul,net/minecraft/world/chunk/EmptyChunk,,,,
bbx,net/minecraft/client/AnvilConverterException,,,,
bbz,net/minecraft/world/storage/WorldSummary,,,,
bcb,net/minecraft/world/storage/SaveHandlerMP,,,,
bcd,net/minecraft/world/storage/SaveDataMemoryStorage,,,,
bdv,net/minecraft/util/math/Vec2f,,,,
