owner_obf,混淆的,Searge,Spigot,Mojang,Yarn,Intermediary,kind,type
a,a,BLACK,BLACK,,,,enum,
a,b,DARK_BLUE,DARK_BLUE,,,,enum,
a,c,DARK_GREEN,DARK_GREEN,,,,enum,
a,d,DARK_AQUA,DARK_AQUA,,,,enum,
a,e,DARK_RED,DARK_RED,,,,enum,
a,f,DARK_PURPLE,DARK_PURPLE,,,,enum,
a,g,GOLD,GOLD,,,,enum,
a,h,GRAY,GRAY,,,,enum,
a,i,DARK_GRAY,DARK_GRAY,,,,enum,
a,j,BLUE,BLUE,,,,enum,
a,k,GREEN,GREEN,,,,enum,
a,l,AQUA,AQUA,,,,enum,
a,m,RED,RED,,,,enum,
a,n,LIGHT_PURPLE,LIGHT_PURPLE,,,,enum,
a,o,YELLOW,YELLOW,,,,enum,
a,p,WHITE,WHITE,,,,enum,
a,q,OBFUSCATED,OBFUSCATED,,,,enum,
a,r,BOLD,BOLD,,,,enum,
a,s,STRIKETHROUGH,STRIKETHROUGH,,,,enum,
a,t,UNDERLINE,UNDERLINE,,,,enum,
a,u,ITALIC,ITALIC,,,,enum,
a,v,RESET,RESET,,,,enum,
a,w,field_96331_x,,,,,field,"private static final Map<String, EnumChatFormat>"
a,x,field_96330_y,,,,,field,private static final Pattern
a,y,field_175748_y,,,,,field,private final String
a,z,field_96329_z,,,,,field,private final char
a,A,field_96303_A,,,,,field,private final boolean
a,B,field_96304_B,,,,,field,private final String
a,C,field_175747_C,,,,,field,private final int
aab,b,field_110189_bq,,,,,field,private static final UUID
aab,c,field_110190_br,,,,,field,private static final AttributeModifier
aab,bw,field_70837_d,angerLevel,,,,field,private int
aab,bx,field_70838_e,soundDelay,,,,field,private int
aab,by,field_175459_bn,hurtBy,,,,field,private UUID
aad,j,field_151476_f,,,,,field,private static final org.apache.logging.log4j.Logger
aad,a,field_111267_a,maxHealth,,,,field,public static final IAttribute
aad,b,field_111265_b,FOLLOW_RANGE,,,,field,public static final IAttribute
aad,c,field_111266_c,,,,,field,public static final IAttribute
aad,d,field_111263_d,MOVEMENT_SPEED,,,,field,public static final IAttribute
aad,e,field_111264_e,ATTACK_DAMAGE,,,,field,public static final IAttribute
aad,f,field_188790_f,,,,,field,public static final IAttribute
aad,g,field_188791_g,,,,,field,public static final IAttribute
aad,h,field_189429_h,,,,,field,public static final IAttribute
aad,i,field_188792_h,,,,,field,public static final IAttribute
aae$a,b,field_188520_b,,,,,field,private int
aae$e,b,field_188522_b,,,,,field,private int
aae,by,field_184703_bv,,,,,field,private static final UUID
aae,bz,field_184704_bw,,,,,field,private static final AttributeModifier
aae,a,field_184700_a,,,,,field,protected static final DataWatcherObject<EnumDirection>
aae,b,field_184701_b,,,,,field,protected static final DataWatcherObject<com.google.common.base.Optional<BlockPosition>>
aae,c,field_184702_c,,,,,field,protected static final DataWatcherObject<Byte>
aae,bw,field_190770_bw,,,,,field,protected static final DataWatcherObject<Byte>
aae,bx,field_190771_bx,,,,,field,public static final EnumColor
aae,bA,field_184705_bx,,,,,field,private float
aae,bB,field_184706_by,,,,,field,private float
aae,bC,field_184707_bz,,,,,field,private BlockPosition
aae,bD,field_184708_bA,,,,,field,private int
aaf$a,h,field_179483_b,,,,,field,private EnumDirection
aaf$a,i,field_179484_c,,,,,field,private boolean
aaf$b,a,field_179464_a,silverfish,,,,field,private final EntitySilverfish
aaf$b,b,field_179463_b,,,,,field,private int
aaf,a,field_175460_b,,,,,field,private EntitySilverfish$PathfinderGoalSilverfishWakeOthers
aah$a,a,field_179466_a,,,,,field,private final EntitySlime
aah$a,b,field_179465_b,,,,,field,private int
aah$b,a,field_179457_a,,,,,field,private final EntitySlime
aah$c,a,field_179458_a,,,,,field,private final EntitySlime
aah$d,i,field_179922_g,,,,,field,private float
aah$d,j,field_179924_h,,,,,field,private int
aah$d,k,field_179925_i,,,,,field,private final EntitySlime
aah$d,l,field_179923_j,,,,,field,private boolean
aah$e,a,field_179461_a,,,,,field,private final EntitySlime
aah$e,b,field_179459_b,,,,,field,private float
aah$e,c,field_179460_c,,,,,field,private int
aah,bu,field_184711_bt,,,,,field,private static final DataWatcherObject<Integer>
aah,a,field_70813_a,,,,,field,public float
aah,b,field_70811_b,,,,,field,public float
aah,c,field_70812_c,,,,,field,public float
aah,bv,field_175452_bi,,,,,field,private boolean
aai$b,a,field_188478_a,,,,,field,public MobEffectList
aai,a,field_184729_a,,,,,field,private static final DataWatcherObject<Byte>
aak,a,field_190664_a,,,,,field,protected static final DataWatcherObject<Byte>
aak,b,field_190665_b,,,,,field,private EntityInsentient
aak,c,field_190666_c,,,,,field,private BlockPosition
aak,bw,field_190667_bw,,,,,field,private boolean
aak,bx,field_190668_bx,,,,,field,private int
aal,a,field_190642_a,,,,,field,protected static final DataWatcherObject<Byte>
aal,b,field_190643_b,,,,,field,private boolean
aal,c,field_190644_c,,,,,field,private static final com.google.common.base.Predicate<Entity>
aam,a,field_110184_bp,,,,,field,private static final UUID
aam,b,field_110185_bq,,,,,field,private static final AttributeModifier
aam,c,field_184731_c,,,,,field,private static final DataWatcherObject<Boolean>
aam,bw,field_82200_e,,,,,field,private int
aao$a,a,field_142048_a,,,,,field,public boolean
aao,a,field_110186_bp,,,,,field,protected static final IAttribute
aao,b,field_110187_bq,,,,,field,private static final UUID
aao,c,field_110188_br,,,,,field,private static final AttributeModifier
aao,bw,field_184737_bv,,,,,field,private static final DataWatcherObject<Boolean>
aao,bx,field_184738_bw,,,,,field,private static final DataWatcherObject<Integer>
aao,by,field_184740_by,,,,,field,private static final DataWatcherObject<Boolean>
aao,bz,field_146075_bs,,,,,field,private final PathfinderGoalBreakDoor
aao,bA,field_146076_bu,,,,,field,private boolean
aao,bB,field_146074_bv,,,,,field,private float
aao,bC,field_146073_bw,,,,,field,private float
aap,b,field_184739_bx,,,,,field,private static final DataWatcherObject<Boolean>
aap,c,field_190739_c,,,,,field,private static final DataWatcherObject<Integer>
aap,bw,field_82234_d,conversionTime,,,,field,private int
aat$a,a,field_179405_a,,,,,field,public Item
aat$a,b,field_179404_b,,,,,field,public EntityVillager$MerchantOptionRandomRange
aat$c,a,field_179407_a,,,,,field,public ItemStack
aat$c,b,field_179406_b,,,,,field,public EntityVillager$MerchantOptionRandomRange
aat$d,a,field_179411_a,,,,,field,public ItemStack
aat$d,b,field_179409_b,,,,,field,public EntityVillager$MerchantOptionRandomRange
aat$d,c,field_179410_c,,,,,field,public ItemStack
aat$d,d,field_179408_d,,,,,field,public EntityVillager$MerchantOptionRandomRange
aat$e,a,field_179403_a,,,,,field,public ItemStack
aat$e,b,field_179402_b,,,,,field,public EntityVillager$MerchantOptionRandomRange
aat$h,a,field_190889_a,,,,,field,public EntityVillager$MerchantOptionRandomRange
aat$h,b,field_190890_b,,,,,field,public String
aat$h,c,field_190891_c,,,,,field,public MapIcon$Type
aat,bx,field_190674_bx,,,,,field,private static final org.apache.logging.log4j.Logger
aat,by,field_184752_bw,,,,,field,private static final DataWatcherObject<Integer>
aat,bz,field_70955_e,profession,,,,field,private int
aat,bA,field_70952_f,,,,,field,private boolean
aat,bB,field_70953_g,,,,,field,private boolean
aat,bw,field_70954_d,village,,,,field,Village
aat,bC,field_70962_h,tradingPlayer,,,,field,private EntityHuman
aat,bD,field_70963_i,trades,,,,field,private MerchantRecipeList
aat,bE,field_70961_j,,,,,field,private int
aat,bF,field_70959_by,,,,,field,private boolean
aat,bG,field_175565_bs,,,,,field,private boolean
aat,bH,field_70956_bz,riches,,,,field,private int
aat,bI,field_82189_bL,,,,,field,private String
aat,bJ,field_175563_bv,,,,,field,private int
aat,bK,field_175562_bw,,,,,field,private int
aat,bL,field_82190_bM,,,,,field,private boolean
aat,bM,field_175564_by,,,,,field,private boolean
aat,bN,field_175560_bz,inventory,,,,field,private final InventorySubcontainer
aat,bO,field_175561_bA,,,,,field,private static final EntityVillager$IMerchantRecipeOption[][][][]
aaw,a,field_75102_a,isInvulnerable,,,,field,public boolean
aaw,b,field_75100_b,isFlying,,,,field,public boolean
aaw,c,field_75101_c,canFly,,,,field,public boolean
aaw,d,field_75098_d,canInstantlyBuild,,,,field,public boolean
aaw,e,field_75099_e,mayBuild,,,,field,public boolean
aaw,f,field_75096_f,flySpeed,,,,field,private float
aaw,g,field_75097_g,walkSpeed,,,,field,private float
aax,a,field_70462_a,items,,,,field,public final NonNullList<ItemStack>
aax,b,field_70460_b,armor,,,,field,public final NonNullList<ItemStack>
aax,c,field_184439_c,extraSlots,,,,field,public final NonNullList<ItemStack>
aax,g,field_184440_g,,,,,field,private final List<NonNullList<ItemStack>>
aax,d,field_70461_c,itemInHandIndex,,,,field,public int
aax,e,field_70458_d,player,,,,field,public EntityHuman
aax,h,field_70457_g,carried,,,,field,private ItemStack
aax,f,field_70459_e,,,,,field,public boolean
aay$a,a,OK,OK,,,,enum,
aay$a,b,NOT_POSSIBLE_HERE,NOT_POSSIBLE_HERE,,,,enum,
aay$a,c,NOT_POSSIBLE_NOW,NOT_POSSIBLE_NOW,,,,enum,
aay$a,d,TOO_FAR_AWAY,TOO_FAR_AWAY,,,,enum,
aay$a,e,OTHER_PROBLEM,OTHER_PROBLEM,,,,enum,
aay$a,f,NOT_SAFE,NOT_SAFE,,,,enum,
aay$b,a,FULL,FULL,,,,enum,
aay$b,b,SYSTEM,SYSTEM,,,,enum,
aay$b,c,HIDDEN,HIDDEN,,,,enum,
aay$b,d,field_151432_d,,,,,field,private static final EntityHuman$EnumChatVisibility[]
aay$b,e,field_151433_e,,,,,field,private final int
aay$b,f,field_151430_f,,,,,field,private final String
aay,a,field_184829_a,,,,,field,private static final DataWatcherObject<Float>
aay,b,field_184830_b,,,,,field,private static final DataWatcherObject<Integer>
aay,bq,field_184827_bp,,,,,field,protected static final DataWatcherObject<Byte>
aay,br,field_184828_bq,,,,,field,protected static final DataWatcherObject<Byte>
aay,bs,field_71071_by,inventory,,,,field,public PlayerInventory
aay,c,field_71078_a,enderChest,,,,field,private InventoryEnderChest
aay,bt,field_71069_bz,defaultContainer,,,,field,public Container
aay,bu,field_71070_bA,activeContainer,,,,field,public Container
aay,bv,field_71100_bB,foodData,,,,field,protected FoodMetaData
aay,bw,field_71101_bC,,,,,field,protected int
aay,bx,field_71107_bF,,,,,field,public float
aay,by,field_71109_bG,,,,,field,public float
aay,bz,field_71090_bL,,,,,field,public int
aay,bA,field_71091_bM,,,,,field,public double
aay,bB,field_71096_bN,,,,,field,public double
aay,bC,field_71097_bO,,,,,field,public double
aay,bD,field_71094_bP,,,,,field,public double
aay,bE,field_71095_bQ,,,,,field,public double
aay,bF,field_71085_bR,,,,,field,public double
aay,bG,field_71083_bS,sleeping,,,,field,protected boolean
aay,bH,field_71081_bT,bedPosition,,,,field,public BlockPosition
aay,d,field_71076_b,sleepTicks,,,,field,private int
aay,bI,field_71079_bU,,,,,field,public float
aay,bJ,field_71089_bV,,,,,field,public float
aay,e,field_71077_c,,,,,field,private BlockPosition
aay,f,field_82248_d,,,,,field,private boolean
aay,g,field_71073_d,,,,,field,private BlockPosition
aay,bK,field_71075_bZ,abilities,,,,field,public PlayerAbilities
aay,bL,field_71068_ca,expLevel,,,,field,public int
aay,bM,field_71067_cb,expTotal,,,,field,public int
aay,bN,field_71106_cc,exp,,,,field,public float
aay,h,field_175152_f,,,,,field,private int
aay,bO,field_71108_cd,,,,,field,protected float
aay,bP,field_71102_ce,,,,,field,protected float
aay,bR,field_82249_h,,,,,field,private int
aay,bS,field_146106_i,,,,,field,private final com.mojang.authlib.GameProfile
aay,bU,field_184831_bT,,,,,field,private ItemStack
aay,bV,field_184832_bU,,,,,field,private final ItemCooldown
aay,bQ,field_71104_cf,hookedFish,,,,field,public EntityFishingHook
aay,cm,field_71082_cx,,,,,field,public float
aay,bT,field_175153_bG,,,,,field,private boolean
abb$a,a,DISALLOWED,DISALLOWED,,,,enum,
abb$a,b,ALLOWED,ALLOWED,,,,enum,
abb$a,c,CREATIVE_ONLY,CREATIVE_ONLY,,,,enum,
abb,f,field_184553_f,,,,,field,private static final com.google.common.base.Predicate<Entity>
abb,g,field_184554_g,,,,,field,private static final DataWatcherObject<Byte>
abb,h,field_145791_d,,,,,field,private int
abb,at,field_145792_e,,,,,field,private int
abb,au,field_145789_f,,,,,field,private int
abb,av,field_145790_g,,,,,field,private Block
abb,aw,field_70253_h,,,,,field,private int
abb,a,field_70254_i,inGround,,,,field,protected boolean
abb,b,field_184552_b,,,,,field,protected int
abb,c,field_70251_a,fromPlayer,,,,field,public EntityArrow$PickupStatus
abb,d,field_70249_b,shake,,,,field,public int
abb,e,field_70250_c,shooter,,,,field,public Entity
abb,ax,field_70252_j,,,,,field,private int
abb,ay,field_70257_an,,,,,field,private int
abb,az,field_70255_ao,damage,,,,field,private double
abb,aA,field_70256_ap,knockbackStrength,,,,field,private int
abd,a,field_190553_a,,,,,field,private int
abd,b,field_190554_b,,,,,field,private boolean
abd,c,field_190555_c,,,,,field,private int
abd,d,field_190556_d,,,,,field,private boolean
abd,e,field_190557_e,,,,,field,private EntityLiving
abd,f,field_190558_f,,,,,field,private UUID
abe,a,field_70224_b,,,,,field,private double
abe,b,field_70225_c,,,,,field,private double
abe,c,field_70222_d,,,,,field,private double
abe,d,field_70223_e,,,,,field,private int
abe,e,field_70221_f,,,,,field,private boolean
abf,a,field_70235_a,shooter,,,,field,public EntityLiving
abf,e,field_70236_j,,,,,field,private int
abf,f,field_70234_an,,,,,field,private int
abf,b,field_70232_b,dirX,,,,field,public double
abf,c,field_70233_c,dirY,,,,field,public double
abf,d,field_70230_d,dirZ,,,,field,public double
abg,a,field_184566_a,FIREWORK_ITEM,,,,field,private static final DataWatcherObject<ItemStack>
abg,b,field_191512_b,,,,,field,private static final DataWatcherObject<Integer>
abg,c,field_92056_a,ticksFlown,,,,field,private int
abg,d,field_92055_b,expectedLifespan,,,,field,private int
abg,e,field_191513_e,,,,,field,private EntityLiving
abh,e,field_92057_e,yield,,,,field,public int
abi,a,field_190539_a,shooter,,,,field,public EntityLlama
abi,b,field_190540_b,,,,,field,private NBTTagCompound
abl,a,field_184570_a,shooter,,,,field,private EntityLiving
abl,b,field_184571_b,target,,,,field,private Entity
abl,c,field_184573_c,,,,,field,private EnumDirection
abl,d,field_184575_d,,,,,field,private int
abl,e,field_184577_e,,,,,field,private double
abl,f,field_184578_f,,,,,field,private double
abl,g,field_184579_g,,,,,field,private double
abl,h,field_184580_h,,,,,field,private UUID
abl,at,field_184572_as,,,,,field,private BlockPosition
abl,au,field_184574_at,,,,,field,private UUID
abl,av,field_184576_au,,,,,field,private BlockPosition
abo,f,field_184562_f,duration,,,,field,private int
abp,d,field_145788_c,blockX,,,,field,private int
abp,e,field_145786_d,blockY,,,,field,private int
abp,f,field_145787_e,blockZ,,,,field,private int
abp,g,field_174853_f,inBlockId,,,,field,private Block
abp,a,field_174854_a,inGround,,,,field,protected boolean
abp,b,field_70191_b,shake,,,,field,public int
abp,h,field_70192_c,shooter,,,,field,private EntityLiving
abp,at,field_85053_h,shooterName,,,,field,private String
abp,au,field_70194_h,,,,,field,private int
abp,av,field_70195_i,,,,,field,private int
abp,c,field_184539_c,,,,,field,public Entity
abp,aw,field_184540_av,,,,,field,private int
abr,d,field_181555_c,,,,,field,private EntityLiving
abt,e,field_184545_d,,,,,field,private static final DataWatcherObject<ItemStack>
abt,f,field_184546_e,,,,,field,private static final org.apache.logging.log4j.Logger
abt,d,field_190546_d,,,,,field,public static final com.google.common.base.Predicate<EntityLiving>
abu,f,field_184559_f,,,,,field,private static final DataWatcherObject<Integer>
abu,g,field_184560_g,potionRegistry,,,,field,private PotionRegistry
abu,h,field_184561_h,effects,,,,field,private final Set<MobEffect>
abu,at,field_191509_at,,,,,field,private boolean
abv,e,field_184565_e,,,,,field,private static final DataWatcherObject<Boolean>
abx$a,a,IN_WATER,IN_WATER,,,,enum,
abx$a,b,UNDER_WATER,UNDER_WATER,,,,enum,
abx$a,c,UNDER_FLOWING_WATER,UNDER_FLOWING_WATER,,,,enum,
abx$a,d,ON_LAND,ON_LAND,,,,enum,
abx$a,e,IN_AIR,IN_AIR,,,,enum,
abx$b,a,OAK,OAK,,,,enum,
abx$b,b,SPRUCE,SPRUCE,,,,enum,
abx$b,c,BIRCH,BIRCH,,,,enum,
abx$b,d,JUNGLE,JUNGLE,,,,enum,
abx$b,e,ACACIA,ACACIA,,,,enum,
abx$b,f,DARK_OAK,DARK_OAK,,,,enum,
abx$b,g,field_184990_g,,,,,field,private final String
abx$b,h,field_184991_h,,,,,field,private final int
abx,a,field_184460_a,,,,,field,private static final DataWatcherObject<Integer>
abx,b,field_184462_b,,,,,field,private static final DataWatcherObject<Integer>
abx,c,field_184464_c,,,,,field,private static final DataWatcherObject<Float>
abx,d,field_184466_d,,,,,field,private static final DataWatcherObject<Integer>
abx,e,field_184468_e,,,,,field,private static final DataWatcherObject<Boolean>[]
abx,f,field_184470_f,,,,,field,private final float[]
abx,g,field_184472_g,,,,,field,private float
abx,h,field_184474_h,,,,,field,private float
abx,at,field_184475_as,,,,,field,private float
abx,au,field_184476_at,,,,,field,private int
abx,av,field_70281_h,,,,,field,private double
abx,aw,field_184477_av,,,,,field,private double
abx,ax,field_184478_aw,,,,,field,private double
abx,ay,field_70273_g,,,,,field,private double
abx,az,field_184479_ay,,,,,field,private double
abx,aA,field_184480_az,,,,,field,private boolean
abx,aB,field_184459_aA,,,,,field,private boolean
abx,aC,field_184461_aB,,,,,field,private boolean
abx,aD,field_184463_aC,,,,,field,private boolean
abx,aE,field_184465_aD,,,,,field,private double
abx,aF,field_184467_aE,,,,,field,private float
abx,aG,field_184469_aF,,,,,field,private EntityBoat$EnumStatus
abx,aH,field_184471_aG,,,,,field,private EntityBoat$EnumStatus
abx,aI,field_184473_aH,,,,,field,private double
aby$a,a,RIDEABLE,RIDEABLE,,,,enum,
aby$a,b,CHEST,CHEST,,,,enum,
aby$a,c,FURNACE,FURNACE,,,,enum,
aby$a,d,TNT,TNT,,,,enum,
aby$a,e,SPAWNER,SPAWNER,,,,enum,
aby$a,f,HOPPER,HOPPER,,,,enum,
aby$a,g,COMMAND_BLOCK,COMMAND_BLOCK,,,,enum,
aby$a,h,field_184965_h,,,,,field,"private static final Map<Integer, EntityMinecartAbstract$EnumMinecartType>"
aby$a,i,field_184966_i,,,,,field,private final int
aby$a,j,field_184967_j,,,,,field,private final String
aby,a,field_184265_a,,,,,field,private static final DataWatcherObject<Integer>
aby,b,field_184266_b,,,,,field,private static final DataWatcherObject<Integer>
aby,c,field_184267_c,,,,,field,private static final DataWatcherObject<Float>
aby,d,field_184268_d,,,,,field,private static final DataWatcherObject<Integer>
aby,e,field_184269_e,,,,,field,private static final DataWatcherObject<Integer>
aby,f,field_184270_f,,,,,field,private static final DataWatcherObject<Boolean>
aby,g,field_70499_f,,,,,field,private boolean
aby,h,field_70500_g,,,,,field,private static final int[][][]
aby,at,field_70510_h,,,,,field,private int
aby,au,field_70511_i,,,,,field,private double
aby,av,field_70509_j,,,,,field,private double
aby,aw,field_70514_an,,,,,field,private double
aby,ax,field_70512_ao,,,,,field,private double
aby,ay,field_70513_ap,,,,,field,private double
aby,az,field_70508_aq,,,,,field,private double
aby,aA,field_70507_ar,,,,,field,private double
aby,aB,field_70506_as,,,,,field,private double
aca,a,field_184273_a,COMMAND,,,,field,private static final DataWatcherObject<String>
aca,b,field_184274_b,,,,,field,private static final DataWatcherObject<IChatBaseComponent>
aca,c,field_145824_a,,,,,field,private final CommandBlockListenerAbstract
aca,d,field_145823_b,,,,,field,private int
acb,a,field_94113_a,items,,,,field,private NonNullList<ItemStack>
acb,b,field_94112_b,,,,,field,private boolean
acb,c,field_184290_c,,,,,field,private MinecraftKey
acb,d,field_184291_d,,,,,field,private long
acc,c,field_184275_c,,,,,field,private static final DataWatcherObject<Boolean>
acc,d,field_94110_c,,,,,field,private int
acc,a,field_94111_a,,,,,field,public double
acc,b,field_94109_b,,,,,field,public double
acd,a,field_96113_a,,,,,field,private boolean
acd,b,field_98044_b,,,,,field,private int
acd,c,field_174900_c,,,,,field,private final BlockPosition
acf,a,field_98040_a,,,,,field,private final MobSpawnerAbstract
acg,a,field_94106_a,,,,,field,private int
acj,a,field_75127_a,foodLevel,,,,field,private int
acj,b,field_75125_b,saturationLevel,,,,field,private float
acj,c,field_75126_c,exhaustionLevel,,,,field,private float
acj,d,field_75123_d,foodTickTimer,,,,field,private int
acj,e,field_75124_e,,,,,field,private int
acl,b,field_75153_a,,,,,field,public NonNullList<ItemStack>
acl,c,field_75151_b,,,,,field,public List<Slot>
acl,d,field_75152_c,windowId,,,,field,public int
acl,f,field_94535_f,dragType,,,,field,private int
acl,g,field_94536_g,,,,,field,private int
acl,h,field_94537_h,,,,,field,private final Set<Slot>
acl,e,field_75149_d,listeners,,,,field,protected List<ICrafting>
acl,i,field_75148_f,,,,,field,private final Set<EntityHuman>
acl,a,field_75150_e,,,,,field,private short
acm,f,field_148326_f,,,,,field,private static final org.apache.logging.log4j.Logger
acm,g,field_82852_f,,,,,field,private final IInventory
acm,h,field_82853_g,,,,,field,private final IInventory
acm,i,field_82860_h,,,,,field,private final World
acm,j,field_178156_j,,,,,field,private final BlockPosition
acm,a,field_82854_e,,,,,field,public int
acm,k,field_82856_l,,,,,field,private int
acm,l,field_82857_m,,,,,field,private String
acm,m,field_82855_n,,,,,field,private final EntityHuman
acn,a,field_82866_e,beacon,,,,field,private final IInventory
acn,f,field_82864_f,,,,,field,private final ContainerBeacon$SlotBeacon
aco$c,a,field_75244_a,,,,,field,private final EntityHuman
aco,a,field_75188_e,brewingStand,,,,field,private final IInventory
aco,f,field_75186_f,,,,,field,private final Slot
aco,g,field_184998_g,,,,,field,private int
aco,h,field_184999_h,,,,,field,private int
acp,a,field_75155_e,container,,,,field,private final IInventory
acp,f,field_75154_f,,,,,field,private final int
acq,a,PICKUP,PICKUP,,,,enum,
acq,b,QUICK_MOVE,QUICK_MOVE,,,,enum,
acq,c,SWAP,SWAP,,,,enum,
acq,d,CLONE,CLONE,,,,enum,
acq,e,THROW,THROW,,,,enum,
acq,f,QUICK_CRAFT,QUICK_CRAFT,,,,enum,
acq,g,PICKUP_ALL,PICKUP_ALL,,,,enum,
acs,a,field_70466_a,items,,,,field,private final NonNullList<ItemStack>
acs,b,field_70464_b,,,,,field,private final int
acs,c,field_174924_c,,,,,field,private final int
acs,d,field_70465_c,,,,,field,private final Container
act,a,field_75162_e,craftInventory,,,,field,public InventoryCrafting
act,f,field_75160_f,resultInventory,,,,field,public IInventory
act,g,field_75161_g,,,,,field,private final World
act,h,field_178145_h,,,,,field,private final BlockPosition
acu,a,field_178146_a,items,,,,field,private final IInventory
acv,a,field_75168_e,enchantSlots,,,,field,public IInventory
acv,j,field_75172_h,world,,,,field,private final World
acv,k,field_178150_j,position,,,,field,private final BlockPosition
acv,l,field_75169_l,,,,,field,private final Random
acv,f,field_178149_f,,,,,field,public int
acv,g,field_75167_g,costs,,,,field,public int[]
acv,h,field_185001_h,,,,,field,public int[]
acv,i,field_185002_i,,,,,field,public int[]
acx,a,field_75158_e,furnace,,,,field,private final IInventory
acx,f,field_178152_f,,,,,field,private int
acx,g,field_178153_g,,,,,field,private int
acx,h,field_178154_h,,,,,field,private int
acx,i,field_178155_i,,,,,field,private int
acy,a,field_75229_a,,,,,field,private final EntityHuman
acy,b,field_75228_b,,,,,field,private int
acz,a,field_94538_a,hopper,,,,field,private final IInventory
adb,a,field_111243_a,,,,,field,private final IInventory
adb,f,field_111242_f,,,,,field,private final EntityHorseAbstract
adc,h,field_185003_h,,,,,field,private static final EnumItemSlot[]
adc,a,field_75181_e,craftInventory,,,,field,public InventoryCrafting
adc,f,field_75179_f,resultInventory,,,,field,public IInventory
adc,g,field_75180_g,,,,,field,public boolean
adc,i,field_82862_h,owner,,,,field,private final EntityHuman
add,a,field_70476_a,merchant,,,,field,private final IMerchant
add,b,field_70474_b,itemsInSlots,,,,field,private final NonNullList<ItemStack>
add,c,field_70475_c,player,,,,field,private final EntityHuman
add,d,field_70472_d,recipe,,,,field,private MerchantRecipe
add,e,field_70473_e,selectedIndex,,,,field,private int
ade,a,field_75178_e,merchant,,,,field,private final IMerchant
ade,f,field_75176_f,,,,,field,private final InventoryMerchant
ade,g,field_75177_g,,,,,field,private final World
adf,a,field_75233_a,,,,,field,private final InventoryMerchant
adf,b,field_75232_b,,,,,field,private final EntityHuman
adf,c,field_75231_g,,,,,field,private int
adf,h,field_75234_h,,,,,field,private final IMerchant
adg,a,field_70488_a,,,,,field,private TileEntityEnderChest
adh,a,field_70467_a,items,,,,field,private final NonNullList<ItemStack>
adi,a,field_75239_a,,,,,field,private final InventoryCrafting
adi,b,field_75238_b,,,,,field,private final EntityHuman
adi,c,field_75237_g,,,,,field,private int
adj,a,field_190899_a,,,,,field,private final IInventory
adl,a,field_75225_a,index,,,,field,private final int
adl,d,field_75224_c,inventory,,,,field,public final IInventory
adl,e,field_75222_d,rawSlotIndex,,,,field,public int
adl,f,field_75223_e,,,,,field,public int
adl,g,field_75221_f,,,,,field,public int
adn,a,field_190904_a,,,,,field,private final Block
adp$a,a,LEATHER,LEATHER,,,,enum,
adp$a,b,CHAIN,CHAIN,,,,enum,
adp$a,c,IRON,IRON,,,,enum,
adp$a,d,GOLD,GOLD,,,,enum,
adp$a,e,DIAMOND,DIAMOND,,,,enum,
adp$a,f,field_179243_f,,,,,field,private final String
adp$a,g,field_78048_f,,,,,field,private final int
adp$a,h,field_78049_g,,,,,field,private final int[]
adp$a,i,field_78055_h,,,,,field,private final int
adp$a,j,field_185020_j,,,,,field,private final SoundEffect
adp$a,k,field_189417_k,,,,,field,private final float
adp,n,field_77882_bY,,,,,field,private static final int[]
adp,o,field_185084_n,,,,,field,private static final UUID[]
adp,a,field_94603_a,,,,,field,public static final String[]
adp,b,field_96605_cw,,,,,field,public static final IDispenseBehavior
adp,c,field_77881_a,,,,,field,public final EnumItemSlot
adp,d,field_77879_b,,,,,field,public final int
adp,e,field_189415_e,,,,,field,public final float
adp,f,field_77880_c,,,,,field,public final int
adp,p,field_77878_bZ,,,,,field,private final ItemArmor$EnumArmorMaterial
ads,e,field_150917_c,,,,,field,private static final Set<Block>
ads,f,field_185066_m,,,,,field,private static final float[]
ads,n,field_185067_n,,,,,field,private static final float[]
adv,a,field_150939_a,,,,,field,protected final Block
adw,a,field_150935_a,,,,,field,private final Block
adx,a,field_185057_a,,,,,field,private final EntityBoat$EnumBoatType
aec,a,field_77876_a,,,,,field,private final Block
aef$1,a,field_185088_a,,,,,field,double
aef$1,b,field_185089_b,,,,,field,double
aef$1,c,field_185090_c,,,,,field,long
aeh$1,a,field_185095_a,,,,,field,double
aeh$1,b,field_185096_b,,,,,field,double
aeh$1,c,field_185097_c,,,,,field,long
aej,a,field_78032_a,,,,,field,public static final CreativeModeTab[]
aej,b,field_78030_b,,,,,field,public static final CreativeModeTab
aej,c,field_78031_c,,,,,field,public static final CreativeModeTab
aej,d,field_78028_d,,,,,field,public static final CreativeModeTab
aej,e,field_78029_e,,,,,field,public static final CreativeModeTab
aej,f,field_78026_f,,,,,field,public static final CreativeModeTab
aej,g,field_78027_g,,,,,field,public static final CreativeModeTab
aej,h,field_78039_h,,,,,field,public static final CreativeModeTab
aej,i,field_78040_i,,,,,field,public static final CreativeModeTab
aej,j,field_78037_j,,,,,field,public static final CreativeModeTab
aej,k,field_78038_k,,,,,field,public static final CreativeModeTab
aej,l,field_78035_l,,,,,field,public static final CreativeModeTab
aej,m,field_78036_m,,,,,field,public static final CreativeModeTab
aej,n,field_78033_n,,,,,field,private final int
aej,o,field_78034_o,,,,,field,private final String
aej,p,field_78043_p,,,,,field,private String
aej,q,field_78042_q,,,,,field,private boolean
aej,r,field_78041_r,,,,,field,private boolean
aej,s,field_111230_s,,,,,field,private EnchantmentSlotType[]
aej,t,field_151245_t,,,,,field,private ItemStack
aek,e,field_150914_c,,,,,field,private final Set<Block>
aek,a,field_77864_a,,,,,field,protected float
aek,b,field_77865_bY,,,,,field,protected float
aek,c,field_185065_c,,,,,field,protected float
aek,d,field_77862_b,,,,,field,protected Item$EnumToolMaterial
ael,a,field_179236_a,,,,,field,private final Block
aem,a,WHITE,WHITE,,,,enum,
aem,b,ORANGE,ORANGE,,,,enum,
aem,c,MAGENTA,MAGENTA,,,,enum,
aem,d,LIGHT_BLUE,LIGHT_BLUE,,,,enum,
aem,e,YELLOW,YELLOW,,,,enum,
aem,f,LIME,LIME,,,,enum,
aem,g,PINK,PINK,,,,enum,
aem,h,GRAY,GRAY,,,,enum,
aem,i,SILVER,SILVER,,,,enum,
aem,j,CYAN,CYAN,,,,enum,
aem,k,PURPLE,PURPLE,,,,enum,
aem,l,BLUE,BLUE,,,,enum,
aem,m,BROWN,BROWN,,,,enum,
aem,n,GREEN,GREEN,,,,enum,
aem,o,RED,RED,,,,enum,
aem,p,BLACK,BLACK,,,,enum,
aem,q,field_176790_q,,,,,field,private static final EnumColor[]
aem,r,field_176789_r,,,,,field,private static final EnumColor[]
aem,s,field_176788_s,,,,,field,private final int
aem,t,field_176787_t,,,,,field,private final int
aem,u,field_176786_u,,,,,field,private final String
aem,v,field_176785_v,,,,,field,private final String
aem,w,field_176784_w,,,,,field,private final MaterialMapColor
aem,x,field_176793_x,,,,,field,private final EnumChatFormat
aen,a,field_150922_c,,,,,field,public static final int[]
afa$a,a,COD,COD,,,,enum,
afa$a,b,SALMON,SALMON,,,,enum,
afa$a,c,CLOWNFISH,CLOWNFISH,,,,enum,
afa$a,d,PUFFERFISH,PUFFERFISH,,,,enum,
afa$a,e,field_150983_e,,,,,field,"private static final Map<Integer, ItemFish$EnumFish>"
afa$a,f,field_150980_f,,,,,field,private final int
afa$a,g,field_150981_g,,,,,field,private final String
afa$a,h,field_150991_j,,,,,field,private final int
afa$a,i,field_150992_k,,,,,field,private final float
afa$a,j,field_150989_l,,,,,field,private final int
afa$a,k,field_150990_m,,,,,field,private final float
afa$a,l,field_150987_n,,,,,field,private final boolean
afa,b,field_150907_b,,,,,field,private final boolean
afd,a,field_77855_a,,,,,field,public final int
afd,b,field_77853_b,,,,,field,private final int
afd,c,field_77854_c,,,,,field,private final float
afd,d,field_77856_bY,,,,,field,private final boolean
afd,e,field_77852_bZ,,,,,field,private boolean
afd,f,field_77851_ca,,,,,field,private MobEffect
afd,n,field_77858_cd,,,,,field,private float
aff,a,field_82811_a,,,,,field,private final Class<? extends EntityHanging>
afg,b,field_185072_b,,,,,field,private final float
afg,a,field_77843_a,,,,,field,protected Item$EnumToolMaterial
afh$a,a,WOOD,WOOD,,,,enum,
afh$a,b,STONE,STONE,,,,enum,
afh$a,c,IRON,IRON,,,,enum,
afh$a,d,DIAMOND,DIAMOND,,,,enum,
afh$a,e,GOLD,GOLD,,,,enum,
afh$a,f,field_78001_f,,,,,field,private final int
afh$a,g,field_78002_g,,,,,field,private final int
afh$a,h,field_78010_h,,,,,field,private final float
afh$a,i,field_78011_i,,,,,field,private final float
afh$a,j,field_78008_j,,,,,field,private final int
afh,g,field_150901_e,REGISTRY,,,,field,"public static final RegistryMaterials<MinecraftKey, Item>"
afh,a,field_179220_a,,,,,field,"private static final Map<Block, Item>"
afh,b,field_185046_b,,,,,field,private static final IDynamicTexture
afh,c,field_185047_c,,,,,field,private static final IDynamicTexture
afh,d,field_185048_d,,,,,field,private static final IDynamicTexture
afh,e,field_185049_e,,,,,field,private static final IDynamicTexture
afh,f,field_185051_m,,,,,field,"private final IRegistry<MinecraftKey, IDynamicTexture>"
afh,h,field_111210_e,,,,,field,protected static final UUID
afh,i,field_185050_h,,,,,field,protected static final UUID
afh,n,field_77701_a,,,,,field,private CreativeModeTab
afh,j,field_77697_d,,,,,field,protected static Random
afh,k,field_77777_bU,maxStackSize,,,,field,protected int
afh,o,field_77699_b,durability,,,,field,private int
afh,l,field_77789_bW,,,,,field,protected boolean
afh,m,field_77787_bX,,,,,field,protected boolean
afh,p,field_77700_c,craftingResult,,,,field,private Item
afh,q,field_77774_bZ,name,,,,field,private String
afi$a,a,field_185137_a,,,,,field,final int
afi$a,b,field_185138_b,,,,,field,final int
afi,a,field_185147_a,,,,,field,"private final Map<Item, ItemCooldown$Info>"
afi,b,field_185148_b,,,,,field,private int
afj,a,field_190927_a,,,,,field,public static final ItemStack
afj,b,field_111284_a,,,,,field,public static final DecimalFormat
afj,c,field_77994_a,count,,,,field,private int
afj,d,field_77992_b,,,,,field,private int
afj,e,field_151002_e,item,,,,field,private final Item
afj,f,field_77990_d,tag,,,,field,private NBTTagCompound
afj,g,field_190928_g,,,,,field,private boolean
afj,h,field_77991_e,damage,,,,field,private int
afj,i,field_82843_f,,,,,field,private EntityItemFrame
afj,j,field_179552_h,,,,,field,private Block
afj,k,field_179553_i,,,,,field,private boolean
afj,l,field_179550_j,,,,,field,private Block
afj,m,field_179551_k,,,,,field,private boolean
afl,a,field_190931_a,,,,,field,public static final Item
afl,b,field_151037_a,IRON_SHOVEL,,,,field,public static final Item
afl,c,field_151035_b,IRON_PICKAXE,,,,field,public static final Item
afl,d,field_151036_c,IRON_AXE,,,,field,public static final Item
afl,e,field_151033_d,FLINT_AND_STEEL,,,,field,public static final Item
afl,f,field_151034_e,APPLE,,,,field,public static final Item
afl,g,field_151031_f,BOW,,,,field,public static final ItemBow
afl,h,field_151032_g,ARROW,,,,field,public static final Item
afl,i,field_185166_h,SPECTRAL_ARROW,,,,field,public static final Item
afl,j,field_185167_i,TIPPED_ARROW,,,,field,public static final Item
afl,k,field_151044_h,COAL,,,,field,public static final Item
afl,l,field_151045_i,DIAMOND,,,,field,public static final Item
afl,m,field_151042_j,IRON_INGOT,,,,field,public static final Item
afl,n,field_151043_k,GOLD_INGOT,,,,field,public static final Item
afl,o,field_151040_l,IRON_SWORD,,,,field,public static final Item
afl,p,field_151041_m,WOODEN_SWORD,,,,field,public static final Item
afl,q,field_151038_n,WOODEN_SHOVEL,,,,field,public static final Item
afl,r,field_151039_o,WOODEN_PICKAXE,,,,field,public static final Item
afl,s,field_151053_p,WOODEN_AXE,,,,field,public static final Item
afl,t,field_151052_q,STONE_SWORD,,,,field,public static final Item
afl,u,field_151051_r,STONE_SHOVEL,,,,field,public static final Item
afl,v,field_151050_s,STONE_PICKAXE,,,,field,public static final Item
afl,w,field_151049_t,STONE_AXE,,,,field,public static final Item
afl,x,field_151048_u,DIAMOND_SWORD,,,,field,public static final Item
afl,y,field_151047_v,DIAMOND_SHOVEL,,,,field,public static final Item
afl,z,field_151046_w,DIAMOND_PICKAXE,,,,field,public static final Item
afl,A,field_151056_x,DIAMOND_AXE,,,,field,public static final Item
afl,B,field_151055_y,STICK,,,,field,public static final Item
afl,C,field_151054_z,BOWL,,,,field,public static final Item
afl,D,field_151009_A,MUSHROOM_STEW,,,,field,public static final Item
afl,E,field_151010_B,GOLDEN_SWORD,,,,field,public static final Item
afl,F,field_151011_C,GOLDEN_SHOVEL,,,,field,public static final Item
afl,G,field_151005_D,GOLDEN_PICKAXE,,,,field,public static final Item
afl,H,field_151006_E,GOLDEN_AXE,,,,field,public static final Item
afl,I,field_151007_F,STRING,,,,field,public static final Item
afl,J,field_151008_G,FEATHER,,,,field,public static final Item
afl,K,field_151016_H,GUNPOWDER,,,,field,public static final Item
afl,L,field_151017_I,WOODEN_HOE,,,,field,public static final Item
afl,M,field_151018_J,STONE_HOE,,,,field,public static final Item
afl,N,field_151019_K,IRON_HOE,,,,field,public static final Item
afl,O,field_151012_L,DIAMOND_HOE,,,,field,public static final Item
afl,P,field_151013_M,GOLDEN_HOE,,,,field,public static final Item
afl,Q,field_151014_N,WHEAT_SEEDS,,,,field,public static final Item
afl,R,field_151015_O,WHEAT,,,,field,public static final Item
afl,S,field_151025_P,BREAD,,,,field,public static final Item
afl,T,field_151024_Q,LEATHER_HELMET,,,,field,public static final ItemArmor
afl,U,field_151027_R,LEATHER_CHESTPLATE,,,,field,public static final ItemArmor
afl,V,field_151026_S,LEATHER_LEGGINGS,,,,field,public static final ItemArmor
afl,W,field_151021_T,LEATHER_BOOTS,,,,field,public static final ItemArmor
afl,X,field_151020_U,CHAINMAIL_HELMET,,,,field,public static final ItemArmor
afl,Y,field_151023_V,CHAINMAIL_CHESTPLATE,,,,field,public static final ItemArmor
afl,Z,field_151022_W,CHAINMAIL_LEGGINGS,,,,field,public static final ItemArmor
afl,aa,field_151029_X,CHAINMAIL_BOOTS,,,,field,public static final ItemArmor
afl,ab,field_151028_Y,IRON_HELMET,,,,field,public static final ItemArmor
afl,ac,field_151030_Z,IRON_CHESTPLATE,,,,field,public static final ItemArmor
afl,ad,field_151165_aa,IRON_LEGGINGS,,,,field,public static final ItemArmor
afl,ae,field_151167_ab,IRON_BOOTS,,,,field,public static final ItemArmor
afl,af,field_151161_ac,DIAMOND_HELMET,,,,field,public static final ItemArmor
afl,ag,field_151163_ad,DIAMOND_CHESTPLATE,,,,field,public static final ItemArmor
afl,ah,field_151173_ae,DIAMOND_LEGGINGS,,,,field,public static final ItemArmor
afl,ai,field_151175_af,DIAMOND_BOOTS,,,,field,public static final ItemArmor
afl,aj,field_151169_ag,GOLDEN_HELMET,,,,field,public static final ItemArmor
afl,ak,field_151171_ah,GOLDEN_CHESTPLATE,,,,field,public static final ItemArmor
afl,al,field_151149_ai,GOLDEN_LEGGINGS,,,,field,public static final ItemArmor
afl,am,field_151151_aj,GOLDEN_BOOTS,,,,field,public static final ItemArmor
afl,an,field_151145_ak,FLINT,,,,field,public static final Item
afl,ao,field_151147_al,PORKCHOP,,,,field,public static final Item
afl,ap,field_151157_am,COOKED_PORKCHOP,,,,field,public static final Item
afl,aq,field_151159_an,PAINTING,,,,field,public static final Item
afl,ar,field_151153_ao,GOLDEN_APPLE,,,,field,public static final Item
afl,as,field_151155_ap,SIGN,,,,field,public static final Item
afl,at,field_179570_aq,WOODEN_DOOR,,,,field,public static final Item
afl,au,field_179569_ar,SPRUCE_DOOR,,,,field,public static final Item
afl,av,field_179568_as,BIRCH_DOOR,,,,field,public static final Item
afl,aw,field_179567_at,JUNGLE_DOOR,,,,field,public static final Item
afl,ax,field_179572_au,ACACIA_DOOR,,,,field,public static final Item
afl,ay,field_179571_av,DARK_OAK_DOOR,,,,field,public static final Item
afl,az,field_151133_ar,BUCKET,,,,field,public static final Item
afl,aA,field_151131_as,WATER_BUCKET,,,,field,public static final Item
afl,aB,field_151129_at,LAVA_BUCKET,,,,field,public static final Item
afl,aC,field_151143_au,MINECART,,,,field,public static final Item
afl,aD,field_151141_av,SADDLE,,,,field,public static final Item
afl,aE,field_151139_aw,IRON_DOOR,,,,field,public static final Item
afl,aF,field_151137_ax,REDSTONE,,,,field,public static final Item
afl,aG,field_151126_ay,SNOWBALL,,,,field,public static final Item
afl,aH,field_151124_az,,,,,field,public static final Item
afl,aI,field_185150_aH,,,,,field,public static final Item
afl,aJ,field_185151_aI,,,,,field,public static final Item
afl,aK,field_185152_aJ,,,,,field,public static final Item
afl,aL,field_185153_aK,,,,,field,public static final Item
afl,aM,field_185154_aL,,,,,field,public static final Item
afl,aN,field_151116_aA,LEATHER,,,,field,public static final Item
afl,aO,field_151117_aB,MILK_BUCKET,,,,field,public static final Item
afl,aP,field_151118_aC,BRICK,,,,field,public static final Item
afl,aQ,field_151119_aD,CLAY_BALL,,,,field,public static final Item
afl,aR,field_151120_aE,REEDS,,,,field,public static final Item
afl,aS,field_151121_aF,PAPER,,,,field,public static final Item
afl,aT,field_151122_aG,BOOK,,,,field,public static final Item
afl,aU,field_151123_aH,SLIME,,,,field,public static final Item
afl,aV,field_151108_aI,CHEST_MINECART,,,,field,public static final Item
afl,aW,field_151109_aJ,FURNACE_MINECART,,,,field,public static final Item
afl,aX,field_151110_aK,EGG,,,,field,public static final Item
afl,aY,field_151111_aL,COMPASS,,,,field,public static final Item
afl,aZ,field_151112_aM,FISHING_ROD,,,,field,public static final ItemFishingRod
afl,ba,field_151113_aN,CLOCK,,,,field,public static final Item
afl,bb,field_151114_aO,GLOWSTONE_DUST,,,,field,public static final Item
afl,bc,field_151115_aP,FISH,,,,field,public static final Item
afl,bd,field_179566_aV,COOKED_FISH,,,,field,public static final Item
afl,be,field_151100_aR,DYE,,,,field,public static final Item
afl,bf,field_151103_aS,BONE,,,,field,public static final Item
afl,bg,field_151102_aT,SUGAR,,,,field,public static final Item
afl,bh,field_151105_aU,CAKE,,,,field,public static final Item
afl,bi,field_151104_aV,BED,,,,field,public static final Item
afl,bj,field_151107_aW,REPEATER,,,,field,public static final Item
afl,bk,field_151106_aX,COOKIE,,,,field,public static final Item
afl,bl,field_151098_aY,FILLED_MAP,,,,field,public static final ItemWorldMap
afl,bm,field_151097_aZ,SHEARS,,,,field,public static final ItemShears
afl,bn,field_151127_ba,MELON,,,,field,public static final Item
afl,bo,field_151080_bb,PUMPKIN_SEEDS,,,,field,public static final Item
afl,bp,field_151081_bc,MELON_SEEDS,,,,field,public static final Item
afl,bq,field_151082_bd,BEEF,,,,field,public static final Item
afl,br,field_151083_be,COOKED_BEEF,,,,field,public static final Item
afl,bs,field_151076_bf,CHICKEN,,,,field,public static final Item
afl,bt,field_151077_bg,COOKED_CHICKEN,,,,field,public static final Item
afl,bu,field_179561_bm,MUTTON,,,,field,public static final Item
afl,bv,field_179557_bn,COOKED_MUTTON,,,,field,public static final Item
afl,bw,field_179558_bo,RABBIT,,,,field,public static final Item
afl,bx,field_179559_bp,COOKED_RABBIT,,,,field,public static final Item
afl,by,field_179560_bq,RABBIT_STEW,,,,field,public static final Item
afl,bz,field_179556_br,RABBIT_FOOT,,,,field,public static final Item
afl,bA,field_179555_bs,RABBIT_HIDE,,,,field,public static final Item
afl,bB,field_151078_bh,ROTTEN_FLESH,,,,field,public static final Item
afl,bC,field_151079_bi,ENDER_PEARL,,,,field,public static final Item
afl,bD,field_151072_bj,BLAZE_ROD,,,,field,public static final Item
afl,bE,field_151073_bk,GHAST_TEAR,,,,field,public static final Item
afl,bF,field_151074_bl,GOLD_NUGGET,,,,field,public static final Item
afl,bG,field_151075_bm,NETHER_WART,,,,field,public static final Item
afl,bH,field_151068_bn,POTION,,,,field,public static final ItemPotion
afl,bI,field_185155_bH,SPLASH_POTION,,,,field,public static final ItemPotion
afl,bJ,field_185156_bI,LINGERING_POTION,,,,field,public static final ItemPotion
afl,bK,field_151069_bo,GLASS_BOTTLE,,,,field,public static final Item
afl,bL,field_185157_bK,DRAGON_BREATH,,,,field,public static final Item
afl,bM,field_151070_bp,SPIDER_EYE,,,,field,public static final Item
afl,bN,field_151071_bq,FERMENTED_SPIDER_EYE,,,,field,public static final Item
afl,bO,field_151065_br,BLAZE_POWDER,,,,field,public static final Item
afl,bP,field_151064_bs,MAGMA_CREAM,,,,field,public static final Item
afl,bQ,field_151067_bt,BREWING_STAND,,,,field,public static final Item
afl,bR,field_151066_bu,CAULDRON,,,,field,public static final Item
afl,bS,field_151061_bv,ENDER_EYE,,,,field,public static final Item
afl,bT,field_151060_bw,SPECKLED_MELON,,,,field,public static final Item
afl,bU,field_151063_bx,SPAWN_EGG,,,,field,public static final Item
afl,bV,field_151062_by,EXPERIENCE_BOTTLE,,,,field,public static final Item
afl,bW,field_151059_bz,FIRE_CHARGE,,,,field,public static final Item
afl,bX,field_151099_bA,WRITABLE_BOOK,,,,field,public static final Item
afl,bY,field_151164_bB,WRITTEN_BOOK,,,,field,public static final Item
afl,bZ,field_151166_bC,EMERALD,,,,field,public static final Item
afl,ca,field_151160_bD,ITEM_FRAME,,,,field,public static final Item
afl,cb,field_151162_bE,FLOWER_POT,,,,field,public static final Item
afl,cc,field_151172_bF,CARROT,,,,field,public static final Item
afl,cd,field_151174_bG,POTATO,,,,field,public static final Item
afl,ce,field_151168_bH,BAKED_POTATO,,,,field,public static final Item
afl,cf,field_151170_bI,POISONOUS_POTATO,,,,field,public static final Item
afl,cg,field_151148_bJ,MAP,,,,field,public static final ItemMapEmpty
afl,ch,field_151150_bK,GOLDEN_CARROT,,,,field,public static final Item
afl,ci,field_151144_bL,SKULL,,,,field,public static final Item
afl,cj,field_151146_bM,CARROT_ON_A_STICK,,,,field,public static final Item
afl,ck,field_151156_bN,NETHER_STAR,,,,field,public static final Item
afl,cl,field_151158_bO,PUMPKIN_PIE,,,,field,public static final Item
afl,cm,field_151152_bP,FIREWORKS,,,,field,public static final Item
afl,cn,field_151154_bQ,FIREWORK_CHARGE,,,,field,public static final Item
afl,co,field_151134_bR,ENCHANTED_BOOK,,,,field,public static final ItemEnchantedBook
afl,cp,field_151132_bS,COMPARATOR,,,,field,public static final Item
afl,cq,field_151130_bT,NETHERBRICK,,,,field,public static final Item
afl,cr,field_151128_bU,QUARTZ,,,,field,public static final Item
afl,cs,field_151142_bV,TNT_MINECART,,,,field,public static final Item
afl,ct,field_151140_bW,HOPPER_MINECART,,,,field,public static final Item
afl,cu,field_179565_cj,ARMOR_STAND,,,,field,public static final ItemArmorStand
afl,cv,field_151138_bX,IRON_HORSE_ARMOR,,,,field,public static final Item
afl,cw,field_151136_bY,GOLDEN_HORSE_ARMOR,,,,field,public static final Item
afl,cx,field_151125_bZ,DIAMOND_HORSE_ARMOR,,,,field,public static final Item
afl,cy,field_151058_ca,LEAD,,,,field,public static final Item
afl,cz,field_151057_cb,NAME_TAG,,,,field,public static final Item
afl,cA,field_151095_cc,COMMAND_BLOCK_MINECART,,,,field,public static final Item
afl,cB,field_151096_cd,RECORD_13,,,,field,public static final Item
afl,cC,field_151093_ce,RECORD_CAT,,,,field,public static final Item
afl,cD,field_151094_cf,RECORD_BLOCKS,,,,field,public static final Item
afl,cE,field_151091_cg,RECORD_CHIRP,,,,field,public static final Item
afl,cF,field_151092_ch,RECORD_FAR,,,,field,public static final Item
afl,cG,field_151089_ci,RECORD_MALL,,,,field,public static final Item
afl,cH,field_151090_cj,RECORD_MELLOHI,,,,field,public static final Item
afl,cI,field_151087_ck,RECORD_STAL,,,,field,public static final Item
afl,cJ,field_151088_cl,RECORD_STRAD,,,,field,public static final Item
afl,cK,field_151085_cm,RECORD_WARD,,,,field,public static final Item
afl,cL,field_151086_cn,RECORD_11,,,,field,public static final Item
afl,cM,field_151084_co,RECORD_WAIT,,,,field,public static final Item
afl,cN,field_179562_cC,PRISMARINE_SHARD,,,,field,public static final Item
afl,cO,field_179563_cD,PRISMARINE_CRYSTALS,,,,field,public static final Item
afl,cP,field_179564_cE,BANNER,,,,field,public static final Item
afl,cQ,field_185158_cP,,,,,field,public static final Item
afl,cR,field_185159_cQ,SHIELD,,,,field,public static final Item
afl,cS,field_185160_cR,,,,,field,public static final Item
afl,cT,field_185161_cS,CHORUS_FRUIT,,,,field,public static final Item
afl,cU,field_185162_cT,CHORUS_FRUIT_POPPED,,,,field,public static final Item
afl,cV,field_185163_cU,BEETROOT_SEEDS,,,,field,public static final Item
afl,cW,field_185164_cV,BEETROOT,,,,field,public static final Item
afl,cX,field_185165_cW,BEETROOT_SOUP,,,,field,public static final Item
afl,cY,field_190929_cY,,,,,field,public static final Item
afl,cZ,field_190930_cZ,,,,,field,public static final Item
afl,da,field_191525_da,,,,,field,public static final Item
afn,b,field_150940_b,,,,,field,private final BlockLeaves
afr$1,b,field_96465_b,,,,,field,private final DispenseBehaviorItem
afr,a,field_96602_b,,,,,field,private static final IDispenseBehavior
afr,b,field_77841_a,,,,,field,private final EntityMinecartAbstract$EnumMinecartType
afs,b,field_179227_b,,,,,field,protected final Block
afs,c,field_179228_c,,,,,field,protected final ItemMultiTexture$a
afu,e,field_150915_c,,,,,field,private static final Set<Block>
afx,a,COMMON,COMMON,,,,enum,
afx,b,UNCOMMON,UNCOMMON,,,,enum,
afx,c,RARE,RARE,,,,enum,
afx,d,EPIC,EPIC,,,,enum,
afx,e,field_77937_e,,,,,field,public final EnumChatFormat
afx,f,field_77934_f,,,,,field,public final String
afy,a,field_150928_b,,,,,field,"private static final Map<SoundEffect, ItemRecord>"
afy,b,field_185076_b,,,,,field,private final SoundEffect
afy,c,field_185077_c,,,,,field,private final String
agb,b,field_150908_b,,,,,field,private final Block
agb,c,field_82809_c,,,,,field,private final Block
agc,a,field_150925_a,,,,,field,private final Block
agc,b,field_77838_b,,,,,field,private final Block
agd,a,field_185149_a,,,,,field,private final EntityPlayer
agg,e,field_150916_c,,,,,field,private static final Set<Block>
agk,a,field_82807_a,,,,,field,private static final String[]
agl,b,field_150949_c,,,,,field,private final BlockStepAbstract
agl,c,field_179226_c,,,,,field,private final BlockStepAbstract
agr,a,field_150934_a,,,,,field,private final float
agr,b,field_150933_b,,,,,field,private final Item$EnumToolMaterial
ags,b,field_150945_c,,,,,field,private String[]
agu,a,NONE,NONE,,,,enum,
agu,b,EAT,EAT,,,,enum,
agu,c,DRINK,DRINK,,,,enum,
agu,d,BLOCK,BLOCK,,,,enum,
agu,e,BOW,BOW,,,,enum,
agy,b,field_185177_b,,,,,field,private static final MinecraftKey
agy,a,field_185176_a,,,,,field,"public static final RegistryBlocks<MinecraftKey, PotionRegistry>"
agy,c,field_185178_c,,,,,field,private static int
agy,d,field_185179_d,,,,,field,private final String
agy,e,field_185180_e,,,,,field,private final com.google.common.collect.ImmutableList<MobEffect>
agz$a,a,field_185195_a,,,,,field,private final Item
agz$a,b,field_185196_b,,,,,field,private final int
agz$b,a,field_185198_a,,,,,field,final T
agz$b,b,field_185199_b,,,,,field,final com.google.common.base.Predicate<ItemStack>
agz$b,c,field_185200_c,,,,,field,final T
agz,a,field_185213_a,,,,,field,private static final List<PotionBrewer$PredicatedCombination<PotionRegistry>>
agz,b,field_185214_b,,,,,field,private static final List<PotionBrewer$PredicatedCombination<Item>>
agz,c,field_185215_c,,,,,field,private static final List<PotionBrewer$PredicateItem>
agz,d,field_185216_d,,,,,field,private static final com.google.common.base.Predicate<ItemStack>
ahb,K,field_185228_K,,,,,field,private static final Set<PotionRegistry>
ahb,a,field_185229_a,EMPTY,,,,field,public static final PotionRegistry
ahb,b,field_185230_b,,,,,field,public static final PotionRegistry
ahb,c,field_185231_c,,,,,field,public static final PotionRegistry
ahb,d,field_185232_d,,,,,field,public static final PotionRegistry
ahb,e,field_185233_e,,,,,field,public static final PotionRegistry
ahb,f,field_185234_f,,,,,field,public static final PotionRegistry
ahb,g,field_185235_g,,,,,field,public static final PotionRegistry
ahb,h,field_185236_h,,,,,field,public static final PotionRegistry
ahb,i,field_185237_i,,,,,field,public static final PotionRegistry
ahb,j,field_185238_j,,,,,field,public static final PotionRegistry
ahb,k,field_185239_k,,,,,field,public static final PotionRegistry
ahb,l,field_185240_l,,,,,field,public static final PotionRegistry
ahb,m,field_185241_m,,,,,field,public static final PotionRegistry
ahb,n,field_185242_n,,,,,field,public static final PotionRegistry
ahb,o,field_185243_o,,,,,field,public static final PotionRegistry
ahb,p,field_185244_p,,,,,field,public static final PotionRegistry
ahb,q,field_185245_q,,,,,field,public static final PotionRegistry
ahb,r,field_185246_r,,,,,field,public static final PotionRegistry
ahb,s,field_185247_s,,,,,field,public static final PotionRegistry
ahb,t,field_185248_t,,,,,field,public static final PotionRegistry
ahb,u,field_185249_u,,,,,field,public static final PotionRegistry
ahb,v,field_185250_v,,,,,field,public static final PotionRegistry
ahb,w,field_185251_w,,,,,field,public static final PotionRegistry
ahb,x,field_185252_x,,,,,field,public static final PotionRegistry
ahb,y,field_185253_y,,,,,field,public static final PotionRegistry
ahb,z,field_185254_z,,,,,field,public static final PotionRegistry
ahb,A,field_185218_A,,,,,field,public static final PotionRegistry
ahb,B,field_185219_B,,,,,field,public static final PotionRegistry
ahb,C,field_185220_C,,,,,field,public static final PotionRegistry
ahb,D,field_185221_D,,,,,field,public static final PotionRegistry
ahb,E,field_185222_E,,,,,field,public static final PotionRegistry
ahb,F,field_185223_F,,,,,field,public static final PotionRegistry
ahb,G,field_185224_G,,,,,field,public static final PotionRegistry
ahb,H,field_185225_H,,,,,field,public static final PotionRegistry
ahb,I,field_185226_I,,,,,field,public static final PotionRegistry
ahb,J,field_185227_J,,,,,field,public static final PotionRegistry
ahe,a,field_77611_a,,,,,field,private final String[][]
ahe,b,field_77610_b,,,,,field,private final Item[][]
ahi,a,field_92102_a,,,,,field,private ItemStack
ahk,a,field_77606_a,,,,,field,private static final RecipesFurnace
ahk,b,field_77604_b,recipes,,,,field,"private final Map<ItemStack, ItemStack>"
ahk,c,field_77605_c,experience,,,,field,"private final Map<ItemStack, Float>"
ahn,a,field_77591_a,,,,,field,private final Object[][]
ahp,a,field_77598_a,,,,,field,private static final CraftingManager
ahp,b,field_77597_b,recipes,,,,field,private final List<IRecipe>
ahr,a,field_77576_b,width,,,,field,private final int
ahr,b,field_77577_c,height,,,,field,private final int
ahr,c,field_77574_d,items,,,,field,private final ItemStack[]
ahr,d,field_77575_e,result,,,,field,private final ItemStack
ahr,e,field_92101_f,,,,,field,private boolean
ahs,a,field_77580_a,result,,,,field,private final ItemStack
ahs,b,field_77579_b,ingredients,,,,field,private final List<ItemStack>
ahx,a,field_77588_a,,,,,field,private final String[][]
ahx,b,field_77587_b,,,,,field,private final Object[][]
ahy,a,field_77585_a,,,,,field,private final String[][]
ahy,b,field_77584_b,,,,,field,private final Object[][]
aif,e,field_77359_A,,,,,field,private static final String[]
aif,f,field_77360_B,,,,,field,private static final int[]
aif,g,field_77362_C,,,,,field,private static final int[]
aif,h,field_77358_D,,,,,field,private static final int[]
aif,a,field_77361_a,,,,,field,public final int
aii$a,a,COMMON,COMMON,,,,enum,
aii$a,b,UNCOMMON,UNCOMMON,,,,enum,
aii$a,c,RARE,RARE,,,,enum,
aii$a,d,VERY_RARE,VERY_RARE,,,,enum,
aii$a,e,field_185275_e,,,,,field,private final int
aii,b,field_185264_b,enchantments,,,,field,"public static final RegistryMaterials<MinecraftKey, Enchantment>"
aii,a,field_185263_a,,,,,field,private final EnumItemSlot[]
aii,e,field_77333_a,,,,,field,private final Enchantment$Rarity
aii,c,field_77351_y,itemTarget,,,,field,public EnchantmentSlotType
aii,d,field_77350_z,,,,,field,protected String
aij,a,ALL,ALL,,,,enum,
aij,b,ARMOR,ARMOR,,,,enum,
aij,c,ARMOR_FEET,ARMOR_FEET,,,,enum,
aij,d,ARMOR_LEGS,ARMOR_LEGS,,,,enum,
aij,e,ARMOR_CHEST,ARMOR_CHEST,,,,enum,
aij,f,ARMOR_HEAD,ARMOR_HEAD,,,,enum,
aij,g,WEAPON,WEAPON,,,,enum,
aij,h,DIGGER,DIGGER,,,,enum,
aij,i,FISHING_ROD,FISHING_ROD,,,,enum,
aij,j,BREAKABLE,BREAKABLE,,,,enum,
aij,k,BOW,BOW,,,,enum,
aij,l,WEARABLE,WEARABLE,,,,enum,
aik$a,a,field_151366_a,,,,,field,public EntityLiving
aik$a,b,field_151365_b,,,,,field,public Entity
aik$b,a,field_151364_a,,,,,field,public EntityLiving
aik$b,b,field_151363_b,,,,,field,public Entity
aik$d,a,field_77495_a,,,,,field,public float
aik$d,b,field_77494_b,,,,,field,public EnumMonsterType
aik$e,a,field_77497_a,,,,,field,public int
aik$e,b,field_77496_b,,,,,field,public DamageSource
aik,a,field_77522_a,,,,,field,private static final Random
aik,b,field_77520_b,,,,,field,private static final EnchantmentManager$EnchantmentModifierProtection
aik,c,field_77521_c,,,,,field,private static final EnchantmentManager$EnchantmentModifierDamage
aik,d,field_151388_d,,,,,field,private static final EnchantmentManager$EnchantmentModifierThorns
aik,e,field_151389_e,,,,,field,private static final EnchantmentManager$EnchantmentModifierArthropods
ail,b,field_76302_b,enchantment,,,,field,public final Enchantment
ail,c,field_76303_c,level,,,,field,public final int
aim,a,field_180310_c,PROTECTION_ENVIRONMENTAL,,,,field,public static final Enchantment
aim,b,field_77329_d,PROTECTION_FIRE,,,,field,public static final Enchantment
aim,c,field_180309_e,PROTECTION_FALL,,,,field,public static final Enchantment
aim,d,field_185297_d,PROTECTION_EXPLOSIONS,,,,field,public static final Enchantment
aim,e,field_180308_g,PROTECTION_PROJECTILE,,,,field,public static final Enchantment
aim,f,field_185298_f,OXYGEN,,,,field,public static final Enchantment
aim,g,field_185299_g,WATER_WORKER,,,,field,public static final Enchantment
aim,h,field_92091_k,THORNS,,,,field,public static final Enchantment
aim,i,field_185300_i,DEPTH_STRIDER,,,,field,public static final Enchantment
aim,j,field_185301_j,,,,,field,public static final Enchantment
aim,k,field_190941_k,,,,,field,public static final Enchantment
aim,l,field_185302_k,DAMAGE_ALL,,,,field,public static final Enchantment
aim,m,field_185303_l,DAMAGE_UNDEAD,,,,field,public static final Enchantment
aim,n,field_180312_n,DAMAGE_ARTHROPODS,,,,field,public static final Enchantment
aim,o,field_180313_o,KNOCKBACK,,,,field,public static final Enchantment
aim,p,field_77334_n,FIRE_ASPECT,,,,field,public static final Enchantment
aim,q,field_185304_p,LOOT_BONUS_MOBS,,,,field,public static final Enchantment
aim,r,field_191530_r,,,,,field,public static final Enchantment
aim,s,field_185305_q,DIG_SPEED,,,,field,public static final Enchantment
aim,t,field_185306_r,SILK_TOUCH,,,,field,public static final Enchantment
aim,u,field_185307_s,DURABILITY,,,,field,public static final Enchantment
aim,v,field_185308_t,LOOT_BONUS_BLOCKS,,,,field,public static final Enchantment
aim,w,field_185309_u,ARROW_DAMAGE,,,,field,public static final Enchantment
aim,x,field_185310_v,ARROW_KNOCKBACK,,,,field,public static final Enchantment
aim,y,field_185311_w,ARROW_FIRE,,,,field,public static final Enchantment
aim,z,field_185312_x,ARROW_INFINITE,,,,field,public static final Enchantment
aim,A,field_151370_z,LUCK,,,,field,public static final Enchantment
aim,B,field_151369_A,LURE,,,,field,public static final Enchantment
aim,C,field_185296_A,,,,,field,public static final Enchantment
aim,D,field_190940_C,,,,,field,public static final Enchantment
aiu$a,a,ALL,ALL,,,,enum,
aiu$a,b,FIRE,FIRE,,,,enum,
aiu$a,c,FALL,FALL,,,,enum,
aiu$a,d,EXPLOSION,EXPLOSION,,,,enum,
aiu$a,e,PROJECTILE,PROJECTILE,,,,enum,
aiu$a,f,field_185322_f,,,,,field,private final String
aiu$a,g,field_185323_g,,,,,field,private final int
aiu$a,h,field_185324_h,,,,,field,private final int
aiu$a,i,field_185325_i,,,,,field,private final int
aiu,a,field_77356_a,,,,,field,public final EnchantmentProtection$DamageType
aje,a,field_77403_a,buyingItem1,,,,field,private ItemStack
aje,b,field_77401_b,buyingItem2,,,,field,private ItemStack
aje,c,field_77402_c,sellingItem,,,,field,private ItemStack
aje,d,field_77400_d,uses,,,,field,private int
aje,e,field_82786_e,maxUses,,,,field,private int
aje,f,field_180323_f,rewardExp,,,,field,private boolean
ajh,a,field_145766_a,,,,,field,private static final SimpleDateFormat
ajh,b,field_145764_b,,,,,field,private int
ajh,c,field_145765_c,,,,,field,private boolean
ajh,d,field_145762_d,,,,,field,private IChatBaseComponent
ajh,e,field_145763_e,,,,,field,private String
ajh,f,field_145761_f,,,,,field,private String
ajh,g,field_175575_g,,,,,field,private final CommandObjectiveExecutor
aji,a,field_98286_b,spawnDelay,,,,field,private int
aji,b,field_98285_e,mobs,,,,field,private final List<MobSpawnerData>
aji,c,field_98282_f,spawnData,,,,field,private MobSpawnerData
aji,d,field_98287_c,,,,,field,private double
aji,e,field_98284_d,,,,,field,private double
aji,f,field_98283_g,minSpawnDelay,,,,field,private int
aji,g,field_98293_h,maxSpawnDelay,,,,field,private int
aji,h,field_98294_i,spawnCount,,,,field,private int
aji,i,field_98291_j,,,,,field,private Entity
aji,j,field_98292_k,maxNearbyEntities,,,,field,private int
aji,k,field_98289_l,requiredPlayerRange,,,,field,private int
aji,l,field_98290_m,spawnRange,,,,field,private int
ajj,a,field_180329_a,,,,,field,private final BlockPosition
ajj,b,field_151344_d,,,,,field,private final Block
ajj,c,field_151345_e,,,,,field,private final int
ajj,d,field_151343_f,,,,,field,private final int
ajl,a,field_77276_a,x,,,,field,public final int
ajl,b,field_77275_b,z,,,,field,public final int
ajn,a,field_77286_a,,,,,field,private final boolean
ajn,b,field_82755_b,,,,,field,private final boolean
ajn,c,field_77290_i,,,,,field,private final Random
ajn,d,field_77287_j,world,,,,field,private final World
ajn,e,field_77284_b,posX,,,,field,private final double
ajn,f,field_77285_c,posY,,,,field,private final double
ajn,g,field_77282_d,posZ,,,,field,private final double
ajn,h,field_77283_e,source,,,,field,private final Entity
ajn,i,field_77280_f,size,,,,field,private final float
ajn,j,field_77281_g,blocks,,,,field,private final List<BlockPosition>
ajn,k,field_77288_k,,,,,field,"private final Map<EntityHuman, Vec3D>"
ajp$a,a,field_82762_a,,,,,field,private String
ajp$a,b,field_82760_b,,,,,field,private boolean
ajp$a,c,field_82761_c,,,,,field,private int
ajp$a,d,field_82759_d,,,,,field,private double
ajp$a,e,field_180256_e,,,,,field,private final GameRules$EnumGameRuleType
ajp$b,a,ANY_VALUE,ANY_VALUE,,,,enum,
ajp$b,b,BOOLEAN_VALUE,BOOLEAN_VALUE,,,,enum,
ajp$b,c,NUMERICAL_VALUE,NUMERICAL_VALUE,,,,enum,
ajp,a,field_82771_a,,,,,field,"private final TreeMap<String, GameRules$GameRuleValue>"
ajq,a,NOT_SET,NOT_SET,,,,enum,
ajq,b,SURVIVAL,SURVIVAL,,,,enum,
ajq,c,CREATIVE,CREATIVE,,,,enum,
ajq,d,ADVENTURE,ADVENTURE,,,,enum,
ajq,e,SPECTATOR,SPECTATOR,,,,enum,
ajq,f,field_77154_e,,,,,field,int
ajq,g,field_77151_f,,,,,field,String
ajq,h,field_185330_h,,,,,field,String
ajs,a,field_181546_a,,,,,field,private int
ajs,d,field_72999_e,,,,,field,protected boolean
ajs,e,field_72996_f,entityList,,,,field,public final List<Entity>
ajs,f,field_72997_g,,,,,field,protected final List<Entity>
ajs,g,field_147482_g,tileEntityList,,,,field,public final List<TileEntity>
ajs,h,field_175730_i,tileEntityListTick,,,,field,public final List<TileEntity>
ajs,b,field_147484_a,,,,,field,private final List<TileEntity>
ajs,c,field_147483_b,tileEntityListUnload,,,,field,private final List<TileEntity>
ajs,i,field_73010_i,players,,,,field,public final List<EntityHuman>
ajs,j,field_73007_j,,,,,field,public final List<Entity>
ajs,k,field_175729_l,entitiesById,,,,field,protected final IntHashMap<Entity>
ajs,I,field_73001_c,,,,,field,private final long
ajs,J,field_73008_k,,,,,field,private int
ajs,l,field_73005_l,,,,,field,protected int
ajs,m,field_73006_m,,,,,field,protected final int
ajs,n,field_73003_n,,,,,field,protected float
ajs,o,field_73004_o,,,,,field,protected float
ajs,p,field_73018_p,,,,,field,protected float
ajs,q,field_73017_q,,,,,field,protected float
ajs,K,field_73016_r,,,,,field,private int
ajs,r,field_73012_v,random,,,,field,public final Random
ajs,s,field_73011_w,worldProvider,,,,field,public final WorldProvider
ajs,t,field_184152_t,,,,,field,protected NavigationListener
ajs,u,field_73021_x,,,,,field,protected List<IWorldAccess>
ajs,v,field_73020_y,chunkProvider,,,,field,protected IChunkProvider
ajs,w,field_73019_z,dataManager,,,,field,protected final IDataManager
ajs,x,field_72986_A,worldData,,,,field,protected WorldData
ajs,y,field_72987_B,isLoading,,,,field,protected boolean
ajs,z,field_72988_C,worldMaps,,,,field,protected PersistentCollection
ajs,A,field_72982_D,villages,,,,field,protected PersistentVillage
ajs,B,field_184151_B,,,,,field,protected LootTableRegistry
ajs,C,field_72984_F,methodProfiler,,,,field,public final MethodProfiler
ajs,L,field_83016_L,,,,,field,private final Calendar
ajs,D,field_96442_D,scoreboard,,,,field,protected Scoreboard
ajs,E,field_72995_K,isClientSide,,,,field,public final boolean
ajs,F,field_72985_G,allowMonsters,,,,field,protected boolean
ajs,G,field_72992_H,allowAnimals,,,,field,protected boolean
ajs,M,field_147481_N,,,,,field,private boolean
ajs,N,field_175728_M,,,,,field,private final WorldBorder
ajs,H,field_72994_J,,,,,field,int[]
ajv,a,field_77174_a,,,,,field,private final long
ajv,b,field_77172_b,,,,,field,private final EnumGamemode
ajv,c,field_77173_c,,,,,field,private final boolean
ajv,d,field_77170_d,,,,,field,private final boolean
ajv,e,field_77171_e,,,,,field,private final WorldType
ajv,f,field_77168_f,,,,,field,private boolean
ajv,g,field_77169_g,,,,,field,private boolean
ajv,h,field_82751_h,,,,,field,private String
ajx,a,field_77139_a,types,,,,field,public static final WorldType[]
ajx,b,field_77137_b,NORMAL,,,,field,public static final WorldType
ajx,c,field_77138_c,FLAT,,,,field,public static final WorldType
ajx,d,field_77135_d,LARGE_BIOMES,,,,field,public static final WorldType
ajx,e,field_151360_e,AMPLIFIED,,,,field,public static final WorldType
ajx,f,field_180271_f,CUSTOMIZED,,,,field,public static final WorldType
ajx,g,field_180272_g,DEBUG_ALL_BLOCK_STATES,,,,field,public static final WorldType
ajx,h,field_77136_e,NORMAL_1_1,,,,field,public static final WorldType
ajx,i,field_82748_f,,,,,field,private final int
ajx,j,field_77133_f,name,,,,field,private final String
ajx,k,field_77134_g,version,,,,field,private final int
ajx,l,field_77140_h,,,,,field,private boolean
ajx,m,field_77141_i,,,,,field,private boolean
ajx,n,field_151361_l,,,,,field,private boolean
ajy,a,SKY,SKY,,,,enum,
ajy,b,BLOCK,BLOCK,,,,enum,
ajy,c,field_77198_c,,,,,field,public final int
ajz,a,field_180268_a,,,,,field,private static final int
ajz,b,field_77193_b,,,,,field,private final Set<ChunkCoordIntPair>
aka$a,b,field_85087_d,,,,,field,public long
aka,a,field_85192_a,world,,,,field,private final WorldServer
aka,b,field_77187_a,,,,,field,private final Random
aka,c,field_85191_c,,,,,field,private final it.unimi.dsi.fastutil.longs.Long2ObjectMap<PortalTravelAgent$ChunkCoordinatesPortal>
akb,a,field_72818_a,,,,,field,protected int
akb,b,field_72816_b,,,,,field,protected int
akb,c,field_72817_c,,,,,field,protected Chunk[][]
akb,d,field_72814_d,,,,,field,protected boolean
akb,e,field_72815_e,,,,,field,protected World
akc,b,field_185279_b,,,,,field,private final NBTTagCompound
akd,d,field_77177_f,,,,,field,private static long
akd,e,field_151352_g,,,,,field,private final Block
akd,a,field_180282_a,,,,,field,public final BlockPosition
akd,b,field_77180_e,,,,,field,public long
akd,c,field_82754_f,,,,,field,public int
akd,f,field_77178_g,,,,,field,private final long
akf$a,a,field_185412_a,,,,,field,private final String
akf$a,b,field_185413_b,,,,,field,private float
akf$a,c,field_185414_c,,,,,field,private float
akf$a,d,field_185415_d,,,,,field,private float
akf$a,e,field_185416_e,,,,,field,private float
akf$a,f,field_185417_f,,,,,field,private int
akf$a,g,field_185418_g,,,,,field,private boolean
akf$a,h,field_185419_h,,,,,field,private boolean
akf$a,i,field_185420_i,,,,,field,private String
akf$b,a,OCEAN,OCEAN,,,,enum,
akf$b,b,COLD,COLD,,,,enum,
akf$b,c,MEDIUM,MEDIUM,,,,enum,
akf$b,d,WARM,WARM,,,,enum,
akf$c,b,field_76300_b,,,,,field,public Class<? extends EntityInsentient>
akf$c,c,field_76301_c,,,,,field,public int
akf$c,d,field_76299_d,,,,,field,public int
akf,y,field_150586_aC,,,,,field,private static final org.apache.logging.log4j.Logger
akf,a,field_185365_a,,,,,field,protected static final IBlockData
akf,b,field_185366_b,,,,,field,protected static final IBlockData
akf,c,field_185367_c,,,,,field,protected static final IBlockData
akf,d,field_185368_d,,,,,field,protected static final IBlockData
akf,e,field_185369_e,,,,,field,protected static final IBlockData
akf,f,field_185370_f,,,,,field,protected static final IBlockData
akf,g,field_185371_g,,,,,field,protected static final IBlockData
akf,h,field_185372_h,,,,,field,protected static final IBlockData
akf,i,field_150597_n,,,,,field,public static final Set<BiomeBase>
akf,j,field_185373_j,,,,,field,public static final RegistryBlockID<BiomeBase>
akf,k,field_150605_ac,,,,,field,protected static final NoiseGenerator3
akf,l,field_180281_af,,,,,field,protected static final NoiseGenerator3
akf,m,field_180280_ag,,,,,field,protected static final WorldGenTallPlant
akf,n,field_76757_N,,,,,field,protected static final WorldGenTrees
akf,o,field_76758_O,,,,,field,protected static final WorldGenBigTree
akf,p,field_76763_Q,,,,,field,protected static final WorldGenSwampTree
akf,q,field_185377_q,REGISTRY_ID,,,,field,"public static final RegistryMaterials<MinecraftKey, BiomeBase>"
akf,z,field_76791_y,,,,,field,private final String
akf,A,field_76748_D,,,,,field,private final float
akf,B,field_76749_E,,,,,field,private final float
akf,C,field_76750_F,,,,,field,private final float
akf,D,field_76751_G,,,,,field,private final float
akf,E,field_76759_H,,,,,field,private final int
akf,F,field_76766_R,,,,,field,private final boolean
akf,G,field_76765_S,,,,,field,private final boolean
akf,H,field_185364_H,,,,,field,private final String
akf,r,field_76752_A,,,,,field,public IBlockData
akf,s,field_76753_B,,,,,field,public IBlockData
akf,t,field_76760_I,,,,,field,public BiomeDecorator
akf,u,field_76761_J,,,,,field,protected List<BiomeBase$BiomeMeta>
akf,v,field_76762_K,,,,,field,protected List<BiomeBase$BiomeMeta>
akf,w,field_76755_L,,,,,field,protected List<BiomeBase$BiomeMeta>
akf,x,field_82914_M,,,,,field,protected List<BiomeBase$BiomeMeta>
akg$a,a,field_76891_c,,,,,field,public BiomeBase[]
akg$a,b,field_76888_d,,,,,field,public int
akg$a,c,field_76889_e,,,,,field,public int
akg$a,d,field_76886_f,,,,,field,public long
akg,a,field_76844_a,,,,,field,private final WorldChunkManager
akg,b,field_76842_b,,,,,field,private long
akg,c,field_76843_c,,,,,field,private final it.unimi.dsi.fastutil.longs.Long2ObjectMap<BiomeCache$a>
akg,d,field_76841_d,,,,,field,private final List<BiomeCache$a>
aki,a,field_185425_a,,,,,field,protected boolean
aki,b,field_180294_c,,,,,field,protected BlockPosition
aki,c,field_180293_d,,,,,field,protected CustomWorldSettingsFinal
aki,d,field_76809_f,,,,,field,protected WorldGenerator
aki,e,field_76810_g,,,,,field,protected WorldGenerator
aki,f,field_76822_h,,,,,field,protected WorldGenerator
aki,g,field_76823_i,,,,,field,protected WorldGenerator
aki,h,field_76820_j,,,,,field,protected WorldGenerator
aki,i,field_180296_j,,,,,field,protected WorldGenerator
aki,j,field_180297_k,,,,,field,protected WorldGenerator
aki,k,field_180295_l,,,,,field,protected WorldGenerator
aki,l,field_76821_k,,,,,field,protected WorldGenerator
aki,m,field_76818_l,,,,,field,protected WorldGenerator
aki,n,field_76819_m,,,,,field,protected WorldGenerator
aki,o,field_180299_p,,,,,field,protected WorldGenerator
aki,p,field_180298_q,,,,,field,protected WorldGenerator
aki,q,field_76831_p,,,,,field,protected WorldGenerator
aki,r,field_150514_p,,,,,field,protected WorldGenFlowers
aki,s,field_76828_s,,,,,field,protected WorldGenerator
aki,t,field_76827_t,,,,,field,protected WorldGenerator
aki,u,field_76826_u,,,,,field,protected WorldGenerator
aki,v,field_76825_v,,,,,field,protected WorldGenerator
aki,w,field_76824_w,,,,,field,protected WorldGenerator
aki,x,field_76834_x,,,,,field,protected WorldGenerator
aki,y,field_76833_y,,,,,field,protected int
aki,z,field_76832_z,,,,,field,protected int
aki,A,field_189870_A,,,,,field,protected float
aki,B,field_76802_A,,,,,field,protected int
aki,C,field_76803_B,,,,,field,protected int
aki,D,field_76804_C,,,,,field,protected int
aki,E,field_76798_D,,,,,field,protected int
aki,F,field_76799_E,,,,,field,protected int
aki,G,field_76800_F,,,,,field,protected int
aki,H,field_76801_G,,,,,field,protected int
aki,I,field_76805_H,,,,,field,protected int
aki,J,field_76806_I,,,,,field,protected int
aki,K,field_76807_J,,,,,field,protected int
aki,L,field_76808_K,,,,,field,public boolean
akj,a,field_190945_a,,,,,field,private CustomWorldSettingsFinal
akj,b,field_76944_d,,,,,field,private GenLayer
akj,c,field_76945_e,,,,,field,private GenLayer
akj,d,field_76942_f,,,,,field,private final BiomeCache
akj,e,field_76943_g,,,,,field,private final List<BiomeBase>
akk,a,field_76771_b,,,,,field,public static final BiomeBase
akk,b,field_180279_ad,,,,,field,public static final BiomeBase
akk,c,field_76772_c,,,,,field,public static final BiomeBase
akk,d,field_76769_d,,,,,field,public static final BiomeBase
akk,e,field_76770_e,,,,,field,public static final BiomeBase
akk,f,field_76767_f,,,,,field,public static final BiomeBase
akk,g,field_76768_g,,,,,field,public static final BiomeBase
akk,h,field_76780_h,,,,,field,public static final BiomeBase
akk,i,field_76781_i,,,,,field,public static final BiomeBase
akk,j,field_76778_j,,,,,field,public static final BiomeBase
akk,k,field_76779_k,,,,,field,public static final BiomeBase
akk,l,field_76776_l,,,,,field,public static final BiomeBase
akk,m,field_76777_m,,,,,field,public static final BiomeBase
akk,n,field_76774_n,,,,,field,public static final BiomeBase
akk,o,field_76775_o,,,,,field,public static final BiomeBase
akk,p,field_76789_p,,,,,field,public static final BiomeBase
akk,q,field_76788_q,,,,,field,public static final BiomeBase
akk,r,field_76787_r,,,,,field,public static final BiomeBase
akk,s,field_76786_s,,,,,field,public static final BiomeBase
akk,t,field_76785_t,,,,,field,public static final BiomeBase
akk,u,field_76784_u,,,,,field,public static final BiomeBase
akk,v,field_76783_v,,,,,field,public static final BiomeBase
akk,w,field_76782_w,,,,,field,public static final BiomeBase
akk,x,field_76792_x,,,,,field,public static final BiomeBase
akk,y,field_150574_L,,,,,field,public static final BiomeBase
akk,z,field_150575_M,,,,,field,public static final BiomeBase
akk,A,field_150576_N,,,,,field,public static final BiomeBase
akk,B,field_150577_O,,,,,field,public static final BiomeBase
akk,C,field_150583_P,,,,,field,public static final BiomeBase
akk,D,field_150582_Q,,,,,field,public static final BiomeBase
akk,E,field_150585_R,,,,,field,public static final BiomeBase
akk,F,field_150584_S,,,,,field,public static final BiomeBase
akk,G,field_150579_T,,,,,field,public static final BiomeBase
akk,H,field_150578_U,,,,,field,public static final BiomeBase
akk,I,field_150581_V,,,,,field,public static final BiomeBase
akk,J,field_150580_W,,,,,field,public static final BiomeBase
akk,K,field_150588_X,,,,,field,public static final BiomeBase
akk,L,field_150587_Y,,,,,field,public static final BiomeBase
akk,M,field_150589_Z,,,,,field,public static final BiomeBase
akk,N,field_150607_aa,,,,,field,public static final BiomeBase
akk,O,field_150608_ab,,,,,field,public static final BiomeBase
akk,P,field_185440_P,,,,,field,public static final BiomeBase
akk,Q,field_185441_Q,,,,,field,public static final BiomeBase
akk,R,field_185442_R,,,,,field,public static final BiomeBase
akk,S,field_185443_S,,,,,field,public static final BiomeBase
akk,T,field_185444_T,,,,,field,public static final BiomeBase
akk,U,field_150590_f,,,,,field,public static final BiomeBase
akk,V,field_150599_m,,,,,field,public static final BiomeBase
akk,W,field_185445_W,,,,,field,public static final BiomeBase
akk,X,field_185446_X,,,,,field,public static final BiomeBase
akk,Y,field_185447_Y,,,,,field,public static final BiomeBase
akk,Z,field_185448_Z,,,,,field,public static final BiomeBase
akk,aa,field_185429_aa,,,,,field,public static final BiomeBase
akk,ab,field_185430_ab,,,,,field,public static final BiomeBase
akk,ac,field_185431_ac,,,,,field,public static final BiomeBase
akk,ad,field_185432_ad,,,,,field,public static final BiomeBase
akk,ae,field_185433_ae,,,,,field,public static final BiomeBase
akk,af,field_185434_af,,,,,field,public static final BiomeBase
akk,ag,field_185435_ag,,,,,field,public static final BiomeBase
akk,ah,field_185436_ah,,,,,field,public static final BiomeBase
akk,ai,field_185437_ai,,,,,field,public static final BiomeBase
akk,aj,field_185438_aj,,,,,field,public static final BiomeBase
akk,ak,field_185439_ak,,,,,field,public static final BiomeBase
akn$a,a,NORMAL,NORMAL,,,,enum,
akn$a,b,EXTRA_TREES,EXTRA_TREES,,,,enum,
akn$a,c,MUTATED,MUTATED,,,,enum,
akn,y,field_82915_S,,,,,field,private final WorldGenerator
akn,z,field_150634_aD,,,,,field,private final WorldGenTaiga2
akn,A,field_150638_aH,,,,,field,private final BiomeBigHills$Type
ako,a,field_76947_d,,,,,field,private final BiomeBase
akp$a,a,NORMAL,NORMAL,,,,enum,
akp$a,b,FLOWER,FLOWER,,,,enum,
akp$a,c,BIRCH,BIRCH,,,,enum,
akp$a,d,ROOFED,ROOFED,,,,enum,
akp,y,field_150629_aC,,,,,field,protected static final WorldGenForest
akp,z,field_150630_aD,,,,,field,protected static final WorldGenForest
akp,A,field_150631_aE,,,,,field,protected static final WorldGenForestTree
akp,B,field_150632_aF,,,,,field,private final BiomeForest$Type
aks,y,field_150615_aC,,,,,field,private final boolean
aks,z,field_150616_aD,,,,,field,private final WorldGenPackedIce2
aks,A,field_150617_aE,,,,,field,private final WorldGenPackedIce1
akt,y,field_150614_aC,,,,,field,private final boolean
akt,z,field_181620_aE,,,,,field,private static final IBlockData
akt,A,field_181621_aF,,,,,field,private static final IBlockData
akt,B,field_181622_aG,,,,,field,private static final IBlockData
aku,y,field_185385_y,,,,,field,protected static final IBlockData
aku,z,field_185386_z,,,,,field,protected static final IBlockData
aku,A,field_185381_A,,,,,field,protected static final IBlockData
aku,B,field_185382_B,,,,,field,protected static final IBlockData
aku,C,field_185383_C,,,,,field,protected static final IBlockData
aku,D,field_185384_D,,,,,field,protected static final IBlockData
aku,E,field_150621_aC,,,,,field,private IBlockData[]
aku,F,field_150622_aD,,,,,field,private long
aku,G,field_150623_aE,,,,,field,private NoiseGenerator3
aku,H,field_150624_aF,,,,,field,private NoiseGenerator3
aku,I,field_150625_aG,,,,,field,private NoiseGenerator3
aku,J,field_150626_aH,,,,,field,private final boolean
aku,K,field_150620_aI,,,,,field,private final boolean
akz,y,field_150628_aC,,,,,field,protected boolean
al,a,field_184901_a,,,,,field,private static final String[]
al,b,field_184902_b,,,,,field,private final Random
alb,y,field_150627_aC,,,,,field,private static final WorldGenAcaciaTree
ald,y,field_185387_y,,,,,field,protected static final IBlockData
ale$a,a,NORMAL,NORMAL,,,,enum,
ale$a,b,MEGA,MEGA,,,,enum,
ale$a,c,MEGA_SPRUCE,MEGA_SPRUCE,,,,enum,
ale,y,field_150639_aC,,,,,field,private static final WorldGenTaiga1
ale,z,field_150640_aD,,,,,field,private static final WorldGenTaiga2
ale,A,field_150641_aE,,,,,field,private static final WorldGenMegaTree
ale,B,field_150642_aF,,,,,field,private static final WorldGenMegaTree
ale,C,field_150643_aG,,,,,field,private static final WorldGenTaigaStructure
ale,D,field_150644_aH,,,,,field,private final BiomeTaiga$Type
alg,M,field_185427_L,,,,,field,"private static final com.google.common.cache.LoadingCache<Long, WorldGenEnder$Spike[]>"
alg,N,field_76835_L,,,,,field,private final WorldGenEnder
all$a,a,field_175130_a,,,,,field,private final World
all$a,b,field_175129_b,,,,,field,private final BlockPosition
all,a,field_176506_a,FACING,,,,field,public static final BlockStateDirection
all,b,field_176505_b,DAMAGE,,,,field,public static final BlockStateInteger
all,c,field_185760_c,,,,,field,protected static final AxisAlignedBB
all,d,field_185761_d,,,,,field,protected static final AxisAlignedBB
all,e,field_185762_e,,,,,field,protected static final org.apache.logging.log4j.Logger
alm$b,d,field_185551_d,,,,,field,protected static final AxisAlignedBB
alm$b,e,field_185552_e,,,,,field,protected static final AxisAlignedBB
alm$b,f,field_185553_f,,,,,field,protected static final AxisAlignedBB
alm$b,g,field_185554_g,,,,,field,protected static final AxisAlignedBB
alm,a,field_176449_a,FACING,,,,field,public static final BlockStateDirection
alm,b,field_176448_b,ROTATION,,,,field,public static final BlockStateInteger
alm,c,field_185550_c,,,,,field,protected static final AxisAlignedBB
alp,a,field_185509_a,,,,,field,protected static final AxisAlignedBB
alp,b,field_185510_b,,,,,field,protected static final AxisAlignedBB
alp,c,field_185511_c,,,,,field,protected static final AxisAlignedBB
alq$a,b,field_150660_b,,,,,field,private final World
alq$a,c,field_180367_c,,,,,field,private final BlockPosition
alq$a,d,field_180365_d,,,,,field,private final BlockMinecartTrackAbstract
alq$a,e,field_180366_e,,,,,field,private IBlockData
alq$a,f,field_150656_f,,,,,field,private final boolean
alq$a,g,field_150657_g,,,,,field,private final List<BlockPosition>
alq$b,a,NORTH_SOUTH,NORTH_SOUTH,,,,enum,
alq$b,b,EAST_WEST,EAST_WEST,,,,enum,
alq$b,c,ASCENDING_EAST,ASCENDING_EAST,,,,enum,
alq$b,d,ASCENDING_WEST,ASCENDING_WEST,,,,enum,
alq$b,e,ASCENDING_NORTH,ASCENDING_NORTH,,,,enum,
alq$b,f,ASCENDING_SOUTH,ASCENDING_SOUTH,,,,enum,
alq$b,g,SOUTH_EAST,SOUTH_EAST,,,,enum,
alq$b,h,SOUTH_WEST,SOUTH_WEST,,,,enum,
alq$b,i,NORTH_WEST,NORTH_WEST,,,,enum,
alq$b,j,NORTH_EAST,NORTH_EAST,,,,enum,
alq$b,k,field_177030_k,,,,,field,private static final BlockMinecartTrackAbstract$EnumTrackPosition[]
alq$b,l,field_177027_l,,,,,field,private final int
alq$b,m,field_177028_m,,,,,field,private final String
alq,a,field_185590_a,,,,,field,protected static final AxisAlignedBB
alq,b,field_190959_b,,,,,field,protected static final AxisAlignedBB
alq,c,field_150053_a,,,,,field,protected final boolean
als$a,a,HEAD,HEAD,,,,enum,
als$a,b,FOOT,FOOT,,,,enum,
als$a,c,field_177036_c,,,,,field,private final String
als,a,field_176472_a,PART,,,,field,public static final BlockStateEnum<BlockBed$EnumBedPart>
als,b,field_176471_b,OCCUPIED,,,,field,public static final BlockStateBoolean
als,c,field_185513_c,,,,,field,protected static final AxisAlignedBB
alt,a,field_185531_a,,,,,field,public static final BlockStateInteger
alt,d,field_185532_d,,,,,field,private static final AxisAlignedBB[]
alu$a,a,NONE,NONE,,,,enum,
alu$a,b,XZ,XZ,,,,enum,
alu$a,c,XYZ,XYZ,,,,enum,
alu,a,field_176230_a,,,,,field,private static final MinecraftKey
alu,h,field_149771_c,REGISTRY,,,,field,"public static final RegistryBlocks<MinecraftKey, Block>"
alu,i,field_176229_d,REGISTRY_ID,,,,field,public static final RegistryBlockID<IBlockData>
alu,j,field_185505_j,,,,,field,public static final AxisAlignedBB
alu,k,field_185506_k,,,,,field,public static final AxisAlignedBB
alu,b,field_149772_a,creativeTab,,,,field,private CreativeModeTab
alu,l,field_149787_q,,,,,field,protected boolean
alu,m,field_149786_r,,,,,field,protected int
alu,n,field_149785_s,,,,,field,protected boolean
alu,o,field_149784_t,,,,,field,protected int
alu,p,field_149783_u,,,,,field,protected boolean
alu,q,field_149782_v,strength,,,,field,protected float
alu,r,field_149781_w,durability,,,,field,protected float
alu,s,field_149790_y,,,,,field,protected boolean
alu,t,field_149789_z,,,,,field,protected boolean
alu,u,field_149758_A,isTileEntity,,,,field,protected boolean
alu,v,field_149762_H,stepSound,,,,field,protected SoundEffectType
alu,w,field_149763_I,,,,,field,public float
alu,x,field_149764_J,material,,,,field,protected final Material
alu,y,field_181083_K,,,,,field,protected final MaterialMapColor
alu,z,field_149765_K,frictionFactor,,,,field,public float
alu,A,field_176227_L,blockStateList,,,,field,protected final BlockStateList
alu,c,field_176228_M,blockData,,,,field,private IBlockData
alu,d,field_149770_b,name,,,,field,private String
alv,dC,field_185780_dg,,,,,field,private static final Set<Block>
alv,a,field_150350_a,AIR,,,,field,public static final Block
alv,b,field_150348_b,STONE,,,,field,public static final Block
alv,c,field_150349_c,GRASS,,,,field,public static final BlockGrass
alv,d,field_150346_d,DIRT,,,,field,public static final Block
alv,e,field_150347_e,COBBLESTONE,,,,field,public static final Block
alv,f,field_150344_f,PLANKS,,,,field,public static final Block
alv,g,field_150345_g,SAPLING,,,,field,public static final Block
alv,h,field_150357_h,BEDROCK,,,,field,public static final Block
alv,i,field_150358_i,FLOWING_WATER,,,,field,public static final BlockFlowing
alv,j,field_150355_j,WATER,,,,field,public static final BlockStationary
alv,k,field_150356_k,FLOWING_LAVA,,,,field,public static final BlockFlowing
alv,l,field_150353_l,LAVA,,,,field,public static final BlockStationary
alv,m,field_150354_m,SAND,,,,field,public static final BlockSand
alv,n,field_150351_n,GRAVEL,,,,field,public static final Block
alv,o,field_150352_o,GOLD_ORE,,,,field,public static final Block
alv,p,field_150366_p,IRON_ORE,,,,field,public static final Block
alv,q,field_150365_q,COAL_ORE,,,,field,public static final Block
alv,r,field_150364_r,LOG,,,,field,public static final Block
alv,s,field_150363_s,LOG2,,,,field,public static final Block
alv,t,field_150362_t,LEAVES,,,,field,public static final BlockLeaves
alv,u,field_150361_u,LEAVES2,,,,field,public static final BlockLeaves
alv,v,field_150360_v,SPONGE,,,,field,public static final Block
alv,w,field_150359_w,GLASS,,,,field,public static final Block
alv,x,field_150369_x,LAPIS_ORE,,,,field,public static final Block
alv,y,field_150368_y,LAPIS_BLOCK,,,,field,public static final Block
alv,z,field_150367_z,DISPENSER,,,,field,public static final Block
alv,A,field_150322_A,SANDSTONE,,,,field,public static final Block
alv,B,field_150323_B,NOTEBLOCK,,,,field,public static final Block
alv,C,field_150324_C,BED,,,,field,public static final Block
alv,D,field_150318_D,GOLDEN_RAIL,,,,field,public static final Block
alv,E,field_150319_E,DETECTOR_RAIL,,,,field,public static final Block
alv,F,field_150320_F,STICKY_PISTON,,,,field,public static final BlockPiston
alv,G,field_150321_G,WEB,,,,field,public static final Block
alv,H,field_150329_H,TALLGRASS,,,,field,public static final BlockLongGrass
alv,I,field_150330_I,DEADBUSH,,,,field,public static final BlockDeadBush
alv,J,field_150331_J,PISTON,,,,field,public static final BlockPiston
alv,K,field_150332_K,PISTON_HEAD,,,,field,public static final BlockPistonExtension
alv,L,field_150325_L,WOOL,,,,field,public static final Block
alv,M,field_180384_M,PISTON_EXTENSION,,,,field,public static final BlockPistonMoving
alv,N,field_150327_N,YELLOW_FLOWER,,,,field,public static final BlockFlowers
alv,O,field_150328_O,RED_FLOWER,,,,field,public static final BlockFlowers
alv,P,field_150338_P,BROWN_MUSHROOM,,,,field,public static final BlockPlant
alv,Q,field_150337_Q,RED_MUSHROOM,,,,field,public static final BlockPlant
alv,R,field_150340_R,GOLD_BLOCK,,,,field,public static final Block
alv,S,field_150339_S,IRON_BLOCK,,,,field,public static final Block
alv,T,field_150334_T,DOUBLE_STONE_SLAB,,,,field,public static final BlockStepAbstract
alv,U,field_150333_U,STONE_SLAB,,,,field,public static final BlockStepAbstract
alv,V,field_150336_V,BRICK_BLOCK,,,,field,public static final Block
alv,W,field_150335_W,TNT,,,,field,public static final Block
alv,X,field_150342_X,BOOKSHELF,,,,field,public static final Block
alv,Y,field_150341_Y,MOSSY_COBBLESTONE,,,,field,public static final Block
alv,Z,field_150343_Z,OBSIDIAN,,,,field,public static final Block
alv,aa,field_150478_aa,TORCH,,,,field,public static final Block
alv,ab,field_150480_ab,FIRE,,,,field,public static final BlockFire
alv,ac,field_150474_ac,MOB_SPAWNER,,,,field,public static final Block
alv,ad,field_150476_ad,OAK_STAIRS,,,,field,public static final Block
alv,ae,field_150486_ae,CHEST,,,,field,public static final BlockChest
alv,af,field_150488_af,REDSTONE_WIRE,,,,field,public static final BlockRedstoneWire
alv,ag,field_150482_ag,DIAMOND_ORE,,,,field,public static final Block
alv,ah,field_150484_ah,DIAMOND_BLOCK,,,,field,public static final Block
alv,ai,field_150462_ai,CRAFTING_TABLE,,,,field,public static final Block
alv,aj,field_150464_aj,WHEAT,,,,field,public static final Block
alv,ak,field_150458_ak,FARMLAND,,,,field,public static final Block
alv,al,field_150460_al,FURNACE,,,,field,public static final Block
alv,am,field_150470_am,LIT_FURNACE,,,,field,public static final Block
alv,an,field_150472_an,STANDING_SIGN,,,,field,public static final Block
alv,ao,field_180413_ao,WOODEN_DOOR,,,,field,public static final BlockDoor
alv,ap,field_180414_ap,SPRUCE_DOOR,,,,field,public static final BlockDoor
alv,aq,field_180412_aq,BIRCH_DOOR,,,,field,public static final BlockDoor
alv,ar,field_180411_ar,JUNGLE_DOOR,,,,field,public static final BlockDoor
alv,as,field_180410_as,ACACIA_DOOR,,,,field,public static final BlockDoor
alv,at,field_180409_at,DARK_OAK_DOOR,,,,field,public static final BlockDoor
alv,au,field_150468_ap,LADDER,,,,field,public static final Block
alv,av,field_150448_aq,RAIL,,,,field,public static final Block
alv,aw,field_150446_ar,STONE_STAIRS,,,,field,public static final Block
alv,ax,field_150444_as,WALL_SIGN,,,,field,public static final Block
alv,ay,field_150442_at,LEVER,,,,field,public static final Block
alv,az,field_150456_au,STONE_PRESSURE_PLATE,,,,field,public static final Block
alv,aA,field_150454_av,IRON_DOOR,,,,field,public static final BlockDoor
alv,aB,field_150452_aw,WOODEN_PRESSURE_PLATE,,,,field,public static final Block
alv,aC,field_150450_ax,REDSTONE_ORE,,,,field,public static final Block
alv,aD,field_150439_ay,LIT_REDSTONE_ORE,,,,field,public static final Block
alv,aE,field_150437_az,UNLIT_REDSTONE_TORCH,,,,field,public static final Block
alv,aF,field_150429_aA,REDSTONE_TORCH,,,,field,public static final Block
alv,aG,field_150430_aB,STONE_BUTTON,,,,field,public static final Block
alv,aH,field_150431_aC,SNOW_LAYER,,,,field,public static final Block
alv,aI,field_150432_aD,ICE,,,,field,public static final Block
alv,aJ,field_150433_aE,SNOW,,,,field,public static final Block
alv,aK,field_150434_aF,CACTUS,,,,field,public static final BlockCactus
alv,aL,field_150435_aG,CLAY,,,,field,public static final Block
alv,aM,field_150436_aH,REEDS,,,,field,public static final BlockReed
alv,aN,field_150421_aI,JUKEBOX,,,,field,public static final Block
alv,aO,field_180407_aO,FENCE,,,,field,public static final Block
alv,aP,field_180408_aP,SPRUCE_FENCE,,,,field,public static final Block
alv,aQ,field_180404_aQ,BIRCH_FENCE,,,,field,public static final Block
alv,aR,field_180403_aR,JUNGLE_FENCE,,,,field,public static final Block
alv,aS,field_180406_aS,DARK_OAK_FENCE,,,,field,public static final Block
alv,aT,field_180405_aT,ACACIA_FENCE,,,,field,public static final Block
alv,aU,field_150423_aK,PUMPKIN,,,,field,public static final Block
alv,aV,field_150424_aL,NETHERRACK,,,,field,public static final Block
alv,aW,field_150425_aM,SOUL_SAND,,,,field,public static final Block
alv,aX,field_150426_aN,GLOWSTONE,,,,field,public static final Block
alv,aY,field_150427_aO,PORTAL,,,,field,public static final BlockPortal
alv,aZ,field_150428_aP,LIT_PUMPKIN,,,,field,public static final Block
alv,ba,field_150414_aQ,CAKE,,,,field,public static final Block
alv,bb,field_150413_aR,UNPOWERED_REPEATER,,,,field,public static final BlockRepeater
alv,bc,field_150416_aS,POWERED_REPEATER,,,,field,public static final BlockRepeater
alv,bd,field_150415_aT,TRAPDOOR,,,,field,public static final Block
alv,be,field_150418_aU,MONSTER_EGG,,,,field,public static final Block
alv,bf,field_150417_aV,STONEBRICK,,,,field,public static final Block
alv,bg,field_150420_aW,BROWN_MUSHROOM_BLOCK,,,,field,public static final Block
alv,bh,field_150419_aX,RED_MUSHROOM_BLOCK,,,,field,public static final Block
alv,bi,field_150411_aY,IRON_BARS,,,,field,public static final Block
alv,bj,field_150410_aZ,GLASS_PANE,,,,field,public static final Block
alv,bk,field_150440_ba,MELON_BLOCK,,,,field,public static final Block
alv,bl,field_150393_bb,PUMPKIN_STEM,,,,field,public static final Block
alv,bm,field_150394_bc,MELON_STEM,,,,field,public static final Block
alv,bn,field_150395_bd,VINE,,,,field,public static final Block
alv,bo,field_180390_bo,FENCE_GATE,,,,field,public static final Block
alv,bp,field_180391_bp,SPRUCE_FENCE_GATE,,,,field,public static final Block
alv,bq,field_180392_bq,BIRCH_FENCE_GATE,,,,field,public static final Block
alv,br,field_180386_br,JUNGLE_FENCE_GATE,,,,field,public static final Block
alv,bs,field_180385_bs,DARK_OAK_FENCE_GATE,,,,field,public static final Block
alv,bt,field_180387_bt,ACACIA_FENCE_GATE,,,,field,public static final Block
alv,bu,field_150389_bf,BRICK_STAIRS,,,,field,public static final Block
alv,bv,field_150390_bg,STONE_BRICK_STAIRS,,,,field,public static final Block
alv,bw,field_150391_bh,MYCELIUM,,,,field,public static final BlockMycel
alv,bx,field_150392_bi,WATERLILY,,,,field,public static final Block
alv,by,field_150385_bj,NETHER_BRICK,,,,field,public static final Block
alv,bz,field_150386_bk,NETHER_BRICK_FENCE,,,,field,public static final Block
alv,bA,field_150387_bl,NETHER_BRICK_STAIRS,,,,field,public static final Block
alv,bB,field_150388_bm,NETHER_WART,,,,field,public static final Block
alv,bC,field_150381_bn,ENCHANTING_TABLE,,,,field,public static final Block
alv,bD,field_150382_bo,BREWING_STAND,,,,field,public static final Block
alv,bE,field_150383_bp,cauldron,,,,field,public static final BlockCauldron
alv,bF,field_150384_bq,END_PORTAL,,,,field,public static final Block
alv,bG,field_150378_br,END_PORTAL_FRAME,,,,field,public static final Block
alv,bH,field_150377_bs,END_STONE,,,,field,public static final Block
alv,bI,field_150380_bt,DRAGON_EGG,,,,field,public static final Block
alv,bJ,field_150379_bu,REDSTONE_LAMP,,,,field,public static final Block
alv,bK,field_150374_bv,LIT_REDSTONE_LAMP,,,,field,public static final Block
alv,bL,field_150373_bw,DOUBLE_WOODEN_SLAB,,,,field,public static final BlockStepAbstract
alv,bM,field_150376_bx,WOODEN_SLAB,,,,field,public static final BlockStepAbstract
alv,bN,field_150375_by,COCOA,,,,field,public static final Block
alv,bO,field_150372_bz,SANDSTONE_STAIRS,,,,field,public static final Block
alv,bP,field_150412_bA,EMERALD_ORE,,,,field,public static final Block
alv,bQ,field_150477_bB,ENDER_CHEST,,,,field,public static final Block
alv,bR,field_150479_bC,TRIPWIRE_HOOK,,,,field,public static final BlockTripwireHook
alv,bS,field_150473_bD,TRIPWIRE,,,,field,public static final Block
alv,bT,field_150475_bE,EMERALD_BLOCK,,,,field,public static final Block
alv,bU,field_150485_bF,SPRUCE_STAIRS,,,,field,public static final Block
alv,bV,field_150487_bG,BIRCH_STAIRS,,,,field,public static final Block
alv,bW,field_150481_bH,JUNGLE_STAIRS,,,,field,public static final Block
alv,bX,field_150483_bI,COMMAND_BLOCK,,,,field,public static final Block
alv,bY,field_150461_bJ,BEACON,,,,field,public static final BlockBeacon
alv,bZ,field_150463_bK,COBBLESTONE_WALL,,,,field,public static final Block
alv,ca,field_150457_bL,FLOWER_POT,,,,field,public static final Block
alv,cb,field_150459_bM,CARROTS,,,,field,public static final Block
alv,cc,field_150469_bN,POTATOES,,,,field,public static final Block
alv,cd,field_150471_bO,WOODEN_BUTTON,,,,field,public static final Block
alv,ce,field_150465_bP,SKULL,,,,field,public static final BlockSkull
alv,cf,field_150467_bQ,ANVIL,,,,field,public static final Block
alv,cg,field_150447_bR,TRAPPED_CHEST,,,,field,public static final Block
alv,ch,field_150445_bS,LIGHT_WEIGHTED_PRESSURE_PLATE,,,,field,public static final Block
alv,ci,field_150443_bT,HEAVY_WEIGHTED_PRESSURE_PLATE,,,,field,public static final Block
alv,cj,field_150441_bU,UNPOWERED_COMPARATOR,,,,field,public static final BlockRedstoneComparator
alv,ck,field_150455_bV,POWERED_COMPARATOR,,,,field,public static final BlockRedstoneComparator
alv,cl,field_150453_bW,DAYLIGHT_DETECTOR,,,,field,public static final BlockDaylightDetector
alv,cm,field_180402_cm,DAYLIGHT_DETECTOR_INVERTED,,,,field,public static final BlockDaylightDetector
alv,cn,field_150451_bX,REDSTONE_BLOCK,,,,field,public static final Block
alv,co,field_150449_bY,QUARTZ_ORE,,,,field,public static final Block
alv,cp,field_150438_bZ,HOPPER,,,,field,public static final BlockHopper
alv,cq,field_150371_ca,QUARTZ_BLOCK,,,,field,public static final Block
alv,cr,field_150370_cb,QUARTZ_STAIRS,,,,field,public static final Block
alv,cs,field_150408_cc,ACTIVATOR_RAIL,,,,field,public static final Block
alv,ct,field_150409_cd,DROPPER,,,,field,public static final Block
alv,cu,field_150406_ce,STAINED_HARDENED_CLAY,,,,field,public static final Block
alv,cv,field_180401_cv,BARRIER,,,,field,public static final Block
alv,cw,field_180400_cw,IRON_TRAPDOOR,,,,field,public static final Block
alv,cx,field_150407_cf,HAY_BLOCK,,,,field,public static final Block
alv,cy,field_150404_cg,CARPET,,,,field,public static final Block
alv,cz,field_150405_ch,HARDENED_CLAY,,,,field,public static final Block
alv,cA,field_150402_ci,COAL_BLOCK,,,,field,public static final Block
alv,cB,field_150403_cj,PACKED_ICE,,,,field,public static final Block
alv,cC,field_150400_ck,ACACIA_STAIRS,,,,field,public static final Block
alv,cD,field_150401_cl,DARK_OAK_STAIRS,,,,field,public static final Block
alv,cE,field_180399_cE,SLIME,,,,field,public static final Block
alv,cF,field_150398_cm,DOUBLE_PLANT,,,,field,public static final BlockTallPlant
alv,cG,field_150399_cn,STAINED_GLASS,,,,field,public static final BlockStainedGlass
alv,cH,field_150397_co,STAINED_GLASS_PANE,,,,field,public static final BlockStainedGlassPane
alv,cI,field_180397_cI,PRISMARINE,,,,field,public static final Block
alv,cJ,field_180398_cJ,SEA_LANTERN,,,,field,public static final Block
alv,cK,field_180393_cK,STANDING_BANNER,,,,field,public static final Block
alv,cL,field_180394_cL,WALL_BANNER,,,,field,public static final Block
alv,cM,field_180395_cM,RED_SANDSTONE,,,,field,public static final Block
alv,cN,field_180396_cN,RED_SANDSTONE_STAIRS,,,,field,public static final Block
alv,cO,field_180388_cO,DOUBLE_STONE_SLAB2,,,,field,public static final BlockStepAbstract
alv,cP,field_180389_cP,STONE_SLAB2,,,,field,public static final BlockStepAbstract
alv,cQ,field_185764_cQ,END_ROD,,,,field,public static final Block
alv,cR,field_185765_cR,CHORUS_PLANT,,,,field,public static final Block
alv,cS,field_185766_cS,CHORUS_FLOWER,,,,field,public static final Block
alv,cT,field_185767_cT,PURPUR_BLOCK,,,,field,public static final Block
alv,cU,field_185768_cU,PURPUR_PILLAR,,,,field,public static final Block
alv,cV,field_185769_cV,PURPUR_STAIRS,,,,field,public static final Block
alv,cW,field_185770_cW,PURPUR_DOUBLE_SLAB,,,,field,public static final BlockStepAbstract
alv,cX,field_185771_cX,PURPUR_SLAB,,,,field,public static final BlockStepAbstract
alv,cY,field_185772_cY,END_BRICKS,,,,field,public static final Block
alv,cZ,field_185773_cZ,BEETROOT,,,,field,public static final Block
alv,da,field_185774_da,GRASS_PATH,,,,field,public static final Block
alv,db,field_185775_db,END_GATEWAY,,,,field,public static final Block
alv,dc,field_185776_dc,,,,,field,public static final Block
alv,dd,field_185777_dd,,,,,field,public static final Block
alv,de,field_185778_de,FROSTED_ICE,,,,field,public static final Block
alv,df,field_189877_df,,,,,field,public static final Block
alv,dg,field_189878_dg,,,,,field,public static final Block
alv,dh,field_189879_dh,,,,,field,public static final Block
alv,di,field_189880_di,,,,,field,public static final Block
alv,dj,field_189881_dj,,,,,field,public static final Block
alv,dk,field_190976_dk,,,,,field,public static final Block
alv,dl,field_190977_dl,WHITE_SHULKER_BOX,,,,field,public static final Block
alv,dm,field_190978_dm,,,,,field,public static final Block
alv,dn,field_190979_dn,,,,,field,public static final Block
alv,do,field_190980_do,LIGHT_BLUE_SHULKER_BOX,,,,field,public static final Block
alv,dp,field_190981_dp,,,,,field,public static final Block
alv,dq,field_190982_dq,,,,,field,public static final Block
alv,dr,field_190983_dr,,,,,field,public static final Block
alv,ds,field_190984_ds,,,,,field,public static final Block
alv,dt,field_190985_dt,,,,,field,public static final Block
alv,du,field_190986_du,,,,,field,public static final Block
alv,dv,field_190987_dv,,,,,field,public static final Block
alv,dw,field_190988_dw,,,,,field,public static final Block
alv,dx,field_190989_dx,,,,,field,public static final Block
alv,dy,field_190990_dy,,,,,field,public static final Block
alv,dz,field_190991_dz,,,,,field,public static final Block
alv,dA,field_190975_dA,,,,,field,public static final Block
alv,dB,field_185779_df,STRUCTURE_BLOCK,,,,field,public static final Block
alz,a,field_176451_a,HAS_BOTTLE,,,,field,public static final BlockStateBoolean[]
alz,b,field_185555_b,,,,,field,protected static final AxisAlignedBB
alz,c,field_185556_c,,,,,field,protected static final AxisAlignedBB
ama,b,field_185515_b,,,,,field,protected static final AxisAlignedBB
amb,a,field_176584_b,POWERED,,,,field,public static final BlockStateBoolean
amb,b,field_185618_b,,,,,field,protected static final AxisAlignedBB
amb,c,field_185620_c,,,,,field,protected static final AxisAlignedBB
amb,d,field_185622_d,,,,,field,protected static final AxisAlignedBB
amb,e,field_185624_e,,,,,field,protected static final AxisAlignedBB
amb,f,field_185626_f,,,,,field,protected static final AxisAlignedBB
amb,g,field_185628_g,,,,,field,protected static final AxisAlignedBB
amb,B,field_185619_B,,,,,field,protected static final AxisAlignedBB
amb,C,field_185621_C,,,,,field,protected static final AxisAlignedBB
amb,D,field_185623_D,,,,,field,protected static final AxisAlignedBB
amb,E,field_185625_E,,,,,field,protected static final AxisAlignedBB
amb,F,field_185627_F,,,,,field,protected static final AxisAlignedBB
amb,G,field_185629_G,,,,,field,protected static final AxisAlignedBB
amb,I,field_150047_a,,,,,field,private final boolean
amc,a,field_176587_a,AGE,,,,field,public static final BlockStateInteger
amc,b,field_185593_b,,,,,field,protected static final AxisAlignedBB
amc,c,field_185594_c,,,,,field,protected static final AxisAlignedBB
amd,a,field_176589_a,BITES,,,,field,public static final BlockStateInteger
amd,b,field_185595_b,,,,,field,protected static final AxisAlignedBB[]
ame,a,field_185533_a,,,,,field,private static final AxisAlignedBB[]
amf,a,field_176591_a,LEVEL,,,,field,public static final BlockStateInteger
amf,b,field_185596_b,,,,,field,protected static final AxisAlignedBB
amf,c,field_185597_c,,,,,field,protected static final AxisAlignedBB
amf,d,field_185598_d,,,,,field,protected static final AxisAlignedBB
amf,e,field_185599_e,,,,,field,protected static final AxisAlignedBB
amf,f,field_185600_f,,,,,field,protected static final AxisAlignedBB
amg$a,a,BASIC,BASIC,,,,enum,
amg$a,b,TRAP,TRAP,,,,enum,
amg,a,field_176459_a,FACING,,,,field,public static final BlockStateDirection
amg,b,field_185557_b,,,,,field,protected static final AxisAlignedBB
amg,c,field_185558_c,,,,,field,protected static final AxisAlignedBB
amg,d,field_185559_d,,,,,field,protected static final AxisAlignedBB
amg,e,field_185560_e,,,,,field,protected static final AxisAlignedBB
amg,f,field_185561_f,,,,,field,protected static final AxisAlignedBB
amg,g,field_149956_a,,,,,field,public final BlockChest$Type
amh,a,field_185607_a,AGE,,,,field,public static final BlockStateInteger
ami,a,field_185609_a,,,,,field,public static final BlockStateBoolean
ami,b,field_185610_b,,,,,field,public static final BlockStateBoolean
ami,c,field_185611_c,,,,,field,public static final BlockStateBoolean
ami,d,field_185612_d,,,,,field,public static final BlockStateBoolean
ami,e,field_185613_e,,,,,field,public static final BlockStateBoolean
ami,f,field_185614_f,,,,,field,public static final BlockStateBoolean
amk,a,field_176501_a,AGE,,,,field,public static final BlockStateInteger
amk,b,field_185535_b,,,,,field,protected static final AxisAlignedBB[]
amk,c,field_185536_c,,,,,field,protected static final AxisAlignedBB[]
amk,d,field_185537_d,,,,,field,protected static final AxisAlignedBB[]
amk,e,field_185538_e,,,,,field,protected static final AxisAlignedBB[]
aml,a,field_176581_a,COLOR,,,,field,public static final BlockStateEnum<EnumColor>
amm,a,field_185564_a,,,,,field,public static final BlockStateDirection
amm,b,field_185565_b,,,,,field,public static final BlockStateBoolean
amn$a,a,COMPARE,COMPARE,,,,enum,
amn$a,b,SUBTRACT,SUBTRACT,,,,enum,
amn$a,c,field_177041_c,,,,,field,private final String
amn,a,field_176464_a,POWERED,,,,field,public static final BlockStateBoolean
amn,b,field_176463_b,MODE,,,,field,public static final BlockStateEnum<BlockRedstoneComparator$EnumComparatorMode>
amo$a,a,field_175128_a,,,,,field,private final World
amo$a,b,field_175127_b,,,,,field,private final BlockPosition
amp,c,field_176488_a,AGE,,,,field,public static final BlockStateInteger
amp,a,field_185530_a,,,,,field,private static final AxisAlignedBB[]
amq,a,field_176436_a,POWER,,,,field,public static final BlockStateInteger
amq,b,field_185566_b,,,,,field,protected static final AxisAlignedBB
amq,c,field_176435_b,,,,,field,private final boolean
amr,a,field_185516_a,,,,,field,protected static final AxisAlignedBB
ams,d,field_176573_b,SHAPE,,,,field,public static final BlockStateEnum<BlockMinecartTrackAbstract$EnumTrackPosition>
ams,e,field_176574_M,POWERED,,,,field,public static final BlockStateBoolean
amt,c,field_185548_c,,,,,field,protected static final AxisAlignedBB
amt,d,field_149914_a,,,,,field,protected final boolean
amu,H,field_176387_N,FACING,,,,field,public static final BlockStateDirection
amv$a,a,DIRT,DIRT,,,,enum,
amv$a,b,COARSE_DIRT,COARSE_DIRT,,,,enum,
amv$a,c,PODZOL,PODZOL,,,,enum,
amv$a,d,field_176930_d,,,,,field,private static final BlockDirt$EnumDirtVariant[]
amv$a,e,field_176931_e,,,,,field,private final int
amv$a,f,field_176928_f,,,,,field,private final String
amv$a,g,field_176929_g,,,,,field,private final String
amv$a,h,field_181067_h,,,,,field,private final MaterialMapColor
amv,a,field_176386_a,VARIANT,,,,field,public static final BlockStateEnum<BlockDirt$EnumDirtVariant>
amv,b,field_176385_b,SNOWY,,,,field,public static final BlockStateBoolean
amw,a,field_176441_a,FACING,,,,field,public static final BlockStateDirection
amw,b,field_176440_b,TRIGGERED,,,,field,public static final BlockStateBoolean
amw,c,field_149943_a,REGISTRY,,,,field,"public static final RegistryDefault<Item, IDispenseBehavior>"
amw,d,field_149942_b,,,,,field,protected Random
amx$a,a,UPPER,UPPER,,,,enum,
amx$a,b,LOWER,LOWER,,,,enum,
amx$b,a,LEFT,LEFT,,,,enum,
amx$b,b,RIGHT,RIGHT,,,,enum,
amx,a,field_176520_a,FACING,,,,field,public static final BlockStateDirection
amx,b,field_176519_b,OPEN,,,,field,public static final BlockStateBoolean
amx,c,field_176521_M,HINGE,,,,field,public static final BlockStateEnum<BlockDoor$EnumDoorHinge>
amx,d,field_176522_N,POWERED,,,,field,public static final BlockStateBoolean
amx,e,field_176523_O,HALF,,,,field,public static final BlockStateEnum<BlockDoor$EnumDoorHalf>
amx,f,field_185658_f,,,,,field,protected static final AxisAlignedBB
amx,g,field_185659_g,,,,,field,protected static final AxisAlignedBB
amx,B,field_185656_B,,,,,field,protected static final AxisAlignedBB
amx,C,field_185657_C,,,,,field,protected static final AxisAlignedBB
amy$a,a,UPPER,UPPER,,,,enum,
amy$a,b,LOWER,LOWER,,,,enum,
amy$b,a,SUNFLOWER,SUNFLOWER,,,,enum,
amy$b,b,SYRINGA,SYRINGA,,,,enum,
amy$b,c,GRASS,GRASS,,,,enum,
amy$b,d,FERN,FERN,,,,enum,
amy$b,e,ROSE,ROSE,,,,enum,
amy$b,f,PAEONIA,PAEONIA,,,,enum,
amy$b,g,field_176941_g,,,,,field,private static final BlockTallPlant$EnumTallFlowerVariants[]
amy$b,h,field_176949_h,,,,,field,private final int
amy$b,i,field_176950_i,,,,,field,private final String
amy$b,j,field_176947_j,,,,,field,private final String
amy,a,field_176493_a,VARIANT,,,,field,public static final BlockStateEnum<BlockTallPlant$EnumTallFlowerVariants>
amy,c,field_176492_b,HALF,,,,field,public static final BlockStateEnum<BlockTallPlant$EnumTallPlantHalf>
amy,d,field_181084_N,,,,,field,public static final BlockStateEnum<EnumDirection>
amz,a,field_185660_a,,,,,field,protected static final AxisAlignedBB
ana,e,field_149947_P,,,,,field,private final IDispenseBehavior
anb,a,field_149815_a,,,,,field,int
anc,a,field_185567_a,,,,,field,protected static final AxisAlignedBB
ane,a,field_185568_a,,,,,field,protected static final AxisAlignedBB
anf,a,field_176508_a,FACING,,,,field,public static final BlockStateDirection
anf,b,field_176507_b,EYE,,,,field,public static final BlockStateBoolean
anf,c,field_185662_c,,,,,field,protected static final AxisAlignedBB
anf,d,field_185663_d,,,,,field,protected static final AxisAlignedBB
anf,e,field_185664_e,,,,,field,private static ShapeDetector
ang,a,field_185630_a,,,,,field,protected static final AxisAlignedBB
ang,b,field_185631_b,,,,,field,protected static final AxisAlignedBB
ang,c,field_185632_c,,,,,field,protected static final AxisAlignedBB
anh,a,field_176437_a,FACING,,,,field,public static final BlockStateDirection
anh,b,field_185569_b,,,,,field,protected static final AxisAlignedBB
anj,f,field_149832_M,instaFall,,,,field,public static boolean
ank,a,field_176531_a,MOISTURE,,,,field,public static final BlockStateInteger
ank,b,field_185665_b,,,,,field,protected static final AxisAlignedBB
anl,a,field_176526_a,NORTH,,,,field,public static final BlockStateBoolean
anl,b,field_176525_b,EAST,,,,field,public static final BlockStateBoolean
anl,c,field_176527_M,SOUTH,,,,field,public static final BlockStateBoolean
anl,d,field_176528_N,WEST,,,,field,public static final BlockStateBoolean
anl,e,field_185670_e,,,,,field,protected static final AxisAlignedBB[]
anl,f,field_185671_f,,,,,field,public static final AxisAlignedBB
anl,g,field_185672_g,,,,,field,public static final AxisAlignedBB
anl,B,field_185667_B,,,,,field,public static final AxisAlignedBB
anl,C,field_185668_C,,,,,field,public static final AxisAlignedBB
anl,D,field_185669_D,,,,,field,public static final AxisAlignedBB
anm,a,field_176466_a,OPEN,,,,field,public static final BlockStateBoolean
anm,b,field_176465_b,POWERED,,,,field,public static final BlockStateBoolean
anm,c,field_176467_M,IN_WALL,,,,field,public static final BlockStateBoolean
anm,d,field_185541_d,,,,,field,protected static final AxisAlignedBB
anm,e,field_185542_e,,,,,field,protected static final AxisAlignedBB
anm,f,field_185543_f,,,,,field,protected static final AxisAlignedBB
anm,g,field_185544_g,,,,,field,protected static final AxisAlignedBB
anm,B,field_185539_B,,,,,field,protected static final AxisAlignedBB
anm,C,field_185540_C,,,,,field,protected static final AxisAlignedBB
ann,a,field_176543_a,AGE,,,,field,public static final BlockStateInteger
ann,b,field_176545_N,NORTH,,,,field,public static final BlockStateBoolean
ann,c,field_176546_O,EAST,,,,field,public static final BlockStateBoolean
ann,d,field_176541_P,SOUTH,,,,field,public static final BlockStateBoolean
ann,e,field_176539_Q,WEST,,,,field,public static final BlockStateBoolean
ann,f,field_176542_R,UPPER,,,,field,public static final BlockStateBoolean
ann,g,field_149849_a,flameChances,,,,field,"private final Map<Block, Integer>"
ann,B,field_149848_b,,,,,field,"private final Map<Block, Integer>"
ano$a,a,DANDELION,DANDELION,,,,enum,
ano$a,b,POPPY,POPPY,,,,enum,
ano$a,c,BLUE_ORCHID,BLUE_ORCHID,,,,enum,
ano$a,d,ALLIUM,ALLIUM,,,,enum,
ano$a,e,HOUSTONIA,HOUSTONIA,,,,enum,
ano$a,f,RED_TULIP,RED_TULIP,,,,enum,
ano$a,g,ORANGE_TULIP,ORANGE_TULIP,,,,enum,
ano$a,h,WHITE_TULIP,WHITE_TULIP,,,,enum,
ano$a,i,PINK_TULIP,PINK_TULIP,,,,enum,
ano$a,j,OXEYE_DAISY,OXEYE_DAISY,,,,enum,
ano$a,k,field_176981_k,,,,,field,private static final BlockFlowers$EnumFlowerVarient[][]
ano$a,l,field_176978_l,,,,,field,private final BlockFlowers$EnumFlowerType
ano$a,m,field_176979_m,,,,,field,private final int
ano$a,n,field_176976_n,,,,,field,private final String
ano$a,o,field_176977_o,,,,,field,private final String
ano$b,a,YELLOW,YELLOW,,,,enum,
ano$b,b,RED,RED,,,,enum,
ano,a,field_176496_a,TYPE,,,,field,protected BlockStateEnum<BlockFlowers$EnumFlowerVarient>
anp$a,a,EMPTY,EMPTY,,,,enum,
anp$a,b,POPPY,POPPY,,,,enum,
anp$a,c,BLUE_ORCHID,BLUE_ORCHID,,,,enum,
anp$a,d,ALLIUM,ALLIUM,,,,enum,
anp$a,e,HOUSTONIA,HOUSTONIA,,,,enum,
anp$a,f,RED_TULIP,RED_TULIP,,,,enum,
anp$a,g,ORANGE_TULIP,ORANGE_TULIP,,,,enum,
anp$a,h,WHITE_TULIP,WHITE_TULIP,,,,enum,
anp$a,i,PINK_TULIP,PINK_TULIP,,,,enum,
anp$a,j,OXEYE_DAISY,OXEYE_DAISY,,,,enum,
anp$a,k,DANDELION,DANDELION,,,,enum,
anp$a,l,OAK_SAPLING,OAK_SAPLING,,,,enum,
anp$a,m,SPRUCE_SAPLING,SPRUCE_SAPLING,,,,enum,
anp$a,n,BIRCH_SAPLING,BIRCH_SAPLING,,,,enum,
anp$a,o,JUNGLE_SAPLING,JUNGLE_SAPLING,,,,enum,
anp$a,p,ACACIA_SAPLING,ACACIA_SAPLING,,,,enum,
anp$a,q,DARK_OAK_SAPLING,DARK_OAK_SAPLING,,,,enum,
anp$a,r,MUSHROOM_RED,MUSHROOM_RED,,,,enum,
anp$a,s,MUSHROOM_BROWN,MUSHROOM_BROWN,,,,enum,
anp$a,t,DEAD_BUSH,DEAD_BUSH,,,,enum,
anp$a,u,FERN,FERN,,,,enum,
anp$a,v,CACTUS,CACTUS,,,,enum,
anp$a,w,field_177006_w,,,,,field,private final String
anp,a,field_176444_a,LEGACY_DATA,,,,field,public static final BlockStateInteger
anp,b,field_176443_b,CONTENTS,,,,field,public static final BlockStateEnum<BlockFlowerPot$EnumFlowerPotContents>
anp,c,field_185570_c,,,,,field,protected static final AxisAlignedBB
anq,a,field_185682_a,,,,,field,public static final BlockStateInteger
anu,a,field_176447_a,FACING,,,,field,public static final BlockStateDirection
anu,b,field_149932_b,,,,,field,private final boolean
anu,c,field_149934_M,,,,,field,private static boolean
anx,a,field_176498_a,SNOWY,,,,field,public static final BlockStateBoolean
any,a,field_185673_a,,,,,field,protected static final AxisAlignedBB
aob$a,a,TOP,TOP,,,,enum,
aob$a,b,BOTTOM,BOTTOM,,,,enum,
aob$a,c,field_176988_c,,,,,field,private final String
aob,a,field_176554_a,HALF,,,,field,public static final BlockStateEnum<BlockStepAbstract$EnumSlabHalf>
aob,b,field_185676_b,,,,,field,protected static final AxisAlignedBB
aob,c,field_185677_c,,,,,field,protected static final AxisAlignedBB
aod,a,field_149996_a,,,,,field,private final boolean
aoh,a,field_176430_a,FACING,,,,field,public static final BlockStateDirection
aoh,b,field_176429_b,ENABLED,,,,field,public static final BlockStateBoolean
aoh,c,field_185571_c,,,,,field,protected static final AxisAlignedBB
aoh,d,field_185572_d,,,,,field,protected static final AxisAlignedBB
aoh,e,field_185573_e,,,,,field,protected static final AxisAlignedBB
aoh,f,field_185574_f,,,,,field,protected static final AxisAlignedBB
aoh,g,field_185575_g,,,,,field,protected static final AxisAlignedBB
aoi,D,field_185512_D,FACING,,,,field,public static final BlockStateDirection
aoj$a,a,NORTH_WEST,NORTH_WEST,,,,enum,
aoj$a,b,NORTH,NORTH,,,,enum,
aoj$a,c,NORTH_EAST,NORTH_EAST,,,,enum,
aoj$a,d,WEST,WEST,,,,enum,
aoj$a,e,CENTER,CENTER,,,,enum,
aoj$a,f,EAST,EAST,,,,enum,
aoj$a,g,SOUTH_WEST,SOUTH_WEST,,,,enum,
aoj$a,h,SOUTH,SOUTH,,,,enum,
aoj$a,i,SOUTH_EAST,SOUTH_EAST,,,,enum,
aoj$a,j,STEM,STEM,,,,enum,
aoj$a,k,ALL_INSIDE,ALL_INSIDE,,,,enum,
aoj$a,l,ALL_OUTSIDE,ALL_OUTSIDE,,,,enum,
aoj$a,m,ALL_STEM,ALL_STEM,,,,enum,
aoj$a,n,field_176905_n,,,,,field,private static final BlockHugeMushroom$EnumHugeMushroomVariant[]
aoj$a,o,field_176906_o,,,,,field,private final int
aoj$a,p,field_176914_p,,,,,field,private final String
aoj,a,field_176380_a,VARIANT,,,,field,public static final BlockStateEnum<BlockHugeMushroom$EnumHugeMushroomVariant>
aoj,b,field_176379_b,,,,,field,private final Block
aol$a,a,field_145858_a,record,,,,field,private ItemStack
aol,a,field_176432_a,HAS_RECORD,,,,field,public static final BlockStateBoolean
aom,a,field_176382_a,FACING,,,,field,public static final BlockStateDirection
aom,b,field_185687_b,,,,,field,protected static final AxisAlignedBB
aom,c,field_185688_c,,,,,field,protected static final AxisAlignedBB
aom,d,field_185689_d,,,,,field,protected static final AxisAlignedBB
aom,e,field_185690_e,,,,,field,protected static final AxisAlignedBB
aon,a,field_176237_a,DECAYABLE,,,,field,public static final BlockStateBoolean
aon,b,field_176236_b,CHECK_DECAY,,,,field,public static final BlockStateBoolean
aon,c,field_185686_c,,,,,field,protected boolean
aon,d,field_150128_a,,,,,field,int[]
aop$a,a,DOWN_X,DOWN_X,,,,enum,
aop$a,b,EAST,EAST,,,,enum,
aop$a,c,WEST,WEST,,,,enum,
aop$a,d,SOUTH,SOUTH,,,,enum,
aop$a,e,NORTH,NORTH,,,,enum,
aop$a,f,UP_Z,UP_Z,,,,enum,
aop$a,g,UP_X,UP_X,,,,enum,
aop$a,h,DOWN_Z,DOWN_Z,,,,enum,
aop$a,i,field_176869_i,,,,,field,private static final BlockLever$EnumLeverPosition[]
aop$a,j,field_176866_j,,,,,field,private final int
aop$a,k,field_176867_k,,,,,field,private final String
aop$a,l,field_176864_l,,,,,field,private final EnumDirection
aop,a,field_176360_a,FACING,,,,field,public static final BlockStateEnum<BlockLever$EnumLeverPosition>
aop,b,field_176359_b,POWERED,,,,field,public static final BlockStateBoolean
aop,c,field_185692_c,,,,,field,protected static final AxisAlignedBB
aop,d,field_185693_d,,,,,field,protected static final AxisAlignedBB
aop,e,field_185694_e,,,,,field,protected static final AxisAlignedBB
aop,f,field_185695_f,,,,,field,protected static final AxisAlignedBB
aop,g,field_185696_g,,,,,field,protected static final AxisAlignedBB
aop,B,field_185691_B,,,,,field,protected static final AxisAlignedBB
aoq,b,field_176367_b,LEVEL,,,,field,public static final BlockStateInteger
aor$a,a,X,X,,,,enum,
aor$a,b,Y,Y,,,,enum,
aor$a,c,Z,Z,,,,enum,
aor$a,d,NONE,NONE,,,,enum,
aor$a,e,field_176874_e,,,,,field,private final String
aor,a,field_176299_a,AXIS,,,,field,public static final BlockStateEnum<BlockLogAbstract$EnumLogRotation>
aou,a,NONE,NONE,,,,enum,
aou,b,LEFT_RIGHT,LEFT_RIGHT,,,,enum,
aou,c,FRONT_BACK,FRONT_BACK,,,,enum,
aou,d,field_185807_d,,,,,field,private final String
aou,e,field_185808_e,,,,,field,private static final String[]
aow$a,a,STONE,STONE,,,,enum,
aow$a,b,COBBLESTONE,COBBLESTONE,,,,enum,
aow$a,c,STONEBRICK,STONEBRICK,,,,enum,
aow$a,d,MOSSY_STONEBRICK,MOSSY_STONEBRICK,,,,enum,
aow$a,e,CRACKED_STONEBRICK,CRACKED_STONEBRICK,,,,enum,
aow$a,f,CHISELED_STONEBRICK,CHISELED_STONEBRICK,,,,enum,
aow$a,g,field_176885_g,,,,,field,private static final BlockMonsterEggs$EnumMonsterEggVarient[]
aow$a,h,field_176893_h,,,,,field,private final int
aow$a,i,field_176894_i,,,,,field,private final String
aow$a,j,field_176891_j,,,,,field,private final String
aow,a,field_176378_a,VARIANT,,,,field,public static final BlockStateEnum<BlockMonsterEggs$EnumMonsterEggVarient>
aox,a,field_185518_a,,,,,field,protected static final AxisAlignedBB
aoy,a,field_176384_a,SNOWY,,,,field,public static final BlockStateBoolean
apa,a,field_176486_a,AGE,,,,field,public static final BlockStateInteger
apa,c,field_185519_c,,,,,field,private static final AxisAlignedBB[]
apc,e,field_176240_P,VARIANT,,,,field,public static final BlockStateEnum<BlockWood$EnumLogVariant>
apd,b,field_176300_b,VARIANT,,,,field,public static final BlockStateEnum<BlockWood$EnumLogVariant>
ape$a,a,RED_SANDSTONE,RED_SANDSTONE,,,,enum,
ape$a,b,field_176921_b,,,,,field,private static final BlockDoubleStoneStepAbstract$EnumStoneSlab2Variant[]
ape$a,c,field_176922_c,,,,,field,private final int
ape$a,d,field_176919_d,,,,,field,private final String
ape$a,e,field_181069_e,,,,,field,private final MaterialMapColor
ape,d,field_176558_b,SEAMLESS,,,,field,public static final BlockStateBoolean
ape,e,field_176559_M,VARIANT,,,,field,public static final BlockStateEnum<BlockDoubleStoneStepAbstract$EnumStoneSlab2Variant>
apg,a,field_176434_a,,,,,field,private static final List<SoundEffect>
aph,a,field_190963_a,,,,,field,public static final BlockStateBoolean
apj,e,field_176239_P,VARIANT,,,,field,public static final BlockStateEnum<BlockWood$EnumLogVariant>
apk,b,field_176301_b,VARIANT,,,,field,public static final BlockStateEnum<BlockWood$EnumLogVariant>
apn$a,a,OAK,OAK,,,,enum,
apn$a,b,SPRUCE,SPRUCE,,,,enum,
apn$a,c,BIRCH,BIRCH,,,,enum,
apn$a,d,JUNGLE,JUNGLE,,,,enum,
apn$a,e,ACACIA,ACACIA,,,,enum,
apn$a,f,DARK_OAK,DARK_OAK,,,,enum,
apn$a,g,field_176842_g,,,,,field,private static final BlockWood$EnumLogVariant[]
apn$a,h,field_176850_h,,,,,field,private final int
apn$a,i,field_176851_i,,,,,field,private final String
apn$a,j,field_176848_j,,,,,field,private final String
apn$a,k,field_181071_k,,,,,field,private final MaterialMapColor
apn,a,field_176383_a,VARIANT,,,,field,public static final BlockStateEnum<BlockWood$EnumLogVariant>
apo$a,a,field_150867_a,,,,,field,private final World
apo$a,b,field_150865_b,,,,,field,private final EnumDirection$EnumAxis
apo$a,c,field_150866_c,,,,,field,private final EnumDirection
apo$a,d,field_150863_d,,,,,field,private final EnumDirection
apo$a,e,field_150864_e,,,,,field,private int
apo$a,f,field_150861_f,position,,,,field,private BlockPosition
apo$a,g,field_150862_g,height,,,,field,private int
apo$a,h,field_150868_h,width,,,,field,private int
apo,a,field_176550_a,AXIS,,,,field,public static final BlockStateEnum<EnumDirection$EnumAxis>
apo,b,field_185683_b,,,,,field,protected static final AxisAlignedBB
apo,c,field_185684_c,,,,,field,protected static final AxisAlignedBB
apo,d,field_185685_d,,,,,field,protected static final AxisAlignedBB
app,a,field_185534_a,,,,,field,private static final AxisAlignedBB[]
apr,d,field_176568_b,SHAPE,,,,field,public static final BlockStateEnum<BlockMinecartTrackAbstract$EnumTrackPosition>
apr,e,field_176569_M,POWERED,,,,field,public static final BlockStateBoolean
aps$a,a,EVERYTHING,EVERYTHING,,,,enum,
aps$a,b,MOBS,MOBS,,,,enum,
aps,d,field_176580_a,POWERED,,,,field,public static final BlockStateBoolean
aps,e,field_150069_a,,,,,field,private final BlockPressurePlateBinary$EnumMobType
apt$a,a,ROUGH,ROUGH,,,,enum,
apt$a,b,BRICKS,BRICKS,,,,enum,
apt$a,c,DARK,DARK,,,,enum,
apt$a,d,field_176813_d,,,,,field,private static final BlockPrismarine$EnumPrismarineVariant[]
apt$a,e,field_176814_e,,,,,field,private final int
apt$a,f,field_176811_f,,,,,field,private final String
apt$a,g,field_176812_g,,,,,field,private final String
apt,a,field_176332_a,VARIANT,,,,field,public static final BlockStateEnum<BlockPrismarine$EnumPrismarineVariant>
apt,b,field_176331_b,,,,,field,public static final int
apt,c,field_176333_M,,,,,field,public static final int
apt,d,field_176334_N,,,,,field,public static final int
apu,a,field_176394_a,snowGolemPart,,,,field,private ShapeDetector
apu,b,field_176393_b,snowGolem,,,,field,private ShapeDetector
apu,c,field_176395_M,ironGolemPart,,,,field,private ShapeDetector
apu,d,field_176396_O,ironGolem,,,,field,private ShapeDetector
apu,e,field_181085_Q,,,,,field,private static final com.google.common.base.Predicate<IBlockData>
apv$c,a,DEFAULT,DEFAULT,,,,enum,
apv,d,field_185678_d,,,,,field,public static final BlockStateEnum<BlockPurpurSlab$Type>
apw$a,a,DEFAULT,DEFAULT,,,,enum,
apw$a,b,CHISELED,CHISELED,,,,enum,
apw$a,c,LINES_Y,LINES_Y,,,,enum,
apw$a,d,LINES_X,LINES_X,,,,enum,
apw$a,e,LINES_Z,LINES_Z,,,,enum,
apw$a,f,field_176797_f,,,,,field,private static final BlockQuartz$EnumQuartzVariant[]
apw$a,g,field_176798_g,,,,,field,private final int
apw$a,h,field_176805_h,,,,,field,private final String
apw$a,i,field_176806_i,,,,,field,private final String
apw,a,field_176335_a,VARIANT,,,,field,public static final BlockStateEnum<BlockQuartz$EnumQuartzVariant>
apx,d,field_176565_b,SHAPE,,,,field,public static final BlockStateEnum<BlockMinecartTrackAbstract$EnumTrackPosition>
apz$a,a,DEFAULT,DEFAULT,,,,enum,
apz$a,b,CHISELED,CHISELED,,,,enum,
apz$a,c,SMOOTH,SMOOTH,,,,enum,
apz$a,d,field_176831_d,,,,,field,private static final BlockRedSandstone$EnumRedSandstoneVariant[]
apz$a,e,field_176832_e,,,,,field,private final int
apz$a,f,field_176829_f,,,,,field,private final String
apz$a,g,field_176830_g,,,,,field,private final String
apz,a,field_176336_a,TYPE,,,,field,public static final BlockStateEnum<BlockRedSandstone$EnumRedSandstoneVariant>
aqa,a,field_150187_a,,,,,field,private final boolean
aqb$a,a,UP,UP,,,,enum,
aqb$a,b,SIDE,SIDE,,,,enum,
aqb$a,c,NONE,NONE,,,,enum,
aqb$a,d,field_176820_d,,,,,field,private final String
aqb,a,field_176348_a,NORTH,,,,field,public static final BlockStateEnum<BlockRedstoneWire$EnumRedstoneWireConnection>
aqb,b,field_176347_b,EAST,,,,field,public static final BlockStateEnum<BlockRedstoneWire$EnumRedstoneWireConnection>
aqb,c,field_176349_M,SOUTH,,,,field,public static final BlockStateEnum<BlockRedstoneWire$EnumRedstoneWireConnection>
aqb,d,field_176350_N,WEST,,,,field,public static final BlockStateEnum<BlockRedstoneWire$EnumRedstoneWireConnection>
aqb,e,field_176351_O,POWER,,,,field,public static final BlockStateInteger
aqb,f,field_185700_f,,,,,field,protected static final AxisAlignedBB[]
aqb,g,field_150181_a,,,,,field,private boolean
aqb,B,field_150179_b,,,,,field,private final Set<BlockPosition>
aqc,a,field_150171_a,,,,,field,private final boolean
aqd$a,a,field_180111_a,,,,,field,BlockPosition
aqd$a,b,field_150844_d,,,,,field,long
aqd,g,field_150112_b,,,,,field,"private static final Map<World, List<BlockRedstoneTorch$RedstoneUpdateInfo>>"
aqd,B,field_150113_a,isOn,,,,field,private final boolean
aqe,a,field_176355_a,AGE,,,,field,public static final BlockStateInteger
aqe,b,field_185701_b,,,,,field,protected static final AxisAlignedBB
aqf,a,INVISIBLE,INVISIBLE,,,,enum,
aqf,b,LIQUID,LIQUID,,,,enum,
aqf,c,ENTITYBLOCK_ANIMATED,ENTITYBLOCK_ANIMATED,,,,enum,
aqf,d,MODEL,MODEL,,,,enum,
aqg,a,field_176411_a,LOCKED,,,,field,public static final BlockStateBoolean
aqg,b,field_176410_b,DELAY,,,,field,public static final BlockStateInteger
aqh,c,field_176298_M,AXIS,,,,field,public static final BlockStateEnum<EnumDirection$EnumAxis>
aqi,a,NONE,NONE,,,,enum,
aqi,b,CLOCKWISE_90,CLOCKWISE_90,,,,enum,
aqi,c,CLOCKWISE_180,CLOCKWISE_180,,,,enum,
aqi,d,COUNTERCLOCKWISE_90,COUNTERCLOCKWISE_90,,,,enum,
aqi,e,field_185838_e,,,,,field,private final String
aqi,f,field_185839_f,,,,,field,private static final String[]
aqj$a,a,SAND,SAND,,,,enum,
aqj$a,b,RED_SAND,RED_SAND,,,,enum,
aqj$a,c,field_176695_c,,,,,field,private static final BlockSand$EnumSandVariant[]
aqj$a,d,field_176692_d,,,,,field,private final int
aqj$a,e,field_176693_e,,,,,field,private final String
aqj$a,f,field_176690_f,,,,,field,private final MaterialMapColor
aqj$a,g,field_176691_g,,,,,field,private final String
aqj$a,h,field_189866_h,,,,,field,private final int
aqj,a,field_176504_a,VARIANT,,,,field,public static final BlockStateEnum<BlockSand$EnumSandVariant>
aqk$a,a,DEFAULT,DEFAULT,,,,enum,
aqk$a,b,CHISELED,CHISELED,,,,enum,
aqk$a,c,SMOOTH,SMOOTH,,,,enum,
aqk$a,d,field_176679_d,,,,,field,private static final BlockSandStone$EnumSandstoneVariant[]
aqk$a,e,field_176680_e,,,,,field,private final int
aqk$a,f,field_176677_f,,,,,field,private final String
aqk$a,g,field_176678_g,,,,,field,private final String
aqk,a,field_176297_a,TYPE,,,,field,public static final BlockStateEnum<BlockSandStone$EnumSandstoneVariant>
aql,a,field_176480_a,TYPE,,,,field,public static final BlockStateEnum<BlockWood$EnumLogVariant>
aql,c,field_176479_b,STAGE,,,,field,public static final BlockStateInteger
aql,d,field_185520_d,,,,,field,protected static final AxisAlignedBB
aqn,a,field_190957_a,,,,,field,public static final BlockStateEnum<EnumDirection>
aqn,b,field_190958_b,,,,,field,private final EnumColor
aqo,a,field_185577_a,,,,,field,protected static final AxisAlignedBB
aqp,a,field_176418_a,FACING,,,,field,public static final BlockStateDirection
aqp,b,field_176417_b,NODROP,,,,field,public static final BlockStateBoolean
aqp,B,field_176419_M,,,,,field,private static final com.google.common.base.Predicate<ShapeDetectorBlock>
aqp,c,field_185582_c,,,,,field,protected static final AxisAlignedBB
aqp,d,field_185583_d,,,,,field,protected static final AxisAlignedBB
aqp,e,field_185584_e,,,,,field,protected static final AxisAlignedBB
aqp,f,field_185585_f,,,,,field,protected static final AxisAlignedBB
aqp,g,field_185586_g,,,,,field,protected static final AxisAlignedBB
aqp,C,field_176420_N,,,,,field,private ShapeDetector
aqp,D,field_176421_O,,,,,field,private ShapeDetector
aqs,a,field_176315_a,LAYERS,,,,field,public static final BlockStateInteger
aqs,b,field_185702_b,,,,,field,protected static final AxisAlignedBB[]
aqt,a,field_185703_a,,,,,field,protected static final AxisAlignedBB
aqu,a,field_185848_a,,,,,field,public static final SoundEffectType
aqu,b,field_185849_b,,,,,field,public static final SoundEffectType
aqu,c,field_185850_c,,,,,field,public static final SoundEffectType
aqu,d,field_185851_d,,,,,field,public static final SoundEffectType
aqu,e,field_185852_e,,,,,field,public static final SoundEffectType
aqu,f,field_185853_f,,,,,field,public static final SoundEffectType
aqu,g,field_185854_g,,,,,field,public static final SoundEffectType
aqu,h,field_185855_h,,,,,field,public static final SoundEffectType
aqu,i,field_185856_i,,,,,field,public static final SoundEffectType
aqu,j,field_185857_j,,,,,field,public static final SoundEffectType
aqu,k,field_185858_k,,,,,field,public static final SoundEffectType
aqu,l,field_185859_l,,,,,field,public static final SoundEffectType
aqu,m,field_185860_m,,,,,field,public final float
aqu,n,field_185861_n,,,,,field,public final float
aqu,o,field_185862_o,,,,,field,private final SoundEffect
aqu,p,field_185863_p,,,,,field,private final SoundEffect
aqu,q,field_185864_q,,,,,field,private final SoundEffect
aqu,r,field_185865_r,,,,,field,private final SoundEffect
aqu,s,field_185866_s,,,,,field,private final SoundEffect
aqv,a,field_176313_a,WET,,,,field,public static final BlockStateBoolean
aqw,a,field_176547_a,COLOR,,,,field,public static final BlockStateEnum<EnumColor>
aqx,a,field_176245_a,COLOR,,,,field,public static final BlockStateEnum<EnumColor>
aqy$a,a,TOP,TOP,,,,enum,
aqy$a,b,BOTTOM,BOTTOM,,,,enum,
aqy$a,c,field_176709_c,,,,,field,private final String
aqy$b,a,STRAIGHT,STRAIGHT,,,,enum,
aqy$b,b,INNER_LEFT,INNER_LEFT,,,,enum,
aqy$b,c,INNER_RIGHT,INNER_RIGHT,,,,enum,
aqy$b,d,OUTER_LEFT,OUTER_LEFT,,,,enum,
aqy$b,e,OUTER_RIGHT,OUTER_RIGHT,,,,enum,
aqy$b,f,field_176699_f,,,,,field,private final String
aqy,a,field_176309_a,FACING,,,,field,public static final BlockStateDirection
aqy,b,field_176308_b,HALF,,,,field,public static final BlockStateEnum<BlockStairs$EnumHalf>
aqy,c,field_176310_M,SHAPE,,,,field,public static final BlockStateEnum<BlockStairs$EnumStairShape>
aqy,d,field_185712_d,,,,,field,protected static final AxisAlignedBB
aqy,e,field_185714_e,,,,,field,protected static final AxisAlignedBB
aqy,f,field_185716_f,,,,,field,protected static final AxisAlignedBB
aqy,g,field_185718_g,,,,,field,protected static final AxisAlignedBB
aqy,B,field_185710_B,,,,,field,protected static final AxisAlignedBB
aqy,C,field_185711_C,,,,,field,protected static final AxisAlignedBB
aqy,D,field_185713_D,,,,,field,protected static final AxisAlignedBB
aqy,E,field_185715_E,,,,,field,protected static final AxisAlignedBB
aqy,F,field_185717_F,,,,,field,protected static final AxisAlignedBB
aqy,G,field_185719_G,,,,,field,protected static final AxisAlignedBB
aqy,H,field_185720_H,,,,,field,protected static final AxisAlignedBB
aqy,I,field_185721_I,,,,,field,protected static final AxisAlignedBB
aqy,J,field_185722_J,,,,,field,protected static final AxisAlignedBB
aqy,K,field_185723_K,,,,,field,protected static final AxisAlignedBB
aqy,L,field_185724_L,,,,,field,protected static final AxisAlignedBB
aqy,M,field_185725_M,,,,,field,protected static final AxisAlignedBB
aqy,N,field_185726_N,,,,,field,protected static final AxisAlignedBB
aqy,O,field_185727_O,,,,,field,protected static final AxisAlignedBB
aqy,P,field_150149_b,,,,,field,private final Block
aqy,Q,field_150151_M,,,,,field,private final IBlockData
aqz,b,field_176413_a,ROTATION,,,,field,public static final BlockStateInteger
arb,a,field_176484_a,AGE,,,,field,public static final BlockStateInteger
arb,c,field_176483_b,FACING,,,,field,public static final BlockStateDirection
arb,e,field_149877_a,blockFruit,,,,field,private final Block
arb,d,field_185521_d,,,,,field,protected static final AxisAlignedBB[]
arc$a,a,STONE,STONE,,,,enum,
arc$a,b,GRANITE,GRANITE,,,,enum,
arc$a,c,GRANITE_SMOOTH,GRANITE_SMOOTH,,,,enum,
arc$a,d,DIORITE,DIORITE,,,,enum,
arc$a,e,DIORITE_SMOOTH,DIORITE_SMOOTH,,,,enum,
arc$a,f,ANDESITE,ANDESITE,,,,enum,
arc$a,g,ANDESITE_SMOOTH,ANDESITE_SMOOTH,,,,enum,
arc$a,h,field_176655_h,,,,,field,private static final BlockStone$EnumStoneVariant[]
arc$a,i,field_176656_i,,,,,field,private final int
arc$a,j,field_176653_j,,,,,field,private final String
arc$a,k,field_176654_k,,,,,field,private final String
arc$a,l,field_181073_l,,,,,field,private final MaterialMapColor
arc$a,m,field_190913_m,,,,,field,private final boolean
arc,a,field_176247_a,VARIANT,,,,field,public static final BlockStateEnum<BlockStone$EnumStoneVariant>
ard$a,a,DEFAULT,DEFAULT,,,,enum,
ard$a,b,MOSSY,MOSSY,,,,enum,
ard$a,c,CRACKED,CRACKED,,,,enum,
ard$a,d,CHISELED,CHISELED,,,,enum,
ard$a,e,field_176618_e,,,,,field,private static final BlockSmoothBrick$EnumStonebrickType[]
ard$a,f,field_176615_f,,,,,field,private final int
ard$a,g,field_176616_g,,,,,field,private final String
ard$a,h,field_176622_h,,,,,field,private final String
ard,a,field_176249_a,VARIANT,,,,field,public static final BlockStateEnum<BlockSmoothBrick$EnumStonebrickType>
ard,b,field_176248_b,,,,,field,public static final int
ard,c,field_176250_M,,,,,field,public static final int
ard,d,field_176251_N,,,,,field,public static final int
ard,e,field_176252_O,,,,,field,public static final int
arf$a,a,STONE,STONE,,,,enum,
arf$a,b,SAND,SAND,,,,enum,
arf$a,c,WOOD,WOOD,,,,enum,
arf$a,d,COBBLESTONE,COBBLESTONE,,,,enum,
arf$a,e,BRICK,BRICK,,,,enum,
arf$a,f,SMOOTHBRICK,SMOOTHBRICK,,,,enum,
arf$a,g,NETHERBRICK,NETHERBRICK,,,,enum,
arf$a,h,QUARTZ,QUARTZ,,,,enum,
arf$a,i,field_176640_i,,,,,field,private static final BlockDoubleStepAbstract$EnumStoneSlabVariant[]
arf$a,j,field_176637_j,,,,,field,private final int
arf$a,k,field_181075_k,,,,,field,private final MaterialMapColor
arf$a,l,field_176638_k,,,,,field,private final String
arf$a,m,field_176635_l,,,,,field,private final String
arf,d,field_176555_b,SEAMLESS,,,,field,public static final BlockStateBoolean
arf,e,field_176556_M,VARIANT,,,,field,public static final BlockStateEnum<BlockDoubleStepAbstract$EnumStoneSlabVariant>
arg,a,field_185587_a,,,,,field,public static final BlockStateEnum<TileEntityStructure$UsageMode>
arh,a,field_189875_a,,,,,field,private static final AxisAlignedBB
ari$a,a,DEAD_BUSH,DEAD_BUSH,,,,enum,
ari$a,b,GRASS,GRASS,,,,enum,
ari$a,c,FERN,FERN,,,,enum,
ari$a,d,field_177048_d,,,,,field,private static final BlockLongGrass$EnumTallGrassType[]
ari$a,e,field_177049_e,,,,,field,private final int
ari$a,f,field_177046_f,,,,,field,private final String
ari,a,field_176497_a,TYPE,,,,field,public static final BlockStateEnum<BlockLongGrass$EnumTallGrassType>
ari,c,field_185522_c,,,,,field,protected static final AxisAlignedBB
arj,b,field_176241_b,NORTH,,,,field,public static final BlockStateBoolean
arj,c,field_176242_M,EAST,,,,field,public static final BlockStateBoolean
arj,d,field_176243_N,SOUTH,,,,field,public static final BlockStateBoolean
arj,e,field_176244_O,WEST,,,,field,public static final BlockStateBoolean
arj,f,field_185730_f,,,,,field,protected static final AxisAlignedBB[]
arj,a,field_150099_b,,,,,field,private final boolean
ark,a,field_176246_a,EXPLODE,,,,field,public static final BlockStateBoolean
arl,a,field_176596_a,FACING,,,,field,public static final BlockStateDirection
arl,b,field_185738_b,,,,,field,protected static final AxisAlignedBB
arl,c,field_185739_c,,,,,field,protected static final AxisAlignedBB
arl,d,field_185740_d,,,,,field,protected static final AxisAlignedBB
arl,e,field_185741_e,,,,,field,protected static final AxisAlignedBB
arl,f,field_185742_f,,,,,field,protected static final AxisAlignedBB
arm$a,a,TOP,TOP,,,,enum,
arm$a,b,BOTTOM,BOTTOM,,,,enum,
arm$a,c,field_176671_c,,,,,field,private final String
arm,a,field_176284_a,FACING,,,,field,public static final BlockStateDirection
arm,b,field_176283_b,OPEN,,,,field,public static final BlockStateBoolean
arm,c,field_176285_M,HALF,,,,field,public static final BlockStateEnum<BlockTrapdoor$EnumTrapdoorHalf>
arm,d,field_185734_d,,,,,field,protected static final AxisAlignedBB
arm,e,field_185735_e,,,,,field,protected static final AxisAlignedBB
arm,f,field_185736_f,,,,,field,protected static final AxisAlignedBB
arm,g,field_185737_g,,,,,field,protected static final AxisAlignedBB
arm,B,field_185732_B,,,,,field,protected static final AxisAlignedBB
arm,C,field_185733_C,,,,,field,protected static final AxisAlignedBB
arn,a,field_176293_a,POWERED,,,,field,public static final BlockStateBoolean
arn,b,field_176294_M,ATTACHED,,,,field,public static final BlockStateBoolean
arn,c,field_176295_N,DISARMED,,,,field,public static final BlockStateBoolean
arn,d,field_176296_O,NORTH,,,,field,public static final BlockStateBoolean
arn,e,field_176291_P,EAST,,,,field,public static final BlockStateBoolean
arn,f,field_176289_Q,SOUTH,,,,field,public static final BlockStateBoolean
arn,g,field_176292_R,WEST,,,,field,public static final BlockStateBoolean
arn,B,field_185747_B,,,,,field,protected static final AxisAlignedBB
arn,C,field_185748_C,,,,,field,protected static final AxisAlignedBB
aro,a,field_176264_a,FACING,,,,field,public static final BlockStateDirection
aro,b,field_176263_b,POWERED,,,,field,public static final BlockStateBoolean
aro,c,field_176265_M,ATTACHED,,,,field,public static final BlockStateBoolean
aro,d,field_185743_d,,,,,field,protected static final AxisAlignedBB
aro,e,field_185744_e,,,,,field,protected static final AxisAlignedBB
aro,f,field_185745_f,,,,,field,protected static final AxisAlignedBB
aro,g,field_185746_g,,,,,field,protected static final AxisAlignedBB
arp,a,field_176277_a,UP,,,,field,public static final BlockStateBoolean
arp,b,field_176273_b,NORTH,,,,field,public static final BlockStateBoolean
arp,c,field_176278_M,EAST,,,,field,public static final BlockStateBoolean
arp,d,field_176279_N,SOUTH,,,,field,public static final BlockStateBoolean
arp,e,field_176280_O,WEST,,,,field,public static final BlockStateBoolean
arp,f,field_176274_P,,,,,field,public static final BlockStateBoolean[]
arp,g,field_185757_g,,,,,field,protected static final AxisAlignedBB
arp,B,field_185753_B,,,,,field,protected static final AxisAlignedBB
arp,C,field_185754_C,,,,,field,protected static final AxisAlignedBB
arp,D,field_185755_D,,,,,field,protected static final AxisAlignedBB
arp,E,field_185756_E,,,,,field,protected static final AxisAlignedBB
arq$a,a,NORMAL,NORMAL,,,,enum,
arq$a,b,MOSSY,MOSSY,,,,enum,
arq$a,c,field_176666_c,,,,,field,private static final BlockCobbleWall$EnumCobbleVariant[]
arq$a,d,field_176663_d,,,,,field,private final int
arq$a,e,field_176664_e,,,,,field,private final String
arq$a,f,field_176661_f,,,,,field,private final String
arq,a,field_176256_a,UP,,,,field,public static final BlockStateBoolean
arq,b,field_176254_b,NORTH,,,,field,public static final BlockStateBoolean
arq,c,field_176257_M,EAST,,,,field,public static final BlockStateBoolean
arq,d,field_176258_N,SOUTH,,,,field,public static final BlockStateBoolean
arq,e,field_176259_O,WEST,,,,field,public static final BlockStateBoolean
arq,f,field_176255_P,VARIANT,,,,field,public static final BlockStateEnum<BlockCobbleWall$EnumCobbleVariant>
arq,g,field_185751_g,,,,,field,protected static final AxisAlignedBB[]
arq,B,field_185750_B,,,,,field,protected static final AxisAlignedBB[]
arr,b,field_176412_a,FACING,,,,field,public static final BlockStateDirection
arr,c,field_185578_c,,,,,field,protected static final AxisAlignedBB
arr,d,field_185579_d,,,,,field,protected static final AxisAlignedBB
arr,e,field_185580_e,,,,,field,protected static final AxisAlignedBB
arr,f,field_185581_f,,,,,field,protected static final AxisAlignedBB
ars,a,field_185523_a,,,,,field,protected static final AxisAlignedBB
aru,d,field_176579_a,POWER,,,,field,public static final BlockStateInteger
aru,e,field_150068_a,weight,,,,field,private final int
arw,d,field_176557_b,VARIANT,,,,field,public static final BlockStateEnum<BlockWood$EnumLogVariant>
arx,a,field_176330_a,COLOR,,,,field,public static final BlockStateEnum<EnumColor>
arx,b,field_185758_b,,,,,field,protected static final AxisAlignedBB
arz,a,field_190617_a,,,,,field,private String
arz,f,field_175120_a,color,,,,field,private EnumColor
arz,g,field_175118_f,patterns,,,,field,private NBTTagList
arz,h,field_175119_g,,,,,field,private boolean
arz,i,field_175122_h,,,,,field,private List<EnumBannerPatternType>
arz,j,field_175123_i,,,,,field,private List<EnumColor>
arz,k,field_175121_j,,,,,field,private String
asa,a,BASE,BASE,,,,enum,
asa,b,SQUARE_BOTTOM_LEFT,SQUARE_BOTTOM_LEFT,,,,enum,
asa,c,SQUARE_BOTTOM_RIGHT,SQUARE_BOTTOM_RIGHT,,,,enum,
asa,d,SQUARE_TOP_LEFT,SQUARE_TOP_LEFT,,,,enum,
asa,e,SQUARE_TOP_RIGHT,SQUARE_TOP_RIGHT,,,,enum,
asa,f,STRIPE_BOTTOM,STRIPE_BOTTOM,,,,enum,
asa,g,STRIPE_TOP,STRIPE_TOP,,,,enum,
asa,h,STRIPE_LEFT,STRIPE_LEFT,,,,enum,
asa,i,STRIPE_RIGHT,STRIPE_RIGHT,,,,enum,
asa,j,STRIPE_CENTER,STRIPE_CENTER,,,,enum,
asa,k,STRIPE_MIDDLE,STRIPE_MIDDLE,,,,enum,
asa,l,STRIPE_DOWNRIGHT,STRIPE_DOWNRIGHT,,,,enum,
asa,m,STRIPE_DOWNLEFT,STRIPE_DOWNLEFT,,,,enum,
asa,n,STRIPE_SMALL,STRIPE_SMALL,,,,enum,
asa,o,CROSS,CROSS,,,,enum,
asa,p,STRAIGHT_CROSS,STRAIGHT_CROSS,,,,enum,
asa,q,TRIANGLE_BOTTOM,TRIANGLE_BOTTOM,,,,enum,
asa,r,TRIANGLE_TOP,TRIANGLE_TOP,,,,enum,
asa,s,TRIANGLES_BOTTOM,TRIANGLES_BOTTOM,,,,enum,
asa,t,TRIANGLES_TOP,TRIANGLES_TOP,,,,enum,
asa,u,DIAGONAL_LEFT,DIAGONAL_LEFT,,,,enum,
asa,v,DIAGONAL_RIGHT,DIAGONAL_RIGHT,,,,enum,
asa,w,DIAGONAL_LEFT_MIRROR,DIAGONAL_LEFT_MIRROR,,,,enum,
asa,x,DIAGONAL_RIGHT_MIRROR,DIAGONAL_RIGHT_MIRROR,,,,enum,
asa,y,CIRCLE_MIDDLE,CIRCLE_MIDDLE,,,,enum,
asa,z,RHOMBUS_MIDDLE,RHOMBUS_MIDDLE,,,,enum,
asa,A,HALF_VERTICAL,HALF_VERTICAL,,,,enum,
asa,B,HALF_HORIZONTAL,HALF_HORIZONTAL,,,,enum,
asa,C,HALF_VERTICAL_MIRROR,HALF_VERTICAL_MIRROR,,,,enum,
asa,D,HALF_HORIZONTAL_MIRROR,HALF_HORIZONTAL_MIRROR,,,,enum,
asa,E,BORDER,BORDER,,,,enum,
asa,F,CURLY_BORDER,CURLY_BORDER,,,,enum,
asa,G,CREEPER,CREEPER,,,,enum,
asa,H,GRADIENT,GRADIENT,,,,enum,
asa,I,GRADIENT_UP,GRADIENT_UP,,,,enum,
asa,J,BRICKS,BRICKS,,,,enum,
asa,K,SKULL,SKULL,,,,enum,
asa,L,FLOWER,FLOWER,,,,enum,
asa,M,MOJANG,MOJANG,,,,enum,
asa,N,field_191014_N,,,,,field,private final String
asa,O,field_191015_O,,,,,field,private final String
asa,P,field_191016_P,,,,,field,private final String[]
asa,Q,field_191017_Q,,,,,field,private ItemStack
asb$a,a,field_177266_a,,,,,field,private final float[]
asb$a,b,field_177265_b,,,,,field,private int
asb,a,field_146009_a,,,,,field,public static final MobEffectList[][]
asb,f,field_184280_f,,,,,field,private static final Set<MobEffectList>
asb,g,field_174909_f,,,,,field,private final List<TileEntityBeacon$BeaconColorTracker>
asb,j,field_146015_k,,,,,field,private boolean
asb,k,field_146012_l,levels,,,,field,private int
asb,l,field_146013_m,primaryEffect,,,,field,private MobEffectList
asb,m,field_146010_n,secondaryEffect,,,,field,private MobEffectList
asb,n,field_146011_o,inventorySlot,,,,field,private ItemStack
asb,o,field_146008_p,,,,,field,private String
asb,h,field_146016_i,,,,,field,private long
asb,i,field_146014_j,,,,,field,private float
asc,a,field_145852_a,,,,,field,private static final org.apache.logging.log4j.Logger
asc,f,field_190562_f,,,,,field,"private static final RegistryMaterials<MinecraftKey, Class<? extends TileEntity>>"
asc,b,field_145850_b,world,,,,field,protected World
asc,c,field_174879_c,position,,,,field,protected BlockPosition
asc,d,field_145846_f,,,,,field,protected boolean
asc,g,field_145847_g,,,,,field,private int
asc,e,field_145854_h,,,,,field,protected Block
asd,a,field_145941_a,,,,,field,private static final int[]
asd,f,field_184277_f,,,,,field,private static final int[]
asd,g,field_145947_i,,,,,field,private static final int[]
asd,h,field_145945_j,items,,,,field,private NonNullList<ItemStack>
asd,i,field_145946_k,brewTime,,,,field,private int
asd,j,field_145943_l,,,,,field,private boolean[]
asd,k,field_145944_m,,,,,field,private Item
asd,l,field_145942_n,,,,,field,private String
asd,m,field_184278_m,,,,,field,private int
ase,p,field_145985_p,items,,,,field,private NonNullList<ItemStack>
ase,a,field_145984_a,,,,,field,public boolean
ase,f,field_145992_i,,,,,field,public TileEntityChest
ase,g,field_145990_j,,,,,field,public TileEntityChest
ase,h,field_145991_k,,,,,field,public TileEntityChest
ase,i,field_145988_l,,,,,field,public TileEntityChest
ase,j,field_145989_m,,,,,field,public float
ase,k,field_145986_n,,,,,field,public float
ase,l,field_145987_o,,,,,field,public int
ase,q,field_145983_q,,,,,field,private int
ase,r,field_145982_r,,,,,field,private BlockChest$Type
asf$a,a,SEQUENCE,SEQUENCE,,,,enum,
asf$a,b,AUTO,AUTO,,,,enum,
asf$a,c,REDSTONE,REDSTONE,,,,enum,
asf,a,field_184259_a,,,,,field,private boolean
asf,f,field_184260_f,,,,,field,private boolean
asf,g,field_184261_g,,,,,field,private boolean
asf,h,field_184262_h,,,,,field,private boolean
asf,i,field_145994_a,,,,,field,private final CommandBlockListenerAbstract
asg,a,field_145997_a,,,,,field,private int
asi,a,field_174913_f,,,,,field,private static final Random
asi,f,field_146022_i,items,,,,field,private NonNullList<ItemStack>
ask,a,field_145926_a,,,,,field,public int
ask,f,field_145933_i,,,,,field,public float
ask,g,field_145931_j,,,,,field,public float
ask,h,field_145932_k,,,,,field,public float
ask,i,field_145929_l,,,,,field,public float
ask,j,field_145930_m,,,,,field,public float
ask,k,field_145927_n,,,,,field,public float
ask,l,field_145928_o,,,,,field,public float
ask,m,field_145925_p,,,,,field,public float
ask,n,field_145924_q,,,,,field,public float
ask,o,field_145923_r,,,,,field,private static final Random
ask,p,field_145922_s,,,,,field,private String
asl,a,field_145972_a,,,,,field,public float
asl,f,field_145975_i,,,,,field,public float
asl,g,field_145973_j,,,,,field,public int
asl,h,field_145974_k,,,,,field,private int
asm,a,field_145967_a,,,,,field,private Item
asm,f,field_145968_i,,,,,field,private int
asn,a,field_145962_k,,,,,field,private static final int[]
asn,f,field_145959_l,,,,,field,private static final int[]
asn,g,field_145960_m,,,,,field,private static final int[]
asn,h,field_145957_n,items,,,,field,private NonNullList<ItemStack>
asn,i,field_145956_a,burnTime,,,,field,private int
asn,j,field_145963_i,ticksForCurrentFuel,,,,field,private int
asn,k,field_174906_k,cookTime,,,,field,private int
asn,l,field_174905_l,cookTimeTotal,,,,field,private int
asn,m,field_145958_o,,,,,field,private String
asp,a,field_145900_a,items,,,,field,private NonNullList<ItemStack>
asp,f,field_145901_j,,,,,field,private int
asp,g,field_190578_g,,,,,field,private long
asq,a,field_174901_a,,,,,field,private ChestLock
asr,a,field_145882_a,,,,,field,private final MobSpawnerAbstract
ass,a,field_145879_a,note,,,,field,public byte
ass,f,field_145880_i,,,,,field,public boolean
ast,m,field_184284_m,,,,,field,protected MinecraftKey
ast,n,field_184285_n,,,,,field,protected long
ast,o,field_190577_o,,,,,field,protected String
asu$a,a,CLOSED,CLOSED,,,,enum,
asu$a,b,OPENING,OPENING,,,,enum,
asu$a,c,OPENED,OPENED,,,,enum,
asu$a,d,CLOSING,CLOSING,,,,enum,
asu,a,field_190595_a,,,,,field,private static final int[]
asu,f,field_190596_f,,,,,field,private NonNullList<ItemStack>
asu,g,field_190597_g,,,,,field,private boolean
asu,h,field_190598_h,,,,,field,private int
asu,i,field_190599_i,,,,,field,private TileEntityShulkerBox$AnimationPhase
asu,j,field_190600_j,,,,,field,private float
asu,k,field_190601_k,,,,,field,private float
asu,l,field_190602_l,,,,,field,private EnumColor
asu,p,field_190594_p,,,,,field,private boolean
asv,a,field_145915_a,lines,,,,field,public final IChatBaseComponent[]
asv,f,field_145918_i,,,,,field,public int
asv,g,field_145916_j,isEditable,,,,field,private boolean
asv,h,field_145917_k,,,,,field,private EntityHuman
asv,i,field_174883_i,,,,,field,private final CommandObjectiveExecutor
asw,a,field_145908_a,,,,,field,private int
asw,f,field_145910_i,rotation,,,,field,private int
asw,g,field_152110_j,,,,,field,private com.mojang.authlib.GameProfile
asw,h,field_184296_h,,,,,field,private int
asw,i,field_184297_i,,,,,field,private boolean
asw,j,field_184298_j,,,,,field,private static UserCache
asw,k,field_184299_k,,,,,field,private static com.mojang.authlib.minecraft.MinecraftSessionService
asx$a,a,SAVE,SAVE,,,,enum,
asx$a,b,LOAD,LOAD,,,,enum,
asx$a,c,CORNER,CORNER,,,,enum,
asx$a,d,DATA,DATA,,,,enum,
asx$a,e,field_185115_e,,,,,field,private static final TileEntityStructure$UsageMode[]
asx$a,f,field_185116_f,,,,,field,private final String
asx$a,g,field_185117_g,,,,,field,private final int
asx,a,field_184420_a,,,,,field,private String
asx,f,field_184421_f,,,,,field,private String
asx,g,field_184422_g,,,,,field,private String
asx,h,field_184423_h,,,,,field,private BlockPosition
asx,i,field_184424_i,,,,,field,private BlockPosition
asx,j,field_184425_j,,,,,field,private EnumBlockMirror
asx,k,field_184426_k,,,,,field,private EnumBlockRotation
asx,l,field_184427_l,,,,,field,private TileEntityStructure$UsageMode
asx,m,field_184428_m,,,,,field,private boolean
asx,n,field_189727_n,,,,,field,private boolean
asx,o,field_189728_o,,,,,field,private boolean
asx,p,field_189729_p,,,,,field,private boolean
asx,q,field_189730_q,,,,,field,private float
asx,r,field_189731_r,,,,,field,private long
asy,a,field_184314_a,,,,,field,private static final org.apache.logging.log4j.Logger
asy,f,field_184315_f,,,,,field,private long
asy,g,field_184316_g,,,,,field,private int
asy,h,field_184317_h,exitPortal,,,,field,private BlockPosition
asy,i,field_184318_i,exactTeleport,,,,field,private boolean
atc,a,field_176320_b,EXTENDED,,,,field,public static final BlockStateBoolean
atc,b,field_185648_b,,,,,field,protected static final AxisAlignedBB
atc,c,field_185649_c,,,,,field,protected static final AxisAlignedBB
atc,d,field_185650_d,,,,,field,protected static final AxisAlignedBB
atc,e,field_185651_e,,,,,field,protected static final AxisAlignedBB
atc,f,field_185652_f,,,,,field,protected static final AxisAlignedBB
atc,g,field_185653_g,,,,,field,protected static final AxisAlignedBB
atc,B,field_150082_a,sticky,,,,field,private final boolean
atd$a,a,DEFAULT,DEFAULT,,,,enum,
atd$a,b,STICKY,STICKY,,,,enum,
atd$a,c,field_176714_c,,,,,field,private final String
atd,a,field_176325_b,TYPE,,,,field,public static final BlockStateEnum<BlockPistonExtension$EnumPistonType>
atd,b,field_176327_M,SHORT,,,,field,public static final BlockStateBoolean
atd,c,field_185635_c,,,,,field,protected static final AxisAlignedBB
atd,d,field_185637_d,,,,,field,protected static final AxisAlignedBB
atd,e,field_185639_e,,,,,field,protected static final AxisAlignedBB
atd,f,field_185641_f,,,,,field,protected static final AxisAlignedBB
atd,g,field_185643_g,,,,,field,protected static final AxisAlignedBB
atd,B,field_185634_B,,,,,field,protected static final AxisAlignedBB
atd,C,field_185636_C,,,,,field,protected static final AxisAlignedBB
atd,D,field_185638_D,,,,,field,protected static final AxisAlignedBB
atd,E,field_185640_E,,,,,field,protected static final AxisAlignedBB
atd,F,field_185642_F,,,,,field,protected static final AxisAlignedBB
atd,G,field_185644_G,,,,,field,protected static final AxisAlignedBB
atd,I,field_185645_I,,,,,field,protected static final AxisAlignedBB
atd,J,field_190964_J,,,,,field,protected static final AxisAlignedBB
atd,K,field_190965_K,,,,,field,protected static final AxisAlignedBB
atd,L,field_190966_L,,,,,field,protected static final AxisAlignedBB
atd,M,field_190967_M,,,,,field,protected static final AxisAlignedBB
atd,N,field_190968_N,,,,,field,protected static final AxisAlignedBB
atd,O,field_190969_O,,,,,field,protected static final AxisAlignedBB
ate,a,field_176426_a,FACING,,,,field,public static final BlockStateDirection
ate,b,field_176425_b,TYPE,,,,field,public static final BlockStateEnum<BlockPistonExtension$EnumPistonType>
atf,a,field_174932_a,,,,,field,private IBlockData
atf,f,field_174931_f,,,,,field,private EnumDirection
atf,g,field_145875_k,,,,,field,private boolean
atf,h,field_145872_l,,,,,field,private boolean
atf,i,field_190613_i,,,,,field,private static final ThreadLocal<EnumDirection>
atf,j,field_145873_m,,,,,field,private float
atf,k,field_145870_n,,,,,field,private float
atg,a,field_177261_a,,,,,field,private final World
atg,b,field_177259_b,,,,,field,private final BlockPosition
atg,c,field_177260_c,,,,,field,private final BlockPosition
atg,d,field_177257_d,,,,,field,private final EnumDirection
atg,e,field_177258_e,,,,,field,private final List<BlockPosition>
atg,f,field_177256_f,,,,,field,private final List<BlockPosition>
ati,a,field_177234_a,,,,,field,private static final com.google.common.base.Joiner
ati,b,field_177233_b,,,,,field,"private static final com.google.common.base.Function<Map$Entry<IBlockState<?>, Comparable<?>>, String>"
atm$a,a,field_177239_a,,,,,field,private final Block
atm$a,b,field_177237_b,,,,,field,"private final com.google.common.collect.ImmutableMap<IBlockState<?>, Comparable<?>>"
atm$a,c,field_177238_c,,,,,field,"private com.google.common.collect.ImmutableTable<IBlockState<?>, Comparable<?>, IBlockData>"
atm,a,field_185921_a,,,,,field,private static final Pattern
atm,b,field_177626_b,,,,,field,"private static final com.google.common.base.Function<IBlockState<?>, String>"
atm,c,field_177627_c,,,,,field,private final Block
atm,d,field_177624_d,,,,,field,"private final com.google.common.collect.ImmutableSortedMap<String, IBlockState<?>>"
atm,e,field_177625_e,,,,,field,private final com.google.common.collect.ImmutableList<IBlockData>
ato,a,field_177515_a,,,,,field,private final World
ato,b,field_177513_b,,,,,field,private final BlockPosition
ato,c,field_181628_c,,,,,field,private final boolean
ato,d,field_177514_c,,,,,field,private IBlockData
ato,e,field_177511_d,,,,,field,private TileEntity
ato,f,field_177512_e,,,,,field,private boolean
atp$a,a,field_177680_a,,,,,field,private final World
atp$a,b,field_181626_b,,,,,field,private final boolean
atp$b,a,field_177674_a,,,,,field,private final BlockPosition
atp$b,b,field_177672_b,,,,,field,private final EnumDirection
atp$b,c,field_177673_c,,,,,field,private final EnumDirection
atp$b,d,field_177671_d,,,,,field,"private final com.google.common.cache.LoadingCache<BlockPosition, ShapeDetectorBlock>"
atp$b,e,field_181120_e,,,,,field,private final int
atp$b,f,field_181121_f,,,,,field,private final int
atp$b,g,field_181122_g,,,,,field,private final int
atp,a,field_177689_a,,,,,field,private final com.google.common.base.Predicate<ShapeDetectorBlock>[][][]
atp,b,field_177687_b,,,,,field,private final int
atp,c,field_177688_c,,,,,field,private final int
atp,d,field_177686_d,,,,,field,private final int
atq,a,field_177667_a,,,,,field,private static final com.google.common.base.Joiner
atq,b,field_177665_b,,,,,field,private final List<String[]>
atq,c,field_177666_c,,,,,field,"private final Map<Character, com.google.common.base.Predicate<ShapeDetectorBlock>>"
atq,d,field_177663_d,,,,,field,private int
atq,e,field_177664_e,,,,,field,private int
ats,a,field_189887_a,,,,,field,private final Material
att,a,field_177644_a,,,,,field,private final Block
atu,a,field_185928_a,,,,,field,public static final com.google.common.base.Predicate<IBlockData>
atu,b,field_177641_a,,,,,field,private final BlockStateList
atu,c,field_177640_b,,,,,field,"private final Map<IBlockState<?>, com.google.common.base.Predicate<?>>"
atw,a,field_177704_a,,,,,field,private final Class<T>
atw,b,field_177703_b,,,,,field,private final String
atx,a,field_177717_a,,,,,field,private final com.google.common.collect.ImmutableSet<Boolean>
atz,a,field_177711_a,,,,,field,private final com.google.common.collect.ImmutableSet<T>
atz,b,field_177710_b,,,,,field,"private final Map<String, T>"
aua,a,field_177720_a,,,,,field,private final com.google.common.collect.ImmutableSet<Integer>
aue,a,GROWING,GROWING,,,,enum,
aue,b,SHRINKING,SHRINKING,,,,enum,
aue,c,STATIONARY,STATIONARY,,,,enum,
aue,d,field_177767_d,,,,,field,private final int
auf,a,field_177758_a,,,,,field,private final List<IWorldBorderListener>
auf,b,field_177756_b,,,,,field,private double
auf,c,field_177757_c,,,,,field,private double
auf,d,field_177754_d,,,,,field,private double
auf,e,field_177755_e,,,,,field,private double
auf,f,field_177752_f,,,,,field,private long
auf,g,field_177753_g,,,,,field,private long
auf,h,field_177762_h,,,,,field,private int
auf,i,field_177763_i,,,,,field,private double
auf,j,field_177760_j,,,,,field,private double
auf,k,field_177761_k,,,,,field,private int
auf,l,field_177759_l,,,,,field,private int
auh,d,field_186023_d,,,,,field,private static final DataPalette
auh,a,field_186020_a,,,,,field,protected static final IBlockData
auh,b,field_186021_b,,,,,field,protected DataBits
auh,c,field_186022_c,,,,,field,protected DataPalette
auh,e,field_186024_e,,,,,field,private int
auk,a,field_76585_a,,,,,field,private final byte[]
aun,a,field_186046_a,,,,,field,private final RegistryID<IBlockData>
aun,b,field_186047_b,,,,,field,private final DataPaletteExpandable
aun,c,field_186048_c,,,,,field,private final int
auo$a,a,IMMEDIATE,IMMEDIATE,,,,enum,
auo$a,b,QUEUED,QUEUED,,,,enum,
auo$a,c,CHECK,CHECK,,,,enum,
auo,e,field_150817_t,,,,,field,private static final org.apache.logging.log4j.Logger
auo,a,field_186036_a,,,,,field,public static final ChunkSection
auo,f,field_76652_q,sections,,,,field,private final ChunkSection[]
auo,g,field_76651_r,,,,,field,private final byte[]
auo,h,field_76638_b,,,,,field,private final int[]
auo,i,field_76639_c,,,,,field,private final boolean[]
auo,j,field_76636_d,,,,,field,private boolean
auo,k,field_76637_e,world,,,,field,private final World
auo,l,field_76634_f,heightMap,,,,field,private final int[]
auo,b,field_76635_g,locX,,,,field,public final int
auo,c,field_76647_h,locZ,,,,field,public final int
auo,m,field_76650_s,,,,,field,private boolean
auo,n,field_150816_i,tileEntities,,,,field,"private final Map<BlockPosition, TileEntity>"
auo,o,field_76645_j,entitySlices,,,,field,private final EntitySlice<Entity>[]
auo,p,field_76646_k,done,,,,field,private boolean
auo,q,field_150814_l,lit,,,,field,private boolean
auo,r,field_150815_m,,,,,field,private boolean
auo,s,field_76643_l,,,,,field,private boolean
auo,t,field_76644_m,,,,,field,private boolean
auo,u,field_76641_n,lastSaved,,,,field,private long
auo,v,field_82912_p,,,,,field,private int
auo,w,field_111204_q,,,,,field,private long
auo,x,field_76649_t,,,,,field,private int
auo,y,field_177447_w,,,,,field,private final ConcurrentLinkedQueue<BlockPosition>
auo,d,field_189550_d,,,,,field,public boolean
aup,a,field_76684_a,yPos,,,,field,private final int
aup,b,field_76682_b,nonEmptyBlockCount,,,,field,private int
aup,c,field_76683_c,tickingBlockCount,,,,field,private int
aup,d,field_177488_d,blockIds,,,,field,private final DataPaletteBlock
aup,e,field_76679_g,emittedLight,,,,field,private NibbleArray
aup,f,field_76685_h,skyLight,,,,field,private NibbleArray
auq,a,field_186042_a,,,,,field,private final IBlockData[]
auq,b,field_186043_b,,,,,field,private final DataPaletteExpandable
auq,c,field_186044_c,,,,,field,private final int
auq,d,field_186045_d,,,,,field,private int
aur,a,field_76689_a,,,,,field,public final byte[]
aur,b,field_76687_b,,,,,field,private final int
aur,c,field_76688_c,,,,,field,private final int
ava$a,a,field_76698_a,,,,,field,public long
ava$a,b,field_76696_b,,,,,field,public boolean
ava$a,c,field_76697_c,,,,,field,public byte[]
ava$a,d,field_76694_d,,,,,field,public OldNibbleArray
ava$a,e,field_76695_e,,,,,field,public OldNibbleArray
ava$a,f,field_76692_f,,,,,field,public OldNibbleArray
ava$a,g,field_76693_g,,,,,field,public byte[]
ava$a,h,field_76702_h,,,,,field,public NBTTagList
ava$a,i,field_151564_i,,,,,field,public NBTTagList
ava$a,j,field_151563_j,,,,,field,public NBTTagList
ava$a,k,field_76701_k,,,,,field,public final int
ava$a,l,field_76699_l,,,,,field,public final int
avb$a,b,field_76722_b,,,,,field,private final int
avb$a,c,field_76723_c,,,,,field,private final int
avb,a,field_76720_a,,,,,field,private static final byte[]
avb,b,field_76718_b,,,,,field,private final File
avb,c,field_76719_c,,,,,field,private RandomAccessFile
avb,d,field_76716_d,,,,,field,private final int[]
avb,e,field_76717_e,,,,,field,private final int[]
avb,f,field_76714_f,,,,,field,private List<Boolean>
avb,g,field_76715_g,,,,,field,private int
avb,h,field_76721_h,,,,,field,private long
avc,a,field_76553_a,,,,,field,"private static final Map<File, RegionFile>"
avd,a,field_151505_a,,,,,field,private static final org.apache.logging.log4j.Logger
avd,b,field_75828_a,,,,,field,"private final Map<ChunkCoordIntPair, NBTTagCompound>"
avd,c,field_75826_b,,,,,field,private final Set<ChunkCoordIntPair>
avd,d,field_75825_d,,,,,field,private final File
avd,e,field_186055_e,,,,,field,private final DataConverterManager
avd,f,field_183014_e,,,,,field,private boolean
avf,a,field_111203_a,,,,,field,public static final float[]
avf,b,field_76579_a,,,,,field,protected World
avf,h,field_76577_b,type,,,,field,private WorldType
avf,i,field_82913_c,,,,,field,private String
avf,c,field_76578_c,,,,,field,protected WorldChunkManager
avf,d,field_76575_d,,,,,field,protected boolean
avf,e,field_76576_e,,,,,field,protected boolean
avf,f,field_191067_f,,,,,field,protected boolean
avf,g,field_76573_f,,,,,field,protected final float[]
avf,j,field_76580_h,,,,,field,private final float[]
avg,a,OVERWORLD,OVERWORLD,,,,enum,
avg,b,NETHER,NETHER,,,,enum,
avg,c,THE_END,THE_END,,,,enum,
avg,d,field_186074_d,,,,,field,private final int
avg,e,field_186075_e,,,,,field,private final String
avg,f,field_186076_f,,,,,field,private final String
avg,g,field_186077_g,,,,,field,private final Class<? extends WorldProvider>
avj,a,START,START,,,,enum,
avj,b,PREPARING_TO_SUMMON_PILLARS,PREPARING_TO_SUMMON_PILLARS,,,,enum,
avj,c,SUMMONING_PILLARS,SUMMONING_PILLARS,,,,enum,
avj,d,SUMMONING_DRAGON,SUMMONING_DRAGON,,,,enum,
avj,e,END,END,,,,enum,
avk,a,field_186107_a,,,,,field,private static final org.apache.logging.log4j.Logger
avk,b,field_186108_b,,,,,field,private static final com.google.common.base.Predicate<EntityPlayer>
avk,c,field_186109_c,,,,,field,private final BossBattleServer
avk,d,field_186110_d,,,,,field,private final WorldServer
avk,e,field_186111_e,,,,,field,private final List<Integer>
avk,f,field_186112_f,,,,,field,private final ShapeDetector
avk,g,field_186113_g,,,,,field,private int
avk,h,field_186114_h,,,,,field,private int
avk,i,field_186115_i,,,,,field,private int
avk,j,field_186116_j,,,,,field,private int
avk,k,field_186117_k,,,,,field,private boolean
avk,l,field_186118_l,,,,,field,private boolean
avk,m,field_186119_m,,,,,field,private UUID
avk,n,field_186120_n,,,,,field,private boolean
avk,o,field_186121_o,,,,,field,private BlockPosition
avk,p,field_186122_p,,,,,field,private EnumDragonRespawn
avk,q,field_186123_q,,,,,field,private int
avk,r,field_186124_r,,,,,field,private List<EntityEnderCrystal>
avl,h,field_186064_g,,,,,field,private EnderDragonBattle
avo,a,field_186135_a,,,,,field,protected static final IBlockData
avo,b,field_186136_b,,,,,field,protected static final IBlockData
avo,c,field_75046_d,,,,,field,private final float[]
avp,a,field_177859_b,,,,,field,private static final IBlockData
avp,b,field_177860_a,,,,,field,private final char[]
avq$a,a,field_177901_a,,,,,field,static final com.google.gson.Gson
avq$a,b,field_177899_b,,,,,field,public float
avq$a,c,field_177900_c,,,,,field,public float
avq$a,d,field_177896_d,,,,,field,public float
avq$a,e,field_177898_e,,,,,field,public float
avq$a,f,field_177893_f,,,,,field,public float
avq$a,g,field_177894_g,,,,,field,public float
avq$a,h,field_177915_h,,,,,field,public float
avq$a,i,field_177917_i,,,,,field,public float
avq$a,j,field_177911_j,,,,,field,public float
avq$a,k,field_177913_k,,,,,field,public float
avq$a,l,field_177907_l,,,,,field,public float
avq$a,m,field_177909_m,,,,,field,public float
avq$a,n,field_177903_n,,,,,field,public float
avq$a,o,field_177905_o,,,,,field,public float
avq$a,p,field_177933_p,,,,,field,public float
avq$a,q,field_177931_q,,,,,field,public float
avq$a,r,field_177929_r,,,,,field,public int
avq$a,s,field_177927_s,,,,,field,public boolean
avq$a,t,field_177925_t,,,,,field,public boolean
avq$a,u,field_177923_u,,,,,field,public int
avq$a,v,field_177921_v,,,,,field,public boolean
avq$a,w,field_177919_w,,,,,field,public boolean
avq$a,x,field_177944_x,,,,,field,public boolean
avq$a,y,field_177942_y,,,,,field,public boolean
avq$a,z,field_177940_z,,,,,field,public boolean
avq$a,A,field_191076_A,,,,,field,public boolean
avq$a,B,field_177870_A,,,,,field,public boolean
avq$a,C,field_177871_B,,,,,field,public boolean
avq$a,D,field_177872_C,,,,,field,public int
avq$a,E,field_177866_D,,,,,field,public boolean
avq$a,F,field_177867_E,,,,,field,public int
avq$a,G,field_177868_F,,,,,field,public boolean
avq$a,H,field_177869_G,,,,,field,public int
avq$a,I,field_177877_H,,,,,field,public int
avq$a,J,field_177878_I,,,,,field,public int
avq$a,K,field_177879_J,,,,,field,public int
avq$a,L,field_177880_K,,,,,field,public int
avq$a,M,field_177873_L,,,,,field,public int
avq$a,N,field_177874_M,,,,,field,public int
avq$a,O,field_177875_N,,,,,field,public int
avq$a,P,field_177876_O,,,,,field,public int
avq$a,Q,field_177886_P,,,,,field,public int
avq$a,R,field_177885_Q,,,,,field,public int
avq$a,S,field_177888_R,,,,,field,public int
avq$a,T,field_177887_S,,,,,field,public int
avq$a,U,field_177882_T,,,,,field,public int
avq$a,V,field_177881_U,,,,,field,public int
avq$a,W,field_177884_V,,,,,field,public int
avq$a,X,field_177883_W,,,,,field,public int
avq$a,Y,field_177891_X,,,,,field,public int
avq$a,Z,field_177890_Y,,,,,field,public int
avq$a,aa,field_177892_Z,,,,,field,public int
avq$a,ab,field_177936_aa,,,,,field,public int
avq$a,ac,field_177937_ab,,,,,field,public int
avq$a,ad,field_177934_ac,,,,,field,public int
avq$a,ae,field_177935_ad,,,,,field,public int
avq$a,af,field_177941_ae,,,,,field,public int
avq$a,ag,field_177943_af,,,,,field,public int
avq$a,ah,field_177938_ag,,,,,field,public int
avq$a,ai,field_177939_ah,,,,,field,public int
avq$a,aj,field_177922_ai,,,,,field,public int
avq$a,ak,field_177924_aj,,,,,field,public int
avq$a,al,field_177918_ak,,,,,field,public int
avq$a,am,field_177920_al,,,,,field,public int
avq$a,an,field_177930_am,,,,,field,public int
avq$a,ao,field_177932_an,,,,,field,public int
avq$a,ap,field_177926_ao,,,,,field,public int
avq$a,aq,field_177928_ap,,,,,field,public int
avq$a,ar,field_177908_aq,,,,,field,public int
avq$a,as,field_177906_ar,,,,,field,public int
avq$a,at,field_177904_as,,,,,field,public int
avq$a,au,field_177902_at,,,,,field,public int
avq$a,av,field_177916_au,,,,,field,public int
avq$a,aw,field_177914_av,,,,,field,public int
avq$a,ax,field_177912_aw,,,,,field,public int
avq$a,ay,field_177910_ax,,,,,field,public int
avq$a,az,field_177897_ay,,,,,field,public int
avq$a,aA,field_177895_az,,,,,field,public int
avq$a,aB,field_177889_aA,,,,,field,public int
avq,a,field_177811_a,,,,,field,public final float
avq,b,field_177809_b,,,,,field,public final float
avq,c,field_177810_c,,,,,field,public final float
avq,d,field_177806_d,,,,,field,public final float
avq,e,field_177808_e,,,,,field,public final float
avq,f,field_177803_f,,,,,field,public final float
avq,g,field_177804_g,,,,,field,public final float
avq,h,field_177825_h,,,,,field,public final float
avq,i,field_177827_i,,,,,field,public final float
avq,j,field_177821_j,,,,,field,public final float
avq,k,field_177823_k,,,,,field,public final float
avq,l,field_177817_l,,,,,field,public final float
avq,m,field_177819_m,,,,,field,public final float
avq,n,field_177813_n,,,,,field,public final float
avq,o,field_177815_o,,,,,field,public final float
avq,p,field_177843_p,,,,,field,public final float
avq,q,field_177841_q,,,,,field,public final int
avq,r,field_177839_r,,,,,field,public final boolean
avq,s,field_177837_s,,,,,field,public final boolean
avq,t,field_177835_t,,,,,field,public final int
avq,u,field_177833_u,,,,,field,public final boolean
avq,v,field_177831_v,,,,,field,public final boolean
avq,w,field_177829_w,,,,,field,public final boolean
avq,x,field_177854_x,,,,,field,public final boolean
avq,y,field_177852_y,,,,,field,public final boolean
avq,z,field_191077_z,,,,,field,public final boolean
avq,A,field_177850_z,,,,,field,public final boolean
avq,B,field_177781_A,,,,,field,public final boolean
avq,C,field_177782_B,,,,,field,public final int
avq,D,field_177783_C,,,,,field,public final boolean
avq,E,field_177777_D,,,,,field,public final int
avq,F,field_177778_E,,,,,field,public final boolean
avq,G,field_177779_F,,,,,field,public final int
avq,H,field_177780_G,,,,,field,public final int
avq,I,field_177788_H,,,,,field,public final int
avq,J,field_177789_I,,,,,field,public final int
avq,K,field_177790_J,,,,,field,public final int
avq,L,field_177791_K,,,,,field,public final int
avq,M,field_177784_L,,,,,field,public final int
avq,N,field_177785_M,,,,,field,public final int
avq,O,field_177786_N,,,,,field,public final int
avq,P,field_177787_O,,,,,field,public final int
avq,Q,field_177797_P,,,,,field,public final int
avq,R,field_177796_Q,,,,,field,public final int
avq,S,field_177799_R,,,,,field,public final int
avq,T,field_177798_S,,,,,field,public final int
avq,U,field_177793_T,,,,,field,public final int
avq,V,field_177792_U,,,,,field,public final int
avq,W,field_177795_V,,,,,field,public final int
avq,X,field_177794_W,,,,,field,public final int
avq,Y,field_177801_X,,,,,field,public final int
avq,Z,field_177800_Y,,,,,field,public final int
avq,aa,field_177802_Z,,,,,field,public final int
avq,ab,field_177846_aa,,,,,field,public final int
avq,ac,field_177847_ab,,,,,field,public final int
avq,ad,field_177844_ac,,,,,field,public final int
avq,ae,field_177845_ad,,,,,field,public final int
avq,af,field_177851_ae,,,,,field,public final int
avq,ag,field_177853_af,,,,,field,public final int
avq,ah,field_177848_ag,,,,,field,public final int
avq,ai,field_177849_ah,,,,,field,public final int
avq,aj,field_177832_ai,,,,,field,public final int
avq,ak,field_177834_aj,,,,,field,public final int
avq,al,field_177828_ak,,,,,field,public final int
avq,am,field_177830_al,,,,,field,public final int
avq,an,field_177840_am,,,,,field,public final int
avq,ao,field_177842_an,,,,,field,public final int
avq,ap,field_177836_ao,,,,,field,public final int
avq,aq,field_177838_ap,,,,,field,public final int
avq,ar,field_177818_aq,,,,,field,public final int
avq,as,field_177816_ar,,,,,field,public final int
avq,at,field_177814_as,,,,,field,public final int
avq,au,field_177812_at,,,,,field,public final int
avq,av,field_177826_au,,,,,field,public final int
avq,aw,field_177824_av,,,,,field,public final int
avq,ax,field_177822_aw,,,,,field,public final int
avq,ay,field_177820_ax,,,,,field,public final int
avq,az,field_177807_ay,,,,,field,public final int
avq,aA,field_177805_az,,,,,field,public final int
avr,c,field_177464_a,,,,,field,private static final List<IBlockData>
avr,d,field_177462_b,,,,,field,private static final int
avr,e,field_181039_c,,,,,field,private static final int
avr,a,field_185934_a,,,,,field,protected static final IBlockData
avr,b,field_185935_b,,,,,field,protected static final IBlockData
avr,f,field_177463_c,,,,,field,private final World
avs,a,field_73163_a,,,,,field,private final World
avs,b,field_73161_b,,,,,field,private final Random
avs,c,field_82700_c,,,,,field,private final IBlockData[]
avs,d,field_82699_e,,,,,field,private final WorldGenFlatInfo
avs,e,field_82696_f,,,,,field,"private final Map<String, StructureGenerator>"
avs,f,field_82697_g,,,,,field,private final boolean
avs,g,field_82702_h,,,,,field,private final boolean
avs,h,field_82703_i,,,,,field,private WorldGenLakes
avs,i,field_82701_j,,,,,field,private WorldGenLakes
avt,a,field_186126_a,,,,,field,protected static final IBlockData
avt,b,field_186127_b,,,,,field,protected static final IBlockData
avt,c,field_186128_c,,,,,field,protected static final IBlockData
avt,d,field_186129_d,,,,,field,protected static final IBlockData
avu,e,field_75040_a,,,,,field,protected int
avu,f,field_75038_b,,,,,field,protected Random
avu,g,field_75039_c,,,,,field,protected World
avv,a,field_186130_a,,,,,field,protected static final IBlockData
avw,a,field_185940_a,,,,,field,protected static final IBlockData
avw,b,field_185941_b,,,,,field,protected static final IBlockData
avw,c,field_185942_c,,,,,field,protected static final IBlockData
avw,d,field_185943_d,,,,,field,protected static final IBlockData
avw,e,field_185944_e,,,,,field,protected static final IBlockData
avw,f,field_185945_f,,,,,field,protected static final IBlockData
avw,n,field_185952_n,,,,,field,private final World
avw,o,field_185953_o,,,,,field,private final boolean
avw,p,field_185954_p,,,,,field,private final Random
avw,q,field_73185_q,,,,,field,private double[]
avw,r,field_73184_r,,,,,field,private double[]
avw,s,field_185955_s,,,,,field,private double[]
avw,t,field_185956_t,,,,,field,private double[]
avw,u,field_185957_u,,,,,field,private final NoiseGeneratorOctaves
avw,v,field_185958_v,,,,,field,private final NoiseGeneratorOctaves
avw,w,field_185959_w,,,,,field,private final NoiseGeneratorOctaves
avw,x,field_73177_m,,,,,field,private final NoiseGeneratorOctaves
avw,y,field_73174_n,,,,,field,private final NoiseGeneratorOctaves
avw,g,field_185946_g,,,,,field,public final NoiseGeneratorOctaves
avw,h,field_185947_h,,,,,field,public final NoiseGeneratorOctaves
avw,z,field_177470_t,,,,,field,private final WorldGenFire
avw,A,field_177469_u,,,,,field,private final WorldGenLightStone1
avw,B,field_177468_v,,,,,field,private final WorldGenLightStone2
avw,C,field_177467_w,,,,,field,private final WorldGenerator
avw,D,field_189888_D,,,,,field,private final WorldGenerator
avw,E,field_177473_x,,,,,field,private final WorldGenHellLava
avw,F,field_177472_y,,,,,field,private final WorldGenHellLava
avw,G,field_177471_z,,,,,field,private final WorldGenMushrooms
avw,H,field_177465_A,,,,,field,private final WorldGenMushrooms
avw,I,field_73172_c,,,,,field,private final WorldGenNether
avw,J,field_185939_I,,,,,field,private final WorldGenBase
avw,i,field_185948_i,,,,,field,double[]
avw,j,field_185949_j,,,,,field,double[]
avw,k,field_185950_k,,,,,field,double[]
avw,l,field_73168_g,,,,,field,double[]
avw,m,field_185951_m,,,,,field,double[]
avx,a,field_185982_a,,,,,field,protected static final IBlockData
avx,i,field_185990_i,,,,,field,private final Random
avx,j,field_185991_j,,,,,field,private final NoiseGeneratorOctaves
avx,k,field_185992_k,,,,,field,private final NoiseGeneratorOctaves
avx,l,field_185993_l,,,,,field,private final NoiseGeneratorOctaves
avx,m,field_185994_m,,,,,field,private final NoiseGenerator3
avx,b,field_185983_b,,,,,field,public NoiseGeneratorOctaves
avx,c,field_185984_c,,,,,field,public NoiseGeneratorOctaves
avx,d,field_185985_d,,,,,field,public NoiseGeneratorOctaves
avx,n,field_185995_n,,,,,field,private final World
avx,o,field_185996_o,,,,,field,private final boolean
avx,p,field_185997_p,,,,,field,private final WorldType
avx,q,field_185998_q,,,,,field,private final double[]
avx,r,field_185999_r,,,,,field,private final float[]
avx,s,field_186000_s,,,,,field,private CustomWorldSettingsFinal
avx,t,field_186001_t,,,,,field,private IBlockData
avx,u,field_186002_u,,,,,field,private double[]
avx,v,field_186003_v,,,,,field,private final WorldGenBase
avx,w,field_186004_w,,,,,field,private final WorldGenStronghold
avx,x,field_186005_x,,,,,field,private final WorldGenVillage
avx,y,field_186006_y,,,,,field,private final WorldGenMineshaft
avx,z,field_186007_z,,,,,field,private final WorldGenLargeFeature
avx,A,field_185979_A,,,,,field,private final WorldGenBase
avx,B,field_185980_B,,,,,field,private final WorldGenMonument
avx,C,field_191060_C,,,,,field,private final WorldGenWoodlandMansion
avx,D,field_185981_C,,,,,field,private BiomeBase[]
avx,e,field_185986_e,,,,,field,double[]
avx,f,field_185987_f,,,,,field,double[]
avx,g,field_185988_g,,,,,field,double[]
avx,h,field_185989_h,,,,,field,double[]
avy,h,field_73220_k,,,,,field,private final Random
avy,a,field_185964_a,,,,,field,protected static final IBlockData
avy,b,field_185965_b,,,,,field,protected static final IBlockData
avy,i,field_185969_i,,,,,field,private final NoiseGeneratorOctaves
avy,j,field_185970_j,,,,,field,private final NoiseGeneratorOctaves
avy,k,field_185971_k,,,,,field,private final NoiseGeneratorOctaves
avy,c,field_73214_a,,,,,field,public NoiseGeneratorOctaves
avy,d,field_73212_b,,,,,field,public NoiseGeneratorOctaves
avy,l,field_73230_p,,,,,field,private final World
avy,m,field_73229_q,,,,,field,private final boolean
avy,n,field_191061_n,,,,,field,private final BlockPosition
avy,o,field_185972_n,,,,,field,private final WorldGenEndCity
avy,p,field_185973_o,,,,,field,private final NoiseGenerator3Handler
avy,q,field_185974_p,,,,,field,private double[]
avy,r,field_73231_z,,,,,field,private BiomeBase[]
avy,e,field_185966_e,,,,,field,double[]
avy,f,field_185967_f,,,,,field,double[]
avy,g,field_185968_g,,,,,field,double[]
avy,s,field_185975_r,,,,,field,private final WorldGenEndIsland
awa$a,b,field_178000_b,,,,,field,private final int
awa,k,field_175949_k,,,,,field,private Random
awa,l,field_175946_l,,,,,field,private World
awa,m,field_175947_m,,,,,field,private BlockPosition
awa,a,field_76504_e,,,,,field,int
awa,b,field_76501_f,,,,,field,int
awa,c,field_76502_g,,,,,field,double
awa,d,field_175944_d,,,,,field,double
awa,e,field_175945_e,,,,,field,double
awa,f,field_76513_k,,,,,field,double
awa,g,field_175943_g,,,,,field,int
awa,h,field_175950_h,,,,,field,int
awa,i,field_76508_n,,,,,field,int
awa,j,field_175948_j,,,,,field,List<WorldGenBigTree$Position>
awb,a,field_181629_a,,,,,field,private static final IBlockData
awb,b,field_181630_b,,,,,field,private static final IBlockData
awb,c,field_150531_a,,,,,field,private final boolean
awc,a,field_150545_a,,,,,field,private final Block
awc,b,field_150544_b,,,,,field,private final int
awe,a,field_175908_a,,,,,field,private final BlockPlant
awg,a,field_150546_a,,,,,field,private final Block
awg,b,field_76517_b,,,,,field,private final int
awi,a,field_175913_a,,,,,field,private static final BlockStatePredicate
awi,b,field_175911_b,,,,,field,private final IBlockData
awi,c,field_175912_c,,,,,field,private final IBlockData
awi,d,field_175910_d,,,,,field,private final IBlockData
awj,a,field_150549_a,,,,,field,private BlockTallPlant$EnumTallFlowerVariants
awm,a,field_186139_a,,,,,field,public static final BlockPosition
awm,b,field_186140_b,,,,,field,public static final BlockPosition
awm,c,field_186141_c,,,,,field,private final boolean
awn,a,field_76488_a,,,,,field,private final boolean
awo,a,field_150552_a,,,,,field,private BlockFlowers
awo,b,field_175915_b,,,,,field,private IBlockData
awp,a,field_189890_a,,,,,field,private static final MinecraftKey
awp,b,field_189891_b,,,,,field,private static final MinecraftKey
awp,c,field_189892_c,,,,,field,private static final MinecraftKey
awp,d,field_189893_d,,,,,field,private static final MinecraftKey
awp,e,field_189894_e,,,,,field,private static final MinecraftKey
awp,f,field_189895_f,,,,,field,private static final MinecraftKey
awp,g,field_189896_g,,,,,field,private static final MinecraftKey
awp,h,field_189897_h,,,,,field,private static final MinecraftKey
awp,i,field_189898_i,,,,,field,private static final MinecraftKey
awp,j,field_189899_j,,,,,field,private static final MinecraftKey
awp,k,field_189900_k,,,,,field,private static final MinecraftKey
awp,l,field_189901_l,,,,,field,private static final MinecraftKey
awp,m,field_189902_m,,,,,field,private static final MinecraftKey
awp,n,field_189903_n,,,,,field,private static final MinecraftKey
awp,o,field_189904_o,,,,,field,private static final MinecraftKey
awp,p,field_189905_p,,,,,field,private static final MinecraftKey
awp,q,field_189906_q,,,,,field,private static final MinecraftKey[]
awp,r,field_189907_r,,,,,field,private static final MinecraftKey[]
awq,a,field_150528_a,,,,,field,private final IBlockData
awq,b,field_150527_b,,,,,field,private final IBlockData
awt,a,field_150553_a,,,,,field,private final Block
awt,b,field_94524_b,,,,,field,private final boolean
awu,a,field_76523_a,,,,,field,private final Block
awv,a,field_150555_a,,,,,field,private final Block
awv,b,field_150554_b,,,,,field,private final int
awx,a,field_150556_a,,,,,field,private final Block
ax,a,field_175785_a,,,,,field,"private static final Map<String, Integer>"
axa,e,field_181633_e,,,,,field,private static final IBlockData
axa,f,field_181634_f,,,,,field,private static final IBlockData
axa,g,field_181635_g,,,,,field,private static final IBlockData
axa,h,field_150542_e,,,,,field,private final boolean
axb,a,field_76522_a,,,,,field,protected final int
axb,b,field_76520_b,,,,,field,protected final IBlockData
axb,c,field_76521_c,,,,,field,protected final IBlockData
axb,d,field_150538_d,,,,,field,protected int
axd,a,field_175918_a,,,,,field,private static final org.apache.logging.log4j.Logger
axd,b,field_175916_b,,,,,field,private static final MinecraftKey[]
axe,a,field_175920_a,,,,,field,private final IBlockData
axe,b,field_76541_b,,,,,field,private final int
axe,c,field_175919_c,,,,,field,private final com.google.common.base.Predicate<IBlockData>
axf,a,field_181636_a,,,,,field,private static final IBlockData
axf,b,field_181637_b,,,,,field,private static final IBlockData
axi,a,field_181640_a,,,,,field,private static final IBlockData
axi,b,field_181641_b,,,,,field,private static final IBlockData
axj,a,field_150517_a,,,,,field,private final Block
axj,b,field_76539_b,,,,,field,private final int
axk,a,field_181643_a,,,,,field,private static final IBlockData
axk,b,field_181644_b,,,,,field,private static final IBlockData
axl$a,a,field_186155_a,,,,,field,private final int
axl$a,b,field_186156_b,,,,,field,private final int
axl$a,c,field_186157_c,,,,,field,private final int
axl$a,d,field_186158_d,,,,,field,private final int
axl$a,e,field_186159_e,,,,,field,private final boolean
axl$a,f,field_186160_f,,,,,field,private final AxisAlignedBB
axl,a,field_186145_a,,,,,field,private boolean
axl,b,field_186146_b,,,,,field,private WorldGenEnder$Spike
axl,c,field_186147_c,,,,,field,private BlockPosition
axm,a,field_150521_a,,,,,field,private final Block
axn,a,field_181645_a,,,,,field,private static final IBlockData
axn,b,field_181646_b,,,,,field,private static final IBlockData
axo,a,field_181648_a,,,,,field,private static final IBlockData
axo,b,field_181649_b,,,,,field,private static final IBlockData
axp,a,field_175907_a,,,,,field,private final IBlockData
axq,a,field_181653_a,,,,,field,private static final IBlockData
axq,b,field_181654_b,,,,,field,private static final IBlockData
axq,c,field_76533_a,,,,,field,private final int
axq,d,field_76531_b,,,,,field,private final boolean
axq,e,field_76532_c,,,,,field,private final IBlockData
axq,f,field_76530_d,,,,,field,private final IBlockData
axu,a,field_82655_a,layers,,,,field,private final List<WorldGenFlatLayerInfo>
axu,b,field_82653_b,structures,,,,field,"private final Map<String, Map<String, String>>"
axu,c,field_82654_c,,,,,field,private int
axv,a,field_175902_a,,,,,field,private final int
axv,b,field_175901_b,,,,,field,private IBlockData
axv,c,field_82664_a,,,,,field,private int
axv,d,field_82661_d,,,,,field,private int
axz,a,field_78897_a,,,,,field,public int
axz,b,field_78895_b,,,,,field,public int
axz,c,field_78896_c,,,,,field,public int
axz,d,field_78893_d,,,,,field,public int
axz,e,field_78894_e,,,,,field,public int
axz,f,field_78892_f,,,,,field,public int
aya$a,c,field_186163_c,,,,,field,private boolean
aya,a,field_186131_a,,,,,field,private final int
aya,b,field_186132_b,,,,,field,private final int
aya,d,field_186133_d,,,,,field,private final ChunkProviderTheEnd
ayb$3,a,field_186186_a,,,,,field,public boolean
ayb$a,d,field_186181_d,,,,,field,private String
ayb$a,e,field_186182_e,,,,,field,private EnumBlockRotation
ayb$a,f,field_186183_f,,,,,field,private boolean
ayb,a,field_186202_b,,,,,field,private static final DefinedStructureInfo
ayb,b,field_186203_c,,,,,field,private static final DefinedStructureInfo
ayb,c,field_186204_d,,,,,field,private static final WorldGenEndCityPieces$PieceGenerator
ayb,d,field_186205_e,,,,,field,"private static final List<Tuple<EnumBlockRotation, BlockPosition>>"
ayb,e,field_186206_f,,,,,field,private static final WorldGenEndCityPieces$PieceGenerator
ayb,f,field_186207_g,,,,,field,private static final WorldGenEndCityPieces$PieceGenerator
ayb,g,field_186208_h,,,,,field,"private static final List<Tuple<EnumBlockRotation, BlockPosition>>"
ayb,h,field_186209_i,,,,,field,private static final WorldGenEndCityPieces$PieceGenerator
ayc$a,a,NORMAL,NORMAL,,,,enum,
ayc$a,b,MESA,MESA,,,,enum,
ayc,a,field_82673_e,,,,,field,private double
ayd$a,b,field_74958_a,,,,,field,private boolean
ayd$a,c,field_74956_b,,,,,field,private boolean
ayd$a,d,field_74957_c,,,,,field,private boolean
ayd$a,e,field_74955_d,,,,,field,private int
ayd$b,b,field_74953_a,,,,,field,private EnumDirection
ayd$b,c,field_74952_b,,,,,field,private boolean
ayd$c,a,field_189920_a,,,,,field,protected WorldGenMineshaft$Type
ayd$d,b,field_74949_a,,,,,field,private final List<StructureBoundingBox>
aye,c,field_189908_c,,,,,field,private WorldGenMineshaft$Type
ayf,a,field_75060_e,,,,,field,private final List<BiomeBase$BiomeMeta>
ayg$b,a,field_74972_a,,,,,field,private int
ayg$h,a,field_111021_b,,,,,field,private boolean
ayg$j,a,field_111020_b,,,,,field,private boolean
ayg$l,a,field_74976_a,,,,,field,private boolean
ayg$n,a,field_78828_a,,,,,field,public Class<? extends WorldGenNetherPieces$WorldGenNetherPiece>
ayg$n,b,field_78826_b,,,,,field,public final int
ayg$n,c,field_78827_c,,,,,field,public int
ayg$n,d,field_78824_d,,,,,field,public int
ayg$n,e,field_78825_e,,,,,field,public boolean
ayg$q,a,field_74970_a,,,,,field,public WorldGenNetherPieces$WorldGenNetherPieceWeight
ayg$q,b,field_74968_b,,,,,field,public List<WorldGenNetherPieces$WorldGenNetherPieceWeight>
ayg$q,c,field_74969_c,,,,,field,public List<WorldGenNetherPieces$WorldGenNetherPieceWeight>
ayg$q,d,field_74967_d,,,,,field,public List<StructurePiece>
ayg,a,field_78742_a,,,,,field,private static final WorldGenNetherPieces$WorldGenNetherPieceWeight[]
ayg,b,field_78741_b,,,,,field,private static final WorldGenNetherPieces$WorldGenNetherPieceWeight[]
ayh$a,c,field_175791_c,,,,,field,private final Set<ChunkCoordIntPair>
ayh$a,d,field_175790_d,,,,,field,private boolean
ayh,d,field_175800_f,,,,,field,private int
ayh,h,field_175801_g,,,,,field,private int
ayh,a,field_175802_d,,,,,field,public static final List<BiomeBase>
ayh,b,field_186134_b,,,,,field,public static final List<BiomeBase>
ayh,i,field_175803_h,,,,,field,private static final List<BiomeBase$BiomeMeta>
ayi$h,n,field_175845_o,,,,,field,private WorldGenMonumentPieces$WorldGenMonumentStateTracker
ayi$h,o,field_175844_p,,,,,field,private WorldGenMonumentPieces$WorldGenMonumentStateTracker
ayi$h,p,field_175843_q,,,,,field,private final List<WorldGenMonumentPieces$WorldGenMonumentPiece>
ayi$r,a,field_175828_a,,,,,field,protected static final IBlockData
ayi$r,b,field_175826_b,,,,,field,protected static final IBlockData
ayi$r,c,field_175827_c,,,,,field,protected static final IBlockData
ayi$r,d,field_175824_d,,,,,field,protected static final IBlockData
ayi$r,e,field_175825_e,,,,,field,protected static final IBlockData
ayi$r,f,field_175822_f,,,,,field,protected static final IBlockData
ayi$r,g,field_175823_g,,,,,field,protected static final int
ayi$r,h,field_175831_h,,,,,field,protected static final int
ayi$r,i,field_175832_i,,,,,field,protected static final int
ayi$r,j,field_175829_j,,,,,field,protected static final int
ayi$r,k,field_175830_k,,,,,field,protected WorldGenMonumentPieces$WorldGenMonumentStateTracker
ayi$s,n,field_175833_o,,,,,field,private int
ayi$u,n,field_175834_o,,,,,field,private int
ayi$v,a,field_175967_a,,,,,field,int
ayi$v,b,field_175965_b,,,,,field,WorldGenMonumentPieces$WorldGenMonumentStateTracker[]
ayi$v,c,field_175966_c,,,,,field,boolean[]
ayi$v,d,field_175963_d,,,,,field,boolean
ayi$v,e,field_175964_e,,,,,field,boolean
ayi$v,f,field_175962_f,,,,,field,int
ayj,a,field_75061_e,,,,,field,private static final List<BiomeBase>
ayj,b,field_82668_f,,,,,field,private final List<BiomeBase$BiomeMeta>
ayj,d,field_82669_g,,,,,field,private int
ayj,h,field_82670_h,,,,,field,private final int
ayk$a,e,field_74940_h,,,,,field,private final boolean[]
ayk$b,e,field_186170_e,,,,,field,private static final MinecraftKey
ayk$b,f,field_186171_f,,,,,field,private static final MinecraftKey
ayk$b,g,field_186172_g,,,,,field,private static final MinecraftKey
ayk$c,e,field_74947_h,,,,,field,private boolean
ayk$c,f,field_74948_i,,,,,field,private boolean
ayk$c,g,field_74945_j,,,,,field,private boolean
ayk$c,h,field_74946_k,,,,,field,private boolean
ayk$c,i,field_74942_n,,,,,field,private static final WorldGenRegistration$WorldGenJungleTemple$WorldGenJungleTemplePiece
ayk$d,a,field_74939_a,,,,,field,protected int
ayk$d,b,field_74937_b,,,,,field,protected int
ayk$d,c,field_74938_c,,,,,field,protected int
ayk$d,d,field_74936_d,,,,,field,protected int
ayk$e,e,field_82682_h,,,,,field,private boolean
ayl,a,field_151546_e,,,,,field,private final List<BiomeBase>
ayl,b,field_75056_f,,,,,field,private boolean
ayl,d,field_75057_g,,,,,field,private ChunkCoordIntPair[]
ayl,h,field_82671_h,,,,,field,private double
ayl,i,field_82672_i,,,,,field,private int
aym$a,a,field_75002_c,,,,,field,private boolean
aym$b,a,field_74993_a,,,,,field,private int
aym$c,a,field_74996_b,,,,,field,private boolean
aym$c,b,field_74997_c,,,,,field,private boolean
aym$c,c,field_74995_d,,,,,field,private boolean
aym$c,e,field_74999_h,,,,,field,private boolean
aym$e,a,field_75008_c,,,,,field,private boolean
aym$f,a,field_75194_a,,,,,field,public Class<? extends WorldGenStrongholdPieces$WorldGenStrongholdPiece>
aym$f,b,field_75192_b,,,,,field,public final int
aym$f,c,field_75193_c,,,,,field,public int
aym$f,d,field_75191_d,,,,,field,public int
aym$g,a,field_75005_a,,,,,field,private boolean
aym$j,a,field_75013_b,,,,,field,protected int
aym$l,a,field_75024_a,,,,,field,private boolean
aym$m,a,field_75027_a,,,,,field,public WorldGenStrongholdPieces$WorldGenStrongholdPieceWeight
aym$m,b,field_75025_b,,,,,field,public WorldGenStrongholdPieces$WorldGenStrongholdPortalRoom
aym$m,c,field_75026_c,,,,,field,public List<StructurePiece>
aym$n,a,field_75019_b,,,,,field,private boolean
aym$n,b,field_75020_c,,,,,field,private boolean
aym$p$a,a,OPENING,OPENING,,,,enum,
aym$p$a,b,WOOD_DOOR,WOOD_DOOR,,,,enum,
aym$p$a,c,GRATES,GRATES,,,,enum,
aym$p$a,d,IRON_DOOR,IRON_DOOR,,,,enum,
aym$p,d,field_143013_d,,,,,field,protected WorldGenStrongholdPieces$WorldGenStrongholdPiece$WorldGenStrongholdDoorType
aym,b,field_75205_b,,,,,field,private static final WorldGenStrongholdPieces$WorldGenStrongholdPieceWeight[]
aym,c,field_75206_c,,,,,field,private static List<WorldGenStrongholdPieces$WorldGenStrongholdPieceWeight>
aym,d,field_75203_d,,,,,field,private static Class<? extends WorldGenStrongholdPieces$WorldGenStrongholdPiece>
aym,a,field_75207_a,,,,,field,static int
aym,e,field_75204_e,,,,,field,private static final WorldGenStrongholdPieces$WorldGenStrongholdStones
ayn,a,field_143029_e,,,,,field,private PersistentStructure
ayn,c,field_75053_d,,,,,field,protected it.unimi.dsi.fastutil.longs.Long2ObjectMap<StructureStart>
ayo,a,field_151687_a,,,,,field,private static final org.apache.logging.log4j.Logger
ayo,b,field_143040_a,,,,,field,"private static final Map<String, Class<? extends StructureStart>>"
ayo,c,field_143038_b,,,,,field,"private static final Map<Class<? extends StructureStart>, String>"
ayo,d,field_143039_c,,,,,field,"private static final Map<String, Class<? extends StructurePiece>>"
ayo,e,field_143037_d,,,,,field,"private static final Map<Class<? extends StructurePiece>, String>"
ayp,b,field_143044_a,,,,,field,private NBTTagCompound
ayq$a,a,field_151562_a,,,,,field,protected IBlockData
ayq,l,field_74887_e,,,,,field,protected StructureBoundingBox
ayq,a,field_74885_f,,,,,field,private EnumDirection
ayq,b,field_186168_b,,,,,field,private EnumBlockMirror
ayq,c,field_186169_c,,,,,field,private EnumBlockRotation
ayq,m,field_74886_g,,,,,field,protected int
ayr,a,field_75075_a,,,,,field,protected List<StructurePiece>
ayr,b,field_75074_b,,,,,field,protected StructureBoundingBox
ayr,c,field_143024_c,,,,,field,private int
ayr,d,field_143023_d,,,,,field,private int
ays,d,field_186179_d,,,,,field,private static final DefinedStructureInfo
ays,a,field_186176_a,,,,,field,protected DefinedStructure
ays,b,field_186177_b,,,,,field,protected DefinedStructureInfo
ays,c,field_186178_c,,,,,field,protected BlockPosition
ayt$a,c,field_75076_c,,,,,field,private boolean
ayt,a,field_75055_e,,,,,field,public static final List<BiomeBase>
ayt,b,field_75054_f,,,,,field,private int
ayt,d,field_82665_g,,,,,field,private int
ayt,h,field_82666_h,,,,,field,private final int
ayu$b,a,field_82679_b,,,,,field,private Block
ayu$b,b,field_82680_c,,,,,field,private Block
ayu$b,c,field_82678_d,,,,,field,private Block
ayu$b,d,field_82681_h,,,,,field,private Block
ayu$c,a,field_82675_b,,,,,field,private Block
ayu$c,b,field_82676_c,,,,,field,private Block
ayu$e,a,field_75090_a,,,,,field,public Class<? extends WorldGenVillagePieces$WorldGenVillagePiece>
ayu$e,b,field_75088_b,,,,,field,public final int
ayu$e,c,field_75089_c,,,,,field,public int
ayu$e,d,field_75087_d,,,,,field,public int
ayu$g,a,field_74913_b,,,,,field,private boolean
ayu$h,a,field_74909_b,,,,,field,private boolean
ayu$h,b,field_74910_c,,,,,field,private int
ayu$j,a,field_74917_c,,,,,field,private boolean
ayu$k,a,field_74929_a,,,,,field,public WorldChunkManager
ayu$k,b,field_74928_c,,,,,field,public int
ayu$k,c,field_74926_d,,,,,field,public WorldGenVillagePieces$WorldGenVillagePieceWeight
ayu$k,d,field_74931_h,,,,,field,public List<WorldGenVillagePieces$WorldGenVillagePieceWeight>
ayu$k,e,field_74932_i,,,,,field,public List<StructurePiece>
ayu$k,f,field_74930_j,,,,,field,public List<StructurePiece>
ayu$l,a,field_74934_a,,,,,field,private int
ayu$n,g,field_143015_k,,,,,field,protected int
ayu$n,a,field_74896_a,,,,,field,private int
ayu$n,h,field_189928_h,,,,,field,protected int
ayu$n,i,field_189929_i,,,,,field,protected boolean
ayv$a,c,field_191093_c,,,,,field,private boolean
ayv,b,field_191073_b,,,,,field,private final int
ayv,d,field_191074_d,,,,,field,private final int
ayv,a,field_191072_a,,,,,field,public static final List<BiomeBase>
ayv,h,field_191075_h,,,,,field,private final ChunkProviderGenerate
ayw$c,a,field_191117_a,,,,,field,private final Random
ayw$c,b,field_191118_b,,,,,field,private final WorldGenWoodlandMansionPieces$g
ayw$c,c,field_191119_c,,,,,field,private final WorldGenWoodlandMansionPieces$g
ayw$c,d,field_191120_d,,,,,field,private final WorldGenWoodlandMansionPieces$g[]
ayw$c,e,field_191121_e,,,,,field,private final int
ayw$c,f,field_191122_f,,,,,field,private final int
ayw$d,a,field_191134_a,,,,,field,private final DefinedStructureManager
ayw$d,b,field_191135_b,,,,,field,private final Random
ayw$d,c,field_191136_c,,,,,field,private int
ayw$d,d,field_191137_d,,,,,field,private int
ayw$e,a,field_191138_a,,,,,field,public EnumBlockRotation
ayw$e,b,field_191139_b,,,,,field,public BlockPosition
ayw$e,c,field_191140_c,,,,,field,public String
ayw$g,a,field_191148_a,,,,,field,private final int[][]
ayw$g,b,field_191149_b,,,,,field,private final int
ayw$g,c,field_191150_c,,,,,field,private final int
ayw$g,d,field_191151_d,,,,,field,private final int
ayw$i,d,field_191082_d,,,,,field,private String
ayw$i,e,field_191083_e,,,,,field,private EnumBlockRotation
ayw$i,f,field_191084_f,,,,,field,private EnumBlockMirror
ayy,a,field_189944_a,,,,,field,private final float
ayy,b,field_189945_b,,,,,field,private final Random
ayz,a,field_186240_a,,,,,field,"private final Map<String, DefinedStructure>"
ayz,b,field_186241_b,,,,,field,private final String
ayz,c,field_191154_c,,,,,field,private final DataConverterManager
aza,a,field_186228_a,,,,,field,private EnumBlockMirror
aza,b,field_186229_b,,,,,field,private EnumBlockRotation
aza,c,field_186230_c,,,,,field,private boolean
aza,d,field_186231_d,,,,,field,private Block
aza,e,field_186232_e,,,,,field,private ChunkCoordIntPair
aza,f,field_186233_f,,,,,field,private StructureBoundingBox
aza,g,field_186234_g,,,,,field,private boolean
aza,h,field_189951_h,,,,,field,private float
aza,i,field_189952_i,,,,,field,private Random
aza,j,field_189953_j,,,,,field,private Long
azc$a,a,field_189957_a,,,,,field,public static final IBlockData
azc$a,b,field_189958_b,,,,,field,final RegistryBlockID<IBlockData>
azc$a,c,field_189959_c,,,,,field,private int
azc$b,a,field_186242_a,,,,,field,public final BlockPosition
azc$b,b,field_186243_b,,,,,field,public final IBlockData
azc$b,c,field_186244_c,,,,,field,public final NBTTagCompound
azc$c,a,field_186247_a,,,,,field,public final Vec3D
azc$c,b,field_186248_b,,,,,field,public final BlockPosition
azc$c,c,field_186249_c,,,,,field,public final NBTTagCompound
azc,a,field_186270_a,,,,,field,private final List<DefinedStructure$BlockInfo>
azc,b,field_186271_b,,,,,field,private final List<DefinedStructure$EntityInfo>
azc,c,field_186272_c,,,,,field,private BlockPosition
azc,d,field_186273_d,,,,,field,private String
azh,d,field_76312_d,,,,,field,private final int[]
azh,a,field_76315_a,,,,,field,public double
azh,b,field_76313_b,,,,,field,public double
azh,c,field_76314_c,,,,,field,public double
azh,e,field_152381_e,,,,,field,private static final double[]
azh,f,field_152382_f,,,,,field,private static final double[]
azh,g,field_152383_g,,,,,field,private static final double[]
azh,h,field_152384_h,,,,,field,private static final double[]
azh,i,field_152385_i,,,,,field,private static final double[]
azi,a,field_76307_a,,,,,field,private final NoiseGeneratorPerlin[]
azi,b,field_76306_b,,,,,field,private final int
azj,a,field_151603_a,,,,,field,private final NoiseGenerator3Handler[]
azj,b,field_151602_b,,,,,field,private final int
azm,e,field_151611_e,,,,,field,private static final int[][]
azm,a,field_151614_a,,,,,field,public static final double
azm,f,field_151608_f,,,,,field,private final int[]
azm,b,field_151612_b,,,,,field,public double
azm,c,field_151613_c,,,,,field,public double
azm,d,field_151610_d,,,,,field,public double
azm,g,field_151609_g,,,,,field,private static final double
azm,h,field_151615_h,,,,,field,private static final double
azs,a,field_151579_a,AIR,,,,field,public static final Material
azs,b,field_151577_b,GRASS,,,,field,public static final Material
azs,c,field_151578_c,EARTH,,,,field,public static final Material
azs,d,field_151575_d,WOOD,,,,field,public static final Material
azs,e,field_151576_e,STONE,,,,field,public static final Material
azs,f,field_151573_f,ORE,,,,field,public static final Material
azs,g,field_151574_g,HEAVY,,,,field,public static final Material
azs,h,field_151586_h,WATER,,,,field,public static final Material
azs,i,field_151587_i,LAVA,,,,field,public static final Material
azs,j,field_151584_j,LEAVES,,,,field,public static final Material
azs,k,field_151585_k,PLANT,,,,field,public static final Material
azs,l,field_151582_l,REPLACEABLE_PLANT,,,,field,public static final Material
azs,m,field_151583_m,SPONGE,,,,field,public static final Material
azs,n,field_151580_n,CLOTH,,,,field,public static final Material
azs,o,field_151581_o,FIRE,,,,field,public static final Material
azs,p,field_151595_p,SAND,,,,field,public static final Material
azs,q,field_151594_q,ORIENTABLE,,,,field,public static final Material
azs,r,field_151593_r,WOOL,,,,field,public static final Material
azs,s,field_151592_s,SHATTERABLE,,,,field,public static final Material
azs,t,field_151591_t,BUILDABLE_GLASS,,,,field,public static final Material
azs,u,field_151590_u,TNT,,,,field,public static final Material
azs,v,field_151589_v,CORAL,,,,field,public static final Material
azs,w,field_151588_w,ICE,,,,field,public static final Material
azs,x,field_151598_x,SNOW_LAYER,,,,field,public static final Material
azs,y,field_151597_y,PACKED_ICE,,,,field,public static final Material
azs,z,field_151596_z,SNOW_BLOCK,,,,field,public static final Material
azs,A,field_151570_A,CACTUS,,,,field,public static final Material
azs,B,field_151571_B,CLAY,,,,field,public static final Material
azs,C,field_151572_C,PUMPKIN,,,,field,public static final Material
azs,D,field_151566_D,DRAGON_EGG,,,,field,public static final Material
azs,E,field_151567_E,PORTAL,,,,field,public static final Material
azs,F,field_151568_F,CAKE,,,,field,public static final Material
azs,G,field_151569_G,WEB,,,,field,public static final Material
azs,H,field_76233_E,PISTON,,,,field,public static final Material
azs,I,field_175972_I,BANNER,,,,field,public static final Material
azs,J,field_189963_J,,,,,field,public static final Material
azs,K,field_76235_G,canBurn,,,,field,private boolean
azs,L,field_76239_H,,,,,field,private boolean
azs,M,field_76240_I,,,,,field,private boolean
azs,N,field_76234_F,,,,,field,private final MaterialMapColor
azs,O,field_76241_J,,,,,field,private boolean
azs,P,field_76242_K,,,,,field,private EnumPistonReaction
azs,Q,field_85159_M,,,,,field,private boolean
azt,a,field_76281_a,,,,,field,public static final MaterialMapColor[]
azt,b,field_151660_b,,,,,field,public static final MaterialMapColor
azt,c,field_151661_c,,,,,field,public static final MaterialMapColor
azt,d,field_151658_d,,,,,field,public static final MaterialMapColor
azt,e,field_151659_e,,,,,field,public static final MaterialMapColor
azt,f,field_151656_f,,,,,field,public static final MaterialMapColor
azt,g,field_151657_g,,,,,field,public static final MaterialMapColor
azt,h,field_151668_h,,,,,field,public static final MaterialMapColor
azt,i,field_151669_i,,,,,field,public static final MaterialMapColor
azt,j,field_151666_j,,,,,field,public static final MaterialMapColor
azt,k,field_151667_k,,,,,field,public static final MaterialMapColor
azt,l,field_151664_l,,,,,field,public static final MaterialMapColor
azt,m,field_151665_m,,,,,field,public static final MaterialMapColor
azt,n,field_151662_n,,,,,field,public static final MaterialMapColor
azt,o,field_151663_o,,,,,field,public static final MaterialMapColor
azt,p,field_151677_p,,,,,field,public static final MaterialMapColor
azt,q,field_151676_q,,,,,field,public static final MaterialMapColor
azt,r,field_151675_r,,,,,field,public static final MaterialMapColor
azt,s,field_151674_s,,,,,field,public static final MaterialMapColor
azt,t,field_151673_t,,,,,field,public static final MaterialMapColor
azt,u,field_151672_u,,,,,field,public static final MaterialMapColor
azt,v,field_151671_v,,,,,field,public static final MaterialMapColor
azt,w,field_151670_w,,,,,field,public static final MaterialMapColor
azt,x,field_151680_x,,,,,field,public static final MaterialMapColor
azt,y,field_151679_y,,,,,field,public static final MaterialMapColor
azt,z,field_151678_z,,,,,field,public static final MaterialMapColor
azt,A,field_151649_A,,,,,field,public static final MaterialMapColor
azt,B,field_151650_B,,,,,field,public static final MaterialMapColor
azt,C,field_151651_C,,,,,field,public static final MaterialMapColor
azt,D,field_151645_D,,,,,field,public static final MaterialMapColor
azt,E,field_151646_E,,,,,field,public static final MaterialMapColor
azt,F,field_151647_F,,,,,field,public static final MaterialMapColor
azt,G,field_151648_G,,,,,field,public static final MaterialMapColor
azt,H,field_151652_H,,,,,field,public static final MaterialMapColor
azt,I,field_151653_I,,,,,field,public static final MaterialMapColor
azt,J,field_151654_J,,,,,field,public static final MaterialMapColor
azt,K,field_151655_K,,,,,field,public static final MaterialMapColor
azt,L,field_76291_p,,,,,field,public final int
azt,M,field_76290_q,,,,,field,public final int
azv,a,NORMAL,NORMAL,,,,enum,
azv,b,DESTROY,DESTROY,,,,enum,
azv,c,BLOCK,BLOCK,,,,enum,
azv,d,IGNORE,IGNORE,,,,enum,
azy$a,a,COOL_WARM,COOL_WARM,,,,enum,
azy$a,b,HEAT_ICE,HEAT_ICE,,,,enum,
azy$a,c,SPECIAL,SPECIAL,,,,enum,
azy,c,field_151627_c,,,,,field,private final GenLayerSpecial$EnumGenLayerSpecial
b,a,field_147150_a,,,,,field,private static final org.apache.logging.log4j.Logger
b,b,field_71513_a,,,,,field,private final String
b,c,field_71511_b,,,,,field,private final Throwable
b,d,field_85061_c,,,,,field,private final CrashReportSystemDetails
b,e,field_71512_c,,,,,field,private final List<CrashReportSystemDetails>
b,f,field_71510_d,,,,,field,private File
b,g,field_85059_f,,,,,field,private boolean
b,h,field_85060_g,,,,,field,private StackTraceElement[]
bad,c,field_151623_c,,,,,field,private BiomeBase[]
bad,d,field_151621_d,,,,,field,private final BiomeBase[]
bad,e,field_151622_e,,,,,field,private final BiomeBase[]
bad,f,field_151620_f,,,,,field,private final BiomeBase[]
bad,g,field_175973_g,,,,,field,private final CustomWorldSettingsFinal
bah,a,field_76451_a,,,,,field,private static int
bah,b,field_76449_b,,,,,field,private static final List<int[]>
bah,c,field_76450_c,,,,,field,private static final List<int[]>
bah,d,field_76447_d,,,,,field,private static final List<int[]>
bah,e,field_76448_e,,,,,field,private static final List<int[]>
baj,c,field_75907_b,,,,,field,private long
baj,a,field_75909_a,,,,,field,protected GenLayer
baj,d,field_75908_c,,,,,field,private long
baj,b,field_75906_d,,,,,field,protected long
bal,c,field_151629_c,,,,,field,private static final org.apache.logging.log4j.Logger
bal,d,field_151628_d,,,,,field,private final GenLayer
bap,c,field_75910_b,,,,,field,private final GenLayer
bap,d,field_75911_c,,,,,field,private final GenLayer
baz,a,field_75852_a,,,,,field,private PathPoint[]
baz,b,field_75851_b,,,,,field,private int
bba,a,BLOCKED,BLOCKED,,,,enum,
bba,b,OPEN,OPEN,,,,enum,
bba,c,WALKABLE,WALKABLE,,,,enum,
bba,d,TRAPDOOR,TRAPDOOR,,,,enum,
bba,e,FENCE,FENCE,,,,enum,
bba,f,LAVA,LAVA,,,,enum,
bba,g,WATER,WATER,,,,enum,
bba,h,RAIL,RAIL,,,,enum,
bba,i,DANGER_FIRE,DANGER_FIRE,,,,enum,
bba,j,DAMAGE_FIRE,DAMAGE_FIRE,,,,enum,
bba,k,DANGER_CACTUS,DANGER_CACTUS,,,,enum,
bba,l,DAMAGE_CACTUS,DAMAGE_CACTUS,,,,enum,
bba,m,DANGER_OTHER,DANGER_OTHER,,,,enum,
bba,n,DAMAGE_OTHER,DAMAGE_OTHER,,,,enum,
bba,o,DOOR_OPEN,DOOR_OPEN,,,,enum,
bba,p,DOOR_WOOD_CLOSED,DOOR_WOOD_CLOSED,,,,enum,
bba,q,DOOR_IRON_CLOSED,DOOR_IRON_CLOSED,,,,enum,
bba,r,field_186307_r,,,,,field,private final float
bbb,a,field_75839_a,,,,,field,public final int
bbb,b,field_75837_b,,,,,field,public final int
bbb,c,field_75838_c,,,,,field,public final int
bbb,n,field_75840_j,,,,,field,private final int
bbb,d,field_75835_d,,,,,field,public int
bbb,e,field_75836_e,,,,,field,public float
bbb,f,field_75833_f,,,,,field,public float
bbb,g,field_75834_g,,,,,field,public float
bbb,h,field_75841_h,,,,,field,public PathPoint
bbb,i,field_75842_i,,,,,field,public boolean
bbb,j,field_186284_j,,,,,field,public float
bbb,k,field_186285_k,,,,,field,public float
bbb,l,field_186286_l,,,,,field,public float
bbb,m,field_186287_m,,,,,field,public PathType
bbc,a,field_176169_a,,,,,field,protected IBlockAccess
bbc,b,field_186326_b,,,,,field,protected EntityInsentient
bbc,c,field_176167_b,,,,,field,protected final IntHashMap<PathPoint>
bbc,d,field_176168_c,,,,,field,protected int
bbc,e,field_176165_d,,,,,field,protected int
bbc,f,field_176166_e,,,,,field,protected int
bbc,g,field_176180_f,,,,,field,protected boolean
bbc,h,field_176181_g,,,,,field,protected boolean
bbc,i,field_176184_i,,,,,field,protected boolean
bbd,a,field_75884_a,,,,,field,private final PathPoint[]
bbd,b,field_186312_b,,,,,field,private PathPoint[]
bbd,c,field_186313_c,,,,,field,private PathPoint[]
bbd,e,field_75882_b,,,,,field,private int
bbd,f,field_75883_c,,,,,field,private int
bbd,d,field_186314_d,,,,,field,private PathPoint
bbe,a,field_75866_b,,,,,field,private final Path
bbe,b,field_186337_b,,,,,field,private final Set<PathPoint>
bbe,c,field_75864_d,,,,,field,private final PathPoint[]
bbe,d,field_176190_c,,,,,field,private final PathfinderAbstract
bbg,j,field_176183_h,,,,,field,private float
bbk,a,field_186338_a,,,,,field,private final PersistentBase
bbl,a,field_76190_i,id,,,,field,public final String
bbl,b,field_76189_a,,,,,field,private boolean
bbm$a,a,PLAYER,PLAYER,,,,enum,
bbm$a,b,FRAME,FRAME,,,,enum,
bbm$a,c,RED_MARKER,RED_MARKER,,,,enum,
bbm$a,d,BLUE_MARKER,BLUE_MARKER,,,,enum,
bbm$a,e,TARGET_X,TARGET_X,,,,enum,
bbm$a,f,TARGET_POINT,TARGET_POINT,,,,enum,
bbm$a,g,PLAYER_OFF_MAP,PLAYER_OFF_MAP,,,,enum,
bbm$a,h,PLAYER_OFF_LIMITS,PLAYER_OFF_LIMITS,,,,enum,
bbm$a,i,MANSION,MANSION,,,,enum,
bbm$a,j,MONUMENT,MONUMENT,,,,enum,
bbm$a,k,field_191175_k,,,,,field,private final byte
bbm$a,l,field_191176_l,,,,,field,private final boolean
bbm$a,m,field_191177_m,,,,,field,private final int
bbm,a,field_191181_a,type,,,,field,private final MapIcon$Type
bbm,b,field_176115_b,x,,,,field,private byte
bbm,c,field_176116_c,y,,,,field,private byte
bbm,d,field_176114_d,rotation,,,,field,private byte
bbn$a,a,field_76211_a,trackee,,,,field,public final EntityHuman
bbn$a,d,field_176105_d,,,,,field,private boolean
bbn$a,e,field_176106_e,,,,,field,private int
bbn$a,f,field_176103_f,,,,,field,private int
bbn$a,g,field_176104_g,,,,,field,private int
bbn$a,h,field_176108_h,,,,,field,private int
bbn$a,i,field_176109_i,,,,,field,private int
bbn$a,b,field_82569_d,,,,,field,public int
bbn,b,field_76201_a,centerX,,,,field,public int
bbn,c,field_76199_b,centerZ,,,,field,public int
bbn,d,field_76200_c,map,,,,field,public byte
bbn,e,field_186210_e,track,,,,field,public boolean
bbn,f,field_191096_f,unlimitedTracking,,,,field,public boolean
bbn,g,field_76197_d,scale,,,,field,public byte
bbn,h,field_76198_e,colors,,,,field,public byte[]
bbn,i,field_76196_g,,,,,field,public List<WorldMap$WorldMapHumanTracker>
bbn,k,field_76202_j,,,,,field,"private final Map<EntityHuman, WorldMap$WorldMapHumanTracker>"
bbn,j,field_76203_h,decorations,,,,field,"public Map<String, MapIcon>"
bbr,c,field_151480_b,,,,,field,private static final org.apache.logging.log4j.Logger
bbs,b,field_76115_a,,,,,field,private final WorldData
bbt,b,field_151478_a,,,,,field,private static final org.apache.logging.log4j.Logger
bbt,c,field_75770_b,baseDir,,,,field,private final File
bbt,d,field_75771_c,playerDir,,,,field,private final File
bbt,e,field_75768_d,dataDir,,,,field,private final File
bbt,f,field_75769_e,sessionId,,,,field,private final long
bbt,g,field_75767_f,,,,,field,private final String
bbt,h,field_186342_h,,,,,field,private final DefinedStructureManager
bbt,a,field_186341_a,,,,,field,protected final DataConverterManager
bbu,c,field_151479_b,,,,,field,private static final org.apache.logging.log4j.Logger
bbu,a,field_75808_a,,,,,field,protected final File
bbu,b,field_186354_b,,,,,field,protected final DataConverterManager
bbv,b,field_186349_b,,,,,field,private String
bbv,c,field_186350_c,,,,,field,private int
bbv,d,field_186351_d,,,,,field,private boolean
bbv,a,field_176156_a,,,,,field,public static final EnumDifficulty
bbv,e,field_76100_a,,,,,field,private long
bbv,f,field_76098_b,,,,,field,private WorldType
bbv,g,field_82576_c,,,,,field,private String
bbv,h,field_76099_c,,,,,field,private int
bbv,i,field_76096_d,,,,,field,private int
bbv,j,field_76097_e,,,,,field,private int
bbv,k,field_82575_g,,,,,field,private long
bbv,l,field_76094_f,,,,,field,private long
bbv,m,field_76095_g,,,,,field,private long
bbv,n,field_76107_h,,,,,field,private long
bbv,o,field_76108_i,,,,,field,private NBTTagCompound
bbv,p,field_76105_j,,,,,field,private int
bbv,q,field_76106_k,levelName,,,,field,private String
bbv,r,field_76103_l,,,,,field,private int
bbv,s,field_176157_p,,,,,field,private int
bbv,t,field_76104_m,,,,,field,private boolean
bbv,u,field_76101_n,,,,,field,private int
bbv,v,field_76102_o,,,,,field,private boolean
bbv,w,field_76114_p,,,,,field,private int
bbv,x,field_76113_q,,,,,field,private EnumGamemode
bbv,y,field_76112_r,,,,,field,private boolean
bbv,z,field_76111_s,,,,,field,private boolean
bbv,A,field_76110_t,,,,,field,private boolean
bbv,B,field_76109_u,,,,,field,private boolean
bbv,C,field_176158_z,,,,,field,private EnumDifficulty
bbv,D,field_176150_A,,,,,field,private boolean
bbv,E,field_176151_B,,,,,field,private double
bbv,F,field_176152_C,,,,,field,private double
bbv,G,field_176146_D,,,,,field,private double
bbv,H,field_176147_E,,,,,field,private long
bbv,I,field_176148_F,,,,,field,private double
bbv,J,field_176149_G,,,,,field,private double
bbv,K,field_176153_H,,,,,field,private double
bbv,L,field_176154_I,,,,,field,private int
bbv,M,field_176155_J,,,,,field,private int
bbv,N,field_186348_N,,,,,field,"private final Map<DimensionManager, NBTTagCompound>"
bbv,O,field_82577_x,,,,,field,private GameRules
bce,b,field_75751_a,,,,,field,private final IDataManager
bce,a,field_75749_b,,,,,field,"protected Map<String, PersistentBase>"
bce,c,field_75750_c,,,,,field,private final List<PersistentBase>
bce,d,field_75748_d,,,,,field,"private final Map<String, Short>"
bcf,aD,field_186391_ap,,,,,field,private static final Set<MinecraftKey>
bcf,aE,field_186392_aq,,,,,field,private static final Set<MinecraftKey>
bcf,a,field_186419_a,,,,,field,public static final MinecraftKey
bcf,b,field_186420_b,,,,,field,public static final MinecraftKey
bcf,c,field_186421_c,,,,,field,public static final MinecraftKey
bcf,d,field_186422_d,,,,,field,public static final MinecraftKey
bcf,e,field_186423_e,,,,,field,public static final MinecraftKey
bcf,f,field_186424_f,,,,,field,public static final MinecraftKey
bcf,g,field_186425_g,,,,,field,public static final MinecraftKey
bcf,h,field_186426_h,,,,,field,public static final MinecraftKey
bcf,i,field_186427_i,,,,,field,public static final MinecraftKey
bcf,j,field_186428_j,,,,,field,public static final MinecraftKey
bcf,k,field_186429_k,,,,,field,public static final MinecraftKey
bcf,l,field_186430_l,,,,,field,public static final MinecraftKey
bcf,m,field_189420_m,,,,,field,public static final MinecraftKey
bcf,n,field_186431_m,,,,,field,public static final MinecraftKey
bcf,o,field_191192_o,,,,,field,public static final MinecraftKey
bcf,p,field_186432_n,,,,,field,public static final MinecraftKey
bcf,q,field_186433_o,,,,,field,public static final MinecraftKey
bcf,r,field_186434_p,,,,,field,public static final MinecraftKey
bcf,s,field_186435_q,,,,,field,public static final MinecraftKey
bcf,t,field_186436_r,,,,,field,public static final MinecraftKey
bcf,u,field_186437_s,,,,,field,public static final MinecraftKey
bcf,v,field_186438_t,,,,,field,public static final MinecraftKey
bcf,w,field_186439_u,,,,,field,public static final MinecraftKey
bcf,x,field_186440_v,,,,,field,public static final MinecraftKey
bcf,y,field_186441_w,,,,,field,public static final MinecraftKey
bcf,z,field_186442_x,,,,,field,public static final MinecraftKey
bcf,A,field_186443_y,,,,,field,public static final MinecraftKey
bcf,B,field_186444_z,,,,,field,public static final MinecraftKey
bcf,C,field_186393_A,,,,,field,public static final MinecraftKey
bcf,D,field_186394_B,,,,,field,public static final MinecraftKey
bcf,E,field_186395_C,,,,,field,public static final MinecraftKey
bcf,F,field_189969_E,,,,,field,public static final MinecraftKey
bcf,G,field_186396_D,,,,,field,public static final MinecraftKey
bcf,H,field_191190_H,,,,,field,public static final MinecraftKey
bcf,I,field_191191_I,,,,,field,public static final MinecraftKey
bcf,J,field_186397_E,,,,,field,public static final MinecraftKey
bcf,K,field_186398_F,,,,,field,public static final MinecraftKey
bcf,L,field_186399_G,,,,,field,public static final MinecraftKey
bcf,M,field_186400_H,,,,,field,public static final MinecraftKey
bcf,N,field_186401_I,,,,,field,public static final MinecraftKey
bcf,O,field_186402_J,,,,,field,public static final MinecraftKey
bcf,P,field_186403_K,,,,,field,public static final MinecraftKey
bcf,Q,field_186404_L,,,,,field,public static final MinecraftKey
bcf,R,field_186405_M,,,,,field,public static final MinecraftKey
bcf,S,field_186406_N,,,,,field,public static final MinecraftKey
bcf,T,field_186407_O,,,,,field,public static final MinecraftKey
bcf,U,field_186408_P,,,,,field,public static final MinecraftKey
bcf,V,field_186409_Q,,,,,field,public static final MinecraftKey
bcf,W,field_186410_R,,,,,field,public static final MinecraftKey
bcf,X,field_186411_S,,,,,field,public static final MinecraftKey
bcf,Y,field_186412_T,,,,,field,public static final MinecraftKey
bcf,Z,field_186413_U,,,,,field,public static final MinecraftKey
bcf,aa,field_186414_V,,,,,field,public static final MinecraftKey
bcf,ab,field_186415_W,,,,,field,public static final MinecraftKey
bcf,ac,field_186416_X,,,,,field,public static final MinecraftKey
bcf,ad,field_186417_Y,,,,,field,public static final MinecraftKey
bcf,ae,field_186418_Z,,,,,field,public static final MinecraftKey
bcf,af,field_186376_aa,,,,,field,public static final MinecraftKey
bcf,ag,field_186377_ab,,,,,field,public static final MinecraftKey
bcf,ah,field_186378_ac,,,,,field,public static final MinecraftKey
bcf,ai,field_186379_ad,,,,,field,public static final MinecraftKey
bcf,aj,field_186380_ae,,,,,field,public static final MinecraftKey
bcf,ak,field_186381_af,,,,,field,public static final MinecraftKey
bcf,al,field_186382_ag,,,,,field,public static final MinecraftKey
bcf,am,field_186383_ah,,,,,field,public static final MinecraftKey
bcf,an,field_186384_ai,,,,,field,public static final MinecraftKey
bcf,ao,field_186385_aj,,,,,field,public static final MinecraftKey
bcf,ap,field_186386_ak,,,,,field,public static final MinecraftKey
bcf,aq,field_189968_an,,,,,field,public static final MinecraftKey
bcf,ar,field_191182_ar,,,,,field,public static final MinecraftKey
bcf,as,field_191183_as,,,,,field,public static final MinecraftKey
bcf,at,field_191184_at,,,,,field,public static final MinecraftKey
bcf,au,field_191185_au,,,,,field,public static final MinecraftKey
bcf,av,field_191186_av,,,,,field,public static final MinecraftKey
bcf,aw,field_191187_aw,,,,,field,public static final MinecraftKey
bcf,ax,field_191188_ax,,,,,field,public static final MinecraftKey
bcf,ay,field_191189_ay,,,,,field,public static final MinecraftKey
bcf,az,field_186387_al,,,,,field,public static final MinecraftKey
bcf,aA,field_186388_am,,,,,field,public static final MinecraftKey
bcf,aB,field_186389_an,,,,,field,public static final MinecraftKey
bcf,aC,field_186390_ao,,,,,field,public static final MinecraftKey
bch,a,field_186368_a,,,,,field,protected final Item
bch,b,field_186369_b,,,,,field,protected final LootItemFunction[]
bci,a,field_186453_a,,,,,field,private final LotoSelectorEntry[]
bci,b,field_186454_b,,,,,field,private final LootItemCondition[]
bci,c,field_186455_c,,,,,field,private final LootValueBounds
bci,d,field_186456_d,,,,,field,private final LootValueBounds
bcj,c,field_186364_c,,,,,field,protected final int
bcj,d,field_186365_d,,,,,field,protected final int
bcj,e,field_186366_e,,,,,field,protected final LootItemCondition[]
bck,b,field_186465_b,,,,,field,private static final org.apache.logging.log4j.Logger
bck,a,field_186464_a,,,,,field,public static final LootTable
bck,c,field_186466_c,,,,,field,private final LootSelector[]
bcl$a,a,field_186474_a,,,,,field,private final WorldServer
bcl$a,b,field_186475_b,,,,,field,private float
bcl$a,c,field_186476_c,,,,,field,private Entity
bcl$a,d,field_186477_d,,,,,field,private EntityHuman
bcl$a,e,field_186478_e,,,,,field,private DamageSource
bcl$b,a,THIS,THIS,,,,enum,
bcl$b,b,KILLER,KILLER,,,,enum,
bcl$b,c,KILLER_PLAYER,KILLER_PLAYER,,,,enum,
bcl$b,d,field_186488_d,,,,,field,private final String
bcl,a,field_186498_a,,,,,field,private final float
bcl,b,field_186499_b,,,,,field,private final WorldServer
bcl,c,field_186500_c,,,,,field,private final LootTableRegistry
bcl,d,field_186501_d,,,,,field,private final Entity
bcl,e,field_186502_e,,,,,field,private final EntityHuman
bcl,f,field_186503_f,,,,,field,private final DamageSource
bcl,g,field_186504_g,,,,,field,private final Set<LootTable>
bcm,a,field_186371_a,,,,,field,protected final MinecraftKey
bcn,a,field_186525_a,,,,,field,private static final org.apache.logging.log4j.Logger
bcn,b,field_186526_b,,,,,field,private static final com.google.gson.Gson
bcn,c,field_186527_c,,,,,field,"private final com.google.common.cache.LoadingCache<MinecraftKey, LootTable>"
bcn,d,field_186528_d,,,,,field,private final File
bco,a,field_186514_a,,,,,field,private final float
bco,b,field_186515_b,,,,,field,private final float
bcp,a,field_186557_a,,,,,field,private static final org.apache.logging.log4j.Logger
bcp,b,field_186558_b,,,,,field,private final List<Enchantment>
bcq,a,field_186577_a,,,,,field,private final LootValueBounds
bcq,b,field_186578_b,,,,,field,private final boolean
bcr$a,a,field_186533_a,,,,,field,private final MinecraftKey
bcr$a,b,field_186534_b,,,,,field,private final Class<T>
bcr,a,field_186555_a,,,,,field,private final LootItemCondition[]
bcs,a,field_186584_a,,,,,field,"private static final Map<MinecraftKey, LootItemFunction$a<?>>"
bcs,b,field_186585_b,,,,,field,"private static final Map<Class<? extends LootItemFunction>, LootItemFunction$a<?>>"
bct,a,field_186563_a,,,,,field,private final LootValueBounds
bct,b,field_189971_b,,,,,field,private final int
bcu$a,a,field_186596_a,,,,,field,private final String
bcu$a,b,field_186597_b,,,,,field,private final String
bcu$a,c,field_186598_c,,,,,field,private final int
bcu$a,d,field_186599_d,,,,,field,private final LootValueBounds
bcu$a,e,field_186600_e,,,,,field,private final UUID
bcu$a,f,field_186601_f,,,,,field,private final EnumItemSlot[]
bcu,a,field_186560_a,,,,,field,private static final org.apache.logging.log4j.Logger
bcu,b,field_186561_b,,,,,field,private final LootItemFunctionSetAttribute$a[]
bcv,a,field_186568_a,,,,,field,private final LootValueBounds
bcw,a,field_186565_a,,,,,field,private static final org.apache.logging.log4j.Logger
bcw,b,field_186566_b,,,,,field,private final LootValueBounds
bcx,a,field_186572_a,,,,,field,private static final org.apache.logging.log4j.Logger
bcx,b,field_186573_b,,,,,field,private final LootValueBounds
bcy,a,field_186570_a,,,,,field,private final NBTTagCompound
bcz,a,field_186574_a,,,,,field,private static final org.apache.logging.log4j.Logger
bd,a,field_184880_a,,,,,field,private final MinecraftServer
bdc,a,field_186634_a,,,,,field,"private final Map<String, LootValueBounds>"
bdc,b,field_186635_b,,,,,field,private final LootTableInfo$EntityTarget
bdd$a,a,field_186606_a,,,,,field,private final MinecraftKey
bdd$a,b,field_186607_b,,,,,field,private final Class<T>
bde,a,field_186642_a,,,,,field,"private static final Map<MinecraftKey, LootItemCondition$a<?>>"
bde,b,field_186643_b,,,,,field,"private static final Map<Class<? extends LootItemCondition>, LootItemCondition$a<?>>"
bdf,a,field_186623_a,,,,,field,private final LootEntityProperty[]
bdf,b,field_186624_b,,,,,field,private final LootTableInfo$EntityTarget
bdg,a,field_186620_a,,,,,field,private final boolean
bdh,a,field_186630_a,,,,,field,private final float
bdi,a,field_186627_a,,,,,field,private final float
bdi,b,field_186628_b,,,,,field,private final float
bdk,a,field_186647_a,,,,,field,"private static final Map<MinecraftKey, LootEntityProperty$a<?>>"
bdk,b,field_186648_b,,,,,field,"private static final Map<Class<? extends LootEntityProperty>, LootEntityProperty$a<?>>"
bdl$a,a,field_186653_a,,,,,field,private final MinecraftKey
bdl$a,b,field_186654_b,,,,,field,private final Class<T>
bdm,a,field_186659_a,,,,,field,private final boolean
bdp,a,field_75741_a,,,,,field,private static final FileIOThread
bdp,b,field_75739_b,,,,,field,private final List<IAsyncChunkSaver>
bdp,c,field_75740_c,,,,,field,private volatile long
bdp,d,field_75737_d,,,,,field,private volatile long
bdp,e,field_75738_e,,,,,field,private volatile boolean
bdt,a,field_72340_a,,,,,field,public final double
bdt,b,field_72338_b,,,,,field,public final double
bdt,c,field_72339_c,,,,,field,public final double
bdt,d,field_72336_d,,,,,field,public final double
bdt,e,field_72337_e,,,,,field,public final double
bdt,f,field_72334_f,,,,,field,public final double
bdu$a,a,MISS,MISS,,,,enum,
bdu$a,b,BLOCK,BLOCK,,,,enum,
bdu$a,c,ENTITY,ENTITY,,,,enum,
bdu,e,field_178783_e,,,,,field,private BlockPosition
bdu,a,field_72313_a,type,,,,field,public MovingObjectPosition$EnumMovingObjectType
bdu,b,field_178784_b,direction,,,,field,public EnumDirection
bdu,c,field_72307_f,pos,,,,field,public Vec3D
bdu,d,field_72308_g,entity,,,,field,public Entity
bdw,a,field_186680_a,,,,,field,public static final Vec3D
bdw,b,field_72450_a,x,,,,field,public final double
bdw,c,field_72448_b,y,,,,field,public final double
bdw,d,field_72449_c,z,,,,field,public final double
bdy,a,field_96686_a,,,,,field,private final Scoreboard
bdy,b,field_96684_b,,,,,field,private final String
bdy,c,field_96685_c,,,,,field,private final IScoreboardCriteria
bdy,d,field_178768_d,,,,,field,private IScoreboardCriteria$EnumScoreboardHealthDisplay
bdy,e,field_96683_d,,,,,field,private String
bdz,a,field_96677_a,,,,,field,private final Scoreboard
bdz,b,field_96675_b,,,,,field,private final String
bdz,c,field_96676_c,,,,,field,private final Set<String>
bdz,d,field_96673_d,,,,,field,private String
bdz,e,field_96674_e,,,,,field,private String
bdz,f,field_96671_f,,,,,field,private String
bdz,g,field_96672_g,,,,,field,private boolean
bdz,h,field_98301_h,,,,,field,private boolean
bdz,i,field_178778_i,,,,,field,private ScoreboardTeamBase$EnumNameTagVisibility
bdz,j,field_178776_j,,,,,field,private ScoreboardTeamBase$EnumNameTagVisibility
bdz,k,field_178777_k,,,,,field,private EnumChatFormat
bdz,l,field_186683_l,,,,,field,private ScoreboardTeamBase$EnumTeamPush
bea,a,field_96658_a,,,,,field,public static final Comparator<ScoreboardScore>
bea,b,field_96656_b,,,,,field,private final Scoreboard
bea,c,field_96657_c,,,,,field,private final ScoreboardObjective
bea,d,field_96654_d,playerName,,,,field,private final String
bea,e,field_96655_e,score,,,,field,private int
bea,f,field_178817_f,,,,,field,private boolean
bea,g,field_178818_g,,,,,field,private boolean
bec,a,field_96545_a,objectivesByName,,,,field,"private final Map<String, ScoreboardObjective>"
bec,b,field_96543_b,objectivesByCriteria,,,,field,"private final Map<IScoreboardCriteria, List<ScoreboardObjective>>"
bec,c,field_96544_c,playerScores,,,,field,"private final Map<String, Map<ScoreboardObjective, ScoreboardScore>>"
bec,d,field_96541_d,displaySlots,,,,field,private final ScoreboardObjective[]
bec,e,field_96542_e,teamsByName,,,,field,"private final Map<String, ScoreboardTeam>"
bec,f,field_96540_f,teamsByPlayer,,,,field,"private final Map<String, ScoreboardTeam>"
bec,g,field_178823_g,,,,,field,private static String[]
bed,b,field_151481_a,,,,,field,private static final org.apache.logging.log4j.Logger
bed,c,field_96507_a,,,,,field,private Scoreboard
bed,d,field_96506_b,,,,,field,private NBTTagCompound
bee$a,a,ALWAYS,ALWAYS,,,,enum,
bee$a,b,NEVER,NEVER,,,,enum,
bee$a,c,HIDE_FOR_OTHER_TEAMS,HIDE_FOR_OTHER_TEAMS,,,,enum,
bee$a,d,HIDE_FOR_OWN_TEAM,HIDE_FOR_OWN_TEAM,,,,enum,
bee$a,g,field_186695_g,,,,,field,"private static final Map<String, ScoreboardTeamBase$EnumTeamPush>"
bee$a,e,field_186693_e,,,,,field,public final String
bee$a,f,field_186694_f,,,,,field,public final int
bee$b,a,ALWAYS,ALWAYS,,,,enum,
bee$b,b,NEVER,NEVER,,,,enum,
bee$b,c,HIDE_FOR_OTHER_TEAMS,HIDE_FOR_OTHER_TEAMS,,,,enum,
bee$b,d,HIDE_FOR_OWN_TEAM,HIDE_FOR_OWN_TEAM,,,,enum,
bee$b,g,field_186697_g,,,,,field,"private static final Map<String, ScoreboardTeamBase$EnumNameTagVisibility>"
bee$b,e,field_178830_e,,,,,field,public final String
bee$b,f,field_178827_f,,,,,field,public final int
bef,o,field_178794_j,,,,,field,private final String
beg,o,field_96644_g,,,,,field,private final String
bei$a,a,INTEGER,INTEGER,,,,enum,
bei$a,b,HEARTS,HEARTS,,,,enum,
bei$a,c,field_178801_c,,,,,field,"private static final Map<String, IScoreboardCriteria$EnumScoreboardHealthDisplay>"
bei$a,d,field_178798_d,,,,,field,private final String
bei,a,field_96643_a,criteria,,,,field,"Map<String, IScoreboardCriteria>"
bei,b,field_96641_b,,,,,field,IScoreboardCriteria
bei,c,field_178791_c,,,,,field,IScoreboardCriteria
bei,d,field_96642_c,,,,,field,IScoreboardCriteria
bei,e,field_96639_d,,,,,field,IScoreboardCriteria
bei,f,field_96640_e,,,,,field,IScoreboardCriteria
bei,g,field_96638_f,,,,,field,IScoreboardCriteria
bei,h,field_186698_h,,,,,field,IScoreboardCriteria
bei,i,field_186699_i,,,,,field,IScoreboardCriteria
bei,j,field_186700_j,,,,,field,IScoreboardCriteria
bei,k,field_186701_k,,,,,field,IScoreboardCriteria
bei,l,field_186702_l,,,,,field,IScoreboardCriteria
bei,m,field_178792_h,,,,,field,IScoreboardCriteria[]
bei,n,field_178793_i,,,,,field,IScoreboardCriteria[]
bek,o,field_151459_g,,,,,field,private final Statistic
bj$a,a,field_111101_a,,,,,field,double
bj$a,b,field_111100_b,,,,,field,double
bv,a,field_175774_a,,,,,field,private static final org.apache.logging.log4j.Logger
c$a,a,field_85092_a,,,,,field,private final String
c$a,b,field_85091_b,,,,,field,private final String
c,a,field_85078_a,,,,,field,private final CrashReport
c,b,field_85076_b,,,,,field,private final String
c,c,field_85077_c,,,,,field,private final List<CrashReportSystemDetails$CrashReportDetail>
c,d,field_85075_d,,,,,field,private StackTraceElement[]
cd,a,field_74845_a,,,,,field,private final Object[]
co$1$1,b,field_191534_b,,,,,field,private boolean
co$1$1,c,field_191535_c,,,,,field,private int
co$1$1,d,field_191536_d,,,,,field,private int
co$1$1,e,field_191537_e,,,,,field,private int
co$2$1,b,field_179314_b,,,,,field,private BlockPosition$MutableBlockPosition
co$a,b,field_177997_b,,,,,field,protected int
co$a,c,field_177998_c,,,,,field,protected int
co$a,d,field_177996_d,,,,,field,protected int
co$b,f,field_185350_f,,,,,field,private boolean
co$b,g,field_185351_g,,,,,field,private static final List<BlockPosition$PooledBlockPosition>
co,b,field_185335_c,,,,,field,private static final org.apache.logging.log4j.Logger
co,a,field_177992_a,ZERO,,,,field,public static final BlockPosition
co,c,field_177990_b,,,,,field,private static final int
co,d,field_177991_c,,,,,field,private static final int
co,f,field_177989_d,,,,,field,private static final int
co,g,field_177987_f,,,,,field,private static final int
co,h,field_177988_g,,,,,field,private static final int
co,i,field_177994_h,,,,,field,private static final long
co,j,field_177995_i,,,,,field,private static final long
co,k,field_177993_j,,,,,field,private static final long
cq,a,field_82627_a,,,,,field,private final World
cq,b,field_179317_b,,,,,field,private final BlockPosition
cr$b$a,a,field_179426_a,,,,,field,private int
cr$b$a,b,field_179424_b,,,,,field,private final Iterable<? extends T>[]
cr$b$a,c,field_179425_c,,,,,field,private final Iterator<? extends T>[]
cr$b$a,d,field_179423_d,,,,,field,private final T[]
cr$b,a,field_179429_a,,,,,field,private final Class<T>
cr$b,b,field_179428_b,,,,,field,private final Iterable<? extends T>[]
ct,d,field_148760_d,,,,,field,private final K
ct,e,field_148761_e,,,,,field,private V
cu,a,field_82597_b,,,,,field,private final V
cv$a,a,X,X,,,,enum,
cv$a,b,Y,Y,,,,enum,
cv$a,c,Z,Z,,,,enum,
cv$a,d,field_176725_d,,,,,field,"private static final Map<String, EnumDirection$EnumAxis>"
cv$a,e,field_176726_e,,,,,field,private final String
cv$a,f,field_176723_f,,,,,field,private final EnumDirection$EnumDirectionLimit
cv$b,a,POSITIVE,POSITIVE,,,,enum,
cv$b,b,NEGATIVE,NEGATIVE,,,,enum,
cv$b,c,field_179528_c,,,,,field,private final int
cv$b,d,field_179525_d,,,,,field,private final String
cv$c,a,HORIZONTAL,HORIZONTAL,,,,enum,
cv$c,b,VERTICAL,VERTICAL,,,,enum,
cv,a,DOWN,DOWN,,,,enum,
cv,b,UP,UP,,,,enum,
cv,c,NORTH,NORTH,,,,enum,
cv,d,SOUTH,SOUTH,,,,enum,
cv,e,WEST,WEST,,,,enum,
cv,f,EAST,EAST,,,,enum,
cv,g,field_176748_g,,,,,field,private final int
cv,h,field_176759_h,,,,,field,private final int
cv,i,field_176760_i,,,,,field,private final int
cv,j,field_176757_j,,,,,field,private final String
cv,k,field_176758_k,,,,,field,private final EnumDirection$EnumAxis
cv,l,field_176755_l,,,,,field,private final EnumDirection$EnumAxisDirection
cv,m,field_176756_m,,,,,field,private final BaseBlockPosition
cv,n,field_82609_l,,,,,field,private static final EnumDirection[]
cv,o,field_176754_o,,,,,field,private static final EnumDirection[]
cv,p,field_176761_p,,,,,field,"private static final Map<String, EnumDirection>"
cw,a,field_82483_a,NONE,,,,field,IDispenseBehavior
cy,a,field_148749_a,,,,,field,"private final IdentityHashMap<T, Integer>"
cy,b,field_148748_b,,,,,field,private final List<T>
dc,a,field_148759_a,,,,,field,protected final RegistryID<V>
dc,b,field_148758_b,,,,,field,"protected final Map<V, K>"
dd,a,field_191198_a,,,,,field,private final List<E>
dd,b,field_191199_b,,,,,field,private final E
de,a,EXPLOSION_NORMAL,EXPLOSION_NORMAL,,,,enum,
de,b,EXPLOSION_LARGE,EXPLOSION_LARGE,,,,enum,
de,c,EXPLOSION_HUGE,EXPLOSION_HUGE,,,,enum,
de,d,FIREWORKS_SPARK,FIREWORKS_SPARK,,,,enum,
de,e,WATER_BUBBLE,WATER_BUBBLE,,,,enum,
de,f,WATER_SPLASH,WATER_SPLASH,,,,enum,
de,g,WATER_WAKE,WATER_WAKE,,,,enum,
de,h,SUSPENDED,SUSPENDED,,,,enum,
de,i,SUSPENDED_DEPTH,SUSPENDED_DEPTH,,,,enum,
de,j,CRIT,CRIT,,,,enum,
de,k,CRIT_MAGIC,CRIT_MAGIC,,,,enum,
de,l,SMOKE_NORMAL,SMOKE_NORMAL,,,,enum,
de,m,SMOKE_LARGE,SMOKE_LARGE,,,,enum,
de,n,SPELL,SPELL,,,,enum,
de,o,SPELL_INSTANT,SPELL_INSTANT,,,,enum,
de,p,SPELL_MOB,SPELL_MOB,,,,enum,
de,q,SPELL_MOB_AMBIENT,SPELL_MOB_AMBIENT,,,,enum,
de,r,SPELL_WITCH,SPELL_WITCH,,,,enum,
de,s,DRIP_WATER,DRIP_WATER,,,,enum,
de,t,DRIP_LAVA,DRIP_LAVA,,,,enum,
de,u,VILLAGER_ANGRY,VILLAGER_ANGRY,,,,enum,
de,v,VILLAGER_HAPPY,VILLAGER_HAPPY,,,,enum,
de,w,TOWN_AURA,TOWN_AURA,,,,enum,
de,x,NOTE,NOTE,,,,enum,
de,y,PORTAL,PORTAL,,,,enum,
de,z,ENCHANTMENT_TABLE,ENCHANTMENT_TABLE,,,,enum,
de,A,FLAME,FLAME,,,,enum,
de,B,LAVA,LAVA,,,,enum,
de,C,FOOTSTEP,FOOTSTEP,,,,enum,
de,D,CLOUD,CLOUD,,,,enum,
de,E,REDSTONE,REDSTONE,,,,enum,
de,F,SNOWBALL,SNOWBALL,,,,enum,
de,G,SNOW_SHOVEL,SNOW_SHOVEL,,,,enum,
de,H,SLIME,SLIME,,,,enum,
de,I,HEART,HEART,,,,enum,
de,J,BARRIER,BARRIER,,,,enum,
de,K,ITEM_CRACK,ITEM_CRACK,,,,enum,
de,L,BLOCK_CRACK,BLOCK_CRACK,,,,enum,
de,M,BLOCK_DUST,BLOCK_DUST,,,,enum,
de,N,WATER_DROP,WATER_DROP,,,,enum,
de,O,ITEM_TAKE,ITEM_TAKE,,,,enum,
de,P,MOB_APPEARANCE,MOB_APPEARANCE,,,,enum,
de,Q,DRAGON_BREATH,DRAGON_BREATH,,,,enum,
de,R,END_ROD,END_ROD,,,,enum,
de,S,DAMAGE_INDICATOR,DAMAGE_INDICATOR,,,,enum,
de,T,SWEEP_ATTACK,SWEEP_ATTACK,,,,enum,
de,U,FALLING_DUST,FALLING_DUST,,,,enum,
de,V,TOTEM,TOTEM,,,,enum,
de,W,SPIT,SPIT,,,,enum,
de,X,field_179369_Q,,,,,field,private final String
de,Y,field_179372_R,,,,,field,private final int
de,Z,field_179371_S,,,,,field,private final boolean
de,aa,field_179366_T,,,,,field,private final int
de,ab,field_179365_U,,,,,field,"private static final Map<Integer, EnumParticle>"
de,ac,field_186837_Z,,,,,field,"private static final Map<String, EnumParticle>"
dg,a,field_82630_a,,,,,field,protected final double
dg,b,field_82628_b,,,,,field,protected final double
dg,c,field_82629_c,,,,,field,protected final double
di,a,field_179419_a,x,,,,field,protected final float
di,b,field_179417_b,y,,,,field,protected final float
di,c,field_179418_c,z,,,,field,protected final float
dj,a,field_148743_a,,,,,field,private static final org.apache.logging.log4j.Logger
dj,c,field_82596_a,,,,,field,"protected final Map<K, V>"
dj,b,field_186802_b,,,,,field,private Object[]
dl,e,field_177959_e,ZERO,,,,field,public static final BaseBlockPosition
dl,a,field_177962_a,,,,,field,private final int
dl,b,field_177960_b,,,,,field,private final int
dl,c,field_177961_c,,,,,field,private final int
dp,a,field_74839_a,,,,,field,private static final LocaleLanguage
dp,b,field_150828_b,,,,,field,private static final LocaleLanguage
dq,a,field_111053_a,,,,,field,private static final Pattern
dq,b,field_135065_b,,,,,field,private static final com.google.common.base.Splitter
dq,c,field_74817_a,,,,,field,private static final LocaleLanguage
dq,d,field_74816_c,,,,,field,"private final Map<String, String>"
dq,e,field_150511_e,,,,,field,private long
ds,b,field_74754_a,data,,,,field,private byte[]
dt,b,field_74756_a,data,,,,field,private byte
du,b,field_191551_b,,,,,field,private static final org.apache.logging.log4j.Logger
du,c,field_74784_a,map,,,,field,"private final Map<String, NBTBase>"
dv,b,field_74755_a,data,,,,field,private double
dx,b,field_74750_a,data,,,,field,private float
dy,b,field_74749_a,data,,,,field,private int[]
dz,b,field_74748_a,data,,,,field,private int
ea,b,field_179239_b,,,,,field,private static final org.apache.logging.log4j.Logger
ea,c,field_74747_a,list,,,,field,private List<NBTBase>
ea,d,field_74746_b,type,,,,field,private byte
eb,b,field_74753_a,data,,,,field,private long
ec,a,field_152451_a,,,,,field,public static final NBTReadLimiter
ec,b,field_152452_b,,,,,field,private final long
ec,c,field_152453_c,,,,,field,private long
eg,b,field_74752_a,data,,,,field,private short
eh,b,field_74751_a,data,,,,field,private String
ei,a,field_82578_b,,,,,field,public static final String[]
ek$a,a,field_150490_a,,,,,field,protected String
ek$b,b,field_150491_b,,,,,field,protected List<MojangsonParser$MojangsonTypeParser>
ek$c,b,field_150492_b,,,,,field,protected List<MojangsonParser$MojangsonTypeParser>
ek$d,c,field_179265_c,,,,,field,private static final Pattern
ek$d,d,field_179263_d,,,,,field,private static final Pattern
ek$d,e,field_179264_e,,,,,field,private static final Pattern
ek$d,f,field_179261_f,,,,,field,private static final Pattern
ek$d,g,field_179262_g,,,,,field,private static final Pattern
ek$d,h,field_179267_h,,,,,field,private static final Pattern
ek$d,i,field_179268_i,,,,,field,private static final Pattern
ek$d,j,field_179266_j,,,,,field,private static final com.google.common.base.Splitter
ek$d,b,field_150493_b,,,,,field,protected String
ek,a,field_150317_a,,,,,field,private static final org.apache.logging.log4j.Logger
ek,b,field_179273_b,,,,,field,private static final Pattern
em,a,field_150507_a,,,,,field,private final Cipher
em,b,field_150505_b,,,,,field,private byte[]
em,c,field_150506_c,,,,,field,private byte[]
en,a,field_150509_a,,,,,field,private final PacketEncryptionHandler
eo,a,field_150750_a,,,,,field,private final PacketEncryptionHandler
ep,a,field_179305_a,,,,,field,private final Inflater
ep,b,field_179304_b,,,,,field,private int
eq,a,field_179302_a,,,,,field,private final byte[]
eq,b,field_179300_b,,,,,field,private final Deflater
eq,c,field_179301_c,,,,,field,private int
er$a,a,field_150774_a,,,,,field,private final Packet<?>
er$a,b,field_150773_b,,,,,field,private final io.netty.util.concurrent.GenericFutureListener<? extends io.netty.util.concurrent.Future<? super Void>>[]
er,g,field_150735_g,,,,,field,private static final org.apache.logging.log4j.Logger
er,a,field_150740_a,,,,,field,public static final org.apache.logging.log4j.Marker
er,b,field_150738_b,,,,,field,public static final org.apache.logging.log4j.Marker
er,c,field_150739_c,,,,,field,public static final io.netty.util.AttributeKey<EnumProtocol>
er,d,field_179295_d,,,,,field,public static final LazyInitVar<io.netty.channel.nio.NioEventLoopGroup>
er,e,field_181125_e,,,,,field,public static final LazyInitVar<io.netty.channel.epoll.EpollEventLoopGroup>
er,f,field_179296_e,,,,,field,public static final LazyInitVar<io.netty.channel.local.LocalEventLoopGroup>
er,h,field_179294_g,,,,,field,private final EnumProtocolDirection
er,i,field_150745_j,,,,,field,private final Queue<NetworkManager$QueuedPacket>
er,j,field_181680_j,,,,,field,private final ReentrantReadWriteLock
er,k,field_150746_k,channel,,,,field,private io.netty.channel.Channel
er,l,field_150743_l,,,,,field,private SocketAddress
er,m,field_150744_m,,,,,field,private PacketListener
er,n,field_150742_o,,,,,field,private IChatBaseComponent
er,o,field_152463_r,,,,,field,private boolean
er,p,field_179297_n,,,,,field,private boolean
es,a,HANDSHAKING,HANDSHAKING,,,,enum,
es,b,PLAY,PLAY,,,,enum,
es,c,STATUS,STATUS,,,,enum,
es,d,LOGIN,LOGIN,,,,enum,
es,e,field_150764_e,,,,,field,private static final EnumProtocol[]
es,f,field_150761_f,,,,,field,"private static final Map<Class<? extends Packet<?>>, EnumProtocol>"
es,g,field_150762_g,,,,,field,private final int
es,h,field_179247_h,,,,,field,"private final Map<EnumProtocolDirection, com.google.common.collect.BiMap<Integer, Class<? extends Packet<?>>>>"
et,a,field_150794_a,,,,,field,private final io.netty.buffer.ByteBuf
eu,a,field_150800_a,,,,,field,private static final org.apache.logging.log4j.Logger
eu,b,field_150799_b,,,,,field,private static final org.apache.logging.log4j.Marker
eu,c,field_152499_c,,,,,field,private final EnumProtocolDirection
ev,a,field_150798_a,,,,,field,private static final org.apache.logging.log4j.Logger
ev,b,field_150797_b,,,,,field,private static final org.apache.logging.log4j.Marker
ev,c,field_152500_c,,,,,field,private final EnumProtocolDirection
ez,a,field_150264_a,,,,,field,protected List<IChatBaseComponent>
ez,b,field_150263_b,,,,,field,private ChatModifier
f,a,field_71576_a,,,,,field,private final CrashReport
fa$a,a,OPEN_URL,OPEN_URL,,,,enum,
fa$a,b,OPEN_FILE,OPEN_FILE,,,,enum,
fa$a,c,RUN_COMMAND,RUN_COMMAND,,,,enum,
fa$a,d,SUGGEST_COMMAND,SUGGEST_COMMAND,,,,enum,
fa$a,e,CHANGE_PAGE,CHANGE_PAGE,,,,enum,
fa$a,f,field_150679_e,,,,,field,"private static final Map<String, ChatClickable$EnumClickAction>"
fa$a,g,field_150676_f,,,,,field,private final boolean
fa$a,h,field_150677_g,,,,,field,private final String
fa,a,field_150671_a,,,,,field,private final ChatClickable$EnumClickAction
fa,b,field_150670_b,,,,,field,private final String
fb$a,a,field_150700_a,,,,,field,private static final com.google.gson.Gson
fd$a,a,SHOW_TEXT,SHOW_TEXT,,,,enum,
fd$a,b,SHOW_ACHIEVEMENT,SHOW_ACHIEVEMENT,,,,enum,
fd$a,c,SHOW_ITEM,SHOW_ITEM,,,,enum,
fd$a,d,SHOW_ENTITY,SHOW_ENTITY,,,,enum,
fd$a,e,field_150690_d,,,,,field,"private static final Map<String, ChatHoverable$EnumHoverAction>"
fd$a,f,field_150691_e,,,,,field,private final boolean
fd$a,g,field_150688_f,,,,,field,private final String
fd,a,field_150704_a,,,,,field,private final ChatHoverable$EnumHoverAction
fd,b,field_150703_b,,,,,field,private final IChatBaseComponent
fe,b,field_179999_b,,,,,field,private final String
fe,c,field_180000_c,,,,,field,private final String
fe,d,field_179998_d,,,,,field,private String
ff,b,field_179993_b,,,,,field,private final String
fg,a,field_150249_a,,,,,field,private ChatModifier
fg,b,field_150247_b,,,,,field,private EnumChatFormat
fg,c,field_150248_c,,,,,field,private Boolean
fg,d,field_150245_d,,,,,field,private Boolean
fg,e,field_150246_e,,,,,field,private Boolean
fg,f,field_150243_f,,,,,field,private Boolean
fg,g,field_150244_g,,,,,field,private Boolean
fg,h,field_150251_h,,,,,field,private ChatClickable
fg,i,field_150252_i,,,,,field,private ChatHoverable
fg,j,field_179990_j,,,,,field,private String
fg,k,field_150250_j,,,,,field,private static final ChatModifier
fh,b,field_150267_b,,,,,field,private final String
fi,d,field_150276_d,,,,,field,private final String
fi,e,field_150277_e,,,,,field,private final Object[]
fi,f,field_150274_f,,,,,field,private final Object
fi,g,field_150275_g,,,,,field,private long
fi,b,field_150278_b,,,,,field,List<IChatBaseComponent>
fi,c,field_150279_c,,,,,field,public static final Pattern
fn,a,SERVERBOUND,SERVERBOUND,,,,enum,
fn,b,CLIENTBOUND,CLIENTBOUND,,,,enum,
fq,a,field_149018_a,,,,,field,private int
fq,b,field_186883_b,,,,,field,private UUID
fq,c,field_149016_b,,,,,field,private double
fq,d,field_149017_c,,,,,field,private double
fq,e,field_149014_d,,,,,field,private double
fq,f,field_149015_e,,,,,field,private int
fq,g,field_149012_f,,,,,field,private int
fq,h,field_149013_g,,,,,field,private int
fq,i,field_149021_h,,,,,field,private int
fq,j,field_149022_i,,,,,field,private int
fq,k,field_149019_j,,,,,field,private int
fq,l,field_149020_k,,,,,field,private int
fr,a,field_148992_a,,,,,field,private int
fr,b,field_148990_b,,,,,field,private double
fr,c,field_148991_c,,,,,field,private double
fr,d,field_148988_d,,,,,field,private double
fr,e,field_148989_e,,,,,field,private int
fs,a,field_149059_a,,,,,field,private int
fs,b,field_149057_b,,,,,field,private double
fs,c,field_149058_c,,,,,field,private double
fs,d,field_149055_d,,,,,field,private double
fs,e,field_149056_e,,,,,field,private int
ft,a,field_149042_a,,,,,field,private int
ft,b,field_186894_b,,,,,field,private UUID
ft,c,field_149040_b,,,,,field,private int
ft,d,field_149041_c,,,,,field,private double
ft,e,field_149038_d,,,,,field,private double
ft,f,field_149039_e,,,,,field,private double
ft,g,field_149036_f,,,,,field,private int
ft,h,field_149037_g,,,,,field,private int
ft,i,field_149047_h,,,,,field,private int
ft,j,field_149048_i,,,,,field,private byte
ft,k,field_149045_j,,,,,field,private byte
ft,l,field_149046_k,,,,,field,private byte
ft,m,field_149043_l,,,,,field,private DataWatcher
ft,n,field_149044_m,,,,,field,private List<DataWatcher$Item<?>>
fu,a,field_148973_a,,,,,field,private int
fu,b,field_186896_b,,,,,field,private UUID
fu,c,field_179838_b,,,,,field,private BlockPosition
fu,d,field_179839_c,,,,,field,private EnumDirection
fu,e,field_148968_f,,,,,field,private String
fv,a,field_148957_a,,,,,field,private int
fv,b,field_179820_b,,,,,field,private UUID
fv,c,field_148956_c,,,,,field,private double
fv,d,field_148953_d,,,,,field,private double
fv,e,field_148954_e,,,,,field,private double
fv,f,field_148951_f,,,,,field,private byte
fv,g,field_148952_g,,,,,field,private byte
fv,h,field_148960_i,,,,,field,private DataWatcher
fv,i,field_148958_j,,,,,field,private List<DataWatcher$Item<?>>
fw,a,field_148981_a,,,,,field,private int
fw,b,field_148980_b,,,,,field,private int
fx,a,field_148976_a,,,,,field,"private Map<Statistic, Integer>"
fy,a,field_148852_a,,,,,field,private int
fy,b,field_179822_b,,,,,field,private BlockPosition
fy,c,field_148849_e,,,,,field,private int
fz,a,field_179824_a,,,,,field,private BlockPosition
fz,b,field_148859_d,,,,,field,private int
fz,c,field_148860_e,,,,,field,private NBTTagCompound
g,a,field_184877_a,,,,,field,public static final io.netty.util.ResourceLeakDetector$Level
g,b,field_189861_b,,,,,field,public static final char[]
g,c,field_71567_b,allowedCharacters,,,,field,public static final char[]
ga,a,field_179826_a,,,,,field,private BlockPosition
ga,b,field_148872_d,,,,,field,private int
ga,c,field_148873_e,,,,,field,private int
ga,d,field_148871_f,,,,,field,private Block
gb,a,field_179828_a,,,,,field,private BlockPosition
gb,b,field_148883_d,block,,,,field,private IBlockData
gc$a,a,ADD,ADD,,,,enum,
gc$a,b,REMOVE,REMOVE,,,,enum,
gc$a,c,UPDATE_PCT,UPDATE_PCT,,,,enum,
gc$a,d,UPDATE_NAME,UPDATE_NAME,,,,enum,
gc$a,e,UPDATE_STYLE,UPDATE_STYLE,,,,enum,
gc$a,f,UPDATE_PROPERTIES,UPDATE_PROPERTIES,,,,enum,
gc,a,field_186911_a,,,,,field,private UUID
gc,b,field_186912_b,,,,,field,private PacketPlayOutBoss$Action
gc,c,field_186913_c,,,,,field,private IChatBaseComponent
gc,d,field_186914_d,,,,,field,private float
gc,e,field_186915_e,,,,,field,private BossBattle$BarColor
gc,f,field_186916_f,,,,,field,private BossBattle$BarStyle
gc,g,field_186917_g,,,,,field,private boolean
gc,h,field_186918_h,,,,,field,private boolean
gc,i,field_186919_i,,,,,field,private boolean
gd,a,field_179833_a,,,,,field,private EnumDifficulty
gd,b,field_179832_b,,,,,field,private boolean
ge,a,field_149632_a,,,,,field,private String[]
gf,a,field_148919_a,,,,,field,private IChatBaseComponent
gf,b,field_179842_b,,,,,field,private byte
gg$a,b,field_180091_b,,,,,field,private final short
gg$a,c,field_180092_c,,,,,field,private final IBlockData
gg,a,field_148925_b,,,,,field,private ChunkCoordIntPair
gg,b,field_179845_b,,,,,field,private PacketPlayOutMultiBlockChange$MultiBlockChangeInfo[]
gh,a,field_148894_a,,,,,field,private int
gh,b,field_148892_b,,,,,field,private short
gh,c,field_148893_c,,,,,field,private boolean
gi,a,field_148896_a,,,,,field,private int
gj,a,field_148909_a,,,,,field,private int
gj,b,field_148907_b,,,,,field,private String
gj,c,field_148908_c,,,,,field,private IChatBaseComponent
gj,d,field_148905_d,,,,,field,private int
gj,e,field_148904_f,,,,,field,private int
gk,a,field_148914_a,,,,,field,private int
gk,b,field_148913_b,,,,,field,private List<ItemStack>
gl,a,field_149186_a,,,,,field,private int
gl,b,field_149184_b,,,,,field,private int
gl,c,field_149185_c,,,,,field,private int
gm,a,field_149179_a,,,,,field,private int
gm,b,field_149177_b,,,,,field,private int
gm,c,field_149178_c,,,,,field,private ItemStack
gn,a,field_186923_a,,,,,field,private Item
gn,b,field_186924_b,,,,,field,private int
go,a,field_149172_a,,,,,field,private String
go,b,field_149171_b,,,,,field,private PacketDataSerializer
gp,a,field_149219_a,,,,,field,private String
gp,b,field_186933_b,,,,,field,private SoundCategory
gp,c,field_186934_c,,,,,field,private int
gp,d,field_186935_d,,,,,field,private int
gp,e,field_186936_e,,,,,field,private int
gp,f,field_186937_f,,,,,field,private float
gp,g,field_186938_g,,,,,field,private float
gq,a,field_149167_a,,,,,field,private IChatBaseComponent
gr,a,field_149164_a,,,,,field,private int
gr,b,field_149163_b,,,,,field,private byte
gs,a,field_149158_a,,,,,field,private double
gs,b,field_149156_b,,,,,field,private double
gs,c,field_149157_c,,,,,field,private double
gs,d,field_149154_d,,,,,field,private float
gs,e,field_149155_e,,,,,field,private List<BlockPosition>
gs,f,field_149152_f,,,,,field,private float
gs,g,field_149153_g,,,,,field,private float
gs,h,field_149159_h,,,,,field,private float
gt,a,field_186942_a,,,,,field,private int
gt,b,field_186943_b,,,,,field,private int
gu,a,field_149142_a,,,,,field,public static final String[]
gu,b,field_149140_b,,,,,field,private int
gu,c,field_149141_c,,,,,field,private float
gv,a,field_149136_a,,,,,field,private int
gw,a,field_149284_a,,,,,field,private int
gw,b,field_149282_b,,,,,field,private int
gw,c,field_186948_c,,,,,field,private int
gw,d,field_186949_d,,,,,field,private byte[]
gw,e,field_189557_e,,,,,field,private List<NBTTagCompound>
gw,f,field_149279_g,,,,,field,private boolean
gx,a,field_149251_a,,,,,field,private int
gx,b,field_179747_b,,,,,field,private BlockPosition
gx,c,field_149249_b,,,,,field,private int
gx,d,field_149246_f,,,,,field,private boolean
gy,a,field_179751_a,,,,,field,private EnumParticle
gy,b,field_149234_b,,,,,field,private float
gy,c,field_149235_c,,,,,field,private float
gy,d,field_149232_d,,,,,field,private float
gy,e,field_149233_e,,,,,field,private float
gy,f,field_149230_f,,,,,field,private float
gy,g,field_149231_g,,,,,field,private float
gy,h,field_149237_h,,,,,field,private float
gy,i,field_149238_i,,,,,field,private int
gy,j,field_179752_j,,,,,field,private boolean
gy,k,field_179753_k,,,,,field,private int[]
gz,a,field_149206_a,,,,,field,private int
gz,b,field_149204_b,,,,,field,private boolean
gz,c,field_149205_c,,,,,field,private EnumGamemode
gz,d,field_149202_d,,,,,field,private int
gz,e,field_149203_e,,,,,field,private EnumDifficulty
gz,f,field_149200_f,,,,,field,private int
gz,g,field_149201_g,,,,,field,private WorldType
gz,h,field_179745_h,,,,,field,private boolean
ha,a,field_149191_a,,,,,field,private int
ha,b,field_179739_b,,,,,field,private byte
ha,c,field_186950_c,,,,,field,private boolean
ha,d,field_179740_c,,,,,field,private MapIcon[]
ha,e,field_179737_d,,,,,field,private int
ha,f,field_179738_e,,,,,field,private int
ha,g,field_179735_f,,,,,field,private int
ha,h,field_179736_g,,,,,field,private int
ha,i,field_179741_h,,,,,field,private byte[]
hb,a,field_149074_a,,,,,field,protected int
hb,b,field_149072_b,,,,,field,protected int
hb,c,field_149073_c,,,,,field,protected int
hb,d,field_149070_d,,,,,field,protected int
hb,e,field_149071_e,,,,,field,protected byte
hb,f,field_149068_f,,,,,field,protected byte
hb,g,field_179743_g,,,,,field,protected boolean
hb,h,field_149069_g,,,,,field,protected boolean
hc,a,field_186960_a,,,,,field,private double
hc,b,field_186961_b,,,,,field,private double
hc,c,field_186962_c,,,,,field,private double
hc,d,field_186963_d,,,,,field,private float
hc,e,field_186964_e,,,,,field,private float
hd,a,field_179778_a,,,,,field,private BlockPosition
he,a,field_149119_a,,,,,field,private boolean
he,b,field_149117_b,,,,,field,private boolean
he,c,field_149118_c,,,,,field,private boolean
he,d,field_149115_d,,,,,field,private boolean
he,e,field_149116_e,,,,,field,private float
he,f,field_149114_f,,,,,field,private float
hf$a,a,ENTER_COMBAT,ENTER_COMBAT,,,,enum,
hf$a,b,END_COMBAT,END_COMBAT,,,,enum,
hf$a,c,ENTITY_DIED,ENTITY_DIED,,,,enum,
hf,a,field_179776_a,,,,,field,public PacketPlayOutCombatEvent$EnumCombatEventType
hf,b,field_179774_b,,,,,field,public int
hf,c,field_179775_c,,,,,field,public int
hf,d,field_179772_d,,,,,field,public int
hf,e,field_179773_e,,,,,field,public IChatBaseComponent
hg$a,a,ADD_PLAYER,ADD_PLAYER,,,,enum,
hg$a,b,UPDATE_GAME_MODE,UPDATE_GAME_MODE,,,,enum,
hg$a,c,UPDATE_LATENCY,UPDATE_LATENCY,,,,enum,
hg$a,d,UPDATE_DISPLAY_NAME,UPDATE_DISPLAY_NAME,,,,enum,
hg$a,e,REMOVE_PLAYER,REMOVE_PLAYER,,,,enum,
hg$b,b,field_179966_b,,,,,field,private final int
hg$b,c,field_179967_c,,,,,field,private final EnumGamemode
hg$b,d,field_179964_d,,,,,field,private final com.mojang.authlib.GameProfile
hg$b,e,field_179965_e,,,,,field,private final IChatBaseComponent
hg,a,field_179770_a,,,,,field,private PacketPlayOutPlayerInfo$EnumPlayerInfoAction
hg,b,field_179769_b,,,,,field,private final List<PacketPlayOutPlayerInfo$PlayerInfoData>
hh$a,a,X,X,,,,enum,
hh$a,b,Y,Y,,,,enum,
hh$a,c,Z,Z,,,,enum,
hh$a,d,Y_ROT,Y_ROT,,,,enum,
hh$a,e,X_ROT,X_ROT,,,,enum,
hh$a,f,field_187050_f,,,,,field,private final int
hh,a,field_148940_a,,,,,field,private double
hh,b,field_148938_b,,,,,field,private double
hh,c,field_148939_c,,,,,field,private double
hh,d,field_148936_d,,,,,field,private float
hh,e,field_148937_e,,,,,field,private float
hh,f,field_179835_f,,,,,field,private Set<PacketPlayOutPosition$EnumPlayerTeleportFlags>
hh,g,field_186966_g,,,,,field,private int
hi,a,field_149097_a,,,,,field,private int
hi,b,field_179799_b,,,,,field,private BlockPosition
hj,a,field_149100_a,,,,,field,private int[]
hk,a,field_149079_a,,,,,field,private int
hk,b,field_149078_b,,,,,field,private MobEffectList
hl,a,field_179786_a,,,,,field,private String
hl,b,field_179785_b,,,,,field,private String
hm,a,field_149088_a,,,,,field,private int
hm,b,field_149086_b,,,,,field,private EnumDifficulty
hm,c,field_149087_c,,,,,field,private EnumGamemode
hm,d,field_149085_d,,,,,field,private WorldType
hn,a,field_149384_a,,,,,field,private int
hn,b,field_149383_b,,,,,field,private byte
ho$a,a,SET_SIZE,SET_SIZE,,,,enum,
ho$a,b,LERP_SIZE,LERP_SIZE,,,,enum,
ho$a,c,SET_CENTER,SET_CENTER,,,,enum,
ho$a,d,INITIALIZE,INITIALIZE,,,,enum,
ho$a,e,SET_WARNING_TIME,SET_WARNING_TIME,,,,enum,
ho$a,f,SET_WARNING_BLOCKS,SET_WARNING_BLOCKS,,,,enum,
ho,a,field_179795_a,,,,,field,private PacketPlayOutWorldBorder$EnumWorldBorderAction
ho,b,field_179793_b,,,,,field,private int
ho,c,field_179794_c,,,,,field,private double
ho,d,field_179791_d,,,,,field,private double
ho,e,field_179792_e,,,,,field,private double
ho,f,field_179789_f,,,,,field,private double
ho,g,field_179790_g,,,,,field,private long
ho,h,field_179796_h,,,,,field,private int
ho,i,field_179797_i,,,,,field,private int
hp,a,field_179781_a,,,,,field,public int
hq,a,field_149387_a,,,,,field,private int
hr,a,field_149374_a,,,,,field,private int
hr,b,field_149373_b,,,,,field,private String
hs,a,field_149379_a,,,,,field,private int
hs,b,field_149378_b,,,,,field,private List<DataWatcher$Item<?>>
ht,a,field_149406_b,,,,,field,private int
ht,b,field_149407_c,,,,,field,private int
hu,a,field_149417_a,,,,,field,private int
hu,b,field_149415_b,,,,,field,private int
hu,c,field_149416_c,,,,,field,private int
hu,d,field_149414_d,,,,,field,private int
hv,a,field_149394_a,,,,,field,private int
hv,b,field_149392_b,,,,,field,private EnumItemSlot
hv,c,field_149393_c,,,,,field,private ItemStack
hw,a,field_149401_a,,,,,field,private float
hw,b,field_149399_b,,,,,field,private int
hw,c,field_149400_c,,,,,field,private int
hx,a,field_149336_a,,,,,field,private float
hx,b,field_149334_b,,,,,field,private int
hx,c,field_149335_c,,,,,field,private float
hy,a,field_149343_a,,,,,field,private String
hy,b,field_149341_b,,,,,field,private String
hy,c,field_179818_c,,,,,field,private IScoreboardCriteria$EnumScoreboardHealthDisplay
hy,d,field_149342_c,,,,,field,private int
hz,a,field_186973_a,,,,,field,private int
hz,b,field_186974_b,,,,,field,private int[]
ia,a,field_149320_a,,,,,field,private String
ia,b,field_149318_b,,,,,field,private String
ia,c,field_149319_c,,,,,field,private String
ia,d,field_149316_d,,,,,field,private String
ia,e,field_179816_e,,,,,field,private String
ia,f,field_186976_f,,,,,field,private String
ia,g,field_179815_f,,,,,field,private int
ia,h,field_149317_e,,,,,field,private final Collection<String>
ia,i,field_149314_f,,,,,field,private int
ia,j,field_149315_g,,,,,field,private int
ib$a,a,CHANGE,CHANGE,,,,enum,
ib$a,b,REMOVE,REMOVE,,,,enum,
ib,a,field_149329_a,,,,,field,private String
ib,b,field_149327_b,,,,,field,private String
ib,c,field_149328_c,,,,,field,private int
ib,d,field_149326_d,,,,,field,private PacketPlayOutScoreboardScore$EnumScoreboardAction
ic,a,field_179801_a,position,,,,field,private BlockPosition
id,a,field_149369_a,,,,,field,private long
id,b,field_149368_b,,,,,field,private long
ie$a,a,TITLE,TITLE,,,,enum,
ie$a,b,SUBTITLE,SUBTITLE,,,,enum,
ie$a,c,ACTIONBAR,ACTIONBAR,,,,enum,
ie$a,d,TIMES,TIMES,,,,enum,
ie$a,e,CLEAR,CLEAR,,,,enum,
ie$a,f,RESET,RESET,,,,enum,
ie,a,field_179812_a,,,,,field,private PacketPlayOutTitle$EnumTitleAction
ie,b,field_179810_b,,,,,field,private IChatBaseComponent
ie,c,field_179811_c,,,,,field,private int
ie,d,field_179808_d,,,,,field,private int
ie,e,field_179809_e,,,,,field,private int
ig,a,field_186979_a,,,,,field,private SoundEffect
ig,b,field_186980_b,,,,,field,private SoundCategory
ig,c,field_149217_b,,,,,field,private int
ig,d,field_149218_c,,,,,field,private int
ig,e,field_149215_d,,,,,field,private int
ig,f,field_149216_e,,,,,field,private float
ig,g,field_149214_f,,,,,field,private float
ih,a,field_179703_a,,,,,field,private IChatBaseComponent
ih,b,field_179702_b,,,,,field,private IChatBaseComponent
ii,a,field_149357_a,,,,,field,private int
ii,b,field_149356_b,,,,,field,private int
ii,c,field_191209_c,,,,,field,private int
ij,a,field_149458_a,,,,,field,private int
ij,b,field_149456_b,,,,,field,private double
ij,c,field_149457_c,,,,,field,private double
ij,d,field_149454_d,,,,,field,private double
ij,e,field_149455_e,,,,,field,private byte
ij,f,field_149453_f,,,,,field,private byte
ij,g,field_179698_g,,,,,field,private boolean
ik$a,b,field_151412_b,,,,,field,private final String
ik$a,c,field_151413_c,,,,,field,private final double
ik$a,d,field_151411_d,,,,,field,private final Collection<AttributeModifier>
ik,a,field_149445_a,,,,,field,private int
ik,b,field_149444_b,,,,,field,private final List<PacketPlayOutUpdateAttributes$AttributeSnapshot>
il,a,field_149434_a,,,,,field,private int
il,b,field_149432_b,,,,,field,private byte
il,c,field_149433_c,,,,,field,private byte
il,d,field_149431_d,,,,,field,private int
il,e,field_186985_e,,,,,field,private byte
in,a,field_186988_a,,,,,field,private int
io,a,field_149420_a,,,,,field,private String
io,b,field_186990_b,,,,,field,private boolean
io,c,field_179710_b,,,,,field,private BlockPosition
ip,a,field_149440_a,,,,,field,private String
iq$a,a,PERFORM_RESPAWN,PERFORM_RESPAWN,,,,enum,
iq$a,b,REQUEST_STATS,REQUEST_STATS,,,,enum,
iq$a,c,OPEN_INVENTORY_ACHIEVEMENT,OPEN_INVENTORY_ACHIEVEMENT,,,,enum,
iq,a,field_149437_a,,,,,field,private PacketPlayInClientCommand$EnumClientCommand
ir,a,field_149530_a,,,,,field,private String
ir,b,field_149528_b,,,,,field,private int
ir,c,field_149529_c,,,,,field,private EntityHuman$EnumChatVisibility
ir,d,field_149526_d,,,,,field,private boolean
ir,e,field_179711_e,,,,,field,private int
ir,f,field_186992_f,,,,,field,private EnumMainHand
is,a,field_149536_a,,,,,field,private int
is,b,field_149534_b,,,,,field,private short
is,c,field_149535_c,,,,,field,private boolean
it,a,field_149541_a,,,,,field,private int
it,b,field_149540_b,,,,,field,private int
iu,a,field_149554_a,,,,,field,private int
iu,b,field_149552_b,slot,,,,field,private int
iu,c,field_149553_c,button,,,,field,private int
iu,d,field_149550_d,,,,,field,private short
iu,e,field_149551_e,item,,,,field,private ItemStack
iu,f,field_149549_f,shift,,,,field,private InventoryClickType
iv,a,field_149556_a,id,,,,field,private int
iw,a,field_149562_a,,,,,field,private String
iw,b,field_149561_c,,,,,field,private PacketDataSerializer
ix$a,a,INTERACT,INTERACT,,,,enum,
ix$a,b,ATTACK,ATTACK,,,,enum,
ix$a,c,INTERACT_AT,INTERACT_AT,,,,enum,
ix,a,field_149567_a,,,,,field,private int
ix,b,field_149566_b,action,,,,field,private PacketPlayInUseEntity$EnumEntityUseAction
ix,c,field_179713_c,,,,,field,private Vec3D
ix,d,field_186995_d,,,,,field,private EnumHand
iy,a,field_149461_a,,,,,field,private int
iz,a,field_149479_a,x,,,,field,protected double
iz,b,field_149477_b,y,,,,field,protected double
iz,c,field_149478_c,z,,,,field,protected double
iz,d,field_149476_e,yaw,,,,field,protected float
iz,e,field_149473_f,pitch,,,,field,protected float
iz,f,field_149474_g,,,,,field,protected boolean
iz,g,field_149480_h,hasPos,,,,field,protected boolean
iz,h,field_149481_i,hasLook,,,,field,protected boolean
j$a,a,field_179633_a,,,,,field,private final double
j$a,b,field_179631_b,,,,,field,private final double
j$a,c,field_179632_c,,,,,field,private final boolean
j,a,field_71533_a,,,,,field,private static ICommandDispatcher
j,b,field_190796_b,,,,,field,private static final com.google.common.base.Splitter
j,c,field_190797_c,,,,,field,private static final com.google.common.base.Splitter
ja,a,field_187007_a,,,,,field,private double
ja,b,field_187008_b,,,,,field,private double
ja,c,field_187009_c,,,,,field,private double
ja,d,field_187010_d,,,,,field,private float
ja,e,field_187011_e,,,,,field,private float
jb,a,field_187015_a,,,,,field,private boolean
jb,b,field_187016_b,,,,,field,private boolean
jc,a,field_149500_a,,,,,field,private boolean
jc,b,field_149498_b,,,,,field,private boolean
jc,c,field_149499_c,,,,,field,private boolean
jc,d,field_149496_d,,,,,field,private boolean
jc,e,field_149497_e,,,,,field,private float
jc,f,field_149495_f,,,,,field,private float
jd$a,a,START_DESTROY_BLOCK,START_DESTROY_BLOCK,,,,enum,
jd$a,b,ABORT_DESTROY_BLOCK,ABORT_DESTROY_BLOCK,,,,enum,
jd$a,c,STOP_DESTROY_BLOCK,STOP_DESTROY_BLOCK,,,,enum,
jd$a,d,DROP_ALL_ITEMS,DROP_ALL_ITEMS,,,,enum,
jd$a,e,DROP_ITEM,DROP_ITEM,,,,enum,
jd$a,f,RELEASE_USE_ITEM,RELEASE_USE_ITEM,,,,enum,
jd$a,g,SWAP_HELD_ITEMS,SWAP_HELD_ITEMS,,,,enum,
jd,a,field_179717_a,,,,,field,private BlockPosition
jd,b,field_179716_b,,,,,field,private EnumDirection
jd,c,field_149508_e,,,,,field,private PacketPlayInBlockDig$EnumPlayerDigType
je$a,a,START_SNEAKING,START_SNEAKING,,,,enum,
je$a,b,STOP_SNEAKING,STOP_SNEAKING,,,,enum,
je$a,c,STOP_SLEEPING,STOP_SLEEPING,,,,enum,
je$a,d,START_SPRINTING,START_SPRINTING,,,,enum,
je$a,e,STOP_SPRINTING,STOP_SPRINTING,,,,enum,
je$a,f,START_RIDING_JUMP,START_RIDING_JUMP,,,,enum,
je$a,g,STOP_RIDING_JUMP,STOP_RIDING_JUMP,,,,enum,
je$a,h,OPEN_INVENTORY,OPEN_INVENTORY,,,,enum,
je$a,i,START_FALL_FLYING,START_FALL_FLYING,,,,enum,
je,a,field_149517_a,,,,,field,private int
je,b,field_149515_b,animation,,,,field,private PacketPlayInEntityAction$EnumPlayerAction
je,c,field_149516_c,,,,,field,private int
jf,a,field_149624_a,,,,,field,private float
jf,b,field_149622_b,,,,,field,private float
jf,c,field_149623_c,,,,,field,private boolean
jf,d,field_149621_d,,,,,field,private boolean
jg$a,a,SUCCESSFULLY_LOADED,SUCCESSFULLY_LOADED,,,,enum,
jg$a,b,DECLINED,DECLINED,,,,enum,
jg$a,c,FAILED_DOWNLOAD,FAILED_DOWNLOAD,,,,enum,
jg$a,d,ACCEPTED,ACCEPTED,,,,enum,
jg,a,field_179719_b,status,,,,field,private PacketPlayInResourcePackStatus$EnumResourcePackStatus
jh,a,field_149615_a,itemInHandIndex,,,,field,private int
ji,a,field_149629_a,slot,,,,field,private int
ji,b,field_149628_b,,,,,field,private ItemStack
jj,a,field_179723_a,,,,,field,private BlockPosition
jj,b,field_149590_d,,,,,field,private String[]
jk,a,field_187019_a,,,,,field,private EnumHand
jl,a,field_179729_a,,,,,field,private UUID
jm,a,field_179725_b,,,,,field,private BlockPosition
jm,b,field_149579_d,,,,,field,private EnumDirection
jm,c,field_187027_c,,,,,field,private EnumHand
jm,d,field_149577_f,,,,,field,private float
jm,e,field_149578_g,,,,,field,private float
jm,f,field_149584_h,,,,,field,private float
jn,a,field_187029_a,,,,,field,private EnumHand
jp,a,field_149600_a,,,,,field,private int
jp,b,field_149598_b,hostname,,,,field,private String
jp,c,field_149599_c,port,,,,field,private int
jp,d,field_149597_d,,,,,field,private EnumProtocol
jt,a,field_149602_a,,,,,field,private com.mojang.authlib.GameProfile
ju,a,field_149612_a,,,,,field,private String
ju,b,field_149610_b,,,,,field,private PublicKey
ju,c,field_149611_c,,,,,field,private byte[]
jv,a,field_179733_a,,,,,field,private int
jw,a,field_149605_a,,,,,field,private IChatBaseComponent
jy,a,field_149305_a,,,,,field,private com.mojang.authlib.GameProfile
jz,a,field_149302_a,,,,,field,private byte[]
jz,b,field_149301_b,,,,,field,private byte[]
k,a,field_147175_a,,,,,field,private static final org.apache.logging.log4j.Logger
k,b,field_71562_a,,,,,field,"private final Map<String, ICommand>"
k,c,field_71561_b,,,,,field,private final Set<ICommand>
kd,a,field_149293_a,,,,,field,private long
ke,a,field_149297_a,,,,,field,private static final com.google.gson.Gson
ke,b,field_149296_b,,,,,field,private ServerPing
kf$a,a,field_151336_a,,,,,field,private final int
kf$a,b,field_151334_b,,,,,field,private final int
kf$a,c,field_151335_c,,,,,field,private com.mojang.authlib.GameProfile[]
kf$c,a,field_151306_a,,,,,field,private final String
kf$c,b,field_151305_b,,,,,field,private final int
kf,a,field_151326_a,,,,,field,private IChatBaseComponent
kf,b,field_151324_b,,,,,field,private ServerPing$ServerPingPlayerSample
kf,c,field_151325_c,,,,,field,private ServerPing$ServerData
kf,d,field_151323_d,,,,,field,private String
kh,a,field_149290_a,,,,,field,private long
kk,a,field_187157_a,,,,,field,private final int
kk,b,field_187158_b,,,,,field,private final DataWatcherSerializer<T>
km,n,field_187204_n,,,,,field,private static final RegistryID<DataWatcherSerializer<?>>
km,a,field_187191_a,,,,,field,public static final DataWatcherSerializer<Byte>
km,b,field_187192_b,,,,,field,public static final DataWatcherSerializer<Integer>
km,c,field_187193_c,,,,,field,public static final DataWatcherSerializer<Float>
km,d,field_187194_d,,,,,field,public static final DataWatcherSerializer<String>
km,e,field_187195_e,,,,,field,public static final DataWatcherSerializer<IChatBaseComponent>
km,f,field_187196_f,,,,,field,public static final DataWatcherSerializer<ItemStack>
km,g,field_187197_g,,,,,field,public static final DataWatcherSerializer<com.google.common.base.Optional<IBlockData>>
km,h,field_187198_h,,,,,field,public static final DataWatcherSerializer<Boolean>
km,i,field_187199_i,,,,,field,public static final DataWatcherSerializer<Vector3f>
km,j,field_187200_j,,,,,field,public static final DataWatcherSerializer<BlockPosition>
km,k,field_187201_k,,,,,field,public static final DataWatcherSerializer<com.google.common.base.Optional<BlockPosition>>
km,l,field_187202_l,,,,,field,public static final DataWatcherSerializer<EnumDirection>
km,m,field_187203_m,,,,,field,public static final DataWatcherSerializer<com.google.common.base.Optional<UUID>>
kn$a,a,field_187211_a,,,,,field,private final DataWatcherObject<T>
kn$a,b,field_187212_b,,,,,field,private T
kn$a,c,field_187213_c,,,,,field,private boolean
kn,a,field_190303_a,,,,,field,private static final org.apache.logging.log4j.Logger
kn,b,field_187232_a,,,,,field,"private static final Map<Class<? extends Entity>, Integer>"
kn,c,field_187233_b,,,,,field,private final Entity
kn,d,field_187234_c,,,,,field,"private final Map<Integer, DataWatcher$Item<?>>"
kn,e,field_187235_d,,,,,field,private final ReadWriteLock
kn,f,field_187236_e,,,,,field,private boolean
kn,g,field_187237_f,,,,,field,private boolean
kq,a,field_110626_a,,,,,field,protected final String
kq,b,field_110625_b,,,,,field,protected final String
kt$4,b,field_150841_b,,,,,field,private final DispenseBehaviorItem
kt$5,b,field_150840_b,,,,,field,private final DispenseBehaviorItem
kt$a,b,field_185026_b,,,,,field,private final DispenseBehaviorItem
kt$a,c,field_185027_c,,,,,field,private final EntityBoat$EnumBoatType
kt$b,b,field_190911_b,,,,,field,protected boolean
kt,a,field_179872_a,,,,,field,public static final PrintStream
kt,b,field_151355_a,,,,,field,private static boolean
kt,c,field_179871_c,,,,,field,private static final org.apache.logging.log4j.Logger
kv,a,field_73702_a,command,,,,field,public final String
kv,b,field_73701_b,source,,,,field,public final ICommandListener
ky,a,field_154349_a,,,,,field,private static final org.apache.logging.log4j.Logger
ky,b,field_154350_b,,,,,field,private final File
ky,c,field_154351_c,,,,,field,private final boolean
kz,a,field_179884_a,,,,,field,protected static final org.apache.logging.log4j.Logger
kz,b,field_179883_b,,,,,field,protected final String
lb,a,field_179886_a,INSTANCE,,,,field,public static final CancelledPacketHandleException
ld,a,field_96555_a,,,,,field,private final MinecraftServer
ld,b,field_96553_b,,,,,field,private final Set<ScoreboardObjective>
ld,c,field_186685_c,,,,,field,private Runnable[]
le,a,field_164440_a,,,,,field,private static final org.apache.logging.log4j.Logger
le,b,field_73672_b,properties,,,,field,private final Properties
le,c,field_73673_c,file,,,,field,private final File
lg,f,field_164439_d,,,,,field,private static final org.apache.logging.log4j.Logger
lh,k,field_155771_h,LOGGER,,,,field,private static final org.apache.logging.log4j.Logger
lh,l,field_189647_l,,,,,field,private static final Pattern
lh,m,field_71341_l,serverCommandQueue,,,,field,private final List<ServerCommand>
lh,n,field_71342_m,,,,,field,private RemoteStatusListener
lh,o,field_184115_n,remoteControlCommandListener,,,,field,private final RemoteControlCommandListener
lh,p,field_71339_n,,,,,field,private RemoteControlListener
lh,q,field_71340_o,propertyManager,,,,field,private PropertyManager
lh,r,field_154332_n,,,,,field,private EULA
lh,s,field_71338_p,generateStructures,,,,field,private boolean
lh,t,field_71337_q,,,,,field,private EnumGamemode
lh,u,field_71335_s,,,,,field,private boolean
li,a,field_180251_a,,,,,field,private static final org.apache.logging.log4j.Logger
li,b,field_180249_b,,,,,field,private final DedicatedServer
li,c,field_180250_c,,,,,field,private final long
lk,a,field_164249_a,,,,,field,private static final Font
lk,b,field_164248_b,,,,,field,private static final org.apache.logging.log4j.Logger
lk,c,field_120021_b,,,,,field,private final DedicatedServer
ll,a,field_120015_a,,,,,field,private final MinecraftServer
ll,b,field_120014_b,,,,,field,private int
lm,a,field_120040_a,,,,,field,private static final DecimalFormat
lm,b,field_120038_b,,,,,field,private final int[]
lm,c,field_120039_c,,,,,field,private int
lm,d,field_120036_d,,,,,field,private final String[]
lm,e,field_120037_e,,,,,field,private final MinecraftServer
lq,I,field_73072_L,,,,,field,private static final long
lq,a,field_73071_a,,,,,field,public static final WorldSettings
lr,c,field_73105_c,,,,,field,private boolean
lr,d,field_73103_d,,,,,field,private boolean
lr,e,field_73104_e,,,,,field,private int
lr,f,field_73102_f,,,,,field,private int
ls,a,field_175743_a,,,,,field,private final WorldServer
lt,a,field_151249_a,,,,,field,private static final org.apache.logging.log4j.Logger
lt,b,field_72795_a,world,,,,field,private final WorldServer
lt,c,field_72793_b,,,,,field,private final Set<EntityTrackerEntry>
lt,d,field_72794_c,trackedEntities,,,,field,private final IntHashMap<EntityTrackerEntry>
lt,e,field_72792_d,,,,,field,private int
lu,h,field_186762_h,,,,,field,private final Set<EntityPlayer>
lu,i,field_186763_i,,,,,field,private final Set<EntityPlayer>
lu,j,field_186764_j,visible,,,,field,private boolean
lv,a,field_147417_b,,,,,field,private static final org.apache.logging.log4j.Logger
lv,b,field_73248_b,unloadQueue,,,,field,private final Set<Long>
lv,c,field_186029_c,chunkGenerator,,,,field,private final ChunkGenerator
lv,d,field_73247_e,chunkLoader,,,,field,private final IChunkLoader
lv,e,field_73244_f,chunks,,,,field,private final it.unimi.dsi.fastutil.longs.Long2ObjectMap<Chunk>
lv,f,field_73251_h,world,,,,field,private final WorldServer
lw,a,field_147491_a,,,,,field,private static final org.apache.logging.log4j.Logger
lw,I,field_73061_a,server,,,,field,private final MinecraftServer
lw,J,field_73062_L,tracker,,,,field,private final EntityTracker
lw,K,field_73063_M,manager,,,,field,private final PlayerChunkMap
lw,L,field_73064_N,nextTickListHash,,,,field,private final Set<NextTickListEntry>
lw,M,field_73065_O,nextTickList,,,,field,private final TreeSet<NextTickListEntry>
lw,N,field_175741_N,entitiesByUUID,,,,field,"private final Map<UUID, Entity>"
lw,b,field_73058_d,savingDisabled,,,,field,public boolean
lw,O,field_73068_P,,,,,field,private boolean
lw,P,field_80004_Q,emptyTime,,,,field,private int
lw,Q,field_85177_Q,portalTravelAgent,,,,field,private final PortalTravelAgent
lw,R,field_175742_R,spawnerCreature,,,,field,private final SpawnerCreature
lw,c,field_175740_d,siegeManager,,,,field,protected final VillageSiege
lw,S,field_147490_S,,,,,field,private final WorldServer$BlockActionDataList[]
lw,T,field_147489_T,,,,,field,private int
lw,U,field_94579_S,,,,,field,private final List<NextTickListEntry>
lx,a,field_72783_a,,,,,field,private final MinecraftServer
lx,b,field_72782_b,world,,,,field,private final WorldServer
ly,bR,field_147102_bM,,,,,field,private static final org.apache.logging.log4j.Logger
ly,bS,field_71148_cg,locale,,,,field,private String
ly,a,field_71135_a,playerConnection,,,,field,public PlayerConnection
ly,b,field_71133_b,server,,,,field,public final MinecraftServer
ly,c,field_71134_c,playerInteractManager,,,,field,public final PlayerInteractManager
ly,d,field_71131_d,,,,,field,public double
ly,e,field_71132_e,,,,,field,public double
ly,bT,field_71130_g,removeQueue,,,,field,private final List<Integer>
ly,bU,field_147103_bO,,,,,field,private final ServerStatisticManager#
ly,bV,field_130068_bO,,,,,field,private float
ly,bW,field_184852_bV,,,,,field,private int
ly,bX,field_184853_bW,,,,,field,private int
ly,bY,field_184854_bX,,,,,field,private int
ly,bZ,field_184855_bY,,,,,field,private int
ly,ca,field_184856_bZ,,,,,field,private int
ly,cb,field_71149_ch,lastHealthSent,,,,field,private float
ly,cc,field_71146_ci,,,,,field,private int
ly,cd,field_71147_cj,,,,,field,private boolean
ly,ce,field_71144_ck,lastSentExp,,,,field,private int
ly,cf,field_147101_bU,invulnerableTicks,,,,field,private int
ly,cg,field_71143_cn,,,,,field,private EntityHuman$EnumChatVisibility
ly,ch,field_71140_co,,,,,field,private boolean
ly,ci,field_143005_bX,,,,,field,private long
ly,cj,field_175401_bS,,,,,field,private Entity
ly,ck,field_184851_cj,worldChangeInvuln,,,,field,private boolean
ly,cl,field_71139_cq,containerCounter,,,,field,private int
ly,f,field_71137_h,,,,,field,public boolean
ly,g,field_71138_i,ping,,,,field,public int
ly,h,field_71136_j,viewingCredits,,,,field,public boolean
lz,a,field_73092_a,world,,,,field,public World
lz,b,field_73090_b,player,,,,field,public EntityPlayer
lz,c,field_73091_c,gamemode,,,,field,private EnumGamemode
lz,d,field_73088_d,,,,,field,private boolean
lz,e,field_73089_e,lastDigTick,,,,field,private int
lz,f,field_180240_f,,,,,field,private BlockPosition
lz,g,field_73100_i,currentTick,,,,field,private int
lz,h,field_73097_j,,,,,field,private boolean
lz,i,field_180241_i,,,,,field,private BlockPosition
lz,j,field_73093_n,,,,,field,private int
lz,k,field_73094_o,,,,,field,private int
ma,c,field_151262_p,,,,,field,private static final org.apache.logging.log4j.Logger
ma,d,field_73132_a,tracker,,,,field,private final Entity
ma,e,field_73130_b,,,,,field,private final int
ma,f,field_187262_f,,,,,field,private int
ma,g,field_73131_c,,,,,field,private final int
ma,h,field_73128_d,xLoc,,,,field,private long
ma,i,field_73129_e,yLoc,,,,field,private long
ma,j,field_73126_f,zLoc,,,,field,private long
ma,k,field_73127_g,yRot,,,,field,private int
ma,l,field_73139_h,xRot,,,,field,private int
ma,m,field_73140_i,headYaw,,,,field,private int
ma,n,field_73137_j,,,,,field,private double
ma,o,field_73138_k,,,,,field,private double
ma,p,field_73135_l,,,,,field,private double
ma,a,field_73136_m,,,,,field,public int
ma,q,field_73147_p,,,,,field,private double
ma,r,field_73146_q,,,,,field,private double
ma,s,field_73145_r,,,,,field,private double
ma,t,field_73144_s,isMoving,,,,field,private boolean
ma,u,field_73143_t,,,,,field,private final boolean
ma,v,field_73142_u,,,,,field,private int
ma,w,field_187263_w,,,,,field,private List<Entity>
ma,x,field_73141_v,,,,,field,private boolean
ma,y,field_180234_y,,,,,field,private boolean
ma,b,field_73133_n,,,,,field,public boolean
ma,z,field_73134_o,trackedPlayers,,,,field,private final Set<EntityPlayer>
mb,a,field_187281_a,,,,,field,private static final org.apache.logging.log4j.Logger
mb,b,field_187282_b,playerChunkMap,,,,field,private final PlayerChunkMap
mb,c,field_187283_c,,,,,field,private final List<EntityPlayer>
mb,d,field_187284_d,location,,,,field,private final ChunkCoordIntPair
mb,e,field_187285_e,dirtyBlocks,,,,field,private final short[]
mb,f,field_187286_f,chunk,,,,field,private Chunk
mb,g,field_187287_g,dirtyCount,,,,field,private int
mb,h,field_187288_h,,,,,field,private int
mb,i,field_187289_i,,,,,field,private long
mb,j,field_187290_j,done,,,,field,private boolean
mc,a,field_187308_a,,,,,field,private static final com.google.common.base.Predicate<EntityPlayer>
mc,b,field_187309_b,,,,,field,private static final com.google.common.base.Predicate<EntityPlayer>
mc,c,field_72701_a,world,,,,field,private final WorldServer
mc,d,field_72699_b,managedPlayers,,,,field,private final List<EntityPlayer>
mc,e,field_72700_c,,,,,field,private final it.unimi.dsi.fastutil.longs.Long2ObjectMap<PlayerChunk>
mc,f,field_72697_d,,,,,field,private final Set<PlayerChunk>
mc,g,field_187310_g,,,,,field,private final List<PlayerChunk>
mc,h,field_187311_h,,,,,field,private final List<PlayerChunk>
mc,i,field_111193_e,,,,,field,private final List<PlayerChunk>
mc,j,field_72698_e,,,,,field,private int
mc,k,field_111192_g,,,,,field,private long
mc,l,field_187312_l,,,,,field,private boolean
mc,m,field_187313_m,,,,,field,private boolean
mf,a,field_151258_a,,,,,field,private static final org.apache.logging.log4j.Logger
mf,b,field_151257_b,,,,,field,private final ServerConnection
mh,e,field_151275_b,,,,,field,private static final org.apache.logging.log4j.Logger
mh,a,field_151276_c,,,,,field,public static final LazyInitVar<io.netty.channel.nio.NioEventLoopGroup>
mh,b,field_181141_b,,,,,field,public static final LazyInitVar<io.netty.channel.epoll.EpollEventLoopGroup>
mh,c,field_180232_b,,,,,field,public static final LazyInitVar<io.netty.channel.local.LocalEventLoopGroup>
mh,f,field_151273_d,,,,,field,private final MinecraftServer
mh,d,field_151277_a,,,,,field,public volatile boolean
mh,g,field_151274_e,,,,,field,private final List<io.netty.channel.ChannelFuture>
mh,h,field_151272_f,,,,,field,private final List<NetworkManager>
mi,c,field_147370_c,LOGGER,,,,field,private static final org.apache.logging.log4j.Logger
mi,a,field_147371_a,networkManager,,,,field,public final NetworkManager
mi,d,field_147367_d,minecraftServer,,,,field,private final MinecraftServer
mi,b,field_147369_b,player,,,,field,public EntityPlayer
mi,e,field_147368_e,,,,,field,private int
mi,f,field_147378_h,,,,,field,private int
mi,g,field_147379_i,,,,,field,private long
mi,h,field_147377_k,,,,,field,private long
mi,i,field_147374_l,chatThrottle,,,,field,private int
mi,j,field_147375_m,,,,,field,private int
mi,k,field_147372_n,,,,,field,private final IntHashMap<Short>
mi,l,field_184349_l,,,,,field,private double
mi,m,field_184350_m,,,,,field,private double
mi,n,field_184351_n,,,,,field,private double
mi,o,field_184352_o,,,,,field,private double
mi,p,field_184353_p,,,,,field,private double
mi,q,field_184354_q,,,,,field,private double
mi,r,field_184355_r,,,,,field,private Entity
mi,s,field_184356_s,,,,,field,private double
mi,t,field_184357_t,,,,,field,private double
mi,u,field_184358_u,,,,,field,private double
mi,v,field_184359_v,,,,,field,private double
mi,w,field_184360_w,,,,,field,private double
mi,x,field_184361_x,,,,,field,private double
mi,y,field_184362_y,teleportPos,,,,field,private Vec3D
mi,z,field_184363_z,teleportAwait,,,,field,private int
mi,A,field_184343_A,,,,,field,private int
mi,B,field_184344_B,,,,,field,private boolean
mi,C,field_147365_f,,,,,field,private int
mi,D,field_184345_D,,,,,field,private boolean
mi,E,field_184346_E,,,,,field,private int
mi,F,field_184347_F,receivedMovePackets,,,,field,private int
mi,G,field_184348_G,processedMovePackets,,,,field,private int
mj,a,field_147387_a,,,,,field,private final MinecraftServer
mj,b,field_147386_b,,,,,field,private final NetworkManager
mk$a,a,HELLO,HELLO,,,,enum,
mk$a,b,KEY,KEY,,,,enum,
mk$a,c,AUTHENTICATING,AUTHENTICATING,,,,enum,
mk$a,d,READY_TO_ACCEPT,READY_TO_ACCEPT,,,,enum,
mk$a,e,DELAY_ACCEPT,DELAY_ACCEPT,,,,enum,
mk$a,f,ACCEPTED,ACCEPTED,,,,enum,
mk,b,field_147331_b,,,,,field,private static final AtomicInteger
mk,c,field_147332_c,,,,,field,private static final org.apache.logging.log4j.Logger
mk,d,field_147329_d,random,,,,field,private static final Random
mk,e,field_147330_e,,,,,field,private final byte[]
mk,f,field_147327_f,server,,,,field,private final MinecraftServer
mk,a,field_147333_a,networkManager,,,,field,public final NetworkManager
mk,g,field_147328_g,,,,,field,private LoginListener$EnumProtocolState
mk,h,field_147336_h,,,,,field,private int
mk,i,field_147337_i,,,,,field,private com.mojang.authlib.GameProfile
mk,j,field_147334_j,,,,,field,private final String
mk,k,field_147335_k,loginKey,,,,field,private SecretKey
mk,l,field_181025_l,,,,,field,private EntityPlayer
ml,a,field_183007_a,,,,,field,private static final IChatBaseComponent
ml,b,field_147314_a,minecraftServer,,,,field,private final MinecraftServer
ml,c,field_147313_b,networkManager,,,,field,private final NetworkManager
ml,d,field_183008_d,,,,,field,private boolean
mo,a,field_73698_a,,,,,field,public static final SimpleDateFormat
mo,b,field_73694_d,,,,,field,protected final Date
mo,c,field_73695_e,,,,,field,protected final String
mo,d,field_73692_f,,,,,field,protected final Date
mo,e,field_73693_g,,,,,field,protected final String
mp$a,b,field_152672_b,,,,,field,private final com.mojang.authlib.GameProfile
mp$a,c,field_152673_c,,,,,field,private final Date
mp,a,field_152659_a,,,,,field,public static final SimpleDateFormat
mp,c,field_187322_c,,,,,field,private static boolean
mp,d,field_152661_c,,,,,field,"private final Map<String, UserCache$UserCacheEntry>"
mp,e,field_152662_d,,,,,field,"private final Map<UUID, UserCache$UserCacheEntry>"
mp,f,field_152663_e,,,,,field,private final Deque<com.mojang.authlib.GameProfile>
mp,g,field_187323_g,,,,,field,private final com.mojang.authlib.GameProfileRepository
mp,b,field_152660_b,,,,,field,protected final com.google.gson.Gson
mp,h,field_152665_g,,,,,field,private final File
mp,i,field_152666_h,,,,,field,private static final ParameterizedType
ms,e,field_152732_e,,,,,field,private static final org.apache.logging.log4j.Logger
ms,a,field_152728_a,,,,,field,public static final File
ms,b,field_152729_b,,,,,field,public static final File
ms,c,field_152730_c,,,,,field,public static final File
ms,d,field_152731_d,,,,,field,public static final File
mt,a,field_152613_a,,,,,field,public static final File
mt,b,field_152614_b,,,,,field,public static final File
mt,c,field_152615_c,,,,,field,public static final File
mt,d,field_152616_d,,,,,field,public static final File
mt,f,field_148546_d,,,,,field,private static final org.apache.logging.log4j.Logger
mt,g,field_72403_e,,,,,field,private static final SimpleDateFormat
mt,h,field_72400_f,server,,,,field,private final MinecraftServer
mt,i,field_72404_b,players,,,,field,private final List<EntityPlayer>
mt,j,field_177454_f,,,,,field,"private final Map<UUID, EntityPlayer>"
mt,k,field_72401_g,,,,,field,private final GameProfileBanList
mt,l,field_72413_h,,,,,field,private final IpBanList
mt,m,field_72414_i,operators,,,,field,private final OpList
mt,n,field_72411_j,whitelist,,,,field,private final WhiteList
mt,o,field_148547_k,,,,,field,"private final Map<UUID, ServerStatisticManager#>"
mt,p,field_72412_k,playerFileData,,,,field,private IPlayerFileData
mt,q,field_72409_l,hasWhitelist,,,,field,private boolean
mt,e,field_72405_c,maxPlayers,,,,field,protected int
mt,r,field_72402_d,,,,,field,private int
mt,s,field_72410_m,,,,,field,private EnumGamemode
mt,t,field_72407_n,,,,,field,private boolean
mt,u,field_72408_o,,,,,field,private int
mv,a,field_152645_a,,,,,field,private final int
mv,b,field_183025_b,,,,,field,private final boolean
mw,a,field_152642_a,,,,,field,private final T
mx,a,field_152693_a,,,,,field,protected static final org.apache.logging.log4j.Logger
mx,b,field_152694_b,,,,,field,protected final com.google.gson.Gson
mx,c,field_152695_c,,,,,field,private final File
mx,d,field_152696_d,,,,,field,"private final Map<String, V>"
mx,e,field_152697_e,,,,,field,private boolean
mx,f,field_152698_f,,,,,field,private static final ParameterizedType
nd,a,field_72674_a,,,,,field,private final ByteArrayOutputStream
nd,b,field_72673_b,,,,,field,private final DataOutputStream
ne,a,field_72666_a,,,,,field,public static final char[]
net/minecraft/server/MinecraftServer$1,b,field_96245_b,,,,,field,private long
net/minecraft/server/MinecraftServer,k,field_147145_h,LOGGER,,,,field,private static final org.apache.logging.log4j.Logger
net/minecraft/server/MinecraftServer,a,field_152367_a,,,,,field,public static final File
net/minecraft/server/MinecraftServer,l,field_71310_m,convertable,,,,field,private final Convertable
net/minecraft/server/MinecraftServer,m,field_71307_n,,,,,field,private final MojangStatisticsGenerator
net/minecraft/server/MinecraftServer,n,field_71308_o,universe,,,,field,private final File
net/minecraft/server/MinecraftServer,o,field_71322_p,,,,,field,private final List<ITickable>
net/minecraft/server/MinecraftServer,b,field_71321_q,,,,,field,public final ICommandHandler
net/minecraft/server/MinecraftServer,c,field_71304_b,methodProfiler,,,,field,public final MethodProfiler
net/minecraft/server/MinecraftServer,p,field_147144_o,,,,,field,private final ServerConnection
net/minecraft/server/MinecraftServer,q,field_147147_p,,,,,field,private final ServerPing
net/minecraft/server/MinecraftServer,r,field_147146_q,,,,,field,private final Random
net/minecraft/server/MinecraftServer,s,field_184112_s,dataConverterManager,,,,field,private final DataConverterManager
net/minecraft/server/MinecraftServer,t,field_71320_r,serverIp,,,,field,private String
net/minecraft/server/MinecraftServer,u,field_71319_s,,,,,field,private int
net/minecraft/server/MinecraftServer,d,field_71305_c,worldServer,,,,field,public WorldServer[]
net/minecraft/server/MinecraftServer,v,field_71318_t,,,,,field,private PlayerList
net/minecraft/server/MinecraftServer,w,field_71317_u,isRunning,,,,field,private boolean
net/minecraft/server/MinecraftServer,x,field_71316_v,isStopped,,,,field,private boolean
net/minecraft/server/MinecraftServer,y,field_71315_w,ticks,,,,field,private int
net/minecraft/server/MinecraftServer,e,field_110456_c,,,,,field,protected final Proxy
net/minecraft/server/MinecraftServer,f,field_71302_d,,,,,field,public String
net/minecraft/server/MinecraftServer,g,field_71303_e,,,,,field,public int
net/minecraft/server/MinecraftServer,z,field_71325_x,onlineMode,,,,field,private boolean
net/minecraft/server/MinecraftServer,A,field_190519_A,,,,,field,private boolean
net/minecraft/server/MinecraftServer,B,field_71324_y,spawnAnimals,,,,field,private boolean
net/minecraft/server/MinecraftServer,C,field_71323_z,spawnNPCs,,,,field,private boolean
net/minecraft/server/MinecraftServer,D,field_71284_A,pvpMode,,,,field,private boolean
net/minecraft/server/MinecraftServer,E,field_71285_B,allowFlight,,,,field,private boolean
net/minecraft/server/MinecraftServer,F,field_71286_C,motd,,,,field,private String
net/minecraft/server/MinecraftServer,G,field_71280_D,,,,,field,private int
net/minecraft/server/MinecraftServer,H,field_143008_E,,,,,field,private int
net/minecraft/server/MinecraftServer,h,field_71311_j,,,,,field,public final long[]
net/minecraft/server/MinecraftServer,i,field_71312_k,,,,,field,public long[][]
net/minecraft/server/MinecraftServer,I,field_71292_I,,,,,field,private KeyPair
net/minecraft/server/MinecraftServer,J,field_71293_J,,,,,field,private String
net/minecraft/server/MinecraftServer,K,field_71294_K,,,,,field,private String
net/minecraft/server/MinecraftServer,M,field_71288_M,demoMode,,,,field,private boolean
net/minecraft/server/MinecraftServer,N,field_71289_N,,,,,field,private boolean
net/minecraft/server/MinecraftServer,O,field_147141_M,,,,,field,private String
net/minecraft/server/MinecraftServer,P,field_175588_P,,,,,field,private String
net/minecraft/server/MinecraftServer,Q,field_71296_Q,,,,,field,private boolean
net/minecraft/server/MinecraftServer,R,field_71299_R,,,,,field,private long
net/minecraft/server/MinecraftServer,S,field_71298_S,,,,,field,private String
net/minecraft/server/MinecraftServer,T,field_71295_T,,,,,field,private boolean
net/minecraft/server/MinecraftServer,U,field_104057_T,,,,,field,private boolean
net/minecraft/server/MinecraftServer,V,field_152364_T,,,,,field,private final com.mojang.authlib.yggdrasil.YggdrasilAuthenticationService
net/minecraft/server/MinecraftServer,W,field_147143_S,,,,,field,private final com.mojang.authlib.minecraft.MinecraftSessionService
net/minecraft/server/MinecraftServer,X,field_152365_W,,,,,field,private final com.mojang.authlib.GameProfileRepository
net/minecraft/server/MinecraftServer,Y,field_152366_X,,,,,field,private final UserCache
net/minecraft/server/MinecraftServer,Z,field_147142_T,,,,,field,private long
net/minecraft/server/MinecraftServer,j,field_175589_i,,,,,field,public final Queue<FutureTask<?>>
net/minecraft/server/MinecraftServer,aa,field_175590_aa,serverThread,,,,field,private Thread
net/minecraft/server/MinecraftServer,ab,field_175591_ab,,,,,field,private long
net/minecraft/server/MinecraftServer,L,field_71287_L,,,,,field,private String
net/minecraft/server/MinecraftServer,ac,field_184111_ab,,,,,field,private boolean
nf,a,field_70009_b,,,,,field,private final StringBuffer
nf,b,field_184171_b,,,,,field,private final MinecraftServer
nh,h,field_164004_h,,,,,field,private static final AtomicInteger
nh,a,field_72619_a,,,,,field,protected boolean
nh,b,field_72617_b,,,,,field,protected IMinecraftServer
nh,c,field_164003_c,,,,,field,protected final String
nh,d,field_72618_c,,,,,field,protected Thread
nh,e,field_72615_d,,,,,field,protected int
nh,f,field_72616_e,,,,,field,protected List<DatagramSocket>
nh,g,field_72614_f,,,,,field,protected List<ServerSocket>
ni$a,b,field_72598_b,time,,,,field,private final long
ni$a,c,field_72599_c,token,,,,field,private final int
ni$a,d,field_72596_d,identity,,,,field,private final byte[]
ni$a,e,field_72597_e,response,,,,field,private final byte[]
ni$a,f,field_72595_f,,,,,field,private final String
ni,h,field_72629_g,,,,,field,private long
ni,i,field_72636_h,,,,,field,private int
ni,j,field_72637_i,,,,,field,private final int
ni,k,field_72634_j,,,,,field,private final int
ni,l,field_72635_k,,,,,field,private final String
ni,m,field_72632_l,,,,,field,private final String
ni,n,field_72633_m,,,,,field,private DatagramSocket
ni,o,field_72630_n,,,,,field,private final byte[]
ni,p,field_72631_o,,,,,field,private DatagramPacket
ni,q,field_72644_p,,,,,field,"private final Map<SocketAddress, String>"
ni,r,field_72643_q,,,,,field,private String
ni,s,field_72642_r,,,,,field,private String
ni,t,field_72641_s,,,,,field,"private final Map<SocketAddress, RemoteStatusListener$RemoteStatusChallenge>"
ni,u,field_72640_t,,,,,field,private final long
ni,v,field_72639_u,,,,,field,private final RemoteStatusReply
ni,w,field_72638_v,,,,,field,private long
nj,h,field_164005_h,,,,,field,private static final org.apache.logging.log4j.Logger
nj,i,field_72657_g,,,,,field,private boolean
nj,j,field_72659_h,,,,,field,private Socket
nj,k,field_72660_i,,,,,field,private final byte[]
nj,l,field_72658_j,,,,,field,private final String
nk,h,field_72647_g,,,,,field,private int
nk,i,field_72651_h,,,,,field,private final int
nk,j,field_72652_i,,,,,field,private String
nk,k,field_72649_j,,,,,field,private ServerSocket
nk,l,field_72650_k,,,,,field,private final String
nk,m,field_72648_l,,,,,field,"private Map<SocketAddress, RemoteControlSession>"
nm,a,field_187505_a,,,,,field,"public static final RegistryMaterials<MinecraftKey, SoundEffect>"
nm,b,field_187506_b,,,,,field,private final MinecraftKey
nm,c,field_187507_c,,,,,field,private static int
nn,a,field_187674_a,,,,,field,public static final SoundEffect
nn,b,field_187677_b,,,,,field,public static final SoundEffect
nn,c,field_187680_c,,,,,field,public static final SoundEffect
nn,d,field_187683_d,,,,,field,public static final SoundEffect
nn,e,field_187686_e,,,,,field,public static final SoundEffect
nn,f,field_187689_f,,,,,field,public static final SoundEffect
nn,g,field_187692_g,,,,,field,public static final SoundEffect
nn,h,field_187695_h,,,,,field,public static final SoundEffect
nn,i,field_187698_i,,,,,field,public static final SoundEffect
nn,j,field_187701_j,,,,,field,public static final SoundEffect
nn,k,field_187704_k,,,,,field,public static final SoundEffect
nn,l,field_187707_l,,,,,field,public static final SoundEffect
nn,m,field_187710_m,,,,,field,public static final SoundEffect
nn,n,field_187713_n,,,,,field,public static final SoundEffect
nn,o,field_187716_o,,,,,field,public static final SoundEffect
nn,p,field_191258_p,,,,,field,public static final SoundEffect
nn,q,field_187719_p,,,,,field,public static final SoundEffect
nn,r,field_187722_q,,,,,field,public static final SoundEffect
nn,s,field_187725_r,,,,,field,public static final SoundEffect
nn,t,field_187728_s,,,,,field,public static final SoundEffect
nn,u,field_187731_t,,,,,field,public static final SoundEffect
nn,v,field_187734_u,,,,,field,public static final SoundEffect
nn,w,field_187737_v,,,,,field,public static final SoundEffect
nn,x,field_187740_w,,,,,field,public static final SoundEffect
nn,y,field_187742_x,,,,,field,public static final SoundEffect
nn,z,field_187743_y,,,,,field,public static final SoundEffect
nn,A,field_189108_z,,,,,field,public static final SoundEffect
nn,B,field_187744_z,,,,,field,public static final SoundEffect
nn,C,field_187594_A,,,,,field,public static final SoundEffect
nn,D,field_187597_B,,,,,field,public static final SoundEffect
nn,E,field_187600_C,,,,,field,public static final SoundEffect
nn,F,field_187603_D,,,,,field,public static final SoundEffect
nn,G,field_187606_E,,,,,field,public static final SoundEffect
nn,H,field_187609_F,,,,,field,public static final SoundEffect
nn,I,field_187612_G,,,,,field,public static final SoundEffect
nn,J,field_191241_J,,,,,field,public static final SoundEffect
nn,K,field_187615_H,,,,,field,public static final SoundEffect
nn,L,field_187618_I,,,,,field,public static final SoundEffect
nn,M,field_187621_J,,,,,field,public static final SoundEffect
nn,N,field_187624_K,,,,,field,public static final SoundEffect
nn,O,field_187627_L,,,,,field,public static final SoundEffect
nn,P,field_187630_M,,,,,field,public static final SoundEffect
nn,Q,field_187633_N,,,,,field,public static final SoundEffect
nn,R,field_187636_O,,,,,field,public static final SoundEffect
nn,S,field_187639_P,,,,,field,public static final SoundEffect
nn,T,field_189106_R,,,,,field,public static final SoundEffect
nn,U,field_187642_Q,,,,,field,public static final SoundEffect
nn,V,field_187645_R,,,,,field,public static final SoundEffect
nn,W,field_187648_S,,,,,field,public static final SoundEffect
nn,X,field_187651_T,,,,,field,public static final SoundEffect
nn,Y,field_187654_U,,,,,field,public static final SoundEffect
nn,Z,field_187657_V,,,,,field,public static final SoundEffect
nn,aa,field_187660_W,,,,,field,public static final SoundEffect
nn,ab,field_187663_X,,,,,field,public static final SoundEffect
nn,ac,field_187665_Y,,,,,field,public static final SoundEffect
nn,ad,field_187666_Z,,,,,field,public static final SoundEffect
nn,ae,field_187538_aa,,,,,field,public static final SoundEffect
nn,af,field_187540_ab,,,,,field,public static final SoundEffect
nn,ag,field_187542_ac,,,,,field,public static final SoundEffect
nn,ah,field_187544_ad,,,,,field,public static final SoundEffect
nn,ai,field_187546_ae,,,,,field,public static final SoundEffect
nn,aj,field_187548_af,,,,,field,public static final SoundEffect
nn,ak,field_187550_ag,,,,,field,public static final SoundEffect
nn,al,field_187552_ah,,,,,field,public static final SoundEffect
nn,am,field_187554_ai,,,,,field,public static final SoundEffect
nn,an,field_187556_aj,,,,,field,public static final SoundEffect
nn,ao,field_187558_ak,,,,,field,public static final SoundEffect
nn,ap,field_187560_al,,,,,field,public static final SoundEffect
nn,aq,field_187562_am,,,,,field,public static final SoundEffect
nn,ar,field_187564_an,,,,,field,public static final SoundEffect
nn,as,field_187566_ao,,,,,field,public static final SoundEffect
nn,at,field_187568_ap,,,,,field,public static final SoundEffect
nn,au,field_187570_aq,,,,,field,public static final SoundEffect
nn,av,field_187572_ar,,,,,field,public static final SoundEffect
nn,aw,field_187574_as,,,,,field,public static final SoundEffect
nn,ax,field_187576_at,,,,,field,public static final SoundEffect
nn,ay,field_187578_au,,,,,field,public static final SoundEffect
nn,az,field_187580_av,,,,,field,public static final SoundEffect
nn,aA,field_187582_aw,,,,,field,public static final SoundEffect
nn,aB,field_187584_ax,,,,,field,public static final SoundEffect
nn,aC,field_187586_ay,,,,,field,public static final SoundEffect
nn,aD,field_187588_az,,,,,field,public static final SoundEffect
nn,aE,field_187511_aA,,,,,field,public static final SoundEffect
nn,aF,field_187512_aB,,,,,field,public static final SoundEffect
nn,aG,field_187513_aC,,,,,field,public static final SoundEffect
nn,aH,field_187514_aD,,,,,field,public static final SoundEffect
nn,aI,field_187515_aE,,,,,field,public static final SoundEffect
nn,aJ,field_187516_aF,,,,,field,public static final SoundEffect
nn,aK,field_191240_aK,,,,,field,public static final SoundEffect
nn,aL,field_187517_aG,,,,,field,public static final SoundEffect
nn,aM,field_187518_aH,,,,,field,public static final SoundEffect
nn,aN,field_189426_aK,,,,,field,public static final SoundEffect
nn,aO,field_190021_aL,,,,,field,public static final SoundEffect
nn,aP,field_187519_aI,,,,,field,public static final SoundEffect
nn,aQ,field_187520_aJ,,,,,field,public static final SoundEffect
nn,aR,field_187521_aK,,,,,field,public static final SoundEffect
nn,aS,field_187522_aL,,,,,field,public static final SoundEffect
nn,aT,field_187523_aM,,,,,field,public static final SoundEffect
nn,aU,field_187524_aN,,,,,field,public static final SoundEffect
nn,aV,field_187525_aO,,,,,field,public static final SoundEffect
nn,aW,field_187526_aP,,,,,field,public static final SoundEffect
nn,aX,field_187527_aQ,,,,,field,public static final SoundEffect
nn,aY,field_187528_aR,,,,,field,public static final SoundEffect
nn,aZ,field_187529_aS,,,,,field,public static final SoundEffect
nn,ba,field_187530_aT,,,,,field,public static final SoundEffect
nn,bb,field_187531_aU,,,,,field,public static final SoundEffect
nn,bc,field_187532_aV,,,,,field,public static final SoundEffect
nn,bd,field_187533_aW,,,,,field,public static final SoundEffect
nn,be,field_187534_aX,,,,,field,public static final SoundEffect
nn,bf,field_187535_aY,,,,,field,public static final SoundEffect
nn,bg,field_187536_aZ,,,,,field,public static final SoundEffect
nn,bh,field_187590_ba,,,,,field,public static final SoundEffect
nn,bi,field_187592_bb,,,,,field,public static final SoundEffect
nn,bj,field_187595_bc,,,,,field,public static final SoundEffect
nn,bk,field_187598_bd,,,,,field,public static final SoundEffect
nn,bl,field_191242_bl,,,,,field,public static final SoundEffect
nn,bm,field_191243_bm,,,,,field,public static final SoundEffect
nn,bn,field_191244_bn,,,,,field,public static final SoundEffect
nn,bo,field_191245_bo,,,,,field,public static final SoundEffect
nn,bp,field_191246_bp,,,,,field,public static final SoundEffect
nn,bq,field_191247_bq,,,,,field,public static final SoundEffect
nn,br,field_191248_br,,,,,field,public static final SoundEffect
nn,bs,field_191249_bs,,,,,field,public static final SoundEffect
nn,bt,field_187601_be,,,,,field,public static final SoundEffect
nn,bu,field_187604_bf,,,,,field,public static final SoundEffect
nn,bv,field_187610_bh,,,,,field,public static final SoundEffect
nn,bw,field_187613_bi,,,,,field,public static final SoundEffect
nn,bx,field_187616_bj,,,,,field,public static final SoundEffect
nn,by,field_187619_bk,,,,,field,public static final SoundEffect
nn,bz,field_187622_bl,,,,,field,public static final SoundEffect
nn,bA,field_187625_bm,,,,,field,public static final SoundEffect
nn,bB,field_187628_bn,,,,,field,public static final SoundEffect
nn,bC,field_187631_bo,,,,,field,public static final SoundEffect
nn,bD,field_187634_bp,,,,,field,public static final SoundEffect
nn,bE,field_187637_bq,,,,,field,public static final SoundEffect
nn,bF,field_187640_br,,,,,field,public static final SoundEffect
nn,bG,field_187643_bs,,,,,field,public static final SoundEffect
nn,bH,field_187646_bt,,,,,field,public static final SoundEffect
nn,bI,field_187649_bu,,,,,field,public static final SoundEffect
nn,bJ,field_187652_bv,,,,,field,public static final SoundEffect
nn,bK,field_187655_bw,,,,,field,public static final SoundEffect
nn,bL,field_187658_bx,,,,,field,public static final SoundEffect
nn,bM,field_187661_by,,,,,field,public static final SoundEffect
nn,bN,field_187664_bz,,,,,field,public static final SoundEffect
nn,bO,field_187537_bA,,,,,field,public static final SoundEffect
nn,bP,field_187539_bB,,,,,field,public static final SoundEffect
nn,bQ,field_187541_bC,,,,,field,public static final SoundEffect
nn,bR,field_187543_bD,,,,,field,public static final SoundEffect
nn,bS,field_187545_bE,,,,,field,public static final SoundEffect
nn,bT,field_187547_bF,,,,,field,public static final SoundEffect
nn,bU,field_187549_bG,,,,,field,public static final SoundEffect
nn,bV,field_187551_bH,,,,,field,public static final SoundEffect
nn,bW,field_187553_bI,,,,,field,public static final SoundEffect
nn,bX,field_187555_bJ,,,,,field,public static final SoundEffect
nn,bY,field_189105_bM,,,,,field,public static final SoundEffect
nn,bZ,field_187557_bK,,,,,field,public static final SoundEffect
nn,ca,field_187559_bL,,,,,field,public static final SoundEffect
nn,cb,field_187561_bM,,,,,field,public static final SoundEffect
nn,cc,field_187563_bN,,,,,field,public static final SoundEffect
nn,cd,field_187565_bO,,,,,field,public static final SoundEffect
nn,ce,field_187567_bP,,,,,field,public static final SoundEffect
nn,cf,field_187569_bQ,,,,,field,public static final SoundEffect
nn,cg,field_187571_bR,,,,,field,public static final SoundEffect
nn,ch,field_187573_bS,,,,,field,public static final SoundEffect
nn,ci,field_187575_bT,,,,,field,public static final SoundEffect
nn,cj,field_187577_bU,,,,,field,public static final SoundEffect
nn,ck,field_187579_bV,,,,,field,public static final SoundEffect
nn,cl,field_187581_bW,,,,,field,public static final SoundEffect
nn,cm,field_187583_bX,,,,,field,public static final SoundEffect
nn,cn,field_187585_bY,,,,,field,public static final SoundEffect
nn,co,field_187587_bZ,,,,,field,public static final SoundEffect
nn,cp,field_187668_ca,,,,,field,public static final SoundEffect
nn,cq,field_187670_cb,,,,,field,public static final SoundEffect
nn,cr,field_187672_cc,,,,,field,public static final SoundEffect
nn,cs,field_187675_cd,,,,,field,public static final SoundEffect
nn,ct,field_187678_ce,,,,,field,public static final SoundEffect
nn,cu,field_187681_cf,,,,,field,public static final SoundEffect
nn,cv,field_187684_cg,,,,,field,public static final SoundEffect
nn,cw,field_187687_ch,,,,,field,public static final SoundEffect
nn,cx,field_187690_ci,,,,,field,public static final SoundEffect
nn,cy,field_187693_cj,,,,,field,public static final SoundEffect
nn,cz,field_187696_ck,,,,,field,public static final SoundEffect
nn,cA,field_187699_cl,,,,,field,public static final SoundEffect
nn,cB,field_187702_cm,,,,,field,public static final SoundEffect
nn,cC,field_187705_cn,,,,,field,public static final SoundEffect
nn,cD,field_187708_co,,,,,field,public static final SoundEffect
nn,cE,field_187711_cp,,,,,field,public static final SoundEffect
nn,cF,field_187714_cq,,,,,field,public static final SoundEffect
nn,cG,field_187717_cr,,,,,field,public static final SoundEffect
nn,cH,field_187720_cs,,,,,field,public static final SoundEffect
nn,cI,field_187723_ct,,,,,field,public static final SoundEffect
nn,cJ,field_187726_cu,,,,,field,public static final SoundEffect
nn,cK,field_187729_cv,,,,,field,public static final SoundEffect
nn,cL,field_187732_cw,,,,,field,public static final SoundEffect
nn,cM,field_187735_cx,,,,,field,public static final SoundEffect
nn,cN,field_187738_cy,,,,,field,public static final SoundEffect
nn,cO,field_187741_cz,,,,,field,public static final SoundEffect
nn,cP,field_187589_cA,,,,,field,public static final SoundEffect
nn,cQ,field_187591_cB,,,,,field,public static final SoundEffect
nn,cR,field_187593_cC,,,,,field,public static final SoundEffect
nn,cS,field_190022_cI,,,,,field,public static final SoundEffect
nn,cT,field_190023_cJ,,,,,field,public static final SoundEffect
nn,cU,field_190024_cK,,,,,field,public static final SoundEffect
nn,cV,field_190025_cL,,,,,field,public static final SoundEffect
nn,cW,field_187596_cD,,,,,field,public static final SoundEffect
nn,cX,field_187599_cE,,,,,field,public static final SoundEffect
nn,cY,field_187602_cF,,,,,field,public static final SoundEffect
nn,cZ,field_187605_cG,,,,,field,public static final SoundEffect
nn,da,field_187608_cH,,,,,field,public static final SoundEffect
nn,db,field_187611_cI,,,,,field,public static final SoundEffect
nn,dc,field_187614_cJ,,,,,field,public static final SoundEffect
nn,dd,field_187617_cK,,,,,field,public static final SoundEffect
nn,de,field_187620_cL,,,,,field,public static final SoundEffect
nn,df,field_187623_cM,,,,,field,public static final SoundEffect
nn,dg,field_187626_cN,,,,,field,public static final SoundEffect
nn,dh,field_187629_cO,,,,,field,public static final SoundEffect
nn,di,field_187632_cP,,,,,field,public static final SoundEffect
nn,dj,field_187635_cQ,,,,,field,public static final SoundEffect
nn,dk,field_187638_cR,,,,,field,public static final SoundEffect
nn,dl,field_187641_cS,,,,,field,public static final SoundEffect
nn,dm,field_187644_cT,,,,,field,public static final SoundEffect
nn,dn,field_187647_cU,,,,,field,public static final SoundEffect
nn,do,field_187650_cV,,,,,field,public static final SoundEffect
nn,dp,field_187653_cW,,,,,field,public static final SoundEffect
nn,dq,field_187656_cX,,,,,field,public static final SoundEffect
nn,dr,field_187659_cY,,,,,field,public static final SoundEffect
nn,ds,field_187662_cZ,,,,,field,public static final SoundEffect
nn,dt,field_187746_da,,,,,field,public static final SoundEffect
nn,du,field_187748_db,,,,,field,public static final SoundEffect
nn,dv,field_187750_dc,,,,,field,public static final SoundEffect
nn,dw,field_187752_dd,,,,,field,public static final SoundEffect
nn,dx,field_187754_de,,,,,field,public static final SoundEffect
nn,dy,field_187756_df,,,,,field,public static final SoundEffect
nn,dz,field_191260_dz,,,,,field,public static final SoundEffect
nn,dA,field_191250_dA,,,,,field,public static final SoundEffect
nn,dB,field_191251_dB,,,,,field,public static final SoundEffect
nn,dC,field_191252_dC,,,,,field,public static final SoundEffect
nn,dD,field_191253_dD,,,,,field,public static final SoundEffect
nn,dE,field_191254_dE,,,,,field,public static final SoundEffect
nn,dF,field_191255_dF,,,,,field,public static final SoundEffect
nn,dG,field_191256_dG,,,,,field,public static final SoundEffect
nn,dH,field_191257_dH,,,,,field,public static final SoundEffect
nn,dI,field_187758_dg,,,,,field,public static final SoundEffect
nn,dJ,field_187760_dh,,,,,field,public static final SoundEffect
nn,dK,field_187762_di,,,,,field,public static final SoundEffect
nn,dL,field_187764_dj,,,,,field,public static final SoundEffect
nn,dM,field_187766_dk,,,,,field,public static final SoundEffect
nn,dN,field_187768_dl,,,,,field,public static final SoundEffect
nn,dO,field_187770_dm,,,,,field,public static final SoundEffect
nn,dP,field_187772_dn,,,,,field,public static final SoundEffect
nn,dQ,field_187774_do,BLOCK_METAL_PRESSUREPLATE_CLICK_OFF,,,,field,public static final SoundEffect
nn,dR,field_187776_dp,,,,,field,public static final SoundEffect
nn,dS,field_187778_dq,,,,,field,public static final SoundEffect
nn,dT,field_187780_dr,,,,,field,public static final SoundEffect
nn,dU,field_187782_ds,,,,,field,public static final SoundEffect
nn,dV,field_187784_dt,,,,,field,public static final SoundEffect
nn,dW,field_187786_du,,,,,field,public static final SoundEffect
nn,dX,field_191259_dX,,,,,field,public static final SoundEffect
nn,dY,field_187788_dv,,,,,field,public static final SoundEffect
nn,dZ,field_187790_dw,,,,,field,public static final SoundEffect
nn,ea,field_187792_dx,,,,,field,public static final SoundEffect
nn,eb,field_187794_dy,,,,,field,public static final SoundEffect
nn,ec,field_187796_dz,,,,,field,public static final SoundEffect
nn,ed,field_187667_dA,,,,,field,public static final SoundEffect
nn,ee,field_187669_dB,,,,,field,public static final SoundEffect
nn,ef,field_187671_dC,,,,,field,public static final SoundEffect
nn,eg,field_187673_dD,,,,,field,public static final SoundEffect
nn,eh,field_187676_dE,,,,,field,public static final SoundEffect
nn,ei,field_187679_dF,,,,,field,public static final SoundEffect
nn,ej,field_187682_dG,,,,,field,public static final SoundEffect
nn,ek,field_187685_dH,,,,,field,public static final SoundEffect
nn,el,field_189107_dL,,,,,field,public static final SoundEffect
nn,em,field_187688_dI,,,,,field,public static final SoundEffect
nn,en,field_187691_dJ,,,,,field,public static final SoundEffect
nn,eo,field_187694_dK,,,,,field,public static final SoundEffect
nn,ep,field_187697_dL,,,,,field,public static final SoundEffect
nn,eq,field_187700_dM,,,,,field,public static final SoundEffect
nn,er,field_187703_dN,,,,,field,public static final SoundEffect
nn,es,field_187706_dO,,,,,field,public static final SoundEffect
nn,et,field_187709_dP,,,,,field,public static final SoundEffect
nn,eu,field_187712_dQ,,,,,field,public static final SoundEffect
nn,ev,field_187715_dR,,,,,field,public static final SoundEffect
nn,ew,field_187718_dS,ENTITY_PLAYER_ATTACK_CRIT,,,,field,public static final SoundEffect
nn,ex,field_187721_dT,,,,,field,public static final SoundEffect
nn,ey,field_187724_dU,,,,,field,public static final SoundEffect
nn,ez,field_187727_dV,,,,,field,public static final SoundEffect
nn,eA,field_187730_dW,,,,,field,public static final SoundEffect
nn,eB,field_187733_dX,,,,,field,public static final SoundEffect
nn,eC,field_187736_dY,,,,,field,public static final SoundEffect
nn,eD,field_189109_ed,,,,,field,public static final SoundEffect
nn,eE,field_187739_dZ,,,,,field,public static final SoundEffect
nn,eF,field_187798_ea,,,,,field,public static final SoundEffect
nn,eG,field_187800_eb,ENTITY_PLAYER_HURT,,,,field,public static final SoundEffect
nn,eH,field_187802_ec,,,,,field,public static final SoundEffect
nn,eI,field_187804_ed,,,,,field,public static final SoundEffect
nn,eJ,field_187806_ee,,,,,field,public static final SoundEffect
nn,eK,field_187808_ef,,,,,field,public static final SoundEffect
nn,eL,field_190026_er,,,,,field,public static final SoundEffect
nn,eM,field_190027_es,,,,,field,public static final SoundEffect
nn,eN,field_190028_et,,,,,field,public static final SoundEffect
nn,eO,field_190029_eu,,,,,field,public static final SoundEffect
nn,eP,field_190030_ev,,,,,field,public static final SoundEffect
nn,eQ,field_190031_ew,,,,,field,public static final SoundEffect
nn,eR,field_187810_eg,,,,,field,public static final SoundEffect
nn,eS,field_187812_eh,,,,,field,public static final SoundEffect
nn,eT,field_187814_ei,,,,,field,public static final SoundEffect
nn,eU,field_187816_ej,,,,,field,public static final SoundEffect
nn,eV,field_187818_ek,,,,,field,public static final SoundEffect
nn,eW,field_187820_el,,,,,field,public static final SoundEffect
nn,eX,field_187822_em,,,,,field,public static final SoundEffect
nn,eY,field_187824_en,,,,,field,public static final SoundEffect
nn,eZ,field_187826_eo,,,,,field,public static final SoundEffect
nn,fa,field_187828_ep,,,,,field,public static final SoundEffect
nn,fb,field_187830_eq,,,,,field,public static final SoundEffect
nn,fc,field_187832_er,,,,,field,public static final SoundEffect
nn,fd,field_187834_es,,,,,field,public static final SoundEffect
nn,fe,field_187836_et,,,,,field,public static final SoundEffect
nn,ff,field_187838_eu,,,,,field,public static final SoundEffect
nn,fg,field_187840_ev,,,,,field,public static final SoundEffect
nn,fh,field_187842_ew,,,,,field,public static final SoundEffect
nn,fi,field_187844_ex,,,,,field,public static final SoundEffect
nn,fj,field_187846_ey,,,,,field,public static final SoundEffect
nn,fk,field_187848_ez,,,,,field,public static final SoundEffect
nn,fl,field_187745_eA,,,,,field,public static final SoundEffect
nn,fm,field_187747_eB,,,,,field,public static final SoundEffect
nn,fn,field_187749_eC,,,,,field,public static final SoundEffect
nn,fo,field_187751_eD,,,,,field,public static final SoundEffect
nn,fp,field_187753_eE,,,,,field,public static final SoundEffect
nn,fq,field_187755_eF,,,,,field,public static final SoundEffect
nn,fr,field_187757_eG,,,,,field,public static final SoundEffect
nn,fs,field_187759_eH,,,,,field,public static final SoundEffect
nn,ft,field_187761_eI,,,,,field,public static final SoundEffect
nn,fu,field_187763_eJ,,,,,field,public static final SoundEffect
nn,fv,field_187765_eK,,,,,field,public static final SoundEffect
nn,fw,field_187767_eL,,,,,field,public static final SoundEffect
nn,fx,field_187769_eM,,,,,field,public static final SoundEffect
nn,fy,field_187771_eN,,,,,field,public static final SoundEffect
nn,fz,field_187773_eO,,,,,field,public static final SoundEffect
nn,fA,field_191261_fA,,,,,field,public static final SoundEffect
nn,fB,field_191262_fB,,,,,field,public static final SoundEffect
nn,fC,field_187775_eP,,,,,field,public static final SoundEffect
nn,fD,field_187777_eQ,,,,,field,public static final SoundEffect
nn,fE,field_187779_eR,,,,,field,public static final SoundEffect
nn,fF,field_187781_eS,,,,,field,public static final SoundEffect
nn,fG,field_187783_eT,,,,,field,public static final SoundEffect
nn,fH,field_187785_eU,,,,,field,public static final SoundEffect
nn,fI,field_187787_eV,,,,,field,public static final SoundEffect
nn,fJ,field_187789_eW,,,,,field,public static final SoundEffect
nn,fK,field_187791_eX,,,,,field,public static final SoundEffect
nn,fL,field_187793_eY,,,,,field,public static final SoundEffect
nn,fM,field_187795_eZ,,,,,field,public static final SoundEffect
nn,fN,field_187850_fa,,,,,field,public static final SoundEffect
nn,fO,field_187852_fb,,,,,field,public static final SoundEffect
nn,fP,field_187854_fc,,,,,field,public static final SoundEffect
nn,fQ,field_187856_fd,,,,,field,public static final SoundEffect
nn,fR,field_187858_fe,,,,,field,public static final SoundEffect
nn,fS,field_187860_ff,,,,,field,public static final SoundEffect
nn,fT,field_187862_fg,,,,,field,public static final SoundEffect
nn,fU,field_187864_fh,,,,,field,public static final SoundEffect
nn,fV,field_187866_fi,,,,,field,public static final SoundEffect
nn,fW,field_187868_fj,,,,,field,public static final SoundEffect
nn,fX,field_187870_fk,,,,,field,public static final SoundEffect
nn,fY,field_187872_fl,,,,,field,public static final SoundEffect
nn,fZ,field_187874_fm,,,,,field,public static final SoundEffect
nn,ga,field_187876_fn,,,,,field,public static final SoundEffect
nn,gb,field_187878_fo,,,,,field,public static final SoundEffect
nn,gc,field_187880_fp,,,,,field,public static final SoundEffect
nn,gd,field_187882_fq,,,,,field,public static final SoundEffect
nn,ge,field_187884_fr,,,,,field,public static final SoundEffect
nn,gf,field_187886_fs,,,,,field,public static final SoundEffect
nn,gg,field_187888_ft,,,,,field,public static final SoundEffect
nn,gh,field_187890_fu,,,,,field,public static final SoundEffect
nn,gi,field_187892_fv,,,,,field,public static final SoundEffect
nn,gj,field_187894_fw,,,,,field,public static final SoundEffect
nn,gk,field_187896_fx,,,,,field,public static final SoundEffect
nn,gl,field_187898_fy,,,,,field,public static final SoundEffect
nn,gm,field_189110_fE,,,,,field,public static final SoundEffect
nn,gn,field_187900_fz,,,,,field,public static final SoundEffect
nn,go,field_187797_fA,,,,,field,public static final SoundEffect
nn,gp,field_187799_fB,,,,,field,public static final SoundEffect
nn,gq,field_187801_fC,,,,,field,public static final SoundEffect
nn,gr,field_187803_fD,,,,,field,public static final SoundEffect
nn,gs,field_187805_fE,,,,,field,public static final SoundEffect
nn,gt,field_187807_fF,,,,,field,public static final SoundEffect
nn,gu,field_187809_fG,,,,,field,public static final SoundEffect
nn,gv,field_187811_fH,,,,,field,public static final SoundEffect
nn,gw,field_187813_fI,,,,,field,public static final SoundEffect
nn,gx,field_187815_fJ,,,,,field,public static final SoundEffect
nn,gy,field_187817_fK,,,,,field,public static final SoundEffect
nn,gz,field_187819_fL,,,,,field,public static final SoundEffect
nn,gA,field_187821_fM,,,,,field,public static final SoundEffect
nn,gB,field_187823_fN,,,,,field,public static final SoundEffect
nn,gC,field_187825_fO,,,,,field,public static final SoundEffect
nn,gD,field_187827_fP,,,,,field,public static final SoundEffect
nn,gE,field_187829_fQ,,,,,field,public static final SoundEffect
nn,gF,field_187831_fR,,,,,field,public static final SoundEffect
nn,gG,field_187833_fS,,,,,field,public static final SoundEffect
nn,gH,field_187835_fT,,,,,field,public static final SoundEffect
nn,gI,field_187837_fU,,,,,field,public static final SoundEffect
nn,gJ,field_187839_fV,,,,,field,public static final SoundEffect
nn,gK,field_187841_fW,,,,,field,public static final SoundEffect
nn,gL,field_187843_fX,,,,,field,public static final SoundEffect
nn,gM,field_187845_fY,,,,,field,public static final SoundEffect
nn,gN,field_187847_fZ,,,,,field,public static final SoundEffect
nn,gO,field_187901_ga,,,,,field,public static final SoundEffect
nn,gP,field_187902_gb,,,,,field,public static final SoundEffect
nn,gQ,field_190032_gu,,,,,field,public static final SoundEffect
nn,gR,field_190033_gv,,,,,field,public static final SoundEffect
nn,gS,field_190034_gw,,,,,field,public static final SoundEffect
nn,gT,field_190035_gx,,,,,field,public static final SoundEffect
nn,gU,field_187903_gc,,,,,field,public static final SoundEffect
nn,gV,field_187904_gd,,,,,field,public static final SoundEffect
nn,gW,field_191263_gW,,,,,field,public static final SoundEffect
nn,gX,field_187905_ge,,,,,field,public static final SoundEffect
nn,gY,field_187906_gf,,,,,field,public static final SoundEffect
nn,gZ,field_187907_gg,,,,,field,public static final SoundEffect
nn,ha,field_187908_gh,,,,,field,public static final SoundEffect
nn,hb,field_187909_gi,,,,,field,public static final SoundEffect
nn,hc,field_191264_hc,,,,,field,public static final SoundEffect
nn,hd,field_191265_hd,,,,,field,public static final SoundEffect
nn,he,field_191266_he,,,,,field,public static final SoundEffect
nn,hf,field_191267_hf,,,,,field,public static final SoundEffect
nn,hg,field_187910_gj,,,,,field,public static final SoundEffect
nn,hh,field_187911_gk,,,,,field,public static final SoundEffect
nn,hi,field_187912_gl,,,,,field,public static final SoundEffect
nn,hj,field_187913_gm,,,,,field,public static final SoundEffect
nn,hk,field_187914_gn,,,,,field,public static final SoundEffect
nn,hl,field_187915_go,,,,,field,public static final SoundEffect
nn,hm,field_191268_hm,,,,,field,public static final SoundEffect
nn,hn,field_191269_hn,,,,,field,public static final SoundEffect
nn,ho,field_191270_ho,,,,,field,public static final SoundEffect
nn,hp,field_187916_gp,,,,,field,public static final SoundEffect
nn,hq,field_187917_gq,,,,,field,public static final SoundEffect
nn,hr,field_187918_gr,,,,,field,public static final SoundEffect
nn,hs,field_187919_gs,,,,,field,public static final SoundEffect
nn,ht,field_187920_gt,,,,,field,public static final SoundEffect
nn,hu,field_187921_gu,,,,,field,public static final SoundEffect
nn,hv,field_187922_gv,,,,,field,public static final SoundEffect
nn,hw,field_187923_gw,,,,,field,public static final SoundEffect
nn,hx,field_187924_gx,,,,,field,public static final SoundEffect
nn,hy,field_187925_gy,,,,,field,public static final SoundEffect
nn,hz,field_187926_gz,,,,,field,public static final SoundEffect
nn,hA,field_187849_gA,,,,,field,public static final SoundEffect
nn,hB,field_187851_gB,,,,,field,public static final SoundEffect
nn,hC,field_187853_gC,,,,,field,public static final SoundEffect
nn,hD,field_190036_ha,,,,,field,public static final SoundEffect
nn,hE,field_190037_hb,,,,,field,public static final SoundEffect
nn,hF,field_190038_hc,,,,,field,public static final SoundEffect
nn,hG,field_190039_hd,,,,,field,public static final SoundEffect
nn,hH,field_187855_gD,,,,,field,public static final SoundEffect
nn,hI,field_187857_gE,,,,,field,public static final SoundEffect
nn,hJ,field_187859_gF,,,,,field,public static final SoundEffect
nn,hK,field_187861_gG,,,,,field,public static final SoundEffect
nn,hL,field_189111_gN,,,,,field,public static final SoundEffect
nn,hM,field_187863_gH,,,,,field,public static final SoundEffect
nn,hN,field_187865_gI,,,,,field,public static final SoundEffect
nn,hO,field_187867_gJ,,,,,field,public static final SoundEffect
nn,hP,field_187869_gK,,,,,field,public static final SoundEffect
nn,hQ,field_187871_gL,,,,,field,public static final SoundEffect
nn,hR,field_187873_gM,,,,,field,public static final SoundEffect
nn,hS,field_187875_gN,,,,,field,public static final SoundEffect
nn,hT,field_187877_gO,,,,,field,public static final SoundEffect
nn,hU,field_187879_gP,,,,,field,public static final SoundEffect
nn,hV,field_187881_gQ,,,,,field,public static final SoundEffect
nn,hW,field_187883_gR,,,,,field,public static final SoundEffect
nn,hX,field_187885_gS,,,,,field,public static final SoundEffect
nn,hY,field_187887_gT,,,,,field,public static final SoundEffect
nn,hZ,field_187889_gU,,,,,field,public static final SoundEffect
nn,ia,field_187891_gV,,,,,field,public static final SoundEffect
nn,ib,field_187893_gW,,,,,field,public static final SoundEffect
nn,ic,field_187895_gX,,,,,field,public static final SoundEffect
nn,id,field_187897_gY,,,,,field,public static final SoundEffect
nn,ie,field_187899_gZ,,,,,field,public static final SoundEffect
nn,if,field_187927_ha,,,,,field,public static final SoundEffect
nn,ig,field_187928_hb,,,,,field,public static final SoundEffect
nn,ih,field_187929_hc,,,,,field,public static final SoundEffect
nn,ii,field_187930_hd,,,,,field,public static final SoundEffect
nn,ij,field_187931_he,,,,,field,public static final SoundEffect
nn,ik,field_187932_hf,,,,,field,public static final SoundEffect
nn,il,field_187933_hg,,,,,field,public static final SoundEffect
nn,im,field_187934_hh,,,,,field,public static final SoundEffect
nn,in,field_187945_hs,,,,,field,public static final SoundEffect
nn,io,field_187935_hi,,,,,field,public static final SoundEffect
nn,ip,field_187936_hj,,,,,field,public static final SoundEffect
nn,iq,field_187937_hk,,,,,field,public static final SoundEffect
nn,ir,field_187938_hl,,,,,field,public static final SoundEffect
nn,is,field_187939_hm,,,,,field,public static final SoundEffect
nn,it,field_187940_hn,,,,,field,public static final SoundEffect
nn,iu,field_187941_ho,,,,,field,public static final SoundEffect
nn,iv,field_187942_hp,,,,,field,public static final SoundEffect
nn,iw,field_187943_hq,,,,,field,public static final SoundEffect
nn,ix,field_187944_hr,,,,,field,public static final SoundEffect
nn,iy,field_187946_ht,,,,,field,public static final SoundEffect
no,a,MASTER,MASTER,,,,enum,
no,b,MUSIC,MUSIC,,,,enum,
no,c,RECORDS,RECORDS,,,,enum,
no,d,WEATHER,WEATHER,,,,enum,
no,e,BLOCKS,BLOCKS,,,,enum,
no,f,HOSTILE,HOSTILE,,,,enum,
no,g,NEUTRAL,NEUTRAL,,,,enum,
no,h,PLAYERS,PLAYERS,,,,enum,
no,i,AMBIENT,AMBIENT,,,,enum,
no,j,VOICE,VOICE,,,,enum,
no,k,field_187961_k,,,,,field,"private static final Map<String, SoundCategory>"
no,l,field_187962_l,,,,,field,private final String
nq,a,field_75993_a,,,,,field,public final int
nq,b,field_75991_b,,,,,field,public final int
nq,c,field_75992_c,,,,,field,public final Achievement
nq,k,field_75996_k,,,,,field,private final String
nq,d,field_75990_d,,,,,field,public final ItemStack
nq,m,field_75995_m,,,,,field,private boolean
nq,l,field_75994_l,,,,,field,private IStatStringFormat
nr,a,field_76010_a,,,,,field,public static int
nr,b,field_76008_b,,,,,field,public static int
nr,c,field_76009_c,,,,,field,public static int
nr,d,field_76006_d,,,,,field,public static int
nr,e,field_187981_e,,,,,field,public static final List<Achievement>
nr,f,field_187982_f,,,,,field,public static final Achievement
nr,g,field_187983_g,,,,,field,public static final Achievement
nr,h,field_187984_h,,,,,field,public static final Achievement
nr,i,field_187985_i,,,,,field,public static final Achievement
nr,j,field_187986_j,,,,,field,public static final Achievement
nr,k,field_187987_k,,,,,field,public static final Achievement
nr,l,field_76013_l,,,,,field,public static final Achievement
nr,m,field_187988_m,,,,,field,public static final Achievement
nr,n,field_76011_n,,,,,field,public static final Achievement
nr,o,field_187989_o,,,,,field,public static final Achievement
nr,p,field_76026_p,,,,,field,public static final Achievement
nr,q,field_187990_q,,,,,field,public static final Achievement
nr,r,field_187991_r,,,,,field,public static final Achievement
nr,s,field_187992_s,,,,,field,public static final Achievement
nr,t,field_76022_t,,,,,field,public static final Achievement
nr,u,field_187993_u,,,,,field,public static final Achievement
nr,v,field_187994_v,,,,,field,public static final Achievement
nr,w,field_187995_w,,,,,field,public static final Achievement
nr,x,field_187996_x,,,,,field,public static final Achievement
nr,y,field_187997_y,,,,,field,public static final Achievement
nr,z,field_76028_y,,,,,field,public static final Achievement
nr,A,field_187969_A,,,,,field,public static final Achievement
nr,B,field_187970_B,,,,,field,public static final Achievement
nr,C,field_76002_B,,,,,field,public static final Achievement
nr,D,field_187971_D,,,,,field,public static final Achievement
nr,E,field_187972_E,,,,,field,public static final Achievement
nr,F,field_187973_F,,,,,field,public static final Achievement
nr,G,field_187974_G,,,,,field,public static final Achievement
nr,H,field_187975_H,,,,,field,public static final Achievement
nr,I,field_187976_I,,,,,field,public static final Achievement
nr,J,field_187977_J,,,,,field,public static final Achievement
nr,K,field_187978_K,,,,,field,public static final Achievement
nr,L,field_187979_L,,,,,field,public static final Achievement
nr,M,field_187980_M,,,,,field,public static final Achievement
nu,a,field_150960_a,,,,,field,private final Item
nv,b,field_150889_b,,,,,field,private static final org.apache.logging.log4j.Logger
nv,c,field_150890_c,,,,,field,private final MinecraftServer
nv,d,field_150887_d,,,,,field,private final File
nv,e,field_150888_e,,,,,field,private final Set<Statistic>
nv,f,field_150885_f,,,,,field,private int
nv,g,field_150886_g,,,,,field,private boolean
nw,e,field_75975_e,name,,,,field,public final String
nw,a,field_75978_a,,,,,field,private final IChatBaseComponent
nw,f,field_75972_f,,,,,field,public boolean
nw,b,field_75976_b,,,,,field,private final Counter
nw,c,field_150957_c,,,,,field,private final IScoreboardCriteria
nw,d,field_150956_d,,,,,field,private Class<? extends IJsonStatistic>
nw,k,field_75977_c,,,,,field,private static final NumberFormat
nw,g,field_75980_h,,,,,field,public static Counter
nw,l,field_75974_d,,,,,field,private static final DecimalFormat
nw,h,field_75981_i,,,,,field,public static Counter
nw,i,field_75979_j,,,,,field,public static Counter
nw,j,field_111202_k,,,,,field,public static Counter
ny,a,field_151192_a,,,,,field,private int
ny,b,field_151191_b,,,,,field,private IJsonStatistic
o$a,a,SUCCESS_COUNT,SUCCESS_COUNT,,,,enum,
o$a,b,AFFECTED_BLOCKS,AFFECTED_BLOCKS,,,,enum,
o$a,c,AFFECTED_ENTITIES,AFFECTED_ENTITIES,,,,enum,
o$a,d,AFFECTED_ITEMS,AFFECTED_ITEMS,,,,enum,
o$a,e,QUERY_RESULT,QUERY_RESULT,,,,enum,
o$a,f,field_179639_f,,,,,field,final int
o$a,g,field_179640_g,,,,,field,final String
o,a,field_179676_a,,,,,field,private static final int
o,b,field_179674_b,,,,,field,private static final String[]
o,c,field_179675_c,,,,,field,private String[]
o,d,field_179673_d,,,,,field,private String[]
oa,a,field_188093_a,,,,,field,"protected static final Map<String, Statistic>"
oa,b,field_75940_b,stats,,,,field,public static final List<Statistic>
oa,c,field_188094_c,,,,,field,public static final List<Statistic>
oa,d,field_188095_d,,,,,field,public static final List<CraftingStatistic>
oa,e,field_188096_e,,,,,field,public static final List<CraftingStatistic>
oa,f,field_75947_j,,,,,field,public static final Statistic
oa,g,field_188097_g,,,,,field,public static final Statistic
oa,h,field_188098_h,,,,,field,public static final Statistic
oa,i,field_188099_i,,,,,field,public static final Statistic
oa,j,field_188100_j,,,,,field,public static final Statistic
oa,k,field_188101_k,,,,,field,public static final Statistic
oa,l,field_188102_l,,,,,field,public static final Statistic
oa,m,field_75946_m,,,,,field,public static final Statistic
oa,n,field_75943_n,,,,,field,public static final Statistic
oa,o,field_188103_o,,,,,field,public static final Statistic
oa,p,field_188104_p,,,,,field,public static final Statistic
oa,q,field_188105_q,,,,,field,public static final Statistic
oa,r,field_188106_r,,,,,field,public static final Statistic
oa,s,field_188107_s,,,,,field,public static final Statistic
oa,t,field_188108_t,,,,,field,public static final Statistic
oa,u,field_188109_u,,,,,field,public static final Statistic
oa,v,field_188110_v,,,,,field,public static final Statistic
oa,w,field_75953_u,,,,,field,public static final Statistic
oa,x,field_75952_v,,,,,field,public static final Statistic
oa,y,field_188111_y,,,,,field,public static final Statistic
oa,z,field_188112_z,,,,,field,public static final Statistic
oa,A,field_188069_A,,,,,field,public static final Statistic
oa,B,field_188070_B,,,,,field,public static final Statistic
oa,C,field_151186_x,,,,,field,public static final Statistic
oa,D,field_75932_A,,,,,field,public static final Statistic
oa,E,field_188071_E,,,,,field,public static final Statistic
oa,F,field_188074_H,,,,,field,public static final Statistic
oa,G,field_188075_I,,,,,field,public static final Statistic
oa,H,field_188076_J,,,,,field,public static final Statistic
oa,I,field_188077_K,,,,,field,public static final Statistic
oa,J,field_188078_L,,,,,field,public static final Statistic
oa,K,field_188079_M,,,,,field,public static final Statistic
oa,L,field_188080_N,,,,,field,public static final Statistic
oa,M,field_188081_O,,,,,field,public static final Statistic
oa,N,field_188082_P,,,,,field,public static final Statistic
oa,O,field_188083_Q,,,,,field,public static final Statistic
oa,P,field_188084_R,,,,,field,public static final Statistic
oa,Q,field_188085_S,,,,,field,public static final Statistic
oa,R,field_188086_T,,,,,field,public static final Statistic
oa,S,field_188087_U,,,,,field,public static final Statistic
oa,T,field_188088_V,,,,,field,public static final Statistic
oa,U,field_188089_W,,,,,field,public static final Statistic
oa,V,field_188090_X,,,,,field,public static final Statistic
oa,W,field_188091_Y,,,,,field,public static final Statistic
oa,X,field_188092_Z,,,,,field,public static final Statistic
oa,Y,field_188061_aa,,,,,field,public static final Statistic
oa,Z,field_188062_ab,,,,,field,public static final Statistic
oa,aa,field_188063_ac,,,,,field,public static final Statistic
oa,ab,field_188064_ad,,,,,field,public static final Statistic
oa,ac,field_191272_ae,,,,,field,public static final Statistic
oa,ad,field_188065_ae,,,,,field,private static final Statistic[]
oa,ae,field_188066_af,,,,,field,private static final Statistic[]
oa,af,field_75929_E,,,,,field,private static final Statistic[]
oa,ag,field_75930_F,,,,,field,private static final Statistic[]
oa,ah,field_188067_ai,,,,,field,private static final Statistic[]
oa,ai,field_188068_aj,,,,,field,private static final Statistic[]
ob,a,field_150875_a,,,,,field,"protected final Map<Statistic, StatisticWrapper>"
oc,a,field_151004_a,,,,,field,private final Set<String>
oe,a,field_188145_a,,,,,field,private final long[]
oe,b,field_188146_b,,,,,field,private final int
oe,c,field_188147_c,,,,,field,private final long
oe,d,field_188148_d,,,,,field,private final int
of,a,field_181158_a,,,,,field,private static final Set<Class<?>>
of,b,field_180218_a,,,,,field,"private final Map<Class<?>, List<T>>"
of,c,field_180216_b,,,,,field,private final Set<Class<?>>
of,d,field_180217_c,,,,,field,private final Class<T>
of,e,field_181745_e,,,,,field,private final List<T>
oh,a,field_186817_a,,,,,field,private static final Object
oh,b,field_186818_b,,,,,field,private K[]
oh,c,field_186819_c,,,,,field,private int[]
oh,d,field_186820_d,,,,,field,private K[]
oh,e,field_186821_e,,,,,field,private int
oh,f,field_186822_f,,,,,field,private int
oi,a,field_180198_a,,,,,field,private static final org.apache.logging.log4j.Logger
ol,a,field_180193_a,,,,,field,public static final com.google.common.util.concurrent.ListeningExecutorService
ol,b,field_151228_a,,,,,field,private static final AtomicInteger
ol,c,field_151227_b,,,,,field,private static final org.apache.logging.log4j.Logger
om,a,field_76117_a,,,,,field,"private final Map<String, V>"
oo$a,a,field_76035_a,,,,,field,final int
oo$a,b,field_76033_b,,,,,field,V
oo$a,c,field_76034_c,,,,,field,IntHashMap$IntHashMapEntry<V>
oo$a,d,field_76032_d,,,,,field,final int
oo,a,field_76055_a,,,,,field,private transient IntHashMap$IntHashMapEntry<V>[]
oo,b,field_76053_b,,,,,field,private transient int
oo,c,field_76054_c,,,,,field,private int
oo,d,field_76051_d,,,,,field,private final float
op,a,field_179283_a,,,,,field,private T
op,b,field_179282_b,,,,,field,private boolean
ot,a,field_180189_a,,,,,field,public static final float
ot,b,field_76144_a,,,,,field,private static final float[]
ot,c,field_188211_c,,,,,field,private static final Random
ot,d,field_151242_b,,,,,field,private static final int[]
ot,e,field_181163_d,,,,,field,private static final double
ot,f,field_181164_e,,,,,field,private static final double[]
ot,g,field_181165_f,,,,,field,private static final double[]
ou$a,a,field_76332_a,,,,,field,public double
ou$a,b,field_76330_b,,,,,field,public double
ou$a,c,field_76331_c,,,,,field,public String
ou,b,field_151234_b,,,,,field,private static final org.apache.logging.log4j.Logger
ou,c,field_76325_b,,,,,field,private final List<String>
ou,d,field_76326_c,,,,,field,private final List<Long>
ou,a,field_76327_a,,,,,field,public boolean
ou,e,field_76323_d,,,,,field,private String
ou,f,field_76324_e,,,,,field,"private final Map<String, Long>"
oy,a,field_76339_a,,,,,field,private static final Pattern
p,a,field_82389_a,,,,,field,private static final Pattern
p,b,field_190828_b,,,,,field,private static final com.google.common.base.Splitter
p,c,field_190829_c,,,,,field,private static final com.google.common.base.Splitter
p,d,field_190830_d,,,,,field,private static final Set<String>
p,e,field_190831_e,,,,,field,private static final String
p,f,field_190832_f,,,,,field,private static final String
p,g,field_190833_g,,,,,field,private static final String
p,h,field_190834_h,,,,,field,private static final String
p,i,field_190835_i,,,,,field,private static final String
p,j,field_190836_j,,,,,field,private static final String
p,k,field_190837_k,,,,,field,private static final String
p,l,field_190838_l,,,,,field,private static final String
p,m,field_190839_m,,,,,field,private static final String
p,n,field_190840_n,,,,,field,private static final String
p,o,field_190841_o,,,,,field,private static final String
p,p,field_190842_p,,,,,field,private static final String
p,q,field_190843_q,,,,,field,private static final String
p,r,field_190844_r,,,,,field,private static final String
p,s,field_190845_s,,,,,field,private static final String
p,t,field_190846_t,,,,,field,private static final String
p,u,field_190847_u,,,,,field,private static final String
p,v,field_190848_v,,,,,field,private static final String
p,w,field_190849_w,,,,,field,private static final String
p,x,field_190850_x,,,,,field,private static final String
p,y,field_190851_y,,,,,field,private static final com.google.common.base.Predicate<String>
p,z,field_179666_d,,,,,field,private static final Set<String>
pa,a,a,,,,,field,private A
pa,b,b,,,,,field,private B
pb$a,a,field_76292_a,,,,,field,protected int
pf,a,LEVEL,LEVEL,,,,enum,
pf,b,PLAYER,PLAYER,,,,enum,
pf,c,CHUNK,CHUNK,,,,enum,
pf,d,BLOCK_ENTITY,BLOCK_ENTITY,,,,enum,
pf,e,ENTITY,ENTITY,,,,enum,
pf,f,ITEM_INSTANCE,ITEM_INSTANCE,,,,enum,
pf,g,OPTIONS,OPTIONS,,,,enum,
pf,h,STRUCTURE,STRUCTURE,,,,enum,
ph,a,field_188259_a,,,,,field,private static final org.apache.logging.log4j.Logger
ph,b,field_188260_b,,,,,field,"private final Map<DataConverterType, List<DataInspector>>"
ph,c,field_188261_c,,,,,field,"private final Map<DataConverterType, List<IDataConverter>>"
ph,d,field_188262_d,,,,,field,private final int
pk,a,field_191275_a,,,,,field,"private static final Map<String, String>"
pn,a,field_188225_a,,,,,field,public static final com.google.gson.Gson
pr,a,field_188218_a,,,,,field,private static final Set<String>
pu,a,field_191276_a,,,,,field,"private static final Map<String, String>"
pv,a,field_188222_a,,,,,field,private static final List<String>
qd,a,field_190049_a,,,,,field,private static final Random
qf,a,field_190050_a,,,,,field,private static final MinecraftKey
qg,a,field_188221_a,,,,,field,private static final String[]
qh,a,field_188223_a,,,,,field,private static final String[]
qi,a,field_191278_a,,,,,field,public static final String[]
qj,a,field_188226_a,,,,,field,private static final String[]
qr,a,field_188274_a,,,,,field,private final String[]
qs,a,field_188268_a,,,,,field,private static final org.apache.logging.log4j.Logger
qs,b,field_190892_b,,,,,field,"private static final Map<String, String>"
qs,c,field_188269_b,,,,,field,"private static final Map<String, String>"
qt,a,field_188270_a,,,,,field,private static final org.apache.logging.log4j.Logger
qu,a,field_188275_a,,,,,field,private final String[]
qv,a,field_188272_a,,,,,field,private final MinecraftKey
r,a,field_147211_a,,,,,field,public static final Pattern
ra$a,a,PINK,PINK,,,,enum,
ra$a,b,BLUE,BLUE,,,,enum,
ra$a,c,RED,RED,,,,enum,
ra$a,d,GREEN,GREEN,,,,enum,
ra$a,e,YELLOW,YELLOW,,,,enum,
ra$a,f,PURPLE,PURPLE,,,,enum,
ra$a,g,WHITE,WHITE,,,,enum,
ra$b,a,PROGRESS,PROGRESS,,,,enum,
ra$b,b,NOTCHED_6,NOTCHED_6,,,,enum,
ra$b,c,NOTCHED_10,NOTCHED_10,,,,enum,
ra$b,d,NOTCHED_12,NOTCHED_12,,,,enum,
ra$b,e,NOTCHED_20,NOTCHED_20,,,,enum,
ra,h,field_186756_h,,,,,field,private final UUID
ra,a,field_186749_a,title,,,,field,protected IChatBaseComponent
ra,b,field_186750_b,,,,,field,protected float
ra,c,field_186751_c,color,,,,field,protected BossBattle$BarColor
ra,d,field_186752_d,style,,,,field,protected BossBattle$BarStyle
ra,e,field_186753_e,,,,,field,protected boolean
ra,f,field_186754_f,,,,,field,protected boolean
ra,g,field_186755_g,,,,,field,protected boolean
rb,a,field_70479_a,,,,,field,private final String
rb,b,field_70477_b,left,,,,field,private final ITileInventory
rb,c,field_70478_c,right,,,,field,private final ITileInventory
rf,a,field_180177_a,,,,,field,private static final Random
rg,a,PEACEFUL,PEACEFUL,,,,enum,
rg,b,EASY,EASY,,,,enum,
rg,c,NORMAL,NORMAL,,,,enum,
rg,d,HARD,HARD,,,,enum,
rg,e,field_151530_e,,,,,field,private static final EnumDifficulty[]
rg,f,field_151527_f,,,,,field,private final int
rg,g,field_151528_g,,,,,field,private final String
rh,a,field_180172_a,,,,,field,private final EnumDifficulty
rh,b,field_180171_b,,,,,field,private final float
ri,a,MAIN_HAND,MAIN_HAND,,,,enum,
ri,b,OFF_HAND,OFF_HAND,,,,enum,
rk,a,SUCCESS,SUCCESS,,,,enum,
rk,b,PASS,PASS,,,,enum,
rk,c,FAIL,FAIL,,,,enum,
rl,a,field_188399_a,,,,,field,private final EnumInteractionResult
rl,b,field_188400_b,,,,,field,private final T
rn,a,field_180162_a,,,,,field,public static final ChestLock
rn,b,field_180161_b,,,,,field,private final String
rr,a,field_70483_a,,,,,field,private String
rr,b,field_70481_b,,,,,field,private final int
rr,c,field_70482_c,items,,,,field,private final NonNullList<ItemStack>
rr,d,field_70480_d,,,,,field,private List<IInventoryListener>
rr,e,field_94051_e,,,,,field,private boolean
rs,a,field_152773_a,,,,,field,"private final Map<String, Object>"
rs,b,field_152774_b,,,,,field,"private final Map<String, Object>"
rs,c,field_76480_b,,,,,field,private final String
rs,d,field_76481_c,,,,,field,private final URL
rs,e,field_76478_d,,,,,field,private final IMojangStatistics
rs,f,field_76479_e,,,,,field,private final Timer
rs,g,field_76476_f,,,,,field,private final Object
rs,h,field_98224_g,,,,,field,private final long
rs,i,field_76477_g,,,,,field,private boolean
rs,j,field_76483_h,,,,,field,private int
rv,a,field_94569_a,,,,,field,private final DamageSource
rv,b,field_94567_b,,,,,field,private final int
rv,c,field_94568_c,,,,,field,private final float
rv,d,field_94565_d,,,,,field,private final float
rv,e,field_94566_e,,,,,field,private final String
rv,f,field_94564_f,,,,,field,private final float
rx,a,field_94556_a,,,,,field,private final List<CombatEntry>
rx,b,field_94554_b,,,,,field,private final EntityLiving
rx,c,field_94555_c,,,,,field,private int
rx,d,field_152775_d,,,,,field,private int
rx,e,field_152776_e,,,,,field,private int
rx,f,field_94552_d,,,,,field,private boolean
rx,g,field_94553_e,,,,,field,private boolean
rx,h,field_94551_f,,,,,field,private String
ry,a,field_76372_a,FIRE,,,,field,public static final DamageSource
ry,b,field_180137_b,LIGHTNING,,,,field,public static final DamageSource
ry,c,field_76370_b,BURN,,,,field,public static final DamageSource
ry,d,field_76371_c,LAVA,,,,field,public static final DamageSource
ry,e,field_190095_e,HOT_FLOOR,,,,field,public static final DamageSource
ry,f,field_76368_d,STUCK,,,,field,public static final DamageSource
ry,g,field_191291_g,CRAMMING,,,,field,public static final DamageSource
ry,h,field_76369_e,DROWN,,,,field,public static final DamageSource
ry,i,field_76366_f,STARVE,,,,field,public static final DamageSource
ry,j,field_76367_g,CACTUS,,,,field,public static final DamageSource
ry,k,field_76379_h,FALL,,,,field,public static final DamageSource
ry,l,field_188406_j,FLY_INTO_WALL,,,,field,public static final DamageSource
ry,m,field_76380_i,OUT_OF_WORLD,,,,field,public static final DamageSource
ry,n,field_76377_j,GENERIC,,,,field,public static final DamageSource
ry,o,field_76376_m,MAGIC,,,,field,public static final DamageSource
ry,p,field_82727_n,WITHER,,,,field,public static final DamageSource
ry,q,field_82728_o,ANVIL,,,,field,public static final DamageSource
ry,r,field_82729_p,FALLING_BLOCK,,,,field,public static final DamageSource
ry,s,field_188407_q,DRAGON_BREATH,,,,field,public static final DamageSource
ry,t,field_191552_t,,,,,field,public static final DamageSource
ry,v,field_76374_o,,,,,field,private boolean
ry,w,field_76385_p,,,,,field,private boolean
ry,x,field_151520_r,,,,,field,private boolean
ry,y,field_76384_q,,,,,field,private float
ry,z,field_76383_r,,,,,field,private boolean
ry,A,field_76382_s,,,,,field,private boolean
ry,B,field_76381_t,,,,,field,private boolean
ry,C,field_82730_x,,,,,field,private boolean
ry,D,field_76378_k,,,,,field,private boolean
ry,u,field_76373_n,translationIndex,,,,field,public String
rz,v,field_76386_o,,,,,field,protected Entity
rz,w,field_180140_r,,,,,field,private boolean
sa,w,field_76387_p,owner,,,,field,private final Entity
sd,a,field_188416_a,,,,,field,protected final double
sg,b,field_188414_b,REGISTRY,,,,field,"public static final RegistryMaterials<MinecraftKey, MobEffectList>"
sg,a,field_111188_I,,,,,field,"private final Map<IAttribute, AttributeModifier>"
sg,c,field_76418_K,,,,,field,private final boolean
sg,d,field_76414_N,,,,,field,private final int
sg,e,field_76416_I,,,,,field,private String
sg,f,field_76417_J,,,,,field,private int
sg,g,field_76412_L,durationModifier,,,,field,private double
sg,h,field_188415_h,,,,,field,private boolean
sh,a,field_180155_a,,,,,field,private static final org.apache.logging.log4j.Logger
sh,b,field_188420_b,,,,,field,private final MobEffectList
sh,c,field_76460_b,duration,,,,field,private int
sh,d,field_76461_c,amplification,,,,field,private int
sh,e,field_82723_d,splash,,,,field,private boolean
sh,f,field_82724_e,ambient,,,,field,private boolean
sh,h,field_188421_h,,,,,field,private boolean
sh,g,field_100013_f,,,,,field,private boolean
si,a,field_76424_c,FASTER_MOVEMENT,,,,field,public static final MobEffectList
si,b,field_76421_d,SLOWER_MOVEMENT,,,,field,public static final MobEffectList
si,c,field_76422_e,FASTER_DIG,,,,field,public static final MobEffectList
si,d,field_76419_f,SLOWER_DIG,,,,field,public static final MobEffectList
si,e,field_76420_g,INCREASE_DAMAGE,,,,field,public static final MobEffectList
si,f,field_76432_h,HEAL,,,,field,public static final MobEffectList
si,g,field_76433_i,HARM,,,,field,public static final MobEffectList
si,h,field_76430_j,JUMP,,,,field,public static final MobEffectList
si,i,field_76431_k,CONFUSION,,,,field,public static final MobEffectList
si,j,field_76428_l,REGENERATION,,,,field,public static final MobEffectList
si,k,field_76429_m,RESISTANCE,,,,field,public static final MobEffectList
si,l,field_76426_n,FIRE_RESISTANCE,,,,field,public static final MobEffectList
si,m,field_76427_o,WATER_BREATHING,,,,field,public static final MobEffectList
si,n,field_76441_p,INVISIBILITY,,,,field,public static final MobEffectList
si,o,field_76440_q,BLINDNESS,,,,field,public static final MobEffectList
si,p,field_76439_r,NIGHT_VISION,,,,field,public static final MobEffectList
si,q,field_76438_s,HUNGER,,,,field,public static final MobEffectList
si,r,field_76437_t,WEAKNESS,,,,field,public static final MobEffectList
si,s,field_76436_u,POISON,,,,field,public static final MobEffectList
si,t,field_82731_v,WITHER,,,,field,public static final MobEffectList
si,u,field_180152_w,HEALTH_BOOST,,,,field,public static final MobEffectList
si,v,field_76444_x,ABSORBTION,,,,field,public static final MobEffectList
si,w,field_76443_y,SATURATION,,,,field,public static final MobEffectList
si,x,field_188423_x,GLOWING,,,,field,public static final MobEffectList
si,y,field_188424_y,LEVITATION,,,,field,public static final MobEffectList
si,z,field_188425_z,,,,,field,public static final MobEffectList
si,A,field_189112_A,,,,,field,public static final MobEffectList
sk,bw,field_184751_bv,,,,,field,private static final DataWatcherObject<Boolean>
sk,a,field_175504_a,,,,,field,protected int
sk,b,field_175502_b,,,,,field,protected int
sk,c,field_175503_c,,,,,field,protected int
sk,bx,field_98056_d,,,,,field,private float
sk,by,field_98057_e,,,,,field,private float
sl,a,field_184498_a,,,,,field,private static final DataWatcherObject<Float>
sl,b,field_184499_b,,,,,field,private static final DataWatcherObject<Integer>
sl,c,field_184500_c,,,,,field,private static final DataWatcherObject<Boolean>
sl,d,field_184501_d,,,,,field,private static final DataWatcherObject<Integer>
sl,e,field_189736_e,,,,,field,private static final DataWatcherObject<Integer>
sl,f,field_189737_f,,,,,field,private static final DataWatcherObject<Integer>
sl,g,field_184502_e,potionRegistry,,,,field,private PotionRegistry
sl,h,field_184503_f,effects,,,,field,private final List<MobEffect>
sl,at,field_184504_g,,,,,field,"private final Map<Entity, Integer>"
sl,au,field_184505_h,,,,,field,private int
sl,av,field_184506_as,waitTime,,,,field,private int
sl,aw,field_184507_at,reapplicationDelay,,,,field,private int
sl,ax,field_184508_au,hasColor,,,,field,private boolean
sl,ay,field_184509_av,durationOnUse,,,,field,private int
sl,az,field_184510_aw,radiusOnUse,,,,field,private float
sl,aA,field_184511_ax,radiusPerTick,,,,field,private float
sl,aB,field_184512_ay,,,,,field,private EntityLiving
sl,aC,field_184513_az,,,,,field,private UUID
sn,a,field_184243_a,,,,,field,private static final org.apache.logging.log4j.Logger
sn,b,field_190535_b,,,,,field,private static final List<ItemStack>
sn,c,field_174836_a,,,,,field,private static final AxisAlignedBB
sn,f,field_70155_l,,,,,field,private static double
sn,g,field_70152_a,entityCount,,,,field,private static int
sn,h,field_145783_c,id,,,,field,private int
sn,i,field_70156_m,,,,,field,public boolean
sn,at,field_184244_h,passengers,,,,field,private final List<Entity>
sn,j,field_184245_j,,,,,field,protected int
sn,au,field_184239_as,,,,,field,private Entity
sn,k,field_98038_p,attachedToPlayer,,,,field,public boolean
sn,l,field_70170_p,world,,,,field,public World
sn,m,field_70169_q,lastX,,,,field,public double
sn,n,field_70167_r,lastY,,,,field,public double
sn,o,field_70166_s,lastZ,,,,field,public double
sn,p,field_70165_t,locX,,,,field,public double
sn,q,field_70163_u,locY,,,,field,public double
sn,r,field_70161_v,locZ,,,,field,public double
sn,s,field_70159_w,motX,,,,field,public double
sn,t,field_70181_x,motY,,,,field,public double
sn,u,field_70179_y,motZ,,,,field,public double
sn,v,field_70177_z,yaw,,,,field,public float
sn,w,field_70125_A,pitch,,,,field,public float
sn,x,field_70126_B,lastYaw,,,,field,public float
sn,y,field_70127_C,lastPitch,,,,field,public float
sn,av,field_70121_D,boundingBox,,,,field,private AxisAlignedBB
sn,z,field_70122_E,onGround,,,,field,public boolean
sn,A,field_70123_F,positionChanged,,,,field,public boolean
sn,B,field_70124_G,,,,,field,public boolean
sn,C,field_70132_H,,,,,field,public boolean
sn,D,field_70133_I,velocityChanged,,,,field,public boolean
sn,E,field_70134_J,,,,,field,protected boolean
sn,aw,field_174835_g,,,,,field,private boolean
sn,F,field_70128_L,dead,,,,field,public boolean
sn,G,field_70130_N,width,,,,field,public float
sn,H,field_70131_O,length,,,,field,public float
sn,I,field_70141_P,,,,,field,public float
sn,J,field_70140_Q,,,,,field,public float
sn,K,field_82151_R,,,,,field,public float
sn,L,field_70143_R,fallDistance,,,,field,public float
sn,ax,field_70150_b,,,,,field,private int
sn,M,field_70142_S,,,,,field,public double
sn,N,field_70137_T,,,,,field,public double
sn,O,field_70136_U,,,,,field,public double
sn,P,field_70138_W,,,,,field,public float
sn,Q,field_70145_X,noclip,,,,field,public boolean
sn,R,field_70144_Y,,,,,field,public float
sn,S,field_70146_Z,random,,,,field,protected Random
sn,T,field_70173_aa,ticksLived,,,,field,public int
sn,ay,field_190534_ay,fireTicks,,,,field,private int
sn,U,field_70171_ac,inWater,,,,field,protected boolean
sn,V,field_70172_ad,noDamageTicks,,,,field,public int
sn,W,field_70148_d,justCreated,,,,field,protected boolean
sn,X,field_70178_ae,fireProof,,,,field,protected boolean
sn,Y,field_70180_af,datawatcher,,,,field,protected DataWatcher
sn,Z,field_184240_ax,,,,,field,protected static final DataWatcherObject<Byte>
sn,az,field_184241_ay,,,,,field,private static final DataWatcherObject<Integer>
sn,aA,field_184242_az,,,,,field,private static final DataWatcherObject<String>
sn,aB,field_184233_aA,,,,,field,private static final DataWatcherObject<Boolean>
sn,aC,field_184234_aB,,,,,field,private static final DataWatcherObject<Boolean>
sn,aD,field_189655_aD,,,,,field,private static final DataWatcherObject<Boolean>
sn,aa,field_70175_ag,,,,,field,public boolean
sn,ab,field_70176_ah,,,,,field,public int
sn,ac,field_70162_ai,,,,,field,public int
sn,ad,field_70164_aj,,,,,field,public int
sn,ah,field_70158_ak,,,,,field,public boolean
sn,ai,field_70160_al,impulse,,,,field,public boolean
sn,aj,field_71088_bW,portalCooldown,,,,field,public int
sn,ak,field_71087_bX,,,,,field,protected boolean
sn,al,field_82153_h,,,,,field,protected int
sn,am,field_71093_bK,dimension,,,,field,public int
sn,an,field_181016_an,,,,,field,protected BlockPosition
sn,ao,field_181017_ao,,,,,field,protected Vec3D
sn,ap,field_181018_ap,,,,,field,protected EnumDirection
sn,aE,field_83001_bt,invulnerable,,,,field,private boolean
sn,aq,field_96093_i,uniqueID,,,,field,protected UUID
sn,ar,field_189513_ar,,,,,field,protected String
sn,aF,field_174837_as,,,,,field,private final CommandObjectiveExecutor
sn,as,field_184238_ar,glowing,,,,field,protected boolean
sn,aG,field_184236_aF,,,,,field,private final Set<String>
sn,aH,field_184237_aG,,,,,field,private boolean
sn,aI,field_191505_aI,,,,,field,private double[]
sn,aJ,field_191506_aJ,,,,,field,private long
sn,ae,field_70118_ct,,,,,field,public long
sn,af,field_70117_cu,,,,,field,public long
sn,ag,field_70116_cv,,,,,field,public long
sp$a,a,field_75613_a,,,,,field,public final MinecraftKey
sp$a,b,field_75611_b,,,,,field,public final int
sp$a,c,field_75612_c,,,,,field,public final int
sp$a,d,field_151512_d,killEntityStatistic,,,,field,public final Statistic
sp$a,e,field_151513_e,killedByEntityStatistic,,,,field,public final Statistic
sp,a,field_191307_a,,,,,field,public static final MinecraftKey
sp,e,field_191310_e,,,,,field,private static final MinecraftKey
sp,f,field_151516_b,,,,,field,private static final org.apache.logging.log4j.Logger
sp,b,field_191308_b,,,,,field,"public static final RegistryMaterials<MinecraftKey, Class<? extends Entity>>"
sp,c,field_75627_a,eggInfo,,,,field,"public static final Map<MinecraftKey, EntityTypes$MonsterEggInfo>"
sp,d,field_191309_d,,,,,field,public static final Set<MinecraftKey>
sp,g,field_191311_g,,,,,field,private static final List<String>
sr$a,a,field_96567_c,,,,,field,private final ItemStack
sr,a,field_94557_a,,,,,field,public static final com.google.common.base.Predicate<Entity>
sr,b,field_152785_b,,,,,field,public static final com.google.common.base.Predicate<Entity>
sr,c,field_96566_b,,,,,field,public static final com.google.common.base.Predicate<Entity>
sr,d,field_188444_d,,,,,field,public static final com.google.common.base.Predicate<Entity>
sr,e,field_180132_d,,,,,field,public static final com.google.common.base.Predicate<Entity>
ss$a,a,HAND,HAND,,,,enum,
ss$a,b,ARMOR,ARMOR,,,,enum,
ss,a,MAINHAND,MAINHAND,,,,enum,
ss,b,OFFHAND,OFFHAND,,,,enum,
ss,c,FEET,FEET,,,,enum,
ss,d,LEGS,LEGS,,,,enum,
ss,e,CHEST,CHEST,,,,enum,
ss,f,HEAD,HEAD,,,,enum,
ss,g,field_188462_g,,,,,field,private final EnumItemSlot$Function
ss,h,field_188463_h,,,,,field,private final int
ss,i,field_188464_i,,,,,field,private final int
ss,j,field_188465_j,,,,,field,private final String
st,a,field_70533_a,,,,,field,public int
st,b,field_70531_b,,,,,field,public int
st,c,field_70532_c,,,,,field,public int
st,d,field_70529_d,,,,,field,private int
st,e,field_70530_e,value,,,,field,private int
st,f,field_80001_f,targetPlayer,,,,field,private EntityHuman
st,g,field_80002_g,targetTime,,,,field,private int
sv,a,LEFT,LEFT,,,,enum,
sv,b,RIGHT,RIGHT,,,,enum,
sv,c,field_188471_c,,,,,field,private final IChatBaseComponent
sw,a,field_190632_a,,,,,field,private static final org.apache.logging.log4j.Logger
sw,b,field_110156_b,,,,,field,private static final UUID
sw,c,field_110157_c,,,,,field,private static final AttributeModifier
sw,at,field_184621_as,,,,,field,protected static final DataWatcherObject<Byte>
sw,f,field_184632_c,HEALTH,,,,field,private static final DataWatcherObject<Float>
sw,g,field_184633_f,,,,,field,private static final DataWatcherObject<Integer>
sw,h,field_184634_g,,,,,field,private static final DataWatcherObject<Boolean>
sw,bq,field_184635_h,,,,,field,private static final DataWatcherObject<Integer>
sw,br,field_110155_d,attributeMap,,,,field,private AttributeMapBase
sw,bs,field_94063_bt,combatTracker,,,,field,private final CombatTracker
sw,bt,field_70713_bf,effects,,,,field,"private final Map<MobEffectList, MobEffect>"
sw,bu,field_184630_bs,,,,,field,private final NonNullList<ItemStack>
sw,bv,field_184631_bt,,,,,field,private final NonNullList<ItemStack>
sw,au,field_82175_bq,,,,,field,public boolean
sw,av,field_184622_au,,,,,field,public EnumHand
sw,aw,field_110158_av,,,,,field,public int
sw,ax,field_70720_be,,,,,field,public int
sw,ay,field_70737_aN,hurtTicks,,,,field,public int
sw,az,field_70738_aO,,,,,field,public int
sw,aA,field_70739_aP,,,,,field,public float
sw,aB,field_70725_aQ,deathTicks,,,,field,public int
sw,aC,field_70732_aI,,,,,field,public float
sw,aD,field_70733_aJ,,,,,field,public float
sw,aE,field_184617_aD,,,,,field,protected int
sw,aF,field_184618_aE,,,,,field,public float
sw,aG,field_70721_aZ,,,,,field,public float
sw,aH,field_184619_aG,,,,,field,public float
sw,aI,field_70771_an,maxNoDamageTicks,,,,field,public int
sw,aJ,field_70727_aS,,,,,field,public float
sw,aK,field_70726_aT,,,,,field,public float
sw,aL,field_70769_ao,,,,,field,public float
sw,aM,field_70770_ap,,,,,field,public float
sw,aN,field_70761_aq,,,,,field,public float
sw,aO,field_70760_ar,,,,,field,public float
sw,aP,field_70759_as,,,,,field,public float
sw,aQ,field_70758_at,,,,,field,public float
sw,aR,field_70747_aH,,,,,field,public float
sw,aS,field_70717_bb,killer,,,,field,protected EntityHuman
sw,aT,field_70718_bc,lastDamageByPlayerTime,,,,field,protected int
sw,aU,field_70729_aU,,,,,field,protected boolean
sw,aV,field_70708_bq,ticksFarFromPlayer,,,,field,protected int
sw,aW,field_70768_au,,,,,field,protected float
sw,aX,field_110154_aX,,,,,field,protected float
sw,aY,field_70764_aw,,,,,field,protected float
sw,aZ,field_70763_ax,,,,,field,protected float
sw,ba,field_70741_aB,,,,,field,protected float
sw,bb,field_70744_aE,,,,,field,protected int
sw,bc,field_110153_bc,lastDamage,,,,field,protected float
sw,bd,field_70703_bu,,,,,field,protected boolean
sw,be,field_70702_br,,,,,field,public float
sw,bf,field_70701_bs,,,,,field,public float
sw,bg,field_70704_bt,,,,,field,public float
sw,bh,field_70716_bi,,,,,field,protected int
sw,bi,field_184623_bh,,,,,field,protected double
sw,bj,field_184624_bi,,,,,field,protected double
sw,bk,field_184625_bj,,,,,field,protected double
sw,bl,field_184626_bk,,,,,field,protected double
sw,bm,field_70709_bj,,,,,field,protected double
sw,bw,field_70752_e,updateEffects,,,,field,private boolean
sw,bx,field_70755_b,lastDamager,,,,field,private EntityLiving
sw,by,field_70756_c,hurtTimestamp,,,,field,private int
sw,bz,field_110150_bn,,,,,field,private EntityLiving
sw,bA,field_142016_bo,,,,,field,private int
sw,bB,field_70746_aG,,,,,field,private float
sw,bC,field_70773_bE,,,,,field,private int
sw,bD,field_110151_bq,,,,,field,private float
sw,bn,field_184627_bm,activeItem,,,,field,protected ItemStack
sw,bo,field_184628_bn,,,,,field,protected int
sw,bp,field_184629_bo,,,,,field,protected int
sw,bE,field_184620_bC,,,,,field,private BlockPosition
sw,bF,field_189750_bF,,,,,field,private DamageSource
sw,bG,field_189751_bG,,,,,field,private long
sx$a,a,ON_GROUND,ON_GROUND,,,,enum,
sx$a,b,IN_AIR,IN_AIR,,,,enum,
sx$a,c,IN_WATER,IN_WATER,,,,enum,
sx,a,field_184654_a,,,,,field,private static final DataWatcherObject<Byte>
sx,a_,field_70757_a,,,,,field,public int
sx,b_,field_70728_aV,,,,,field,protected int
sx,b,field_70749_g,lookController,,,,field,private final ControllerLook
sx,f,field_70765_h,moveController,,,,field,protected ControllerMove
sx,g,field_70767_i,,,,,field,protected ControllerJump
sx,c,field_70762_j,,,,,field,private final EntityAIBodyControl
sx,h,field_70699_by,navigation,,,,field,protected NavigationAbstract
sx,bq,field_70714_bg,goalSelector,,,,field,protected final PathfinderGoalSelector
sx,br,field_70715_bh,targetSelector,,,,field,protected final PathfinderGoalSelector
sx,bu,field_70696_bz,goalTarget,,,,field,private EntityLiving
sx,bv,field_70723_bA,,,,,field,private final EntitySenses
sx,bw,field_184656_bv,,,,,field,private final NonNullList<ItemStack>
sx,bs,field_82174_bp,dropChanceHand,,,,field,protected float[]
sx,bx,field_184657_bw,,,,,field,private final NonNullList<ItemStack>
sx,bt,field_184655_bs,dropChanceArmor,,,,field,protected float[]
sx,by,field_82172_bs,canPickUpLoot,,,,field,private boolean
sx,bz,field_82179_bU,persistent,,,,field,private boolean
sx,bA,field_184658_bz,,,,,field,"private final Map<PathType, Float>"
sx,bB,field_184659_bA,,,,,field,private MinecraftKey
sx,bC,field_184653_bB,,,,,field,private long
sx,bD,field_110169_bv,,,,,field,private boolean
sx,bE,field_110168_bw,leashHolder,,,,field,private Entity
sx,bF,field_110170_bx,,,,,field,private NBTTagCompound
sy,a,MONSTER,MONSTER,,,,enum,
sy,b,CREATURE,CREATURE,,,,enum,
sy,c,AMBIENT,AMBIENT,,,,enum,
sy,d,WATER_CREATURE,WATER_CREATURE,,,,enum,
sy,e,field_75605_d,,,,,field,private final Class<? extends IAnimal>
sy,f,field_75606_e,,,,,field,private final int
sy,g,field_75603_f,,,,,field,private final Material
sy,h,field_75604_g,,,,,field,private final boolean
sy,i,field_82707_i,,,,,field,private final boolean
ta,a,field_180110_a,,,,,field,"private static final Map<Class<?>, EntityInsentient$EnumEntityPositionType>"
tb,a,UNDEFINED,UNDEFINED,,,,enum,
tb,b,UNDEAD,UNDEAD,,,,enum,
tb,c,ARTHROPOD,ARTHROPOD,,,,enum,
tb,d,ILLAGER,ILLAGER,,,,enum,
tc,a,SELF,SELF,,,,enum,
tc,b,PLAYER,PLAYER,,,,enum,
tc,c,PISTON,PISTON,,,,enum,
tc,d,SHULKER_BOX,SHULKER_BOX,,,,enum,
tc,e,SHULKER,SHULKER,,,,enum,
te,bu,field_110179_h,,,,,field,public static final UUID
te,bv,field_110181_i,,,,,field,public static final AttributeModifier
te,a,field_70775_bC,,,,,field,private BlockPosition
te,b,field_70772_bD,,,,,field,private float
te,c,field_184661_bw,,,,,field,private float
ti,bw,field_184755_bv,,,,,field,protected static final DataWatcherObject<Byte>
ti,bx,field_184756_bw,,,,,field,protected static final DataWatcherObject<com.google.common.base.Optional<UUID>>
ti,by,field_70911_d,goalSit,,,,field,protected PathfinderGoalSit
tl,a,field_111174_a,,,,,field,private final double
tl,b,field_111172_b,,,,,field,private final int
tl,c,field_111173_c,,,,,field,private final String
tl,d,field_111170_d,,,,,field,private final UUID
tl,e,field_111171_e,,,,,field,private boolean
tm,a,field_180373_a,,,,,field,private final IAttribute
tm,b,field_111115_a,,,,,field,private final String
tm,c,field_111113_b,,,,,field,private final double
tm,d,field_111114_c,,,,,field,private boolean
tn,a,field_111154_a,,,,,field,"protected final Map<IAttribute, AttributeInstance>"
tn,b,field_111153_b,,,,,field,"protected final Map<String, AttributeInstance>"
tn,c,field_180377_c,,,,,field,"protected final com.google.common.collect.Multimap<IAttribute, IAttribute>"
to,a,field_111138_a,,,,,field,private final AttributeMapBase
to,b,field_111136_b,,,,,field,private final IAttribute
to,c,field_111137_c,,,,,field,"private final Map<Integer, Set<AttributeModifier>>"
to,d,field_111134_d,,,,,field,"private final Map<String, Set<AttributeModifier>>"
to,e,field_111135_e,,,,,field,"private final Map<UUID, AttributeModifier>"
to,f,field_111132_f,,,,,field,private double
to,g,field_111133_g,,,,,field,private boolean
to,h,field_111139_h,,,,,field,private double
tp,e,field_111162_d,,,,,field,private final Set<AttributeInstance>
tp,d,field_111163_c,,,,,field,"protected final Map<String, AttributeInstance>"
tq,a,field_111120_a,,,,,field,private final double
tq,b,field_111118_b,,,,,field,private final double
tq,c,field_111119_c,,,,,field,private String
ts,a,field_75668_a,,,,,field,private final EntityLiving
ts,b,field_75666_b,,,,,field,private int
ts,c,field_75667_c,,,,,field,private float
tu,b,field_75663_a,,,,,field,private final EntityInsentient
tu,a,field_75662_b,,,,,field,protected boolean
tv,a,field_75659_a,,,,,field,private final EntityInsentient
tv,b,field_75657_b,,,,,field,private float
tv,c,field_75658_c,,,,,field,private float
tv,d,field_75655_d,,,,,field,private boolean
tv,e,field_75656_e,,,,,field,private double
tv,f,field_75653_f,,,,,field,private double
tv,g,field_75654_g,,,,,field,private double
tw$a,a,WAIT,WAIT,,,,enum,
tw$a,b,MOVE_TO,MOVE_TO,,,,enum,
tw$a,c,STRAFE,STRAFE,,,,enum,
tw$a,d,JUMPING,JUMPING,,,,enum,
tw,a,field_75648_a,,,,,field,protected final EntityInsentient
tw,b,field_75646_b,,,,,field,protected double
tw,c,field_75647_c,,,,,field,protected double
tw,d,field_75644_d,,,,,field,protected double
tw,e,field_75645_e,,,,,field,protected double
tw,f,field_188489_f,,,,,field,protected float
tw,g,field_188490_g,,,,,field,protected float
tw,h,field_188491_h,,,,,field,public ControllerMove$Operation
ty,c,field_179509_a,,,,,field,private final com.google.common.base.Predicate<Entity>
ty,a,field_75380_a,,,,,field,protected EntityCreature
ty,d,field_75378_b,,,,,field,private final double
ty,e,field_75379_c,,,,,field,private final double
ty,b,field_75376_d,,,,,field,protected T
ty,f,field_179508_f,,,,,field,private final float
ty,g,field_75374_f,,,,,field,private PathEntity
ty,h,field_75375_g,,,,,field,private final NavigationAbstract
ty,i,field_181064_i,,,,,field,private final Class<T>
ty,j,field_179510_i,,,,,field,private final com.google.common.base.Predicate<? super T>
tz,a,field_75387_a,,,,,field,private final EntityWolf
tz,b,field_75385_b,,,,,field,private EntityHuman
tz,c,field_75386_c,,,,,field,private final World
tz,d,field_75383_d,,,,,field,private final float
tz,e,field_75384_e,,,,,field,private int
ua,g,field_75359_i,,,,,field,private int
ua,h,field_75358_j,,,,,field,private int
ub,d,field_75390_d,animal,,,,field,private final EntityAnimal
ub,e,field_190857_e,,,,,field,private final Class<? extends EntityAnimal>
ub,a,field_75394_a,,,,,field,World
ub,f,field_75391_e,partner,,,,field,private EntityAnimal
ub,b,field_75392_b,,,,,field,int
ub,c,field_75393_c,,,,,field,double
uc,a,field_75356_a,,,,,field,protected EntityInsentient
uc,b,field_179507_b,,,,,field,protected BlockPosition
uc,c,field_151504_e,,,,,field,protected BlockDoor
uc,d,field_75350_f,,,,,field,boolean
uc,e,field_75351_g,,,,,field,float
uc,f,field_75357_h,,,,,field,float
ud,b,field_179505_b,,,,,field,private static final com.google.common.base.Predicate<IBlockData>
ud,c,field_151500_b,,,,,field,private final EntityInsentient
ud,d,field_151501_c,,,,,field,private final World
ud,a,field_151502_a,,,,,field,int
ue,a,field_75372_a,,,,,field,private final EntityCreature
ue,b,field_75370_b,,,,,field,private double
ue,c,field_75371_c,,,,,field,private double
ue,d,field_75368_d,,,,,field,private double
ue,e,field_75369_e,,,,,field,private final double
ue,f,field_75367_f,,,,,field,private final World
uf,a,field_75373_a,,,,,field,private final EntityInsentient
ug,d,field_75338_d,,,,,field,private final EntityTameableAnimal
ug,e,field_75339_e,,,,,field,private EntityLiving
ug,a,field_75342_a,,,,,field,World
ug,f,field_75336_f,,,,,field,private final double
ug,g,field_75337_g,,,,,field,private final NavigationAbstract
ug,h,field_75343_h,,,,,field,private int
ug,b,field_75340_b,,,,,field,float
ug,c,field_75341_c,,,,,field,float
ug,i,field_75344_i,,,,,field,private float
uh,a,field_75348_a,,,,,field,EntityAnimal
uh,b,field_75346_b,,,,,field,EntityAnimal
uh,c,field_75347_c,,,,,field,double
uh,d,field_75345_d,,,,,field,private int
ui,a,field_75254_a,,,,,field,private int
uj$a,a,field_75733_a,,,,,field,public final PathfinderGoal
uj$a,b,field_75731_b,,,,,field,public final int
uj$a,c,field_188524_c,,,,,field,public boolean
uj,a,field_151506_a,,,,,field,private static final org.apache.logging.log4j.Logger
uj,b,field_75782_a,,,,,field,private final Set<PathfinderGoalSelector$PathfinderGoalSelectorItem>
uj,c,field_75780_b,,,,,field,private final Set<PathfinderGoalSelector$PathfinderGoalSelectorItem>
uj,d,field_75781_c,,,,,field,private final MethodProfiler
uj,e,field_75778_d,,,,,field,private int
uj,f,field_75779_e,,,,,field,private int
uj,g,field_188529_g,,,,,field,private int
uk,c,field_179504_c,,,,,field,private final EntityVillager
uk,d,field_179502_d,,,,,field,private boolean
uk,e,field_179503_e,,,,,field,private boolean
uk,f,field_179501_f,,,,,field,private int
um,a,field_75328_a,,,,,field,EntityInsentient
um,b,field_75326_b,,,,,field,EntityLiving
um,c,field_75327_c,,,,,field,float
un,a,field_190859_a,,,,,field,public EntityLlama
un,b,field_190860_b,,,,,field,private double
un,c,field_190861_c,,,,,field,private int
uo,a,field_75332_b,,,,,field,protected EntityInsentient
uo,b,field_75334_a,,,,,field,protected Entity
uo,c,field_75333_c,,,,,field,protected float
uo,e,field_75330_d,,,,,field,private int
uo,f,field_75331_e,,,,,field,private final float
uo,d,field_75329_f,,,,,field,protected Class<? extends Entity>
up,e,field_75335_b,,,,,field,private final EntityVillager
uq,b,field_75450_b,,,,,field,private final EntityVillager
uq,c,field_75451_c,,,,,field,private EntityVillager
uq,d,field_75448_d,,,,,field,private final World
uq,e,field_75449_e,,,,,field,private int
uq,a,field_75452_a,,,,,field,Village
ur,a,field_75443_a,,,,,field,World
ur,b,field_75441_b,,,,,field,protected EntityCreature
ur,c,field_75439_d,,,,,field,protected int
ur,d,field_75440_e,,,,,field,double
ur,e,field_75437_f,,,,,field,boolean
ur,f,field_75438_g,,,,,field,PathEntity
ur,h,field_75445_i,,,,,field,private int
ur,i,field_151497_i,,,,,field,private double
ur,j,field_151495_j,,,,,field,private double
ur,k,field_151496_k,,,,,field,private double
ur,g,field_188493_g,,,,,field,protected final int
us,a,field_75424_a,,,,,field,private final EntityCreature
us,b,field_75422_b,,,,,field,private VillageDoor
us,c,field_75423_c,,,,,field,private int
us,d,field_75421_d,,,,,field,private int
ut,a,field_75420_a,,,,,field,private final EntityCreature
ut,b,field_75418_b,,,,,field,private final double
ut,c,field_75419_c,,,,,field,private PathEntity
ut,d,field_75416_d,,,,,field,private VillageDoor
ut,e,field_75417_e,,,,,field,private final boolean
ut,f,field_75415_f,,,,,field,private final List<VillageDoor>
uu,c,field_179495_c,,,,,field,private final EntityCreature
uu,d,field_179492_d,,,,,field,private final double
uu,a,field_179496_a,,,,,field,protected int
uu,e,field_179493_e,,,,,field,private int
uu,f,field_179490_f,,,,,field,private int
uu,b,field_179494_b,,,,,field,protected BlockPosition
uu,g,field_179491_g,,,,,field,private boolean
uu,h,field_179497_h,,,,,field,private final int
uv,a,field_75436_a,,,,,field,private final EntityCreature
uv,b,field_75434_b,,,,,field,private double
uv,c,field_75435_c,,,,,field,private double
uv,d,field_75432_d,,,,,field,private double
uv,e,field_75433_e,,,,,field,private final double
uw,a,field_75431_a,,,,,field,private final EntityCreature
uw,b,field_75429_b,,,,,field,private EntityLiving
uw,c,field_75430_c,,,,,field,private double
uw,d,field_75427_d,,,,,field,private double
uw,e,field_75428_e,,,,,field,private double
uw,f,field_75425_f,,,,,field,private final double
uw,g,field_75426_g,,,,,field,private final float
ux,a,field_75411_a,,,,,field,World
ux,b,field_75409_b,,,,,field,EntityInsentient
ux,c,field_75410_c,,,,,field,EntityLiving
ux,d,field_75408_d,,,,,field,int
uy,c,field_151493_a,,,,,field,private final EntityOcelot
uz,a,field_75397_a,,,,,field,private final EntityIronGolem
uz,b,field_75395_b,,,,,field,private EntityVillager
uz,c,field_75396_c,,,,,field,private int
va,g,field_75361_i,,,,,field,boolean
va,h,field_75360_j,,,,,field,int
vb,b,field_75267_a,,,,,field,private final EntityCreature
vb,a,field_75265_b,,,,,field,protected double
vb,c,field_75266_c,,,,,field,private double
vb,d,field_75263_d,,,,,field,private double
vb,e,field_75264_e,,,,,field,private double
vc,a,field_75262_a,,,,,field,private final EntityVillager
vc,b,field_75260_b,,,,,field,private EntityLiving
vc,c,field_75261_c,,,,,field,private final double
vc,d,field_75259_d,,,,,field,private int
ve,a,field_75258_a,,,,,field,private final EntityInsentient
ve,b,field_75256_b,,,,,field,private double
ve,c,field_75257_c,,,,,field,private double
ve,d,field_75255_d,,,,,field,private int
vf,a,field_75457_a,,,,,field,protected final EntityCreature
vf,b,field_75455_b,,,,,field,protected double
vf,c,field_75456_c,,,,,field,protected double
vf,d,field_75453_d,,,,,field,protected double
vf,e,field_75454_e,,,,,field,protected final double
vf,f,field_179481_f,,,,,field,protected int
vf,g,field_179482_g,,,,,field,protected boolean
vg,a,field_75322_b,,,,,field,private final EntityInsentient
vg,b,field_82641_b,,,,,field,private final IRangedEntity
vg,c,field_75323_c,,,,,field,private EntityLiving
vg,d,field_75320_d,,,,,field,private int
vg,e,field_75321_e,,,,,field,private final double
vg,f,field_75318_f,,,,,field,private int
vg,g,field_96561_g,,,,,field,private final int
vg,h,field_75325_h,,,,,field,private final int
vg,i,field_96562_i,,,,,field,private final float
vg,j,field_82642_h,,,,,field,private final float
vh,a,field_188499_a,,,,,field,private final EntitySkeletonAbstract
vh,b,field_188500_b,,,,,field,private final double
vh,c,field_188501_c,,,,,field,private int
vh,d,field_188502_d,,,,,field,private final float
vh,e,field_188503_e,,,,,field,private int
vh,f,field_188504_f,,,,,field,private int
vh,g,field_188505_g,,,,,field,private boolean
vh,h,field_188506_h,,,,,field,private boolean
vh,i,field_188507_i,,,,,field,private int
vi,a,field_75275_a,,,,,field,private final EntityCreature
vi,b,field_75274_b,,,,,field,private VillageDoor
vj,a,field_75273_a,,,,,field,private final EntityCreature
vk,a,field_111180_a,entity,,,,field,private final EntityHorseAbstract
vk,b,field_111178_b,,,,,field,private final double
vk,c,field_111179_c,,,,,field,private double
vk,d,field_111176_d,,,,,field,private double
vk,e,field_111177_e,,,,,field,private double
vl,a,field_75272_a,entity,,,,field,private final EntityTameableAnimal
vl,b,field_75271_b,willSit,,,,field,private boolean
vm,a,field_75269_a,,,,,field,EntityCreeper
vm,b,field_75268_b,,,,,field,EntityLiving
vn,a,field_75294_a,,,,,field,private final EntityVillager
vn,b,field_75292_b,,,,,field,private EntityIronGolem
vn,c,field_75293_c,,,,,field,private int
vn,d,field_75291_d,,,,,field,private boolean
vo,a,field_75284_a,,,,,field,private final EntityCreature
vo,b,field_75282_b,,,,,field,private final double
vo,c,field_75283_c,,,,,field,private double
vo,d,field_75280_d,,,,,field,private double
vo,e,field_75281_e,,,,,field,private double
vo,f,field_75278_f,,,,,field,private double
vo,g,field_75279_g,,,,,field,private double
vo,h,field_75289_h,,,,,field,private EntityHuman
vo,i,field_75290_i,,,,,field,private int
vo,j,field_75287_j,,,,,field,private boolean
vo,k,field_151484_k,,,,,field,private final Set<Item>
vo,l,field_75285_l,,,,,field,private final boolean
vp,a,field_75276_a,,,,,field,private final EntityVillager
vq,e,field_179478_e,,,,,field,private int
vq,f,field_179477_f,,,,,field,private final EntityVillager
vr,h,field_190865_h,,,,,field,private final float
vs,h,field_188494_h,,,,,field,private final EntityZombie
vs,i,field_188495_i,,,,,field,private int
vu,a,field_75305_a,,,,,field,EntityIronGolem
vu,b,field_75304_b,,,,,field,EntityLiving
vv,a,field_75312_a,,,,,field,private final boolean
vv,b,field_142052_b,,,,,field,private int
vv,c,field_179447_c,,,,,field,private final Class<?>[]
vw,a,field_179444_a,,,,,field,private static final org.apache.logging.log4j.Logger
vw,b,field_179442_b,,,,,field,private final EntityInsentient
vw,c,field_179443_c,,,,,field,private final com.google.common.base.Predicate<EntityLiving>
vw,d,field_179440_d,,,,,field,private final PathfinderGoalNearestAttackableTarget$DistanceComparator
vw,e,field_179441_e,,,,,field,private EntityLiving
vw,f,field_179439_f,,,,,field,private final Class<? extends EntityLiving>
vx,a,field_179436_a,,,,,field,private static final org.apache.logging.log4j.Logger
vx,b,field_179434_b,,,,,field,private final EntityInsentient
vx,c,field_179435_c,,,,,field,private final com.google.common.base.Predicate<Entity>
vx,d,field_179432_d,,,,,field,private final PathfinderGoalNearestAttackableTarget$DistanceComparator
vx,e,field_179433_e,,,,,field,private EntityLiving
vy$a,a,field_75459_b,,,,,field,private final Entity
vy,a,field_75307_b,,,,,field,protected final Class<T>
vy,i,field_75308_c,,,,,field,private final int
vy,b,field_75306_g,,,,,field,protected final PathfinderGoalNearestAttackableTarget$DistanceComparator
vy,c,field_82643_g,,,,,field,protected final com.google.common.base.Predicate<? super T>
vy,d,field_75309_a,,,,,field,protected T
vz,i,field_75310_g,,,,,field,private final EntityTameableAnimal
w$a,a,field_179537_a,,,,,field,public final BlockPosition
w$a,b,field_179535_b,,,,,field,public final IBlockData
w$a,c,field_184953_c,,,,,field,public final NBTTagCompound
wa,a,field_75316_a,,,,,field,EntityTameableAnimal
wa,b,field_75315_b,,,,,field,EntityLiving
wa,c,field_142051_e,,,,,field,private int
wb,a,field_75314_a,,,,,field,EntityTameableAnimal
wb,b,field_75313_b,,,,,field,EntityLiving
wb,c,field_142050_e,,,,,field,private int
wc,e,field_75299_d,,,,,field,protected final EntityCreature
wc,f,field_75297_f,,,,,field,protected boolean
wc,a,field_75303_a,,,,,field,private final boolean
wc,b,field_75301_b,,,,,field,private int
wc,c,field_75302_c,,,,,field,private int
wc,d,field_75298_g,,,,,field,private int
wc,g,field_188509_g,,,,,field,protected EntityLiving
wc,h,field_188510_h,,,,,field,protected int
we,f,field_179694_f,,,,,field,private boolean
wf,a,field_75515_a,,,,,field,protected EntityInsentient
wf,b,field_75513_b,,,,,field,protected World
wf,c,field_75514_c,,,,,field,protected PathEntity
wf,d,field_75511_d,,,,,field,protected double
wf,f,field_75512_e,,,,,field,private final AttributeInstance
wf,g,field_75510_g,,,,,field,private int
wf,h,field_75520_h,,,,,field,private int
wf,i,field_75521_i,,,,,field,private Vec3D
wf,j,field_188557_k,,,,,field,private Vec3D
wf,k,field_188558_l,,,,,field,private long
wf,l,field_188559_m,,,,,field,private long
wf,m,field_188560_n,,,,,field,private double
wf,n,field_188561_o,,,,,field,private float
wf,o,field_188562_p,,,,,field,private boolean
wf,p,field_188563_q,,,,,field,private long
wf,e,field_179695_a,,,,,field,protected PathfinderAbstract
wf,q,field_188564_r,,,,,field,private BlockPosition
wf,r,field_179681_j,,,,,field,private final Pathfinder
wg,a,field_189519_a,,,,,field,private final List<NavigationAbstract>
wh,f,field_179696_f,,,,,field,private BlockPosition
wk,a,field_75526_a,,,,,field,EntityInsentient
wk,b,field_75524_b,,,,,field,List<Entity>
wk,c,field_75525_c,,,,,field,List<Entity>
wm,a,field_75465_a,,,,,field,private static Vec3D
wo,a,field_179859_a,,,,,field,private final BlockPosition
wo,b,field_179857_b,,,,,field,private final BlockPosition
wo,c,field_179858_c,,,,,field,private final EnumDirection
wo,d,field_75475_f,,,,,field,private int
wo,e,field_75476_g,,,,,field,private boolean
wo,f,field_75482_h,,,,,field,private int
wp$a,a,field_75592_a,,,,,field,public EntityLiving
wp$a,b,field_75590_b,,,,,field,public int
wp,a,field_75586_a,,,,,field,private World
wp,b,field_75584_b,,,,,field,private final List<VillageDoor>
wp,c,field_75585_c,,,,,field,private BlockPosition
wp,d,field_75582_d,,,,,field,private BlockPosition
wp,e,field_75583_e,,,,,field,private int
wp,f,field_75580_f,,,,,field,private int
wp,g,field_75581_g,,,,,field,private int
wp,h,field_75588_h,,,,,field,private int
wp,i,field_82694_i,,,,,field,private int
wp,j,field_82693_j,,,,,field,"private final Map<String, Integer>"
wp,k,field_75589_i,,,,,field,private final List<Village$Aggressor>
wp,l,field_75587_j,,,,,field,private int
wq,a,field_75537_a,,,,,field,private final World
wq,b,field_75535_b,,,,,field,private boolean
wq,c,field_75536_c,,,,,field,private int
wq,d,field_75533_d,,,,,field,private int
wq,e,field_75534_e,,,,,field,private int
wq,f,field_75531_f,,,,,field,private Village
wq,g,field_75532_g,,,,,field,private int
wq,h,field_75538_h,,,,,field,private int
wq,i,field_75539_i,,,,,field,private int
wr,b,field_75556_a,world,,,,field,private World
wr,c,field_75554_b,,,,,field,private final List<BlockPosition>
wr,d,field_75555_c,,,,,field,private final List<VillageDoor>
wr,e,field_75552_d,villages,,,,field,private final List<Village>
wr,f,field_75553_e,time,,,,field,private int
wu,a,field_184660_a,,,,,field,private static final DataWatcherObject<Byte>
wu,b,field_82237_a,,,,,field,private BlockPosition
ww,bz,field_175506_bl,,,,,field,protected Block
ww,bw,field_70881_d,,,,,field,private int
ww,bx,field_146084_br,,,,,field,private EntityHuman
wx,bE,field_184761_bD,,,,,field,private static final Set<Item>
wx,bw,field_70886_e,,,,,field,public float
wx,bx,field_70883_f,,,,,field,public float
wx,by,field_70884_g,,,,,field,public float
wx,bA,field_70888_h,,,,,field,public float
wx,bB,field_70889_i,,,,,field,public float
wx,bC,field_70887_j,,,,,field,public int
wx,bD,field_152118_bv,,,,,field,public boolean
xb,bA,field_184757_bz,,,,,field,private static final DataWatcherObject<Integer>
xb,bB,field_175545_bm,,,,,field,private PathfinderGoalAvoidTarget<EntityHuman>
xb,bC,field_70914_e,,,,,field,private PathfinderGoalTempt
xc,bw,field_184763_bv,,,,,field,private static final DataWatcherObject<Boolean>
xc,bx,field_191520_bx,,,,,field,private static final DataWatcherObject<Integer>
xc,by,field_184764_bw,,,,,field,private static final Set<Item>
xc,bA,field_184765_bx,,,,,field,private boolean
xc,bB,field_184766_bz,,,,,field,private int
xc,bC,field_184767_bA,,,,,field,private int
xd$b,a,field_190101_a,,,,,field,public boolean
xd,bw,field_189798_bx,,,,,field,private static final DataWatcherObject<Boolean>
xd,bx,field_189799_by,,,,,field,private float
xd,by,field_189800_bz,,,,,field,private float
xd,bA,field_189797_bB,,,,,field,private int
xe$b,c,field_179511_d,,,,,field,private final EntityRabbit
xe$c,a,field_179427_a,,,,,field,public int
xe$d,c,field_180070_c,,,,,field,private final EntityRabbit
xe$d,d,field_180068_d,,,,,field,private boolean
xe$e,i,field_179929_g,,,,,field,private final EntityRabbit
xe$e,j,field_188492_j,,,,,field,private double
xe$f,b,field_179486_b,,,,,field,private final EntityRabbit
xe$g,c,field_179500_c,,,,,field,private final EntityRabbit
xe$g,d,field_179498_d,,,,,field,private boolean
xe$g,e,field_179499_e,,,,,field,private boolean
xe,bw,field_184773_bv,,,,,field,private static final DataWatcherObject<Integer>
xe,bx,field_175540_bm,,,,,field,private int
xe,by,field_175535_bn,,,,,field,private int
xe,bA,field_175537_bp,,,,,field,private boolean
xe,bB,field_175538_bq,,,,,field,private int
xe,bC,field_175541_bs,,,,,field,private int
xf,bw,field_184774_bv,,,,,field,private static final DataWatcherObject<Byte>
xf,bx,field_90016_e,container,,,,field,private final InventoryCrafting
xf,by,field_175514_bm,,,,,field,"private static final Map<EnumColor, float[]>"
xf,bA,field_70899_e,,,,,field,private int
xf,bB,field_146087_bs,,,,,field,private PathfinderGoalEatTile
xg,a,field_184749_a,,,,,field,private static final DataWatcherObject<Byte>
xh$a,a,field_179476_a,,,,,field,private final EntitySquid
xh,a,field_70861_d,,,,,field,public float
xh,b,field_70862_e,,,,,field,public float
xh,c,field_70859_f,,,,,field,public float
xh,bu,field_70860_g,,,,,field,public float
xh,bv,field_70867_h,,,,,field,public float
xh,bw,field_70868_i,,,,,field,public float
xh,bx,field_70866_j,,,,,field,public float
xh,by,field_70865_by,,,,,field,public float
xh,bz,field_70863_bz,,,,,field,private float
xh,bA,field_70864_bA,,,,,field,private float
xh,bB,field_70871_bB,,,,,field,private float
xh,bC,field_70872_bC,,,,,field,private float
xh,bD,field_70869_bD,,,,,field,private float
xh,bE,field_70870_bE,,,,,field,private float
xi,a,field_184750_a,,,,,field,protected static final DataWatcherObject<Byte>
xi,c,field_70858_e,,,,,field,private int
xi,b,field_70857_d,,,,,field,Village
xi,bw,field_70855_f,,,,,field,private int
xi,bx,field_70856_g,,,,,field,private int
xk$a,d,field_190856_d,,,,,field,private final EntityWolf
xk,bA,field_184759_bz,DATA_HEALTH,,,,field,private static final DataWatcherObject<Float>
xk,bB,field_184760_bA,,,,,field,private static final DataWatcherObject<Boolean>
xk,bC,field_184758_bB,,,,,field,private static final DataWatcherObject<Integer>
xk,bD,field_70926_e,,,,,field,private float
xk,bE,field_70924_f,,,,,field,private float
xk,bF,field_70925_g,,,,,field,private boolean
xk,bG,field_70928_h,,,,,field,private boolean
xk,bH,field_70929_i,,,,,field,private float
xk,bI,field_70927_j,,,,,field,private float
xl,bG,field_190698_bG,,,,,field,private static final DataWatcherObject<Boolean>
xm,bG,field_110276_bu,,,,,field,private static final com.google.common.base.Predicate<Entity>
xm,bw,field_110271_bv,attributeJumpStrength,,,,field,protected static final IAttribute
xm,bH,field_184787_bE,,,,,field,private static final DataWatcherObject<Byte>
xm,bI,field_184790_bH,,,,,field,private static final DataWatcherObject<com.google.common.base.Optional<UUID>>
xm,bJ,field_190689_bJ,,,,,field,private int
xm,bK,field_110290_bE,,,,,field,private int
xm,bL,field_110295_bF,,,,,field,private int
xm,bx,field_110278_bp,,,,,field,public int
xm,by,field_110279_bq,,,,,field,public int
xm,bA,field_110275_br,,,,,field,protected boolean
xm,bB,field_110296_bG,inventoryChest,,,,field,protected InventoryHorseChest
xm,bC,field_110274_bs,,,,,field,protected int
xm,bD,field_110277_bt,jumpPower,,,,field,protected float
xm,bM,field_110294_bI,canSlide,,,,field,private boolean
xm,bN,field_110283_bJ,,,,,field,private float
xm,bO,field_110284_bK,,,,,field,private float
xm,bP,field_110281_bL,,,,,field,private float
xm,bQ,field_110282_bM,,,,,field,private float
xm,bR,field_110287_bN,,,,,field,private float
xm,bS,field_110288_bO,,,,,field,private float
xm,bE,field_190688_bE,,,,,field,protected boolean
xm,bF,field_110285_bP,,,,,field,protected int
xo$a,a,field_190885_a,,,,,field,public int
xo,bG,field_184786_bD,,,,,field,private static final UUID
xo,bH,field_184789_bG,,,,,field,private static final DataWatcherObject<Integer>
xo,bI,field_184791_bI,,,,,field,private static final DataWatcherObject<Integer>
xo,bJ,field_110268_bz,,,,,field,private static final String[]
xo,bK,field_110269_bA,,,,,field,private static final String[]
xo,bL,field_110291_bB,,,,,field,private static final String[]
xo,bM,field_110292_bC,,,,,field,private static final String[]
xo,bN,field_110286_bQ,,,,,field,private String
xo,bO,field_110280_bR,,,,,field,private final String[]
xp,a,NONE,NONE,,,,enum,
xp,b,IRON,IRON,,,,enum,
xp,c,GOLD,GOLD,,,,enum,
xp,d,DIAMOND,DIAMOND,,,,enum,
xp,e,field_188586_e,,,,,field,private final String
xp,f,field_188587_f,,,,,field,private final String
xp,g,field_188588_g,,,,,field,private final int
xq$b,a,field_190886_a,,,,,field,public int
xq,bG,field_190720_bG,,,,,field,private static final DataWatcherObject<Integer>
xq,bH,field_190721_bH,,,,,field,private static final DataWatcherObject<Integer>
xq,bI,field_190722_bI,,,,,field,private static final DataWatcherObject<Integer>
xq,bJ,field_190723_bJ,,,,,field,private boolean
xq,bK,field_190724_bK,,,,,field,private EntityLlama
xq,bL,field_190725_bL,,,,,field,private EntityLlama
xs,bG,field_184792_bN,,,,,field,private final PathfinderGoalHorseTrap
xs,bH,field_184793_bU,,,,,field,private boolean
xs,bI,field_184794_bV,,,,,field,private int
xt,a,field_188516_a,,,,,field,private final EntityHorseSkeleton
xz,a,field_70259_a,owner,,,,field,public final IComplex
xz,b,field_146032_b,,,,,field,public final String
y,a,field_147208_a,,,,,field,private static final org.apache.logging.log4j.Logger
y,b,field_147206_b,,,,,field,private long
y,c,field_147207_c,,,,,field,private int
ya,b,field_184521_b,,,,,field,private static final DataWatcherObject<com.google.common.base.Optional<BlockPosition>>
ya,c,field_184522_c,,,,,field,private static final DataWatcherObject<Boolean>
ya,a,field_70261_a,,,,,field,public int
yb,bI,field_184675_bH,,,,,field,private static final org.apache.logging.log4j.Logger
yb,a,field_184674_a,PHASE,,,,field,public static final DataWatcherObject<Integer>
yb,b,field_70979_e,,,,,field,public double[][]
yb,c,field_70976_f,,,,,field,public int
yb,bu,field_70977_g,children,,,,field,public EntityComplexPart[]
yb,bv,field_70986_h,,,,,field,public EntityComplexPart
yb,bw,field_184673_bv,,,,,field,public EntityComplexPart
yb,bx,field_70987_i,,,,,field,public EntityComplexPart
yb,by,field_70985_j,,,,,field,public EntityComplexPart
yb,bz,field_70984_by,,,,,field,public EntityComplexPart
yb,bA,field_70982_bz,,,,,field,public EntityComplexPart
yb,bB,field_70983_bA,,,,,field,public EntityComplexPart
yb,bC,field_70990_bB,,,,,field,public EntityComplexPart
yb,bD,field_70991_bC,,,,,field,public float
yb,bE,field_70988_bD,,,,,field,public float
yb,bF,field_70994_bF,,,,,field,public boolean
yb,bG,field_70995_bG,,,,,field,public int
yb,bH,field_70992_bH,currentEnderCrystal,,,,field,public EntityEnderCrystal
yb,bJ,field_184676_bI,,,,,field,private final EnderDragonBattle
yb,bK,field_184677_bJ,,,,,field,private final DragonControllerManager
yb,bL,field_184678_bK,,,,,field,private int
yb,bM,field_184679_bL,,,,,field,private int
yb,bN,field_184680_bM,,,,,field,private final PathPoint[]
yb,bO,field_184681_bN,,,,,field,private final int[]
yb,bP,field_184682_bO,,,,,field,private final Path
yd,a,field_188661_a,,,,,field,protected final EntityEnderDragon
yf,b,field_188669_b,,,,,field,private static final org.apache.logging.log4j.Logger
yf,c,field_188670_c,,,,,field,private Vec3D
yf,d,field_188671_d,,,,,field,private int
yg,b,field_188672_b,,,,,field,private Vec3D
yg,c,field_188673_c,,,,,field,private int
yh,b,field_188677_b,,,,,field,private PathEntity
yh,c,field_188678_c,,,,,field,private Vec3D
yh,d,field_188679_d,,,,,field,private boolean
yi,b,field_188680_b,,,,,field,private Vec3D
yj,b,field_188683_b,,,,,field,private PathEntity
yj,c,field_188684_c,,,,,field,private Vec3D
yk,b,field_188685_b,,,,,field,private Vec3D
ym,b,field_188662_b,,,,,field,private int
yn,b,field_188664_b,,,,,field,private int
yn,c,field_188665_c,,,,,field,private int
yn,d,field_188666_d,,,,,field,private EntityAreaEffectCloud
yo,b,field_188667_b,,,,,field,private int
yp,b,field_188689_b,,,,,field,private static final org.apache.logging.log4j.Logger
yp,c,field_188690_c,,,,,field,private int
yp,d,field_188691_d,,,,,field,private PathEntity
yp,e,field_188692_e,,,,,field,private Vec3D
yp,f,field_188693_f,,,,,field,private EntityLiving
yp,g,field_188694_g,,,,,field,private boolean
yq,b,field_188697_b,,,,,field,private boolean
yq,c,field_188698_c,,,,,field,private PathEntity
yq,d,field_188699_d,,,,,field,private Vec3D
yr,l,field_188752_l,,,,,field,private static DragonControllerPhase<?>[]
yr,a,field_188741_a,,,,,field,public static final DragonControllerPhase<DragonControllerHold>
yr,b,field_188742_b,,,,,field,public static final DragonControllerPhase<DragonControllerStrafe>
yr,c,field_188743_c,,,,,field,public static final DragonControllerPhase<DragonControllerLandingFly>
yr,d,field_188744_d,,,,,field,public static final DragonControllerPhase<DragonControllerLanding>
yr,e,field_188745_e,,,,,field,public static final DragonControllerPhase<DragonControllerFly>
yr,f,field_188746_f,,,,,field,public static final DragonControllerPhase<DragonControllerLandedFlame>
yr,g,field_188747_g,,,,,field,public static final DragonControllerPhase<DragonControllerLandedSearch>
yr,h,field_188748_h,,,,,field,public static final DragonControllerPhase<DragonControllerLandedAttack>
yr,i,field_188749_i,,,,,field,public static final DragonControllerPhase<DragonControllerCharge>
yr,j,field_188750_j,,,,,field,public static final DragonControllerPhase<DragonControllerDying>
yr,k,field_188751_k,,,,,field,public static final DragonControllerPhase<DragonControllerHover>
yr,m,field_188753_m,,,,,field,private final Class<? extends IDragonController>
yr,n,field_188754_n,,,,,field,private final int
yr,o,field_188755_o,,,,,field,private final String
ys,a,field_188759_a,,,,,field,private static final org.apache.logging.log4j.Logger
ys,b,field_188760_b,enderDragon,,,,field,private final EntityEnderDragon
ys,c,field_188761_c,dragonControllers,,,,field,private final IDragonController[]
ys,d,field_188762_d,currentDragonController,,,,field,private IDragonController
yv,a,field_184741_a,,,,,field,private static final DataWatcherObject<Integer>
yv,b,field_184742_b,,,,,field,private static final DataWatcherObject<Integer>
yv,c,field_184743_c,,,,,field,private static final DataWatcherObject<Integer>
yv,bw,field_184745_bv,,,,,field,private static final DataWatcherObject<Integer>[]
yv,bx,field_184746_bw,,,,,field,private static final DataWatcherObject<Integer>
yv,by,field_82220_d,,,,,field,private final float[]
yv,bz,field_82221_e,,,,,field,private final float[]
yv,bA,field_82217_f,,,,,field,private final float[]
yv,bB,field_82218_g,,,,,field,private final float[]
yv,bC,field_82223_h,,,,,field,private final int[]
yv,bD,field_82224_i,,,,,field,private final int[]
yv,bE,field_82222_j,,,,,field,private int
yv,bF,field_184744_bE,,,,,field,private final BossBattleServer
yv,bG,field_82219_bJ,,,,,field,private static final com.google.common.base.Predicate<Entity>
yx,bq,field_175435_a,,,,,field,private static final Vector3f
yx,br,field_175433_b,,,,,field,private static final Vector3f
yx,bs,field_175434_c,,,,,field,private static final Vector3f
yx,bt,field_175431_d,,,,,field,private static final Vector3f
yx,bu,field_175432_e,,,,,field,private static final Vector3f
yx,bv,field_175429_f,,,,,field,private static final Vector3f
yx,a,field_184801_a,,,,,field,public static final DataWatcherObject<Byte>
yx,b,field_184802_b,,,,,field,public static final DataWatcherObject<Vector3f>
yx,c,field_184803_c,,,,,field,public static final DataWatcherObject<Vector3f>
yx,d,field_184804_d,,,,,field,public static final DataWatcherObject<Vector3f>
yx,e,field_184805_e,,,,,field,public static final DataWatcherObject<Vector3f>
yx,f,field_184806_f,,,,,field,public static final DataWatcherObject<Vector3f>
yx,g,field_184807_g,,,,,field,public static final DataWatcherObject<Vector3f>
yx,bw,field_184798_bv,,,,,field,private static final com.google.common.base.Predicate<Entity>
yx,bx,field_184799_bw,,,,,field,private final NonNullList<ItemStack>
yx,by,field_184800_bx,,,,,field,private final NonNullList<ItemStack>
yx,bz,field_175436_h,,,,,field,private boolean
yx,h,field_175437_i,,,,,field,public long
yx,bA,field_175442_bg,,,,,field,private int
yx,bB,field_181028_bj,,,,,field,private boolean
yx,bC,field_175443_bh,headPose,,,,field,private Vector3f
yx,bD,field_175444_bi,bodyPose,,,,field,private Vector3f
yx,bE,field_175438_bj,leftArmPose,,,,field,private Vector3f
yx,bF,field_175439_bk,rightArmPose,,,,field,private Vector3f
yx,bG,field_175440_bl,leftLegPose,,,,field,private Vector3f
yx,bH,field_175441_bm,rightLegPose,,,,field,private Vector3f
yy,c,field_184524_c,,,,,field,private static final com.google.common.base.Predicate<Entity>
yy,d,field_70520_f,,,,,field,private int
yy,a,field_174861_a,blockPosition,,,,field,protected BlockPosition
yy,b,field_174860_b,direction,,,,field,public EnumDirection
yz,c,field_184525_c,,,,,field,private static final DataWatcherObject<ItemStack>
yz,d,field_184526_d,,,,,field,private static final DataWatcherObject<Integer>
yz,e,field_82337_e,,,,,field,private float
zb$a,a,KEBAB,KEBAB,,,,enum,
zb$a,b,AZTEC,AZTEC,,,,enum,
zb$a,c,ALBAN,ALBAN,,,,enum,
zb$a,d,AZTEC_2,AZTEC_2,,,,enum,
zb$a,e,BOMB,BOMB,,,,enum,
zb$a,f,PLANT,PLANT,,,,enum,
zb$a,g,WASTELAND,WASTELAND,,,,enum,
zb$a,h,POOL,POOL,,,,enum,
zb$a,i,COURBET,COURBET,,,,enum,
zb$a,j,SEA,SEA,,,,enum,
zb$a,k,SUNSET,SUNSET,,,,enum,
zb$a,l,CREEBET,CREEBET,,,,enum,
zb$a,m,WANDERER,WANDERER,,,,enum,
zb$a,n,GRAHAM,GRAHAM,,,,enum,
zb$a,o,MATCH,MATCH,,,,enum,
zb$a,p,BUST,BUST,,,,enum,
zb$a,q,STAGE,STAGE,,,,enum,
zb$a,r,VOID,VOID,,,,enum,
zb$a,s,SKULL_AND_ROSES,SKULL_AND_ROSES,,,,enum,
zb$a,t,WITHER,WITHER,,,,enum,
zb$a,u,FIGHTERS,FIGHTERS,,,,enum,
zb$a,v,POINTER,POINTER,,,,enum,
zb$a,w,PIGSCENE,PIGSCENE,,,,enum,
zb$a,x,BURNING_SKULL,BURNING_SKULL,,,,enum,
zb$a,y,SKELETON,SKELETON,,,,enum,
zb$a,z,DONKEY_KONG,DONKEY_KONG,,,,enum,
zb$a,A,field_180001_A,,,,,field,public static final int
zb$a,B,field_75702_A,,,,,field,public final String
zb$a,C,field_75703_B,,,,,field,public final int
zb$a,D,field_75704_C,,,,,field,public final int
zb$a,E,field_75699_D,,,,,field,public final int
zb$a,F,field_75700_E,,,,,field,public final int
zb,c,field_70522_e,art,,,,field,public EntityPainting$EnumArt
zd$a,a,FLYING,FLYING,,,,enum,
zd$a,b,HOOKED_IN_ENTITY,HOOKED_IN_ENTITY,,,,enum,
zd$a,c,BOBBING,BOBBING,,,,enum,
zd,b,field_184528_c,,,,,field,private static final DataWatcherObject<Integer>
zd,c,field_146051_au,isInGround,,,,field,private boolean
zd,d,field_146049_av,,,,,field,private int
zd,e,field_146042_b,owner,,,,field,private EntityHuman
zd,f,field_146047_aw,,,,,field,private int
zd,g,field_146045_ax,,,,,field,private int
zd,h,field_146040_ay,,,,,field,private int
zd,at,field_146038_az,,,,,field,private int
zd,au,field_146054_aA,,,,,field,private float
zd,a,field_146043_c,hooked,,,,field,public Entity
zd,av,field_190627_av,,,,,field,private EntityFishingHook$HookState
zd,aw,field_191518_aw,,,,,field,private int
zd,ax,field_191519_ax,,,,,field,private int
zg,b,field_70262_b,lifeTicks,,,,field,private int
zg,a,field_70264_a,,,,,field,public long
zg,c,field_70263_c,,,,,field,private int
zg,d,field_184529_d,,,,,field,private final boolean
zi,e,field_175132_d,block,,,,field,private IBlockData
zi,a,field_145812_b,ticksLived,,,,field,public int
zi,b,field_145813_c,dropItem,,,,field,public boolean
zi,f,field_145808_f,,,,,field,private boolean
zi,g,field_145809_g,hurtEntities,,,,field,private boolean
zi,h,field_145815_h,fallHurtMax,,,,field,private int
zi,at,field_145816_i,fallHurtAmount,,,,field,private float
zi,c,field_145810_d,tileEntityData,,,,field,public NBTTagCompound
zi,d,field_184532_d,,,,,field,protected static final DataWatcherObject<BlockPosition>
zj,b,field_145803_d,,,,,field,private static final org.apache.logging.log4j.Logger
zj,c,field_184533_c,,,,,field,private static final DataWatcherObject<ItemStack>
zj,d,field_70292_b,age,,,,field,private int
zj,e,field_145804_b,pickupDelay,,,,field,private int
zj,f,field_70291_e,,,,,field,private int
zj,g,field_145801_f,,,,,field,private String
zj,h,field_145802_g,,,,,field,private String
zj,a,field_70290_d,,,,,field,public float
zk,a,field_184537_a,FUSE_TICKS,,,,field,private static final DataWatcherObject<Integer>
zk,b,field_94084_b,source,,,,field,private EntityLiving
zk,c,field_70516_a,,,,,field,private int
zm,a,field_184728_b,,,,,field,private static final DataWatcherObject<Boolean>
zm,b,field_85037_d,,,,,field,private final PathfinderGoalBowShoot
zm,c,field_85038_e,,,,,field,private final PathfinderGoalMeleeAttack
zn$a,a,field_179469_a,,,,,field,private final EntityBlaze
zn$a,b,field_179467_b,,,,,field,private int
zn$a,c,field_179468_c,,,,,field,private int
zn,a,field_70847_d,,,,,field,private float
zn,b,field_70848_e,,,,,field,private int
zn,c,field_184712_c,,,,,field,private static final DataWatcherObject<Byte>
zp,a,field_184713_a,,,,,field,private static final DataWatcherObject<Integer>
zp,b,field_184714_b,,,,,field,private static final DataWatcherObject<Boolean>
zp,c,field_184715_c,,,,,field,private static final DataWatcherObject<Boolean>
zp,bw,field_70834_e,,,,,field,private int
zp,bx,field_70833_d,fuseTicks,,,,field,private int
zp,by,field_82225_f,maxFuseTicks,,,,field,private int
zp,bz,field_82226_g,explosionRadius,,,,field,private int
zp,bA,field_175494_bm,,,,,field,private int
zr$a,a,field_179475_a,,,,,field,private final EntityEnderman
zr$b,i,field_179449_j,,,,,field,private final EntityEnderman
zr$b,j,field_179448_g,,,,,field,private EntityHuman
zr$b,k,field_179450_h,,,,,field,private int
zr$b,l,field_179451_i,,,,,field,private int
zr$c,a,field_179473_a,enderman,,,,field,private final EntityEnderman
zr,a,field_110192_bp,,,,,field,private static final UUID
zr,b,field_110193_bq,,,,,field,private static final AttributeModifier
zr,c,field_70827_d,,,,,field,private static final Set<Block>
zr,bw,field_184718_bv,,,,,field,private static final DataWatcherObject<com.google.common.base.Optional<IBlockData>>
zr,bx,field_184719_bw,,,,,field,private static final DataWatcherObject<Boolean>
zr,by,field_184720_bx,,,,,field,private int
zr,bz,field_184721_by,,,,,field,private int
zs,a,field_175497_b,,,,,field,private int
zs,b,field_175498_c,,,,,field,private boolean
zt,d,field_82192_a,,,,,field,com.google.common.base.Predicate<Entity>
zt,e,field_175450_e,,,,,field,com.google.common.base.Predicate<Entity>
zu$d,b,field_190873_b,,,,,field,protected int
zu$d,c,field_190874_c,,,,,field,protected int
zu$e,a,field_190879_a,,,,,field,final com.google.common.base.Predicate<EntitySheep>
zu,a,field_190760_a,,,,,field,protected static final DataWatcherObject<Byte>
zu,b,field_190761_b,,,,,field,private int
zu,c,field_190762_c,,,,,field,private int
zu,bw,field_190763_bw,,,,,field,private EntitySheep
zv$a,a,field_179472_a,,,,,field,private final EntityGhast
zv$b,i,field_179927_g,,,,,field,private final EntityGhast
zv$b,j,field_179928_h,,,,,field,private int
zv$c,b,field_179470_b,ghast,,,,field,private final EntityGhast
zv$c,a,field_179471_a,,,,,field,public int
zv$d,a,field_179454_a,,,,,field,private final EntityGhast
zv,a,field_184683_a,,,,,field,private static final DataWatcherObject<Boolean>
zv,b,field_92014_j,,,,,field,private int
zx$a,a,field_179456_a,,,,,field,private final EntityGuardian
zx$a,b,field_179455_b,,,,,field,private int
zx$a,c,field_190881_c,,,,,field,private final boolean
zx$b,a,field_179916_a,,,,,field,private final EntityGuardian
zx$c,i,field_179930_g,,,,,field,private final EntityGuardian
zx,bz,field_190766_bz,,,,,field,private static final DataWatcherObject<Boolean>
zx,bA,field_184723_b,,,,,field,private static final DataWatcherObject<Integer>
zx,a,field_175482_b,,,,,field,protected float
zx,b,field_175484_c,,,,,field,protected float
zx,c,field_175483_bk,,,,,field,protected float
zx,bw,field_175485_bl,,,,,field,protected float
zx,bx,field_175486_bm,,,,,field,protected float
zx,bB,field_175478_bn,,,,,field,private EntityLiving
zx,bC,field_175479_bo,,,,,field,private int
zx,bD,field_175480_bp,,,,,field,private boolean
zx,by,field_175481_bq,goalRandomStroll,,,,field,protected PathfinderGoalRandomStroll
ccg,f,field_72416_e,,,,,field,private NBTTagCompound
cch,k,field_147148_h,,,,,field,private static final org.apache.logging.log4j.Logger
cch,l,field_71349_l,,,,,field,private final Minecraft
cch,m,field_71350_m,,,,,field,private final WorldSettings
cch,n,field_71348_o,,,,,field,private boolean
cch,o,field_71346_p,,,,,field,private boolean
cch,p,field_71345_q,,,,,field,private ThreadLanServerPing
ccj,a,field_77492_a,,,,,field,private final String
ccj,b,field_77490_b,,,,,field,private final String
ccj,c,field_77491_c,,,,,field,private long
cck$b,b,field_77555_b,,,,,field,private final List<LanServerInfo>
cck$b,a,field_77556_a,,,,,field,boolean
cck,a,field_148551_a,,,,,field,private static final AtomicInteger
cck,b,field_148550_b,,,,,field,private static final org.apache.logging.log4j.Logger
cck$a,a,field_77500_a,,,,,field,private final LanServerDetector$LanServerList
cck$a,b,field_77498_b,,,,,field,private final InetAddress
cck$a,c,field_77499_c,,,,,field,private final MulticastSocket
ccl,a,field_148658_a,,,,,field,private static final AtomicInteger
ccl,b,field_148657_b,,,,,field,private static final org.apache.logging.log4j.Logger
ccl,c,field_77528_b,,,,,field,private final String
ccl,d,field_77529_c,,,,,field,private final DatagramSocket
ccl,e,field_77526_d,,,,,field,private boolean
ccl,f,field_77527_e,,,,,field,private final String
ccp,a,field_147679_a,,,,,field,private final Random
ccp,b,field_147677_b,,,,,field,private final Minecraft
ccp,c,field_147678_c,,,,,field,private ISound
ccp,d,field_147676_d,,,,,field,private int
ccs,a,field_147700_a,,,,,field,public static final Sound
ccs,b,field_147698_b,,,,,field,private static final org.apache.logging.log4j.Logger
ccs,c,field_147699_c,,,,,field,private static final com.google.gson.Gson
ccs,d,field_147696_d,,,,,field,private static final ParameterizedType
ccs,e,field_147697_e,,,,,field,private final SoundRegistry
ccs,f,field_147694_f,,,,,field,private final SoundManager
ccs,g,field_147695_g,,,,,field,private final IResourceManager
cct,a,field_148764_a,,,,,field,"private Map<MinecraftKey, SoundEventAccessor>"
ccq,a,field_148623_a,,,,,field,private static final org.apache.logging.log4j.Marker
ccq,b,field_148621_b,,,,,field,private static final org.apache.logging.log4j.Logger
ccq,c,field_188775_c,,,,,field,private static final Set<MinecraftKey>
ccq,d,field_148622_c,,,,,field,private final SoundHandler
ccq,e,field_148619_d,,,,,field,private final GameSettings
ccq,f,field_148620_e,,,,,field,private SoundManager$SoundSystemStarterThread
ccq,g,field_148617_f,,,,,field,private boolean
ccq,h,field_148618_g,,,,,field,private int
ccq,i,field_148629_h,,,,,field,"private final Map<String, ISound>"
ccq,j,field_148630_i,,,,,field,"private final Map<ISound, String>"
ccq,k,field_188776_k,,,,,field,"private final com.google.common.collect.Multimap<SoundCategory, String>"
ccq,l,field_148625_l,,,,,field,private final List<ITickableSound>
ccq,m,field_148626_m,,,,,field,"private final Map<ISound, Integer>"
ccq,n,field_148624_n,,,,,field,"private final Map<String, Integer>"
ccq,o,field_188777_o,,,,,field,private final List<ISoundEventListener>
ccq,p,field_189000_p,,,,,field,private final List<String>
ccu,a,field_188716_a,,,,,field,private final List<ISoundEventAccessor<Sound>>
ccu,b,field_148734_b,,,,,field,private final Random
ccu,c,field_188717_c,,,,,field,private final MinecraftKey
ccu,d,field_188718_d,,,,,field,private final IChatBaseComponent
ccp$a,a,MENU,,,,,enum,
ccp$a,b,GAME,,,,,enum,
ccp$a,c,CREATIVE,,,,,enum,
ccp$a,d,CREDITS,,,,,enum,
ccp$a,e,NETHER,,,,,enum,
ccp$a,f,END_BOSS,,,,,enum,
ccp$a,g,END,,,,,enum,
ccp$a,h,field_148645_h,,,,,field,private final SoundEffect
ccp$a,i,field_148646_i,,,,,field,private final int
ccp$a,j,field_148643_j,,,,,field,private final int
bez,a,field_74286_b,,,,,field,private final String
bez,b,field_148257_b,,,,,field,private final String
bez,c,field_148258_c,,,,,field,private final String
bez,d,field_152429_d,,,,,field,private final Session$Type
beu$a,a,INVERT_MOUSE,,,,,enum,
beu$a,b,SENSITIVITY,,,,,enum,
beu$a,c,FOV,,,,,enum,
beu$a,d,GAMMA,,,,,enum,
beu$a,e,SATURATION,,,,,enum,
beu$a,f,RENDER_DISTANCE,,,,,enum,
beu$a,g,VIEW_BOBBING,,,,,enum,
beu$a,h,ANAGLYPH,,,,,enum,
beu$a,i,FRAMERATE_LIMIT,,,,,enum,
beu$a,j,FBO_ENABLE,,,,,enum,
beu$a,k,RENDER_CLOUDS,,,,,enum,
beu$a,l,GRAPHICS,,,,,enum,
beu$a,m,AMBIENT_OCCLUSION,,,,,enum,
beu$a,n,GUI_SCALE,,,,,enum,
beu$a,o,PARTICLES,,,,,enum,
beu$a,p,CHAT_VISIBILITY,,,,,enum,
beu$a,q,CHAT_COLOR,,,,,enum,
beu$a,r,CHAT_LINKS,,,,,enum,
beu$a,s,CHAT_OPACITY,,,,,enum,
beu$a,t,CHAT_LINKS_PROMPT,,,,,enum,
beu$a,u,SNOOPER_ENABLED,,,,,enum,
beu$a,v,USE_FULLSCREEN,,,,,enum,
beu$a,w,ENABLE_VSYNC,,,,,enum,
beu$a,x,USE_VBO,,,,,enum,
beu$a,y,TOUCHSCREEN,,,,,enum,
beu$a,z,CHAT_SCALE,,,,,enum,
beu$a,A,CHAT_WIDTH,,,,,enum,
beu$a,B,CHAT_HEIGHT_FOCUSED,,,,,enum,
beu$a,C,CHAT_HEIGHT_UNFOCUSED,,,,,enum,
beu$a,D,MIPMAP_LEVELS,,,,,enum,
beu$a,E,FORCE_UNICODE_FONT,,,,,enum,
beu$a,F,REDUCED_DEBUG_INFO,,,,,enum,
beu$a,G,ENTITY_SHADOWS,,,,,enum,
beu$a,H,MAIN_HAND,,,,,enum,
beu$a,I,ATTACK_INDICATOR,,,,,enum,
beu$a,J,ENABLE_WEAK_ATTACKS,,,,,enum,
beu$a,K,SHOW_SUBTITLES,,,,,enum,
beu$a,L,REALMS_NOTIFICATIONS,,,,,enum,
beu$a,M,AUTO_JUMP,,,,,enum,
beu$a,N,field_74385_A,,,,,field,private final boolean
beu$a,O,field_74386_B,,,,,field,private final boolean
beu$a,P,field_74387_C,,,,,field,private final String
beu$a,Q,field_148270_M,,,,,field,private final float
beu$a,R,field_148271_N,,,,,field,private float
beu$a,S,field_148272_O,,,,,field,private float
bes,J,field_147123_G,,,,,field,private static final org.apache.logging.log4j.Logger
bes,K,field_110444_H,,,,,field,private static final MinecraftKey
bes,a,field_142025_a,,,,,field,public static final boolean
bes,b,field_71444_a,,,,,field,public static byte[]
bes,L,field_110445_I,,,,,field,private static final List<org.lwjgl.opengl.DisplayMode>
bes,M,field_130070_K,,,,,field,private final File
bes,N,field_152356_J,,,,,field,private final com.mojang.authlib.properties.PropertyMap
bes,O,field_181038_N,,,,,field,private final com.mojang.authlib.properties.PropertyMap
bes,P,field_71422_O,,,,,field,private ServerData
bes,Q,field_71446_o,,,,,field,private TextureManager
bes,R,field_71432_P,,,,,field,private static Minecraft
bes,S,field_184131_U,,,,,field,private final DataConverterManager
bes,c,field_71442_b,,,,,field,public PlayerControllerMP
bes,T,field_71431_Q,,,,,field,private boolean
bes,U,field_175619_R,,,,,field,private final boolean
bes,V,field_71434_R,,,,,field,private boolean
bes,W,field_71433_S,,,,,field,private CrashReport
bes,d,field_71443_c,,,,,field,public int
bes,e,field_71440_d,,,,,field,public int
bes,X,field_181541_X,,,,,field,private boolean
bes,Y,field_71428_T,,,,,field,private final Timer
bes,Z,field_71427_U,,,,,field,private final MojangStatisticsGenerator
bes,f,field_71441_e,,,,,field,public WorldClient
bes,g,field_71438_f,,,,,field,public RenderGlobal
bes,aa,field_175616_W,,,,,field,private RenderManager
bes,ab,field_175621_X,,,,,field,private RenderItem
bes,ac,field_175620_Y,,,,,field,private ItemRenderer
bes,h,field_71439_g,,,,,field,public EntityPlayerSP
bes,ad,field_175622_Z,,,,,field,private Entity
bes,i,field_147125_j,,,,,field,public Entity
bes,j,field_71452_i,,,,,field,public ParticleManager
bes,ae,field_71449_j,,,,,field,private final Session
bes,af,field_71445_n,,,,,field,private boolean
bes,k,field_71466_p,,,,,field,public FontRenderer
bes,l,field_71464_q,,,,,field,public FontRenderer
bes,m,field_71462_r,,,,,field,public GuiScreen
bes,n,field_71461_s,,,,,field,public LoadingScreenRenderer
bes,o,field_71460_t,,,,,field,public EntityRenderer
bes,p,field_184132_p,,,,,field,public DebugRenderer
bes,ag,field_71429_W,,,,,field,private int
bes,ah,field_71436_X,,,,,field,private final int
bes,ai,field_71435_Y,,,,,field,private final int
bes,aj,field_71437_Z,,,,,field,private IntegratedServer
bes,q,field_71458_u,,,,,field,public GuiAchievement
bes,r,field_71456_v,,,,,field,public GuiIngame
bes,s,field_71454_w,,,,,field,public boolean
bes,t,field_71476_x,,,,,field,public MovingObjectPosition
bes,u,field_71474_y,,,,,field,public GameSettings
bes,v,field_71417_B,,,,,field,public MouseHelper
bes,w,field_71412_D,,,,,field,public final File
bes,ak,field_110446_Y,,,,,field,private final File
bes,al,field_110447_Z,,,,,field,private final String
bes,am,field_184130_ao,,,,,field,private final String
bes,an,field_110453_aa,,,,,field,private final Proxy
bes,ao,field_71469_aa,,,,,field,private Convertable
bes,ap,field_71470_ab,,,,,field,private static int
bes,aq,field_71467_ac,,,,,field,private int
bes,ar,field_71475_ae,,,,,field,private String
bes,as,field_71477_af,,,,,field,private int
bes,x,field_71415_G,,,,,field,public boolean
bes,y,field_71423_H,,,,,field,long
bes,at,field_71457_ai,,,,,field,private int
bes,z,field_181542_y,,,,,field,public final FrameTimer
bes,A,field_181543_z,,,,,field,long
bes,au,field_147129_ai,,,,,field,private final boolean
bes,av,field_71459_aj,,,,,field,private final boolean
bes,aw,field_71453_ak,,,,,field,private NetworkManager
bes,ax,field_71455_al,,,,,field,private boolean
bes,B,field_71424_I,,,,,field,public final MethodProfiler
bes,ay,field_83002_am,,,,,field,private long
bes,az,field_110451_am,,,,,field,private IReloadableResourceManager
bes,aA,field_110452_an,,,,,field,private final MetadataSerializer
bes,aB,field_110449_ao,,,,,field,private final List<IResourcePack>
bes,aC,field_110450_ap,,,,,field,private final DefaultResourcePack
bes,aD,field_110448_aq,,,,,field,private ResourcePackRepository
bes,aE,field_135017_as,,,,,field,private LanguageManager
bes,aF,field_184127_aH,,,,,field,private BlockColors
bes,aG,field_184128_aI,,,,,field,private ItemColors
bes,aH,field_147124_at,,,,,field,private Framebuffer
bes,aI,field_147128_au,,,,,field,private TextureMap
bes,aJ,field_147127_av,,,,,field,private SoundHandler
bes,aK,field_147126_aw,,,,,field,private MusicTicker
bes,aL,field_152354_ay,,,,,field,private MinecraftKey
bes,aM,field_152355_az,,,,,field,private final com.mojang.authlib.minecraft.MinecraftSessionService
bes,aN,field_152350_aA,,,,,field,private SkinManager
bes,aO,field_152351_aB,,,,,field,private final Queue<FutureTask<?>>
bes,aP,field_152352_aC,,,,,field,private final Thread
bes,aQ,field_175617_aL,,,,,field,private ModelManager
bes,aR,field_175618_aM,,,,,field,private BlockRendererDispatcher
bes,C,field_71425_J,,,,,field,volatile boolean
bes,D,field_71426_K,,,,,field,public String
bes,H,field_175612_E,,,,,field,public boolean
bes,aS,field_71419_L,,,,,field,private long
bes,aT,field_71420_M,,,,,field,private int
bes,aU,field_184129_aV,,,,,field,private boolean
bes,I,field_71421_N,,,,,field,long
bes,aV,field_71465_an,,,,,field,private String
bey,a,field_74282_a,,,,,field,float
bey,f,field_74276_f,,,,,field,private double
bey,b,field_74280_b,,,,,field,public int
bey,c,field_74281_c,,,,,field,public float
bey,d,field_74278_d,,,,,field,public float
bey,e,field_74279_e,,,,,field,public float
bey,g,field_74277_g,,,,,field,private long
bey,h,field_74284_h,,,,,field,private long
bey,i,field_74285_i,,,,,field,private long
bey,j,field_74283_j,,,,,field,private double
bew,a,field_148261_a,,,,,field,private static final org.apache.logging.log4j.Logger
bew,b,field_74295_a,,,,,field,private static final DateFormat
bew,c,field_74293_b,,,,,field,private static IntBuffer
bew,d,field_74294_c,,,,,field,private static int[]
bep,a,field_74516_a,,,,,field,private static final List<KeyBinding>
bep,b,field_74514_b,,,,,field,private static final IntHashMap<KeyBinding>
bep,c,field_151473_c,,,,,field,private static final Set<String>
bep,d,field_74515_c,,,,,field,private final String
bep,e,field_151472_e,,,,,field,private final int
bep,f,field_151471_f,,,,,field,private final String
bep,g,field_74512_d,,,,,field,private int
bep,h,field_74513_e,,,,,field,private boolean
bep,i,field_151474_i,,,,,field,private int
cab,a,field_191383_a,,,,,field,private final IResourcePack
cad,c,field_177320_c,,,,,field,private static final org.apache.logging.log4j.Logger
cad,d,field_110622_a,,,,,field,private static final FileFilter
cad,e,field_190117_e,,,,,field,private static final Pattern
cad,f,field_191400_f,,,,,field,private static final MinecraftKey
cad,g,field_110618_d,,,,,field,private final File
cad,a,field_110620_b,,,,,field,public final IResourcePack
cad,h,field_148534_e,,,,,field,private final File
cad,b,field_110621_c,,,,,field,public final MetadataSerializer
cad,i,field_148532_f,,,,,field,private IResourcePack
cad,j,field_177321_h,,,,,field,private final ReentrantLock
cad,k,field_177322_i,,,,,field,private com.google.common.util.concurrent.ListenableFuture<Object>
cad,l,field_110619_e,,,,,field,private List<ResourcePackRepository$Entry>
cad,m,field_110617_f,,,,,field,private final List<ResourcePackRepository$Entry>
bzs,b,field_110601_c,,,,,field,public static final com.google.common.base.Splitter
bzs,c,field_110600_d,,,,,field,private ZipFile
cbw,m,field_147670_k,,,,,field,private final EntityMinecartAbstract
cbw,n,field_147669_l,,,,,field,private float
cbu,m,field_189405_m,,,,,field,private final EntityPlayerSP
cbu,n,field_189406_n,,,,,field,private int
cbt,l,field_147668_j,,,,,field,protected boolean
ccc$a,a,NONE,,,,,enum,
ccc$a,b,LINEAR,,,,,enum,
ccc$a,c,field_148589_c,,,,,field,private final int
cbv,m,field_174934_k,,,,,field,private final EntityGuardian
cbs,a,field_184367_a,,,,,field,protected Sound
cbs,l,field_184369_l,,,,,field,private SoundEventAccessor
cbs,b,field_184368_b,,,,,field,protected SoundCategory
cbs,c,field_147664_a,,,,,field,protected MinecraftKey
cbs,d,field_147662_b,,,,,field,protected float
cbs,e,field_147663_c,,,,,field,protected float
cbs,f,field_147660_d,,,,,field,protected float
cbs,g,field_147661_e,,,,,field,protected float
cbs,h,field_147658_f,,,,,field,protected float
cbs,i,field_147659_g,,,,,field,protected boolean
cbs,j,field_147665_h,,,,,field,protected int
cbs,k,field_147666_i,,,,,field,protected ISound$AttenuationType
cbz$a,a,FILE,,,,,enum,
cbz$a,b,SOUND_EVENT,,,,,enum,
cbz$a,c,field_188708_c,,,,,field,private final String
cca,a,field_188702_a,,,,,field,private final List<Sound>
cca,b,field_148575_b,,,,,field,private final boolean
cca,c,field_188703_c,,,,,field,private final String
cbx,m,field_147672_k,,,,,field,private final EntityHuman
cbx,n,field_147671_l,,,,,field,private final EntityMinecartAbstract
cbz,a,field_188726_a,,,,,field,private final MinecraftKey
cbz,b,field_188727_b,,,,,field,private final float
cbz,c,field_188728_c,,,,,field,private final float
cbz,d,field_188729_d,,,,,field,private final int
cbz,e,field_188730_e,,,,,field,private final Sound$Type
cbz,f,field_188731_f,,,,,field,private final boolean
bzt,b,field_191386_b,,,,,field,private static final boolean
bzt,c,field_191387_c,,,,,field,private static final com.google.common.base.CharMatcher
cap,a,field_110508_a,,,,,field,"private final IRegistry<String, MetadataSerializer$Registration<? extends IMetadataSection>>"
cap,b,field_110506_b,,,,,field,private final com.google.gson.GsonBuilder
cap,c,field_110507_c,,,,,field,private com.google.gson.Gson
car,a,field_110478_a,,,,,field,private final List<AnimationFrame>
car,b,field_110476_b,,,,,field,private final int
car,c,field_110477_c,,,,,field,private final int
car,d,field_110475_d,,,,,field,private final int
car,e,field_177220_e,,,,,field,private final boolean
caq,a,field_110499_a,,,,,field,private final int
caq,b,field_110498_b,,,,,field,private final int
cax,a,field_135019_a,,,,,field,private final Collection<Language>
cba,a,field_110464_a,,,,,field,private final IChatBaseComponent
cba,b,field_110463_b,,,,,field,private final int
cau,a,field_110467_a,,,,,field,private final float[]
cau,b,field_110465_b,,,,,field,private final float[]
cau,c,field_110466_c,,,,,field,private final float[]
cap$a,a,field_110502_a,,,,,field,final IMetadataSectionSerializer<T>
cap$a,b,field_110500_b,,,,,field,final Class<T>
cbe,a,field_110482_a,,,,,field,private final boolean
cbe,b,field_110481_b,,,,,field,private final boolean
bzp,a,field_110608_a,,,,,field,public static final Set<String>
bzp,b,field_188549_b,,,,,field,private final ResourceIndex
bzr$a,a,field_177330_a,,,,,field,private final InputStream
bzr$a,b,field_177328_b,,,,,field,private final String
bzr$a,c,field_177329_c,,,,,field,private boolean
caf,a,field_110535_a,,,,,field,"private final Map<String, IMetadataSection>"
caf,b,field_177242_b,,,,,field,private final String
caf,c,field_110533_b,,,,,field,private final MinecraftKey
caf,d,field_110534_c,,,,,field,private final InputStream
caf,e,field_110531_d,,,,,field,private final InputStream
caf,f,field_110532_e,,,,,field,private final MetadataSerializer
caf,g,field_110529_f,,,,,field,private boolean
caf,h,field_110530_g,,,,,field,private com.google.gson.JsonObject
cad$a,b,field_110524_c,,,,,field,private final IResourcePack
cad$a,c,field_110521_d,,,,,field,private PackMetadataSection
cad$a,d,field_110520_f,,,,,field,private MinecraftKey
caj,b,field_147648_b,,,,,field,private static final org.apache.logging.log4j.Logger
caj,c,field_135047_b,,,,,field,private final MetadataSerializer
caj,d,field_135048_c,,,,,field,private String
caj,a,field_135049_a,,,,,field,protected static final Locale
caj,e,field_135046_d,,,,,field,"private final Map<String, Language>"
cak,b,field_135030_b,,,,,field,private static final com.google.common.base.Splitter
cak,c,field_135031_c,,,,,field,private static final Pattern
cak,a,field_135032_a,,,,,field,"Map<String, String>"
cak,d,field_135029_d,,,,,field,private boolean
cah,a,field_135054_a,,,,,field,private static Locale
cai,a,field_135039_a,,,,,field,private final String
cai,b,field_135037_b,,,,,field,private final String
cai,c,field_135038_c,,,,,field,private final String
cai,d,field_135036_d,,,,,field,private final boolean
cag,a,field_152794_b,,,,,field,private static final ExecutorService
cag,b,field_152795_c,,,,,field,private final TextureManager
cag,c,field_152796_d,,,,,field,private final File
cag,d,field_152797_e,,,,,field,private final com.mojang.authlib.minecraft.MinecraftSessionService
cag,e,field_152798_f,,,,,field,"private final com.google.common.cache.LoadingCache<com.mojang.authlib.GameProfile, Map<com.mojang.authlib.minecraft.MinecraftProfileTexture$Type, com.mojang.authlib.minecraft.MinecraftProfileTexture>>"
bzr,b,field_177246_b,,,,,field,private static final org.apache.logging.log4j.Logger
bzr,a,field_110540_a,,,,,field,protected final List<IResourcePack>
bzr,c,field_110539_b,,,,,field,private final MetadataSerializer
bzv,a,field_130078_a,,,,,field,private static final MinecraftKey
bzu,a,field_130079_a,,,,,field,private static final MinecraftKey
bzo,a,field_177337_a,,,,,field,private static final MinecraftKey
bzo,b,field_177336_b,,,,,field,private static final MinecraftKey
cae,a,field_147967_a,,,,,field,private static final org.apache.logging.log4j.Logger
cae,b,field_130074_a,,,,,field,private static final com.google.common.base.Joiner
cae,c,field_110548_a,,,,,field,"private final Map<String, FallbackResourceManager>"
cae,d,field_110546_b,,,,,field,private final List<IResourceManagerReloadListener>
cae,e,field_135057_d,,,,,field,private final Set<String>
cae,f,field_110547_c,,,,,field,private final MetadataSerializer
bzm,b,field_110598_a,,,,,field,private static final org.apache.logging.log4j.Logger
bzm,a,field_110597_b,,,,,field,protected final File
bzn,a,field_152783_a,,,,,field,private static final org.apache.logging.log4j.Logger
bzn,b,field_152784_b,,,,,field,"private final Map<String, File>"
cbo,a,field_177563_a,,,,,field,protected final List<BakedQuad>
cbo,b,field_177561_b,,,,,field,"protected final Map<EnumDirection, List<BakedQuad>>"
cbo,c,field_177562_c,,,,,field,protected final boolean
cbo,d,field_177559_d,,,,,field,protected final boolean
cbo,e,field_177560_e,,,,,field,protected final TextureAtlasSprite
cbo,f,field_177558_f,,,,,field,protected final ItemCameraTransforms
cbo,g,field_188620_g,,,,,field,protected final ItemOverrideList
cbl,a,field_174958_a,,,,,field,"private IRegistry<ModelResourceLocation, IBakedModel>"
cbl,b,field_174956_b,,,,,field,private final TextureMap
cbl,c,field_174957_c,,,,,field,private final BlockModelShapes
cbl,d,field_174955_d,,,,,field,private IBakedModel
cbp$b,b,field_185281_b,,,,,field,protected final IBakedModel
cbi,a,X0_Y0,,,,,enum,
cbi,b,X0_Y90,,,,,enum,
cbi,c,X0_Y180,,,,,enum,
cbi,d,X0_Y270,,,,,enum,
cbi,e,X90_Y0,,,,,enum,
cbi,f,X90_Y90,,,,,enum,
cbi,g,X90_Y180,,,,,enum,
cbi,h,X90_Y270,,,,,enum,
cbi,i,X180_Y0,,,,,enum,
cbi,j,X180_Y90,,,,,enum,
cbi,k,X180_Y180,,,,,enum,
cbi,l,X180_Y270,,,,,enum,
cbi,m,X270_Y0,,,,,enum,
cbi,n,X270_Y90,,,,,enum,
cbi,o,X270_Y180,,,,,enum,
cbi,p,X270_Y270,,,,,enum,
cbi,q,field_177546_q,,,,,field,"private static final Map<Integer, ModelRotation>"
cbi,r,field_177545_r,,,,,field,private final int
cbi,s,field_177544_s,,,,,field,private final org.lwjgl.util.vector.Matrix4f
cbi,t,field_177543_t,,,,,field,private final int
cbi,u,field_177542_u,,,,,field,private final int
cbk,b,field_177602_b,,,,,field,private static final Set<MinecraftKey>
cbk,c,field_177603_c,,,,,field,private static final org.apache.logging.log4j.Logger
cbk,a,field_177604_a,,,,,field,protected static final ModelResourceLocation
cbk,d,field_188641_d,,,,,field,private static final String
cbk,e,field_177600_d,,,,,field,"private static final Map<String, String>"
cbk,f,field_177601_e,,,,,field,private static final com.google.common.base.Joiner
cbk,g,field_177598_f,,,,,field,private final IResourceManager
cbk,h,field_177599_g,,,,,field,"private final Map<MinecraftKey, TextureAtlasSprite>"
cbk,i,field_177611_h,,,,,field,"private final Map<MinecraftKey, ModelBlock>"
cbk,j,field_177612_i,,,,,field,"private final Map<ModelResourceLocation, VariantList>"
cbk,k,field_188642_k,,,,,field,"private final Map<ModelBlockDefinition, Collection<ModelResourceLocation>>"
cbk,l,field_177609_j,,,,,field,private final TextureMap
cbk,m,field_177610_k,,,,,field,private final BlockModelShapes
cbk,n,field_177607_l,,,,,field,private final FaceBakery
cbk,o,field_177608_m,,,,,field,private final ItemModelGenerator
cbk,p,field_177605_n,,,,,field,"private final RegistrySimple<ModelResourceLocation, IBakedModel>"
cbk,q,field_188643_q,,,,,field,private static final String
cbk,r,field_177606_o,,,,,field,private static final ModelBlock
cbk,s,field_177616_r,,,,,field,private static final ModelBlock
cbk,t,field_177615_s,,,,,field,"private final Map<String, MinecraftKey>"
cbk,u,field_177614_t,,,,,field,"private final Map<MinecraftKey, ModelBlockDefinition>"
cbk,v,field_177613_u,,,,,field,"private final Map<Item, List<String>>"
cbn$a,a,field_188649_a,,,,,field,"private final Map<com.google.common.base.Predicate<IBlockData>, IBakedModel>"
cbo$a,a,field_177656_a,,,,,field,private final List<BakedQuad>
cbo$a,b,field_177654_b,,,,,field,"private final Map<EnumDirection, List<BakedQuad>>"
cbo$a,c,field_188646_c,,,,,field,private final ItemOverrideList
cbo$a,d,field_177655_c,,,,,field,private final boolean
cbo$a,e,field_177652_d,,,,,field,private TextureAtlasSprite
cbo$a,f,field_177653_e,,,,,field,private final boolean
cbo$a,g,field_177651_f,,,,,field,private final ItemCameraTransforms
cbn,f,field_188626_f,,,,,field,"private final Map<com.google.common.base.Predicate<IBlockData>, IBakedModel>"
cbn,a,field_188621_a,,,,,field,protected final boolean
cbn,b,field_188622_b,,,,,field,protected final boolean
cbn,c,field_188623_c,,,,,field,protected final TextureAtlasSprite
cbn,d,field_188624_d,,,,,field,protected final ItemCameraTransforms
cbn,e,field_188625_e,,,,,field,protected final ItemOverrideList
cbp$a,a,field_177678_a,,,,,field,private final List<WeightedBakedModel$WeightedModel>
cbj,a,field_177557_a,,,,,field,private final ItemCameraTransforms
cbj,b,field_188619_b,,,,,field,private final ItemOverrideList
cbp,a,field_177567_a,,,,,field,private final int
cbp,b,field_177565_b,,,,,field,private final List<WeightedBakedModel$WeightedModel>
cbp,c,field_177566_c,,,,,field,private final IBakedModel
cbm,c,field_177519_c,,,,,field,private final String
bzq,a,field_188548_a,,,,,field,private final File
bfe,a,field_186732_a,,,,,field,private final RegistryBlockID<IItemColor>
bfb,a,field_186725_a,,,,,field,private final RegistryBlockID<IBlockColor>
bnu,a,field_147415_a,,,,,field,private static final org.apache.logging.log4j.Logger
bnu,b,field_78859_a,,,,,field,private final Minecraft
bnu,c,field_78858_b,,,,,field,private final List<ServerData>
bnt$a,a,ENABLED,,,,,enum,
bnt$a,b,DISABLED,,,,,enum,
bnt$a,c,PROMPT,,,,,enum,
bnt$a,d,field_152594_d,,,,,field,private final IChatBaseComponent
bnp,a,field_78776_a,,,,,field,private final Minecraft
bnp,b,field_78774_b,,,,,field,private final NetHandlerPlayClient
bnp,c,field_178895_c,,,,,field,private BlockPosition
bnp,d,field_85183_f,,,,,field,private ItemStack
bnp,e,field_78770_f,,,,,field,private float
bnp,f,field_78780_h,,,,,field,private float
bnp,g,field_78781_i,,,,,field,private int
bnp,h,field_78778_j,,,,,field,private boolean
bnp,i,field_78779_k,,,,,field,private EnumGamemode
bnp,j,field_78777_l,,,,,field,private int
bnr,b,field_178867_a,,,,,field,private final com.mojang.authlib.GameProfile
bnr,a,field_187107_a,,,,,field,"Map<com.mojang.authlib.minecraft.MinecraftProfileTexture$Type, MinecraftKey>"
bnr,c,field_178866_b,,,,,field,private EnumGamemode
bnr,d,field_78829_b,,,,,field,private int
bnr,e,field_178864_d,,,,,field,private boolean
bnr,f,field_178863_g,,,,,field,private String
bnr,g,field_178872_h,,,,,field,private IChatBaseComponent
bnr,h,field_178873_i,,,,,field,private int
bnr,i,field_178870_j,,,,,field,private int
bnr,j,field_178871_k,,,,,field,private long
bnr,k,field_178868_l,,,,,field,private long
bnr,l,field_178869_m,,,,,field,private long
bnq,b,field_73035_a,,,,,field,private final NetHandlerPlayClient
bnq,c,field_73033_b,,,,,field,private ChunkProviderClient
bnq,I,field_73032_d,,,,,field,private final Set<Entity>
bnq,J,field_73036_L,,,,,field,private final Set<Entity>
bnq,K,field_73037_M,,,,,field,private final Minecraft
bnq,L,field_73038_N,,,,,field,private final Set<ChunkCoordIntPair>
bnq,M,field_184158_M,,,,,field,private int
bnq,a,field_184157_a,,,,,field,protected Set<ChunkCoordIntPair>
bnv,a,field_147230_a,,,,,field,private static final com.google.common.base.Splitter
bnv,b,field_147228_b,,,,,field,private static final org.apache.logging.log4j.Logger
bnv,c,field_147229_c,,,,,field,private final List<NetworkManager>
bns,a,field_78866_a,,,,,field,private final String
bns,b,field_78865_b,,,,,field,private final int
bnn,a,field_147396_a,,,,,field,private static final org.apache.logging.log4j.Logger
bnn,b,field_147394_b,,,,,field,private final Minecraft
bnn,c,field_147395_c,,,,,field,private final GuiScreen
bnn,d,field_147393_d,,,,,field,private final NetworkManager
bnn,e,field_175091_e,,,,,field,private com.mojang.authlib.GameProfile
bnt,a,field_78847_a,,,,,field,public String
bnt,b,field_78845_b,,,,,field,public String
bnt,c,field_78846_c,,,,,field,public String
bnt,d,field_78843_d,,,,,field,public String
bnt,e,field_78844_e,,,,,field,public long
bnt,f,field_82821_f,,,,,field,public int
bnt,g,field_82822_g,,,,,field,public String
bnt,h,field_78841_f,,,,,field,public boolean
bnt,i,field_147412_i,,,,,field,public String
bnt,j,field_152587_j,,,,,field,private ServerData$ServerResourceMode
bnt,k,field_147411_m,,,,,field,private String
bnt,l,field_181042_l,,,,,field,private boolean
bno,b,field_147301_d,,,,,field,private static final org.apache.logging.log4j.Logger
bno,c,field_147302_e,,,,,field,private final NetworkManager
bno,d,field_175107_d,,,,,field,private final com.mojang.authlib.GameProfile
bno,e,field_147307_j,,,,,field,private final GuiScreen
bno,f,field_147299_f,,,,,field,private Minecraft
bno,g,field_147300_g,,,,,field,private WorldClient
bno,h,field_147309_h,,,,,field,private boolean
bno,i,field_147310_i,,,,,field,"private final Map<UUID, NetworkPlayerInfo>"
bno,a,field_147304_c,,,,,field,public int
bno,j,field_147308_k,,,,,field,private boolean
bno,k,field_147306_l,,,,,field,private final Random
bnm,a,field_147436_a,,,,,field,private static final org.apache.logging.log4j.Logger
bnm,b,field_73238_a,,,,,field,private final Chunk
bnm,c,field_73236_b,,,,,field,private final it.unimi.dsi.fastutil.longs.Long2ObjectMap<Chunk>
bnm,d,field_73235_d,,,,,field,private final World
bnv$1,d,field_147403_d,,,,,field,private boolean
bnv$1,e,field_183009_e,,,,,field,private boolean
bnv$1,f,field_175092_e,,,,,field,private long
bpv,a,field_174896_a,,,,,field,private final String
bpv,b,field_174895_b,,,,,field,"private final Map<Integer, Integer>"
bpu,a,field_175126_a,,,,,field,private final String
bpu,b,field_175125_b,,,,,field,private final IChatBaseComponent
bpq,a,field_78902_a,,,,,field,public float
bpq,b,field_78900_b,,,,,field,public float
bpq,c,field_187255_c,,,,,field,public boolean
bpq,d,field_187256_d,,,,,field,public boolean
bpq,e,field_187257_e,,,,,field,public boolean
bpq,f,field_187258_f,,,,,field,public boolean
bpq,g,field_78901_c,,,,,field,public boolean
bpq,h,field_78899_d,,,,,field,public boolean
bpt,d,field_71184_b,,,,,field,private int
bpt,e,field_71185_c,,,,,field,private double
bpt,f,field_71182_d,,,,,field,private double
bpt,g,field_71183_e,,,,,field,private double
bpt,h,field_71180_f,,,,,field,private double
bpt,bR,field_71181_g,,,,,field,private double
bps,d,field_71174_a,,,,,field,public final NetHandlerPlayClient
bps,bX,field_146108_bO,,,,,field,private final StatisticManager
bps,bY,field_184845_bX,,,,,field,private int
bps,bZ,field_175172_bI,,,,,field,private double
bps,ca,field_175166_bJ,,,,,field,private double
bps,cb,field_175167_bK,,,,,field,private double
bps,cc,field_175164_bL,,,,,field,private float
bps,cd,field_175165_bM,,,,,field,private float
bps,ce,field_184841_cd,,,,,field,private boolean
bps,cf,field_175170_bN,,,,,field,private boolean
bps,cg,field_175171_bO,,,,,field,private boolean
bps,ch,field_175168_bP,,,,,field,private int
bps,ci,field_175169_bQ,,,,,field,private boolean
bps,cj,field_142022_ce,,,,,field,private String
bps,e,field_71158_b,,,,,field,public MovementInput
bps,f,field_71159_c,,,,,field,protected Minecraft
bps,g,field_71156_d,,,,,field,protected int
bps,h,field_71157_e,,,,,field,public int
bps,bR,field_71154_f,,,,,field,public float
bps,bS,field_71155_g,,,,,field,public float
bps,bT,field_71163_h,,,,,field,public float
bps,bU,field_71164_i,,,,,field,public float
bps,ck,field_110320_a,,,,,field,private int
bps,cl,field_110321_bQ,,,,,field,private float
bps,bV,field_71086_bY,,,,,field,public float
bps,bW,field_71080_cy,,,,,field,public float
bps,cn,field_184842_cm,,,,,field,private boolean
bps,co,field_184843_cn,,,,,field,private EnumHand
bps,cp,field_184844_co,,,,,field,private boolean
bps,cq,field_189811_cr,,,,,field,private boolean
bps,cr,field_189812_cs,,,,,field,private int
bps,cs,field_189813_ct,,,,,field,private boolean
bpr,i,field_78903_e,,,,,field,private final GameSettings
bpp,d,field_175157_a,,,,,field,private NetworkPlayerInfo
bpp,a,field_184835_a,,,,,field,public float
bpp,b,field_184836_b,,,,,field,public float
bpp,c,field_184837_c,,,,,field,public float
box,a,field_70569_a,,,,,field,float
bos,a,field_174844_a,,,,,field,private EntityLiving
bpl,a,field_174851_a,,,,,field,private final Entity
bpl,b,field_174852_ax,,,,,field,private int
bpl,L,field_174850_ay,,,,,field,private final int
bpl,M,field_174849_az,,,,,field,private final EnumParticle
bok,a,field_70562_a,,,,,field,private final float
bny,a,field_187137_a,,,,,field,private static final MinecraftKey
bny,b,field_187138_G,,,,,field,private static final VertexFormat
bny,L,field_187139_H,,,,,field,private int
bny,M,field_187140_I,,,,,field,private final int
bny,N,field_187141_J,,,,,field,private final TextureManager
bny,O,field_187142_K,,,,,field,private final float
bof,a,field_70565_a,,,,,field,private final float
bof,b,field_70568_aq,,,,,field,private final double
bof,L,field_70567_ar,,,,,field,private final double
bof,M,field_70566_as,,,,,field,private final double
boj$c,b,field_92042_ax,,,,,field,private int
boj$c,L,field_92040_ay,,,,,field,private final ParticleManager
boj$c,M,field_92039_az,,,,,field,private NBTTagList
boj$c,a,field_92041_a,,,,,field,boolean
bon,a,field_110127_a,,,,,field,private static final MinecraftKey
bon,b,field_181549_az,,,,,field,private static final VertexFormat
bon,L,field_70581_a,,,,,field,private int
bon,M,field_70584_aq,,,,,field,private final int
bon,N,field_70583_ar,,,,,field,private final TextureManager
bon,O,field_70582_as,,,,,field,private final float
bop,a,field_174840_a,,,,,field,private final Entity
bop,b,field_174843_ax,,,,,field,private final Entity
bop,L,field_70594_ar,,,,,field,private int
bop,M,field_70593_as,,,,,field,private final int
bop,N,field_174841_aA,,,,,field,private final float
bop,O,field_174842_aB,,,,,field,private final RenderManager
bor,a,field_70586_a,,,,,field,private final float
boz,a,field_70570_a,,,,,field,float
bod,a,field_187143_a,,,,,field,private final float
bod,b,field_187144_G,,,,,field,private boolean
bpc,a,field_70588_a,,,,,field,float
bov,b,field_110737_b,,,,,field,private static final MinecraftKey
bov,a,field_78878_a,,,,,field,protected World
bov,c,field_78876_b,,,,,field,private final ArrayDeque<Particle>[][]
bov,d,field_178933_d,,,,,field,private final Queue<ParticleEmitter>
bov,e,field_78877_c,,,,,field,private final TextureManager
bov,f,field_78875_d,,,,,field,private final Random
bov,g,field_178932_g,,,,,field,"private final Map<Integer, IParticleFactory>"
bov,h,field_187241_h,,,,,field,private final Queue<Particle>
bou,a,field_187121_a,,,,,field,private static final AxisAlignedBB
bou,c,field_187122_b,,,,,field,protected World
bou,d,field_187123_c,,,,,field,protected double
bou,e,field_187124_d,,,,,field,protected double
bou,f,field_187125_e,,,,,field,protected double
bou,g,field_187126_f,,,,,field,protected double
bou,h,field_187127_g,,,,,field,protected double
bou,i,field_187128_h,,,,,field,protected double
bou,j,field_187129_i,,,,,field,protected double
bou,k,field_187130_j,,,,,field,protected double
bou,l,field_187131_k,,,,,field,protected double
bou,b,field_187120_G,,,,,field,private AxisAlignedBB
bou,m,field_187132_l,,,,,field,protected boolean
bou,n,field_190017_n,,,,,field,protected boolean
bou,o,field_187133_m,,,,,field,protected boolean
bou,p,field_187134_n,,,,,field,protected float
bou,q,field_187135_o,,,,,field,protected float
bou,r,field_187136_p,,,,,field,protected Random
bou,s,field_94054_b,,,,,field,protected int
bou,t,field_94055_c,,,,,field,protected int
bou,u,field_70548_b,,,,,field,protected float
bou,v,field_70549_c,,,,,field,protected float
bou,w,field_70546_d,,,,,field,protected int
bou,x,field_70547_e,,,,,field,protected int
bou,y,field_70544_f,,,,,field,protected float
bou,z,field_70545_g,,,,,field,protected float
bou,A,field_70552_h,,,,,field,protected float
bou,B,field_70553_i,,,,,field,protected float
bou,C,field_70551_j,,,,,field,protected float
bou,D,field_82339_as,,,,,field,protected float
bou,E,field_187119_C,,,,,field,protected TextureAtlasSprite
bou,F,field_190014_F,,,,,field,protected float
bou,G,field_190015_G,,,,,field,protected float
bou,H,field_70556_an,,,,,field,public static double
bou,I,field_70554_ao,,,,,field,public static double
bou,J,field_70555_ap,,,,,field,public static double
bou,K,field_190016_K,,,,,field,public static Vec3D
boi,a,field_190018_a,,,,,field,float
boi,b,field_190019_b,,,,,field,final float
bol,a,field_110126_a,,,,,field,private static final MinecraftKey
bol,b,field_70576_a,,,,,field,private int
bol,L,field_70578_aq,,,,,field,private final int
bol,M,field_70577_ar,,,,,field,private final TextureManager
boe,a,field_70563_a,,,,,field,private final Material
boe,b,field_70564_aq,,,,,field,private int
boc,a,field_174839_a,,,,,field,float
bpj,a,field_174847_a,,,,,field,private final IBlockData
bpj,b,field_181019_az,,,,,field,private BlockPosition
bpa,a,field_187147_a,,,,,field,private final int
bpa,b,field_187148_G,,,,,field,private final int
bpa,L,field_187149_H,,,,,field,private final float
bpa,M,field_191239_M,,,,,field,private float
bpa,N,field_187150_I,,,,,field,private float
bpa,O,field_187151_J,,,,,field,private float
bpa,P,field_187152_K,,,,,field,private float
bpa,Q,field_187153_L,,,,,field,private boolean
boy,a,field_70571_a,,,,,field,private final float
boy,b,field_70574_aq,,,,,field,private final double
boy,L,field_70573_ar,,,,,field,private final double
boy,M,field_70572_as,,,,,field,private final double
bpb,a,field_70587_a,,,,,field,float
bot,a,field_70585_a,,,,,field,float
bom,a,field_70575_a,,,,,field,float
bpd,a,field_174848_a,,,,,field,private static final Random
bpd,b,field_70590_a,,,,,field,private int
boj$b,a,field_92054_ax,,,,,field,private boolean
boj$b,b,field_92048_ay,,,,,field,private boolean
boj$b,L,field_92047_az,,,,,field,private final ParticleManager
boj$b,M,field_92050_aA,,,,,field,private float
boj$b,N,field_92051_aB,,,,,field,private float
boj$b,O,field_92052_aC,,,,,field,private float
boj$b,P,field_92053_aD,,,,,field,private boolean
boo,a,field_70579_a,,,,,field,private int
boo,b,field_70580_aq,,,,,field,private final int
ben,a,field_178814_a,,,,,field,private static final IntBuffer
ben,b,field_178812_b,,,,,field,private static final FloatBuffer
ben,c,field_178813_c,,,,,field,private static final FloatBuffer
ben,d,field_178810_d,,,,,field,private static final FloatBuffer
ben,e,field_178811_e,,,,,field,private static Vec3D
ben,f,field_74588_d,,,,,field,private static float
ben,g,field_74589_e,,,,,field,private static float
ben,h,field_74586_f,,,,,field,private static float
ben,i,field_74587_g,,,,,field,private static float
ben,j,field_74596_h,,,,,field,private static float
bez$a,a,LEGACY,,,,,enum,
bez$a,b,MOJANG,,,,,enum,
bez$a,c,field_152425_c,,,,,field,"private static final Map<String, Session$Type>"
bez$a,d,field_152426_d,,,,,field,private final String
bhl$b,u,field_148175_k,,,,,field,public int
bhn,a,field_146594_a,,,,,field,private final NetHandlerPlayClient
bhn,f,field_146593_f,,,,,field,private int
bgu,a,field_146355_a,,,,,field,protected GuiYesNoCallback
bgu,f,field_146351_f,,,,,field,protected String
bgu,r,field_146354_r,,,,,field,private final String
bgu,s,field_175298_s,,,,,field,private final List<String>
bgu,g,field_146352_g,,,,,field,protected String
bgu,h,field_146356_h,,,,,field,protected String
bgu,i,field_146357_i,,,,,field,protected int
bgu,t,field_146353_s,,,,,field,private int
bgv,a,field_146372_a,,,,,field,private static final AtomicInteger
bgv,f,field_146370_f,,,,,field,private static final org.apache.logging.log4j.Logger
bgv,g,field_146371_g,,,,,field,private NetworkManager
bgv,h,field_146373_h,,,,,field,private boolean
bgv,i,field_146374_i,,,,,field,private final GuiScreen
bhq$a,p,field_175234_p,,,,,field,private final EnumPlayerModelParts
bhs$a,r,field_184063_r,,,,,field,private final SoundCategory
bhs$a,s,field_146152_s,,,,,field,private final String
bhs$a,o,field_146156_o,,,,,field,public float
bhs$a,p,field_146155_p,,,,,field,public boolean
bhg$a,v,field_148176_l,,,,,field,private final List<String>
bhg$a,w,field_148177_m,,,,,field,"private final Map<String, Language>"
bhu,a,field_186844_a,,,,,field,protected final GuiTextField
bhu,b,field_186845_b,,,,,field,protected final boolean
bhu,c,field_186846_c,,,,,field,protected boolean
bhu,d,field_186847_d,,,,,field,protected boolean
bhu,e,field_186848_e,,,,,field,protected int
bhu,f,field_186849_f,,,,,field,protected List<String>
bho,a,field_175287_a,,,,,field,private static final org.apache.logging.log4j.Logger
bho,f,field_175284_f,,,,,field,private static final Set<String>
bho,g,field_175285_g,,,,,field,private static final com.google.common.base.Splitter
bho,j,field_146297_k,,,,,field,protected Minecraft
bho,k,field_146296_j,,,,,field,protected RenderItem
bho,l,field_146294_l,,,,,field,public int
bho,m,field_146295_m,,,,,field,public int
bho,n,field_146292_n,,,,,field,protected List<GuiButton>
bho,o,field_146293_o,,,,,field,protected List<GuiLabel>
bho,p,field_146291_p,,,,,field,public boolean
bho,q,field_146289_q,,,,,field,protected FontRenderer
bho,h,field_146290_a,,,,,field,private GuiButton
bho,i,field_146287_f,,,,,field,private int
bho,r,field_146288_g,,,,,field,private long
bho,s,field_146298_h,,,,,field,private int
bho,t,field_175286_t,,,,,field,private URI
bhr,a,field_146608_a,,,,,field,private final GuiScreen
bhr,f,field_146603_f,,,,,field,private final GameSettings
bhr,g,field_146604_g,,,,,field,private final List<String>
bhr,h,field_146609_h,,,,,field,private final List<String>
bhr,i,field_146610_i,,,,,field,private String
bhr,r,field_146607_r,,,,,field,private String[]
bhr,s,field_146606_s,,,,,field,private GuiSnooper$List
bhr,t,field_146605_t,,,,,field,private GuiButton
bjm,a,field_146965_f,,,,,field,private final GuiScreen
bjm,f,field_146966_g,,,,,field,private List<ResourcePackListEntry>
bjm,g,field_146969_h,,,,,field,private List<ResourcePackListEntry>
bjm,h,field_146970_i,,,,,field,private GuiResourcePackAvailable
bjm,i,field_146967_r,,,,,field,private GuiResourcePackSelected
bjm,r,field_175289_s,,,,,field,private boolean
bjt,u,field_148205_k,,,,,field,protected final Minecraft
bjt,v,field_148204_l,,,,,field,protected final List<ResourcePackListEntry>
bjp,c,field_148319_c,,,,,field,private final ResourcePackRepository$Entry
bjn,c,field_148316_c,,,,,field,private static final MinecraftKey
bjn,d,field_183020_d,,,,,field,private static final IChatBaseComponent
bjn,e,field_183021_e,,,,,field,private static final IChatBaseComponent
bjn,f,field_183022_f,,,,,field,private static final IChatBaseComponent
bjn,a,field_148317_a,,,,,field,protected final Minecraft
bjn,b,field_148315_b,,,,,field,protected final GuiScreenResourcePacks
bjq,c,field_148322_c,,,,,field,private static final org.apache.logging.log4j.Logger
bjq,d,field_148320_d,,,,,field,private final IResourcePack
bjq,e,field_148321_e,,,,,field,private final MinecraftKey
biw,u,field_147031_u,,,,,field,private static final MinecraftKey
biw,v,field_147030_v,,,,,field,private final IInventory
biw,w,field_147029_w,,,,,field,private final IInventory
biw,x,field_147034_x,,,,,field,private final EntityHorseAbstract
biw,y,field_147033_y,,,,,field,private float
biw,z,field_147032_z,,,,,field,private float
bij$a,o,field_146151_o,,,,,field,private final boolean
bis,a,field_148338_a,,,,,field,private static final EnchantmentNameParts
bis,b,field_148336_b,,,,,field,private final Random
bis,c,field_148337_c,,,,,field,private final String[]
bil,a,field_146485_f,,,,,field,private GuiTextField
bil,f,field_146486_g,,,,,field,private GuiTextField
bil,g,field_184078_g,,,,,field,private final TileEntityCommand
bil,h,field_146490_i,,,,,field,private GuiButton
bil,i,field_146487_r,,,,,field,private GuiButton
bil,r,field_175390_s,,,,,field,private GuiButton
bil,s,field_184079_s,,,,,field,private GuiButton
bil,t,field_184080_t,,,,,field,private GuiButton
bil,u,field_184081_u,,,,,field,private GuiButton
bil,v,field_175389_t,,,,,field,private boolean
bil,w,field_184082_w,,,,,field,private TileEntityCommand$Type
bil,x,field_184083_x,,,,,field,private TabCompleter
bil,y,field_184084_y,,,,,field,private boolean
bil,z,field_184085_z,,,,,field,private boolean
biq,v,field_147088_v,,,,,field,private static final MinecraftKey
biq,w,field_175376_w,,,,,field,private final PlayerInventory
biq,u,field_175377_u,,,,,field,public IInventory
biv,u,field_147085_u,,,,,field,private static final MinecraftKey
biv,v,field_147084_v,,,,,field,private final IInventory
biv,w,field_147083_w,,,,,field,private final IInventory
bjc,f,field_189845_a,,,,,field,private static final org.apache.logging.log4j.Logger
bjc,a,field_190302_a,,,,,field,public static final int[]
bjc,g,field_189846_f,,,,,field,private final TileEntityStructure
bjc,h,field_189847_g,,,,,field,private EnumBlockMirror
bjc,i,field_189848_h,,,,,field,private EnumBlockRotation
bjc,r,field_189849_i,,,,,field,private TileEntityStructure$UsageMode
bjc,s,field_189850_r,,,,,field,private boolean
bjc,t,field_189851_s,,,,,field,private boolean
bjc,u,field_189852_t,,,,,field,private boolean
bjc,v,field_189853_u,,,,,field,private GuiTextField
bjc,w,field_189854_v,,,,,field,private GuiTextField
bjc,x,field_189855_w,,,,,field,private GuiTextField
bjc,y,field_189856_x,,,,,field,private GuiTextField
bjc,z,field_189857_y,,,,,field,private GuiTextField
bjc,A,field_189858_z,,,,,field,private GuiTextField
bjc,B,field_189825_A,,,,,field,private GuiTextField
bjc,C,field_189826_B,,,,,field,private GuiTextField
bjc,D,field_189827_C,,,,,field,private GuiTextField
bjc,E,field_189828_D,,,,,field,private GuiTextField
bjc,F,field_189829_E,,,,,field,private GuiButton
bjc,G,field_189830_F,,,,,field,private GuiButton
bjc,H,field_189831_G,,,,,field,private GuiButton
bjc,I,field_189832_H,,,,,field,private GuiButton
bjc,J,field_189833_I,,,,,field,private GuiButton
bjc,K,field_189834_J,,,,,field,private GuiButton
bjc,L,field_189835_K,,,,,field,private GuiButton
bjc,M,field_189836_L,,,,,field,private GuiButton
bjc,N,field_189837_M,,,,,field,private GuiButton
bjc,O,field_189838_N,,,,,field,private GuiButton
bjc,P,field_189839_O,,,,,field,private GuiButton
bjc,Q,field_189840_P,,,,,field,private GuiButton
bjc,R,field_189841_Q,,,,,field,private GuiButton
bjc,S,field_189842_R,,,,,field,private GuiButton
bjc,T,field_189843_S,,,,,field,private final List<GuiTextField>
bjc,U,field_189844_T,,,,,field,private final DecimalFormat
biy,u,field_147039_u,,,,,field,private static final org.apache.logging.log4j.Logger
biy,v,field_147038_v,,,,,field,private static final MinecraftKey
biy,w,field_147037_w,,,,,field,private final IMerchant
biy,x,field_147043_x,,,,,field,private GuiMerchant$MerchantButton
biy,y,field_147042_y,,,,,field,private GuiMerchant$MerchantButton
biy,z,field_147041_z,,,,,field,private int
biy,A,field_147040_A,,,,,field,private final IChatBaseComponent
bix,u,field_147048_u,,,,,field,private float
bix,v,field_147047_v,,,,,field,private float
biy$a,o,field_146157_o,,,,,field,private final boolean
big,a,field_147001_a,,,,,field,public static final MinecraftKey
big,f,field_146999_f,,,,,field,protected int
big,g,field_147000_g,,,,,field,protected int
big,h,field_147002_h,,,,,field,public Container
big,i,field_147003_i,,,,,field,protected int
big,r,field_147009_r,,,,,field,protected int
big,u,field_147006_u,,,,,field,private Slot
big,v,field_147005_v,,,,,field,private Slot
big,w,field_147004_w,,,,,field,private boolean
big,x,field_147012_x,,,,,field,private ItemStack
big,y,field_147011_y,,,,,field,private int
big,z,field_147010_z,,,,,field,private int
big,A,field_146989_A,,,,,field,private Slot
big,B,field_146990_B,,,,,field,private long
big,C,field_146991_C,,,,,field,private ItemStack
big,D,field_146985_D,,,,,field,private Slot
big,E,field_146986_E,,,,,field,private long
big,s,field_147008_s,,,,,field,protected final Set<Slot>
big,t,field_147007_t,,,,,field,protected boolean
big,F,field_146987_F,,,,,field,private int
big,G,field_146988_G,,,,,field,private int
big,H,field_146995_H,,,,,field,private boolean
big,I,field_146996_I,,,,,field,private int
big,J,field_146997_J,,,,,field,private long
big,K,field_146998_K,,,,,field,private Slot
big,L,field_146992_L,,,,,field,private int
big,M,field_146993_M,,,,,field,private boolean
big,N,field_146994_N,,,,,field,private ItemStack
bip$a,a,field_148330_a,,,,,field,public NonNullList<ItemStack>
bin,u,field_147019_u,,,,,field,private static final MinecraftKey
bih,u,field_147093_u,,,,,field,private static final MinecraftKey
bih,v,field_147092_v,,,,,field,private final ContainerAnvil
bih,w,field_147091_w,,,,,field,private GuiTextField
bih,x,field_147094_x,,,,,field,private final PlayerInventory
bim,u,field_147017_u,,,,,field,private static final MinecraftKey
bim,v,field_147016_v,,,,,field,private final IInventory
bim,w,field_147015_w,,,,,field,private final IInventory
bim,x,field_147018_x,,,,,field,private final int
biz,a,field_184088_a,,,,,field,private GuiTextField
biz,f,field_184092_f,,,,,field,private GuiTextField
biz,g,field_184093_g,,,,,field,private final CommandBlockListenerAbstract
biz,h,field_184094_h,,,,,field,private GuiButton
biz,i,field_184095_i,,,,,field,private GuiButton
biz,r,field_184089_r,,,,,field,private GuiButton
biz,s,field_184090_s,,,,,field,private boolean
biz,t,field_184091_t,,,,,field,private TabCompleter
bio,a,field_146109_a,,,,,field,private final Minecraft
bii$c,p,field_184066_p,,,,,field,private final MobEffectList
bii$c,q,field_146148_q,,,,,field,private final int
bip,u,field_147061_u,,,,,field,private static final MinecraftKey
bip,v,field_147060_v,,,,,field,private static final InventorySubcontainer
bip,w,field_147058_w,,,,,field,private static int
bip,x,field_147067_x,,,,,field,private float
bip,y,field_147066_y,,,,,field,private boolean
bip,z,field_147065_z,,,,,field,private boolean
bip,A,field_147062_A,,,,,field,private GuiTextField
bip,B,field_147063_B,,,,,field,private List<Slot>
bip,C,field_147064_C,,,,,field,private Slot
bip,D,field_147057_D,,,,,field,private boolean
bip,E,field_147059_E,,,,,field,private CreativeCrafting
biu,u,field_147087_u,,,,,field,private static final MinecraftKey
biu,v,field_175383_v,,,,,field,private final PlayerInventory
biu,w,field_147086_v,,,,,field,private final IInventory
bit,B,field_147078_C,,,,,field,private static final MinecraftKey
bit,C,field_147070_D,,,,,field,private static final MinecraftKey
bit,D,field_147072_E,,,,,field,private static final ModelBook
bit,E,field_175379_F,,,,,field,private final PlayerInventory
bit,F,field_147074_F,,,,,field,private final Random
bit,G,field_147075_G,,,,,field,private final ContainerEnchantTable
bit,u,field_147073_u,,,,,field,public int
bit,v,field_147071_v,,,,,field,public float
bit,w,field_147069_w,,,,,field,public float
bit,x,field_147082_x,,,,,field,public float
bit,y,field_147081_y,,,,,field,public float
bit,z,field_147080_z,,,,,field,public float
bit,A,field_147076_A,,,,,field,public float
bit,H,field_147077_B,,,,,field,private ItemStack
bit,I,field_175380_I,,,,,field,private final INamableTileEntity
bii$d,o,field_146145_o,,,,,field,private final MinecraftKey
bii$d,p,field_146144_p,,,,,field,private final int
bii$d,q,field_146143_q,,,,,field,private final int
bii$d,r,field_146142_r,,,,,field,private boolean
bir,u,field_147045_u,,,,,field,private boolean
bip$b,b,field_148332_b,,,,,field,private final Slot
bja,u,field_190778_u,,,,,field,private static final MinecraftKey
bja,v,field_190779_v,,,,,field,private final IInventory
bja,w,field_190780_w,,,,,field,private final PlayerInventory
bii,u,field_147026_u,,,,,field,private static final org.apache.logging.log4j.Logger
bii,v,field_147025_v,,,,,field,private static final MinecraftKey
bii,w,field_147024_w,,,,,field,private final IInventory
bii,x,field_147028_x,,,,,field,private GuiBeacon$ConfirmButton
bii,y,field_147027_y,,,,,field,private boolean
bjb,a,field_146848_f,,,,,field,private final TileEntitySign
bjb,f,field_146849_g,,,,,field,private int
bjb,g,field_146851_h,,,,,field,private int
bjb,h,field_146852_i,,,,,field,private GuiButton
bik,u,field_147014_u,,,,,field,private static final MinecraftKey
bik,v,field_184857_v,,,,,field,private static final int[]
bik,w,field_175384_v,,,,,field,private final PlayerInventory
bik,x,field_147013_v,,,,,field,private final IInventory
bij,a,field_146473_a,,,,,field,private static final org.apache.logging.log4j.Logger
bij,f,field_146466_f,,,,,field,private static final MinecraftKey
bij,g,field_146468_g,,,,,field,private final EntityHuman
bij,h,field_146474_h,,,,,field,private final ItemStack
bij,i,field_146475_i,,,,,field,private final boolean
bij,r,field_146481_r,,,,,field,private boolean
bij,s,field_146480_s,,,,,field,private boolean
bij,t,field_146479_t,,,,,field,private int
bij,u,field_146478_u,,,,,field,private final int
bij,v,field_146477_v,,,,,field,private final int
bij,w,field_146476_w,,,,,field,private int
bij,x,field_146484_x,,,,,field,private int
bij,y,field_146483_y,,,,,field,private NBTTagList
bij,z,field_146482_z,,,,,field,private String
bij,A,field_175386_A,,,,,field,private List<IChatBaseComponent>
bij,B,field_175387_B,,,,,field,private int
bij,C,field_146470_A,,,,,field,private GuiScreenBook$NextPageButton
bij,D,field_146471_B,,,,,field,private GuiScreenBook$NextPageButton
bij,E,field_146472_C,,,,,field,private GuiButton
bij,F,field_146465_D,,,,,field,private GuiButton
bij,G,field_146467_E,,,,,field,private GuiButton
bij,H,field_146469_F,,,,,field,private GuiButton
bgr,f,field_146408_f,,,,,field,private static final org.apache.logging.log4j.Logger
bgr,g,field_146410_g,,,,,field,private String
bgr,h,field_146416_h,,,,,field,private int
bgr,i,field_184096_i,,,,,field,private TabCompleter
bgr,a,field_146415_a,,,,,field,protected GuiTextField
bgr,r,field_146409_v,,,,,field,private String
bgs,r,field_146363_r,,,,,field,private final String
bgs,s,field_146362_s,,,,,field,private final String
bgs,t,field_146361_t,,,,,field,private final String
bgs,u,field_146360_u,,,,,field,private boolean
bhb,a,field_146303_a,,,,,field,private final GuiScreen
bhb,f,field_146301_f,,,,,field,private final ServerData
bhb,g,field_146302_g,,,,,field,private GuiTextField
bhi,f,field_146440_f,,,,,field,private static final GameSettings$Options[]
bhi,g,field_146441_g,,,,,field,private final GuiScreen
bhi,h,field_146443_h,,,,,field,private final GameSettings
bhi,i,field_175357_i,,,,,field,private GuiButton
bhi,r,field_175356_r,,,,,field,private GuiLockIconButton
bhi,a,field_146442_a,,,,,field,protected String
bhm,a,field_146591_a,,,,,field,private String
bhm,f,field_146589_f,,,,,field,private String
bhm,g,field_146590_g,,,,,field,private int
bhm,h,field_146592_h,,,,,field,private boolean
bhq,a,field_175361_a,,,,,field,private final GuiScreen
bhq,f,field_175360_f,,,,,field,private String
bha,a,field_146349_a,,,,,field,private static final org.apache.logging.log4j.Logger
bha,f,field_146348_f,,,,,field,private static final MinecraftKey
bhg,a,field_146453_a,,,,,field,protected GuiScreen
bhg,f,field_146450_f,,,,,field,private GuiLanguage$List
bhg,g,field_146451_g,,,,,field,private final GameSettings
bhg,h,field_146454_h,,,,,field,private final LanguageManager
bhg,i,field_146455_i,,,,,field,private GuiOptionButton
bhg,r,field_146452_r,,,,,field,private GuiOptionButton
bgq,a,field_146399_a,,,,,field,private static final GameSettings$Options[]
bgq,f,field_146396_g,,,,,field,private final GuiScreen
bgq,g,field_146400_h,,,,,field,private final GameSettings
bgq,h,field_146401_i,,,,,field,private String
bhl,a,field_146431_f,,,,,field,private static final List<GuiFlatPresets$LayerItem>
bhl,f,field_146432_g,,,,,field,private final GuiCreateFlatWorld
bhl,g,field_146438_h,,,,,field,private String
bhl,h,field_146439_i,,,,,field,private String
bhl,i,field_146436_r,,,,,field,private String
bhl,r,field_146435_s,,,,,field,private GuiFlatPresets$ListSlot
bhl,s,field_146434_t,,,,,field,private GuiButton
bhl,t,field_146433_u,,,,,field,private GuiTextField
bhx,a,field_146580_a,,,,,field,private static final org.apache.logging.log4j.Logger
bhx,f,field_146576_f,,,,,field,private static final MinecraftKey
bhx,g,field_146577_g,,,,,field,private static final MinecraftKey
bhx,h,field_146581_h,,,,,field,private int
bhx,i,field_146582_i,,,,,field,private List<String>
bhx,r,field_146579_r,,,,,field,private int
bhx,s,field_146578_s,,,,,field,private final float
bhw,f,field_146498_f,,,,,field,private final GuiScreen
bhw,a,field_146500_a,,,,,field,protected String
bhw,g,field_146499_g,,,,,field,private final GameSettings
bhw,h,field_146501_h,,,,,field,private GuiListExtended
bhw,i,field_146502_i,,,,,field,private static final GameSettings$Options[]
bhv,f,field_146974_g,,,,,field,private static final org.apache.logging.log4j.Logger
bhv,g,field_175374_h,,,,,field,private static final Random
bhv,h,field_73974_b,,,,,field,private final float
bhv,i,field_73975_c,,,,,field,private String
bhv,r,field_73973_d,,,,,field,private GuiButton
bhv,s,field_73979_m,,,,,field,private int
bhv,t,field_73977_n,,,,,field,private DynamicTexture
bhv,u,field_104025_t,,,,,field,private final Object
bhv,a,field_96138_a,,,,,field,public static final String
bhv,v,field_92024_r,,,,,field,private int
bhv,w,field_92023_s,,,,,field,private int
bhv,x,field_92022_t,,,,,field,private int
bhv,y,field_92021_u,,,,,field,private int
bhv,z,field_92020_v,,,,,field,private int
bhv,A,field_92019_w,,,,,field,private int
bhv,B,field_92025_p,,,,,field,private String
bhv,C,field_146972_A,,,,,field,private String
bhv,D,field_104024_v,,,,,field,private String
bhv,E,field_110353_x,,,,,field,private static final MinecraftKey
bhv,F,field_110352_y,,,,,field,private static final MinecraftKey
bhv,G,field_73978_o,,,,,field,private static final MinecraftKey[]
bhv,H,field_110351_G,,,,,field,private MinecraftKey
bhv,I,field_175372_K,,,,,field,private GuiButton
bhv,J,field_183502_L,,,,,field,private boolean
bhv,K,field_183503_M,,,,,field,private GuiScreen
bgx,f,field_175310_f,,,,,field,private static final List<GuiScreenCustomizePresets$Info>
bgx,g,field_175311_g,,,,,field,private GuiScreenCustomizePresets$ListPreset
bgx,h,field_175316_h,,,,,field,private GuiButton
bgx,i,field_175317_i,,,,,field,private GuiTextField
bgx,r,field_175314_r,,,,,field,private final GuiCustomizeWorldScreen
bgx,a,field_175315_a,,,,,field,protected String
bgx,s,field_175313_s,,,,,field,private String
bgx,t,field_175312_t,,,,,field,private String
bjf,a,field_146802_a,,,,,field,private static final org.apache.logging.log4j.Logger
bjf,f,field_146797_f,,,,,field,private final ServerPinger
bjf,g,field_146798_g,,,,,field,private final GuiScreen
bjf,h,field_146803_h,,,,,field,private ServerSelectionList
bjf,i,field_146804_i,,,,,field,private ServerList
bjf,r,field_146810_r,,,,,field,private GuiButton
bjf,s,field_146809_s,,,,,field,private GuiButton
bjf,t,field_146808_t,,,,,field,private GuiButton
bjf,u,field_146807_u,,,,,field,private boolean
bjf,v,field_146806_v,,,,,field,private boolean
bjf,w,field_146805_w,,,,,field,private boolean
bjf,x,field_146813_x,,,,,field,private boolean
bjf,y,field_146812_y,,,,,field,private String
bjf,z,field_146811_z,,,,,field,private ServerData
bjf,A,field_146799_A,,,,,field,private LanServerDetector$LanServerList
bjf,B,field_146800_B,,,,,field,private LanServerDetector$ThreadLanServerFind
bjf,C,field_146801_C,,,,,field,private boolean
bjg,a,field_148288_a,,,,,field,private final Minecraft
bjj,u,field_148200_k,,,,,field,private final GuiMultiplayer
bjj,v,field_148198_l,,,,,field,private final List<ServerListEntryNormal>
bjj,w,field_148199_m,,,,,field,private final List<ServerListEntryLanDetected>
bjj,x,field_148196_n,,,,,field,private final GuiListExtended$IGuiListEntry
bjj,y,field_148197_o,,,,,field,private int
bjh,c,field_148292_c,,,,,field,private final GuiMultiplayer
bjh,a,field_148293_a,,,,,field,protected final Minecraft
bjh,b,field_148291_b,,,,,field,protected final LanServerInfo
bjh,d,field_148290_d,,,,,field,private long
bji,a,field_148304_a,,,,,field,private static final org.apache.logging.log4j.Logger
bji,b,field_148302_b,,,,,field,private static final ThreadPoolExecutor
bji,c,field_178015_c,,,,,field,private static final MinecraftKey
bji,d,field_178014_d,,,,,field,private static final MinecraftKey
bji,e,field_148303_c,,,,,field,private final GuiMultiplayer
bji,f,field_148300_d,,,,,field,private final Minecraft
bji,g,field_148301_e,,,,,field,private final ServerData
bji,h,field_148306_i,,,,,field,private final MinecraftKey
bji,i,field_148299_g,,,,,field,private String
bji,j,field_148305_h,,,,,field,private DynamicTexture
bji,k,field_148298_f,,,,,field,private long
bhs,f,field_146505_f,,,,,field,private final GuiScreen
bhs,g,field_146506_g,,,,,field,private final GameSettings
bhs,a,field_146507_a,,,,,field,protected String
bhs,h,field_146508_h,,,,,field,private String
bgz,a,field_146347_a,,,,,field,private int
bgz,f,field_184871_f,,,,,field,private final IChatBaseComponent
bgr$a,g,field_186853_g,,,,,field,private final Minecraft
bhd,a,field_146310_a,,,,,field,private final GuiScreen
bhd,f,field_146311_h,,,,,field,private final ServerData
bhd,g,field_146308_f,,,,,field,private GuiTextField
bhd,h,field_146309_g,,,,,field,private GuiTextField
bhd,i,field_152176_i,,,,,field,private GuiButton
bhd,r,field_181032_r,,,,,field,private final com.google.common.base.Predicate<String>
bhc,a,field_146306_a,,,,,field,private final String
bhc,f,field_146304_f,,,,,field,private final IChatBaseComponent
bhc,g,field_146305_g,,,,,field,private List<String>
bhc,h,field_146307_h,,,,,field,private final GuiScreen
bhc,i,field_175353_i,,,,,field,private int
bid,u,field_148191_k,,,,,field,private final GuiControls
bid,v,field_148189_l,,,,,field,private final Minecraft
bid,w,field_148190_m,,,,,field,private final GuiListExtended$IGuiListEntry[]
bid,x,field_148188_n,,,,,field,private int
bid$a,b,field_148285_b,,,,,field,private final String
bid$a,c,field_148286_c,,,,,field,private final int
bid$b,b,field_148282_b,,,,,field,private final KeyBinding
bid$b,c,field_148283_c,,,,,field,private final String
bid$b,d,field_148280_d,,,,,field,private final GuiButton
bid$b,e,field_148281_e,,,,,field,private final GuiButton
bie,h,field_146492_g,,,,,field,private static final GameSettings$Options[]
bie,i,field_146496_h,,,,,field,private final GuiScreen
bie,a,field_146495_a,,,,,field,protected String
bie,r,field_146497_i,,,,,field,private final GameSettings
bie,f,field_146491_f,,,,,field,public KeyBinding
bie,g,field_152177_g,,,,,field,public long
bie,s,field_146494_r,,,,,field,private GuiKeyBindingList
bie,t,field_146493_s,,,,,field,private GuiButton
bgy,i,field_175343_i,,,,,field,private final GuiCreateWorld
bgy,a,field_175341_a,,,,,field,protected String
bgy,f,field_175333_f,,,,,field,protected String
bgy,g,field_175335_g,,,,,field,protected String
bgy,h,field_175342_h,,,,,field,protected String[]
bgy,r,field_175349_r,,,,,field,private GuiPageButtonList
bgy,s,field_175348_s,,,,,field,private GuiButton
bgy,t,field_175347_t,,,,,field,private GuiButton
bgy,u,field_175346_u,,,,,field,private GuiButton
bgy,v,field_175345_v,,,,,field,private GuiButton
bgy,w,field_175344_w,,,,,field,private GuiButton
bgy,x,field_175352_x,,,,,field,private GuiButton
bgy,y,field_175351_y,,,,,field,private GuiButton
bgy,z,field_175350_z,,,,,field,private GuiButton
bgy,A,field_175338_A,,,,,field,private boolean
bgy,B,field_175339_B,,,,,field,private int
bgy,C,field_175340_C,,,,,field,private boolean
bgy,D,field_175332_D,,,,,field,private final com.google.common.base.Predicate<String>
bgy,E,field_175334_E,,,,,field,private final CustomWorldSettingsFinal$CustomWorldSettings
bgy,F,field_175336_F,,,,,field,private CustomWorldSettingsFinal$CustomWorldSettings
bgy,G,field_175337_G,,,,,field,private final Random
bgx$b,u,field_178053_u,,,,,field,public int
bhp,a,field_146598_a,,,,,field,private final GuiScreen
bhp,f,field_146596_f,,,,,field,private GuiButton
bhp,g,field_146597_g,,,,,field,private GuiButton
bhp,h,field_146599_h,,,,,field,private String
bhp,i,field_146600_i,,,,,field,private boolean
bkc,u,field_186797_u,,,,,field,private static final org.apache.logging.log4j.Logger
bkc,v,field_186798_v,,,,,field,private final GuiWorldSelection
bkc,w,field_186799_w,,,,,field,private final List<GuiListWorldSelectionEntry>
bkc,x,field_186800_x,,,,,field,private int
bjz,a,field_184858_a,,,,,field,private final GuiScreen
bjz,f,field_184859_f,,,,,field,private GuiTextField
bjz,g,field_184860_g,,,,,field,private final String
bkb,a,field_186780_a,,,,,field,private static final org.apache.logging.log4j.Logger
bkb,b,field_186781_b,,,,,field,private static final DateFormat
bkb,c,field_186782_c,,,,,field,private static final MinecraftKey
bkb,d,field_186783_d,,,,,field,private static final MinecraftKey
bkb,e,field_186784_e,,,,,field,private final Minecraft
bkb,f,field_186785_f,,,,,field,private final GuiWorldSelection
bkb,g,field_186786_g,,,,,field,private final WorldSummary
bkb,h,field_186787_h,,,,,field,private final MinecraftKey
bkb,i,field_186788_i,,,,,field,private final GuiListWorldSelection
bkb,j,field_186789_j,,,,,field,private File
bkb,k,field_186790_k,,,,,field,private DynamicTexture
bkb,l,field_186791_l,,,,,field,private long
bjy,f,field_146332_f,,,,,field,private final GuiScreen
bjy,g,field_146333_g,,,,,field,private GuiTextField
bjy,h,field_146335_h,,,,,field,private GuiTextField
bjy,i,field_146336_i,,,,,field,private String
bjy,r,field_146342_r,,,,,field,private String
bjy,s,field_175300_s,,,,,field,private String
bjy,t,field_146341_s,,,,,field,private boolean
bjy,u,field_146340_t,,,,,field,private boolean
bjy,v,field_146339_u,,,,,field,private boolean
bjy,w,field_146338_v,,,,,field,private boolean
bjy,x,field_146337_w,,,,,field,private boolean
bjy,y,field_146345_x,,,,,field,private boolean
bjy,z,field_146344_y,,,,,field,private boolean
bjy,A,field_146343_z,,,,,field,private GuiButton
bjy,B,field_146324_A,,,,,field,private GuiButton
bjy,C,field_146325_B,,,,,field,private GuiButton
bjy,D,field_146326_C,,,,,field,private GuiButton
bjy,E,field_146320_D,,,,,field,private GuiButton
bjy,F,field_146321_E,,,,,field,private GuiButton
bjy,G,field_146322_F,,,,,field,private GuiButton
bjy,H,field_146323_G,,,,,field,private String
bjy,I,field_146328_H,,,,,field,private String
bjy,J,field_146329_I,,,,,field,private String
bjy,K,field_146330_J,,,,,field,private String
bjy,L,field_146331_K,,,,,field,private int
bjy,a,field_146334_a,,,,,field,public String
bjy,M,field_146327_L,,,,,field,private static final String[]
bka,g,field_184868_g,,,,,field,private static final org.apache.logging.log4j.Logger
bka,a,field_184864_a,,,,,field,protected GuiScreen
bka,f,field_184867_f,,,,,field,protected String
bka,h,field_184869_h,,,,,field,private String
bka,i,field_146642_y,,,,,field,private GuiButton
bka,r,field_146641_z,,,,,field,private GuiButton
bka,s,field_146630_A,,,,,field,private GuiButton
bka,t,field_184865_t,,,,,field,private GuiButton
bka,u,field_184866_u,,,,,field,private GuiListWorldSelection
bgw,a,field_146385_f,,,,,field,private final GuiCreateWorld
bgw,f,field_146387_g,,,,,field,private WorldGenFlatInfo
bgw,g,field_146393_h,,,,,field,private String
bgw,h,field_146394_i,,,,,field,private String
bgw,i,field_146391_r,,,,,field,private String
bgw,r,field_146390_s,,,,,field,private GuiCreateFlatWorld$Details
bgw,s,field_146389_t,,,,,field,private GuiButton
bgw,t,field_146388_u,,,,,field,private GuiButton
bgw,u,field_146386_v,,,,,field,private GuiButton
bgx$a,a,field_178955_a,,,,,field,public String
bgx$a,b,field_178953_b,,,,,field,public MinecraftKey
bgx$a,c,field_178954_c,,,,,field,public CustomWorldSettingsFinal$CustomWorldSettings
bhe,a,field_146313_a,,,,,field,private final String
bhe,f,field_146312_f,,,,,field,private final String
bhk,a,field_146445_a,,,,,field,private int
bhk,f,field_146444_f,,,,,field,private int
bhz,y,field_146572_y,,,,,field,private static final int
bhz,z,field_146571_z,,,,,field,private static final int
bhz,A,field_146559_A,,,,,field,private static final int
bhz,B,field_146560_B,,,,,field,private static final int
bhz,C,field_146561_C,,,,,field,private static final MinecraftKey
bhz,a,field_146562_a,,,,,field,protected GuiScreen
bhz,f,field_146555_f,,,,,field,protected int
bhz,g,field_146557_g,,,,,field,protected int
bhz,h,field_146563_h,,,,,field,protected int
bhz,i,field_146564_i,,,,,field,protected int
bhz,r,field_146570_r,,,,,field,protected float
bhz,s,field_146569_s,,,,,field,protected double
bhz,t,field_146568_t,,,,,field,protected double
bhz,u,field_146567_u,,,,,field,protected double
bhz,v,field_146566_v,,,,,field,protected double
bhz,w,field_146565_w,,,,,field,protected double
bhz,x,field_146573_x,,,,,field,protected double
bhz,D,field_146554_D,,,,,field,private int
bhz,E,field_146556_E,,,,,field,private final StatisticManager
bhz,F,field_146558_F,,,,,field,private boolean
bia,a,field_146549_a,,,,,field,protected GuiScreen
bia,f,field_146542_f,,,,,field,protected String
bia,g,field_146550_h,,,,,field,private GuiStats$StatsGeneral
bia,h,field_146551_i,,,,,field,private GuiStats$StatsItem
bia,i,field_146548_r,,,,,field,private GuiStats$StatsBlock
bia,r,field_146547_s,,,,,field,private GuiStats$StatsMobsList
bia,s,field_146546_t,,,,,field,private final StatisticManager
bia,t,field_146545_u,,,,,field,private GuiSlot
bia,u,field_146543_v,,,,,field,private boolean
bia$d,v,field_148222_l,,,,,field,private final List<EntityTypes$MonsterEggInfo>
bia$e,v,field_148218_l,,,,,field,protected int
bia$e,w,field_148219_m,,,,,field,protected List<CraftingStatistic>
bia$e,x,field_148216_n,,,,,field,protected Comparator<CraftingStatistic>
bia$e,y,field_148217_o,,,,,field,protected int
bia$e,z,field_148215_p,,,,,field,protected int
bib,c_,field_146510_b_,,,,,field,String[]
bhy,a,field_146261_a,,,,,field,private static final MinecraftKey
bhy,f,field_146259_f,,,,,field,private final Minecraft
bhy,g,field_146260_g,,,,,field,private int
bhy,h,field_146267_h,,,,,field,private int
bhy,i,field_146268_i,,,,,field,private String
bhy,j,field_146265_j,,,,,field,private String
bhy,k,field_146266_k,,,,,field,private Achievement
bhy,l,field_146263_l,,,,,field,private long
bhy,m,field_146264_m,,,,,field,private final RenderItem
bhy,n,field_146262_n,,,,,field,private boolean
bgw$a,u,field_148228_k,,,,,field,public int
bhl$a,a,field_148234_a,,,,,field,public Item
bhl$a,b,field_179037_b,,,,,field,public int
bhl$a,c,field_148232_b,,,,,field,public String
bhl$a,d,field_148233_c,,,,,field,public String
bgb,u,field_178074_u,,,,,field,private final List<GuiPageButtonList$GuiEntry>
bgb,v,field_178073_v,,,,,field,private final IntHashMap<Gui>
bgb,w,field_178072_w,,,,,field,private final List<GuiTextField>
bgb,x,field_178078_x,,,,,field,private final GuiPageButtonList$GuiListEntry[][]
bgb,y,field_178077_y,,,,,field,private int
bgb,z,field_178076_z,,,,,field,private final GuiPageButtonList$GuiResponder
bgb,A,field_178075_A,,,,,field,private Gui
bfn,a,field_146249_a,,,,,field,private static final org.apache.logging.log4j.Logger
bfn,f,field_146247_f,,,,,field,private final Minecraft
bfn,g,field_146248_g,,,,,field,private final List<String>
bfn,h,field_146252_h,,,,,field,private final List<ChatLine>
bfn,i,field_146253_i,,,,,field,private final List<ChatLine>
bfn,j,field_146250_j,,,,,field,private int
bfn,k,field_146251_k,,,,,field,private boolean
bfr,p,field_175227_p,,,,,field,private float
bfr,o,field_175228_o,,,,,field,public boolean
bfr,q,field_175226_q,,,,,field,private final String
bfr,r,field_175225_r,,,,,field,private final float
bfr,s,field_175224_s,,,,,field,private final float
bfr,t,field_175223_t,,,,,field,private final GuiPageButtonList$GuiResponder
bfr,u,field_175222_u,,,,,field,private GuiSlider$FormatHelper
bfp,a,field_175242_a,,,,,field,private final Minecraft
bfp,f,field_175241_f,,,,,field,private final FontRenderer
bfu,h,field_186766_h,,,,,field,protected float
bfu,i,field_186767_i,,,,,field,protected long
bgb$d,a,field_178031_a,,,,,field,private final Minecraft
bgb$d,b,field_178029_b,,,,,field,private final Gui
bgb$d,c,field_178030_c,,,,,field,private final Gui
bgb$d,d,field_178028_d,,,,,field,private Gui
bgf,a,field_184069_a,,,,,field,private final Minecraft
bgf,f,field_184070_f,,,,,field,private final List<GuiSubtitleOverlay$Subtitle>
bgf,g,field_184071_g,,,,,field,private boolean
bfs,a,field_146167_a,,,,,field,protected int
bfs,f,field_146161_f,,,,,field,protected int
bfs,g,field_146162_g,,,,,field,public int
bfs,h,field_146174_h,,,,,field,public int
bfs,k,field_146173_k,,,,,field,private final List<String>
bfs,i,field_175204_i,,,,,field,public int
bfs,l,field_146170_l,,,,,field,private boolean
bfs,j,field_146172_j,,,,,field,public boolean
bfs,m,field_146171_m,,,,,field,private boolean
bfs,n,field_146168_n,,,,,field,private final int
bfs,o,field_146169_o,,,,,field,private int
bfs,p,field_146166_p,,,,,field,private int
bfs,q,field_146165_q,,,,,field,private int
bfs,r,field_146164_r,,,,,field,private final FontRenderer
bfs,s,field_146163_s,,,,,field,private int
bgb$f,a,field_178939_a,,,,,field,private final int
bgb$f,b,field_178937_b,,,,,field,private final String
bgb$f,c,field_178938_c,,,,,field,private final boolean
bgb$a,a,field_178941_a,,,,,field,private final boolean
bgd,a,field_148161_k,,,,,field,protected final Minecraft
bgd,b,field_148155_a,,,,,field,protected int
bgd,c,field_148158_l,,,,,field,protected int
bgd,d,field_148153_b,,,,,field,protected int
bgd,e,field_148154_c,,,,,field,protected int
bgd,f,field_148151_d,,,,,field,protected int
bgd,g,field_148152_e,,,,,field,protected int
bgd,h,field_148149_f,,,,,field,protected final int
bgd,u,field_148159_m,,,,,field,private int
bgd,v,field_148156_n,,,,,field,private int
bgd,i,field_148150_g,,,,,field,protected int
bgd,j,field_148162_h,,,,,field,protected int
bgd,k,field_148163_i,,,,,field,protected boolean
bgd,l,field_148157_o,,,,,field,protected int
bgd,m,field_148170_p,,,,,field,protected float
bgd,n,field_148169_q,,,,,field,protected float
bgd,o,field_148168_r,,,,,field,protected int
bgd,p,field_148167_s,,,,,field,protected long
bgd,q,field_178041_q,,,,,field,protected boolean
bgd,r,field_148166_t,,,,,field,protected boolean
bgd,s,field_148165_u,,,,,field,protected boolean
bgd,t,field_148160_j,,,,,field,protected int
bgd,w,field_148164_v,,,,,field,private boolean
bfw,o,field_175216_o,,,,,field,private boolean
bfw,p,field_175215_p,,,,,field,private final String
bfw,q,field_175214_q,,,,,field,private final GuiPageButtonList$GuiResponder
bgf$a,b,field_186828_b,,,,,field,private final String
bgf$a,c,field_186829_c,,,,,field,private long
bgf$a,d,field_186830_d,,,,,field,private Vec3D
bga$a,a,field_148325_a,,,,,field,private final Minecraft
bga$a,b,field_148323_b,,,,,field,private final GuiButton
bga$a,c,field_148324_c,,,,,field,private final GuiButton
bfx$a,a,LOCKED,,,,,enum,
bfx$a,b,LOCKED_HOVER,,,,,enum,
bfx$a,c,LOCKED_DISABLED,,,,,enum,
bfx$a,d,UNLOCKED,,,,,enum,
bfx$a,e,UNLOCKED_HOVER,,,,,enum,
bfx$a,f,UNLOCKED_DISABLED,,,,,enum,
bfx$a,g,field_178914_g,,,,,field,private final int
bfx$a,h,field_178920_h,,,,,field,private final int
bgb$g,a,field_178949_a,,,,,field,private final GuiSlider$FormatHelper
bgb$g,b,field_178947_b,,,,,field,private final float
bgb$g,c,field_178948_c,,,,,field,private final float
bgb$g,d,field_178946_d,,,,,field,private final float
bfx,o,field_175231_o,,,,,field,private boolean
bfm,a,field_146122_a,,,,,field,protected static final MinecraftKey
bfm,f,field_146120_f,,,,,field,protected int
bfm,g,field_146121_g,,,,,field,protected int
bfm,h,field_146128_h,,,,,field,public int
bfm,i,field_146129_i,,,,,field,public int
bfm,j,field_146126_j,,,,,field,public String
bfm,k,field_146127_k,,,,,field,public int
bfm,l,field_146124_l,,,,,field,public boolean
bfm,m,field_146125_m,,,,,field,public boolean
bfm,n,field_146123_n,,,,,field,protected boolean
bga,u,field_148184_k,,,,,field,private final List<GuiOptionsRowList$Row>
bfq,g,field_175208_g,,,,,field,private final int
bfq,h,field_146211_a,,,,,field,private final FontRenderer
bfq,a,field_146209_f,,,,,field,public int
bfq,f,field_146210_g,,,,,field,public int
bfq,i,field_146218_h,,,,,field,private final int
bfq,j,field_146219_i,,,,,field,private final int
bfq,k,field_146216_j,,,,,field,private String
bfq,l,field_146217_k,,,,,field,private int
bfq,m,field_146214_l,,,,,field,private int
bfq,n,field_146215_m,,,,,field,private boolean
bfq,o,field_146212_n,,,,,field,private boolean
bfq,p,field_146213_o,,,,,field,private boolean
bfq,q,field_146226_p,,,,,field,private boolean
bfq,r,field_146225_q,,,,,field,private int
bfq,s,field_146224_r,,,,,field,private int
bfq,t,field_146223_s,,,,,field,private int
bfq,u,field_146222_t,,,,,field,private int
bfq,v,field_146221_u,,,,,field,private int
bfq,w,field_146220_v,,,,,field,private boolean
bfq,x,field_175210_x,,,,,field,private GuiPageButtonList$GuiResponder
bfq,y,field_175209_y,,,,,field,private com.google.common.base.Predicate<String>
bgh,f,field_175267_f,,,,,field,private static final MinecraftKey
bgh,a,field_175269_a,,,,,field,public static final MinecraftKey
bgh,g,field_175268_g,,,,,field,private final Minecraft
bgh,h,field_175270_h,,,,,field,private long
bgh,i,field_175271_i,,,,,field,private SpectatorMenu
bgb$c,a,field_178951_a,,,,,field,private final com.google.common.base.Predicate<String>
bge,p,field_146134_p,,,,,field,private float
bge,o,field_146135_o,,,,,field,public boolean
bge,q,field_146133_q,,,,,field,private final GameSettings$Options
bge,r,field_146132_r,,,,,field,private final float
bge,s,field_146131_s,,,,,field,private final float
bfl,a,field_184058_a,,,,,field,private static final MinecraftKey
bfl,f,field_184059_f,,,,,field,private final Minecraft
bfl,g,field_184060_g,,,,,field,"private final Map<UUID, BossInfoLerping>"
bfz,o,field_146137_o,,,,,field,private final GameSettings$Options
bgc,a,field_175252_a,,,,,field,private static final com.google.common.collect.Ordering<NetworkPlayerInfo>
bgc,f,field_175250_f,,,,,field,private final Minecraft
bgc,g,field_175251_g,,,,,field,private final GuiIngame
bgc,h,field_175255_h,,,,,field,private IChatBaseComponent
bgc,i,field_175256_i,,,,,field,private IChatBaseComponent
bgc,j,field_175253_j,,,,,field,private long
bgc,k,field_175254_k,,,,,field,private boolean
bfg,c,field_111274_c,,,,,field,private static final MinecraftKey[]
bfg,d,field_78286_d,,,,,field,private final int[]
bfg,a,field_78288_b,,,,,field,public int
bfg,b,field_78289_c,,,,,field,public Random
bfg,e,field_78287_e,,,,,field,private final byte[]
bfg,f,field_78285_g,,,,,field,private final int[]
bfg,g,field_111273_g,,,,,field,private final MinecraftKey
bfg,h,field_78298_i,,,,,field,private final TextureManager
bfg,i,field_78295_j,,,,,field,private float
bfg,j,field_78296_k,,,,,field,private float
bfg,k,field_78293_l,,,,,field,private boolean
bfg,l,field_78294_m,,,,,field,private boolean
bfg,m,field_78291_n,,,,,field,private float
bfg,n,field_78292_o,,,,,field,private float
bfg,o,field_78306_p,,,,,field,private float
bfg,p,field_78305_q,,,,,field,private float
bfg,q,field_78304_r,,,,,field,private int
bfg,r,field_78303_s,,,,,field,private boolean
bfg,s,field_78302_t,,,,,field,private boolean
bfg,t,field_78301_u,,,,,field,private boolean
bfg,u,field_78300_v,,,,,field,private boolean
bfg,v,field_78299_w,,,,,field,private boolean
bfk,a,field_78332_c,,,,,field,private final double
bfk,b,field_78329_d,,,,,field,private final double
bfk,c,field_78333_a,,,,,field,private int
bfk,d,field_78331_b,,,,,field,private int
bfk,e,field_78330_e,,,,,field,private int
bgk,o,field_154318_o,,,,,field,private final RealmsButton
bgm,a,field_154330_a,,,,,field,private final RealmsScreen
bgo,u,field_178050_u,,,,,field,private final RealmsSimpleScrolledSelectionList
bgl,u,field_178046_u,,,,,field,private final RealmsClickableScrolledSelectionList
bgn,u,field_154340_k,,,,,field,private final RealmsScrolledSelectionList
bfh,f,field_110329_b,,,,,field,private static final MinecraftKey
bfh,g,field_110330_c,,,,,field,private static final MinecraftKey
bfh,h,field_110328_d,,,,,field,private static final MinecraftKey
bfh,i,field_73842_c,,,,,field,private final Random
bfh,j,field_73839_d,,,,,field,private final Minecraft
bfh,k,field_73841_b,,,,,field,private final RenderItem
bfh,l,field_73840_e,,,,,field,private final GuiNewChat
bfh,m,field_73837_f,,,,,field,private int
bfh,n,field_73838_g,,,,,field,private String
bfh,o,field_73845_h,,,,,field,private int
bfh,p,field_73844_j,,,,,field,private boolean
bfh,a,field_73843_a,,,,,field,public float
bfh,q,field_92017_k,,,,,field,private int
bfh,r,field_92016_l,,,,,field,private ItemStack
bfh,s,field_175198_t,,,,,field,private final GuiOverlayDebug
bfh,t,field_184049_t,,,,,field,private final GuiSubtitleOverlay
bfh,u,field_175197_u,,,,,field,private final GuiSpectator
bfh,v,field_175196_v,,,,,field,private final GuiPlayerTabOverlay
bfh,w,field_184050_w,,,,,field,private final GuiBossOverlay
bfh,x,field_175195_w,,,,,field,private int
bfh,y,field_175201_x,,,,,field,private String
bfh,z,field_175200_y,,,,,field,private String
bfh,A,field_175199_z,,,,,field,private int
bfh,B,field_175192_A,,,,,field,private int
bfh,C,field_175193_B,,,,,field,private int
bfh,D,field_175194_C,,,,,field,private int
bfh,E,field_175189_D,,,,,field,private int
bfh,F,field_175190_E,,,,,field,private long
bfh,G,field_175191_F,,,,,field,private long
bfi,b,field_110325_k,,,,,field,public static final MinecraftKey
bfi,c,field_110323_l,,,,,field,public static final MinecraftKey
bfi,d,field_110324_m,,,,,field,public static final MinecraftKey
bfi,e,field_73735_i,,,,,field,protected float
bfj,a,field_148253_a,,,,,field,private static final MinecraftKey
bfj,b,field_148251_b,,,,,field,private final TextureManager
bfj,c,field_148252_c,,,,,field,"private final Map<String, MapItemRenderer$Instance>"
bfj$a,b,field_148242_b,,,,,field,private final WorldMap
bfj$a,c,field_148243_c,,,,,field,private final DynamicTexture
bfj$a,d,field_148240_d,,,,,field,private final MinecraftKey
bfj$a,e,field_148241_e,,,,,field,private final int[]
bkg$b,a,field_178666_a,,,,,field,private final int
bkg$b,b,field_178665_b,,,,,field,private final boolean
bkl,a,field_178674_a,,,,,field,private static final com.google.common.collect.Ordering<NetworkPlayerInfo>
bkl,b,field_178673_b,,,,,field,private final List<ISpectatorMenuObject>
bkk,a,field_178684_a,,,,,field,private final ISpectatorMenuView
bkk,b,field_178682_b,,,,,field,private final List<ISpectatorMenuObject>
bkk,c,field_178683_c,,,,,field,private final int
bkm$a,b,field_178676_b,,,,,field,private final ScoreboardTeam
bkm$a,c,field_178677_c,,,,,field,private final MinecraftKey
bkm$a,d,field_178675_d,,,,,field,private final List<NetworkPlayerInfo>
bkm,a,field_178672_a,,,,,field,private final List<ISpectatorMenuObject>
bke,a,field_178668_a,,,,,field,private final com.mojang.authlib.GameProfile
bke,b,field_178667_b,,,,,field,private final MinecraftKey
bkf,a,field_178671_a,,,,,field,private final List<ISpectatorMenuObject>
bkg,b,field_178655_b,,,,,field,private static final ISpectatorMenuObject
bkg,c,field_178656_c,,,,,field,private static final ISpectatorMenuObject
bkg,d,field_178653_d,,,,,field,private static final ISpectatorMenuObject
bkg,e,field_178654_e,,,,,field,private static final ISpectatorMenuObject
bkg,a,field_178657_a,,,,,field,public static final ISpectatorMenuObject
bkg,f,field_178651_f,,,,,field,private final ISpectatorMenuRecipient
bkg,g,field_178652_g,,,,,field,private final List<SpectatorDetails>
bkg,h,field_178659_h,,,,,field,private ISpectatorMenuView
bkg,i,field_178660_i,,,,,field,private int
bkg,j,field_178658_j,,,,,field,private int
bst,d,field_147537_c,,,,,field,private static final MinecraftKey
bst,e,field_147534_d,,,,,field,private static final MinecraftKey
bst,f,field_147535_e,,,,,field,private static final MinecraftKey
bst,g,field_147532_f,,,,,field,private static final MinecraftKey
bst,h,field_188191_h,,,,,field,private static final MinecraftKey
bst,i,field_188192_i,,,,,field,private final ModelDragonHead
bst,a,field_147536_b,,,,,field,public static TileEntitySkullRenderer
bst,j,field_178467_h,,,,,field,private final ModelSkeletonHead
bst,k,field_178468_i,,,,,field,private final ModelSkeletonHead
bsl,b,field_178460_a,,,,,field,protected static final MinecraftKey[]
bsl,c,field_147501_a,,,,,field,protected TileEntityRendererDispatcher
bsi,a,field_178465_e,,,,,field,private final ModelBanner
bsm,a,field_147507_b,,,,,field,private static final MinecraftKey
bsm,d,field_147508_c,,,,,field,private static final MinecraftKey
bsm,e,field_147505_d,,,,,field,private static final MinecraftKey
bsm,f,field_147506_e,,,,,field,private static final MinecraftKey
bsm,g,field_147503_f,,,,,field,private static final MinecraftKey
bsm,h,field_147504_g,,,,,field,private static final MinecraftKey
bsm,i,field_147510_h,,,,,field,private final ModelChest
bsm,j,field_147511_i,,,,,field,private final ModelChest
bsm,k,field_147509_j,,,,,field,private boolean
bsw,a,field_147529_c,,,,,field,private static final MinecraftKey
bsw,d,field_147526_d,,,,,field,private static final MinecraftKey
bsw,e,field_147527_e,,,,,field,private static final Random
bsw,f,field_188201_h,,,,,field,private static final FloatBuffer
bsw,g,field_188202_i,,,,,field,private static final FloatBuffer
bsw,h,field_147528_b,,,,,field,private FloatBuffer
bsv,a,field_188199_f,,,,,field,private static final MinecraftKey
bss,a,field_147513_b,,,,,field,private static final MinecraftKey
bss,d,field_147514_c,,,,,field,private final ModelSign
bsj,a,field_147523_b,,,,,field,public static final MinecraftKey
bso,a,field_147520_b,,,,,field,private static final MinecraftKey
bso,d,field_147521_c,,,,,field,private final ModelChest
bsk,n,field_147559_m,,,,,field,"private final Map<Class<? extends TileEntity>, TileEntitySpecialRenderer<? extends TileEntity>>"
bsk,a,field_147556_a,,,,,field,public static TileEntityRendererDispatcher
bsk,o,field_147557_n,,,,,field,private FontRenderer
bsk,b,field_147554_b,,,,,field,public static double
bsk,c,field_147555_c,,,,,field,public static double
bsk,d,field_147552_d,,,,,field,public static double
bsk,e,field_147553_e,,,,,field,public TextureManager
bsk,f,field_147550_f,,,,,field,public World
bsk,g,field_147551_g,,,,,field,public Entity
bsk,h,field_147562_h,,,,,field,public float
bsk,i,field_147563_i,,,,,field,public float
bsk,j,field_190057_j,,,,,field,public MovingObjectPosition
bsk,k,field_147560_j,,,,,field,public double
bsk,l,field_147561_k,,,,,field,public double
bsk,m,field_147558_l,,,,,field,public double
bsn,a,field_147540_b,,,,,field,private static final MinecraftKey
bsn,d,field_147541_c,,,,,field,private final ModelBook
bsr,a,field_191285_a,,,,,field,private final ModelShulker
bsq,a,field_178462_c,,,,,field,private final BlockRendererDispatcher
bqr,a,field_147622_a,,,,,field,public int
bqr,b,field_147620_b,,,,,field,public int
bqr,c,field_147621_c,,,,,field,public int
bqr,d,field_147618_d,,,,,field,public int
bqr,e,field_147619_e,,,,,field,public boolean
bqr,f,field_147616_f,,,,,field,public int
bqr,g,field_147617_g,,,,,field,public int
bqr,h,field_147624_h,,,,,field,public int
bqr,i,field_147625_i,,,,,field,public float[]
bqr,j,field_147623_j,,,,,field,public int
bqg$t,a,field_179078_a,,,,,field,public GlStateManager$StencilFunc
bqg$t,b,field_179076_b,,,,,field,public int
bqg$t,c,field_179077_c,,,,,field,public int
bqg$t,d,field_179074_d,,,,,field,public int
bqg$t,e,field_179075_e,,,,,field,public int
bqg$e,a,field_179195_a,,,,,field,public float
bqg$e,b,field_179193_b,,,,,field,public float
bqg$e,c,field_179194_c,,,,,field,public float
bqg$e,d,field_179192_d,,,,,field,public float
bqg$a,a,field_179208_a,,,,,field,public GlStateManager$BooleanState
bqg$a,b,field_179206_b,,,,,field,public int
bqg$a,c,field_179207_c,,,,,field,public float
bqs,a,field_178183_a,,,,,field,private final VertexBuffer
bqs,b,field_178182_b,,,,,field,private final WorldVertexBufferUploader
bqs,c,field_78398_a,,,,,field,private static final Tessellator
bqe,e,field_147710_q,,,,,field,private static final org.apache.logging.log4j.Logger
bqe,f,field_110924_q,,,,,field,private static final MinecraftKey
bqe,g,field_110923_r,,,,,field,private static final MinecraftKey
bqe,a,field_78517_a,,,,,field,public static boolean
bqe,b,field_78515_b,,,,,field,public static int
bqe,h,field_78531_r,,,,,field,private final Minecraft
bqe,i,field_147711_ac,,,,,field,private final IResourceManager
bqe,j,field_78537_ab,,,,,field,private final Random
bqe,k,field_78530_s,,,,,field,private float
bqe,c,field_78516_c,,,,,field,public final ItemRenderer
bqe,l,field_147709_v,,,,,field,private final MapItemRenderer
bqe,m,field_78529_t,,,,,field,private int
bqe,n,field_78528_u,,,,,field,private Entity
bqe,o,field_78527_v,,,,,field,private final MouseFilter
bqe,p,field_78526_w,,,,,field,private final MouseFilter
bqe,q,field_78490_B,,,,,field,private final float
bqe,r,field_78491_C,,,,,field,private float
bqe,s,field_78496_H,,,,,field,private float
bqe,t,field_78497_I,,,,,field,private float
bqe,u,field_78498_J,,,,,field,private float
bqe,v,field_78499_K,,,,,field,private float
bqe,w,field_78492_L,,,,,field,private float
bqe,x,field_78507_R,,,,,field,private float
bqe,y,field_78506_S,,,,,field,private float
bqe,z,field_82831_U,,,,,field,private float
bqe,A,field_82832_V,,,,,field,private float
bqe,B,field_78500_U,,,,,field,private boolean
bqe,C,field_175074_C,,,,,field,private boolean
bqe,D,field_175073_D,,,,,field,private boolean
bqe,E,field_184374_E,,,,,field,private long
bqe,F,field_78508_Y,,,,,field,private long
bqe,G,field_78510_Z,,,,,field,private long
bqe,H,field_78513_d,,,,,field,private final DynamicTexture
bqe,I,field_78504_Q,,,,,field,private final int[]
bqe,J,field_110922_T,,,,,field,private final MinecraftKey
bqe,K,field_78536_aa,,,,,field,private boolean
bqe,L,field_78514_e,,,,,field,private float
bqe,M,field_175075_L,,,,,field,private float
bqe,N,field_78534_ac,,,,,field,private int
bqe,O,field_175076_N,,,,,field,private final float[]
bqe,P,field_175077_O,,,,,field,private final float[]
bqe,Q,field_78521_m,,,,,field,private final FloatBuffer
bqe,R,field_175080_Q,,,,,field,private float
bqe,S,field_175082_R,,,,,field,private float
bqe,T,field_175081_S,,,,,field,private float
bqe,U,field_78535_ad,,,,,field,private float
bqe,V,field_78539_ae,,,,,field,private float
bqe,W,field_175079_V,,,,,field,private int
bqe,X,field_175078_W,,,,,field,private boolean
bqe,Y,field_78503_V,,,,,field,private double
bqe,Z,field_78502_W,,,,,field,private double
bqe,aa,field_78509_X,,,,,field,private double
bqe,ab,field_190566_ab,,,,,field,private ItemStack
bqe,ac,field_190567_ac,,,,,field,private int
bqe,ad,field_190568_ad,,,,,field,private float
bqe,ae,field_190569_ae,,,,,field,private float
bqe,af,field_147707_d,,,,,field,private ShaderGroup
bqe,ag,field_147712_ad,,,,,field,private static final MinecraftKey[]
bqe,d,field_147708_e,,,,,field,public static final int
bqe,ah,field_147713_ae,,,,,field,private int
bqe,ai,field_175083_ad,,,,,field,private boolean
bqe,aj,field_175084_ae,,,,,field,private int
bqg$h,a,field_179191_a,,,,,field,public GlStateManager$BooleanState
bqg$h,b,field_179189_b,,,,,field,public int
bqg$h,c,field_179190_c,,,,,field,public int
bqd$b,a,field_179184_a,,,,,field,public final int
bqd$b,b,field_179182_b,,,,,field,public final int
bqd$b,c,field_179183_c,,,,,field,public final int
bqi,a,field_110931_c,,,,,field,private static final MinecraftKey
bqi,b,field_110929_d,,,,,field,private static final MinecraftKey
bqi,c,field_78455_a,,,,,field,private final Minecraft
bqi,d,field_187467_d,,,,,field,private ItemStack
bqi,e,field_187468_e,,,,,field,private ItemStack
bqi,f,field_187469_f,,,,,field,private float
bqi,g,field_187470_g,,,,,field,private float
bqi,h,field_187471_h,,,,,field,private float
bqi,i,field_187472_i,,,,,field,private float
bqi,j,field_178111_g,,,,,field,private final RenderManager
bqi,k,field_178112_h,,,,,field,private final RenderItem
bts,a,field_191312_a,,,,,field,private final Minecraft
bts,b,field_191313_b,,,,,field,private EntityHuman
bts,c,field_191314_c,,,,,field,private double
bts,d,field_191315_d,,,,,field,private double
bts,e,field_191316_e,,,,,field,private double
btx,a,field_188288_a,,,,,field,private final Minecraft
btx,b,field_190062_b,,,,,field,private EntityHuman
btx,c,field_190063_c,,,,,field,private double
btx,d,field_190064_d,,,,,field,private double
btx,e,field_190065_e,,,,,field,private double
btt,a,field_188286_a,,,,,field,public final DebugRenderer$IDebugRenderer
btt,b,field_188287_b,,,,,field,public final DebugRenderer$IDebugRenderer
btt,c,field_190077_c,,,,,field,public final DebugRenderer$IDebugRenderer
btt,d,field_190078_d,,,,,field,public final DebugRenderer$IDebugRenderer
btt,e,field_191325_e,,,,,field,public final DebugRenderer$IDebugRenderer
btt,f,field_191557_f,,,,,field,public final DebugRenderer$IDebugRenderer
btt,g,field_190079_e,,,,,field,private boolean
btt,h,field_190080_f,,,,,field,private boolean
btt,i,field_190081_g,,,,,field,private boolean
btt,j,field_190082_h,,,,,field,private boolean
btt,k,field_191326_j,,,,,field,private boolean
btt,l,field_191558_l,,,,,field,private boolean
btw,a,field_188290_a,,,,,field,private final Minecraft
btw,b,field_188291_b,,,,,field,"private final Map<Integer, PathEntity>"
btw,c,field_188292_c,,,,,field,"private final Map<Integer, Float>"
btw,d,field_188293_d,,,,,field,"private final Map<Integer, Long>"
btw,e,field_190068_e,,,,,field,private EntityHuman
btw,f,field_190069_f,,,,,field,private double
btw,g,field_190070_g,,,,,field,private double
btw,h,field_190071_h,,,,,field,private double
btr,a,field_190072_a,,,,,field,private final Minecraft
btv,a,field_191554_a,,,,,field,private final Minecraft
btv,b,field_191555_b,,,,,field,"private final Map<Long, Map<BlockPosition, Integer>>"
btu,a,field_190061_a,,,,,field,private final Minecraft
bqz,a,field_178129_a,,,,,field,"private final Map<IBlockData, IBakedModel>"
bqz,b,field_178127_b,,,,,field,private final BlockStateMapper
bqz,c,field_178128_c,,,,,field,private final ModelManager
brc,a,field_187499_a,,,,,field,private final BlockColors
bsc,b,field_178133_b,,,,,field,"protected Map<IBlockData, ModelResourceLocation>"
bsf$a,a,field_178445_a,,,,,field,private IBlockState<?>
bsf$a,b,field_178443_b,,,,,field,private String
bsf$a,c,field_178444_c,,,,,field,private final List<IBlockState<?>>
bsd,a,field_178450_a,,,,,field,"private final Map<Block, IStateMapper>"
bsd,b,field_178449_b,,,,,field,private final Set<Block>
bsf,a,field_178142_a,,,,,field,private final IBlockState<?>
bsf,c,field_178141_c,,,,,field,private final String
bsf,d,field_178140_d,,,,,field,private final List<IBlockState<?>>
brc$a,a,DOWN,,,,,enum,
brc$a,b,UP,,,,,enum,
brc$a,c,NORTH,,,,,enum,
brc$a,d,SOUTH,,,,,enum,
brc$a,e,WEST,,,,,enum,
brc$a,f,EAST,,,,,enum,
brc$a,g,field_178276_g,,,,,field,private final EnumDirection[]
brc$a,h,field_178288_h,,,,,field,private final float
brc$a,i,field_178289_i,,,,,field,private final boolean
brc$a,j,field_178286_j,,,,,field,private final BlockModelRenderer$Orientation[]
brc$a,k,field_178287_k,,,,,field,private final BlockModelRenderer$Orientation[]
brc$a,l,field_178284_l,,,,,field,private final BlockModelRenderer$Orientation[]
brc$a,m,field_178285_m,,,,,field,private final BlockModelRenderer$Orientation[]
brc$a,n,field_178282_n,,,,,field,private static final BlockModelRenderer$EnumNeighborInfo[]
brc$c,a,DOWN,,,,,enum,
brc$c,b,UP,,,,,enum,
brc$c,c,NORTH,,,,,enum,
brc$c,d,SOUTH,,,,,enum,
brc$c,e,WEST,,,,,enum,
brc$c,f,EAST,,,,,enum,
brc$c,g,field_178191_g,,,,,field,private final int
brc$c,h,field_178200_h,,,,,field,private final int
brc$c,i,field_178201_i,,,,,field,private final int
brc$c,j,field_178198_j,,,,,field,private final int
brc$c,k,field_178199_k,,,,,field,private static final BlockModelRenderer$VertexTranslations[]
brc$b,b,field_178206_b,,,,,field,private final float[]
brc$b,c,field_178207_c,,,,,field,private final int[]
brc$d,a,DOWN,,,,,enum,
brc$d,b,UP,,,,,enum,
brc$d,c,NORTH,,,,,enum,
brc$d,d,SOUTH,,,,,enum,
brc$d,e,WEST,,,,,enum,
brc$d,f,EAST,,,,,enum,
brc$d,g,FLIP_DOWN,,,,,enum,
brc$d,h,FLIP_UP,,,,,enum,
brc$d,i,FLIP_NORTH,,,,,enum,
brc$d,j,FLIP_SOUTH,,,,,enum,
brc$d,k,FLIP_WEST,,,,,enum,
brc$d,l,FLIP_EAST,,,,,enum,
brc$d,m,field_178229_m,,,,,field,private final int
bra,a,field_175028_a,,,,,field,private final BlockModelShapes
bra,b,field_175027_c,,,,,field,private final BlockModelRenderer
bra,c,field_175024_d,,,,,field,private final ChestRenderer
bra,d,field_175025_e,,,,,field,private final BlockFluidRenderer
brb,a,field_187500_a,,,,,field,private final BlockColors
brb,b,field_178272_a,,,,,field,private final TextureAtlasSprite[]
brb,c,field_178271_b,,,,,field,private final TextureAtlasSprite[]
brb,d,field_187501_d,,,,,field,private TextureAtlasSprite
bry$a,a,field_188163_a,,,,,field,"private static final com.google.common.base.Function<com.google.gson.JsonElement, ICondition>"
bry$a,b,field_188164_b,,,,,field,"private static final com.google.common.base.Function<Map$Entry<String, com.google.gson.JsonElement>, ICondition>"
bru,a,field_188119_a,,,,,field,ICondition
bru,b,field_188120_b,,,,,field,ICondition
brx,c,field_188127_c,,,,,field,final Iterable<ICondition>
bry,a,field_188167_a,,,,,field,private final ICondition
bry,b,field_188168_b,,,,,field,private final VariantList
brw,a,field_188139_a,,,,,field,private final List<Selector>
brw,b,field_188140_b,,,,,field,private BlockStateList
brt,c,field_188121_c,,,,,field,private final Iterable<ICondition>
brv,c,field_188124_c,,,,,field,private static final com.google.common.base.Splitter
brv,d,field_188125_d,,,,,field,private final String
brv,e,field_188126_e,,,,,field,private final String
bre,a,field_178241_a,,,,,field,public final org.lwjgl.util.vector.Vector3f
bre,b,field_178239_b,,,,,field,public final org.lwjgl.util.vector.Vector3f
bre,c,field_178240_c,,,,,field,"public final Map<EnumDirection, BlockPartFace>"
bre,d,field_178237_d,,,,,field,public final BlockPartRotation
bre,e,field_178238_e,,,,,field,public final boolean
brs,a,field_188050_a,,,,,field,private final MinecraftKey
brs,b,field_188051_b,,,,,field,private final ModelRotation
brs,c,field_188052_c,,,,,field,private final boolean
brs,d,field_188053_d,,,,,field,private final int
brr,a,field_188115_a,,,,,field,private final List<Variant>
bro,a,field_188022_a,,,,,field,public static final ItemOverrideList
bro,b,field_188023_b,,,,,field,private final List<ItemOverride>
brq,a,field_178357_a,,,,,field,public static final ItemCameraTransforms
brq,b,field_181690_b,,,,,field,public static float
brq,c,field_181691_c,,,,,field,public static float
brq,d,field_181692_d,,,,,field,public static float
brq,e,field_181693_e,,,,,field,public static float
brq,f,field_181694_f,,,,,field,public static float
brq,g,field_181695_g,,,,,field,public static float
brq,h,field_181696_h,,,,,field,public static float
brq,i,field_181697_i,,,,,field,public static float
brq,j,field_181698_j,,,,,field,public static float
brq,k,field_188036_k,,,,,field,public final ItemTransformVec3f
brq,l,field_188037_l,,,,,field,public final ItemTransformVec3f
brq,m,field_188038_m,,,,,field,public final ItemTransformVec3f
brq,n,field_188039_n,,,,,field,public final ItemTransformVec3f
brq,o,field_178353_d,,,,,field,public final ItemTransformVec3f
brq,p,field_178354_e,,,,,field,public final ItemTransformVec3f
brq,q,field_181699_o,,,,,field,public final ItemTransformVec3f
brq,r,field_181700_p,,,,,field,public final ItemTransformVec3f
brp,a,field_178366_a,,,,,field,public static final ItemTransformVec3f
brp,b,field_178364_b,,,,,field,public final org.lwjgl.util.vector.Vector3f
brp,c,field_178365_c,,,,,field,public final org.lwjgl.util.vector.Vector3f
brp,d,field_178363_d,,,,,field,public final org.lwjgl.util.vector.Vector3f
brk,e,field_178218_d,,,,,field,private final TextureAtlasSprite
brm,a,field_178398_a,,,,,field,public static final List<String>
bri,f,field_178313_f,,,,,field,private static final org.apache.logging.log4j.Logger
bri,a,field_178319_a,,,,,field,static final com.google.gson.Gson
bri,g,field_178314_g,,,,,field,private final List<BlockPart>
bri,h,field_178321_h,,,,,field,private final boolean
bri,i,field_178322_i,,,,,field,private final boolean
bri,j,field_178320_j,,,,,field,private final ItemCameraTransforms
bri,k,field_187968_k,,,,,field,private final List<ItemOverride>
bri,b,field_178317_b,,,,,field,public String
bri,c,field_178318_c,,,,,field,"protected final Map<String, String>"
bri,d,field_178315_d,,,,,field,protected ModelBlock
bri,e,field_178316_e,,,,,field,protected MinecraftKey
brq$b,a,NONE,,,,,enum,
brq$b,b,THIRD_PERSON_LEFT_HAND,,,,,enum,
brq$b,c,THIRD_PERSON_RIGHT_HAND,,,,,enum,
brq$b,d,FIRST_PERSON_LEFT_HAND,,,,,enum,
brq$b,e,FIRST_PERSON_RIGHT_HAND,,,,,enum,
brq$b,f,HEAD,,,,,enum,
brq$b,g,GUI,,,,,enum,
brq$b,h,GROUND,,,,,enum,
brq$b,i,FIXED,,,,,enum,
brh,a,field_178351_a,,,,,field,public float[]
brh,b,field_178350_b,,,,,field,public final int
bri$a,a,field_178324_a,,,,,field,public final ModelBlock
bri$a,b,field_178323_b,,,,,field,public ModelBlock
brm$a,a,field_178389_a,,,,,field,private final ItemModelGenerator$SpanFacing
brm$a,b,field_178387_b,,,,,field,private int
brm$a,c,field_178388_c,,,,,field,private int
brm$a,d,field_178386_d,,,,,field,private final int
brp$a,a,field_178362_a,,,,,field,private static final org.lwjgl.util.vector.Vector3f
brp$a,b,field_178360_b,,,,,field,private static final org.lwjgl.util.vector.Vector3f
brp$a,c,field_178361_c,,,,,field,private static final org.lwjgl.util.vector.Vector3f
brg,a,field_178344_a,,,,,field,public final org.lwjgl.util.vector.Vector3f
brg,b,field_178342_b,,,,,field,public final EnumDirection$EnumAxis
brg,c,field_178343_c,,,,,field,public final float
brg,d,field_178341_d,,,,,field,public final boolean
brl,a,field_178418_a,,,,,field,private static final float
brl,b,field_178417_b,,,,,field,private static final float
brl,c,field_188016_c,,,,,field,private static final FaceBakery$Rotation[]
brl,d,field_188017_d,,,,,field,private static final FaceBakery$Rotation
brl,e,field_188018_e,,,,,field,private static final FaceBakery$Rotation
brl,f,field_188019_f,,,,,field,private static final FaceBakery$Rotation
brl,g,field_188020_g,,,,,field,private static final FaceBakery$Rotation
brf,a,field_178246_a,,,,,field,public static final EnumDirection
brf,b,field_178244_b,,,,,field,public final EnumDirection
brf,c,field_178245_c,,,,,field,public final int
brf,d,field_178242_d,,,,,field,public final String
brf,e,field_178243_e,,,,,field,public final BlockFaceUV
brm$b,a,UP,,,,,enum,
brm$b,b,DOWN,,,,,enum,
brm$b,c,LEFT,,,,,enum,
brm$b,d,RIGHT,,,,,enum,
brm$b,e,field_178376_e,,,,,field,private final EnumDirection
brm$b,f,field_178373_f,,,,,field,private final int
brm$b,g,field_178374_g,,,,,field,private final int
brd,a,field_178215_a,,,,,field,protected final int[]
brd,b,field_178213_b,,,,,field,protected final int
brd,c,field_178214_c,,,,,field,protected final EnumDirection
brd,d,field_187509_d,,,,,field,protected final TextureAtlasSprite
brj,a,field_178333_a,,,,,field,static final com.google.gson.Gson
brj,b,field_178332_b,,,,,field,"private final Map<String, VariantList>"
brj,c,field_188005_c,,,,,field,private Multipart
brn,a,field_188028_a,,,,,field,private final MinecraftKey
brn,b,field_188029_b,,,,,field,"private final Map<MinecraftKey, Float>"
bqg$v,a,field_179067_a,,,,,field,public GlStateManager$BooleanState
bqg$v,b,field_179065_b,,,,,field,public int
bqg$v,c,field_179066_c,,,,,field,public int
bqd,a,DOWN,,,,,enum,
bqd,b,UP,,,,,enum,
bqd,c,NORTH,,,,,enum,
bqd,d,SOUTH,,,,,enum,
bqd,e,WEST,,,,,enum,
bqd,f,EAST,,,,,enum,
bqd,g,field_179029_g,,,,,field,private static final EnumFaceDirection[]
bqd,h,field_179035_h,,,,,field,private final EnumFaceDirection$VertexInformation[]
bqb,c,field_178008_c,,,,,field,private double
bqb,d,field_178005_d,,,,,field,private double
bqb,e,field_178006_e,,,,,field,private double
bqb,a,field_178009_a,,,,,field,protected List<RenderChunk>
bqb,b,field_178007_b,,,,,field,protected boolean
bqm,b,field_147599_m,,,,,field,private static final org.apache.logging.log4j.Logger
bqm,c,field_110927_h,,,,,field,private static final MinecraftKey
bqm,d,field_110928_i,,,,,field,private static final MinecraftKey
bqm,e,field_110925_j,,,,,field,private static final MinecraftKey
bqm,f,field_110926_k,,,,,field,private static final MinecraftKey
bqm,g,field_175006_g,,,,,field,private static final MinecraftKey
bqm,h,field_72777_q,,,,,field,private final Minecraft
bqm,i,field_72770_i,,,,,field,private final TextureManager
bqm,j,field_175010_j,,,,,field,private final RenderManager
bqm,k,field_72769_h,,,,,field,private WorldClient
bqm,l,field_175009_l,,,,,field,private Set<RenderChunk>
bqm,m,field_72755_R,,,,,field,private List<RenderGlobal$ContainerLocalRenderInformation>
bqm,n,field_181024_n,,,,,field,private final Set<TileEntity>
bqm,o,field_175008_n,,,,,field,private ViewFrustum
bqm,p,field_72772_v,,,,,field,private int
bqm,q,field_72771_w,,,,,field,private int
bqm,r,field_72781_x,,,,,field,private int
bqm,s,field_175014_r,,,,,field,private final VertexFormat
bqm,t,field_175013_s,,,,,field,private VertexBuffer
bqm,u,field_175012_t,,,,,field,private VertexBuffer
bqm,v,field_175011_u,,,,,field,private VertexBuffer
bqm,w,field_72773_u,,,,,field,private int
bqm,x,field_72738_E,,,,,field,"private final Map<Integer, DestroyBlockProgress>"
bqm,y,field_147593_P,,,,,field,"private final Map<BlockPosition, ISound>"
bqm,z,field_94141_F,,,,,field,private final TextureAtlasSprite[]
bqm,A,field_175015_z,,,,,field,private Framebuffer
bqm,B,field_174991_A,,,,,field,private ShaderGroup
bqm,C,field_174992_B,,,,,field,private double
bqm,D,field_174993_C,,,,,field,private double
bqm,E,field_174987_D,,,,,field,private double
bqm,F,field_174988_E,,,,,field,private int
bqm,G,field_174989_F,,,,,field,private int
bqm,H,field_174990_G,,,,,field,private int
bqm,I,field_174997_H,,,,,field,private double
bqm,J,field_174998_I,,,,,field,private double
bqm,K,field_174999_J,,,,,field,private double
bqm,L,field_175000_K,,,,,field,private double
bqm,M,field_174994_L,,,,,field,private double
bqm,N,field_174995_M,,,,,field,private ChunkRenderDispatcher
bqm,O,field_174996_N,,,,,field,private ChunkRenderContainer
bqm,P,field_72739_F,,,,,field,private int
bqm,Q,field_72740_G,,,,,field,private int
bqm,R,field_72748_H,,,,,field,private int
bqm,S,field_72749_I,,,,,field,private int
bqm,T,field_72750_J,,,,,field,private int
bqm,U,field_175002_T,,,,,field,private boolean
bqm,V,field_175001_U,,,,,field,private ClippingHelper
bqm,W,field_175004_V,,,,,field,private final org.lwjgl.util.vector.Vector4f[]
bqm,X,field_175003_W,,,,,field,private final Vector3d
bqm,Y,field_175005_X,,,,,field,private boolean
bqm,a,field_175007_a,,,,,field,IRenderChunkFactory
bqm,Z,field_147596_f,,,,,field,private double
bqm,aa,field_147597_g,,,,,field,private double
bqm,ab,field_147602_h,,,,,field,private double
bqm,ac,field_147595_R,,,,,field,private boolean
bqm,ad,field_184386_ad,,,,,field,private boolean
bqm,ae,field_184387_ae,,,,,field,private final Set<BlockPosition>
bqj,a,field_178093_a,,,,,field,"private final Map<Integer, ModelResourceLocation>"
bqj,b,field_178091_b,,,,,field,"private final Map<Integer, IBakedModel>"
bqj,c,field_178092_c,,,,,field,"private final Map<Item, ItemMeshDefinition>"
bqj,d,field_178090_d,,,,,field,private final ModelManager
bsz$a,b,field_188241_b,,,,,field,private final com.google.common.util.concurrent.ListenableFutureTask<Object>
bsz$a,c,field_188242_c,,,,,field,private final double
bsz,a,field_178523_a,,,,,field,private static final org.apache.logging.log4j.Logger
bsz,b,field_178521_b,,,,,field,private static final ThreadFactory
bsz,c,field_188249_c,,,,,field,private final int
bsz,d,field_188250_d,,,,,field,private final List<Thread>
bsz,e,field_178522_c,,,,,field,private final List<ChunkRenderWorker>
bsz,f,field_178519_d,,,,,field,private final PriorityBlockingQueue<ChunkCompileTaskGenerator>
bsz,g,field_178520_e,,,,,field,private final BlockingQueue<RegionRenderCacheBuilder>
bsz,h,field_178517_f,,,,,field,private final WorldVertexBufferUploader
bsz,i,field_178518_g,,,,,field,private final VertexBufferUploader
bsz,j,field_178524_h,,,,,field,private final Queue<ChunkRenderDispatcher$PendingUpload>
bsz,k,field_178525_i,,,,,field,private final ChunkRenderWorker
bta,a,field_152478_a,,,,,field,private static final org.apache.logging.log4j.Logger
bta,b,field_178477_b,,,,,field,private final ChunkRenderDispatcher
bta,c,field_178478_c,,,,,field,private final RegionRenderCacheBuilder
bta,d,field_188265_d,,,,,field,private boolean
bsy$b,a,REBUILD_CHUNK,,,,,enum,
bsy$b,b,RESORT_TRANSPARENCY,,,,,enum,
bsy,a,field_178553_a,,,,,field,private final RenderChunk
bsy,b,field_178551_b,,,,,field,private final ReentrantLock
bsy,c,field_178552_c,,,,,field,private final List<Runnable>
bsy,d,field_178549_d,,,,,field,private final ChunkCompileTaskGenerator$Type
bsy,e,field_188229_e,,,,,field,private final double
bsy,f,field_178550_e,,,,,field,private RegionRenderCacheBuilder
bsy,g,field_178547_f,,,,,field,private CompiledChunk
bsy,h,field_178548_g,,,,,field,private ChunkCompileTaskGenerator$Status
bsy,i,field_178554_h,,,,,field,private boolean
bte,d,field_178588_d,,,,,field,private World
bte,e,field_178589_e,,,,,field,private final RenderGlobal
bte,a,field_178592_a,,,,,field,public static int
bte,b,field_178590_b,,,,,field,public CompiledChunk
bte,f,field_178587_g,,,,,field,private final ReentrantLock
bte,g,field_178598_h,,,,,field,private final ReentrantLock
bte,h,field_178599_i,,,,,field,private ChunkCompileTaskGenerator
bte,i,field_181056_j,,,,,field,private final Set<TileEntity>
bte,j,field_178596_j,,,,,field,private final int
bte,k,field_178597_k,,,,,field,private final FloatBuffer
bte,l,field_178594_l,,,,,field,private final VertexBuffer[]
bte,c,field_178591_c,,,,,field,public AxisAlignedBB
bte,m,field_178595_m,,,,,field,private int
bte,n,field_178593_n,,,,,field,private boolean
bte,o,field_178586_f,,,,,field,private final BlockPosition$MutableBlockPosition
bte,p,field_181702_p,,,,,field,private final BlockPosition$MutableBlockPosition[]
bte,q,field_188284_q,,,,,field,private boolean
bte,r,field_189564_r,,,,,field,private ChunkCache
bti,a,field_178623_a,,,,,field,private static final int
bti,b,field_178622_b,,,,,field,private final BitSet
btd,d,field_178601_d,,,,,field,private final int
bth,a,field_178616_a,,,,,field,private static final int
bth,b,field_178614_b,,,,,field,private static final int
bth,c,field_178615_c,,,,,field,private static final int
bth,d,field_178612_d,,,,,field,private final BitSet
bth,e,field_178613_e,,,,,field,private static final int[]
bth,f,field_178611_f,,,,,field,private int
bsy$a,a,PENDING,,,,,enum,
bsy$a,b,COMPILING,,,,,enum,
bsy$a,c,UPLOADING,,,,,enum,
bsy$a,d,DONE,,,,,enum,
btb,a,field_178502_a,,,,,field,public static final CompiledChunk
btb,b,field_178500_b,,,,,field,private final boolean[]
btb,c,field_178501_c,,,,,field,private final boolean[]
btb,d,field_178498_d,,,,,field,private boolean
btb,e,field_178499_e,,,,,field,private final List<TileEntity>
btb,f,field_178496_f,,,,,field,private SetVisibility
btb,g,field_178497_g,,,,,field,private VertexBuffer$State
bqd$a,a,field_179181_a,,,,,field,public static final int
bqd$a,b,field_179179_b,,,,,field,public static final int
bqd$a,c,field_179180_c,,,,,field,public static final int
bqd$a,d,field_179177_d,,,,,field,public static final int
bqd$a,e,field_179178_e,,,,,field,public static final int
bqd$a,f,field_179176_f,,,,,field,public static final int
bqg$j,a,field_179054_a,,,,,field,public GlStateManager$BooleanState
bqg$j,b,field_179053_b,,,,,field,public int
bqg$i,a,FRONT,,,,,enum,
bqg$i,b,BACK,,,,,enum,
bqg$i,c,FRONT_AND_BACK,,,,,enum,
bqg$i,d,field_187328_d,,,,,field,public final int
bqg$n,a,field_179049_a,,,,,field,public GlStateManager$BooleanState
bqg$n,b,field_179047_b,,,,,field,public int
bqg$n,c,field_179048_c,,,,,field,public float
bqg$n,d,field_179045_d,,,,,field,public float
bqg$n,e,field_179046_e,,,,,field,public float
bqg$x,a,field_179060_a,,,,,field,public GlStateManager$BooleanState
bqg$x,b,field_179059_b,,,,,field,public int
bqg$s,a,field_179081_a,,,,,field,public int
bqg$s,c,field_179080_c,,,,,field,public int
bqg$r,a,CONSTANT_ALPHA,,,,,enum,
bqg$r,b,CONSTANT_COLOR,,,,,enum,
bqg$r,c,DST_ALPHA,,,,,enum,
bqg$r,d,DST_COLOR,,,,,enum,
bqg$r,e,ONE,,,,,enum,
bqg$r,f,ONE_MINUS_CONSTANT_ALPHA,,,,,enum,
bqg$r,g,ONE_MINUS_CONSTANT_COLOR,,,,,enum,
bqg$r,h,ONE_MINUS_DST_ALPHA,,,,,enum,
bqg$r,i,ONE_MINUS_DST_COLOR,,,,,enum,
bqg$r,j,ONE_MINUS_SRC_ALPHA,,,,,enum,
bqg$r,k,ONE_MINUS_SRC_COLOR,,,,,enum,
bqg$r,l,SRC_ALPHA,,,,,enum,
bqg$r,m,SRC_ALPHA_SATURATE,,,,,enum,
bqg$r,n,SRC_COLOR,,,,,enum,
bqg$r,o,ZERO,,,,,enum,
bqg$r,p,field_187395_p,,,,,field,public final int
bpy$a,b,field_179019_b,,,,,field,private final int[]
bpy$a,c,field_179018_e,,,,,field,private final VertexFormat
bqg$p,a,field_179044_a,,,,,field,public GlStateManager$BooleanState
bqg$p,b,field_179042_b,,,,,field,public GlStateManager$BooleanState
bqg$p,c,field_179043_c,,,,,field,public float
bqg$p,d,field_179041_d,,,,,field,public float
bto,a,field_78557_a,,,,,field,public float[][]
bto,b,field_178625_b,,,,,field,public float[]
bto,c,field_178626_c,,,,,field,public float[]
bto,d,field_78554_d,,,,,field,public float[]
btn,a,field_78552_a,,,,,field,private final ClippingHelper
btn,b,field_78550_b,,,,,field,private double
btn,c,field_78551_c,,,,,field,private double
btn,d,field_78549_d,,,,,field,private double
btm,e,field_78563_e,,,,,field,private static final ClippingHelperImpl
btm,f,field_78561_f,,,,,field,private final FloatBuffer
btm,g,field_78562_g,,,,,field,private final FloatBuffer
btm,h,field_78564_h,,,,,field,private final FloatBuffer
byj,a,field_148061_a,,,,,field,private final ShaderLoader$ShaderType
byj,b,field_148059_b,,,,,field,private final String
byj,c,field_148060_c,,,,,field,private final int
byj,d,field_148058_d,,,,,field,private int
bye,a,field_148118_a,,,,,field,private static JsonBlendingMode
bye,b,field_148116_b,,,,,field,private final int
bye,c,field_148117_c,,,,,field,private final int
bye,d,field_148114_d,,,,,field,private final int
bye,e,field_148115_e,,,,,field,private final int
bye,f,field_148112_f,,,,,field,private final int
bye,g,field_148113_g,,,,,field,private final boolean
bye,h,field_148119_h,,,,,field,private final boolean
byg,a,field_148003_a,,,,,field,private static final org.apache.logging.log4j.Logger
byg,b,field_148001_b,,,,,field,private static final ShaderDefault
byg,c,field_148002_c,,,,,field,private static ShaderManager
byg,d,field_147999_d,,,,,field,private static int
byg,e,field_148000_e,,,,,field,private static boolean
byg,f,field_147997_f,,,,,field,"private final Map<String, Object>"
byg,g,field_147998_g,,,,,field,private final List<String>
byg,h,field_148010_h,,,,,field,private final List<Integer>
byg,i,field_148011_i,,,,,field,private final List<ShaderUniform>
byg,j,field_148008_j,,,,,field,private final List<Integer>
byg,k,field_148009_k,,,,,field,"private final Map<String, ShaderUniform>"
byg,l,field_148006_l,,,,,field,private final int
byg,m,field_148007_m,,,,,field,private final String
byg,n,field_148004_n,,,,,field,private final boolean
byg,o,field_148005_o,,,,,field,private boolean
byg,p,field_148016_p,,,,,field,private final JsonBlendingMode
byg,q,field_148015_q,,,,,field,private final List<Integer>
byg,r,field_148014_r,,,,,field,private final List<String>
byg,s,field_148013_s,,,,,field,private final ShaderLoader
byg,t,field_148012_t,,,,,field,private final ShaderLoader
byh,a,field_148035_a,,,,,field,private final Framebuffer
byh,b,field_148033_b,,,,,field,private final IResourceManager
byh,c,field_148034_c,,,,,field,private final String
byh,d,field_148031_d,,,,,field,private final List<Shader>
byh,e,field_148032_e,,,,,field,"private final Map<String, Framebuffer>"
byh,f,field_148029_f,,,,,field,private final List<Framebuffer>
byh,g,field_148030_g,,,,,field,private org.lwjgl.util.vector.Matrix4f
byh,h,field_148038_h,,,,,field,private int
byh,i,field_148039_i,,,,,field,private int
byh,j,field_148036_j,,,,,field,private float
byh,k,field_148037_k,,,,,field,private float
byk,a,field_148080_a,,,,,field,private static final org.apache.logging.log4j.Logger
byk,b,field_148079_b,,,,,field,private static ShaderLinkHelper
byl,a,field_148104_a,,,,,field,private static final org.apache.logging.log4j.Logger
byl,b,field_148102_b,,,,,field,private int
byl,c,field_148103_c,,,,,field,private final int
byl,d,field_148100_d,,,,,field,private final int
byl,e,field_148101_e,,,,,field,private final IntBuffer
byl,f,field_148098_f,,,,,field,private final FloatBuffer
byl,g,field_148099_g,,,,,field,private final String
byl,h,field_148105_h,,,,,field,private boolean
byl,i,field_148106_i,,,,,field,private final ShaderManager
byi,c,field_148051_c,,,,,field,private final ShaderManager
byi,a,field_148052_a,,,,,field,public final Framebuffer
byi,b,field_148050_b,,,,,field,public final Framebuffer
byi,d,field_148048_d,,,,,field,private final List<Object>
byi,e,field_148049_e,,,,,field,private final List<String>
byi,f,field_148046_f,,,,,field,private final List<Integer>
byi,g,field_148047_g,,,,,field,private final List<Integer>
byi,h,field_148053_h,,,,,field,private org.lwjgl.util.vector.Matrix4f
byj$a,a,VERTEX,,,,,enum,
byj$a,b,FRAGMENT,,,,,enum,
byj$a,c,field_148072_c,,,,,field,private final String
byj$a,d,field_148069_d,,,,,field,private final String
byj$a,e,field_148070_e,,,,,field,private final int
byj$a,f,field_148067_f,,,,,field,"private final Map<String, ShaderLoader>"
bvl,a,field_147923_a,,,,,field,private static final org.apache.logging.log4j.Logger
bvl,j,field_177096_e,,,,,field,private static final DynamicTexture
bvl,f,field_77045_g,,,,,field,protected ModelBase
bvl,g,field_177095_g,,,,,field,protected FloatBuffer
bvl,h,field_177097_h,,,,,field,protected List<LayerRenderer<T>>
bvl,i,field_188323_j,,,,,field,protected boolean
btz,a,field_191359_a,,,,,field,"private static final Map<Class<?>, MinecraftKey>"
btz,j,field_191360_j,,,,,field,private final float
bwv,a,field_110811_a,,,,,field,private static final MinecraftKey
bwv,f,field_110810_f,,,,,field,private static final MinecraftKey
bwv,g,field_82401_a,,,,,field,private final ModelSkeletonHead
bvo,f,field_110804_g,,,,,field,private static final MinecraftKey
bvo,a,field_77013_a,,,,,field,protected ModelBase
bvu,a,field_110887_f,,,,,field,private static final MinecraftKey
buy,a,field_110792_a,,,,,field,private static final MinecraftKey
buq,a,field_177108_a,,,,,field,private static final MinecraftKey
bwp,a,field_110899_a,,,,,field,private static final MinecraftKey
bvv,a,field_177120_j,,,,,field,private static final MinecraftKey
bvm,a,field_191350_a,,,,,field,private static final MinecraftKey[]
bws,a,field_110910_a,,,,,field,private static final MinecraftKey
bwr,a,field_191357_a,,,,,field,private static final MinecraftKey
bvw,a,field_190090_a,,,,,field,private static final MinecraftKey
bvn,a,field_191333_a,,,,,field,private static final MinecraftKey
bvn,f,field_191334_f,,,,,field,private final ModelLlamaSpit
buv,a,field_110785_a,,,,,field,private static final MinecraftKey
bug,a,field_110893_a,,,,,field,private static final MinecraftKey
bul,a,field_188314_a,,,,,field,private static final MinecraftKey
bvf,a,field_177080_a,,,,,field,private final RenderItem
bvf,f,field_177079_e,,,,,field,private final Random
bwu,a,field_110861_l,,,,,field,private static final MinecraftKey
bvz,a,field_188348_a,,,,,field,private static final MinecraftKey
bvz,f,field_188349_b,,,,,field,private final ModelShulkerBullet
bva,a,field_110871_a,,,,,field,private static final MinecraftKey
bva,j,field_77073_a,,,,,field,private final float
bwt,a,field_110913_a,,,,,field,private static final MinecraftKey
bwt,j,field_110912_f,,,,,field,private static final MinecraftKey
bud,a,field_110835_a,,,,,field,private static final MinecraftKey
bwi,a,field_190084_m,,,,,field,private static final MinecraftKey
bwx,a,field_110865_p,,,,,field,private static final MinecraftKey
bvi,a,field_110873_a,,,,,field,private static final MinecraftKey
bvr,a,field_110880_a,,,,,field,private static final MinecraftKey
buf,f,field_110782_f,,,,,field,private static final MinecraftKey[]
buf,a,field_76998_a,,,,,field,protected ModelBase
bwo,a,field_191343_a,,,,,field,private static final MinecraftKey
bwo,j,field_191344_j,,,,,field,private static final MinecraftKey
bwo,k,field_191345_k,,,,,field,private int
but,a,field_191329_a,,,,,field,private static final MinecraftKey
but,f,field_191330_f,,,,,field,private final ModelEvokerFangs
bwh,a,field_110901_a,,,,,field,private static final MinecraftKey
byc,a,field_177140_a,,,,,field,private final boolean
bwa,a,field_188342_a,,,,,field,public static final MinecraftKey[]
bvc,a,field_110852_a,,,,,field,"private static final Map<String, MinecraftKey>"
bwl,a,field_188305_a,,,,,field,public static final MinecraftKey
bwl,f,field_188306_b,,,,,field,public static final MinecraftKey
bwf,a,field_188303_a,,,,,field,public static final MinecraftKey
bvb,a,field_177114_e,,,,,field,private static final MinecraftKey
bvb,j,field_177117_k,,,,,field,private static final MinecraftKey
bvy,a,field_110884_f,,,,,field,private static final MinecraftKey
bwg,a,field_110890_f,,,,,field,private static final MinecraftKey
bup,a,field_110839_f,,,,,field,private static final MinecraftKey
bup,j,field_77077_b,,,,,field,private final Random
bvj,a,field_110802_a,,,,,field,private static final MinecraftKey
bvj,f,field_110801_f,,,,,field,private final ModelLeashKnot
bub,a,field_177103_a,,,,,field,public static final MinecraftKey
buo,a,field_110843_g,,,,,field,public static final MinecraftKey
buo,j,field_110842_f,,,,,field,private static final MinecraftKey
buo,k,field_110844_k,,,,,field,private static final MinecraftKey
bvh,b,field_110798_h,,,,,field,private static final MinecraftKey
bvh,c,field_175058_l,,,,,field,private boolean
bvh,a,field_77023_b,,,,,field,public float
bvh,d,field_175059_m,,,,,field,private final ItemModelMesher
bvh,e,field_175057_n,,,,,field,private final TextureManager
bvh,f,field_184395_f,,,,,field,private final ItemColors
bvt,a,field_110807_a,,,,,field,private static final MinecraftKey
bux,a,field_77002_a,,,,,field,private final float
buu,a,field_191338_a,,,,,field,private static final MinecraftKey
buj,a,field_110830_f,,,,,field,private static final MinecraftKey
buh,a,field_110920_a,,,,,field,private static final MinecraftKey
bve,a,field_190086_r,,,,,field,private static final MinecraftKey
bww,a,field_110917_a,,,,,field,private static final MinecraftKey
bww,j,field_110915_f,,,,,field,private static final MinecraftKey
bww,k,field_110916_g,,,,,field,private static final MinecraftKey
bwe,a,field_110895_a,,,,,field,private static final MinecraftKey
bvd,a,field_177118_j,,,,,field,private static final MinecraftKey
bwj,a,field_177084_a,,,,,field,protected final Item
bwj,f,field_177083_e,,,,,field,private final RenderItem
bus,a,field_110778_a,,,,,field,private static final MinecraftKey
bus,b,field_76990_c,,,,,field,protected final RenderManager
bus,c,field_76989_e,,,,,field,protected float
bus,d,field_76987_f,,,,,field,protected float
bus,e,field_188301_f,,,,,field,protected boolean
bui,a,field_110833_a,,,,,field,private static final MinecraftKey
bwc,a,field_110862_k,,,,,field,private static final MinecraftKey
bwy,a,field_110864_q,,,,,field,private static final MinecraftKey
bwy,j,field_188330_l,,,,,field,private static final MinecraftKey
bwy,k,field_188331_m,,,,,field,private static final MinecraftKey
bwy,l,field_188332_n,,,,,field,private static final MinecraftKey
bwy,m,field_188333_o,,,,,field,private static final MinecraftKey
bwy,n,field_188329_p,,,,,field,private static final MinecraftKey
bvs,a,field_110877_a,,,,,field,private static final MinecraftKey
bvs,j,field_110875_f,,,,,field,private static final MinecraftKey
bvs,k,field_110876_g,,,,,field,private static final MinecraftKey
bvs,l,field_110878_h,,,,,field,private static final MinecraftKey
bwb,a,field_110882_a,,,,,field,private static final MinecraftKey
bun,a,field_110787_a,,,,,field,private static final MinecraftKey
bun,f,field_76995_b,,,,,field,private final ModelBase
bun,g,field_188316_g,,,,,field,private final ModelBase
buz,a,field_110869_a,,,,,field,private static final MinecraftKey
buz,j,field_110868_f,,,,,field,private static final MinecraftKey
bwd,a,field_110897_a,,,,,field,private static final MinecraftKey
bvg,a,field_110789_a,,,,,field,private static final MinecraftKey
bvg,f,field_147917_g,,,,,field,private final Minecraft
bvg,g,field_177072_f,,,,,field,private final ModelResourceLocation
bvg,h,field_177073_g,,,,,field,private final ModelResourceLocation
bvg,i,field_177074_h,,,,,field,private final RenderItem
bvx,a,field_177127_a,,,,,field,private static final MinecraftKey
bvx,j,field_177126_e,,,,,field,private static final MinecraftKey
bvx,k,field_177132_j,,,,,field,private static final MinecraftKey
bvx,l,field_177133_k,,,,,field,private static final MinecraftKey
bvx,m,field_177130_l,,,,,field,private static final MinecraftKey
bvx,n,field_177131_m,,,,,field,private static final MinecraftKey
bvx,o,field_177128_n,,,,,field,private static final MinecraftKey
bvx,p,field_177129_o,,,,,field,private static final MinecraftKey
bue,a,field_110837_a,,,,,field,private static final MinecraftKey
bxo,a,field_177158_a,,,,,field,private static final MinecraftKey
bxo,b,field_177156_b,,,,,field,private final RenderPig
bxo,c,field_177157_c,,,,,field,private final ModelPig
bxa,a,field_177168_a,,,,,field,private final RenderLivingBase<?>
bxx,a,field_177144_a,,,,,field,private final RenderWitch
bxd,a,field_177172_a,,,,,field,private static final MinecraftKey
bxd,b,field_177170_b,,,,,field,private final RenderCreeper
bxd,c,field_177171_c,,,,,field,private final ModelCreeper
bxm,a,field_191364_a,,,,,field,private static final MinecraftKey[]
bxm,b,field_191365_b,,,,,field,private final RenderLlama
bxm,c,field_191366_c,,,,,field,private final ModelLlama
bxz,a,field_177147_a,,,,,field,private static final MinecraftKey
bxz,b,field_177146_b,,,,,field,private final RenderWolf
bxb,a,field_177167_a,,,,,field,private final RenderPlayer
bxw,a,field_177154_a,,,,,field,private final RenderIronGolem
bxf,a,field_177208_a,,,,,field,private final RenderPlayer
bxy,a,field_177217_a,,,,,field,private static final MinecraftKey
bxy,b,field_177215_b,,,,,field,private final RenderWither
bxy,c,field_177216_c,,,,,field,private final ModelWither
bxj,a,field_177203_a,,,,,field,private static final MinecraftKey
bxj,b,field_177202_b,,,,,field,private final RenderEnderman
bxi,a,field_177212_a,,,,,field,private static final MinecraftKey
bxi,b,field_177211_b,,,,,field,private final RenderDragon
bxr,a,field_177161_a,,,,,field,private final RenderSlime
bxr,b,field_177160_b,,,,,field,private final ModelBase
bxs,a,field_177152_a,,,,,field,private final RenderSnowMan
bwz,b,field_177188_b,,,,,field,protected static final MinecraftKey
bwz,c,field_177189_c,,,,,field,protected T
bwz,d,field_177186_d,,,,,field,protected T
bwz,a,field_177190_a,,,,,field,private final RenderLivingBase<?>
bwz,e,field_177187_e,,,,,field,private float
bwz,f,field_177184_f,,,,,field,private float
bwz,g,field_177185_g,,,,,field,private float
bwz,h,field_177192_h,,,,,field,private float
bwz,i,field_177193_i,,,,,field,private boolean
bwz,j,field_177191_j,,,,,field,"private static final Map<String, MinecraftKey>"
bxq,a,field_177165_a,,,,,field,private static final MinecraftKey
bxq,b,field_177163_b,,,,,field,private final RenderSheep
bxq,c,field_177164_c,,,,,field,private final ModelSheep1
bxu,a,field_190092_a,,,,,field,private static final MinecraftKey
bxu,b,field_190093_b,,,,,field,private final RenderLivingBase<?>
bxu,c,field_190094_c,,,,,field,private final ModelSkeleton
bxn,a,field_177205_a,,,,,field,private final RenderMooshroom
bxg,b,field_188355_a,,,,,field,private static final MinecraftKey
bxg,a,field_188356_b,,,,,field,protected final RenderLivingBase<?>
bxg,c,field_188357_c,,,,,field,private final ModelElytra
bxl,b,field_177206_a,,,,,field,protected final RenderLivingBase<?>
bxe,a,field_177209_a,,,,,field,private final ModelRenderer
bxc,a,field_177174_a,,,,,field,private final RenderEnderman
bxt,a,field_177150_a,,,,,field,private static final MinecraftKey
bxt,b,field_177149_b,,,,,field,private final RenderSpider<T>
bwq,a,field_110903_f,,,,,field,private static final MinecraftKey
bwq,j,field_110904_g,,,,,field,private static final MinecraftKey
bwq,k,field_110908_h,,,,,field,private static final MinecraftKey
bwq,l,field_110907_k,,,,,field,private static final MinecraftKey
bwq,m,field_110905_l,,,,,field,private static final MinecraftKey
bwq,n,field_110906_m,,,,,field,private static final MinecraftKey
bum,a,field_177116_j,,,,,field,private static final MinecraftKey
bur,k,field_78729_o,,,,,field,"private final Map<Class<? extends Entity>, Render<? extends Entity>>"
bur,l,field_178636_l,,,,,field,"private final Map<String, RenderPlayer>"
bur,m,field_178637_m,,,,,field,private final RenderPlayer
bur,n,field_78736_p,,,,,field,private FontRenderer
bur,o,field_78725_b,,,,,field,private double
bur,p,field_78726_c,,,,,field,private double
bur,q,field_78723_d,,,,,field,private double
bur,a,field_78724_e,,,,,field,public TextureManager
bur,b,field_78722_g,,,,,field,public World
bur,c,field_78734_h,,,,,field,public Entity
bur,d,field_147941_i,,,,,field,public Entity
bur,e,field_78735_i,,,,,field,public float
bur,f,field_78732_j,,,,,field,public float
bur,g,field_78733_k,,,,,field,public GameSettings
bur,h,field_78730_l,,,,,field,public double
bur,i,field_78731_m,,,,,field,public double
bur,j,field_78728_n,,,,,field,public double
bur,r,field_178639_r,,,,,field,private boolean
bur,s,field_178638_s,,,,,field,private boolean
bur,t,field_85095_o,,,,,field,private boolean
bqg,a,field_187450_a,,,,,field,private static final FloatBuffer
bqg,b,field_187451_b,,,,,field,private static final FloatBuffer
bqg,c,field_179160_a,,,,,field,private static final GlStateManager$AlphaState
bqg,d,field_179158_b,,,,,field,private static final GlStateManager$BooleanState
bqg,e,field_179159_c,,,,,field,private static final GlStateManager$BooleanState[]
bqg,f,field_179156_d,,,,,field,private static final GlStateManager$ColorMaterialState
bqg,g,field_179157_e,,,,,field,private static final GlStateManager$BlendState
bqg,h,field_179154_f,,,,,field,private static final GlStateManager$DepthState
bqg,i,field_179155_g,,,,,field,private static final GlStateManager$FogState
bqg,j,field_179167_h,,,,,field,private static final GlStateManager$CullState
bqg,k,field_179168_i,,,,,field,private static final GlStateManager$PolygonOffsetState
bqg,l,field_179165_j,,,,,field,private static final GlStateManager$ColorLogicState
bqg,m,field_179166_k,,,,,field,private static final GlStateManager$TexGenState
bqg,n,field_179163_l,,,,,field,private static final GlStateManager$ClearState
bqg,o,field_179164_m,,,,,field,private static final GlStateManager$StencilState
bqg,p,field_179161_n,,,,,field,private static final GlStateManager$BooleanState
bqg,q,field_179162_o,,,,,field,private static int
bqg,r,field_179174_p,,,,,field,private static final GlStateManager$TextureState[]
bqg,s,field_179173_q,,,,,field,private static int
bqg,t,field_179172_r,,,,,field,private static final GlStateManager$BooleanState
bqg,u,field_179171_s,,,,,field,private static final GlStateManager$ColorMask
bqg,v,field_179170_t,,,,,field,private static final GlStateManager$Color
bqg$m,a,LINEAR,,,,,enum,
bqg$m,b,EXP,,,,,enum,
bqg$m,c,EXP2,,,,,enum,
bqg$m,d,field_187351_d,,,,,field,public final int
bqg$d,a,field_179205_a,,,,,field,public double
bqg$d,b,field_179203_b,,,,,field,public GlStateManager$Color
bqg$c,a,field_179202_a,,,,,field,private final int
bqg$c,b,field_179201_b,,,,,field,private boolean
bqg$w,a,field_179064_a,,,,,field,public GlStateManager$TexGenCoord
bqg$w,b,field_179062_b,,,,,field,public GlStateManager$TexGenCoord
bqg$w,c,field_179063_c,,,,,field,public GlStateManager$TexGenCoord
bqg$w,d,field_179061_d,,,,,field,public GlStateManager$TexGenCoord
bqg$u,a,S,,,,,enum,
bqg$u,b,T,,,,,enum,
bqg$u,c,R,,,,,enum,
bqg$u,d,Q,,,,,enum,
bqg$l,a,CONSTANT_ALPHA,,,,,enum,
bqg$l,b,CONSTANT_COLOR,,,,,enum,
bqg$l,c,DST_ALPHA,,,,,enum,
bqg$l,d,DST_COLOR,,,,,enum,
bqg$l,e,ONE,,,,,enum,
bqg$l,f,ONE_MINUS_CONSTANT_ALPHA,,,,,enum,
bqg$l,g,ONE_MINUS_CONSTANT_COLOR,,,,,enum,
bqg$l,h,ONE_MINUS_DST_ALPHA,,,,,enum,
bqg$l,i,ONE_MINUS_DST_COLOR,,,,,enum,
bqg$l,j,ONE_MINUS_SRC_ALPHA,,,,,enum,
bqg$l,k,ONE_MINUS_SRC_COLOR,,,,,enum,
bqg$l,l,SRC_ALPHA,,,,,enum,
bqg$l,m,SRC_COLOR,,,,,enum,
bqg$l,n,ZERO,,,,,enum,
bqg$l,o,field_187345_o,,,,,field,public final int
bqg$g,a,field_179188_a,,,,,field,public boolean
bqg$g,b,field_179186_b,,,,,field,public boolean
bqg$g,c,field_179187_c,,,,,field,public boolean
bqg$g,d,field_179185_d,,,,,field,public boolean
bqc,b,field_191274_b,,,,,field,private static final TileEntityShulkerBox[]
bqc,a,field_147719_a,,,,,field,public static TileEntityItemStackRenderer
bqc,c,field_147717_b,,,,,field,private final TileEntityChest
bqc,d,field_147718_c,,,,,field,private final TileEntityChest
bqc,e,field_147716_d,,,,,field,private final TileEntityEnderChest
bqc,f,field_179024_e,,,,,field,private final TileEntityBanner
bqc,g,field_179023_f,,,,,field,private final TileEntitySkull
bqc,h,field_187318_g,,,,,field,private final ModelShield
bzh,a,field_176600_a,,,,,field,public static final VertexFormat
bzh,b,field_176599_b,,,,,field,public static final VertexFormat
bzh,c,field_181703_c,,,,,field,public static final VertexFormat
bzh,d,field_181704_d,,,,,field,public static final VertexFormat
bzh,e,field_181705_e,,,,,field,public static final VertexFormat
bzh,f,field_181706_f,,,,,field,public static final VertexFormat
bzh,g,field_181707_g,,,,,field,public static final VertexFormat
bzh,h,field_181708_h,,,,,field,public static final VertexFormat
bzh,i,field_181709_i,,,,,field,public static final VertexFormat
bzh,j,field_181710_j,,,,,field,public static final VertexFormat
bzh,k,field_181711_k,,,,,field,public static final VertexFormat
bzh,l,field_181712_l,,,,,field,public static final VertexFormat
bzh,m,field_181713_m,,,,,field,public static final VertexFormatElement
bzh,n,field_181714_n,,,,,field,public static final VertexFormatElement
bzh,o,field_181715_o,,,,,field,public static final VertexFormatElement
bzh,p,field_181716_p,,,,,field,public static final VertexFormatElement
bzh,q,field_181717_q,,,,,field,public static final VertexFormatElement
bzh,r,field_181718_r,,,,,field,public static final VertexFormatElement
bzk$b,a,POSITION,,,,,enum,
bzk$b,b,NORMAL,,,,,enum,
bzk$b,c,COLOR,,,,,enum,
bzk$b,d,UV,,,,,enum,
bzk$b,e,MATRIX,,,,,enum,
bzk$b,f,BLEND_WEIGHT,,,,,enum,
bzk$b,g,PADDING,,,,,enum,
bzk$b,h,field_177392_h,,,,,field,private final String
bzk$a,a,FLOAT,,,,,enum,
bzk$a,b,UBYTE,,,,,enum,
bzk$a,c,BYTE,,,,,enum,
bzk$a,d,USHORT,,,,,enum,
bzk$a,e,SHORT,,,,,enum,
bzk$a,f,UINT,,,,,enum,
bzk$a,g,INT,,,,,enum,
bzk$a,h,field_177407_h,,,,,field,private final int
bzk$a,i,field_177408_i,,,,,field,private final String
bzk$a,j,field_177405_j,,,,,field,private final int
bzj,a,field_177357_a,,,,,field,private static final org.apache.logging.log4j.Logger
bzj,b,field_177355_b,,,,,field,private final List<VertexFormatElement>
bzj,c,field_177356_c,,,,,field,private final List<Integer>
bzj,d,field_177353_d,,,,,field,private int
bzj,e,field_177354_e,,,,,field,private int
bzj,f,field_177351_f,,,,,field,private final List<Integer>
bzj,g,field_177352_g,,,,,field,private int
bzk,a,field_177381_a,,,,,field,private static final org.apache.logging.log4j.Logger
bzk,b,field_177379_b,,,,,field,private final VertexFormatElement$EnumType
bzk,c,field_177380_c,,,,,field,private final VertexFormatElement$EnumUsage
bzk,d,field_177377_d,,,,,field,private final int
bzk,e,field_177378_e,,,,,field,private final int
bzi,a,field_177365_a,,,,,field,private int
bzi,b,field_177363_b,,,,,field,private final VertexFormat
bzi,c,field_177364_c,,,,,field,private int
bqm$a,a,field_178036_a,,,,,field,final RenderChunk
bqm$a,b,field_178034_b,,,,,field,final EnumDirection
bqm$a,c,field_178035_c,,,,,field,byte
bqm$a,d,field_178032_d,,,,,field,final int
bqv,a,field_178169_a,,,,,field,protected final RenderGlobal
bqv,b,field_178167_b,,,,,field,protected final World
bqv,c,field_178168_c,,,,,field,protected int
bqv,d,field_178165_d,,,,,field,protected int
bqv,e,field_178166_e,,,,,field,protected int
bqv,f,field_178164_f,,,,,field,public RenderChunk[]
bqu,a,field_178179_a,,,,,field,private VertexBuffer
bqg$k,a,field_179052_a,,,,,field,public GlStateManager$BooleanState
bqg$k,b,field_179050_b,,,,,field,public boolean
bqg$k,c,field_179051_c,,,,,field,public int
bqw$b,a,field_187483_a,,,,,field,public long
bqw$b,b,field_187484_b,,,,,field,public MinecraftKey
bqw$a,a,field_187479_a,,,,,field,"private final Map<String, BannerTextures$CacheEntry>"
bqw$a,b,field_187480_b,,,,,field,private final MinecraftKey
bqw$a,c,field_187481_c,,,,,field,private final String
bqw$a,d,field_187482_d,,,,,field,private final String
bqw,a,field_178466_c,,,,,field,public static final BannerTextures$Cache
bqw,b,field_187485_b,,,,,field,public static final BannerTextures$Cache
bqw,c,field_187486_c,,,,,field,public static final MinecraftKey
bqw,d,field_187487_d,,,,,field,public static final MinecraftKey
bqn,a,field_78438_a,,,,,field,private int[]
bqn,b,field_78436_b,,,,,field,private int
bqn,c,field_78437_c,,,,,field,private int
byv,g,field_147639_c,,,,,field,private static final org.apache.logging.log4j.Logger
byv,f,field_110568_b,,,,,field,protected final MinecraftKey
byo,a,field_110553_a,,,,,field,protected int
byo,b,field_174940_b,,,,,field,protected boolean
byo,c,field_174941_c,,,,,field,protected boolean
byo,d,field_174938_d,,,,,field,protected boolean
byo,e,field_174939_e,,,,,field,protected boolean
bza,a,field_147646_a,,,,,field,private static final org.apache.logging.log4j.Logger
bza,b,field_110585_a,,,,,field,"private final Map<MinecraftKey, ITextureObject>"
bza,c,field_110583_b,,,,,field,private final List<ITickable>
bza,d,field_110584_c,,,,,field,"private final Map<String, Integer>"
bza,e,field_110582_d,,,,,field,private final IResourceManager
byw,a,field_147971_a,,,,,field,private final int
byw,b,field_94319_a,,,,,field,private final Set<Stitcher$Holder>
byw,c,field_94317_b,,,,,field,private final List<Stitcher$Slot>
byw,d,field_94318_c,,,,,field,private int
byw,e,field_94315_d,,,,,field,private int
byw,f,field_94316_e,,,,,field,private final int
byw,g,field_94313_f,,,,,field,private final int
byw,h,field_94323_h,,,,,field,private final int
bys,f,field_174947_f,,,,,field,private static final org.apache.logging.log4j.Logger
bys,g,field_174948_g,,,,,field,private final MinecraftKey
bys,h,field_174949_h,,,,,field,private final List<String>
bys,i,field_174950_i,,,,,field,private final List<EnumColor>
byw$b,a,field_94192_a,,,,,field,private final int
byw$b,b,field_94190_b,,,,,field,private final int
byw$b,c,field_94191_c,,,,,field,private final int
byw$b,d,field_94188_d,,,,,field,private final int
byw$b,e,field_94189_e,,,,,field,private List<Stitcher$Slot>
byw$b,f,field_94187_f,,,,,field,private Stitcher$Holder
byu,a,field_188533_a,,,,,field,public final int
byu,b,field_188534_b,,,,,field,public final int
byz,j,field_110984_i,,,,,field,private final String
byz,a,field_110976_a,,,,,field,protected List<int[][]>
byz,b,field_176605_b,,,,,field,protected int[][]
byz,k,field_110982_k,,,,,field,private AnimationMetadataSection
byz,c,field_130222_e,,,,,field,protected boolean
byz,d,field_110975_c,,,,,field,protected int
byz,e,field_110974_d,,,,,field,protected int
byz,f,field_130223_c,,,,,field,protected int
byz,g,field_130224_d,,,,,field,protected int
byz,l,field_110979_l,,,,,field,private float
byz,m,field_110980_m,,,,,field,private float
byz,n,field_110977_n,,,,,field,private float
byz,o,field_110978_o,,,,,field,private float
byz,h,field_110973_g,,,,,field,protected int
byz,i,field_110983_h,,,,,field,protected int
byy,h,field_147635_d,,,,,field,private static final org.apache.logging.log4j.Logger
byy,f,field_174945_f,,,,,field,public static final MinecraftKey
byy,g,field_110575_b,,,,,field,public static final MinecraftKey
byy,i,field_94258_i,,,,,field,private final List<TextureAtlasSprite>
byy,j,field_110574_e,,,,,field,"private final Map<String, TextureAtlasSprite>"
byy,k,field_94252_e,,,,,field,"private final Map<String, TextureAtlasSprite>"
byy,l,field_94254_c,,,,,field,private final String
byy,m,field_174946_m,,,,,field,private final ITextureMapPopulator
byy,n,field_147636_j,,,,,field,private int
byy,o,field_94249_f,,,,,field,private final TextureAtlasSprite
bzc,c,field_147959_c,,,,,field,private static final org.apache.logging.log4j.Logger
bzc,d,field_111000_c,,,,,field,private static final IntBuffer
bzc,a,field_111001_a,,,,,field,public static final DynamicTexture
bzc,b,field_110999_b,,,,,field,public static final int[]
bzc,e,field_188544_e,,,,,field,private static final float[]
bzc,f,field_147957_g,,,,,field,private static final int[]
byp,f,field_110566_b,,,,,field,private final int[]
byp,g,field_94233_j,,,,,field,private final int
byp,h,field_94234_k,,,,,field,private final int
byw$a,a,field_98151_a,,,,,field,private final TextureAtlasSprite
byw$a,b,field_94204_c,,,,,field,private final int
byw$a,c,field_94201_d,,,,,field,private final int
byw$a,d,field_147968_d,,,,,field,private final int
byw$a,e,field_94202_e,,,,,field,private boolean
byw$a,f,field_94205_a,,,,,field,private float
byt,g,field_147638_c,,,,,field,private static final org.apache.logging.log4j.Logger
byt,f,field_110567_b,,,,,field,public final List<String>
byx,a,field_98149_a,,,,,field,private final Stitcher$Holder
byq,g,field_147644_c,,,,,field,private static final org.apache.logging.log4j.Logger
byq,h,field_147643_d,,,,,field,private static final AtomicInteger
byq,i,field_152434_e,,,,,field,private final File
byq,j,field_110562_b,,,,,field,private final String
byq,k,field_110563_c,,,,,field,private final IImageBuffer
byq,l,field_110560_d,,,,,field,private BufferedImage
byq,m,field_110561_e,,,,,field,private Thread
byq,n,field_110559_g,,,,,field,private boolean
bqg$q,a,DEFAULT,,,,,enum,
bqg$q,b,PLAYER_SKIN,,,,,enum,
bqg$q,c,TRANSPARENT_MODEL,,,,,enum,
bpy,a,field_187316_a,,,,,field,private static final org.apache.logging.log4j.Logger
bpy,b,field_179001_a,,,,,field,private ByteBuffer
bpy,c,field_178999_b,,,,,field,private IntBuffer
bpy,d,field_181676_c,,,,,field,private ShortBuffer
bpy,e,field_179000_c,,,,,field,private FloatBuffer
bpy,f,field_178997_d,,,,,field,private int
bpy,g,field_181677_f,,,,,field,private VertexFormatElement
bpy,h,field_181678_g,,,,,field,private int
bpy,i,field_78939_q,,,,,field,private boolean
bpy,j,field_179006_k,,,,,field,private int
bpy,k,field_179004_l,,,,,field,private double
bpy,l,field_179005_m,,,,,field,private double
bpy,m,field_179002_n,,,,,field,private double
bpy,n,field_179011_q,,,,,field,private VertexFormat
bpy,o,field_179010_r,,,,,field,private boolean
bqg$b,a,field_179213_a,,,,,field,public GlStateManager$BooleanState
bqg$b,b,field_179211_b,,,,,field,public int
bqg$b,c,field_179212_c,,,,,field,public int
bqg$b,d,field_179209_d,,,,,field,public int
bqg$b,e,field_179210_e,,,,,field,public int
bqg$f,a,field_179197_a,,,,,field,public GlStateManager$BooleanState
bqg$f,b,field_179196_b,,,,,field,public int
bqg$o,a,AND,,,,,enum,
bqg$o,b,AND_INVERTED,,,,,enum,
bqg$o,c,AND_REVERSE,,,,,enum,
bqg$o,d,CLEAR,,,,,enum,
bqg$o,e,COPY,,,,,enum,
bqg$o,f,COPY_INVERTED,,,,,enum,
bqg$o,g,EQUIV,,,,,enum,
bqg$o,h,INVERT,,,,,enum,
bqg$o,i,NAND,,,,,enum,
bqg$o,j,NOOP,,,,,enum,
bqg$o,k,NOR,,,,,enum,
bqg$o,l,OR,,,,,enum,
bqg$o,m,OR_INVERTED,,,,,enum,
bqg$o,n,OR_REVERSE,,,,,enum,
bqg$o,o,SET,,,,,enum,
bqg$o,p,XOR,,,,,enum,
bqg$o,q,field_187370_q,,,,,field,public final int
bqa,a,field_179040_a,,,,,field,private final VertexBuffer[]
bet,a,field_74377_a,,,,,field,public int
bet,b,field_74375_b,,,,,field,public int
ccy,a,field_181059_a,,,,,field,public double
ccy,b,field_181060_b,,,,,field,public double
ccy,c,field_181061_c,,,,,field,public double
bev,a,field_73727_a,,,,,field,private String
bev,b,field_73725_b,,,,,field,private final Minecraft
bev,c,field_73726_c,,,,,field,private String
bev,d,field_73723_d,,,,,field,private long
bev,e,field_73724_e,,,,,field,private boolean
bev,f,field_146587_f,,,,,field,private final ScaledResolution
bev,g,field_146588_g,,,,,field,private final Framebuffer
beu,aG,field_151454_ax,,,,,field,private static final org.apache.logging.log4j.Logger
beu,aH,field_151450_ay,,,,,field,private static final com.google.gson.Gson
beu,aI,field_151449_az,,,,,field,private static final Type
beu,a,field_189990_a,,,,,field,public static final com.google.common.base.Splitter
beu,aJ,field_74367_ae,,,,,field,private static final String[]
beu,aK,field_74364_ag,,,,,field,private static final String[]
beu,aL,field_98303_au,,,,,field,private static final String[]
beu,aM,field_181149_aW,,,,,field,private static final String[]
beu,aN,field_186713_aK,,,,,field,private static final String[]
beu,b,field_74341_c,,,,,field,public float
beu,c,field_74338_d,,,,,field,public boolean
beu,d,field_151451_c,,,,,field,public int
beu,e,field_74336_f,,,,,field,public boolean
beu,f,field_74337_g,,,,,field,public boolean
beu,g,field_151448_g,,,,,field,public boolean
beu,h,field_74350_i,,,,,field,public int
beu,i,field_74345_l,,,,,field,public int
beu,j,field_74347_j,,,,,field,public boolean
beu,k,field_74348_k,,,,,field,public int
beu,l,field_151453_l,,,,,field,public List<String>
beu,m,field_183018_l,,,,,field,public List<String>
beu,n,field_74343_n,,,,,field,public EntityHuman$EnumChatVisibility
beu,o,field_74344_o,,,,,field,public boolean
beu,p,field_74359_p,,,,,field,public boolean
beu,q,field_74358_q,,,,,field,public boolean
beu,r,field_74357_r,,,,,field,public float
beu,s,field_74355_t,,,,,field,public boolean
beu,t,field_74353_u,,,,,field,public boolean
beu,u,field_74352_v,,,,,field,public boolean
beu,v,field_178881_t,,,,,field,public boolean
beu,w,field_178879_v,,,,,field,public boolean
beu,x,field_80005_w,,,,,field,public boolean
beu,y,field_82882_x,,,,,field,public boolean
beu,z,field_82881_y,,,,,field,public boolean
beu,aO,field_178882_aU,,,,,field,private final Set<EnumPlayerModelParts>
beu,A,field_85185_A,,,,,field,public boolean
beu,B,field_186715_A,,,,,field,public EnumMainHand
beu,C,field_92118_B,,,,,field,public int
beu,D,field_92119_C,,,,,field,public int
beu,E,field_92117_D,,,,,field,public boolean
beu,F,field_96691_E,,,,,field,public float
beu,G,field_96692_F,,,,,field,public float
beu,H,field_96693_G,,,,,field,public float
beu,I,field_96694_H,,,,,field,public float
beu,J,field_151441_H,,,,,field,public boolean
beu,K,field_151442_I,,,,,field,public int
beu,aP,field_186714_aM,,,,,field,"private final Map<SoundCategory, Float>"
beu,L,field_181150_U,,,,,field,public boolean
beu,M,field_181151_V,,,,,field,public boolean
beu,N,field_186716_M,,,,,field,public int
beu,O,field_189422_N,,,,,field,public boolean
beu,P,field_186717_N,,,,,field,public boolean
beu,Q,field_183509_X,,,,,field,public boolean
beu,R,field_189989_R,,,,,field,public boolean
beu,S,field_74351_w,,,,,field,public KeyBinding
beu,T,field_74370_x,,,,,field,public KeyBinding
beu,U,field_74368_y,,,,,field,public KeyBinding
beu,V,field_74366_z,,,,,field,public KeyBinding
beu,W,field_74314_A,,,,,field,public KeyBinding
beu,X,field_74311_E,,,,,field,public KeyBinding
beu,Y,field_151444_V,,,,,field,public KeyBinding
beu,Z,field_151445_Q,,,,,field,public KeyBinding
beu,aa,field_186718_X,,,,,field,public KeyBinding
beu,ab,field_74316_C,,,,,field,public KeyBinding
beu,ac,field_74313_G,,,,,field,public KeyBinding
beu,ad,field_74312_F,,,,,field,public KeyBinding
beu,ae,field_74322_I,,,,,field,public KeyBinding
beu,af,field_74310_D,,,,,field,public KeyBinding
beu,ag,field_74321_H,,,,,field,public KeyBinding
beu,ah,field_74323_J,,,,,field,public KeyBinding
beu,ai,field_151447_Z,,,,,field,public KeyBinding
beu,aj,field_151457_aa,,,,,field,public KeyBinding
beu,ak,field_151458_ab,,,,,field,public KeyBinding
beu,al,field_152395_am,,,,,field,public KeyBinding
beu,am,field_178883_an,,,,,field,public KeyBinding
beu,an,field_151456_ac,,,,,field,public KeyBinding[]
beu,ao,field_74324_K,,,,,field,public KeyBinding[]
beu,ap,field_74317_L,,,,,field,protected Minecraft
beu,aQ,field_74354_ai,,,,,field,private File
beu,aq,field_74318_M,,,,,field,public EnumDifficulty
beu,ar,field_74319_N,,,,,field,public boolean
beu,as,field_74320_O,,,,,field,public int
beu,at,field_74330_P,,,,,field,public boolean
beu,au,field_74329_Q,,,,,field,public boolean
beu,av,field_181657_aC,,,,,field,public boolean
beu,aw,field_74332_R,,,,,field,public String
beu,ax,field_74326_T,,,,,field,public boolean
beu,ay,field_74325_U,,,,,field,public boolean
beu,az,field_74334_X,,,,,field,public float
beu,aA,field_74333_Y,,,,,field,public float
beu,aB,field_151452_as,,,,,field,public float
beu,aC,field_74335_Z,,,,,field,public int
beu,aD,field_74362_aa,,,,,field,public int
beu,aE,field_74363_ab,,,,,field,public String
beu,aF,field_151455_aw,,,,,field,public boolean
bln,e,field_78116_c,,,,,field,public ModelRenderer
bln,f,field_178720_f,,,,,field,public ModelRenderer
bln,g,field_78115_e,,,,,field,public ModelRenderer
bln,h,field_178723_h,,,,,field,public ModelRenderer
bln,i,field_178724_i,,,,,field,public ModelRenderer
bln,j,field_178721_j,,,,,field,public ModelRenderer
bln,k,field_178722_k,,,,,field,public ModelRenderer
bln,l,field_187075_l,,,,,field,public ModelBiped$ArmPose
bln,m,field_187076_m,,,,,field,public ModelBiped$ArmPose
bln,n,field_78117_n,,,,,field,public boolean
ble,a,field_187060_a,,,,,field,private final ModelRenderer
ble,b,field_187061_b,,,,,field,private final ModelRenderer
bls,i,field_191226_i,,,,,field,private final ModelRenderer
bls,j,field_191227_j,,,,,field,private final ModelRenderer
bmz,a,field_82905_a,,,,,field,private final ModelRenderer[]
bmz,b,field_82904_b,,,,,field,private final ModelRenderer[]
bmb,a,field_78150_a,,,,,field,public ModelRenderer
bmb,b,field_78148_b,,,,,field,public ModelRenderer
bmb,c,field_78149_c,,,,,field,public ModelRenderer
bmb,d,field_78146_d,,,,,field,public ModelRenderer
bmb,e,field_78147_e,,,,,field,public ModelRenderer
bmb,f,field_78144_f,,,,,field,public ModelRenderer
bmb,g,field_78145_g,,,,,field,protected float
bmb,h,field_78151_h,,,,,field,protected float
blv,o,field_78095_p,,,,,field,public float
blv,p,field_78093_q,,,,,field,public boolean
blv,q,field_78091_s,,,,,field,public boolean
blv,r,field_78092_r,,,,,field,public List<ModelRenderer>
blv,a,field_78094_a,,,,,field,"private final Map<String, TextureOffset>"
blv,s,field_78090_t,,,,,field,public int
blv,t,field_78089_u,,,,,field,public int
bmt,a,field_191229_a,,,,,field,protected ModelRenderer
bmt,b,field_191230_b,,,,,field,protected ModelRenderer
bni,a,field_78801_a,,,,,field,public float
bni,b,field_78799_b,,,,,field,public float
bni,r,field_78803_o,,,,,field,private int
bni,s,field_78813_p,,,,,field,private int
bni,c,field_78800_c,,,,,field,public float
bni,d,field_78797_d,,,,,field,public float
bni,e,field_78798_e,,,,,field,public float
bni,f,field_78795_f,,,,,field,public float
bni,g,field_78796_g,,,,,field,public float
bni,h,field_78808_h,,,,,field,public float
bni,t,field_78812_q,,,,,field,private boolean
bni,u,field_78811_r,,,,,field,private int
bni,i,field_78809_i,,,,,field,public boolean
bni,j,field_78806_j,,,,,field,public boolean
bni,k,field_78807_k,,,,,field,public boolean
bni,l,field_78804_l,,,,,field,public List<ModelBox>
bni,m,field_78805_m,,,,,field,public List<ModelRenderer>
bni,n,field_78802_n,,,,,field,public final String
bni,v,field_78810_s,,,,,field,private final ModelBase
bni,o,field_82906_o,,,,,field,public float
bni,p,field_82908_p,,,,,field,public float
bni,q,field_82907_q,,,,,field,public float
bnj,a,field_78783_a,,,,,field,public final int
bnj,b,field_78782_b,,,,,field,public final int
bng,h,field_78253_h,,,,,field,private final PositionTextureVertex[]
bng,i,field_78254_i,,,,,field,private final TexturedQuad[]
bng,a,field_78252_a,,,,,field,public final float
bng,b,field_78250_b,,,,,field,public final float
bng,c,field_78251_c,,,,,field,public final float
bng,d,field_78248_d,,,,,field,public final float
bng,e,field_78249_e,,,,,field,public final float
bng,f,field_78246_f,,,,,field,public final float
bng,g,field_78247_g,,,,,field,public String
bmf,a,field_187063_a,,,,,field,public ModelRenderer
bmf,b,field_187064_b,,,,,field,public ModelRenderer
bnc,a,field_187070_a,,,,,field,private final ModelRenderer
bnc,b,field_187071_b,,,,,field,private final ModelRenderer
bne,a,field_78230_a,,,,,field,private final ModelRenderer
bne,b,field_78228_b,,,,,field,private final ModelRenderer
bne,c,field_78229_c,,,,,field,private ModelRenderer
bnd,a,field_78221_a,,,,,field,private final ModelRenderer
bnd,b,field_78219_b,,,,,field,private final ModelRenderer
bnd,c,field_78220_c,,,,,field,private final ModelRenderer
bnd,d,field_78217_d,,,,,field,private final ModelRenderer
bnd,e,field_78218_e,,,,,field,private final ModelRenderer
bnd,f,field_78215_f,,,,,field,private final ModelRenderer
bnd,g,field_78216_g,,,,,field,private final ModelRenderer
bnd,h,field_78226_h,,,,,field,private final ModelRenderer
bnd,i,field_78227_i,,,,,field,private final ModelRenderer
bnd,j,field_78224_j,,,,,field,private final ModelRenderer
bnd,k,field_78225_k,,,,,field,private final ModelRenderer
bnd,l,field_78222_l,,,,,field,private final ModelRenderer
bnd,m,field_78223_m,,,,,field,private float
bku,a,field_178740_a,,,,,field,public ModelRenderer
bku,b,field_178738_b,,,,,field,public ModelRenderer
bku,c,field_178739_c,,,,,field,public ModelRenderer
bku,d,field_178737_d,,,,,field,public ModelRenderer
bkv,a,field_178690_a,,,,,field,public ModelRenderer
bkv,b,field_178688_b,,,,,field,public ModelRenderer
bkv,c,field_178689_c,,,,,field,public ModelRenderer
bln$a,a,EMPTY,,,,,enum,
bln$a,b,ITEM,,,,,enum,
bln$a,c,BLOCK,,,,,enum,
bln$a,d,BOW_AND_ARROW,,,,,enum,
blt,a,field_191225_a,,,,,field,private final ModelRenderer
bmu,a,field_78178_a,,,,,field,public ModelRenderer
bmu,b,field_78176_b,,,,,field,public ModelRenderer
bmu,c,field_78177_c,,,,,field,public ModelRenderer
bmu,d,field_78174_d,,,,,field,public ModelRenderer
bmu,e,field_78175_e,,,,,field,public ModelRenderer
bmu,f,field_78173_f,,,,,field,public ModelRenderer
bkw,a,field_82895_a,,,,,field,private final ModelRenderer
bkw,b,field_82893_b,,,,,field,private final ModelRenderer
bkw,c,field_82894_c,,,,,field,private final ModelRenderer
bkw,d,field_82891_d,,,,,field,private final ModelRenderer
bkw,e,field_82892_e,,,,,field,private final ModelRenderer
bkw,f,field_82890_f,,,,,field,private final ModelRenderer
blj,a,field_78128_a,,,,,field,ModelRenderer
blj,b,field_78127_b,,,,,field,ModelRenderer[]
bkx,a,field_78106_a,,,,,field,private final ModelRenderer[]
bkx,b,field_78105_b,,,,,field,private final ModelRenderer
bmh,a,field_187067_b,,,,,field,public final ModelRenderer
bmh,b,field_187068_c,,,,,field,public final ModelRenderer
bmh,c,field_187066_a,,,,,field,public ModelRenderer
bly,a,field_178734_a,,,,,field,public ModelRenderer
bly,b,field_178732_b,,,,,field,public ModelRenderer
bly,c,field_178733_c,,,,,field,public ModelRenderer
bly,d,field_178731_d,,,,,field,public ModelRenderer
bly,u,field_178730_v,,,,,field,public ModelRenderer
bly,v,field_178729_w,,,,,field,private final ModelRenderer
bly,w,field_178736_x,,,,,field,private final ModelRenderer
bly,x,field_178735_y,,,,,field,private final boolean
bmg,a,field_187069_a,,,,,field,public ModelRenderer
bmi,a,field_78166_a,,,,,field,public ModelRenderer
bmi,b,field_78165_b,,,,,field,public ModelRenderer
bmn,a,field_78200_a,,,,,field,ModelRenderer
bmn,b,field_78198_b,,,,,field,ModelRenderer
bmn,c,field_78199_c,,,,,field,ModelRenderer
bmn,d,field_78197_d,,,,,field,ModelRenderer
bma,a,field_78239_a,,,,,field,public PositionTextureVertex[]
bma,b,field_78237_b,,,,,field,public int
bma,c,field_78238_c,,,,,field,private boolean
bms,a,field_78243_a,,,,,field,public Vec3D
bms,b,field_78241_b,,,,,field,public float
bms,c,field_78242_c,,,,,field,public float
bna,a,field_78185_a,,,,,field,public ModelRenderer
bna,b,field_78183_b,,,,,field,public ModelRenderer
bna,c,field_78184_c,,,,,field,public ModelRenderer
bna,d,field_78181_d,,,,,field,public ModelRenderer
bna,e,field_78182_e,,,,,field,public ModelRenderer
bna,f,field_78179_f,,,,,field,public ModelRenderer
bna,g,field_78180_g,,,,,field,ModelRenderer
bna,h,field_78186_h,,,,,field,ModelRenderer
bmc,a,field_178698_a,,,,,field,private final ModelRenderer
bmc,b,field_178696_b,,,,,field,private final ModelRenderer
bmc,c,field_178697_c,,,,,field,private final ModelRenderer
bmc,d,field_178694_d,,,,,field,private final ModelRenderer
bmc,e,field_178695_e,,,,,field,private final ModelRenderer
bmc,f,field_178692_f,,,,,field,private final ModelRenderer
bmc,g,field_178693_g,,,,,field,private final ModelRenderer
bmc,h,field_178704_h,,,,,field,private final ModelRenderer
bmc,i,field_178705_i,,,,,field,private final ModelRenderer
bmc,j,field_178702_j,,,,,field,private final ModelRenderer
bmc,k,field_178703_k,,,,,field,private final ModelRenderer
bmc,l,field_178700_l,,,,,field,private final ModelRenderer
bmc,m,field_178701_m,,,,,field,private float
blf,a,field_78126_a,,,,,field,public boolean
blf,b,field_78125_b,,,,,field,public boolean
bmk,a,field_82896_a,,,,,field,public ModelRenderer
bmv,a,field_78191_a,,,,,field,public ModelRenderer
bmv,b,field_78189_b,,,,,field,public ModelRenderer
bmv,c,field_78190_c,,,,,field,public ModelRenderer
bmv,d,field_78187_d,,,,,field,public ModelRenderer
bmv,e,field_78188_e,,,,,field,public ModelRenderer
bmv,f,field_82898_f,,,,,field,public ModelRenderer
bkz,a,field_78102_a,,,,,field,public ModelRenderer
bkz,b,field_78100_b,,,,,field,public ModelRenderer
bkz,c,field_78101_c,,,,,field,public ModelRenderer
bkz,d,field_78098_d,,,,,field,public ModelRenderer
bkz,e,field_78099_e,,,,,field,public ModelRenderer
bkz,f,field_78096_f,,,,,field,public ModelRenderer
bkz,g,field_78097_g,,,,,field,public ModelRenderer
bmo,a,field_78196_a,,,,,field,public ModelRenderer
bmo,b,field_78194_b,,,,,field,public ModelRenderer
bmo,c,field_78195_c,,,,,field,public ModelRenderer
bmo,d,field_78192_d,,,,,field,public ModelRenderer
bmo,e,field_78193_e,,,,,field,public ModelRenderer
blk,a,field_178710_a,,,,,field,private final ModelRenderer
blk,b,field_178708_b,,,,,field,private final ModelRenderer
blk,c,field_178709_c,,,,,field,private final ModelRenderer[]
blk,d,field_178707_d,,,,,field,private final ModelRenderer[]
bll,a,field_110709_a,,,,,field,private final ModelRenderer
bll,b,field_178711_b,,,,,field,private final ModelRenderer
bll,c,field_178712_c,,,,,field,private final ModelRenderer
bll,d,field_110705_d,,,,,field,private final ModelRenderer
bll,e,field_110706_e,,,,,field,private final ModelRenderer
bll,f,field_110703_f,,,,,field,private final ModelRenderer
bll,g,field_110704_g,,,,,field,private final ModelRenderer
bll,h,field_110716_h,,,,,field,private final ModelRenderer
bll,i,field_110717_i,,,,,field,private final ModelRenderer
bll,j,field_110714_j,,,,,field,private final ModelRenderer
bll,k,field_110715_k,,,,,field,private final ModelRenderer
bll,l,field_110712_l,,,,,field,private final ModelRenderer
bll,m,field_110713_m,,,,,field,private final ModelRenderer
bll,n,field_110710_n,,,,,field,private final ModelRenderer
bll,u,field_110711_o,,,,,field,private final ModelRenderer
bll,v,field_110719_v,,,,,field,private final ModelRenderer
bll,w,field_110718_w,,,,,field,private final ModelRenderer
bll,x,field_110722_x,,,,,field,private final ModelRenderer
bll,y,field_110721_y,,,,,field,private final ModelRenderer
bll,z,field_110720_z,,,,,field,private final ModelRenderer
bll,A,field_110688_A,,,,,field,private final ModelRenderer
bll,B,field_110689_B,,,,,field,private final ModelRenderer
bll,C,field_110690_C,,,,,field,private final ModelRenderer
bll,D,field_110684_D,,,,,field,private final ModelRenderer
bll,E,field_110685_E,,,,,field,private final ModelRenderer
bll,F,field_110686_F,,,,,field,private final ModelRenderer
bll,G,field_110687_G,,,,,field,private final ModelRenderer
bll,H,field_110695_H,,,,,field,private final ModelRenderer
bll,I,field_110696_I,,,,,field,private final ModelRenderer
bll,J,field_110697_J,,,,,field,private final ModelRenderer
bll,K,field_110698_K,,,,,field,private final ModelRenderer
bll,L,field_110691_L,,,,,field,private final ModelRenderer
bll,M,field_110692_M,,,,,field,private final ModelRenderer
bll,N,field_110693_N,,,,,field,private final ModelRenderer
bll,O,field_110694_O,,,,,field,private final ModelRenderer
bll,P,field_110700_P,,,,,field,private final ModelRenderer
bll,Q,field_110699_Q,,,,,field,private final ModelRenderer
bll,R,field_110702_R,,,,,field,private final ModelRenderer
bll,S,field_110701_S,,,,,field,private final ModelRenderer
blw,a,field_78161_a,,,,,field,private final ModelRenderer
blw,b,field_78159_b,,,,,field,private final ModelRenderer
blw,c,field_78160_c,,,,,field,private final ModelRenderer
blw,d,field_78157_d,,,,,field,private final ModelRenderer
blw,e,field_78158_e,,,,,field,private final ModelRenderer
blw,f,field_78155_f,,,,,field,private final ModelRenderer
blw,g,field_78156_g,,,,,field,private final ModelRenderer
blw,h,field_78162_h,,,,,field,private final ModelRenderer
blw,i,field_78163_i,,,,,field,private int
bme,i,field_78153_i,,,,,field,private float
blo,a,field_191217_a,,,,,field,public ModelRenderer
blo,b,field_191218_b,,,,,field,public ModelRenderer
blo,c,field_191219_c,,,,,field,public ModelRenderer
blo,d,field_191220_d,,,,,field,public ModelRenderer
blo,e,field_191221_e,,,,,field,public ModelRenderer
blo,f,field_191222_f,,,,,field,public ModelRenderer
blo,g,field_191223_g,,,,,field,public ModelRenderer
blo,h,field_191224_h,,,,,field,public ModelRenderer
bla,a,field_78234_a,,,,,field,public ModelRenderer
bla,b,field_78232_b,,,,,field,public ModelRenderer
bla,c,field_78233_c,,,,,field,public ModelRenderer
bmp,a,field_78209_a,,,,,field,public ModelRenderer
bmp,b,field_78207_b,,,,,field,public ModelRenderer
bmp,c,field_78208_c,,,,,field,public ModelRenderer
bmp,d,field_78205_d,,,,,field,public ModelRenderer
bmp,e,field_78206_e,,,,,field,public ModelRenderer
bmp,f,field_78203_f,,,,,field,public ModelRenderer
bmp,g,field_78204_g,,,,,field,public ModelRenderer
bmp,h,field_78212_h,,,,,field,public ModelRenderer
bmp,i,field_78213_i,,,,,field,public ModelRenderer
bmp,j,field_78210_j,,,,,field,public ModelRenderer
bmp,k,field_78211_k,,,,,field,public ModelRenderer
bmy,g,field_82900_g,,,,,field,public boolean
bmy,h,field_82901_h,,,,,field,private final ModelRenderer
bmy,i,field_82902_i,,,,,field,private final ModelRenderer
blg,a,field_178716_a,,,,,field,private static final int[][]
blg,b,field_178714_b,,,,,field,private static final int[][]
blg,c,field_178715_c,,,,,field,private static final int
blg,d,field_178713_d,,,,,field,private final ModelRenderer[]
blu,a,field_78154_a,,,,,field,public ModelRenderer[]
blb,a,field_78142_a,,,,,field,public ModelRenderer
blb,b,field_78140_b,,,,,field,public ModelRenderer
blb,c,field_78141_c,,,,,field,public ModelRenderer
blb,d,field_78138_d,,,,,field,public ModelRenderer
blb,e,field_78139_e,,,,,field,public ModelRenderer
blb,f,field_78136_f,,,,,field,public ModelRenderer
blb,g,field_78137_g,,,,,field,public ModelRenderer
blb,h,field_78143_h,,,,,field,public ModelRenderer
bmd,i,field_78152_i,,,,,field,private float
blm,b,field_178717_b,,,,,field,private final ModelRenderer
blh,a,field_191213_a,,,,,field,private final ModelRenderer
blh,b,field_191214_b,,,,,field,private final ModelRenderer
blh,c,field_191215_c,,,,,field,private final ModelRenderer
bmj,a,field_78171_a,,,,,field,private final ModelRenderer[]
bmj,b,field_78169_b,,,,,field,private final ModelRenderer[]
bmj,c,field_78170_c,,,,,field,private final float[]
bmj,d,field_78167_d,,,,,field,private static final int[][]
bmj,e,field_78168_e,,,,,field,private static final int[][]
bld,a,field_78135_a,,,,,field,public ModelRenderer
bld,b,field_78133_b,,,,,field,public ModelRenderer
bld,c,field_78134_c,,,,,field,public ModelRenderer
bld,d,field_78131_d,,,,,field,public ModelRenderer
bld,e,field_78132_e,,,,,field,public ModelRenderer
bld,f,field_78129_f,,,,,field,public ModelRenderer
bld,g,field_78130_g,,,,,field,public ModelRenderer
bky,a,field_78103_a,,,,,field,public ModelRenderer[]
bky,b,field_187057_b,,,,,field,public ModelRenderer[]
bky,c,field_187058_c,,,,,field,public ModelRenderer
bky,d,field_187059_d,,,,,field,private final int
bmq,a,field_78202_a,,,,,field,ModelRenderer
bmq,b,field_78201_b,,,,,field,ModelRenderer[]
blq,a,field_78109_a,,,,,field,ModelRenderer[]
blq,b,field_78108_b,,,,,field,ModelRenderer
blr,a,field_110723_a,,,,,field,public ModelRenderer
bkp$e,a,field_178752_a,,,,,field,public final Session
bkp$e,b,field_178750_b,,,,,field,public final com.mojang.authlib.properties.PropertyMap
bkp$e,c,field_181172_c,,,,,field,public final com.mojang.authlib.properties.PropertyMap
bkp$e,d,field_178751_c,,,,,field,public final Proxy
bkp,a,field_178745_a,,,,,field,public final GameConfiguration$UserInformation
bkp,b,field_178743_b,,,,,field,public final GameConfiguration$DisplayInformation
bkp,c,field_178744_c,,,,,field,public final GameConfiguration$FolderInformation
bkp,d,field_178741_d,,,,,field,public final GameConfiguration$GameInformation
bkp,e,field_178742_e,,,,,field,public final GameConfiguration$ServerInformation
bkp$b,a,field_178760_a,,,,,field,public final File
bkp$b,b,field_178758_b,,,,,field,public final File
bkp$b,c,field_178759_c,,,,,field,public final File
bkp$b,d,field_178757_d,,,,,field,public final String
bkp$c,a,field_178756_a,,,,,field,public final boolean
bkp$c,b,field_178755_b,,,,,field,public final String
bkp$c,c,field_187053_c,,,,,field,public final String
bkp$a,a,field_178764_a,,,,,field,public final int
bkp$a,b,field_178762_b,,,,,field,public final int
bkp$a,c,field_178763_c,,,,,field,public final boolean
bkp$a,d,field_178761_d,,,,,field,public final boolean
bkp$d,a,field_178754_a,,,,,field,public final String
bkp$d,b,field_178753_b,,,,,field,public final int
beo,a,field_74543_a,,,,,field,private final int
beo,b,field_74541_b,,,,,field,private final IChatBaseComponent
beo,c,field_74542_c,,,,,field,private final int
beq,a,field_74522_a,,,,,field,private static final FloatBuffer
beq,b,field_82884_b,,,,,field,private static final Vec3D
beq,c,field_82885_c,,,,,field,private static final Vec3D
net/minecraft/realms/RealmsVertexFormat,v,v,,,,,field,private VertexFormat
net/minecraft/realms/RealmsClickableScrolledSelectionList,proxy,proxy,,,,,field,private final GuiClickableScrolledSelectionListProxy
net/minecraft/realms/RealmsAnvilLevelStorageSource,levelStorageSource,levelStorageSource,,,,,field,private final Convertable
net/minecraft/realms/RealmsBridge,LOGGER,LOGGER,,,,,field,private static final org.apache.logging.log4j.Logger
net/minecraft/realms/RealmsBridge,previousScreen,previousScreen,,,,,field,private GuiScreen
net/minecraft/realms/RealmsLevelSummary,levelSummary,levelSummary,,,,,field,private final WorldSummary
net/minecraft/realms/RealmsScrolledSelectionList,proxy,proxy,,,,,field,private final GuiSlotRealmsProxy
net/minecraft/realms/RealmsBufferBuilder,b,b,,,,,field,private VertexBuffer
net/minecraft/realms/RealmsScreen,SKIN_HEAD_U,SKIN_HEAD_U,,,,,field,public static final int
net/minecraft/realms/RealmsScreen,SKIN_HEAD_V,SKIN_HEAD_V,,,,,field,public static final int
net/minecraft/realms/RealmsScreen,SKIN_HEAD_WIDTH,SKIN_HEAD_WIDTH,,,,,field,public static final int
net/minecraft/realms/RealmsScreen,SKIN_HEAD_HEIGHT,SKIN_HEAD_HEIGHT,,,,,field,public static final int
net/minecraft/realms/RealmsScreen,SKIN_HAT_U,SKIN_HAT_U,,,,,field,public static final int
net/minecraft/realms/RealmsScreen,SKIN_HAT_V,SKIN_HAT_V,,,,,field,public static final int
net/minecraft/realms/RealmsScreen,SKIN_HAT_WIDTH,SKIN_HAT_WIDTH,,,,,field,public static final int
net/minecraft/realms/RealmsScreen,SKIN_HAT_HEIGHT,SKIN_HAT_HEIGHT,,,,,field,public static final int
net/minecraft/realms/RealmsScreen,SKIN_TEX_WIDTH,SKIN_TEX_WIDTH,,,,,field,public static final int
net/minecraft/realms/RealmsScreen,SKIN_TEX_HEIGHT,SKIN_TEX_HEIGHT,,,,,field,public static final int
net/minecraft/realms/RealmsScreen,minecraft,minecraft,,,,,field,protected Minecraft
net/minecraft/realms/RealmsScreen,width,width,,,,,field,public int
net/minecraft/realms/RealmsScreen,height,height,,,,,field,public int
net/minecraft/realms/RealmsScreen,proxy,proxy,,,,,field,private final GuiScreenRealmsProxy
net/minecraft/realms/RealmsSliderButton,value,value,,,,,field,public float
net/minecraft/realms/RealmsSliderButton,sliding,sliding,,,,,field,public boolean
net/minecraft/realms/RealmsSliderButton,minValue,minValue,,,,,field,private final float
net/minecraft/realms/RealmsSliderButton,maxValue,maxValue,,,,,field,private final float
net/minecraft/realms/RealmsSliderButton,steps,steps,,,,,field,private int
net/minecraft/realms/RealmsVertexFormatElement,v,v,,,,,field,private final VertexFormatElement
net/minecraft/realms/RealmsServerAddress,host,host,,,,,field,private final String
net/minecraft/realms/RealmsServerAddress,port,port,,,,,field,private final int
net/minecraft/realms/RealmsSharedConstants,NETWORK_PROTOCOL_VERSION,NETWORK_PROTOCOL_VERSION,,,,,field,public static int
net/minecraft/realms/RealmsSharedConstants,TICKS_PER_SECOND,TICKS_PER_SECOND,,,,,field,public static int
net/minecraft/realms/RealmsSharedConstants,VERSION_STRING,VERSION_STRING,,,,,field,public static String
net/minecraft/realms/RealmsSharedConstants,ILLEGAL_FILE_CHARACTERS,ILLEGAL_FILE_CHARACTERS,,,,,field,public static char[]
net/minecraft/realms/RealmsSimpleScrolledSelectionList,proxy,proxy,,,,,field,private final GuiSimpleScrolledSelectionListProxy
net/minecraft/realms/RealmsButton,WIDGETS_LOCATION,WIDGETS_LOCATION,,,,,field,protected static final MinecraftKey
net/minecraft/realms/RealmsButton,proxy,proxy,,,,,field,private final GuiButtonRealmsProxy
net/minecraft/realms/RealmsDefaultVertexFormat,BLOCK,BLOCK,,,,,field,public static final RealmsVertexFormat
net/minecraft/realms/RealmsDefaultVertexFormat,BLOCK_NORMALS,BLOCK_NORMALS,,,,,field,public static final RealmsVertexFormat
net/minecraft/realms/RealmsDefaultVertexFormat,ENTITY,ENTITY,,,,,field,public static final RealmsVertexFormat
net/minecraft/realms/RealmsDefaultVertexFormat,PARTICLE,PARTICLE,,,,,field,public static final RealmsVertexFormat
net/minecraft/realms/RealmsDefaultVertexFormat,POSITION,POSITION,,,,,field,public static final RealmsVertexFormat
net/minecraft/realms/RealmsDefaultVertexFormat,POSITION_COLOR,POSITION_COLOR,,,,,field,public static final RealmsVertexFormat
net/minecraft/realms/RealmsDefaultVertexFormat,POSITION_TEX,POSITION_TEX,,,,,field,public static final RealmsVertexFormat
net/minecraft/realms/RealmsDefaultVertexFormat,POSITION_NORMAL,POSITION_NORMAL,,,,,field,public static final RealmsVertexFormat
net/minecraft/realms/RealmsDefaultVertexFormat,POSITION_TEX_COLOR,POSITION_TEX_COLOR,,,,,field,public static final RealmsVertexFormat
net/minecraft/realms/RealmsDefaultVertexFormat,POSITION_TEX_NORMAL,POSITION_TEX_NORMAL,,,,,field,public static final RealmsVertexFormat
net/minecraft/realms/RealmsDefaultVertexFormat,POSITION_TEX2_COLOR,POSITION_TEX2_COLOR,,,,,field,public static final RealmsVertexFormat
net/minecraft/realms/RealmsDefaultVertexFormat,POSITION_TEX_COLOR_NORMAL,POSITION_TEX_COLOR_NORMAL,,,,,field,public static final RealmsVertexFormat
net/minecraft/realms/RealmsDefaultVertexFormat,ELEMENT_POSITION,ELEMENT_POSITION,,,,,field,public static final RealmsVertexFormatElement
net/minecraft/realms/RealmsDefaultVertexFormat,ELEMENT_COLOR,ELEMENT_COLOR,,,,,field,public static final RealmsVertexFormatElement
net/minecraft/realms/RealmsDefaultVertexFormat,ELEMENT_UV0,ELEMENT_UV0,,,,,field,public static final RealmsVertexFormatElement
net/minecraft/realms/RealmsDefaultVertexFormat,ELEMENT_UV1,ELEMENT_UV1,,,,,field,public static final RealmsVertexFormatElement
net/minecraft/realms/RealmsDefaultVertexFormat,ELEMENT_NORMAL,ELEMENT_NORMAL,,,,,field,public static final RealmsVertexFormatElement
net/minecraft/realms/RealmsDefaultVertexFormat,ELEMENT_PADDING,ELEMENT_PADDING,,,,,field,public static final RealmsVertexFormatElement
net/minecraft/realms/DisconnectedRealmsScreen,title,title,,,,,field,private final String
net/minecraft/realms/DisconnectedRealmsScreen,reason,reason,,,,,field,private final IChatBaseComponent
net/minecraft/realms/DisconnectedRealmsScreen,lines,lines,,,,,field,private List<String>
net/minecraft/realms/DisconnectedRealmsScreen,parent,parent,,,,,field,private final RealmsScreen
net/minecraft/realms/DisconnectedRealmsScreen,textHeight,textHeight,,,,,field,private int
net/minecraft/realms/Tezzelator,t,t,,,,,field,public static Tessellator
net/minecraft/realms/Tezzelator,instance,instance,,,,,field,public static final Tezzelator
net/minecraft/realms/RealmsEditBox,editBox,editBox,,,,,field,private final GuiTextField
net/minecraft/realms/RealmsConnect,LOGGER,LOGGER,,,,,field,private static final org.apache.logging.log4j.Logger
net/minecraft/realms/RealmsConnect,onlineScreen,onlineScreen,,,,,field,private final RealmsScreen
net/minecraft/realms/RealmsConnect,aborted,aborted,,,,,field,private volatile boolean
net/minecraft/realms/RealmsConnect,connection,connection,,,,,field,private NetworkManager
cdb,T,field_188787_T,,,,,field,private static final org.apache.logging.log4j.Logger
cdb,a,field_153197_d,,,,,field,public static boolean
cdb,b,field_181063_b,,,,,field,public static boolean
cdb,c,field_153198_e,,,,,field,public static int
cdb,d,field_153199_f,,,,,field,public static int
cdb,e,field_153200_g,,,,,field,public static int
cdb,f,field_153201_h,,,,,field,public static int
cdb,g,field_153202_i,,,,,field,public static int
cdb,h,field_153203_j,,,,,field,public static int
cdb,i,field_153204_k,,,,,field,public static int
cdb,j,field_153205_l,,,,,field,public static int
cdb,k,field_153206_m,,,,,field,public static int
cdb,U,field_153212_w,,,,,field,private static OpenGlHelper$FboMode
cdb,l,field_148823_f,,,,,field,public static boolean
cdb,V,field_153213_x,,,,,field,private static boolean
cdb,W,field_153214_y,,,,,field,private static boolean
cdb,m,field_153207_o,,,,,field,public static int
cdb,n,field_153208_p,,,,,field,public static int
cdb,o,field_153209_q,,,,,field,public static int
cdb,p,field_153210_r,,,,,field,public static int
cdb,X,field_153215_z,,,,,field,private static boolean
cdb,q,field_77478_a,,,,,field,public static int
cdb,r,field_77476_b,,,,,field,public static int
cdb,s,field_176096_r,,,,,field,public static int
cdb,Y,field_176088_V,,,,,field,private static boolean
cdb,t,field_176095_s,,,,,field,public static int
cdb,u,field_176094_t,,,,,field,public static int
cdb,v,field_176093_u,,,,,field,public static int
cdb,w,field_176092_v,,,,,field,public static int
cdb,x,field_176091_w,,,,,field,public static int
cdb,y,field_176099_x,,,,,field,public static int
cdb,z,field_176098_y,,,,,field,public static int
cdb,A,field_176097_z,,,,,field,public static int
cdb,B,field_176080_A,,,,,field,public static int
cdb,C,field_176081_B,,,,,field,public static int
cdb,D,field_176082_C,,,,,field,public static int
cdb,E,field_176076_D,,,,,field,public static int
cdb,F,field_176077_E,,,,,field,public static int
cdb,G,field_176078_F,,,,,field,public static int
cdb,H,field_176079_G,,,,,field,public static int
cdb,I,field_176084_H,,,,,field,public static int
cdb,J,field_176085_I,,,,,field,public static int
cdb,K,field_176086_J,,,,,field,public static int
cdb,L,field_176087_K,,,,,field,public static int
cdb,Z,field_148828_i,,,,,field,private static boolean
cdb,M,field_153211_u,,,,,field,public static boolean
cdb,N,field_148827_a,,,,,field,public static boolean
cdb,O,field_148824_g,,,,,field,public static boolean
cdb,aa,field_153196_B,,,,,field,private static String
cdb,ab,field_183030_aa,,,,,field,private static String
cdb,P,field_176083_O,,,,,field,public static boolean
cdb,Q,field_181062_Q,,,,,field,public static boolean
cdb,ac,field_176090_Y,,,,,field,private static boolean
cdb,R,field_176089_P,,,,,field,public static int
cdb,S,field_148826_e,,,,,field,public static int
cdb$a,a,BASE,,,,,enum,
cdb$a,b,ARB,,,,,enum,
cdb$a,c,EXT,,,,,enum,
h$a,a,LINUX,,,,,enum,
h$a,b,SOLARIS,,,,,enum,
h$a,c,WINDOWS,,,,,enum,
h$a,d,OSX,,,,,enum,
h$a,e,UNKNOWN,,,,,enum,
ku$a,a,field_151376_a,,,,,field,private String
ku$a,b,field_151375_b,,,,,field,private final List<String>
ku,a,field_151383_a,,,,,field,private final List<JsonException$Entry>
ku,b,field_151382_b,,,,,field,private final String
lp,a,field_73115_a,,,,,field,private final int
lp,b,field_180247_b,,,,,field,private final BlockPosition
lp,c,field_73112_e,,,,,field,private int
lp,d,field_82745_f,,,,,field,private int
mg,a,field_147385_a,,,,,field,private final MinecraftServer
mg,b,field_147384_b,,,,,field,private final NetworkManager
oj,a,field_181752_a,,,,,field,private final long[]
oj,b,field_181753_b,,,,,field,private int
oj,c,field_181754_c,,,,,field,private int
oj,d,field_181755_d,,,,,field,private int
on,a,field_181757_a,,,,,field,private static final Integer[]
ow,a,field_76336_a,,,,,field,private float
ow,b,field_76334_b,,,,,field,private float
ow,c,field_76335_c,,,,,field,private float
aar,a,field_70937_a,,,,,field,private final InventoryMerchant
aar,b,field_70935_b,,,,,field,private final EntityHuman
aar,c,field_70936_c,,,,,field,private MerchantRecipeList
aar,d,field_175548_d,,,,,field,private final IChatBaseComponent
aaz,a,CAPE,,,,,enum,
aaz,b,JACKET,,,,,enum,
aaz,c,LEFT_SLEEVE,,,,,enum,
aaz,d,RIGHT_SLEEVE,,,,,enum,
aaz,e,LEFT_PANTS_LEG,,,,,enum,
aaz,f,RIGHT_PANTS_LEG,,,,,enum,
aaz,g,HAT,,,,,enum,
aaz,h,field_179340_h,,,,,field,private final int
aaz,i,field_179341_i,,,,,field,private final int
aaz,j,field_179338_j,,,,,field,private final String
aaz,k,field_179339_k,,,,,field,private final IChatBaseComponent
ajk,a,SOLID,,,,,enum,
ajk,b,CUTOUT_MIPPED,,,,,enum,
ajk,c,CUTOUT,,,,,enum,
ajk,d,TRANSLUCENT,,,,,enum,
ajk,e,field_180338_e,,,,,field,private final String
ajo,a,field_77471_a,,,,,field,private static int[]
ajr,a,field_77481_a,,,,,field,private static int[]
akh,a,field_180291_a,,,,,field,private static final BiomeColorHelper$ColorResolver
akh,b,field_180289_b,,,,,field,private static final BiomeColorHelper$ColorResolver
akh,c,field_180290_c,,,,,field,private static final BiomeColorHelper$ColorResolver
bbz,a,field_75797_a,,,,,field,private final String
bbz,b,field_75795_b,,,,,field,private final String
bbz,c,field_75796_c,,,,,field,private final long
bbz,d,field_75793_d,,,,,field,private final long
bbz,e,field_75794_e,,,,,field,private final boolean
bbz,f,field_75791_f,,,,,field,private final EnumGamemode
bbz,g,field_75792_g,,,,,field,private final boolean
bbz,h,field_75798_h,,,,,field,private final boolean
bbz,i,field_186358_i,,,,,field,private final String
bbz,j,field_186359_j,,,,,field,private final int
bbz,k,field_186360_k,,,,,field,private final boolean
bdv,a,field_189974_a,,,,,field,public static final Vec2f
bdv,b,field_189975_b,,,,,field,public static final Vec2f
bdv,c,field_189976_c,,,,,field,public static final Vec2f
bdv,d,field_189977_d,,,,,field,public static final Vec2f
bdv,e,field_189978_e,,,,,field,public static final Vec2f
bdv,f,field_189979_f,,,,,field,public static final Vec2f
bdv,g,field_189980_g,,,,,field,public static final Vec2f
bdv,h,field_189981_h,,,,,field,public static final Vec2f
bdv,i,field_189982_i,,,,,field,public final float
bdv,j,field_189983_j,,,,,field,public final float
