混淆的,Searge,Spigot,Mojang,Yarn,Intermediary
a,net/minecraft/client/renderer/Quaternion,net/minecraft/server/v1_14_R1/Quaternion,,,net/minecraft/class_1158
aa,net/minecraft/advancements/FrameType,net/minecraft/server/v1_14_R1/AdvancementFrameType,,,net/minecraft/class_189
aaa,net/minecraft/util/Unit,net/minecraft/server/v1_14_R1/Unit,,,net/minecraft/class_3902
aac$a,net/minecraft/util/WeightedRandom$Item,net/minecraft/server/v1_14_R1/WeightedRandom$WeightedRandomChoice,,,net/minecraft/class_3549$class_3550
aac,net/minecraft/util/WeightedRandom,net/minecraft/server/v1_14_R1/WeightedRandom,,,net/minecraft/class_3549
aad,net/minecraft/util/datafix/DefaultTypeReferences,net/minecraft/server/v1_14_R1/DataFixTypes,,,net/minecraft/class_4284
aae$1,net/minecraft/util/datafix/DataFixesManager$1,net/minecraft/server/v1_14_R1/DataConverterRegistry$1,,,net/minecraft/class_3551$1
aae$2,net/minecraft/util/datafix/DataFixesManager$2,net/minecraft/server/v1_14_R1/DataConverterRegistry$2,,,net/minecraft/class_3551$2
aae,net/minecraft/util/datafix/DataFixesManager,net/minecraft/server/v1_14_R1/DataConverterRegistry,,,net/minecraft/class_3551
aaf,net/minecraft/util/datafix/fixes/OminousBannerRenameFix,net/minecraft/server/v1_14_R1/DataConverterOminousBannerRename,,,net/minecraft/class_4294
aag,net/minecraft/util/datafix/fixes/AddNewChoices,net/minecraft/server/v1_14_R1/DataConverterAddChoices,,,net/minecraft/class_3553
aah,net/minecraft/util/datafix/fixes/AdvancementsFix,net/minecraft/server/v1_14_R1/DataConverterAdvancement,,,net/minecraft/class_3555
aai,net/minecraft/util/datafix/fixes/AddBedTileEntity,net/minecraft/server/v1_14_R1/DataConverterBedBlock,,,net/minecraft/class_3557
aaj,net/minecraft/util/datafix/fixes/BedItemColor,net/minecraft/server/v1_14_R1/DataConverterBedItem,,,net/minecraft/class_3559
aak,net/minecraft/util/datafix/fixes/BiomeRenames,net/minecraft/server/v1_14_R1/DataConverterBiome,,,net/minecraft/class_3561
aal,net/minecraft/util/datafix/fixes/BlockEntityBannerColor,net/minecraft/server/v1_14_R1/DataConverterBannerColour,,,net/minecraft/class_3564
aam,net/minecraft/util/datafix/fixes/PistonPushedBlock,net/minecraft/server/v1_14_R1/DataConverterPiston,,,net/minecraft/class_3566
aan,net/minecraft/util/datafix/fixes/CustomNameStringToComponentFixTileEntity,net/minecraft/server/v1_14_R1/DataConverterCustomNameTile,,,net/minecraft/class_3567
aao,net/minecraft/util/datafix/fixes/TileEntityId,net/minecraft/server/v1_14_R1/DataConverterTileEntity,,,net/minecraft/class_3571
aap,net/minecraft/util/datafix/fixes/JukeboxRecordItem,net/minecraft/server/v1_14_R1/DataConverterJukeBox,,,net/minecraft/class_3573
aaq,net/minecraft/util/datafix/fixes/BlockEntityKeepPacked,net/minecraft/server/v1_14_R1/DataConverterBlockEntityKeepPacked,,,net/minecraft/class_3574
aar,net/minecraft/util/datafix/fixes/ShulkerBoxTileColor,net/minecraft/server/v1_14_R1/DataConverterShulkerBoxBlock,,,net/minecraft/class_3575
aas$1,net/minecraft/util/datafix/fixes/SignStrictJSON$1,net/minecraft/server/v1_14_R1/DataConverterSignText$1,,,net/minecraft/class_3577$1
aas,net/minecraft/util/datafix/fixes/SignStrictJSON,net/minecraft/server/v1_14_R1/DataConverterSignText,,,net/minecraft/class_3577
aat,net/minecraft/util/datafix/fixes/BlockNameFlattening,net/minecraft/server/v1_14_R1/DataConverterBlockName,,,net/minecraft/class_3578
aau$1,net/minecraft/util/datafix/fixes/BlockRename$1,net/minecraft/server/v1_14_R1/DataConverterBlockRename$1,,,net/minecraft/class_3579$1
aau,net/minecraft/util/datafix/fixes/BlockRename,net/minecraft/server/v1_14_R1/DataConverterBlockRename,,,net/minecraft/class_3579
aav,net/minecraft/util/datafix/fixes/BlockStateFlatteningMap,net/minecraft/server/v1_14_R1/DataConverterFlattenData,,,net/minecraft/class_3580
aaw,net/minecraft/util/datafix/fixes/BlockStateFlattenStructures,net/minecraft/server/v1_14_R1/DataConverterFlattenState,,,net/minecraft/class_3581
aax,net/minecraft/util/datafix/fixes/CatTypeFix,net/minecraft/server/v1_14_R1/DataConverterCatType,,,net/minecraft/class_3903
aay,net/minecraft/util/datafix/fixes/ChunkLightRemoveFix,net/minecraft/server/v1_14_R1/DataConverterChunkLightRemove,,,net/minecraft/class_3755
aaz$a,net/minecraft/util/datafix/fixes/ChunkPaletteFormat$NibbleArray,net/minecraft/server/v1_14_R1/ChunkConverterPalette$a,,,net/minecraft/class_3582$class_3583
aaz$b$a,net/minecraft/util/datafix/fixes/ChunkPaletteFormat$Direction$Axis,net/minecraft/server/v1_14_R1/ChunkConverterPalette$Direction$Axis,,,net/minecraft/class_3582$class_3584$class_3585
aaz$b$b,net/minecraft/util/datafix/fixes/ChunkPaletteFormat$Direction$Offset,net/minecraft/server/v1_14_R1/ChunkConverterPalette$Direction$AxisDirection,,,net/minecraft/class_3582$class_3584$class_3586
aaz$b,net/minecraft/util/datafix/fixes/ChunkPaletteFormat$Direction,net/minecraft/server/v1_14_R1/ChunkConverterPalette$Direction,,,net/minecraft/class_3582$class_3584
aaz$c,net/minecraft/util/datafix/fixes/ChunkPaletteFormat$Section,net/minecraft/server/v1_14_R1/ChunkConverterPalette$c,,,net/minecraft/class_3582$class_3587
aaz$d,net/minecraft/util/datafix/fixes/ChunkPaletteFormat$UpgradeChunk,net/minecraft/server/v1_14_R1/ChunkConverterPalette$d,,,net/minecraft/class_3582$class_3588
aaz,net/minecraft/util/datafix/fixes/ChunkPaletteFormat,net/minecraft/server/v1_14_R1/ChunkConverterPalette,,,net/minecraft/class_3582
ab,net/minecraft/advancements/IRequirementsStrategy,net/minecraft/server/v1_14_R1/AdvancementRequirements,,,net/minecraft/class_193
aba,net/minecraft/util/datafix/fixes/ChunkStatusFix,net/minecraft/server/v1_14_R1/DataConverterChunkStatus,,,net/minecraft/class_3589
abb,net/minecraft/util/datafix/fixes/ChunkStatusFix2,net/minecraft/server/v1_14_R1/DataConverterChunkStatus2,,,net/minecraft/class_3788
abc,net/minecraft/util/datafix/fixes/ChunkStructuresTemplateRenameFix,net/minecraft/server/v1_14_R1/DataConverterChunkStructuresTemplateRename,,,net/minecraft/class_3590
abd,net/minecraft/util/datafix/fixes/ChunkGenStatus,net/minecraft/server/v1_14_R1/DataConverterProtoChunk,,,net/minecraft/class_3591
abe,net/minecraft/util/datafix/fixes/ColorlessShulkerEntityFix,net/minecraft/server/v1_14_R1/DataConverterColorlessShulkerEntity,,,net/minecraft/class_3592
abf,net/minecraft/util/datafix/fixes/DyeRenameMap,net/minecraft/server/v1_14_R1/DataConverterDye,,,net/minecraft/class_3593
abg,net/minecraft/util/datafix/fixes/ArmorStandSilent,net/minecraft/server/v1_14_R1/DataConverterArmorStand,,,net/minecraft/class_3594
abh,net/minecraft/util/datafix/fixes/BlockStateFlatternEntities,net/minecraft/server/v1_14_R1/DataConverterEntityBlockState,,,net/minecraft/class_3595
abi,net/minecraft/util/datafix/fixes/EntityCatSplitFix,net/minecraft/server/v1_14_R1/DataConverterEntityCatSplit,,,net/minecraft/class_3725
abj,net/minecraft/util/datafix/fixes/EntityCodSalmonFix,net/minecraft/server/v1_14_R1/DataConverterEntityCodSalmon,,,net/minecraft/class_3596
abk,net/minecraft/util/datafix/fixes/CustomNameStringToComponentEntity,net/minecraft/server/v1_14_R1/DataConverterCustomNameEntity,,,net/minecraft/class_3597
abl,net/minecraft/util/datafix/fixes/ElderGuardianSplit,net/minecraft/server/v1_14_R1/DataConverterGuardian,,,net/minecraft/class_3598
abm,net/minecraft/util/datafix/fixes/EntityArmorAndHeld,net/minecraft/server/v1_14_R1/DataConverterEquipment,,,net/minecraft/class_3599
abn,net/minecraft/util/datafix/fixes/EntityHealth,net/minecraft/server/v1_14_R1/DataConverterHealth,,,net/minecraft/class_3600
abo,net/minecraft/util/datafix/fixes/HorseSaddle,net/minecraft/server/v1_14_R1/DataConverterSaddle,,,net/minecraft/class_3601
abp,net/minecraft/util/datafix/fixes/HorseSplit,net/minecraft/server/v1_14_R1/DataConverterHorse,,,net/minecraft/class_3602
abq,net/minecraft/util/datafix/fixes/EntityId,net/minecraft/server/v1_14_R1/DataConverterEntity,,,net/minecraft/class_3603
abr,net/minecraft/util/datafix/fixes/EntityItemFrameFacing,net/minecraft/server/v1_14_R1/DataConverterItemFrame,,,net/minecraft/class_3604
abs,net/minecraft/util/datafix/fixes/MinecartEntityTypes,net/minecraft/server/v1_14_R1/DataConverterMinecart,,,net/minecraft/class_3605
abt,net/minecraft/util/datafix/fixes/PaintingDirection,net/minecraft/server/v1_14_R1/DataConverterHanging,,,net/minecraft/class_3606
abu,net/minecraft/util/datafix/fixes/PaintingMotive,net/minecraft/server/v1_14_R1/DataConverterPainting,,,net/minecraft/class_3607
abv,net/minecraft/util/datafix/fixes/PufferfishRename,net/minecraft/server/v1_14_R1/DataConverterEntityPufferfish,,,net/minecraft/class_3608
abw,net/minecraft/util/datafix/fixes/EntityRavagerRenameFix,net/minecraft/server/v1_14_R1/DataConverterEntityRavagerRename,,,net/minecraft/class_3983
abx,net/minecraft/util/datafix/fixes/RedundantChanceTags,net/minecraft/server/v1_14_R1/DataConverterDropChances,,,net/minecraft/class_1165
aby,net/minecraft/util/datafix/fixes/EntityRename,net/minecraft/server/v1_14_R1/DataConverterEntityName,,,net/minecraft/class_1167
abz,net/minecraft/util/datafix/fixes/RidingToPassengers,net/minecraft/server/v1_14_R1/DataConverterRiding,,,net/minecraft/class_1166
ac,net/minecraft/advancements/AdvancementTreeNode,net/minecraft/server/v1_14_R1/AdvancementTree,,,net/minecraft/class_194
aca,net/minecraft/util/datafix/fixes/ShulkerBoxEntityColor,net/minecraft/server/v1_14_R1/DataConverterShulker,,,net/minecraft/class_1169
acb,net/minecraft/util/datafix/fixes/SkeletonSplit,net/minecraft/server/v1_14_R1/DataConverterSkeleton,,,net/minecraft/class_1168
acc,net/minecraft/util/datafix/fixes/StringToUUID,net/minecraft/server/v1_14_R1/DataConverterUUID,,,net/minecraft/class_1171
acd,net/minecraft/util/datafix/fixes/EntityRenameing1510,net/minecraft/server/v1_14_R1/DataConverterEntityRename,,,net/minecraft/class_1170
ace,net/minecraft/util/datafix/fixes/TippedArrow,net/minecraft/server/v1_14_R1/DataConverterEntityTippedArrow,,,net/minecraft/class_1173
acf,net/minecraft/util/datafix/fixes/WolfCollarColor,net/minecraft/server/v1_14_R1/DataConverterWolf,,,net/minecraft/class_1172
acg,net/minecraft/util/datafix/fixes/ZombieSplit,net/minecraft/server/v1_14_R1/DataConverterZombieType,,,net/minecraft/class_1175
ach,net/minecraft/util/datafix/fixes/ZombieProfToType,net/minecraft/server/v1_14_R1/DataConverterZombie,,,net/minecraft/class_1174
acj,net/minecraft/util/datafix/fixes/HeightmapRenamingFix,net/minecraft/server/v1_14_R1/DataConverterHeightmapRenaming,,,net/minecraft/class_1177
ack,net/minecraft/util/datafix/fixes/IglooMetadataRemoval,net/minecraft/server/v1_14_R1/DataConverterIglooMetadataRemoval,,,net/minecraft/class_1176
acl,net/minecraft/util/datafix/fixes/BannerItemColor,net/minecraft/server/v1_14_R1/DataConverterBanner,,,net/minecraft/class_1179
acm,net/minecraft/util/datafix/fixes/CustomNameStringToComponentItem,net/minecraft/server/v1_14_R1/DataConverterCustomNameItem,,,net/minecraft/class_1178
acn,net/minecraft/util/datafix/fixes/ItemIntIDToString,net/minecraft/server/v1_14_R1/DataConverterMaterialId,,,net/minecraft/class_1181
aco,net/minecraft/util/datafix/fixes/ItemLoreComponentizeFix,net/minecraft/server/v1_14_R1/DataConverterItemLoreComponentize,,,net/minecraft/class_1180
acp,net/minecraft/util/datafix/fixes/PotionItems,net/minecraft/server/v1_14_R1/DataConverterPotionId,,,net/minecraft/class_1183
acq$1,net/minecraft/util/datafix/fixes/ItemRename$1,net/minecraft/server/v1_14_R1/DataConverterItemName$1,,,net/minecraft/class_1182$1
acq,net/minecraft/util/datafix/fixes/ItemRename,net/minecraft/server/v1_14_R1/DataConverterItemName,,,net/minecraft/class_1182
acr,net/minecraft/util/datafix/fixes/ShulkerBoxItemColor,net/minecraft/server/v1_14_R1/DataConverterShulkerBoxItem,,,net/minecraft/class_1185
acs,net/minecraft/util/datafix/fixes/SpawnEggNames,net/minecraft/server/v1_14_R1/DataConverterSpawnEgg,,,net/minecraft/class_1184
act,net/minecraft/util/datafix/fixes/ItemStackEnchantmentFix,net/minecraft/server/v1_14_R1/DataConverterItemStackEnchantment,,,net/minecraft/class_1187
acu,net/minecraft/util/datafix/fixes/ItemFilledMapMetadata,net/minecraft/server/v1_14_R1/DataConverterMap,,,net/minecraft/class_1186
acv,net/minecraft/util/datafix/fixes/ItemSpawnEggSplit,net/minecraft/server/v1_14_R1/DataConverterFlattenSpawnEgg,,,net/minecraft/class_1189
acw,net/minecraft/util/datafix/fixes/ItemStackDataFlattening,net/minecraft/server/v1_14_R1/DataConverterFlatten,,,net/minecraft/class_1188
acx,net/minecraft/util/datafix/fixes/PotionWater,net/minecraft/server/v1_14_R1/DataConverterPotionWater,,,net/minecraft/class_1190
acy,net/minecraft/util/datafix/fixes/BookPagesStrictJSON,net/minecraft/server/v1_14_R1/DataConverterBook,,,net/minecraft/class_1194
acz$a,net/minecraft/util/datafix/fixes/LeavesFix$LeavesSection,net/minecraft/server/v1_14_R1/DataConverterLeaves$a,,,net/minecraft/class_1191$class_1192
acz$b,net/minecraft/util/datafix/fixes/LeavesFix$Section,net/minecraft/server/v1_14_R1/DataConverterLeaves$b,,,net/minecraft/class_1191$class_1193
acz,net/minecraft/util/datafix/fixes/LeavesFix,net/minecraft/server/v1_14_R1/DataConverterLeaves,,,net/minecraft/class_1191
ad,net/minecraft/advancements/criterion/CriterionInstance,net/minecraft/server/v1_14_R1/CriterionInstanceAbstract,,,net/minecraft/class_195
ada,net/minecraft/util/datafix/fixes/LevelDataGeneratorOptionsFix,net/minecraft/server/v1_14_R1/DataConverterLevelDataGeneratorOptions,,,net/minecraft/class_1196
adb,net/minecraft/util/datafix/fixes/BlockStateFlattenGenOptions,net/minecraft/server/v1_14_R1/DataConverterWorldGenSettings,,,net/minecraft/class_1195
adc,net/minecraft/util/datafix/fixes/MapIdFix,net/minecraft/server/v1_14_R1/DataConverterMapId,,,net/minecraft/class_3970
add,net/minecraft/util/datafix/fixes/SpawnerEntityTypes,net/minecraft/server/v1_14_R1/DataConverterMobSpawner,,,net/minecraft/class_1198
ade,net/minecraft/util/datafix/fixes/NamedEntityFix,net/minecraft/server/v1_14_R1/DataConverterNamedEntity,,,net/minecraft/class_1197
adf,net/minecraft/util/datafix/fixes/NewVillageFix,net/minecraft/server/v1_14_R1/DataConverterNewVillage,,,net/minecraft/class_3904
adg,net/minecraft/util/datafix/fixes/ObjectiveDisplayName,net/minecraft/server/v1_14_R1/DataConverterObjectiveDisplayName,,,net/minecraft/class_1200
adh,net/minecraft/util/datafix/fixes/ObjectiveRenderType,net/minecraft/server/v1_14_R1/DataConverterObjectiveRenderType,,,net/minecraft/class_1199
adi,net/minecraft/util/datafix/fixes/OptionsAddTextBackgroundFix,net/minecraft/server/v1_14_R1/DataConverterOptionsAddTextBackground,,,net/minecraft/class_4092
adj,net/minecraft/util/datafix/fixes/ForceVBOOn,net/minecraft/server/v1_14_R1/DataConverterVBO,,,net/minecraft/class_1202
adk,net/minecraft/util/datafix/fixes/LWJGL3KeyOptions,net/minecraft/server/v1_14_R1/DataConverterKeybind,,,net/minecraft/class_1201
adl,net/minecraft/util/datafix/fixes/KeyOptionsTranslation,net/minecraft/server/v1_14_R1/DataConverterKeybind2,,,net/minecraft/class_1204
adm,net/minecraft/util/datafix/fixes/OptionsLowerCaseLanguage,net/minecraft/server/v1_14_R1/DataConverterLang,,,net/minecraft/class_1203
adn,net/minecraft/util/datafix/fixes/RenamedRecipes,net/minecraft/server/v1_14_R1/DataConverterRecipes,,,net/minecraft/class_1206
ado,net/minecraft/util/datafix/fixes/RecipesRenaming,net/minecraft/server/v1_14_R1/DataConverterRecipeRename,,,net/minecraft/class_1205
adp,net/minecraft/util/datafix/TypeReferences,net/minecraft/server/v1_14_R1/DataConverterTypes,,,net/minecraft/class_1208
adq,net/minecraft/util/datafix/fixes/CoralFansRenameList,net/minecraft/server/v1_14_R1/DataConverterCoralFan,,,net/minecraft/class_1207
adr,net/minecraft/util/datafix/fixes/RenamedCoral,net/minecraft/server/v1_14_R1/DataConverterCoral,,,net/minecraft/class_1210
ads,net/minecraft/util/datafix/fixes/PointOfInterestReorganizationFix,net/minecraft/server/v1_14_R1/DataConverterPOI,,,net/minecraft/class_4285
adt,net/minecraft/util/datafix/fixes/BlockStateFlattenVillageCrops,net/minecraft/server/v1_14_R1/DataConverterVillage,,,net/minecraft/class_1209
adu,net/minecraft/util/datafix/fixes/EntityRenameHelper,net/minecraft/server/v1_14_R1/DataConverterEntityNameAbstract,,,net/minecraft/class_1212
adv,net/minecraft/util/datafix/fixes/TypedEntityRenameHelper,net/minecraft/server/v1_14_R1/DataConverterEntityRenameAbstract,,,net/minecraft/class_1211
adw,net/minecraft/util/datafix/fixes/StatsRenaming,net/minecraft/server/v1_14_R1/DataConverterStatistic,,,net/minecraft/class_1214
adx,net/minecraft/util/datafix/fixes/SwimStatsRename,net/minecraft/server/v1_14_R1/DataConverterSwimStats,,,net/minecraft/class_1213
ady,net/minecraft/util/datafix/fixes/TeamDisplayName,net/minecraft/server/v1_14_R1/DataConverterTeamDisplayName,,,net/minecraft/class_1217
adz$a,net/minecraft/util/datafix/fixes/TrappedChestTileEntitySplit$Section,net/minecraft/server/v1_14_R1/DataConverterTrappedChest$a,,,net/minecraft/class_1215$class_1216
adz,net/minecraft/util/datafix/fixes/TrappedChestTileEntitySplit,net/minecraft/server/v1_14_R1/DataConverterTrappedChest,,,net/minecraft/class_1215
ae$a,net/minecraft/advancements/criterion/BredAnimalsTrigger$Listeners,net/minecraft/server/v1_14_R1/CriterionTriggerBredAnimals$a,,,net/minecraft/class_196$class_197
ae$b,net/minecraft/advancements/criterion/BredAnimalsTrigger$Instance,net/minecraft/server/v1_14_R1/CriterionTriggerBredAnimals$b,,,net/minecraft/class_196$class_198
ae,net/minecraft/advancements/criterion/BredAnimalsTrigger,net/minecraft/server/v1_14_R1/CriterionTriggerBredAnimals,,,net/minecraft/class_196
aea,net/minecraft/util/datafix/fixes/VillagerProfessionFix,net/minecraft/server/v1_14_R1/DataConverterVillagerProfession,,,net/minecraft/class_3845
aeb,net/minecraft/util/datafix/fixes/VillagerTrades,net/minecraft/server/v1_14_R1/DataConverterVillagerTrade,,,net/minecraft/class_1219
aec,net/minecraft/util/datafix/WriteAndReadDataFix,net/minecraft/server/v1_14_R1/DataConverterShoulderEntity,,,net/minecraft/class_1218
aef,net/minecraft/util/datafix/NamespacedSchema,net/minecraft/server/v1_14_R1/DataConverterSchemaNamed,,,net/minecraft/class_1220
aeg,net/minecraft/util/datafix/versions/V0100,net/minecraft/server/v1_14_R1/DataConverterSchemaV100,,,net/minecraft/class_1222
aeh,net/minecraft/util/datafix/versions/V0102,net/minecraft/server/v1_14_R1/DataConverterSchemaV102,,,net/minecraft/class_1221
aei,net/minecraft/util/datafix/versions/V1022,net/minecraft/server/v1_14_R1/DataConverterSchemaV1022,,,net/minecraft/class_1224
aej,net/minecraft/util/datafix/versions/V0106,net/minecraft/server/v1_14_R1/DataConverterSchemaV106,,,net/minecraft/class_1223
aek,net/minecraft/util/datafix/versions/V0107,net/minecraft/server/v1_14_R1/DataConverterSchemaV107,,,net/minecraft/class_1226
ael,net/minecraft/util/datafix/versions/V1125,net/minecraft/server/v1_14_R1/DataConverterSchemaV1125,,,net/minecraft/class_1225
aem,net/minecraft/util/datafix/versions/V0135,net/minecraft/server/v1_14_R1/DataConverterSchemaV135,,,net/minecraft/class_1228
aen,net/minecraft/util/datafix/versions/V0143,net/minecraft/server/v1_14_R1/DataConverterSchemaV143,,,net/minecraft/class_1227
aeo,net/minecraft/util/datafix/versions/V1451,net/minecraft/server/v1_14_R1/DataConverterSchemaV1451,,,net/minecraft/class_1230
aep,net/minecraft/util/datafix/versions/V1451_1,net/minecraft/server/v1_14_R1/DataConverterSchemaV1451_1,,,net/minecraft/class_1229
aeq,net/minecraft/util/datafix/versions/V1451_2,net/minecraft/server/v1_14_R1/DataConverterSchemaV1451_2,,,net/minecraft/class_1232
aer,net/minecraft/util/datafix/versions/V1451_3,net/minecraft/server/v1_14_R1/DataConverterSchemaV1451_3,,,net/minecraft/class_1231
aes,net/minecraft/util/datafix/versions/V1451_4,net/minecraft/server/v1_14_R1/DataConverterSchemaV1451_4,,,net/minecraft/class_1234
aet,net/minecraft/util/datafix/versions/V1451_5,net/minecraft/server/v1_14_R1/DataConverterSchemaV1451_5,,,net/minecraft/class_1233
aeu,net/minecraft/util/datafix/versions/V1451_6,net/minecraft/server/v1_14_R1/DataConverterSchemaV1451_6,,,net/minecraft/class_1236
aev,net/minecraft/util/datafix/versions/V1451_7,net/minecraft/server/v1_14_R1/DataConverterSchemaV1451_7,,,net/minecraft/class_1235
aew,net/minecraft/util/datafix/versions/V1460,net/minecraft/server/v1_14_R1/DataConverterSchemaV1460,,,net/minecraft/class_1238
aex,net/minecraft/util/datafix/versions/V1466,net/minecraft/server/v1_14_R1/DataConverterSchemaV1466,,,net/minecraft/class_1237
aey,net/minecraft/util/datafix/versions/V1470,net/minecraft/server/v1_14_R1/DataConverterSchemaV1470,,,net/minecraft/class_1240
aez,net/minecraft/util/datafix/versions/V1481,net/minecraft/server/v1_14_R1/DataConverterSchemaV1481,,,net/minecraft/class_1239
af$a,net/minecraft/advancements/criterion/BrewedPotionTrigger$Listeners,net/minecraft/server/v1_14_R1/CriterionTriggerBrewedPotion$a,,,net/minecraft/class_1996$class_1997
af$b,net/minecraft/advancements/criterion/BrewedPotionTrigger$Instance,net/minecraft/server/v1_14_R1/CriterionTriggerBrewedPotion$b,,,net/minecraft/class_1996$class_1998
af,net/minecraft/advancements/criterion/BrewedPotionTrigger,net/minecraft/server/v1_14_R1/CriterionTriggerBrewedPotion,,,net/minecraft/class_1996
afa,net/minecraft/util/datafix/versions/V1483,net/minecraft/server/v1_14_R1/DataConverterSchemaV1483,,,net/minecraft/class_1242
afb,net/minecraft/util/datafix/versions/V1486,net/minecraft/server/v1_14_R1/DataConverterSchemaV1486,,,net/minecraft/class_1241
afc,net/minecraft/util/datafix/versions/V1510,net/minecraft/server/v1_14_R1/DataConverterSchemaV1510,,,net/minecraft/class_1243
afd,net/minecraft/util/datafix/versions/V1800,net/minecraft/server/v1_14_R1/DataConverterSchemaV1800,,,net/minecraft/class_1245
afe,net/minecraft/util/datafix/versions/V1801,net/minecraft/server/v1_14_R1/DataConverterSchemaV1801,,,net/minecraft/class_1244
aff,net/minecraft/util/datafix/versions/V1904,net/minecraft/server/v1_14_R1/DataConverterSchemaV1904,,,net/minecraft/class_3686
afg,net/minecraft/util/datafix/versions/V1906,net/minecraft/server/v1_14_R1/DataConverterSchemaV1906,,,net/minecraft/class_3687
afh,net/minecraft/util/datafix/versions/V1909,net/minecraft/server/v1_14_R1/DataConverterSchemaV1909,,,net/minecraft/class_3743
afi,net/minecraft/util/datafix/versions/V1920,net/minecraft/server/v1_14_R1/DataConverterSchemaV1920,,,net/minecraft/class_3905
afj,net/minecraft/util/datafix/versions/V1928,net/minecraft/server/v1_14_R1/DataConverterSchemaV1928,,,net/minecraft/class_3984
afk,net/minecraft/util/datafix/versions/V1929,net/minecraft/server/v1_14_R1/DataConverterSchemaV1929,,,net/minecraft/class_3985
afl,net/minecraft/util/datafix/versions/V1931,net/minecraft/server/v1_14_R1/DataConverterSchemaV1931,,,net/minecraft/class_4016
afm,net/minecraft/util/datafix/versions/V0501,net/minecraft/server/v1_14_R1/DataConverterSchemaV501,,,net/minecraft/class_1247
afn,net/minecraft/util/datafix/versions/V0700,net/minecraft/server/v1_14_R1/DataConverterSchemaV700,,,net/minecraft/class_1246
afo,net/minecraft/util/datafix/versions/V0701,net/minecraft/server/v1_14_R1/DataConverterSchemaV701,,,net/minecraft/class_1249
afp,net/minecraft/util/datafix/versions/V0702,net/minecraft/server/v1_14_R1/DataConverterSchemaV702,,,net/minecraft/class_1248
afq,net/minecraft/util/datafix/versions/V0703,net/minecraft/server/v1_14_R1/DataConverterSchemaV703,,,net/minecraft/class_1251
afr$1,net/minecraft/util/datafix/versions/V0704$1,net/minecraft/server/v1_14_R1/DataConverterSchemaV704$1,,,net/minecraft/class_1250$1
afr,net/minecraft/util/datafix/versions/V0704,net/minecraft/server/v1_14_R1/DataConverterSchemaV704,,,net/minecraft/class_1250
afs$1,net/minecraft/util/datafix/versions/V0705$1,net/minecraft/server/v1_14_R1/DataConverterSchemaV705$1,,,net/minecraft/class_1253$1
afs,net/minecraft/util/datafix/versions/V0705,net/minecraft/server/v1_14_R1/DataConverterSchemaV705,,,net/minecraft/class_1253
aft,net/minecraft/util/datafix/versions/V0808,net/minecraft/server/v1_14_R1/DataConverterSchemaV808,,,net/minecraft/class_1252
afu$1,net/minecraft/util/datafix/versions/V0099$1,net/minecraft/server/v1_14_R1/DataConverterSchemaV99$1,,,net/minecraft/class_1254$1
afu,net/minecraft/util/datafix/versions/V0099,net/minecraft/server/v1_14_R1/DataConverterSchemaV99,,,net/minecraft/class_1254
afx,net/minecraft/profiler/Profiler,net/minecraft/server/v1_14_R1/MethodProfiler,,,net/minecraft/class_3533
afy,net/minecraft/profiler/EmptyProfileResult,net/minecraft/server/v1_14_R1/MethodProfilerResultsEmpty,,,net/minecraft/class_3688
afz,net/minecraft/profiler/FilledProfileResult,net/minecraft/server/v1_14_R1/MethodProfilerResultsFilled,,,net/minecraft/class_3692
ag$a,net/minecraft/advancements/criterion/ChangeDimensionTrigger$Listeners,net/minecraft/server/v1_14_R1/CriterionTriggerChangedDimension$a,,,net/minecraft/class_1999$class_2000
ag$b,net/minecraft/advancements/criterion/ChangeDimensionTrigger$Instance,net/minecraft/server/v1_14_R1/CriterionTriggerChangedDimension$b,,,net/minecraft/class_1999$class_2001
ag,net/minecraft/advancements/criterion/ChangeDimensionTrigger,net/minecraft/server/v1_14_R1/CriterionTriggerChangedDimension,,,net/minecraft/class_1999
aga$a,net/minecraft/profiler/DebugProfiler$IDebugResultEntry,net/minecraft/server/v1_14_R1/GameProfiler$a,,,net/minecraft/class_3689$class_3690
aga$b,net/minecraft/profiler/DebugProfiler$DebugResultEntryImpl,net/minecraft/server/v1_14_R1/GameProfiler$b,,,net/minecraft/class_3689$class_3691
aga,net/minecraft/profiler/DebugProfiler,net/minecraft/server/v1_14_R1/GameProfiler,,,net/minecraft/class_3689
agb,net/minecraft/profiler/EmptyProfiler,net/minecraft/server/v1_14_R1/GameProfilerDisabled,,,net/minecraft/class_3694
agc,net/minecraft/profiler/IResultableProfiler,net/minecraft/server/v1_14_R1/GameProfilerFillerActive,,,net/minecraft/class_3693
agd,net/minecraft/profiler/IProfileResult,net/minecraft/server/v1_14_R1/MethodProfilerResults,,,net/minecraft/class_3696
age,net/minecraft/profiler/IProfiler,net/minecraft/server/v1_14_R1/GameProfilerFiller,,,net/minecraft/class_3695
agf,net/minecraft/profiler/DataPoint,net/minecraft/server/v1_14_R1/MethodProfilerResultsField,,,net/minecraft/class_3534
agh,net/minecraft/util/concurrent/ThreadTaskExecutor,net/minecraft/server/v1_14_R1/IAsyncTaskHandler,,,net/minecraft/class_1255
agj$1,net/minecraft/util/concurrent/ITaskExecutor$1,net/minecraft/server/v1_14_R1/Mailbox$1,,,net/minecraft/class_3906$1
agj,net/minecraft/util/concurrent/ITaskExecutor,net/minecraft/server/v1_14_R1/Mailbox,,,net/minecraft/class_3906
agk,net/minecraft/util/concurrent/DelegatedTaskExecutor,net/minecraft/server/v1_14_R1/ThreadedMailbox,,,net/minecraft/class_3846
agl,net/minecraft/util/concurrent/RecursiveEventLoop,net/minecraft/server/v1_14_R1/IAsyncTaskHandlerReentrant,,,net/minecraft/class_4093
agm$a,net/minecraft/util/concurrent/ITaskQueue$Priority,net/minecraft/server/v1_14_R1/PairedQueue$a,,,net/minecraft/class_3847$class_3848
agm$b,net/minecraft/util/concurrent/ITaskQueue$RunnableWithPriority,net/minecraft/server/v1_14_R1/PairedQueue$b,,,net/minecraft/class_3847$class_3907
agm$c,net/minecraft/util/concurrent/ITaskQueue$Single,net/minecraft/server/v1_14_R1/PairedQueue$c,,,net/minecraft/class_3847$class_3849
agm,net/minecraft/util/concurrent/ITaskQueue,net/minecraft/server/v1_14_R1/PairedQueue,,,net/minecraft/class_3847
ago,net/minecraft/util/WorldOptimizer,net/minecraft/server/v1_14_R1/WorldUpgrader,,,net/minecraft/class_1257
agq$a,net/minecraft/world/BossInfo$Color,net/minecraft/server/v1_14_R1/BossBattle$BarColor,,,net/minecraft/class_1259$class_1260
agq$b,net/minecraft/world/BossInfo$Overlay,net/minecraft/server/v1_14_R1/BossBattle$BarStyle,,,net/minecraft/class_1259$class_1261
agq,net/minecraft/world/BossInfo,net/minecraft/server/v1_14_R1/BossBattle,,,net/minecraft/class_1259
agr,net/minecraft/inventory/IClearable,net/minecraft/server/v1_14_R1/Clearable,,,net/minecraft/class_3829
ags,net/minecraft/inventory/DoubleSidedInventory,net/minecraft/server/v1_14_R1/InventoryLargeChest,,,net/minecraft/class_1258
agt,net/minecraft/inventory/IInventory,net/minecraft/server/v1_14_R1/IInventory,,,net/minecraft/class_1263
agu,net/minecraft/inventory/ItemStackHelper,net/minecraft/server/v1_14_R1/ContainerUtil,,,net/minecraft/class_1262
agv,net/minecraft/inventory/IInventoryChangedListener,net/minecraft/server/v1_14_R1/IInventoryListener,,,net/minecraft/class_1265
agw,net/minecraft/inventory/InventoryHelper,net/minecraft/server/v1_14_R1/InventoryUtils,,,net/minecraft/class_1264
agx,net/minecraft/world/Difficulty,net/minecraft/server/v1_14_R1/EnumDifficulty,,,net/minecraft/class_1267
agy,net/minecraft/world/DifficultyInstance,net/minecraft/server/v1_14_R1/DifficultyDamageScaler,,,net/minecraft/class_1266
agz,net/minecraft/util/Hand,net/minecraft/server/v1_14_R1/EnumHand,,,net/minecraft/class_1268
ah$a,net/minecraft/advancements/criterion/ChanneledLightningTrigger$Listeners,net/minecraft/server/v1_14_R1/CriterionTriggerChanneledLightning$a,,,net/minecraft/class_2002$class_2003
ah$b,net/minecraft/advancements/criterion/ChanneledLightningTrigger$Instance,net/minecraft/server/v1_14_R1/CriterionTriggerChanneledLightning$b,,,net/minecraft/class_2002$class_2004
ah,net/minecraft/advancements/criterion/ChanneledLightningTrigger,net/minecraft/server/v1_14_R1/CriterionTriggerChanneledLightning,,,net/minecraft/class_2002
aha,net/minecraft/util/ActionResultType,net/minecraft/server/v1_14_R1/EnumInteractionResult,,,net/minecraft/class_1269
ahb,net/minecraft/util/ActionResult,net/minecraft/server/v1_14_R1/InteractionResultWrapper,,,net/minecraft/class_1271
ahc,net/minecraft/world/LockCode,net/minecraft/server/v1_14_R1/ChestLock,,,net/minecraft/class_1273
ahd,net/minecraft/inventory/container/INamedContainerProvider,net/minecraft/server/v1_14_R1/ITileInventory,,,net/minecraft/class_3908
ahe,net/minecraft/util/INameable,net/minecraft/server/v1_14_R1/INamableTileEntity,,,net/minecraft/class_1275
ahf,net/minecraft/inventory/Inventory,net/minecraft/server/v1_14_R1/InventorySubcontainer,,,net/minecraft/class_1277
ahg,net/minecraft/inventory/container/SimpleNamedContainerProvider,net/minecraft/server/v1_14_R1/TileInventory,,,net/minecraft/class_747
ahh,net/minecraft/profiler/Snooper,net/minecraft/server/v1_14_R1/MojangStatisticsGenerator,,,net/minecraft/class_1276
ahi,net/minecraft/profiler/ISnooperInfo,net/minecraft/server/v1_14_R1/IMojangStatistics,,,net/minecraft/class_1279
ahj,net/minecraft/inventory/ISidedInventory,net/minecraft/server/v1_14_R1/IWorldInventory,,,net/minecraft/class_1278
ahk,net/minecraft/inventory/ISidedInventoryProvider,net/minecraft/server/v1_14_R1/IInventoryHolder,,,net/minecraft/class_3954
ahl,net/minecraft/util/CombatEntry,net/minecraft/server/v1_14_R1/CombatEntry,,,net/minecraft/class_1281
ahm,net/minecraft/util/CombatRules,net/minecraft/server/v1_14_R1/CombatMath,,,net/minecraft/class_1280
ahn,net/minecraft/util/CombatTracker,net/minecraft/server/v1_14_R1/CombatTracker,,,net/minecraft/class_1283
aho,net/minecraft/util/DamageSource,net/minecraft/server/v1_14_R1/DamageSource,,,net/minecraft/class_1282
ahp,net/minecraft/util/EntityDamageSource,net/minecraft/server/v1_14_R1/EntityDamageSource,,,net/minecraft/class_1285
ahq,net/minecraft/util/IndirectEntityDamageSource,net/minecraft/server/v1_14_R1/EntityDamageSourceIndirect,,,net/minecraft/class_1284
ahr,net/minecraft/util/NetherBedDamageSource,net/minecraft/server/v1_14_R1/DamageSourceNetherBed,,,net/minecraft/class_1286
aht,net/minecraft/potion/AbsorptionEffect,net/minecraft/server/v1_14_R1/MobEffectAbsorption,,,net/minecraft/class_1288
ahu,net/minecraft/potion/AttackDamageEffect,net/minecraft/server/v1_14_R1/MobEffectAttackDamage,,,net/minecraft/class_1287
ahv,net/minecraft/potion/HealthBoostEffect,net/minecraft/server/v1_14_R1/MobEffectHealthBoost,,,net/minecraft/class_1290
ahw,net/minecraft/potion/InstantEffect,net/minecraft/server/v1_14_R1/InstantMobEffect,,,net/minecraft/class_1289
ahx,net/minecraft/potion/Effect,net/minecraft/server/v1_14_R1/MobEffectList,,,net/minecraft/class_1291
ahy,net/minecraft/potion/EffectType,net/minecraft/server/v1_14_R1/MobEffectInfo,,,net/minecraft/class_4081
ahz,net/minecraft/potion/EffectInstance,net/minecraft/server/v1_14_R1/MobEffect,,,net/minecraft/class_1293
ai$a,net/minecraft/advancements/criterion/ConstructBeaconTrigger$Listeners,net/minecraft/server/v1_14_R1/CriterionTriggerConstructBeacon$a,,,net/minecraft/class_2006$class_2007
ai$b,net/minecraft/advancements/criterion/ConstructBeaconTrigger$Instance,net/minecraft/server/v1_14_R1/CriterionTriggerConstructBeacon$b,,,net/minecraft/class_2006$class_2008
ai,net/minecraft/advancements/criterion/ConstructBeaconTrigger,net/minecraft/server/v1_14_R1/CriterionTriggerConstructBeacon,,,net/minecraft/class_2006
aia,net/minecraft/potion/EffectUtils,net/minecraft/server/v1_14_R1/MobEffectUtil,,,net/minecraft/class_1292
aib$1,net/minecraft/potion/Effects$1,net/minecraft/server/v1_14_R1/MobEffects$1,,,net/minecraft/class_1294$1
aib,net/minecraft/potion/Effects,net/minecraft/server/v1_14_R1/MobEffects,,,net/minecraft/class_1294
aid,net/minecraft/entity/AgeableEntity,net/minecraft/server/v1_14_R1/EntityAgeable,,,net/minecraft/class_1296
aie,net/minecraft/entity/AreaEffectCloudEntity,net/minecraft/server/v1_14_R1/EntityAreaEffectCloud,,,net/minecraft/class_1295
aif,net/minecraft/entity/Entity,net/minecraft/server/v1_14_R1/Entity,,,net/minecraft/class_1297
aig,net/minecraft/entity/EntitySize,net/minecraft/server/v1_14_R1/EntitySize,,,net/minecraft/class_4048
aii$a,net/minecraft/util/EntityPredicates$ArmoredMob,net/minecraft/server/v1_14_R1/IEntitySelector$EntitySelectorEquipable,,,net/minecraft/class_1301$class_1302
aii,net/minecraft/util/EntityPredicates,net/minecraft/server/v1_14_R1/IEntitySelector,,,net/minecraft/class_1301
aij$a,net/minecraft/entity/EntityType$Builder,net/minecraft/server/v1_14_R1/EntityTypes$a,,,net/minecraft/class_1299$class_1300
aij$b,net/minecraft/entity/EntityType$IFactory,net/minecraft/server/v1_14_R1/EntityTypes$b,,,net/minecraft/class_1299$class_4049
aij,net/minecraft/entity/EntityType,net/minecraft/server/v1_14_R1/EntityTypes,,,net/minecraft/class_1299
aik$a,net/minecraft/inventory/EquipmentSlotType$Group,net/minecraft/server/v1_14_R1/EnumItemSlot$Function,,,net/minecraft/class_1304$class_1305
aik,net/minecraft/inventory/EquipmentSlotType,net/minecraft/server/v1_14_R1/EnumItemSlot,,,net/minecraft/class_1304
ail,net/minecraft/entity/item/ExperienceOrbEntity,net/minecraft/server/v1_14_R1/EntityExperienceOrb,,,net/minecraft/class_1303
aim,net/minecraft/entity/FlyingEntity,net/minecraft/server/v1_14_R1/EntityFlying,,,net/minecraft/class_1307
ain,net/minecraft/util/HandSide,net/minecraft/server/v1_14_R1/EnumMainHand,,,net/minecraft/class_1306
aio,net/minecraft/entity/LivingEntity,net/minecraft/server/v1_14_R1/EntityLiving,,,net/minecraft/class_1309
aip,net/minecraft/entity/MobEntity,net/minecraft/server/v1_14_R1/EntityInsentient,,,net/minecraft/class_1308
aiq,net/minecraft/entity/EntityClassification,net/minecraft/server/v1_14_R1/EnumCreatureType,,,net/minecraft/class_1311
air,net/minecraft/entity/SpawnReason,net/minecraft/server/v1_14_R1/EnumMobSpawn,,,net/minecraft/class_3730
ais,net/minecraft/entity/CreatureAttribute,net/minecraft/server/v1_14_R1/EnumMonsterType,,,net/minecraft/class_1310
ait,net/minecraft/entity/MoverType,net/minecraft/server/v1_14_R1/EnumMoveType,,,net/minecraft/class_1313
aiv,net/minecraft/entity/CreatureEntity,net/minecraft/server/v1_14_R1/EntityCreature,,,net/minecraft/class_1314
aix,net/minecraft/entity/IJumpingMount,net/minecraft/server/v1_14_R1/IJumpable,,,net/minecraft/class_1316
aiy,net/minecraft/entity/Pose,net/minecraft/server/v1_14_R1/EntityPose,,,net/minecraft/class_4050
aiz,net/minecraft/entity/merchant/IReputationTracking,net/minecraft/server/v1_14_R1/ReputationHandler,,,net/minecraft/class_4094
aj$a,net/minecraft/advancements/criterion/ConsumeItemTrigger$Listeners,net/minecraft/server/v1_14_R1/CriterionTriggerConsumeItem$a,,,net/minecraft/class_2010$class_2011
aj$b,net/minecraft/advancements/criterion/ConsumeItemTrigger$Instance,net/minecraft/server/v1_14_R1/CriterionTriggerConsumeItem$b,,,net/minecraft/class_2010$class_2012
aj,net/minecraft/advancements/criterion/ConsumeItemTrigger,net/minecraft/server/v1_14_R1/CriterionTriggerConsumeItem,,,net/minecraft/class_2010
aja,net/minecraft/entity/ILivingEntityData,net/minecraft/server/v1_14_R1/GroupDataEntity,,,net/minecraft/class_1315
ajb$a,net/minecraft/entity/EntitySpawnPlacementRegistry$Entry,net/minecraft/server/v1_14_R1/EntityPositionTypes$a,,,net/minecraft/class_1317$class_1318
ajb$b,net/minecraft/entity/EntitySpawnPlacementRegistry$PlacementType,net/minecraft/server/v1_14_R1/EntityPositionTypes$Surface,,,net/minecraft/class_1317$class_1319
ajb,net/minecraft/entity/EntitySpawnPlacementRegistry,net/minecraft/server/v1_14_R1/EntityPositionTypes,,,net/minecraft/class_1317
ajc,net/minecraft/entity/passive/TameableEntity,net/minecraft/server/v1_14_R1/EntityTameableAnimal,,,net/minecraft/class_1321
ajd,net/minecraft/entity/ai/brain/Brain,net/minecraft/server/v1_14_R1/BehaviorController,,,net/minecraft/class_4095
aje,net/minecraft/entity/ai/attributes/IAttribute,net/minecraft/server/v1_14_R1/IAttribute,,,net/minecraft/class_1320
ajf,net/minecraft/entity/ai/attributes/IAttributeInstance,net/minecraft/server/v1_14_R1/AttributeInstance,,,net/minecraft/class_1324
ajg$a,net/minecraft/entity/ai/attributes/AttributeModifier$Operation,net/minecraft/server/v1_14_R1/AttributeModifier$Operation,,,net/minecraft/class_1322$class_1323
ajg,net/minecraft/entity/ai/attributes/AttributeModifier,net/minecraft/server/v1_14_R1/AttributeModifier,,,net/minecraft/class_1322
ajh,net/minecraft/entity/ai/attributes/Attribute,net/minecraft/server/v1_14_R1/AttributeBase,,,net/minecraft/class_1326
aji,net/minecraft/entity/ai/attributes/AbstractAttributeMap,net/minecraft/server/v1_14_R1/AttributeMapBase,,,net/minecraft/class_1325
ajj,net/minecraft/entity/ai/attributes/ModifiableAttributeInstance,net/minecraft/server/v1_14_R1/AttributeModifiable,,,net/minecraft/class_1328
ajk,net/minecraft/entity/ai/attributes/AttributeMap,net/minecraft/server/v1_14_R1/AttributeMapServer,,,net/minecraft/class_1327
ajl,net/minecraft/entity/ai/attributes/RangedAttribute,net/minecraft/server/v1_14_R1/AttributeRanged,,,net/minecraft/class_1329
ajn,net/minecraft/entity/ai/brain/task/GatherPOITask,net/minecraft/server/v1_14_R1/BehaviorFindPosition,,,net/minecraft/class_4096
ajo,net/minecraft/entity/ai/brain/task/AssignProfessionTask,net/minecraft/server/v1_14_R1/BehaviorCareer,,,net/minecraft/class_4114
ajp$a,net/minecraft/entity/ai/brain/task/Task$Status,net/minecraft/server/v1_14_R1/Behavior$Status,,,net/minecraft/class_4097$class_4098
ajp,net/minecraft/entity/ai/brain/task/Task,net/minecraft/server/v1_14_R1/Behavior,,,net/minecraft/class_4097
ajq,net/minecraft/entity/ai/brain/BrainUtil,net/minecraft/server/v1_14_R1/BehaviorUtil,,,net/minecraft/class_4215
ajr,net/minecraft/util/math/BlockPosWrapper,net/minecraft/server/v1_14_R1/BehaviorTarget,,,net/minecraft/class_4099
ajs,net/minecraft/entity/ai/brain/task/ClearHurtTask,net/minecraft/server/v1_14_R1/BehaviorCooldown,,,net/minecraft/class_4100
ajt,net/minecraft/entity/ai/brain/task/CelebrateRaidVictoryTask,net/minecraft/server/v1_14_R1/BehaviorCelebrate,,,net/minecraft/class_4242
aju,net/minecraft/entity/ai/brain/task/DummyTask,net/minecraft/server/v1_14_R1/BehaviorNop,,,net/minecraft/class_4101
ajv,net/minecraft/util/math/EntityPosWrapper,net/minecraft/server/v1_14_R1/BehaviorPositionEntity,,,net/minecraft/class_4102
ajw$a,net/minecraft/entity/ai/brain/task/MultiTask$Ordering,net/minecraft/server/v1_14_R1/BehaviorGate$Order,,,net/minecraft/class_4103$class_4104
ajw$b$1,net/minecraft/entity/ai/brain/task/MultiTask$RunType$1,net/minecraft/server/v1_14_R1/BehaviorGate$Execution$1,,,net/minecraft/class_4103$class_4216$1
ajw$b$2,net/minecraft/entity/ai/brain/task/MultiTask$RunType$2,net/minecraft/server/v1_14_R1/BehaviorGate$Execution$2,,,net/minecraft/class_4103$class_4216$2
ajw$b,net/minecraft/entity/ai/brain/task/MultiTask$RunType,net/minecraft/server/v1_14_R1/BehaviorGate$Execution,,,net/minecraft/class_4103$class_4216
ajw,net/minecraft/entity/ai/brain/task/MultiTask,net/minecraft/server/v1_14_R1/BehaviorGate,,,net/minecraft/class_4103
ajx,net/minecraft/entity/ai/brain/task/GiveHeroGiftsTask,net/minecraft/server/v1_14_R1/BehaviorVillageHeroGift,,,net/minecraft/class_4243
ajy,net/minecraft/entity/ai/brain/task/GoOutsideAfterRaidTask,net/minecraft/server/v1_14_R1/BehaviorOutsideCelebrate,,,net/minecraft/class_4244
ajz,net/minecraft/entity/ai/brain/task/FarmTask,net/minecraft/server/v1_14_R1/BehaviorFarm,,,net/minecraft/class_4217
ak$a,net/minecraft/advancements/criterion/CuredZombieVillagerTrigger$Listeners,net/minecraft/server/v1_14_R1/CriterionTriggerCuredZombieVillager$a,,,net/minecraft/class_2014$class_2015
ak$b,net/minecraft/advancements/criterion/CuredZombieVillagerTrigger$Instance,net/minecraft/server/v1_14_R1/CriterionTriggerCuredZombieVillager$b,,,net/minecraft/class_2014$class_2016
ak,net/minecraft/advancements/criterion/CuredZombieVillagerTrigger,net/minecraft/server/v1_14_R1/CriterionTriggerCuredZombieVillager,,,net/minecraft/class_2014
aka,net/minecraft/entity/ai/brain/task/WalkRandomlyTask,net/minecraft/server/v1_14_R1/BehaviorStrollInside,,,net/minecraft/class_4289
akb,net/minecraft/entity/ai/brain/task/InteractWithEntityTask,net/minecraft/server/v1_14_R1/BehaviorInteract,,,net/minecraft/class_4106
akc,net/minecraft/entity/ai/brain/task/InteractWithDoorTask,net/minecraft/server/v1_14_R1/BehaviorInteractDoor,,,net/minecraft/class_4107
akd,net/minecraft/entity/ai/brain/task/JumpOnBedTask,net/minecraft/server/v1_14_R1/BehaviorBedJump,,,net/minecraft/class_4245
ake,net/minecraft/entity/ai/brain/task/FindHidingPlaceTask,net/minecraft/server/v1_14_R1/BehaviorHome,,,net/minecraft/class_4246
akf,net/minecraft/entity/ai/brain/task/FindHidingPlaceDuringRaidTask,net/minecraft/server/v1_14_R1/BehaviorHomeRaid,,,net/minecraft/class_4247
akg,net/minecraft/entity/ai/brain/task/TradeTask,net/minecraft/server/v1_14_R1/BehaviorInteractPlayer,,,net/minecraft/class_4108
akh,net/minecraft/entity/ai/brain/task/LookTask,net/minecraft/server/v1_14_R1/BehaviorLook,,,net/minecraft/class_4110
aki,net/minecraft/entity/ai/brain/task/CreateBabyVillagerTask,net/minecraft/server/v1_14_R1/BehaviorMakeLove,,,net/minecraft/class_4111
akj,net/minecraft/entity/ai/brain/task/MoveToSkylightTask,net/minecraft/server/v1_14_R1/BehaviorOutside,,,net/minecraft/class_4248
akk,net/minecraft/entity/ai/brain/task/WalkToTargetTask,net/minecraft/server/v1_14_R1/BehavorMove,,,net/minecraft/class_4112
akl,net/minecraft/entity/ai/brain/task/PanicTask,net/minecraft/server/v1_14_R1/BehaviorPanic,,,net/minecraft/class_4113
akm,net/minecraft/entity/ai/brain/task/WalkToVillagerBabiesTask,net/minecraft/server/v1_14_R1/BehaviorPlay,,,net/minecraft/class_4218
akn,net/minecraft/util/math/IPosWrapper,net/minecraft/server/v1_14_R1/BehaviorPosition,,,net/minecraft/class_4115
ako,net/minecraft/entity/ai/brain/task/HideFromRaidOnBellRingTask,net/minecraft/server/v1_14_R1/BehaviorBellAlert,,,net/minecraft/class_4249
akp,net/minecraft/entity/ai/brain/task/ChangeJobTask,net/minecraft/server/v1_14_R1/BehaviorProfession,,,net/minecraft/class_4295
akq,net/minecraft/entity/ai/brain/task/ForgetRaidTask,net/minecraft/server/v1_14_R1/BehaviorRaidReset,,,net/minecraft/class_4250
akr,net/minecraft/entity/ai/brain/task/RingBellTask,net/minecraft/server/v1_14_R1/BehaviorBellRing,,,net/minecraft/class_4251
aks,net/minecraft/entity/ai/brain/task/FirstShuffledTask,net/minecraft/server/v1_14_R1/BehaviorGateSingle,,,net/minecraft/class_4118
akt,net/minecraft/entity/ai/brain/task/WalkToHouseTask,net/minecraft/server/v1_14_R1/BehaviourWalkHome,,,net/minecraft/class_4290
aku,net/minecraft/entity/ai/brain/task/LookAtEntityTask,net/minecraft/server/v1_14_R1/BehaviorLookTarget,,,net/minecraft/class_4119
akv,net/minecraft/entity/ai/brain/task/ExpireHidingTask,net/minecraft/server/v1_14_R1/BehaviourHide,,,net/minecraft/class_4252
akw,net/minecraft/entity/ai/brain/task/FindInteractionAndLookTargetTask,net/minecraft/server/v1_14_R1/BehaviorLookInteract,,,net/minecraft/class_4109
akx,net/minecraft/entity/ai/brain/task/BeginRaidTask,net/minecraft/server/v1_14_R1/BehaviorRaid,,,net/minecraft/class_4253
akz,net/minecraft/entity/ai/brain/task/FleeTask,net/minecraft/server/v1_14_R1/BehaviorWalkAwayEntity,,,net/minecraft/class_4121
al$a,net/minecraft/advancements/criterion/DamagePredicate$Builder,net/minecraft/server/v1_14_R1/CriterionConditionDamage$a,,,net/minecraft/class_2019$class_2020
al,net/minecraft/advancements/criterion/DamagePredicate,net/minecraft/server/v1_14_R1/CriterionConditionDamage,,,net/minecraft/class_2019
ala,net/minecraft/entity/ai/brain/task/StayNearPointTask,net/minecraft/server/v1_14_R1/BehaviorWalkAwayBlock,,,net/minecraft/class_4122
alb,net/minecraft/entity/ai/brain/task/WalkTowardsLookTargetTask,net/minecraft/server/v1_14_R1/BehaviorLookWalk,,,net/minecraft/class_4120
alc,net/minecraft/entity/ai/brain/task/ShowWaresTask,net/minecraft/server/v1_14_R1/BehaviorTradePlayer,,,net/minecraft/class_4130
ald,net/minecraft/entity/ai/brain/task/SleepAtHomeTask,net/minecraft/server/v1_14_R1/BehaviorSleep,,,net/minecraft/class_4123
ale,net/minecraft/entity/ai/brain/task/CongregateTask,net/minecraft/server/v1_14_R1/BehaviorBell,,,net/minecraft/class_4124
alf,net/minecraft/entity/ai/brain/task/WorkTask,net/minecraft/server/v1_14_R1/BehaviorStrollPosition,,,net/minecraft/class_4116
alg,net/minecraft/entity/ai/brain/task/WalkTowardsPosTask,net/minecraft/server/v1_14_R1/BehaviorStrollPlace,,,net/minecraft/class_4219
alh,net/minecraft/entity/ai/brain/task/WalkTowardsRandomSecondaryPosTask,net/minecraft/server/v1_14_R1/BehaviorStrollPlaceList,,,net/minecraft/class_4220
ali,net/minecraft/entity/ai/brain/task/SwimTask,net/minecraft/server/v1_14_R1/BehaviorSwim,,,net/minecraft/class_4125
alj,net/minecraft/entity/ai/brain/task/ShareItemsTask,net/minecraft/server/v1_14_R1/BehaviorTradeVillager,,,net/minecraft/class_4126
alk,net/minecraft/entity/ai/brain/task/UpdateActivityTask,net/minecraft/server/v1_14_R1/BehaviorSchedule,,,net/minecraft/class_4127
alm,net/minecraft/entity/ai/brain/task/ExpirePOITask,net/minecraft/server/v1_14_R1/BehaviorPositionValidate,,,net/minecraft/class_4128
aln,net/minecraft/entity/ai/brain/task/FindWalkTargetAfterRaidVictoryTask,net/minecraft/server/v1_14_R1/BehaviorVictory,,,net/minecraft/class_4254
alo,net/minecraft/entity/ai/brain/task/FindWalkTargetTask,net/minecraft/server/v1_14_R1/BehaviorStrollRandom,,,net/minecraft/class_4117
alp,net/minecraft/entity/ai/brain/task/VillagerTasks,net/minecraft/server/v1_14_R1/Behaviors,,,net/minecraft/class_4129
alq,net/minecraft/entity/ai/brain/task/WakeUpTask,net/minecraft/server/v1_14_R1/BehaviorWake,,,net/minecraft/class_4214
alr$a,net/minecraft/util/WeightedList$Entry,net/minecraft/server/v1_14_R1/WeightedList$a,,,net/minecraft/class_4131$class_4132
alr,net/minecraft/util/WeightedList,net/minecraft/server/v1_14_R1/WeightedList,,,net/minecraft/class_4131
als,net/minecraft/entity/ai/brain/task/SpawnGolemTask,net/minecraft/server/v1_14_R1/BehaviorWork,,,net/minecraft/class_4133
alu,net/minecraft/entity/ai/controller/BodyController,net/minecraft/server/v1_14_R1/EntityAIBodyControl,,,net/minecraft/class_1330
alw,net/minecraft/entity/ai/controller/DolphinLookController,net/minecraft/server/v1_14_R1/ControllerLookDolphin,,,net/minecraft/class_1332
alx,net/minecraft/entity/ai/controller/FlyingMovementController,net/minecraft/server/v1_14_R1/ControllerMoveFlying,,,net/minecraft/class_1331
aly,net/minecraft/entity/ai/controller/JumpController,net/minecraft/server/v1_14_R1/ControllerJump,,,net/minecraft/class_1334
alz,net/minecraft/entity/ai/controller/LookController,net/minecraft/server/v1_14_R1/ControllerLook,,,net/minecraft/class_1333
am$a,net/minecraft/advancements/criterion/DamageSourcePredicate$Builder,net/minecraft/server/v1_14_R1/CriterionConditionDamageSource$a,,,net/minecraft/class_2022$class_2023
am,net/minecraft/advancements/criterion/DamageSourcePredicate,net/minecraft/server/v1_14_R1/CriterionConditionDamageSource,,,net/minecraft/class_2022
ama$a,net/minecraft/entity/ai/controller/MovementController$Action,net/minecraft/server/v1_14_R1/ControllerMove$Operation,,,net/minecraft/class_1335$class_1336
ama,net/minecraft/entity/ai/controller/MovementController,net/minecraft/server/v1_14_R1/ControllerMove,,,net/minecraft/class_1335
amc,net/minecraft/entity/ai/goal/AvoidEntityGoal,net/minecraft/server/v1_14_R1/PathfinderGoalAvoidTarget,,,net/minecraft/class_1338
amd,net/minecraft/entity/ai/goal/BegGoal,net/minecraft/server/v1_14_R1/PathfinderGoalBeg,,,net/minecraft/class_1337
ame,net/minecraft/entity/ai/goal/BoatGoals,net/minecraft/server/v1_14_R1/PathfinderGoalBoat,,,net/minecraft/class_1340
amf,net/minecraft/entity/ai/goal/BreakDoorGoal,net/minecraft/server/v1_14_R1/PathfinderGoalBreakDoor,,,net/minecraft/class_1339
amg,net/minecraft/entity/ai/goal/BreatheAirGoal,net/minecraft/server/v1_14_R1/PathfinderGoalBreath,,,net/minecraft/class_1342
amh,net/minecraft/entity/ai/goal/BreedGoal,net/minecraft/server/v1_14_R1/PathfinderGoalBreed,,,net/minecraft/class_1341
ami,net/minecraft/entity/ai/goal/CatLieOnBedGoal,net/minecraft/server/v1_14_R1/PathfinderGoalCatSitOnBed,,,net/minecraft/class_3697
amj,net/minecraft/entity/ai/goal/CatSitOnBlockGoal,net/minecraft/server/v1_14_R1/PathfinderGoalJumpOnBlock,,,net/minecraft/class_1373
amk,net/minecraft/entity/ai/goal/DolphinJumpGoal,net/minecraft/server/v1_14_R1/PathfinderGoalWaterJump,,,net/minecraft/class_1357
aml,net/minecraft/entity/ai/goal/InteractDoorGoal,net/minecraft/server/v1_14_R1/PathfinderGoalDoorInteract,,,net/minecraft/class_1343
amm,net/minecraft/entity/ai/goal/EatGrassGoal,net/minecraft/server/v1_14_R1/PathfinderGoalEatTile,,,net/minecraft/class_1345
amn,net/minecraft/entity/ai/goal/FleeSunGoal,net/minecraft/server/v1_14_R1/PathfinderGoalFleeSun,,,net/minecraft/class_1344
amo,net/minecraft/entity/ai/goal/SwimGoal,net/minecraft/server/v1_14_R1/PathfinderGoalFloat,,,net/minecraft/class_1347
amp,net/minecraft/entity/ai/goal/FollowBoatGoal,net/minecraft/server/v1_14_R1/PathfinderGoalFollowBoat,,,net/minecraft/class_1346
amq,net/minecraft/entity/ai/goal/FollowSchoolLeaderGoal,net/minecraft/server/v1_14_R1/PathfinderGoalFishSchool,,,net/minecraft/class_1349
amr,net/minecraft/entity/ai/goal/FollowMobGoal,net/minecraft/server/v1_14_R1/PathfinderGoalFollowEntity,,,net/minecraft/class_1348
ams,net/minecraft/entity/ai/goal/FollowOwnerFlyingGoal,net/minecraft/server/v1_14_R1/PathfinderGoalFollowOwnerParrot,,,net/minecraft/class_1351
amt,net/minecraft/entity/ai/goal/FollowOwnerGoal,net/minecraft/server/v1_14_R1/PathfinderGoalFollowOwner,,,net/minecraft/class_1350
amu,net/minecraft/entity/ai/goal/FollowParentGoal,net/minecraft/server/v1_14_R1/PathfinderGoalFollowParent,,,net/minecraft/class_1353
amv$a,net/minecraft/entity/ai/goal/Goal$Flag,net/minecraft/server/v1_14_R1/PathfinderGoal$Type,,,net/minecraft/class_1352$class_4134
amv,net/minecraft/entity/ai/goal/Goal,net/minecraft/server/v1_14_R1/PathfinderGoal,,,net/minecraft/class_1352
amw$1,net/minecraft/entity/ai/goal/GoalSelector$1,net/minecraft/server/v1_14_R1/PathfinderGoalSelector$1,,,net/minecraft/class_1355$1
amw$2,net/minecraft/entity/ai/goal/GoalSelector$2,net/minecraft/server/v1_14_R1/PathfinderGoalSelector$2,,,net/minecraft/class_1355$2
amw,net/minecraft/entity/ai/goal/GoalSelector,net/minecraft/server/v1_14_R1/PathfinderGoalSelector,,,net/minecraft/class_1355
amy,net/minecraft/entity/ai/goal/LookAtWithoutMovingGoal,net/minecraft/server/v1_14_R1/PathfinderGoalInteract,,,net/minecraft/class_1358
amz,net/minecraft/entity/ai/goal/JumpGoal,net/minecraft/server/v1_14_R1/PathfinderGoalWaterJumpAbstract,,,net/minecraft/class_4017
an,net/minecraft/advancements/criterion/DistancePredicate,net/minecraft/server/v1_14_R1/CriterionConditionDistance,,,net/minecraft/class_2025
ana,net/minecraft/entity/ai/goal/LandOnOwnersShoulderGoal,net/minecraft/server/v1_14_R1/PathfinderGoalPerch,,,net/minecraft/class_1360
anb,net/minecraft/entity/ai/goal/LeapAtTargetGoal,net/minecraft/server/v1_14_R1/PathfinderGoalLeapAtTarget,,,net/minecraft/class_1359
anc,net/minecraft/entity/ai/goal/LlamaFollowCaravanGoal,net/minecraft/server/v1_14_R1/PathfinderGoalLlamaFollow,,,net/minecraft/class_1362
and,net/minecraft/entity/ai/goal/LookAtGoal,net/minecraft/server/v1_14_R1/PathfinderGoalLookAtPlayer,,,net/minecraft/class_1361
ane,net/minecraft/entity/ai/goal/LookAtCustomerGoal,net/minecraft/server/v1_14_R1/PathfinderGoalLookAtTradingPlayer,,,net/minecraft/class_1364
anf,net/minecraft/entity/ai/goal/MeleeAttackGoal,net/minecraft/server/v1_14_R1/PathfinderGoalMeleeAttack,,,net/minecraft/class_1366
ang,net/minecraft/entity/ai/goal/MoveTowardsVillageGoal,net/minecraft/server/v1_14_R1/PathfinderGoalStrollVillage,,,net/minecraft/class_4291
ani,net/minecraft/entity/ai/goal/MoveThroughVillageGoal,net/minecraft/server/v1_14_R1/PathfinderGoalMoveThroughVillage,,,net/minecraft/class_1368
anj,net/minecraft/entity/ai/goal/MoveToBlockGoal,net/minecraft/server/v1_14_R1/PathfinderGoalGotoTarget,,,net/minecraft/class_1367
ank,net/minecraft/entity/ai/goal/MoveTowardsRestrictionGoal,net/minecraft/server/v1_14_R1/PathfinderGoalMoveTowardsRestriction,,,net/minecraft/class_1370
anl,net/minecraft/entity/ai/goal/MoveTowardsTargetGoal,net/minecraft/server/v1_14_R1/PathfinderGoalMoveTowardsTarget,,,net/minecraft/class_1369
anm,net/minecraft/entity/ai/goal/OcelotAttackGoal,net/minecraft/server/v1_14_R1/PathfinderGoalOcelotAttack,,,net/minecraft/class_1371
ann,net/minecraft/entity/ai/goal/ShowVillagerFlowerGoal,net/minecraft/server/v1_14_R1/PathfinderGoalOfferFlower,,,net/minecraft/class_1372
ano,net/minecraft/entity/ai/goal/OpenDoorGoal,net/minecraft/server/v1_14_R1/PathfinderGoalDoorOpen,,,net/minecraft/class_4255
anp,net/minecraft/entity/ai/goal/PanicGoal,net/minecraft/server/v1_14_R1/PathfinderGoalPanic,,,net/minecraft/class_1374
anq,net/minecraft/entity/ai/goal/MoveTowardsRaidGoal,net/minecraft/server/v1_14_R1/PathfinderGoalRaid,,,net/minecraft/class_3759
ans,net/minecraft/entity/ai/goal/LookRandomlyGoal,net/minecraft/server/v1_14_R1/PathfinderGoalRandomLookaround,,,net/minecraft/class_1376
ant,net/minecraft/entity/ai/goal/RandomWalkingGoal,net/minecraft/server/v1_14_R1/PathfinderGoalRandomStroll,,,net/minecraft/class_1379
anu,net/minecraft/entity/ai/goal/RandomSwimmingGoal,net/minecraft/server/v1_14_R1/PathfinderGoalRandomSwim,,,net/minecraft/class_1378
anv,net/minecraft/entity/ai/goal/RangedAttackGoal,net/minecraft/server/v1_14_R1/PathfinderGoalArrowAttack,,,net/minecraft/class_1381
anw,net/minecraft/entity/ai/goal/RangedBowAttackGoal,net/minecraft/server/v1_14_R1/PathfinderGoalBowShoot,,,net/minecraft/class_1380
anx$a,net/minecraft/entity/ai/goal/RangedCrossbowAttackGoal$CrossbowState,net/minecraft/server/v1_14_R1/PathfinderGoalCrossbowAttack$State,,,net/minecraft/class_1383$class_3744
anx,net/minecraft/entity/ai/goal/RangedCrossbowAttackGoal,net/minecraft/server/v1_14_R1/PathfinderGoalCrossbowAttack,,,net/minecraft/class_1383
any,net/minecraft/entity/ai/goal/BreakBlockGoal,net/minecraft/server/v1_14_R1/PathfinderGoalRemoveBlock,,,net/minecraft/class_1382
anz,net/minecraft/entity/ai/goal/RestrictSunGoal,net/minecraft/server/v1_14_R1/PathfinderGoalRestrictSun,,,net/minecraft/class_1384
ao$a,net/minecraft/advancements/criterion/EffectsChangedTrigger$Listeners,net/minecraft/server/v1_14_R1/CriterionTriggerEffectsChanged$a,,,net/minecraft/class_2027$class_2028
ao$b,net/minecraft/advancements/criterion/EffectsChangedTrigger$Instance,net/minecraft/server/v1_14_R1/CriterionTriggerEffectsChanged$b,,,net/minecraft/class_2027$class_2029
ao,net/minecraft/advancements/criterion/EffectsChangedTrigger,net/minecraft/server/v1_14_R1/CriterionTriggerEffectsChanged,,,net/minecraft/class_2027
aoa,net/minecraft/entity/ai/goal/RunAroundLikeCrazyGoal,net/minecraft/server/v1_14_R1/PathfinderGoalTame,,,net/minecraft/class_1387
aob,net/minecraft/entity/ai/goal/SitGoal,net/minecraft/server/v1_14_R1/PathfinderGoalSit,,,net/minecraft/class_1386
aoc,net/minecraft/entity/ai/goal/MoveThroughVillageAtNightGoal,net/minecraft/server/v1_14_R1/PathfinderGoalNearestVillage,,,net/minecraft/class_4018
aod,net/minecraft/entity/ai/goal/CreeperSwellGoal,net/minecraft/server/v1_14_R1/PathfinderGoalSwell,,,net/minecraft/class_1389
aof,net/minecraft/entity/ai/goal/TemptGoal,net/minecraft/server/v1_14_R1/PathfinderGoalTempt,,,net/minecraft/class_1391
aog,net/minecraft/entity/ai/goal/TradeWithPlayerGoal,net/minecraft/server/v1_14_R1/PathfinderGoalTradeWithPlayer,,,net/minecraft/class_1390
aoh,net/minecraft/entity/ai/goal/FindWaterGoal,net/minecraft/server/v1_14_R1/PathfinderGoalWater,,,net/minecraft/class_1393
aoi,net/minecraft/entity/ai/goal/UseItemGoal,net/minecraft/server/v1_14_R1/PathfinderGoalUseItem,,,net/minecraft/class_3993
aoj,net/minecraft/entity/ai/goal/WaterAvoidingRandomFlyingGoal,net/minecraft/server/v1_14_R1/PathfinderGoalRandomFly,,,net/minecraft/class_1395
aok,net/minecraft/entity/ai/goal/WaterAvoidingRandomWalkingGoal,net/minecraft/server/v1_14_R1/PathfinderGoalRandomStrollLand,,,net/minecraft/class_1394
aol,net/minecraft/entity/ai/goal/PrioritizedGoal,net/minecraft/server/v1_14_R1/PathfinderGoalWrapped,,,net/minecraft/class_4135
aom,net/minecraft/entity/ai/goal/ZombieAttackGoal,net/minecraft/server/v1_14_R1/PathfinderGoalZombieAttack,,,net/minecraft/class_1396
aoo,net/minecraft/entity/ai/goal/DefendVillageTargetGoal,net/minecraft/server/v1_14_R1/PathfinderGoalDefendVillage,,,net/minecraft/class_1397
aop,net/minecraft/entity/ai/goal/HurtByTargetGoal,net/minecraft/server/v1_14_R1/PathfinderGoalHurtByTarget,,,net/minecraft/class_1399
aoq,net/minecraft/entity/ai/goal/NearestAttackableTargetGoal,net/minecraft/server/v1_14_R1/PathfinderGoalNearestAttackableTarget,,,net/minecraft/class_1400
aor,net/minecraft/entity/ai/goal/ToggleableNearestAttackableTargetGoal,net/minecraft/server/v1_14_R1/PathfinderGoalNearestAttackableTargetWitch,,,net/minecraft/class_3760
aos,net/minecraft/entity/ai/goal/NearestAttackableTargetExpiringGoal,net/minecraft/server/v1_14_R1/PathfinderGoalNearestHealableRaider,,,net/minecraft/class_3909
aot,net/minecraft/entity/ai/goal/NonTamedTargetGoal,net/minecraft/server/v1_14_R1/PathfinderGoalRandomTargetNonTamed,,,net/minecraft/class_1404
aou,net/minecraft/entity/ai/goal/OwnerHurtByTargetGoal,net/minecraft/server/v1_14_R1/PathfinderGoalOwnerHurtByTarget,,,net/minecraft/class_1403
aov,net/minecraft/entity/ai/goal/OwnerHurtTargetGoal,net/minecraft/server/v1_14_R1/PathfinderGoalOwnerHurtTarget,,,net/minecraft/class_1406
aow,net/minecraft/entity/ai/goal/TargetGoal,net/minecraft/server/v1_14_R1/PathfinderGoalTarget,,,net/minecraft/class_1405
aoy$a,net/minecraft/village/GossipManager$Gossips,net/minecraft/server/v1_14_R1/Reputation$a,,,net/minecraft/class_4136$class_4137
aoy$b,net/minecraft/village/GossipManager$GossipEntry,net/minecraft/server/v1_14_R1/Reputation$b,,,net/minecraft/class_4136$class_4138
aoy,net/minecraft/village/GossipManager,net/minecraft/server/v1_14_R1/Reputation,,,net/minecraft/class_4136
aoz,net/minecraft/village/GossipType,net/minecraft/server/v1_14_R1/ReputationType,,,net/minecraft/class_4139
ap$a,net/minecraft/advancements/criterion/EnchantedItemTrigger$Listeners,net/minecraft/server/v1_14_R1/CriterionTriggerEnchantedItem$a,,,net/minecraft/class_2030$class_2031
ap$b,net/minecraft/advancements/criterion/EnchantedItemTrigger$Instance,net/minecraft/server/v1_14_R1/CriterionTriggerEnchantedItem$b,,,net/minecraft/class_2030$class_2032
ap,net/minecraft/advancements/criterion/EnchantedItemTrigger,net/minecraft/server/v1_14_R1/CriterionTriggerEnchantedItem,,,net/minecraft/class_2030
apb,net/minecraft/entity/ai/brain/memory/MemoryModuleType,net/minecraft/server/v1_14_R1/MemoryModuleType,,,net/minecraft/class_4140
apc,net/minecraft/entity/ai/brain/memory/MemoryModuleStatus,net/minecraft/server/v1_14_R1/MemoryStatus,,,net/minecraft/class_4141
apd,net/minecraft/entity/ai/brain/memory/WalkTarget,net/minecraft/server/v1_14_R1/MemoryTarget,,,net/minecraft/class_4142
apf,net/minecraft/pathfinding/FlyingPathNavigator,net/minecraft/server/v1_14_R1/NavigationFlying,,,net/minecraft/class_1407
apg,net/minecraft/pathfinding/GroundPathNavigator,net/minecraft/server/v1_14_R1/Navigation,,,net/minecraft/class_1409
aph,net/minecraft/pathfinding/PathNavigator,net/minecraft/server/v1_14_R1/NavigationAbstract,,,net/minecraft/class_1408
api,net/minecraft/pathfinding/ClimberPathNavigator,net/minecraft/server/v1_14_R1/NavigationSpider,,,net/minecraft/class_1410
apj,net/minecraft/pathfinding/SwimmerPathNavigator,net/minecraft/server/v1_14_R1/NavigationGuardian,,,net/minecraft/class_1412
apm,net/minecraft/entity/ai/brain/sensor/DummySensor,net/minecraft/server/v1_14_R1/SensorDummy,,,net/minecraft/class_4143
apn,net/minecraft/entity/ai/brain/sensor/HurtBySensor,net/minecraft/server/v1_14_R1/SensorHurtBy,,,net/minecraft/class_4144
apo,net/minecraft/entity/ai/brain/sensor/InteractableDoorsSensor,net/minecraft/server/v1_14_R1/SensorInteractableDoors,,,net/minecraft/class_4145
app,net/minecraft/entity/ai/brain/sensor/NearestBedSensor,net/minecraft/server/v1_14_R1/SensorNearestBed,,,net/minecraft/class_4256
apq,net/minecraft/entity/ai/brain/sensor/NearestLivingEntitiesSensor,net/minecraft/server/v1_14_R1/SensorNearestLivingEntities,,,net/minecraft/class_4146
apr,net/minecraft/entity/ai/brain/sensor/NearestPlayersSensor,net/minecraft/server/v1_14_R1/SensorNearestPlayers,,,net/minecraft/class_4147
aps,net/minecraft/entity/ai/brain/sensor/SecondaryPositionSensor,net/minecraft/server/v1_14_R1/SensorSecondaryPlaces,,,net/minecraft/class_4221
apt,net/minecraft/entity/ai/EntitySenses,net/minecraft/server/v1_14_R1/EntitySenses,,,net/minecraft/class_1413
apu,net/minecraft/entity/ai/brain/sensor/Sensor,net/minecraft/server/v1_14_R1/Sensor,,,net/minecraft/class_4148
apv,net/minecraft/entity/ai/brain/sensor/SensorType,net/minecraft/server/v1_14_R1/SensorType,,,net/minecraft/class_4149
apw,net/minecraft/entity/ai/brain/sensor/VillagerBabiesSensor,net/minecraft/server/v1_14_R1/SensorVillagerBabies,,,net/minecraft/class_4257
apx,net/minecraft/entity/ai/brain/sensor/VillagerHostilesSensor,net/minecraft/server/v1_14_R1/SensorVillagerHostiles,,,net/minecraft/class_4150
apz,net/minecraft/entity/EntityPredicate,net/minecraft/server/v1_14_R1/PathfinderTargetCondition,,,net/minecraft/class_4051
aq,net/minecraft/advancements/criterion/EnchantmentPredicate,net/minecraft/server/v1_14_R1/CriterionConditionEnchantments,,,net/minecraft/class_2035
aqb,net/minecraft/entity/ai/RandomPositionGenerator,net/minecraft/server/v1_14_R1/RandomPositionGenerator,,,net/minecraft/class_1414
aqd$1,net/minecraft/entity/merchant/IReputationType$1,net/minecraft/server/v1_14_R1/ReputationEvent$1,,,net/minecraft/class_4151$1
aqd,net/minecraft/entity/merchant/IReputationType,net/minecraft/server/v1_14_R1/ReputationEvent,,,net/minecraft/class_4151
aqe$a,net/minecraft/village/VillageSiege$State,net/minecraft/server/v1_14_R1/VillageSiege$State,,,net/minecraft/class_1419$class_4152
aqe,net/minecraft/village/VillageSiege,net/minecraft/server/v1_14_R1/VillageSiege,,,net/minecraft/class_1419
aqg$a,net/minecraft/village/PointOfInterestManager$DistanceGraph,net/minecraft/server/v1_14_R1/VillagePlace$a,,,net/minecraft/class_4153$class_4154
aqg$b,net/minecraft/village/PointOfInterestManager$Status,net/minecraft/server/v1_14_R1/VillagePlace$Occupancy,,,net/minecraft/class_4153$class_4155
aqg,net/minecraft/village/PointOfInterestManager,net/minecraft/server/v1_14_R1/VillagePlace,,,net/minecraft/class_4153
aqh,net/minecraft/village/PointOfInterest,net/minecraft/server/v1_14_R1/VillagePlaceRecord,,,net/minecraft/class_4156
aqi,net/minecraft/village/PointOfInterestData,net/minecraft/server/v1_14_R1/VillagePlaceSection,,,net/minecraft/class_4157
aqj,net/minecraft/village/PointOfInterestType,net/minecraft/server/v1_14_R1/VillagePlaceType,,,net/minecraft/class_4158
aql,net/minecraft/entity/passive/AmbientEntity,net/minecraft/server/v1_14_R1/EntityAmbient,,,net/minecraft/class_1421
aqm,net/minecraft/entity/passive/BatEntity,net/minecraft/server/v1_14_R1/EntityBat,,,net/minecraft/class_1420
aqo$a,net/minecraft/entity/passive/fish/AbstractFishEntity$MoveHelperController,net/minecraft/server/v1_14_R1/EntityFish$a,,,net/minecraft/class_1422$class_1423
aqo$b,net/minecraft/entity/passive/fish/AbstractFishEntity$SwimGoal,net/minecraft/server/v1_14_R1/EntityFish$b,,,net/minecraft/class_1422$class_1424
aqo,net/minecraft/entity/passive/fish/AbstractFishEntity,net/minecraft/server/v1_14_R1/EntityFish,,,net/minecraft/class_1422
aqp,net/minecraft/entity/passive/GolemEntity,net/minecraft/server/v1_14_R1/EntityGolem,,,net/minecraft/class_1427
aqq$a,net/minecraft/entity/passive/fish/AbstractGroupFishEntity$GroupData,net/minecraft/server/v1_14_R1/EntityFishSchool$a,,,net/minecraft/class_1425$class_1426
aqq,net/minecraft/entity/passive/fish/AbstractGroupFishEntity,net/minecraft/server/v1_14_R1/EntityFishSchool,,,net/minecraft/class_1425
aqr,net/minecraft/entity/passive/AnimalEntity,net/minecraft/server/v1_14_R1/EntityAnimal,,,net/minecraft/class_1429
aqs$a,net/minecraft/entity/passive/CatEntity$AvoidPlayerGoal,net/minecraft/server/v1_14_R1/EntityCat$a,,,net/minecraft/class_1451$class_3698
aqs$b,net/minecraft/entity/passive/CatEntity$MorningGiftGoal,net/minecraft/server/v1_14_R1/EntityCat$b,,,net/minecraft/class_1451$class_3699
aqs$c,net/minecraft/entity/passive/CatEntity$TemptGoal,net/minecraft/server/v1_14_R1/EntityCat$PathfinderGoalTemptChance,,,net/minecraft/class_1451$class_3700
aqs,net/minecraft/entity/passive/CatEntity,net/minecraft/server/v1_14_R1/EntityCat,,,net/minecraft/class_1451
aqt,net/minecraft/entity/passive/ChickenEntity,net/minecraft/server/v1_14_R1/EntityChicken,,,net/minecraft/class_1428
aqu,net/minecraft/entity/passive/fish/CodEntity,net/minecraft/server/v1_14_R1/EntityCod,,,net/minecraft/class_1431
aqv,net/minecraft/entity/passive/CowEntity,net/minecraft/server/v1_14_R1/EntityCow,,,net/minecraft/class_1430
aqw$a,net/minecraft/entity/passive/DolphinEntity$MoveHelperController,net/minecraft/server/v1_14_R1/EntityDolphin$a,,,net/minecraft/class_1433$class_1434
aqw$b,net/minecraft/entity/passive/DolphinEntity$SwimToTreasureGoal,net/minecraft/server/v1_14_R1/EntityDolphin$b,,,net/minecraft/class_1433$class_1435
aqw$c,net/minecraft/entity/passive/DolphinEntity$SwimWithPlayerGoal,net/minecraft/server/v1_14_R1/EntityDolphin$c,,,net/minecraft/class_1433$class_1436
aqw$d,net/minecraft/entity/passive/DolphinEntity$PlayWithItemsGoal,net/minecraft/server/v1_14_R1/EntityDolphin$d,,,net/minecraft/class_1433$class_1437
aqw,net/minecraft/entity/passive/DolphinEntity,net/minecraft/server/v1_14_R1/EntityDolphin,,,net/minecraft/class_1433
aqx,net/minecraft/entity/passive/IFlyingAnimal,net/minecraft/server/v1_14_R1/EntityBird,,,net/minecraft/class_1432
aqy$a,net/minecraft/entity/passive/FoxEntity$RevengeGoal,net/minecraft/server/v1_14_R1/EntityFox$a,,,net/minecraft/class_4019$class_4020
aqy$b,net/minecraft/entity/passive/FoxEntity$JumpGoal,net/minecraft/server/v1_14_R1/EntityFox$b,,,net/minecraft/class_4019$class_4021
aqy$c,net/minecraft/entity/passive/FoxEntity$AlertablePredicate,net/minecraft/server/v1_14_R1/EntityFox$c,,,net/minecraft/class_4019$class_4022
aqy$d,net/minecraft/entity/passive/FoxEntity$BaseGoal,net/minecraft/server/v1_14_R1/EntityFox$d,,,net/minecraft/class_4019$class_4023
aqy$e,net/minecraft/entity/passive/FoxEntity$MateGoal,net/minecraft/server/v1_14_R1/EntityFox$e,,,net/minecraft/class_4019$class_4024
aqy$f,net/minecraft/entity/passive/FoxEntity$EatBerriesGoal,net/minecraft/server/v1_14_R1/EntityFox$f,,,net/minecraft/class_4019$class_4025
aqy$g,net/minecraft/entity/passive/FoxEntity$SwimGoal,net/minecraft/server/v1_14_R1/EntityFox$g,,,net/minecraft/class_4019$class_4026
aqy$h,net/minecraft/entity/passive/FoxEntity$FollowGoal,net/minecraft/server/v1_14_R1/EntityFox$h,,,net/minecraft/class_4019$class_4052
aqy$i,net/minecraft/entity/passive/FoxEntity$FoxData,net/minecraft/server/v1_14_R1/EntityFox$i,,,net/minecraft/class_4019$class_4027
aqy$j,net/minecraft/entity/passive/FoxEntity$WatchGoal,net/minecraft/server/v1_14_R1/EntityFox$j,,,net/minecraft/class_4019$class_4292
aqy$k,net/minecraft/entity/passive/FoxEntity$LookHelperController,net/minecraft/server/v1_14_R1/EntityFox$k,,,net/minecraft/class_4019$class_4028
aqy$l,net/minecraft/entity/passive/FoxEntity$BiteGoal,net/minecraft/server/v1_14_R1/EntityFox$l,,,net/minecraft/class_4019$class_4029
aqy$m,net/minecraft/entity/passive/FoxEntity$MoveHelperController,net/minecraft/server/v1_14_R1/EntityFox$m,,,net/minecraft/class_4019$class_4030
aqy$n,net/minecraft/entity/passive/FoxEntity$PanicGoal,net/minecraft/server/v1_14_R1/EntityFox$n,,,net/minecraft/class_4019$class_4032
aqy$o,net/minecraft/entity/passive/FoxEntity$PounceGoal,net/minecraft/server/v1_14_R1/EntityFox$o,,,net/minecraft/class_4019$class_4033
aqy$p,net/minecraft/entity/passive/FoxEntity$FindItemsGoal,net/minecraft/server/v1_14_R1/EntityFox$p,,,net/minecraft/class_4019$class_4034
aqy$q,net/minecraft/entity/passive/FoxEntity$StrollGoal,net/minecraft/server/v1_14_R1/EntityFox$q,,,net/minecraft/class_4019$class_4031
aqy$r,net/minecraft/entity/passive/FoxEntity$SitAndLookGoal,net/minecraft/server/v1_14_R1/EntityFox$r,,,net/minecraft/class_4019$class_4035
aqy$s,net/minecraft/entity/passive/FoxEntity$FindShelterGoal,net/minecraft/server/v1_14_R1/EntityFox$s,,,net/minecraft/class_4019$class_4036
aqy$t,net/minecraft/entity/passive/FoxEntity$SleepGoal,net/minecraft/server/v1_14_R1/EntityFox$t,,,net/minecraft/class_4019$class_4037
aqy$u,net/minecraft/entity/passive/FoxEntity$FollowTargetGoal,net/minecraft/server/v1_14_R1/EntityFox$u,,,net/minecraft/class_4019$class_4038
aqy$v,net/minecraft/entity/passive/FoxEntity$Type,net/minecraft/server/v1_14_R1/EntityFox$Type,,,net/minecraft/class_4019$class_4039
aqy,net/minecraft/entity/passive/FoxEntity,net/minecraft/server/v1_14_R1/EntityFox,,,net/minecraft/class_4019
aqz,net/minecraft/entity/passive/IronGolemEntity,net/minecraft/server/v1_14_R1/EntityIronGolem,,,net/minecraft/class_1439
ar$a,net/minecraft/advancements/criterion/EnterBlockTrigger$Listeners,net/minecraft/server/v1_14_R1/CriterionTriggerEnterBlock$a,,,net/minecraft/class_2037$class_2038
ar$b,net/minecraft/advancements/criterion/EnterBlockTrigger$Instance,net/minecraft/server/v1_14_R1/CriterionTriggerEnterBlock$b,,,net/minecraft/class_2037$class_2039
ar,net/minecraft/advancements/criterion/EnterBlockTrigger,net/minecraft/server/v1_14_R1/CriterionTriggerEnterBlock,,,net/minecraft/class_2037
ara$a,net/minecraft/entity/passive/MooshroomEntity$Type,net/minecraft/server/v1_14_R1/EntityMushroomCow$Type,,,net/minecraft/class_1438$class_4053
ara,net/minecraft/entity/passive/MooshroomEntity,net/minecraft/server/v1_14_R1/EntityMushroomCow,,,net/minecraft/class_1438
arb$a,net/minecraft/entity/passive/OcelotEntity$AvoidEntityGoal,net/minecraft/server/v1_14_R1/EntityOcelot$a,,,net/minecraft/class_3701$class_3702
arb$b,net/minecraft/entity/passive/OcelotEntity$TemptGoal,net/minecraft/server/v1_14_R1/EntityOcelot$b,,,net/minecraft/class_3701$class_3703
arb,net/minecraft/entity/passive/OcelotEntity,net/minecraft/server/v1_14_R1/EntityOcelot,,,net/minecraft/class_3701
arc$a,net/minecraft/entity/passive/PandaEntity$Type,net/minecraft/server/v1_14_R1/EntityPanda$Gene,,,net/minecraft/class_1440$class_1443
arc$b,net/minecraft/entity/passive/PandaEntity$AttackGoal,net/minecraft/server/v1_14_R1/EntityPanda$b,,,net/minecraft/class_1440$class_4054
arc$c,net/minecraft/entity/passive/PandaEntity$AvoidGoal,net/minecraft/server/v1_14_R1/EntityPanda$c,,,net/minecraft/class_1440$class_1441
arc$d,net/minecraft/entity/passive/PandaEntity$MateGoal,net/minecraft/server/v1_14_R1/EntityPanda$d,,,net/minecraft/class_1440$class_1442
arc$e,net/minecraft/entity/passive/PandaEntity$PandaData,net/minecraft/server/v1_14_R1/EntityPanda$e,,,net/minecraft/class_1440$class_4055
arc$f,net/minecraft/entity/passive/PandaEntity$RevengeGoal,net/minecraft/server/v1_14_R1/EntityPanda$f,,,net/minecraft/class_1440$class_1444
arc$g,net/minecraft/entity/passive/PandaEntity$LieBackGoal,net/minecraft/server/v1_14_R1/EntityPanda$g,,,net/minecraft/class_1440$class_1445
arc$h,net/minecraft/entity/passive/PandaEntity$WatchGoal,net/minecraft/server/v1_14_R1/EntityPanda$h,,,net/minecraft/class_1440$class_4056
arc$i,net/minecraft/entity/passive/PandaEntity$MoveHelperController,net/minecraft/server/v1_14_R1/EntityPanda$i,,,net/minecraft/class_1440$class_1446
arc$j,net/minecraft/entity/passive/PandaEntity$PanicGoal,net/minecraft/server/v1_14_R1/EntityPanda$j,,,net/minecraft/class_1440$class_1447
arc$k,net/minecraft/entity/passive/PandaEntity$RollGoal,net/minecraft/server/v1_14_R1/EntityPanda$k,,,net/minecraft/class_1440$class_1448
arc$l,net/minecraft/entity/passive/PandaEntity$SitGoal,net/minecraft/server/v1_14_R1/EntityPanda$l,,,net/minecraft/class_1440$class_1449
arc$m,net/minecraft/entity/passive/PandaEntity$ChildPlayGoal,net/minecraft/server/v1_14_R1/EntityPanda$m,,,net/minecraft/class_1440$class_1450
arc,net/minecraft/entity/passive/PandaEntity,net/minecraft/server/v1_14_R1/EntityPanda,,,net/minecraft/class_1440
ard$1,net/minecraft/entity/passive/ParrotEntity$1,net/minecraft/server/v1_14_R1/EntityParrot$1,,,net/minecraft/class_1453$1
ard,net/minecraft/entity/passive/ParrotEntity,net/minecraft/server/v1_14_R1/EntityParrot,,,net/minecraft/class_1453
are,net/minecraft/entity/passive/PigEntity,net/minecraft/server/v1_14_R1/EntityPig,,,net/minecraft/class_1452
arf$a,net/minecraft/entity/passive/PolarBearEntity$AttackPlayerGoal,net/minecraft/server/v1_14_R1/EntityPolarBear$a,,,net/minecraft/class_1456$class_1457
arf$b,net/minecraft/entity/passive/PolarBearEntity$GroupData,net/minecraft/server/v1_14_R1/EntityPolarBear$b,,,net/minecraft/class_1456$class_1458
arf$c,net/minecraft/entity/passive/PolarBearEntity$HurtByTargetGoal,net/minecraft/server/v1_14_R1/EntityPolarBear$c,,,net/minecraft/class_1456$class_1459
arf$d,net/minecraft/entity/passive/PolarBearEntity$MeleeAttackGoal,net/minecraft/server/v1_14_R1/EntityPolarBear$d,,,net/minecraft/class_1456$class_1460
arf$e,net/minecraft/entity/passive/PolarBearEntity$PanicGoal,net/minecraft/server/v1_14_R1/EntityPolarBear$e,,,net/minecraft/class_1456$class_1461
arf,net/minecraft/entity/passive/PolarBearEntity,net/minecraft/server/v1_14_R1/EntityPolarBear,,,net/minecraft/class_1456
arg$a,net/minecraft/entity/passive/fish/PufferfishEntity$PuffGoal,net/minecraft/server/v1_14_R1/EntityPufferFish$a,,,net/minecraft/class_1454$class_1455
arg,net/minecraft/entity/passive/fish/PufferfishEntity,net/minecraft/server/v1_14_R1/EntityPufferFish,,,net/minecraft/class_1454
arh$a,net/minecraft/entity/passive/RabbitEntity$EvilAttackGoal,net/minecraft/server/v1_14_R1/EntityRabbit$PathfinderGoalKillerRabbitMeleeAttack,,,net/minecraft/class_1463$class_1464
arh$b,net/minecraft/entity/passive/RabbitEntity$AvoidEntityGoal,net/minecraft/server/v1_14_R1/EntityRabbit$PathfinderGoalRabbitAvoidTarget,,,net/minecraft/class_1463$class_1465
arh$c,net/minecraft/entity/passive/RabbitEntity$RabbitData,net/minecraft/server/v1_14_R1/EntityRabbit$GroupDataRabbit,,,net/minecraft/class_1463$class_1466
arh$d,net/minecraft/entity/passive/RabbitEntity$JumpHelperController,net/minecraft/server/v1_14_R1/EntityRabbit$ControllerJumpRabbit,,,net/minecraft/class_1463$class_1467
arh$e,net/minecraft/entity/passive/RabbitEntity$MoveHelperController,net/minecraft/server/v1_14_R1/EntityRabbit$ControllerMoveRabbit,,,net/minecraft/class_1463$class_1468
arh$f,net/minecraft/entity/passive/RabbitEntity$PanicGoal,net/minecraft/server/v1_14_R1/EntityRabbit$PathfinderGoalRabbitPanic,,,net/minecraft/class_1463$class_1469
arh$g,net/minecraft/entity/passive/RabbitEntity$RaidFarmGoal,net/minecraft/server/v1_14_R1/EntityRabbit$PathfinderGoalEatCarrots,,,net/minecraft/class_1463$class_1470
arh,net/minecraft/entity/passive/RabbitEntity,net/minecraft/server/v1_14_R1/EntityRabbit,,,net/minecraft/class_1463
ari,net/minecraft/entity/passive/fish/SalmonEntity,net/minecraft/server/v1_14_R1/EntitySalmon,,,net/minecraft/class_1462
arj$1,net/minecraft/entity/passive/SheepEntity$1,net/minecraft/server/v1_14_R1/EntitySheep$1,,,net/minecraft/class_1472$1
arj,net/minecraft/entity/passive/SheepEntity,net/minecraft/server/v1_14_R1/EntitySheep,,,net/minecraft/class_1472
ark,net/minecraft/entity/passive/ShoulderRidingEntity,net/minecraft/server/v1_14_R1/EntityPerchable,,,net/minecraft/class_1471
arl,net/minecraft/entity/passive/SnowGolemEntity,net/minecraft/server/v1_14_R1/EntitySnowman,,,net/minecraft/class_1473
arm$a,net/minecraft/entity/passive/SquidEntity$FleeGoal,net/minecraft/server/v1_14_R1/EntitySquid$a,,,net/minecraft/class_1477$class_1478
arm$b,net/minecraft/entity/passive/SquidEntity$MoveRandomGoal,net/minecraft/server/v1_14_R1/EntitySquid$PathfinderGoalSquid,,,net/minecraft/class_1477$class_1479
arm,net/minecraft/entity/passive/SquidEntity,net/minecraft/server/v1_14_R1/EntitySquid,,,net/minecraft/class_1477
arn$a,net/minecraft/entity/passive/fish/TropicalFishEntity$Type,net/minecraft/server/v1_14_R1/EntityTropicalFish$Variant,,,net/minecraft/class_1474$class_1475
arn$b,net/minecraft/entity/passive/fish/TropicalFishEntity$TropicalFishData,net/minecraft/server/v1_14_R1/EntityTropicalFish$b,,,net/minecraft/class_1474$class_1476
arn,net/minecraft/entity/passive/fish/TropicalFishEntity,net/minecraft/server/v1_14_R1/EntityTropicalFish,,,net/minecraft/class_1474
aro$a,net/minecraft/entity/passive/TurtleEntity$MateGoal,net/minecraft/server/v1_14_R1/EntityTurtle$a,,,net/minecraft/class_1481$class_1482
aro$b,net/minecraft/entity/passive/TurtleEntity$GoHomeGoal,net/minecraft/server/v1_14_R1/EntityTurtle$b,,,net/minecraft/class_1481$class_1483
aro$c,net/minecraft/entity/passive/TurtleEntity$GoToWaterGoal,net/minecraft/server/v1_14_R1/EntityTurtle$c,,,net/minecraft/class_1481$class_1484
aro$d,net/minecraft/entity/passive/TurtleEntity$LayEggGoal,net/minecraft/server/v1_14_R1/EntityTurtle$d,,,net/minecraft/class_1481$class_1485
aro$e,net/minecraft/entity/passive/TurtleEntity$MoveHelperController,net/minecraft/server/v1_14_R1/EntityTurtle$e,,,net/minecraft/class_1481$class_1486
aro$f,net/minecraft/entity/passive/TurtleEntity$PanicGoal,net/minecraft/server/v1_14_R1/EntityTurtle$f,,,net/minecraft/class_1481$class_1487
aro$g,net/minecraft/entity/passive/TurtleEntity$Navigator,net/minecraft/server/v1_14_R1/EntityTurtle$g,,,net/minecraft/class_1481$class_1488
aro$h,net/minecraft/entity/passive/TurtleEntity$WanderGoal,net/minecraft/server/v1_14_R1/EntityTurtle$h,,,net/minecraft/class_1481$class_1489
aro$i,net/minecraft/entity/passive/TurtleEntity$PlayerTemptGoal,net/minecraft/server/v1_14_R1/EntityTurtle$i,,,net/minecraft/class_1481$class_1490
aro$j,net/minecraft/entity/passive/TurtleEntity$TravelGoal,net/minecraft/server/v1_14_R1/EntityTurtle$j,,,net/minecraft/class_1481$class_1491
aro,net/minecraft/entity/passive/TurtleEntity,net/minecraft/server/v1_14_R1/EntityTurtle,,,net/minecraft/class_1481
arp,net/minecraft/entity/passive/WaterMobEntity,net/minecraft/server/v1_14_R1/EntityWaterAnimal,,,net/minecraft/class_1480
arq$a,net/minecraft/entity/passive/WolfEntity$AvoidEntityGoal,net/minecraft/server/v1_14_R1/EntityWolf$a,,,net/minecraft/class_1493$class_1494
arq,net/minecraft/entity/passive/WolfEntity,net/minecraft/server/v1_14_R1/EntityWolf,,,net/minecraft/class_1493
arr,net/minecraft/entity/passive/horse/AbstractChestedHorseEntity,net/minecraft/server/v1_14_R1/EntityHorseChestedAbstract,,,net/minecraft/class_1492
ars,net/minecraft/entity/passive/horse/AbstractHorseEntity,net/minecraft/server/v1_14_R1/EntityHorseAbstract,,,net/minecraft/class_1496
art,net/minecraft/entity/passive/horse/DonkeyEntity,net/minecraft/server/v1_14_R1/EntityHorseDonkey,,,net/minecraft/class_1495
aru$a,net/minecraft/entity/passive/horse/HorseEntity$HorseData,net/minecraft/server/v1_14_R1/EntityHorse$a,,,net/minecraft/class_1498$class_1499
aru,net/minecraft/entity/passive/horse/HorseEntity,net/minecraft/server/v1_14_R1/EntityHorse,,,net/minecraft/class_1498
arv$a,net/minecraft/entity/passive/horse/LlamaEntity$DefendTargetGoal,net/minecraft/server/v1_14_R1/EntityLlama$a,,,net/minecraft/class_1501$class_1502
arv$b,net/minecraft/entity/passive/horse/LlamaEntity$LlamaData,net/minecraft/server/v1_14_R1/EntityLlama$b,,,net/minecraft/class_1501$class_1503
arv$c,net/minecraft/entity/passive/horse/LlamaEntity$HurtByTargetGoal,net/minecraft/server/v1_14_R1/EntityLlama$c,,,net/minecraft/class_1501$class_1504
arv,net/minecraft/entity/passive/horse/LlamaEntity,net/minecraft/server/v1_14_R1/EntityLlama,,,net/minecraft/class_1501
arw,net/minecraft/entity/passive/horse/MuleEntity,net/minecraft/server/v1_14_R1/EntityHorseMule,,,net/minecraft/class_1500
arx,net/minecraft/entity/passive/horse/SkeletonHorseEntity,net/minecraft/server/v1_14_R1/EntityHorseSkeleton,,,net/minecraft/class_1506
ary,net/minecraft/entity/ai/goal/TriggerSkeletonTrapGoal,net/minecraft/server/v1_14_R1/PathfinderGoalHorseTrap,,,net/minecraft/class_1505
arz$a,net/minecraft/entity/passive/horse/TraderLlamaEntity$FollowTraderGoal,net/minecraft/server/v1_14_R1/EntityLLamaTrader$a,,,net/minecraft/class_3986$class_3987
arz,net/minecraft/entity/passive/horse/TraderLlamaEntity,net/minecraft/server/v1_14_R1/EntityLLamaTrader,,,net/minecraft/class_3986
as,net/minecraft/advancements/criterion/EntityEquipmentPredicate,net/minecraft/server/v1_14_R1/CriterionConditionEntityEquipment,,,net/minecraft/class_3735
asa,net/minecraft/entity/passive/horse/ZombieHorseEntity,net/minecraft/server/v1_14_R1/EntityHorseZombie,,,net/minecraft/class_1507
ase,net/minecraft/entity/boss/dragon/EnderDragonPartEntity,net/minecraft/server/v1_14_R1/EntityComplexPart,,,net/minecraft/class_1508
asf,net/minecraft/entity/item/EnderCrystalEntity,net/minecraft/server/v1_14_R1/EntityEnderCrystal,,,net/minecraft/class_1511
asg,net/minecraft/entity/boss/dragon/EnderDragonEntity,net/minecraft/server/v1_14_R1/EntityEnderDragon,,,net/minecraft/class_1510
asi,net/minecraft/entity/boss/dragon/phase/Phase,net/minecraft/server/v1_14_R1/AbstractDragonController,,,net/minecraft/class_1512
asj,net/minecraft/entity/boss/dragon/phase/SittingPhase,net/minecraft/server/v1_14_R1/AbstractDragonControllerLanded,,,net/minecraft/class_1514
ask,net/minecraft/entity/boss/dragon/phase/ChargingPlayerPhase,net/minecraft/server/v1_14_R1/DragonControllerCharge,,,net/minecraft/class_1513
asl,net/minecraft/entity/boss/dragon/phase/DyingPhase,net/minecraft/server/v1_14_R1/DragonControllerDying,,,net/minecraft/class_1515
asm,net/minecraft/entity/boss/dragon/phase/HoldingPatternPhase,net/minecraft/server/v1_14_R1/DragonControllerHold,,,net/minecraft/class_1517
asn,net/minecraft/entity/boss/dragon/phase/HoverPhase,net/minecraft/server/v1_14_R1/DragonControllerHover,,,net/minecraft/class_1516
aso,net/minecraft/entity/boss/dragon/phase/LandingApproachPhase,net/minecraft/server/v1_14_R1/DragonControllerLandingFly,,,net/minecraft/class_1519
asp,net/minecraft/entity/boss/dragon/phase/LandingPhase,net/minecraft/server/v1_14_R1/DragonControllerLanding,,,net/minecraft/class_1518
asq,net/minecraft/entity/boss/dragon/phase/IPhase,net/minecraft/server/v1_14_R1/IDragonController,,,net/minecraft/class_1521
asr,net/minecraft/entity/boss/dragon/phase/AttackingSittingPhase,net/minecraft/server/v1_14_R1/DragonControllerLandedAttack,,,net/minecraft/class_1520
ass,net/minecraft/entity/boss/dragon/phase/FlamingSittingPhase,net/minecraft/server/v1_14_R1/DragonControllerLandedFlame,,,net/minecraft/class_1523
ast,net/minecraft/entity/boss/dragon/phase/ScanningSittingPhase,net/minecraft/server/v1_14_R1/DragonControllerLandedSearch,,,net/minecraft/class_1522
asu,net/minecraft/entity/boss/dragon/phase/StrafePlayerPhase,net/minecraft/server/v1_14_R1/DragonControllerStrafe,,,net/minecraft/class_1525
asv,net/minecraft/entity/boss/dragon/phase/TakeoffPhase,net/minecraft/server/v1_14_R1/DragonControllerFly,,,net/minecraft/class_1524
asw,net/minecraft/entity/boss/dragon/phase/PhaseType,net/minecraft/server/v1_14_R1/DragonControllerPhase,,,net/minecraft/class_1527
asx,net/minecraft/entity/boss/dragon/phase/PhaseManager,net/minecraft/server/v1_14_R1/DragonControllerManager,,,net/minecraft/class_1526
at$a,net/minecraft/advancements/criterion/EntityFlagsPredicate$Builder,net/minecraft/server/v1_14_R1/CriterionConditionEntityFlags$a,,,net/minecraft/class_2040$class_2041
at,net/minecraft/advancements/criterion/EntityFlagsPredicate,net/minecraft/server/v1_14_R1/CriterionConditionEntityFlags,,,net/minecraft/class_2040
ata$a,net/minecraft/entity/boss/WitherEntity$DoNothingGoal,net/minecraft/server/v1_14_R1/EntityWither$a,,,net/minecraft/class_1528$class_1529
ata,net/minecraft/entity/boss/WitherEntity,net/minecraft/server/v1_14_R1/EntityWither,,,net/minecraft/class_1528
atc,net/minecraft/entity/item/ArmorStandEntity,net/minecraft/server/v1_14_R1/EntityArmorStand,,,net/minecraft/class_1531
atd,net/minecraft/entity/item/HangingEntity,net/minecraft/server/v1_14_R1/EntityHanging,,,net/minecraft/class_1530
ate,net/minecraft/entity/item/ItemFrameEntity,net/minecraft/server/v1_14_R1/EntityItemFrame,,,net/minecraft/class_1533
atf,net/minecraft/entity/item/LeashKnotEntity,net/minecraft/server/v1_14_R1/EntityLeash,,,net/minecraft/class_1532
atg,net/minecraft/entity/item/PaintingType,net/minecraft/server/v1_14_R1/Paintings,,,net/minecraft/class_1535
ath,net/minecraft/entity/item/PaintingEntity,net/minecraft/server/v1_14_R1/EntityPainting,,,net/minecraft/class_1534
atj$a,net/minecraft/entity/projectile/FishingBobberEntity$State,net/minecraft/server/v1_14_R1/EntityFishingHook$HookState,,,net/minecraft/class_1536$class_1537
atj,net/minecraft/entity/projectile/FishingBobberEntity,net/minecraft/server/v1_14_R1/EntityFishingHook,,,net/minecraft/class_1536
atl,net/minecraft/entity/effect/LightningBoltEntity,net/minecraft/server/v1_14_R1/EntityLightning,,,net/minecraft/class_1538
atn,net/minecraft/entity/item/FallingBlockEntity,net/minecraft/server/v1_14_R1/EntityFallingBlock,,,net/minecraft/class_1540
ato,net/minecraft/entity/item/ItemEntity,net/minecraft/server/v1_14_R1/EntityItem,,,net/minecraft/class_1542
atp,net/minecraft/entity/item/TNTEntity,net/minecraft/server/v1_14_R1/EntityTNTPrimed,,,net/minecraft/class_1541
atr$b,net/minecraft/entity/monster/AbstractIllagerEntity$RaidOpenDoorGoal,net/minecraft/server/v1_14_R1/EntityIllagerAbstract$b,,,net/minecraft/class_1543$class_4258
atr,net/minecraft/entity/monster/AbstractIllagerEntity,net/minecraft/server/v1_14_R1/EntityIllagerAbstract,,,net/minecraft/class_1543
ats$1,net/minecraft/entity/monster/AbstractSkeletonEntity$1,net/minecraft/server/v1_14_R1/EntitySkeletonAbstract$1,,,net/minecraft/class_1547$1
ats,net/minecraft/entity/monster/AbstractSkeletonEntity,net/minecraft/server/v1_14_R1/EntitySkeletonAbstract,,,net/minecraft/class_1547
att$a,net/minecraft/entity/monster/BlazeEntity$FireballAttackGoal,net/minecraft/server/v1_14_R1/EntityBlaze$PathfinderGoalBlazeFireball,,,net/minecraft/class_1545$class_1546
att,net/minecraft/entity/monster/BlazeEntity,net/minecraft/server/v1_14_R1/EntityBlaze,,,net/minecraft/class_1545
atu,net/minecraft/entity/monster/CaveSpiderEntity,net/minecraft/server/v1_14_R1/EntityCaveSpider,,,net/minecraft/class_1549
atv,net/minecraft/entity/monster/CreeperEntity,net/minecraft/server/v1_14_R1/EntityCreeper,,,net/minecraft/class_1548
atw,net/minecraft/entity/ICrossbowUser,net/minecraft/server/v1_14_R1/ICrossbow,,,net/minecraft/class_3745
atx$a,net/minecraft/entity/monster/DrownedEntity$AttackGoal,net/minecraft/server/v1_14_R1/EntityDrowned$a,,,net/minecraft/class_1551$class_1552
atx$b,net/minecraft/entity/monster/DrownedEntity$GoToBeachGoal,net/minecraft/server/v1_14_R1/EntityDrowned$b,,,net/minecraft/class_1551$class_1554
atx$c,net/minecraft/entity/monster/DrownedEntity$GoToWaterGoal,net/minecraft/server/v1_14_R1/EntityDrowned$c,,,net/minecraft/class_1551$class_1555
atx$d,net/minecraft/entity/monster/DrownedEntity$MoveHelperController,net/minecraft/server/v1_14_R1/EntityDrowned$d,,,net/minecraft/class_1551$class_1556
atx$e,net/minecraft/entity/monster/DrownedEntity$SwimUpGoal,net/minecraft/server/v1_14_R1/EntityDrowned$e,,,net/minecraft/class_1551$class_1557
atx$f,net/minecraft/entity/monster/DrownedEntity$TridentAttackGoal,net/minecraft/server/v1_14_R1/EntityDrowned$f,,,net/minecraft/class_1551$class_1558
atx,net/minecraft/entity/monster/DrownedEntity,net/minecraft/server/v1_14_R1/EntityDrowned,,,net/minecraft/class_1551
aty,net/minecraft/entity/monster/ElderGuardianEntity,net/minecraft/server/v1_14_R1/EntityGuardianElder,,,net/minecraft/class_1550
atz$a,net/minecraft/entity/monster/EndermanEntity$StareGoal,net/minecraft/server/v1_14_R1/EntityEnderman$a,,,net/minecraft/class_1560$class_4159
atz$b,net/minecraft/entity/monster/EndermanEntity$PlaceBlockGoal,net/minecraft/server/v1_14_R1/EntityEnderman$PathfinderGoalEndermanPlaceBlock,,,net/minecraft/class_1560$class_1561
atz$c,net/minecraft/entity/monster/EndermanEntity$FindPlayerGoal,net/minecraft/server/v1_14_R1/EntityEnderman$PathfinderGoalPlayerWhoLookedAtTarget,,,net/minecraft/class_1560$class_1562
atz$d,net/minecraft/entity/monster/EndermanEntity$TakeBlockGoal,net/minecraft/server/v1_14_R1/EntityEnderman$PathfinderGoalEndermanPickupBlock,,,net/minecraft/class_1560$class_1563
atz,net/minecraft/entity/monster/EndermanEntity,net/minecraft/server/v1_14_R1/EntityEnderman,,,net/minecraft/class_1560
au$a,net/minecraft/advancements/criterion/EntityHurtPlayerTrigger$Listeners,net/minecraft/server/v1_14_R1/CriterionTriggerEntityHurtPlayer$a,,,net/minecraft/class_2044$class_2045
au$b,net/minecraft/advancements/criterion/EntityHurtPlayerTrigger$Instance,net/minecraft/server/v1_14_R1/CriterionTriggerEntityHurtPlayer$b,,,net/minecraft/class_2044$class_2046
au,net/minecraft/advancements/criterion/EntityHurtPlayerTrigger,net/minecraft/server/v1_14_R1/CriterionTriggerEntityHurtPlayer,,,net/minecraft/class_2044
aua,net/minecraft/entity/monster/EndermiteEntity,net/minecraft/server/v1_14_R1/EntityEndermite,,,net/minecraft/class_1559
aub,net/minecraft/entity/monster/IMob,net/minecraft/server/v1_14_R1/IMonster,,,net/minecraft/class_1569
auc$a,net/minecraft/entity/monster/EvokerEntity$AttackSpellGoal,net/minecraft/server/v1_14_R1/EntityEvoker$a,,,net/minecraft/class_1564$class_1565
auc$b,net/minecraft/entity/monster/EvokerEntity$CastingSpellGoal,net/minecraft/server/v1_14_R1/EntityEvoker$b,,,net/minecraft/class_1564$class_1566
auc$c,net/minecraft/entity/monster/EvokerEntity$SummonSpellGoal,net/minecraft/server/v1_14_R1/EntityEvoker$c,,,net/minecraft/class_1564$class_1567
auc$d,net/minecraft/entity/monster/EvokerEntity$WololoSpellGoal,net/minecraft/server/v1_14_R1/EntityEvoker$d,,,net/minecraft/class_1564$class_1568
auc,net/minecraft/entity/monster/EvokerEntity,net/minecraft/server/v1_14_R1/EntityEvoker,,,net/minecraft/class_1564
aud$a,net/minecraft/entity/monster/GhastEntity$LookAroundGoal,net/minecraft/server/v1_14_R1/EntityGhast$PathfinderGoalGhastMoveTowardsTarget,,,net/minecraft/class_1571$class_1572
aud$b,net/minecraft/entity/monster/GhastEntity$MoveHelperController,net/minecraft/server/v1_14_R1/EntityGhast$ControllerGhast,,,net/minecraft/class_1571$class_1573
aud$c,net/minecraft/entity/monster/GhastEntity$FireballAttackGoal,net/minecraft/server/v1_14_R1/EntityGhast$PathfinderGoalGhastAttackTarget,,,net/minecraft/class_1571$class_1574
aud$d,net/minecraft/entity/monster/GhastEntity$RandomFlyGoal,net/minecraft/server/v1_14_R1/EntityGhast$PathfinderGoalGhastIdleMove,,,net/minecraft/class_1571$class_1575
aud,net/minecraft/entity/monster/GhastEntity,net/minecraft/server/v1_14_R1/EntityGhast,,,net/minecraft/class_1571
aue,net/minecraft/entity/monster/GiantEntity,net/minecraft/server/v1_14_R1/EntityGiantZombie,,,net/minecraft/class_1570
auf$a,net/minecraft/entity/monster/GuardianEntity$AttackGoal,net/minecraft/server/v1_14_R1/EntityGuardian$PathfinderGoalGuardianAttack,,,net/minecraft/class_1577$class_1578
auf$b,net/minecraft/entity/monster/GuardianEntity$TargetPredicate,net/minecraft/server/v1_14_R1/EntityGuardian$EntitySelectorGuardianTargetHumanSquid,,,net/minecraft/class_1577$class_1579
auf$c,net/minecraft/entity/monster/GuardianEntity$MoveHelperController,net/minecraft/server/v1_14_R1/EntityGuardian$ControllerMoveGuardian,,,net/minecraft/class_1577$class_1580
auf,net/minecraft/entity/monster/GuardianEntity,net/minecraft/server/v1_14_R1/EntityGuardian,,,net/minecraft/class_1577
aug,net/minecraft/entity/monster/HuskEntity,net/minecraft/server/v1_14_R1/EntityZombieHusk,,,net/minecraft/class_1576
auh$a,net/minecraft/entity/monster/IllusionerEntity$BlindnessSpellGoal,net/minecraft/server/v1_14_R1/EntityIllagerIllusioner$a,,,net/minecraft/class_1581$class_1582
auh$b,net/minecraft/entity/monster/IllusionerEntity$MirrorSpellGoal,net/minecraft/server/v1_14_R1/EntityIllagerIllusioner$b,,,net/minecraft/class_1581$class_1583
auh,net/minecraft/entity/monster/IllusionerEntity,net/minecraft/server/v1_14_R1/EntityIllagerIllusioner,,,net/minecraft/class_1581
aui,net/minecraft/entity/monster/MagmaCubeEntity,net/minecraft/server/v1_14_R1/EntityMagmaCube,,,net/minecraft/class_1589
auj,net/minecraft/entity/monster/MonsterEntity,net/minecraft/server/v1_14_R1/EntityMonster,,,net/minecraft/class_1588
auk$a,net/minecraft/entity/monster/PatrollerEntity$PatrolGoal,net/minecraft/server/v1_14_R1/EntityMonsterPatrolling$a,,,net/minecraft/class_3732$class_3733
auk,net/minecraft/entity/monster/PatrollerEntity,net/minecraft/server/v1_14_R1/EntityMonsterPatrolling,,,net/minecraft/class_3732
aul$a,net/minecraft/entity/monster/PhantomEntity$AttackPhase,net/minecraft/server/v1_14_R1/EntityPhantom$AttackPhase,,,net/minecraft/class_1593$class_1594
aul$b,net/minecraft/entity/monster/PhantomEntity$AttackPlayerGoal,net/minecraft/server/v1_14_R1/EntityPhantom$b,,,net/minecraft/class_1593$class_1595
aul$c,net/minecraft/entity/monster/PhantomEntity$PickAttackGoal,net/minecraft/server/v1_14_R1/EntityPhantom$c,,,net/minecraft/class_1593$class_1596
aul$d,net/minecraft/entity/monster/PhantomEntity$BodyHelperController,net/minecraft/server/v1_14_R1/EntityPhantom$d,,,net/minecraft/class_1593$class_1597
aul$e,net/minecraft/entity/monster/PhantomEntity$OrbitPointGoal,net/minecraft/server/v1_14_R1/EntityPhantom$e,,,net/minecraft/class_1593$class_1598
aul$f,net/minecraft/entity/monster/PhantomEntity$LookHelperController,net/minecraft/server/v1_14_R1/EntityPhantom$f,,,net/minecraft/class_1593$class_1599
aul$g,net/minecraft/entity/monster/PhantomEntity$MoveHelperController,net/minecraft/server/v1_14_R1/EntityPhantom$g,,,net/minecraft/class_1593$class_1600
aul$h,net/minecraft/entity/monster/PhantomEntity$MoveGoal,net/minecraft/server/v1_14_R1/EntityPhantom$h,,,net/minecraft/class_1593$class_1601
aul$i,net/minecraft/entity/monster/PhantomEntity$SweepAttackGoal,net/minecraft/server/v1_14_R1/EntityPhantom$i,,,net/minecraft/class_1593$class_1602
aul,net/minecraft/entity/monster/PhantomEntity,net/minecraft/server/v1_14_R1/EntityPhantom,,,net/minecraft/class_1593
aum$a,net/minecraft/entity/monster/ZombiePigmanEntity$TargetAggressorGoal,net/minecraft/server/v1_14_R1/EntityPigZombie$PathfinderGoalAnger,,,net/minecraft/class_1590$class_1591
aum$b,net/minecraft/entity/monster/ZombiePigmanEntity$HurtByAggressorGoal,net/minecraft/server/v1_14_R1/EntityPigZombie$PathfinderGoalAngerOther,,,net/minecraft/class_1590$class_1592
aum,net/minecraft/entity/monster/ZombiePigmanEntity,net/minecraft/server/v1_14_R1/EntityPigZombie,,,net/minecraft/class_1590
aun,net/minecraft/entity/monster/PillagerEntity,net/minecraft/server/v1_14_R1/EntityPillager,,,net/minecraft/class_1604
auo,net/minecraft/entity/IRangedAttackMob,net/minecraft/server/v1_14_R1/IRangedEntity,,,net/minecraft/class_1603
aup$a,net/minecraft/entity/monster/RavagerEntity$AttackGoal,net/minecraft/server/v1_14_R1/EntityRavager$a,,,net/minecraft/class_1584$class_1585
aup$b,net/minecraft/entity/monster/RavagerEntity$Navigator,net/minecraft/server/v1_14_R1/EntityRavager$b,,,net/minecraft/class_1584$class_1586
aup$c,net/minecraft/entity/monster/RavagerEntity$Processor,net/minecraft/server/v1_14_R1/EntityRavager$c,,,net/minecraft/class_1584$class_1587
aup,net/minecraft/entity/monster/RavagerEntity,net/minecraft/server/v1_14_R1/EntityRavager,,,net/minecraft/class_1584
auq,net/minecraft/entity/SharedMonsterAttributes,net/minecraft/server/v1_14_R1/GenericAttributes,,,net/minecraft/class_1612
aur$a,net/minecraft/entity/monster/ShulkerEntity$AttackGoal,net/minecraft/server/v1_14_R1/EntityShulker$a,,,net/minecraft/class_1606$class_1607
aur$b,net/minecraft/entity/monster/ShulkerEntity$BodyHelperController,net/minecraft/server/v1_14_R1/EntityShulker$b,,,net/minecraft/class_1606$class_1608
aur$c,net/minecraft/entity/monster/ShulkerEntity$DefenseAttackGoal,net/minecraft/server/v1_14_R1/EntityShulker$c,,,net/minecraft/class_1606$class_1609
aur$d,net/minecraft/entity/monster/ShulkerEntity$AttackNearestGoal,net/minecraft/server/v1_14_R1/EntityShulker$d,,,net/minecraft/class_1606$class_1610
aur$e,net/minecraft/entity/monster/ShulkerEntity$PeekGoal,net/minecraft/server/v1_14_R1/EntityShulker$e,,,net/minecraft/class_1606$class_1611
aur,net/minecraft/entity/monster/ShulkerEntity,net/minecraft/server/v1_14_R1/EntityShulker,,,net/minecraft/class_1606
aus$a,net/minecraft/entity/monster/SilverfishEntity$HideInStoneGoal,net/minecraft/server/v1_14_R1/EntitySilverfish$PathfinderGoalSilverfishHideInBlock,,,net/minecraft/class_1614$class_1615
aus$b,net/minecraft/entity/monster/SilverfishEntity$SummonSilverfishGoal,net/minecraft/server/v1_14_R1/EntitySilverfish$PathfinderGoalSilverfishWakeOthers,,,net/minecraft/class_1614$class_1616
aus,net/minecraft/entity/monster/SilverfishEntity,net/minecraft/server/v1_14_R1/EntitySilverfish,,,net/minecraft/class_1614
aut,net/minecraft/entity/monster/SkeletonEntity,net/minecraft/server/v1_14_R1/EntitySkeleton,,,net/minecraft/class_1613
auu$a,net/minecraft/entity/monster/SlimeEntity$AttackGoal,net/minecraft/server/v1_14_R1/EntitySlime$PathfinderGoalSlimeNearestPlayer,,,net/minecraft/class_1621$class_1622
auu$b,net/minecraft/entity/monster/SlimeEntity$FloatGoal,net/minecraft/server/v1_14_R1/EntitySlime$PathfinderGoalSlimeRandomJump,,,net/minecraft/class_1621$class_1623
auu$c,net/minecraft/entity/monster/SlimeEntity$HopGoal,net/minecraft/server/v1_14_R1/EntitySlime$PathfinderGoalSlimeIdle,,,net/minecraft/class_1621$class_1624
auu$d,net/minecraft/entity/monster/SlimeEntity$MoveHelperController,net/minecraft/server/v1_14_R1/EntitySlime$ControllerMoveSlime,,,net/minecraft/class_1621$class_1625
auu$e,net/minecraft/entity/monster/SlimeEntity$FaceRandomGoal,net/minecraft/server/v1_14_R1/EntitySlime$PathfinderGoalSlimeRandomDirection,,,net/minecraft/class_1621$class_1626
auu,net/minecraft/entity/monster/SlimeEntity,net/minecraft/server/v1_14_R1/EntitySlime,,,net/minecraft/class_1621
auv$a,net/minecraft/entity/monster/SpellcastingIllagerEntity$SpellType,net/minecraft/server/v1_14_R1/EntityIllagerWizard$Spell,,,net/minecraft/class_1617$class_1618
auv$b,net/minecraft/entity/monster/SpellcastingIllagerEntity$CastingASpellGoal,net/minecraft/server/v1_14_R1/EntityIllagerWizard$b,,,net/minecraft/class_1617$class_1619
auv$c,net/minecraft/entity/monster/SpellcastingIllagerEntity$UseSpellGoal,net/minecraft/server/v1_14_R1/EntityIllagerWizard$c,,,net/minecraft/class_1617$class_1620
auv,net/minecraft/entity/monster/SpellcastingIllagerEntity,net/minecraft/server/v1_14_R1/EntityIllagerWizard,,,net/minecraft/class_1617
auw$a,net/minecraft/entity/monster/SpiderEntity$AttackGoal,net/minecraft/server/v1_14_R1/EntitySpider$PathfinderGoalSpiderMeleeAttack,,,net/minecraft/class_1628$class_1629
auw$b,net/minecraft/entity/monster/SpiderEntity$GroupData,net/minecraft/server/v1_14_R1/EntitySpider$GroupDataSpider,,,net/minecraft/class_1628$class_1630
auw$c,net/minecraft/entity/monster/SpiderEntity$TargetGoal,net/minecraft/server/v1_14_R1/EntitySpider$PathfinderGoalSpiderNearestAttackableTarget,,,net/minecraft/class_1628$class_1631
auw,net/minecraft/entity/monster/SpiderEntity,net/minecraft/server/v1_14_R1/EntitySpider,,,net/minecraft/class_1628
auy,net/minecraft/entity/monster/StrayEntity,net/minecraft/server/v1_14_R1/EntitySkeletonStray,,,net/minecraft/class_1627
auz$a,net/minecraft/entity/monster/VexEntity$ChargeAttackGoal,net/minecraft/server/v1_14_R1/EntityVex$a,,,net/minecraft/class_1634$class_1635
auz$b,net/minecraft/entity/monster/VexEntity$CopyOwnerTargetGoal,net/minecraft/server/v1_14_R1/EntityVex$b,,,net/minecraft/class_1634$class_1636
auz$c,net/minecraft/entity/monster/VexEntity$MoveHelperController,net/minecraft/server/v1_14_R1/EntityVex$c,,,net/minecraft/class_1634$class_1637
auz$d,net/minecraft/entity/monster/VexEntity$MoveRandomGoal,net/minecraft/server/v1_14_R1/EntityVex$d,,,net/minecraft/class_1634$class_1638
auz,net/minecraft/entity/monster/VexEntity,net/minecraft/server/v1_14_R1/EntityVex,,,net/minecraft/class_1634
av$a,net/minecraft/advancements/criterion/EntityPredicate$Builder,net/minecraft/server/v1_14_R1/CriterionConditionEntity$a,,,net/minecraft/class_2048$class_2049
av,net/minecraft/advancements/criterion/EntityPredicate,net/minecraft/server/v1_14_R1/CriterionConditionEntity,,,net/minecraft/class_2048
ava$a,net/minecraft/entity/monster/VindicatorEntity$BreakDoorGoal,net/minecraft/server/v1_14_R1/EntityVindicator$a,,,net/minecraft/class_1632$class_3761
ava$b,net/minecraft/entity/monster/VindicatorEntity$JohnnyAttackGoal,net/minecraft/server/v1_14_R1/EntityVindicator$b,,,net/minecraft/class_1632$class_1633
ava$c,net/minecraft/entity/monster/VindicatorEntity$AttackGoal,net/minecraft/server/v1_14_R1/EntityVindicator$c,,,net/minecraft/class_1632$class_4293
ava,net/minecraft/entity/monster/VindicatorEntity,net/minecraft/server/v1_14_R1/EntityVindicator,,,net/minecraft/class_1632
avb,net/minecraft/entity/monster/WitchEntity,net/minecraft/server/v1_14_R1/EntityWitch,,,net/minecraft/class_1640
avc,net/minecraft/entity/monster/WitherSkeletonEntity,net/minecraft/server/v1_14_R1/EntitySkeletonWither,,,net/minecraft/class_1639
avd$a,net/minecraft/entity/monster/ZombieEntity$AttackTurtleEggGoal,net/minecraft/server/v1_14_R1/EntityZombie$a,,,net/minecraft/class_1642$class_1643
avd$b,net/minecraft/entity/monster/ZombieEntity$GroupData,net/minecraft/server/v1_14_R1/EntityZombie$GroupDataZombie,,,net/minecraft/class_1642$class_1644
avd,net/minecraft/entity/monster/ZombieEntity,net/minecraft/server/v1_14_R1/EntityZombie,,,net/minecraft/class_1642
ave,net/minecraft/entity/monster/ZombieVillagerEntity,net/minecraft/server/v1_14_R1/EntityZombieVillager,,,net/minecraft/class_1641
avg,net/minecraft/entity/merchant/villager/AbstractVillagerEntity,net/minecraft/server/v1_14_R1/EntityVillagerAbstract,,,net/minecraft/class_3988
avh,net/minecraft/world/spawner/CatSpawner,net/minecraft/server/v1_14_R1/MobSpawnerCat,,,net/minecraft/class_4274
avi,net/minecraft/entity/NPCMerchant,net/minecraft/server/v1_14_R1/MerchantWrapper,,,net/minecraft/class_1645
avj,net/minecraft/entity/INPC,net/minecraft/server/v1_14_R1/NPC,,,net/minecraft/class_1655
avk$a,net/minecraft/entity/merchant/villager/VillagerEntity$GolemStatus,net/minecraft/server/v1_14_R1/EntityVillager$a,,,net/minecraft/class_1646$class_4222
avk,net/minecraft/entity/merchant/villager/VillagerEntity,net/minecraft/server/v1_14_R1/EntityVillager,,,net/minecraft/class_1646
avl,net/minecraft/entity/merchant/villager/VillagerData,net/minecraft/server/v1_14_R1/VillagerData,,,net/minecraft/class_3850
avm,net/minecraft/entity/villager/IVillagerDataHolder,net/minecraft/server/v1_14_R1/VillagerDataHolder,,,net/minecraft/class_3851
avn,net/minecraft/entity/merchant/villager/VillagerProfession,net/minecraft/server/v1_14_R1/VillagerProfession,,,net/minecraft/class_3852
avo$a,net/minecraft/entity/merchant/villager/VillagerTrades$DyedArmorForEmeraldsTrade,net/minecraft/server/v1_14_R1/VillagerTrades$a,,,net/minecraft/class_3853$class_4160
avo$b,net/minecraft/entity/merchant/villager/VillagerTrades$EmeraldForItemsTrade,net/minecraft/server/v1_14_R1/VillagerTrades$b,,,net/minecraft/class_3853$class_4161
avo$c,net/minecraft/entity/merchant/villager/VillagerTrades$EmeraldForVillageTypeItemTrade,net/minecraft/server/v1_14_R1/VillagerTrades$c,,,net/minecraft/class_3853$class_4162
avo$d,net/minecraft/entity/merchant/villager/VillagerTrades$EnchantedBookForEmeraldsTrade,net/minecraft/server/v1_14_R1/VillagerTrades$d,,,net/minecraft/class_3853$class_1648
avo$e,net/minecraft/entity/merchant/villager/VillagerTrades$EnchantedItemForEmeraldsTrade,net/minecraft/server/v1_14_R1/VillagerTrades$e,,,net/minecraft/class_3853$class_4163
avo$f,net/minecraft/entity/merchant/villager/VillagerTrades$ITrade,net/minecraft/server/v1_14_R1/VillagerTrades$IMerchantRecipeOption,,,net/minecraft/class_3853$class_1652
avo$g,net/minecraft/entity/merchant/villager/VillagerTrades$ItemsForEmeraldsAndItemsTrade,net/minecraft/server/v1_14_R1/VillagerTrades$g,,,net/minecraft/class_3853$class_4164
avo$h,net/minecraft/entity/merchant/villager/VillagerTrades$ItemsForEmeraldsTrade,net/minecraft/server/v1_14_R1/VillagerTrades$h,,,net/minecraft/class_3853$class_4165
avo$i,net/minecraft/entity/merchant/villager/VillagerTrades$SuspiciousStewForEmeraldTrade,net/minecraft/server/v1_14_R1/VillagerTrades$i,,,net/minecraft/class_3853$class_4166
avo$j,net/minecraft/entity/merchant/villager/VillagerTrades$ItemWithPotionForEmeraldsAndItemsTrade,net/minecraft/server/v1_14_R1/VillagerTrades$j,,,net/minecraft/class_3853$class_4167
avo$k,net/minecraft/entity/merchant/villager/VillagerTrades$EmeraldForMapTrade,net/minecraft/server/v1_14_R1/VillagerTrades$k,,,net/minecraft/class_3853$class_1654
avo,net/minecraft/entity/merchant/villager/VillagerTrades,net/minecraft/server/v1_14_R1/VillagerTrades,,,net/minecraft/class_3853
avp$1,net/minecraft/entity/villager/IVillagerType$1,net/minecraft/server/v1_14_R1/VillagerType$1,,,net/minecraft/class_3854$1
avp,net/minecraft/entity/villager/IVillagerType,net/minecraft/server/v1_14_R1/VillagerType,,,net/minecraft/class_3854
avq$a,net/minecraft/entity/merchant/villager/WanderingTraderEntity$MoveToGoal,net/minecraft/server/v1_14_R1/EntityVillagerTrader$a,,,net/minecraft/class_3989$class_3994
avq,net/minecraft/entity/merchant/villager/WanderingTraderEntity,net/minecraft/server/v1_14_R1/EntityVillagerTrader,,,net/minecraft/class_3989
avr,net/minecraft/world/spawner/WanderingTraderSpawner,net/minecraft/server/v1_14_R1/MobSpawnerTrader,,,net/minecraft/class_3990
avu,net/minecraft/entity/player/PlayerAbilities,net/minecraft/server/v1_14_R1/PlayerAbilities,,,net/minecraft/class_1656
avv,net/minecraft/entity/player/ChatVisibility,net/minecraft/server/v1_14_R1/EnumChatVisibility,,,net/minecraft/class_1659
avw,net/minecraft/entity/player/PlayerInventory,net/minecraft/server/v1_14_R1/PlayerInventory,,,net/minecraft/class_1661
avx$a,net/minecraft/entity/player/PlayerEntity$SleepResult,net/minecraft/server/v1_14_R1/EntityHuman$EnumBedResult,,,net/minecraft/class_1657$class_1658
avx,net/minecraft/entity/player/PlayerEntity,net/minecraft/server/v1_14_R1/EntityHuman,,,net/minecraft/class_1657
avz$a,net/minecraft/item/crafting/RecipeItemHelper$RecipePicker,net/minecraft/server/v1_14_R1/AutoRecipeStackManager$a,,,net/minecraft/class_1662$class_1663
avz,net/minecraft/item/crafting/RecipeItemHelper,net/minecraft/server/v1_14_R1/AutoRecipeStackManager,,,net/minecraft/class_1662
aw$1,net/minecraft/advancements/criterion/EntityTypePredicate$1,net/minecraft/server/v1_14_R1/CriterionConditionEntityType$1,,,net/minecraft/class_2050$1
aw$a,net/minecraft/advancements/criterion/EntityTypePredicate$TagPredicate,net/minecraft/server/v1_14_R1/CriterionConditionEntityType$a,,,net/minecraft/class_2050$class_2051
aw$b,net/minecraft/advancements/criterion/EntityTypePredicate$TypePredicate,net/minecraft/server/v1_14_R1/CriterionConditionEntityType$b,,,net/minecraft/class_2050$class_2052
aw,net/minecraft/advancements/criterion/EntityTypePredicate,net/minecraft/server/v1_14_R1/CriterionConditionEntityType,,,net/minecraft/class_2050
awb$a,net/minecraft/entity/projectile/AbstractArrowEntity$PickupStatus,net/minecraft/server/v1_14_R1/EntityArrow$PickupStatus,,,net/minecraft/class_1665$class_1666
awb,net/minecraft/entity/projectile/AbstractArrowEntity,net/minecraft/server/v1_14_R1/EntityArrow,,,net/minecraft/class_1665
awc,net/minecraft/entity/projectile/DamagingProjectileEntity,net/minecraft/server/v1_14_R1/EntityFireball,,,net/minecraft/class_1668
awd,net/minecraft/entity/projectile/ArrowEntity,net/minecraft/server/v1_14_R1/EntityTippedArrow,,,net/minecraft/class_1667
awe,net/minecraft/entity/projectile/DragonFireballEntity,net/minecraft/server/v1_14_R1/EntityDragonFireball,,,net/minecraft/class_1670
awf,net/minecraft/entity/projectile/EvokerFangsEntity,net/minecraft/server/v1_14_R1/EntityEvokerFangs,,,net/minecraft/class_1669
awg,net/minecraft/entity/item/EyeOfEnderEntity,net/minecraft/server/v1_14_R1/EntityEnderSignal,,,net/minecraft/class_1672
awh,net/minecraft/entity/projectile/AbstractFireballEntity,net/minecraft/server/v1_14_R1/EntityFireballFireball,,,net/minecraft/class_3855
awi,net/minecraft/entity/item/FireworkRocketEntity,net/minecraft/server/v1_14_R1/EntityFireworks,,,net/minecraft/class_1671
awk,net/minecraft/entity/projectile/FireballEntity,net/minecraft/server/v1_14_R1/EntityLargeFireball,,,net/minecraft/class_1674
awl,net/minecraft/entity/projectile/LlamaSpitEntity,net/minecraft/server/v1_14_R1/EntityLlamaSpit,,,net/minecraft/class_1673
awm,net/minecraft/entity/IProjectile,net/minecraft/server/v1_14_R1/IProjectile,,,net/minecraft/class_1676
awn,net/minecraft/entity/projectile/ProjectileHelper,net/minecraft/server/v1_14_R1/ProjectileHelper,,,net/minecraft/class_1675
awo,net/minecraft/entity/projectile/ShulkerBulletEntity,net/minecraft/server/v1_14_R1/EntityShulkerBullet,,,net/minecraft/class_1678
awp,net/minecraft/entity/projectile/SmallFireballEntity,net/minecraft/server/v1_14_R1/EntitySmallFireball,,,net/minecraft/class_1677
awq,net/minecraft/entity/projectile/SnowballEntity,net/minecraft/server/v1_14_R1/EntitySnowball,,,net/minecraft/class_1680
awr,net/minecraft/entity/projectile/SpectralArrowEntity,net/minecraft/server/v1_14_R1/EntitySpectralArrow,,,net/minecraft/class_1679
aws,net/minecraft/entity/projectile/ProjectileItemEntity,net/minecraft/server/v1_14_R1/EntityProjectileThrowable,,,net/minecraft/class_3857
awt,net/minecraft/entity/projectile/ThrowableEntity,net/minecraft/server/v1_14_R1/EntityProjectile,,,net/minecraft/class_1682
awu,net/minecraft/entity/projectile/EggEntity,net/minecraft/server/v1_14_R1/EntityEgg,,,net/minecraft/class_1681
awv,net/minecraft/entity/item/EnderPearlEntity,net/minecraft/server/v1_14_R1/EntityEnderPearl,,,net/minecraft/class_1684
aww,net/minecraft/entity/item/ExperienceBottleEntity,net/minecraft/server/v1_14_R1/EntityThrownExpBottle,,,net/minecraft/class_1683
awx,net/minecraft/entity/projectile/PotionEntity,net/minecraft/server/v1_14_R1/EntityPotion,,,net/minecraft/class_1686
awy,net/minecraft/entity/projectile/TridentEntity,net/minecraft/server/v1_14_R1/EntityThrownTrident,,,net/minecraft/class_1685
awz,net/minecraft/entity/projectile/WitherSkullEntity,net/minecraft/server/v1_14_R1/EntityWitherSkull,,,net/minecraft/class_1687
ax$a,net/minecraft/advancements/criterion/FilledBucketTrigger$Listeners,net/minecraft/server/v1_14_R1/CriterionTriggerFilledBucket$a,,,net/minecraft/class_2054$class_2055
ax$b,net/minecraft/advancements/criterion/FilledBucketTrigger$Instance,net/minecraft/server/v1_14_R1/CriterionTriggerFilledBucket$b,,,net/minecraft/class_2054$class_2056
ax,net/minecraft/advancements/criterion/FilledBucketTrigger,net/minecraft/server/v1_14_R1/CriterionTriggerFilledBucket,,,net/minecraft/class_2054
axb$a,net/minecraft/world/raid/Raid$Status,net/minecraft/server/v1_14_R1/Raid$Status,,,net/minecraft/class_3765$class_4259
axb$b,net/minecraft/world/raid/Raid$WaveMember,net/minecraft/server/v1_14_R1/Raid$Wave,,,net/minecraft/class_3765$class_3766
axb,net/minecraft/world/raid/Raid,net/minecraft/server/v1_14_R1/Raid,,,net/minecraft/class_3765
axc$a,net/minecraft/entity/monster/AbstractRaiderEntity$FindTargetGoal,net/minecraft/server/v1_14_R1/EntityRaider$a,,,net/minecraft/class_3763$class_4223
axc$b,net/minecraft/entity/monster/AbstractRaiderEntity$PromoteLeaderGoal,net/minecraft/server/v1_14_R1/EntityRaider$b,,,net/minecraft/class_3763$class_3764
axc$c,net/minecraft/entity/monster/AbstractRaiderEntity$CelebrateRaidLossGoal,net/minecraft/server/v1_14_R1/EntityRaider$c,,,net/minecraft/class_3763$class_4260
axc$d,net/minecraft/entity/monster/AbstractRaiderEntity$InvadeHomeGoal,net/minecraft/server/v1_14_R1/EntityRaider$d,,,net/minecraft/class_3763$class_4261
axc,net/minecraft/entity/monster/AbstractRaiderEntity,net/minecraft/server/v1_14_R1/EntityRaider,,,net/minecraft/class_3763
axd,net/minecraft/world/raid/RaidManager,net/minecraft/server/v1_14_R1/PersistentRaid,,,net/minecraft/class_3767
axf,net/minecraft/entity/ai/brain/schedule/Activity,net/minecraft/server/v1_14_R1/Activity,,,net/minecraft/class_4168
axg,net/minecraft/entity/ai/brain/schedule/DutyTime,net/minecraft/server/v1_14_R1/ActivityFrame,,,net/minecraft/class_4169
axh,net/minecraft/entity/ai/brain/schedule/Schedule,net/minecraft/server/v1_14_R1/Schedule,,,net/minecraft/class_4170
axi$a,net/minecraft/entity/ai/brain/schedule/ScheduleBuilder$ActivityEntry,net/minecraft/server/v1_14_R1/ScheduleBuilder$a,,,net/minecraft/class_4171$class_4172
axi,net/minecraft/entity/ai/brain/schedule/ScheduleBuilder,net/minecraft/server/v1_14_R1/ScheduleBuilder,,,net/minecraft/class_4171
axj,net/minecraft/entity/ai/brain/schedule/ScheduleDuties,net/minecraft/server/v1_14_R1/ScheduleActivity,,,net/minecraft/class_4173
axl$a,net/minecraft/entity/item/minecart/AbstractMinecartEntity$Type,net/minecraft/server/v1_14_R1/EntityMinecartAbstract$EnumMinecartType,,,net/minecraft/class_1688$class_1689
axl,net/minecraft/entity/item/minecart/AbstractMinecartEntity,net/minecraft/server/v1_14_R1/EntityMinecartAbstract,,,net/minecraft/class_1688
axm,net/minecraft/entity/item/minecart/ContainerMinecartEntity,net/minecraft/server/v1_14_R1/EntityMinecartContainer,,,net/minecraft/class_1693
axn$a,net/minecraft/entity/item/BoatEntity$Status,net/minecraft/server/v1_14_R1/EntityBoat$EnumStatus,,,net/minecraft/class_1690$class_1691
axn$b,net/minecraft/entity/item/BoatEntity$Type,net/minecraft/server/v1_14_R1/EntityBoat$EnumBoatType,,,net/minecraft/class_1690$class_1692
axn,net/minecraft/entity/item/BoatEntity,net/minecraft/server/v1_14_R1/EntityBoat,,,net/minecraft/class_1690
axo,net/minecraft/entity/item/minecart/MinecartEntity,net/minecraft/server/v1_14_R1/EntityMinecartRideable,,,net/minecraft/class_1695
axp,net/minecraft/entity/item/minecart/ChestMinecartEntity,net/minecraft/server/v1_14_R1/EntityMinecartChest,,,net/minecraft/class_1694
axq$a,net/minecraft/entity/item/minecart/MinecartCommandBlockEntity$MinecartCommandLogic,net/minecraft/server/v1_14_R1/EntityMinecartCommandBlock$a,,,net/minecraft/class_1697$class_1698
axq,net/minecraft/entity/item/minecart/MinecartCommandBlockEntity,net/minecraft/server/v1_14_R1/EntityMinecartCommandBlock,,,net/minecraft/class_1697
axr,net/minecraft/entity/item/minecart/FurnaceMinecartEntity,net/minecraft/server/v1_14_R1/EntityMinecartFurnace,,,net/minecraft/class_1696
axs,net/minecraft/entity/item/minecart/HopperMinecartEntity,net/minecraft/server/v1_14_R1/EntityMinecartHopper,,,net/minecraft/class_1700
axt$1,net/minecraft/entity/item/minecart/SpawnerMinecartEntity$1,net/minecraft/server/v1_14_R1/EntityMinecartMobSpawner$1,,,net/minecraft/class_1699$1
axt,net/minecraft/entity/item/minecart/SpawnerMinecartEntity,net/minecraft/server/v1_14_R1/EntityMinecartMobSpawner,,,net/minecraft/class_1699
axu,net/minecraft/entity/item/minecart/TNTMinecartEntity,net/minecraft/server/v1_14_R1/EntityMinecartTNT,,,net/minecraft/class_1701
axx,net/minecraft/util/FoodStats,net/minecraft/server/v1_14_R1/FoodMetaData,,,net/minecraft/class_1702
axy$a,net/minecraft/item/Food$Builder,net/minecraft/server/v1_14_R1/FoodInfo$a,,,net/minecraft/class_4174$class_4175
axy,net/minecraft/item/Food,net/minecraft/server/v1_14_R1/FoodInfo,,,net/minecraft/class_4174
axz,net/minecraft/item/Foods,net/minecraft/server/v1_14_R1/Foods,,,net/minecraft/class_4176
ay$a,net/minecraft/advancements/criterion/FishingRodHookedTrigger$Listeners,net/minecraft/server/v1_14_R1/CriterionTriggerFishingRodHooked$a,,,net/minecraft/class_2058$class_2059
ay$b,net/minecraft/advancements/criterion/FishingRodHookedTrigger$Instance,net/minecraft/server/v1_14_R1/CriterionTriggerFishingRodHooked$b,,,net/minecraft/class_2058$class_2060
ay,net/minecraft/advancements/criterion/FishingRodHookedTrigger,net/minecraft/server/v1_14_R1/CriterionTriggerFishingRodHooked,,,net/minecraft/class_2058
ayb,net/minecraft/inventory/container/Container,net/minecraft/server/v1_14_R1/Container,,,net/minecraft/class_1703
ayc,net/minecraft/inventory/container/AbstractFurnaceContainer,net/minecraft/server/v1_14_R1/ContainerFurnace,,,net/minecraft/class_1720
ayd$1,net/minecraft/inventory/container/RepairContainer$1,net/minecraft/server/v1_14_R1/ContainerAnvil$1,,,net/minecraft/class_1706$1
ayd$2,net/minecraft/inventory/container/RepairContainer$2,net/minecraft/server/v1_14_R1/ContainerAnvil$2,,,net/minecraft/class_1706$2
ayd,net/minecraft/inventory/container/RepairContainer,net/minecraft/server/v1_14_R1/ContainerAnvil,,,net/minecraft/class_1706
aye$1,net/minecraft/inventory/container/BeaconContainer$1,net/minecraft/server/v1_14_R1/ContainerBeacon$1,,,net/minecraft/class_1704$1
aye$a,net/minecraft/inventory/container/BeaconContainer$BeaconSlot,net/minecraft/server/v1_14_R1/ContainerBeacon$SlotBeacon,,,net/minecraft/class_1704$class_1705
aye,net/minecraft/inventory/container/BeaconContainer,net/minecraft/server/v1_14_R1/ContainerBeacon,,,net/minecraft/class_1704
ayf,net/minecraft/inventory/container/BlastFurnaceContainer,net/minecraft/server/v1_14_R1/ContainerBlastFurnace,,,net/minecraft/class_3705
ayg$a,net/minecraft/inventory/container/BrewingStandContainer$FuelSlot,net/minecraft/server/v1_14_R1/ContainerBrewingStand$a,,,net/minecraft/class_1708$class_1709
ayg$b,net/minecraft/inventory/container/BrewingStandContainer$IngredientSlot,net/minecraft/server/v1_14_R1/ContainerBrewingStand$SlotBrewing,,,net/minecraft/class_1708$class_1710
ayg$c,net/minecraft/inventory/container/BrewingStandContainer$PotionSlot,net/minecraft/server/v1_14_R1/ContainerBrewingStand$SlotPotionBottle,,,net/minecraft/class_1708$class_1711
ayg,net/minecraft/inventory/container/BrewingStandContainer,net/minecraft/server/v1_14_R1/ContainerBrewingStand,,,net/minecraft/class_1708
ayh$1,net/minecraft/inventory/container/CartographyContainer$1,net/minecraft/server/v1_14_R1/ContainerCartography$1,,,net/minecraft/class_3910$1
ayh$2,net/minecraft/inventory/container/CartographyContainer$2,net/minecraft/server/v1_14_R1/ContainerCartography$2,,,net/minecraft/class_3910$2
ayh$3,net/minecraft/inventory/container/CartographyContainer$3,net/minecraft/server/v1_14_R1/ContainerCartography$3,,,net/minecraft/class_3910$3
ayh$4,net/minecraft/inventory/container/CartographyContainer$4,net/minecraft/server/v1_14_R1/ContainerCartography$4,,,net/minecraft/class_3910$4
ayh$5,net/minecraft/inventory/container/CartographyContainer$5,net/minecraft/server/v1_14_R1/ContainerCartography$5,,,net/minecraft/class_3910$5
ayh,net/minecraft/inventory/container/CartographyContainer,net/minecraft/server/v1_14_R1/ContainerCartography,,,net/minecraft/class_3910
ayi,net/minecraft/inventory/container/ChestContainer,net/minecraft/server/v1_14_R1/ContainerChest,,,net/minecraft/class_1707
ayj,net/minecraft/inventory/container/ClickType,net/minecraft/server/v1_14_R1/InventoryClickType,,,net/minecraft/class_1713
ayk,net/minecraft/util/IIntArray,net/minecraft/server/v1_14_R1/IContainerProperties,,,net/minecraft/class_3913
ayl$1,net/minecraft/util/IWorldPosCallable$1,net/minecraft/server/v1_14_R1/ContainerAccess$1,,,net/minecraft/class_3914$1
ayl$2,net/minecraft/util/IWorldPosCallable$2,net/minecraft/server/v1_14_R1/ContainerAccess$2,,,net/minecraft/class_3914$2
ayl,net/minecraft/util/IWorldPosCallable,net/minecraft/server/v1_14_R1/ContainerAccess,,,net/minecraft/class_3914
aym,net/minecraft/inventory/container/IContainerListener,net/minecraft/server/v1_14_R1/ICrafting,,,net/minecraft/class_1712
ayn,net/minecraft/inventory/CraftingInventory,net/minecraft/server/v1_14_R1/InventoryCrafting,,,net/minecraft/class_1715
ayo,net/minecraft/inventory/container/WorkbenchContainer,net/minecraft/server/v1_14_R1/ContainerWorkbench,,,net/minecraft/class_1714
ayp$1,net/minecraft/util/IntReferenceHolder$1,net/minecraft/server/v1_14_R1/ContainerProperty$1,,,net/minecraft/class_3915$1
ayp$2,net/minecraft/util/IntReferenceHolder$2,net/minecraft/server/v1_14_R1/ContainerProperty$2,,,net/minecraft/class_3915$2
ayp$3,net/minecraft/util/IntReferenceHolder$3,net/minecraft/server/v1_14_R1/ContainerProperty$3,,,net/minecraft/class_3915$3
ayp,net/minecraft/util/IntReferenceHolder,net/minecraft/server/v1_14_R1/ContainerProperty,,,net/minecraft/class_3915
ayq,net/minecraft/inventory/container/DispenserContainer,net/minecraft/server/v1_14_R1/ContainerDispenser,,,net/minecraft/class_1716
ayr$1,net/minecraft/inventory/container/EnchantmentContainer$1,net/minecraft/server/v1_14_R1/ContainerEnchantTable$1,,,net/minecraft/class_1718$1
ayr$2,net/minecraft/inventory/container/EnchantmentContainer$2,net/minecraft/server/v1_14_R1/ContainerEnchantTable$2,,,net/minecraft/class_1718$2
ayr$3,net/minecraft/inventory/container/EnchantmentContainer$3,net/minecraft/server/v1_14_R1/ContainerEnchantTable$3,,,net/minecraft/class_1718$3
ayr,net/minecraft/inventory/container/EnchantmentContainer,net/minecraft/server/v1_14_R1/ContainerEnchantTable,,,net/minecraft/class_1718
ays,net/minecraft/inventory/container/FurnaceFuelSlot,net/minecraft/server/v1_14_R1/SlotFurnaceFuel,,,net/minecraft/class_1717
ayt,net/minecraft/inventory/container/FurnaceContainer,net/minecraft/server/v1_14_R1/ContainerFurnaceFurnace,,,net/minecraft/class_3858
ayu,net/minecraft/inventory/container/FurnaceResultSlot,net/minecraft/server/v1_14_R1/SlotFurnaceResult,,,net/minecraft/class_1719
ayv$1,net/minecraft/inventory/container/GrindstoneContainer$1,net/minecraft/server/v1_14_R1/ContainerGrindstone$1,,,net/minecraft/class_3803$1
ayv$2,net/minecraft/inventory/container/GrindstoneContainer$2,net/minecraft/server/v1_14_R1/ContainerGrindstone$2,,,net/minecraft/class_3803$2
ayv$3,net/minecraft/inventory/container/GrindstoneContainer$3,net/minecraft/server/v1_14_R1/ContainerGrindstone$3,,,net/minecraft/class_3803$3
ayv$4,net/minecraft/inventory/container/GrindstoneContainer$4,net/minecraft/server/v1_14_R1/ContainerGrindstone$4,,,net/minecraft/class_3803$4
ayv,net/minecraft/inventory/container/GrindstoneContainer,net/minecraft/server/v1_14_R1/ContainerGrindstone,,,net/minecraft/class_3803
ayw,net/minecraft/inventory/container/HopperContainer,net/minecraft/server/v1_14_R1/ContainerHopper,,,net/minecraft/class_1722
ayx$1,net/minecraft/inventory/container/HorseInventoryContainer$1,net/minecraft/server/v1_14_R1/ContainerHorse$1,,,net/minecraft/class_1724$1
ayx$2,net/minecraft/inventory/container/HorseInventoryContainer$2,net/minecraft/server/v1_14_R1/ContainerHorse$2,,,net/minecraft/class_1724$2
ayx,net/minecraft/inventory/container/HorseInventoryContainer,net/minecraft/server/v1_14_R1/ContainerHorse,,,net/minecraft/class_1724
ayy$1,net/minecraft/inventory/container/PlayerContainer$1,net/minecraft/server/v1_14_R1/ContainerPlayer$1,,,net/minecraft/class_1723$1
ayy$2,net/minecraft/inventory/container/PlayerContainer$2,net/minecraft/server/v1_14_R1/ContainerPlayer$2,,,net/minecraft/class_1723$2
ayy,net/minecraft/inventory/container/PlayerContainer,net/minecraft/server/v1_14_R1/ContainerPlayer,,,net/minecraft/class_1723
ayz$1,net/minecraft/inventory/container/LecternContainer$1,net/minecraft/server/v1_14_R1/ContainerLectern$1,,,net/minecraft/class_3916$1
ayz,net/minecraft/inventory/container/LecternContainer,net/minecraft/server/v1_14_R1/ContainerLectern,,,net/minecraft/class_3916
az$a,net/minecraft/advancements/criterion/ImpossibleTrigger$Instance,net/minecraft/server/v1_14_R1/CriterionTriggerImpossible$a,,,net/minecraft/class_2062$class_2063
az,net/minecraft/advancements/criterion/ImpossibleTrigger,net/minecraft/server/v1_14_R1/CriterionTriggerImpossible,,,net/minecraft/class_2062
aza$1,net/minecraft/inventory/container/LoomContainer$1,net/minecraft/server/v1_14_R1/ContainerLoom$1,,,net/minecraft/class_1726$1
aza$2,net/minecraft/inventory/container/LoomContainer$2,net/minecraft/server/v1_14_R1/ContainerLoom$2,,,net/minecraft/class_1726$2
aza$3,net/minecraft/inventory/container/LoomContainer$3,net/minecraft/server/v1_14_R1/ContainerLoom$3,,,net/minecraft/class_1726$3
aza$4,net/minecraft/inventory/container/LoomContainer$4,net/minecraft/server/v1_14_R1/ContainerLoom$4,,,net/minecraft/class_1726$4
aza$5,net/minecraft/inventory/container/LoomContainer$5,net/minecraft/server/v1_14_R1/ContainerLoom$5,,,net/minecraft/class_1726$5
aza$6,net/minecraft/inventory/container/LoomContainer$6,net/minecraft/server/v1_14_R1/ContainerLoom$6,,,net/minecraft/class_1726$6
aza,net/minecraft/inventory/container/LoomContainer,net/minecraft/server/v1_14_R1/ContainerLoom,,,net/minecraft/class_1726
azb,net/minecraft/inventory/container/IContainerProvider,net/minecraft/server/v1_14_R1/ITileEntityContainer,,,net/minecraft/class_1270
azc$a,net/minecraft/inventory/container/ContainerType$IFactory,net/minecraft/server/v1_14_R1/Containers$Supplier,,,net/minecraft/class_3917$class_3918
azc,net/minecraft/inventory/container/ContainerType,net/minecraft/server/v1_14_R1/Containers,,,net/minecraft/class_3917
azd,net/minecraft/inventory/MerchantInventory,net/minecraft/server/v1_14_R1/InventoryMerchant,,,net/minecraft/class_1725
aze,net/minecraft/inventory/container/MerchantContainer,net/minecraft/server/v1_14_R1/ContainerMerchant,,,net/minecraft/class_1728
azf,net/minecraft/inventory/container/MerchantResultSlot,net/minecraft/server/v1_14_R1/SlotMerchantResult,,,net/minecraft/class_1727
azg,net/minecraft/inventory/EnderChestInventory,net/minecraft/server/v1_14_R1/InventoryEnderChest,,,net/minecraft/class_1730
azh,net/minecraft/inventory/container/RecipeBookContainer,net/minecraft/server/v1_14_R1/ContainerRecipeBook,,,net/minecraft/class_1729
azi,net/minecraft/inventory/IRecipeHolder,net/minecraft/server/v1_14_R1/RecipeHolder,,,net/minecraft/class_1732
azj,net/minecraft/inventory/CraftResultInventory,net/minecraft/server/v1_14_R1/InventoryCraftResult,,,net/minecraft/class_1731
azk,net/minecraft/inventory/container/CraftingResultSlot,net/minecraft/server/v1_14_R1/SlotResult,,,net/minecraft/class_1734
azl,net/minecraft/inventory/container/ShulkerBoxContainer,net/minecraft/server/v1_14_R1/ContainerShulkerBox,,,net/minecraft/class_1733
azm,net/minecraft/inventory/container/ShulkerBoxSlot,net/minecraft/server/v1_14_R1/SlotShulkerBox,,,net/minecraft/class_1736
azn,net/minecraft/util/IntArray,net/minecraft/server/v1_14_R1/ContainerProperties,,,net/minecraft/class_3919
azo,net/minecraft/inventory/container/Slot,net/minecraft/server/v1_14_R1/Slot,,,net/minecraft/class_1735
azp,net/minecraft/inventory/container/SmokerContainer,net/minecraft/server/v1_14_R1/ContainerSmoker,,,net/minecraft/class_3706
azq,net/minecraft/inventory/IRecipeHelperPopulator,net/minecraft/server/v1_14_R1/AutoRecipeOutput,,,net/minecraft/class_1737
azr$1,net/minecraft/inventory/container/StonecutterContainer$1,net/minecraft/server/v1_14_R1/ContainerStonecutter$1,,,net/minecraft/class_3971$1
azr$2,net/minecraft/inventory/container/StonecutterContainer$2,net/minecraft/server/v1_14_R1/ContainerStonecutter$2,,,net/minecraft/class_3971$2
azr,net/minecraft/inventory/container/StonecutterContainer,net/minecraft/server/v1_14_R1/ContainerStonecutter,,,net/minecraft/class_3971
azt,net/minecraft/item/AirItem,net/minecraft/server/v1_14_R1/ItemAir,,,net/minecraft/class_1739
azu$1,net/minecraft/item/ArmorItem$1,net/minecraft/server/v1_14_R1/ItemArmor$1,,,net/minecraft/class_1738$1
azu,net/minecraft/item/ArmorItem,net/minecraft/server/v1_14_R1/ItemArmor,,,net/minecraft/class_1738
azv,net/minecraft/item/IArmorMaterial,net/minecraft/server/v1_14_R1/ArmorMaterial,,,net/minecraft/class_1741
azw,net/minecraft/item/ArmorMaterial,net/minecraft/server/v1_14_R1/EnumArmorMaterial,,,net/minecraft/class_1740
azx,net/minecraft/item/ArmorStandItem,net/minecraft/server/v1_14_R1/ItemArmorStand,,,net/minecraft/class_1742
azy,net/minecraft/item/ArrowItem,net/minecraft/server/v1_14_R1/ItemArrow,,,net/minecraft/class_1744
azz,net/minecraft/item/AxeItem,net/minecraft/server/v1_14_R1/ItemAxe,,,net/minecraft/class_1743
b,net/minecraft/client/renderer/Vector3f,net/minecraft/server/v1_14_R1/Vector3fa,,,net/minecraft/class_1160
ba$a,net/minecraft/advancements/criterion/InventoryChangeTrigger$Listeners,net/minecraft/server/v1_14_R1/CriterionTriggerInventoryChanged$a,,,net/minecraft/class_2066$class_2067
ba$b,net/minecraft/advancements/criterion/InventoryChangeTrigger$Instance,net/minecraft/server/v1_14_R1/CriterionTriggerInventoryChanged$b,,,net/minecraft/class_2066$class_2068
ba,net/minecraft/advancements/criterion/InventoryChangeTrigger,net/minecraft/server/v1_14_R1/CriterionTriggerInventoryChanged,,,net/minecraft/class_2066
baa,net/minecraft/item/BannerItem,net/minecraft/server/v1_14_R1/ItemBanner,,,net/minecraft/class_1746
bab,net/minecraft/item/BannerPatternItem,net/minecraft/server/v1_14_R1/ItemBannerPattern,,,net/minecraft/class_1745
bac,net/minecraft/item/BedItem,net/minecraft/server/v1_14_R1/ItemBed,,,net/minecraft/class_1748
bad,net/minecraft/item/BlockItem,net/minecraft/server/v1_14_R1/ItemBlock,,,net/minecraft/class_1747
bae,net/minecraft/item/BlockItemUseContext,net/minecraft/server/v1_14_R1/BlockActionContext,,,net/minecraft/class_1750
baf,net/minecraft/item/BoatItem,net/minecraft/server/v1_14_R1/ItemBoat,,,net/minecraft/class_1749
bag,net/minecraft/item/BoneMealItem,net/minecraft/server/v1_14_R1/ItemBoneMeal,,,net/minecraft/class_1752
bah,net/minecraft/item/BookItem,net/minecraft/server/v1_14_R1/ItemBook,,,net/minecraft/class_1751
bai,net/minecraft/item/GlassBottleItem,net/minecraft/server/v1_14_R1/ItemGlassBottle,,,net/minecraft/class_1754
baj,net/minecraft/item/BowItem,net/minecraft/server/v1_14_R1/ItemBow,,,net/minecraft/class_1753
bak,net/minecraft/item/SoupItem,net/minecraft/server/v1_14_R1/ItemSoup,,,net/minecraft/class_1756
bal,net/minecraft/item/BucketItem,net/minecraft/server/v1_14_R1/ItemBucket,,,net/minecraft/class_1755
bam,net/minecraft/item/CarrotOnAStickItem,net/minecraft/server/v1_14_R1/ItemCarrotStick,,,net/minecraft/class_1758
ban,net/minecraft/item/ChorusFruitItem,net/minecraft/server/v1_14_R1/ItemChorusFruit,,,net/minecraft/class_1757
bao$1,net/minecraft/item/ClockItem$1,net/minecraft/server/v1_14_R1/ItemClock$1,,,net/minecraft/class_1760$1
bao,net/minecraft/item/ClockItem,net/minecraft/server/v1_14_R1/ItemClock,,,net/minecraft/class_1760
bap$1,net/minecraft/item/CompassItem$1,net/minecraft/server/v1_14_R1/ItemCompass$1,,,net/minecraft/class_1759$1
bap,net/minecraft/item/CompassItem,net/minecraft/server/v1_14_R1/ItemCompass,,,net/minecraft/class_1759
baq,net/minecraft/item/AbstractMapItem,net/minecraft/server/v1_14_R1/ItemWorldMapBase,,,net/minecraft/class_1762
bar$1,net/minecraft/item/ItemGroup$1,net/minecraft/server/v1_14_R1/CreativeModeTab$1,,,net/minecraft/class_1761$1
bar$10,net/minecraft/item/ItemGroup$7,net/minecraft/server/v1_14_R1/CreativeModeTab$10,,,net/minecraft/class_1761$10
bar$11,net/minecraft/item/ItemGroup$8,net/minecraft/server/v1_14_R1/CreativeModeTab$11,,,net/minecraft/class_1761$11
bar$12,net/minecraft/item/ItemGroup$9,net/minecraft/server/v1_14_R1/CreativeModeTab$12,,,net/minecraft/class_1761$12
bar$2,net/minecraft/item/ItemGroup$10,net/minecraft/server/v1_14_R1/CreativeModeTab$2,,,net/minecraft/class_1761$2
bar$3,net/minecraft/item/ItemGroup$11,net/minecraft/server/v1_14_R1/CreativeModeTab$3,,,net/minecraft/class_1761$3
bar$4,net/minecraft/item/ItemGroup$12,net/minecraft/server/v1_14_R1/CreativeModeTab$4,,,net/minecraft/class_1761$4
bar$5,net/minecraft/item/ItemGroup$2,net/minecraft/server/v1_14_R1/CreativeModeTab$5,,,net/minecraft/class_1761$5
bar$6,net/minecraft/item/ItemGroup$3,net/minecraft/server/v1_14_R1/CreativeModeTab$6,,,net/minecraft/class_1761$6
bar$7,net/minecraft/item/ItemGroup$4,net/minecraft/server/v1_14_R1/CreativeModeTab$7,,,net/minecraft/class_1761$7
bar$8,net/minecraft/item/ItemGroup$5,net/minecraft/server/v1_14_R1/CreativeModeTab$8,,,net/minecraft/class_1761$8
bar$9,net/minecraft/item/ItemGroup$6,net/minecraft/server/v1_14_R1/CreativeModeTab$9,,,net/minecraft/class_1761$9
bar,net/minecraft/item/ItemGroup,net/minecraft/server/v1_14_R1/CreativeModeTab,,,net/minecraft/class_1761
bas,net/minecraft/item/CrossbowItem,net/minecraft/server/v1_14_R1/ItemCrossbow,,,net/minecraft/class_1764
bat,net/minecraft/item/DebugStickItem,net/minecraft/server/v1_14_R1/ItemDebugStick,,,net/minecraft/class_1763
bau,net/minecraft/item/ToolItem,net/minecraft/server/v1_14_R1/ItemTool,,,net/minecraft/class_1766
bav,net/minecraft/item/DirectionalPlaceContext,net/minecraft/server/v1_14_R1/BlockActionContextDirectional,,,net/minecraft/class_2968
baw,net/minecraft/item/TallBlockItem,net/minecraft/server/v1_14_R1/ItemBisected,,,net/minecraft/class_1765
bax,net/minecraft/item/DyeColor,net/minecraft/server/v1_14_R1/EnumColor,,,net/minecraft/class_1767
bay,net/minecraft/item/DyeItem,net/minecraft/server/v1_14_R1/ItemDye,,,net/minecraft/class_1769
baz,net/minecraft/item/DyeableArmorItem,net/minecraft/server/v1_14_R1/ItemArmorColorable,,,net/minecraft/class_4057
bb$a,net/minecraft/advancements/criterion/ItemDurabilityTrigger$Listeners,net/minecraft/server/v1_14_R1/CriterionTriggerItemDurabilityChanged$a,,,net/minecraft/class_2069$class_2070
bb$b,net/minecraft/advancements/criterion/ItemDurabilityTrigger$Instance,net/minecraft/server/v1_14_R1/CriterionTriggerItemDurabilityChanged$b,,,net/minecraft/class_2069$class_2071
bb,net/minecraft/advancements/criterion/ItemDurabilityTrigger,net/minecraft/server/v1_14_R1/CriterionTriggerItemDurabilityChanged,,,net/minecraft/class_2069
bba,net/minecraft/item/DyeableHorseArmorItem,net/minecraft/server/v1_14_R1/ItemHorseArmorDyeable,,,net/minecraft/class_4058
bbb,net/minecraft/item/IDyeableArmorItem,net/minecraft/server/v1_14_R1/IDyeable,,,net/minecraft/class_1768
bbc,net/minecraft/item/EggItem,net/minecraft/server/v1_14_R1/ItemEgg,,,net/minecraft/class_1771
bbd,net/minecraft/item/ElytraItem,net/minecraft/server/v1_14_R1/ItemElytra,,,net/minecraft/class_1770
bbe,net/minecraft/item/MapItem,net/minecraft/server/v1_14_R1/ItemMapEmpty,,,net/minecraft/class_1773
bbf,net/minecraft/item/EnchantedBookItem,net/minecraft/server/v1_14_R1/ItemEnchantedBook,,,net/minecraft/class_1772
bbg,net/minecraft/item/EnchantedGoldenAppleItem,net/minecraft/server/v1_14_R1/ItemGoldenAppleEnchanted,,,net/minecraft/class_1775
bbh,net/minecraft/item/EnderCrystalItem,net/minecraft/server/v1_14_R1/ItemEndCrystal,,,net/minecraft/class_1774
bbi,net/minecraft/item/EnderEyeItem,net/minecraft/server/v1_14_R1/ItemEnderEye,,,net/minecraft/class_1777
bbj,net/minecraft/item/EnderPearlItem,net/minecraft/server/v1_14_R1/ItemEnderPearl,,,net/minecraft/class_1776
bbk,net/minecraft/item/ExperienceBottleItem,net/minecraft/server/v1_14_R1/ItemExpBottle,,,net/minecraft/class_1779
bbl,net/minecraft/item/FireChargeItem,net/minecraft/server/v1_14_R1/ItemFireball,,,net/minecraft/class_1778
bbm$a,net/minecraft/item/FireworkRocketItem$Shape,net/minecraft/server/v1_14_R1/ItemFireworks$EffectType,,,net/minecraft/class_1781$class_1782
bbm,net/minecraft/item/FireworkRocketItem,net/minecraft/server/v1_14_R1/ItemFireworks,,,net/minecraft/class_1781
bbn,net/minecraft/item/FireworkStarItem,net/minecraft/server/v1_14_R1/ItemFireworksCharge,,,net/minecraft/class_1780
bbo,net/minecraft/item/FishBucketItem,net/minecraft/server/v1_14_R1/ItemFishBucket,,,net/minecraft/class_1785
bbp,net/minecraft/item/FishingRodItem,net/minecraft/server/v1_14_R1/ItemFishingRod,,,net/minecraft/class_1787
bbq,net/minecraft/item/FlintAndSteelItem,net/minecraft/server/v1_14_R1/ItemFlintAndSteel,,,net/minecraft/class_1786
bbr,net/minecraft/item/OperatorOnlyItem,net/minecraft/server/v1_14_R1/ItemRestricted,,,net/minecraft/class_1788
bbs,net/minecraft/item/HangingEntityItem,net/minecraft/server/v1_14_R1/ItemHanging,,,net/minecraft/class_1790
bbt,net/minecraft/item/HoeItem,net/minecraft/server/v1_14_R1/ItemHoe,,,net/minecraft/class_1794
bbu,net/minecraft/item/HorseArmorItem,net/minecraft/server/v1_14_R1/ItemHorseArmor,,,net/minecraft/class_4059
bbv$a,net/minecraft/item/Item$Properties,net/minecraft/server/v1_14_R1/Item$Info,,,net/minecraft/class_1792$class_1793
bbv,net/minecraft/item/Item,net/minecraft/server/v1_14_R1/Item,,,net/minecraft/class_1792
bbw$a,net/minecraft/util/CooldownTracker$Cooldown,net/minecraft/server/v1_14_R1/ItemCooldown$Info,,,net/minecraft/class_1796$class_1797
bbw,net/minecraft/util/CooldownTracker,net/minecraft/server/v1_14_R1/ItemCooldown,,,net/minecraft/class_1796
bbx,net/minecraft/item/ItemFrameItem,net/minecraft/server/v1_14_R1/ItemItemFrame,,,net/minecraft/class_1795
bby,net/minecraft/item/BlockNamedItem,net/minecraft/server/v1_14_R1/ItemNamedBlock,,,net/minecraft/class_1798
bbz,net/minecraft/item/IItemPropertyGetter,net/minecraft/server/v1_14_R1/IDynamicTexture,,,net/minecraft/class_1800
bc$a,net/minecraft/advancements/criterion/ItemPredicate$Builder,net/minecraft/server/v1_14_R1/CriterionConditionItem$a,,,net/minecraft/class_2073$class_2074
bc,net/minecraft/advancements/criterion/ItemPredicate,net/minecraft/server/v1_14_R1/CriterionConditionItem,,,net/minecraft/class_2073
bca,net/minecraft/item/ItemStack,net/minecraft/server/v1_14_R1/ItemStack,,,net/minecraft/class_1799
bcb,net/minecraft/item/Items,net/minecraft/server/v1_14_R1/Items,,,net/minecraft/class_1802
bcc,net/minecraft/item/KnowledgeBookItem,net/minecraft/server/v1_14_R1/ItemKnowledgeBook,,,net/minecraft/class_1801
bcd,net/minecraft/item/LeadItem,net/minecraft/server/v1_14_R1/ItemLeash,,,net/minecraft/class_1804
bce,net/minecraft/item/LingeringPotionItem,net/minecraft/server/v1_14_R1/ItemLingeringPotion,,,net/minecraft/class_1803
bcf,net/minecraft/item/FilledMapItem,net/minecraft/server/v1_14_R1/ItemWorldMap,,,net/minecraft/class_1806
bcg,net/minecraft/item/MilkBucketItem,net/minecraft/server/v1_14_R1/ItemMilkBucket,,,net/minecraft/class_1805
bch$1,net/minecraft/item/MinecartItem$1,net/minecraft/server/v1_14_R1/ItemMinecart$1,,,net/minecraft/class_1808$1
bch,net/minecraft/item/MinecartItem,net/minecraft/server/v1_14_R1/ItemMinecart,,,net/minecraft/class_1808
bci,net/minecraft/item/NameTagItem,net/minecraft/server/v1_14_R1/ItemNameTag,,,net/minecraft/class_1807
bcj,net/minecraft/item/PickaxeItem,net/minecraft/server/v1_14_R1/ItemPickaxe,,,net/minecraft/class_1810
bck,net/minecraft/item/SkullItem,net/minecraft/server/v1_14_R1/ItemSkullPlayer,,,net/minecraft/class_1809
bcl,net/minecraft/item/PotionItem,net/minecraft/server/v1_14_R1/ItemPotion,,,net/minecraft/class_1812
bcm,net/minecraft/item/ShootableItem,net/minecraft/server/v1_14_R1/ItemProjectileWeapon,,,net/minecraft/class_1811
bcn,net/minecraft/item/Rarity,net/minecraft/server/v1_14_R1/EnumItemRarity,,,net/minecraft/class_1814
bco,net/minecraft/item/MusicDiscItem,net/minecraft/server/v1_14_R1/ItemRecord,,,net/minecraft/class_1813
bcp,net/minecraft/item/SaddleItem,net/minecraft/server/v1_14_R1/ItemSaddle,,,net/minecraft/class_1816
bcq,net/minecraft/item/ScaffoldingItem,net/minecraft/server/v1_14_R1/ItemScaffolding,,,net/minecraft/class_3734
bcr,net/minecraft/util/ServerCooldownTracker,net/minecraft/server/v1_14_R1/ItemCooldownPlayer,,,net/minecraft/class_1817
bcs,net/minecraft/item/ShearsItem,net/minecraft/server/v1_14_R1/ItemShears,,,net/minecraft/class_1820
bct,net/minecraft/item/ShieldItem,net/minecraft/server/v1_14_R1/ItemShield,,,net/minecraft/class_1819
bcu,net/minecraft/item/ShovelItem,net/minecraft/server/v1_14_R1/ItemSpade,,,net/minecraft/class_1821
bcv,net/minecraft/item/SignItem,net/minecraft/server/v1_14_R1/ItemSign,,,net/minecraft/class_1822
bcw,net/minecraft/item/SimpleFoiledItem,net/minecraft/server/v1_14_R1/ItemNetherStar,,,net/minecraft/class_1824
bcx,net/minecraft/item/SnowballItem,net/minecraft/server/v1_14_R1/ItemSnowball,,,net/minecraft/class_1823
bcy,net/minecraft/item/SpawnEggItem,net/minecraft/server/v1_14_R1/ItemMonsterEgg,,,net/minecraft/class_1826
bcz,net/minecraft/item/SpectralArrowItem,net/minecraft/server/v1_14_R1/ItemSpectralArrow,,,net/minecraft/class_1825
bd$a,net/minecraft/advancements/criterion/KilledByCrossbowTrigger$Listeners,net/minecraft/server/v1_14_R1/CriterionTriggerKilledByCrossbow$a,,,net/minecraft/class_2076$class_2077
bd$b,net/minecraft/advancements/criterion/KilledByCrossbowTrigger$Instance,net/minecraft/server/v1_14_R1/CriterionTriggerKilledByCrossbow$b,,,net/minecraft/class_2076$class_2078
bd,net/minecraft/advancements/criterion/KilledByCrossbowTrigger,net/minecraft/server/v1_14_R1/CriterionTriggerKilledByCrossbow,,,net/minecraft/class_2076
bda,net/minecraft/item/SplashPotionItem,net/minecraft/server/v1_14_R1/ItemSplashPotion,,,net/minecraft/class_1828
bdb,net/minecraft/item/WallOrFloorItem,net/minecraft/server/v1_14_R1/ItemBlockWallable,,,net/minecraft/class_1827
bdc,net/minecraft/item/SuspiciousStewItem,net/minecraft/server/v1_14_R1/ItemSuspiciousStew,,,net/minecraft/class_1830
bdd,net/minecraft/item/SwordItem,net/minecraft/server/v1_14_R1/ItemSword,,,net/minecraft/class_1829
bde,net/minecraft/item/IItemTier,net/minecraft/server/v1_14_R1/ToolMaterial,,,net/minecraft/class_1832
bdf,net/minecraft/item/TieredItem,net/minecraft/server/v1_14_R1/ItemToolMaterial,,,net/minecraft/class_1831
bdg,net/minecraft/item/ItemTier,net/minecraft/server/v1_14_R1/EnumToolMaterial,,,net/minecraft/class_1834
bdh,net/minecraft/item/TippedArrowItem,net/minecraft/server/v1_14_R1/ItemTippedArrow,,,net/minecraft/class_1833
bdj,net/minecraft/item/TridentItem,net/minecraft/server/v1_14_R1/ItemTrident,,,net/minecraft/class_1835
bdk,net/minecraft/item/UseAction,net/minecraft/server/v1_14_R1/EnumAnimation,,,net/minecraft/class_1839
bdl,net/minecraft/item/ItemUseContext,net/minecraft/server/v1_14_R1/ItemActionContext,,,net/minecraft/class_1838
bdm,net/minecraft/item/LilyPadItem,net/minecraft/server/v1_14_R1/ItemWaterLily,,,net/minecraft/class_1841
bdn,net/minecraft/item/WritableBookItem,net/minecraft/server/v1_14_R1/ItemBookAndQuill,,,net/minecraft/class_1840
bdo,net/minecraft/item/WrittenBookItem,net/minecraft/server/v1_14_R1/ItemWrittenBook,,,net/minecraft/class_1843
bdp,net/minecraft/potion/Potion,net/minecraft/server/v1_14_R1/PotionRegistry,,,net/minecraft/class_1842
bdq$a,net/minecraft/potion/PotionBrewing$MixPredicate,net/minecraft/server/v1_14_R1/PotionBrewer$PredicatedCombination,,,net/minecraft/class_1845$class_1846
bdq,net/minecraft/potion/PotionBrewing,net/minecraft/server/v1_14_R1/PotionBrewer,,,net/minecraft/class_1845
bdr,net/minecraft/potion/PotionUtils,net/minecraft/server/v1_14_R1/PotionUtil,,,net/minecraft/class_1844
bds,net/minecraft/potion/Potions,net/minecraft/server/v1_14_R1/Potions,,,net/minecraft/class_1847
bdu,net/minecraft/item/crafting/AbstractCookingRecipe,net/minecraft/server/v1_14_R1/RecipeCooking,,,net/minecraft/class_1874
bdv,net/minecraft/item/crafting/ArmorDyeRecipe,net/minecraft/server/v1_14_R1/RecipeArmorDye,,,net/minecraft/class_1849
bdw,net/minecraft/item/crafting/BannerDuplicateRecipe,net/minecraft/server/v1_14_R1/RecipeBannerDuplicate,,,net/minecraft/class_1848
bdx,net/minecraft/item/crafting/BlastingRecipe,net/minecraft/server/v1_14_R1/RecipeBlasting,,,net/minecraft/class_3859
bdy,net/minecraft/item/crafting/BookCloningRecipe,net/minecraft/server/v1_14_R1/RecipeBookClone,,,net/minecraft/class_1850
bdz,net/minecraft/item/crafting/CampfireCookingRecipe,net/minecraft/server/v1_14_R1/RecipeCampfire,,,net/minecraft/class_3920
be$a,net/minecraft/advancements/criterion/KilledTrigger$Listeners,net/minecraft/server/v1_14_R1/CriterionTriggerKilled$a,,,net/minecraft/class_2080$class_2082
be$b,net/minecraft/advancements/criterion/KilledTrigger$Instance,net/minecraft/server/v1_14_R1/CriterionTriggerKilled$b,,,net/minecraft/class_2080$class_2083
be,net/minecraft/advancements/criterion/KilledTrigger,net/minecraft/server/v1_14_R1/CriterionTriggerKilled,,,net/minecraft/class_2080
bea,net/minecraft/item/crafting/ICraftingRecipe,net/minecraft/server/v1_14_R1/RecipeCrafting,,,net/minecraft/class_3955
beb,net/minecraft/item/crafting/SpecialRecipe,net/minecraft/server/v1_14_R1/IRecipeComplex,,,net/minecraft/class_1852
bec,net/minecraft/item/crafting/FireworkRocketRecipe,net/minecraft/server/v1_14_R1/RecipeFireworks,,,net/minecraft/class_1851
bed,net/minecraft/item/crafting/FireworkStarFadeRecipe,net/minecraft/server/v1_14_R1/RecipeFireworksFade,,,net/minecraft/class_1854
bee,net/minecraft/item/crafting/FireworkStarRecipe,net/minecraft/server/v1_14_R1/RecipeFireworksStar,,,net/minecraft/class_1853
bef$a,net/minecraft/item/crafting/Ingredient$SingleItemList,net/minecraft/server/v1_14_R1/RecipeItemStack$StackProvider,,,net/minecraft/class_1856$class_1857
bef$b,net/minecraft/item/crafting/Ingredient$TagList,net/minecraft/server/v1_14_R1/RecipeItemStack$b,,,net/minecraft/class_1856$class_1858
bef$c,net/minecraft/item/crafting/Ingredient$IItemList,net/minecraft/server/v1_14_R1/RecipeItemStack$Provider,,,net/minecraft/class_1856$class_1859
bef,net/minecraft/item/crafting/Ingredient,net/minecraft/server/v1_14_R1/RecipeItemStack,,,net/minecraft/class_1856
beg,net/minecraft/item/crafting/MapCloningRecipe,net/minecraft/server/v1_14_R1/RecipeMapClone,,,net/minecraft/class_1855
beh,net/minecraft/item/crafting/MapExtendingRecipe,net/minecraft/server/v1_14_R1/RecipeMapExtend,,,net/minecraft/class_1861
bei,net/minecraft/item/crafting/IRecipe,net/minecraft/server/v1_14_R1/IRecipe,,,net/minecraft/class_1860
bej,net/minecraft/item/crafting/RecipeManager,net/minecraft/server/v1_14_R1/CraftingManager,,,net/minecraft/class_1863
bek,net/minecraft/item/crafting/IRecipeSerializer,net/minecraft/server/v1_14_R1/RecipeSerializer,,,net/minecraft/class_1865
bel$1,net/minecraft/item/crafting/IRecipeType$1,net/minecraft/server/v1_14_R1/Recipes$1,,,net/minecraft/class_3956$1
bel,net/minecraft/item/crafting/IRecipeType,net/minecraft/server/v1_14_R1/Recipes,,,net/minecraft/class_3956
bem$a,net/minecraft/item/crafting/ShapedRecipe$Serializer,net/minecraft/server/v1_14_R1/ShapedRecipes$a,,,net/minecraft/class_1869$class_1870
bem,net/minecraft/item/crafting/ShapedRecipe,net/minecraft/server/v1_14_R1/ShapedRecipes,,,net/minecraft/class_1869
ben$a,net/minecraft/item/crafting/ShapelessRecipe$Serializer,net/minecraft/server/v1_14_R1/ShapelessRecipes$a,,,net/minecraft/class_1867$class_1868
ben,net/minecraft/item/crafting/ShapelessRecipe,net/minecraft/server/v1_14_R1/ShapelessRecipes,,,net/minecraft/class_1867
beo,net/minecraft/item/crafting/ShieldRecipes,net/minecraft/server/v1_14_R1/RecipiesShield,,,net/minecraft/class_1872
bep,net/minecraft/item/crafting/ShulkerBoxColoringRecipe,net/minecraft/server/v1_14_R1/RecipeShulkerBox,,,net/minecraft/class_1871
beq$a,net/minecraft/item/crafting/CookingRecipeSerializer$IFactory,net/minecraft/server/v1_14_R1/RecipeSerializerCooking$a,,,net/minecraft/class_3957$class_3958
beq,net/minecraft/item/crafting/CookingRecipeSerializer,net/minecraft/server/v1_14_R1/RecipeSerializerCooking,,,net/minecraft/class_3957
ber,net/minecraft/item/crafting/SpecialRecipeSerializer,net/minecraft/server/v1_14_R1/RecipeSerializerComplex,,,net/minecraft/class_1866
bes$a$a,net/minecraft/item/crafting/SingleItemRecipe$Serializer$IRecipeFactory,net/minecraft/server/v1_14_R1/RecipeSingleItem$a$a,,,net/minecraft/class_3972$class_3973$class_3974
bes$a,net/minecraft/item/crafting/SingleItemRecipe$Serializer,net/minecraft/server/v1_14_R1/RecipeSingleItem$a,,,net/minecraft/class_3972$class_3973
bes,net/minecraft/item/crafting/SingleItemRecipe,net/minecraft/server/v1_14_R1/RecipeSingleItem,,,net/minecraft/class_3972
bet,net/minecraft/item/crafting/FurnaceRecipe,net/minecraft/server/v1_14_R1/FurnaceRecipe,,,net/minecraft/class_3861
beu,net/minecraft/item/crafting/SmokingRecipe,net/minecraft/server/v1_14_R1/RecipeSmoking,,,net/minecraft/class_3862
bev,net/minecraft/item/crafting/StonecuttingRecipe,net/minecraft/server/v1_14_R1/RecipeStonecutting,,,net/minecraft/class_3975
bew,net/minecraft/item/crafting/SuspiciousStewRecipe,net/minecraft/server/v1_14_R1/RecipeSuspiciousStew,,,net/minecraft/class_1873
bex,net/minecraft/item/crafting/TippedArrowRecipe,net/minecraft/server/v1_14_R1/RecipeTippedArrow,,,net/minecraft/class_1876
bez,net/minecraft/enchantment/PowerEnchantment,net/minecraft/server/v1_14_R1/EnchantmentArrowDamage,,,net/minecraft/class_1878
bf$a,net/minecraft/advancements/criterion/LevitationTrigger$Listeners,net/minecraft/server/v1_14_R1/CriterionTriggerLevitation$a,,,net/minecraft/class_2085$class_2086
bf$b,net/minecraft/advancements/criterion/LevitationTrigger$Instance,net/minecraft/server/v1_14_R1/CriterionTriggerLevitation$b,,,net/minecraft/class_2085$class_2087
bf,net/minecraft/advancements/criterion/LevitationTrigger,net/minecraft/server/v1_14_R1/CriterionTriggerLevitation,,,net/minecraft/class_2085
bfa,net/minecraft/enchantment/FlameEnchantment,net/minecraft/server/v1_14_R1/EnchantmentFlameArrows,,,net/minecraft/class_1877
bfb,net/minecraft/enchantment/InfinityEnchantment,net/minecraft/server/v1_14_R1/EnchantmentInfiniteArrows,,,net/minecraft/class_1880
bfc,net/minecraft/enchantment/PunchEnchantment,net/minecraft/server/v1_14_R1/EnchantmentArrowKnockback,,,net/minecraft/class_1879
bfd,net/minecraft/enchantment/PiercingEnchantment,net/minecraft/server/v1_14_R1/EnchantmentPiercing,,,net/minecraft/class_1881
bfe,net/minecraft/enchantment/BindingCurseEnchantment,net/minecraft/server/v1_14_R1/EnchantmentBinding,,,net/minecraft/class_1883
bff,net/minecraft/enchantment/DamageEnchantment,net/minecraft/server/v1_14_R1/EnchantmentWeaponDamage,,,net/minecraft/class_1882
bfg,net/minecraft/enchantment/UnbreakingEnchantment,net/minecraft/server/v1_14_R1/EnchantmentDurability,,,net/minecraft/class_1885
bfh,net/minecraft/enchantment/EfficiencyEnchantment,net/minecraft/server/v1_14_R1/EnchantmentDigging,,,net/minecraft/class_1884
bfi$a,net/minecraft/enchantment/Enchantment$Rarity,net/minecraft/server/v1_14_R1/Enchantment$Rarity,,,net/minecraft/class_1887$class_1888
bfi,net/minecraft/enchantment/Enchantment,net/minecraft/server/v1_14_R1/Enchantment,,,net/minecraft/class_1887
bfj$1,net/minecraft/enchantment/EnchantmentType$1,net/minecraft/server/v1_14_R1/EnchantmentSlotType$1,,,net/minecraft/class_1886$1
bfj$10,net/minecraft/enchantment/EnchantmentType$5,net/minecraft/server/v1_14_R1/EnchantmentSlotType$10,,,net/minecraft/class_1886$10
bfj$11,net/minecraft/enchantment/EnchantmentType$6,net/minecraft/server/v1_14_R1/EnchantmentSlotType$11,,,net/minecraft/class_1886$11
bfj$12,net/minecraft/enchantment/EnchantmentType$7,net/minecraft/server/v1_14_R1/EnchantmentSlotType$12,,,net/minecraft/class_1886$12
bfj$13,net/minecraft/enchantment/EnchantmentType$8,net/minecraft/server/v1_14_R1/EnchantmentSlotType$13,,,net/minecraft/class_1886$13
bfj$14,net/minecraft/enchantment/EnchantmentType$9,net/minecraft/server/v1_14_R1/EnchantmentSlotType$14,,,net/minecraft/class_1886$14
bfj$2,net/minecraft/enchantment/EnchantmentType$10,net/minecraft/server/v1_14_R1/EnchantmentSlotType$2,,,net/minecraft/class_1886$2
bfj$3,net/minecraft/enchantment/EnchantmentType$11,net/minecraft/server/v1_14_R1/EnchantmentSlotType$3,,,net/minecraft/class_1886$3
bfj$4,net/minecraft/enchantment/EnchantmentType$12,net/minecraft/server/v1_14_R1/EnchantmentSlotType$4,,,net/minecraft/class_1886$4
bfj$5,net/minecraft/enchantment/EnchantmentType$13,net/minecraft/server/v1_14_R1/EnchantmentSlotType$5,,,net/minecraft/class_1886$5
bfj$6,net/minecraft/enchantment/EnchantmentType$14,net/minecraft/server/v1_14_R1/EnchantmentSlotType$6,,,net/minecraft/class_1886$6
bfj$7,net/minecraft/enchantment/EnchantmentType$2,net/minecraft/server/v1_14_R1/EnchantmentSlotType$7,,,net/minecraft/class_1886$7
bfj$8,net/minecraft/enchantment/EnchantmentType$3,net/minecraft/server/v1_14_R1/EnchantmentSlotType$8,,,net/minecraft/class_1886$8
bfj$9,net/minecraft/enchantment/EnchantmentType$4,net/minecraft/server/v1_14_R1/EnchantmentSlotType$9,,,net/minecraft/class_1886$9
bfj,net/minecraft/enchantment/EnchantmentType,net/minecraft/server/v1_14_R1/EnchantmentSlotType,,,net/minecraft/class_1886
bfk$a,net/minecraft/enchantment/EnchantmentHelper$IEnchantmentVisitor,net/minecraft/server/v1_14_R1/EnchantmentManager$a,,,net/minecraft/class_1890$class_1891
bfk,net/minecraft/enchantment/EnchantmentHelper,net/minecraft/server/v1_14_R1/EnchantmentManager,,,net/minecraft/class_1890
bfl,net/minecraft/enchantment/EnchantmentData,net/minecraft/server/v1_14_R1/WeightedRandomEnchant,,,net/minecraft/class_1889
bfm,net/minecraft/enchantment/Enchantments,net/minecraft/server/v1_14_R1/Enchantments,,,net/minecraft/class_1893
bfn,net/minecraft/enchantment/FireAspectEnchantment,net/minecraft/server/v1_14_R1/EnchantmentFire,,,net/minecraft/class_1892
bfo,net/minecraft/enchantment/LureEnchantment,net/minecraft/server/v1_14_R1/EnchantmentLure,,,net/minecraft/class_1895
bfp,net/minecraft/enchantment/FrostWalkerEnchantment,net/minecraft/server/v1_14_R1/EnchantmentFrostWalker,,,net/minecraft/class_1894
bfq,net/minecraft/enchantment/KnockbackEnchantment,net/minecraft/server/v1_14_R1/EnchantmentKnockback,,,net/minecraft/class_1897
bfr,net/minecraft/enchantment/LootBonusEnchantment,net/minecraft/server/v1_14_R1/EnchantmentLootBonus,,,net/minecraft/class_1896
bfs,net/minecraft/enchantment/MendingEnchantment,net/minecraft/server/v1_14_R1/EnchantmentMending,,,net/minecraft/class_1899
bft,net/minecraft/enchantment/MultishotEnchantment,net/minecraft/server/v1_14_R1/EnchantmentMultishot,,,net/minecraft/class_1898
bfu,net/minecraft/enchantment/RespirationEnchantment,net/minecraft/server/v1_14_R1/EnchantmentOxygen,,,net/minecraft/class_1902
bfv$a,net/minecraft/enchantment/ProtectionEnchantment$Type,net/minecraft/server/v1_14_R1/EnchantmentProtection$DamageType,,,net/minecraft/class_1900$class_1901
bfv,net/minecraft/enchantment/ProtectionEnchantment,net/minecraft/server/v1_14_R1/EnchantmentProtection,,,net/minecraft/class_1900
bfw,net/minecraft/enchantment/QuickChargeEnchantment,net/minecraft/server/v1_14_R1/EnchantmentQuickCharge,,,net/minecraft/class_1904
bfx,net/minecraft/enchantment/SweepingEnchantment,net/minecraft/server/v1_14_R1/EnchantmentSweeping,,,net/minecraft/class_1903
bfy,net/minecraft/enchantment/ThornsEnchantment,net/minecraft/server/v1_14_R1/EnchantmentThorns,,,net/minecraft/class_1906
bfz,net/minecraft/enchantment/ChannelingEnchantment,net/minecraft/server/v1_14_R1/EnchantmentTridentChanneling,,,net/minecraft/class_1905
bg$a,net/minecraft/advancements/criterion/LocationPredicate$Builder,net/minecraft/server/v1_14_R1/CriterionConditionLocation$a,,,net/minecraft/class_2090$class_2091
bg,net/minecraft/advancements/criterion/LocationPredicate,net/minecraft/server/v1_14_R1/CriterionConditionLocation,,,net/minecraft/class_2090
bga,net/minecraft/enchantment/ImpalingEnchantment,net/minecraft/server/v1_14_R1/EnchantmentTridentImpaling,,,net/minecraft/class_1908
bgb,net/minecraft/enchantment/LoyaltyEnchantment,net/minecraft/server/v1_14_R1/EnchantmentTridentLoyalty,,,net/minecraft/class_1907
bgc,net/minecraft/enchantment/RiptideEnchantment,net/minecraft/server/v1_14_R1/EnchantmentTridentRiptide,,,net/minecraft/class_1910
bgd,net/minecraft/enchantment/SilkTouchEnchantment,net/minecraft/server/v1_14_R1/EnchantmentSilkTouch,,,net/minecraft/class_1909
bge,net/minecraft/enchantment/VanishingCurseEnchantment,net/minecraft/server/v1_14_R1/EnchantmentVanishing,,,net/minecraft/class_1911
bgf,net/minecraft/enchantment/DepthStriderEnchantment,net/minecraft/server/v1_14_R1/EnchantmentDepthStrider,,,net/minecraft/class_1913
bgg,net/minecraft/enchantment/AquaAffinityEnchantment,net/minecraft/server/v1_14_R1/EnchantmentWaterWorker,,,net/minecraft/class_1912
bgj,net/minecraft/entity/merchant/IMerchant,net/minecraft/server/v1_14_R1/IMerchant,,,net/minecraft/class_1915
bgk,net/minecraft/item/MerchantOffer,net/minecraft/server/v1_14_R1/MerchantRecipe,,,net/minecraft/class_1914
bgl,net/minecraft/item/MerchantOffers,net/minecraft/server/v1_14_R1/MerchantRecipeList,,,net/minecraft/class_1916
bgn,net/minecraft/tileentity/CommandBlockLogic,net/minecraft/server/v1_14_R1/CommandBlockListenerAbstract,,,net/minecraft/class_1918
bgo,net/minecraft/world/spawner/AbstractSpawner,net/minecraft/server/v1_14_R1/MobSpawnerAbstract,,,net/minecraft/class_1917
bgp,net/minecraft/world/IEnviromentBlockReader,net/minecraft/server/v1_14_R1/IIBlockAccess,,,net/minecraft/class_1920
bgq,net/minecraft/block/BlockEventData,net/minecraft/server/v1_14_R1/BlockActionData,,,net/minecraft/class_1919
bgr,net/minecraft/world/IBlockReader,net/minecraft/server/v1_14_R1/IBlockAccess,,,net/minecraft/class_1922
bgs,net/minecraft/util/BlockRenderLayer,net/minecraft/server/v1_14_R1/TextureType,,,net/minecraft/class_1921
bgt$1,net/minecraft/util/math/ChunkPos$1,net/minecraft/server/v1_14_R1/ChunkCoordIntPair$1,,,net/minecraft/class_1923$1
bgt,net/minecraft/util/math/ChunkPos,net/minecraft/server/v1_14_R1/ChunkCoordIntPair,,,net/minecraft/class_1923
bgu,net/minecraft/world/SerializableTickList,net/minecraft/server/v1_14_R1/TickListChunk,,,net/minecraft/class_4296
bgv$a,net/minecraft/util/math/RayTraceContext$BlockMode,net/minecraft/server/v1_14_R1/RayTrace$BlockCollisionOption,,,net/minecraft/class_3959$class_3960
bgv$b,net/minecraft/util/math/RayTraceContext$FluidMode,net/minecraft/server/v1_14_R1/RayTrace$FluidCollisionOption,,,net/minecraft/class_3959$class_242
bgv$c,net/minecraft/util/math/RayTraceContext$IVoxelProvider,net/minecraft/server/v1_14_R1/RayTrace$c,,,net/minecraft/class_3959$class_3961
bgv,net/minecraft/util/math/RayTraceContext,net/minecraft/server/v1_14_R1/RayTrace,,,net/minecraft/class_3959
bgx,net/minecraft/world/EmptyBlockReader,net/minecraft/server/v1_14_R1/BlockAccessAir,,,net/minecraft/class_2682
bgy,net/minecraft/world/EmptyTickList,net/minecraft/server/v1_14_R1/TickListEmpty,,,net/minecraft/class_1925
bgz,net/minecraft/world/IEntityReader,net/minecraft/server/v1_14_R1/IEntityAccess,,,net/minecraft/class_1924
bh$a,net/minecraft/advancements/criterion/PositionTrigger$Listeners,net/minecraft/server/v1_14_R1/CriterionTriggerLocation$a,,,net/minecraft/class_2092$class_2093
bh$b,net/minecraft/advancements/criterion/PositionTrigger$Instance,net/minecraft/server/v1_14_R1/CriterionTriggerLocation$b,,,net/minecraft/class_2092$class_2094
bh,net/minecraft/advancements/criterion/PositionTrigger,net/minecraft/server/v1_14_R1/CriterionTriggerLocation,,,net/minecraft/class_2092
bha$a,net/minecraft/world/Explosion$Mode,net/minecraft/server/v1_14_R1/Explosion$Effect,,,net/minecraft/class_1927$class_4179
bha,net/minecraft/world/Explosion,net/minecraft/server/v1_14_R1/Explosion,,,net/minecraft/class_1927
bhc,net/minecraft/world/ForcedChunksSaveData,net/minecraft/server/v1_14_R1/ForcedChunk,,,net/minecraft/class_1932
bhd$a,net/minecraft/world/GameRules$Value,net/minecraft/server/v1_14_R1/GameRules$GameRuleValue,,,net/minecraft/class_1928$class_1929
bhd$b,net/minecraft/world/GameRules$ValueDefinition,net/minecraft/server/v1_14_R1/GameRules$GameRuleDefinition,,,net/minecraft/class_1928$class_1930
bhd$c,net/minecraft/world/GameRules$ValueType,net/minecraft/server/v1_14_R1/GameRules$EnumGameRuleType,,,net/minecraft/class_1928$class_1931
bhd,net/minecraft/world/GameRules,net/minecraft/server/v1_14_R1/GameRules,,,net/minecraft/class_1928
bhe,net/minecraft/world/GameType,net/minecraft/server/v1_14_R1/EnumGamemode,,,net/minecraft/class_1934
bhg,net/minecraft/util/IItemProvider,net/minecraft/server/v1_14_R1/IMaterial,,,net/minecraft/class_1935
bhh,net/minecraft/world/World,net/minecraft/server/v1_14_R1/World,,,net/minecraft/class_1937
bhi,net/minecraft/world/IWorld,net/minecraft/server/v1_14_R1/GeneratorAccess,,,net/minecraft/class_1936
bhj,net/minecraft/world/storage/SessionLockException,net/minecraft/server/v1_14_R1/ExceptionWorldConflict,,,net/minecraft/class_1939
bhk,net/minecraft/world/IWorldReader,net/minecraft/server/v1_14_R1/IWorldReader,,,net/minecraft/class_1941
bhl,net/minecraft/world/WorldSettings,net/minecraft/server/v1_14_R1/WorldSettings,,,net/minecraft/class_1940
bhm,net/minecraft/world/gen/IWorldGenerationReader,net/minecraft/server/v1_14_R1/VirtualLevelWritable,,,net/minecraft/class_3747
bhn,net/minecraft/world/gen/IWorldGenerationBaseReader,net/minecraft/server/v1_14_R1/VirtualLevelReadable,,,net/minecraft/class_3746
bho,net/minecraft/world/WorldType,net/minecraft/server/v1_14_R1/WorldType,,,net/minecraft/class_1942
bhp,net/minecraft/world/IWorldWriter,net/minecraft/server/v1_14_R1/IWorldWriter,,,net/minecraft/class_1945
bhq,net/minecraft/world/LightType,net/minecraft/server/v1_14_R1/EnumSkyBlock,,,net/minecraft/class_1944
bhr,net/minecraft/world/spawner/WorldEntitySpawner,net/minecraft/server/v1_14_R1/SpawnerCreature,,,net/minecraft/class_1948
bhs,net/minecraft/world/Region,net/minecraft/server/v1_14_R1/ChunkCache,,,net/minecraft/class_1950
bht$a,net/minecraft/world/Teleporter$PortalPosition,net/minecraft/server/v1_14_R1/PortalTravelAgent$ChunkCoordinatesPortal,,,net/minecraft/class_1946$class_1947
bht,net/minecraft/world/Teleporter,net/minecraft/server/v1_14_R1/PortalTravelAgent,,,net/minecraft/class_1946
bhu,net/minecraft/world/ServerTickList,net/minecraft/server/v1_14_R1/TickListServer,,,net/minecraft/class_1949
bhv,net/minecraft/util/WeightedSpawnerEntity,net/minecraft/server/v1_14_R1/MobSpawnerData,,,net/minecraft/class_1952
bhw,net/minecraft/world/ITickList,net/minecraft/server/v1_14_R1/TickList,,,net/minecraft/class_1951
bhx,net/minecraft/world/NextTickListEntry,net/minecraft/server/v1_14_R1/NextTickListEntry,,,net/minecraft/class_1954
bhy,net/minecraft/world/TickPriority,net/minecraft/server/v1_14_R1/TickListPriority,,,net/minecraft/class_1953
bhz,net/minecraft/world/biome/BadlandsBiome,net/minecraft/server/v1_14_R1/BiomeMesa,,,net/minecraft/class_1956
bi$a,net/minecraft/advancements/criterion/MinMaxBounds$IBoundFactory,net/minecraft/server/v1_14_R1/CriterionConditionValue$a,,,net/minecraft/class_2096$class_2097
bi$b,net/minecraft/advancements/criterion/MinMaxBounds$IBoundReader,net/minecraft/server/v1_14_R1/CriterionConditionValue$b,,,net/minecraft/class_2096$class_2098
bi$c,net/minecraft/advancements/criterion/MinMaxBounds$FloatBound,net/minecraft/server/v1_14_R1/CriterionConditionValue$FloatRange,,,net/minecraft/class_2096$class_2099
bi$d,net/minecraft/advancements/criterion/MinMaxBounds$IntBound,net/minecraft/server/v1_14_R1/CriterionConditionValue$IntegerRange,,,net/minecraft/class_2096$class_2100
bi,net/minecraft/advancements/criterion/MinMaxBounds,net/minecraft/server/v1_14_R1/CriterionConditionValue,,,net/minecraft/class_2096
bia,net/minecraft/world/biome/BadlandsPlateauBiome,net/minecraft/server/v1_14_R1/BiomeMesaPlataeuClear,,,net/minecraft/class_1955
bib,net/minecraft/world/biome/BambooJungleBiome,net/minecraft/server/v1_14_R1/BiomeBambooJungle,,,net/minecraft/class_1958
bic,net/minecraft/world/biome/BambooJungleHillsBiome,net/minecraft/server/v1_14_R1/BiomeBambooJungleHills,,,net/minecraft/class_1957
bid,net/minecraft/world/biome/BeachBiome,net/minecraft/server/v1_14_R1/BiomeBeach,,,net/minecraft/class_1965
bie$a,net/minecraft/world/biome/Biome$Builder,net/minecraft/server/v1_14_R1/BiomeBase$a,,,net/minecraft/class_1959$class_1960
bie$b,net/minecraft/world/biome/Biome$Category,net/minecraft/server/v1_14_R1/BiomeBase$Geography,,,net/minecraft/class_1959$class_1961
bie$c,net/minecraft/world/biome/Biome$TempCategory,net/minecraft/server/v1_14_R1/BiomeBase$EnumTemperature,,,net/minecraft/class_1959$class_1962
bie$d,net/minecraft/world/biome/Biome$RainType,net/minecraft/server/v1_14_R1/BiomeBase$Precipitation,,,net/minecraft/class_1959$class_1963
bie$e,net/minecraft/world/biome/Biome$SpawnListEntry,net/minecraft/server/v1_14_R1/BiomeBase$BiomeMeta,,,net/minecraft/class_1959$class_1964
bie,net/minecraft/world/biome/Biome,net/minecraft/server/v1_14_R1/BiomeBase,,,net/minecraft/class_1959
bif,net/minecraft/world/biome/DefaultBiomeFeatures,net/minecraft/server/v1_14_R1/BiomeDecoratorGroups,,,net/minecraft/class_3864
big,net/minecraft/world/biome/provider/BiomeProvider,net/minecraft/server/v1_14_R1/WorldChunkManager,,,net/minecraft/class_1966
bih,net/minecraft/world/biome/provider/IBiomeProviderSettings,net/minecraft/server/v1_14_R1/BiomeLayoutConfiguration,,,net/minecraft/class_1970
bii,net/minecraft/world/biome/provider/BiomeProviderType,net/minecraft/server/v1_14_R1/BiomeLayout,,,net/minecraft/class_1969
bij,net/minecraft/world/biome/Biomes,net/minecraft/server/v1_14_R1/Biomes,,,net/minecraft/class_1972
bik,net/minecraft/world/biome/BirchForestBiome,net/minecraft/server/v1_14_R1/BiomeBirchForest,,,net/minecraft/class_1971
bil,net/minecraft/world/biome/BirchForestHillsBiome,net/minecraft/server/v1_14_R1/BiomeBirchForestHills,,,net/minecraft/class_1974
bim,net/minecraft/world/biome/provider/CheckerboardBiomeProvider,net/minecraft/server/v1_14_R1/WorldChunkManagerCheckerBoard,,,net/minecraft/class_1973
bin,net/minecraft/world/biome/provider/CheckerboardBiomeProviderSettings,net/minecraft/server/v1_14_R1/BiomeLayoutCheckerboardConfiguration,,,net/minecraft/class_1976
bio,net/minecraft/world/biome/ColdOceanBiome,net/minecraft/server/v1_14_R1/BiomeColdOcean,,,net/minecraft/class_1975
bip,net/minecraft/world/biome/DarkForestBiome,net/minecraft/server/v1_14_R1/BiomeRoofedForest,,,net/minecraft/class_1978
biq,net/minecraft/world/biome/DarkForestHillsBiome,net/minecraft/server/v1_14_R1/BiomeRoofedForestMutated,,,net/minecraft/class_1977
bir,net/minecraft/world/biome/DeepColdOceanBiome,net/minecraft/server/v1_14_R1/BiomeColdDeepOcean,,,net/minecraft/class_1980
bis,net/minecraft/world/biome/DeepFrozenOceanBiome,net/minecraft/server/v1_14_R1/BiomeFrozenDeepOcean,,,net/minecraft/class_1979
bit,net/minecraft/world/biome/DeepLukewarmOceanBiome,net/minecraft/server/v1_14_R1/BiomeLukewarmDeepOcean,,,net/minecraft/class_1982
biu,net/minecraft/world/biome/DeepOceanBiome,net/minecraft/server/v1_14_R1/BiomeDeepOcean,,,net/minecraft/class_1981
biv,net/minecraft/world/biome/DeepWarmOceanBiome,net/minecraft/server/v1_14_R1/BiomeWarmDeepOcean,,,net/minecraft/class_1984
biw,net/minecraft/world/biome/DesertBiome,net/minecraft/server/v1_14_R1/BiomeDesert,,,net/minecraft/class_1983
bix,net/minecraft/world/biome/DesertHillsBiome,net/minecraft/server/v1_14_R1/BiomeDesertHills,,,net/minecraft/class_1986
biy,net/minecraft/world/biome/DesertLakesBiome,net/minecraft/server/v1_14_R1/BiomeDesertMutated,,,net/minecraft/class_1985
biz,net/minecraft/world/biome/EndBarrensBiome,net/minecraft/server/v1_14_R1/BiomeTheEndBarrenIsland,,,net/minecraft/class_1988
bj$a,net/minecraft/advancements/criterion/MobEffectsPredicate$InstancePredicate,net/minecraft/server/v1_14_R1/CriterionConditionMobEffect$a,,,net/minecraft/class_2102$class_2103
bj,net/minecraft/advancements/criterion/MobEffectsPredicate,net/minecraft/server/v1_14_R1/CriterionConditionMobEffect,,,net/minecraft/class_2102
bja,net/minecraft/world/biome/EndHighlandsBiome,net/minecraft/server/v1_14_R1/BiomeTheEndHighIsland,,,net/minecraft/class_1987
bjb,net/minecraft/world/biome/EndMidlandsBiome,net/minecraft/server/v1_14_R1/BiomeTheEndMediumIsland,,,net/minecraft/class_1990
bjc,net/minecraft/world/biome/ErodedBadlandsBiome,net/minecraft/server/v1_14_R1/BiomeMesaBryce,,,net/minecraft/class_1989
bjd,net/minecraft/world/biome/provider/SingleBiomeProvider,net/minecraft/server/v1_14_R1/WorldChunkManagerHell,,,net/minecraft/class_1992
bje,net/minecraft/world/biome/provider/SingleBiomeProviderSettings,net/minecraft/server/v1_14_R1/BiomeLayoutFixedConfiguration,,,net/minecraft/class_1991
bjf,net/minecraft/world/biome/ForestBiome,net/minecraft/server/v1_14_R1/BiomeForest,,,net/minecraft/class_1994
bjg,net/minecraft/world/biome/FlowerForestBiome,net/minecraft/server/v1_14_R1/BiomeFlowerForest,,,net/minecraft/class_1993
bjh,net/minecraft/world/biome/FrozenOceanBiome,net/minecraft/server/v1_14_R1/BiomeFrozenOcean,,,net/minecraft/class_1995
bji,net/minecraft/world/biome/FrozenRiverBiome,net/minecraft/server/v1_14_R1/BiomeFrozenRiver,,,net/minecraft/class_2009
bjj,net/minecraft/world/biome/GiantSpruceTaigaBiome,net/minecraft/server/v1_14_R1/BiomeMegaSpruceTaiga,,,net/minecraft/class_2005
bjk,net/minecraft/world/biome/GiantSpruceTaigaHillsBiome,net/minecraft/server/v1_14_R1/BiomeRedwoodTaigaHillsMutated,,,net/minecraft/class_2017
bjl,net/minecraft/world/biome/GiantTreeTaigaBiome,net/minecraft/server/v1_14_R1/BiomeMegaTaiga,,,net/minecraft/class_2013
bjm,net/minecraft/world/biome/GiantTreeTaigaHillsBiome,net/minecraft/server/v1_14_R1/BiomeMegaTaigaHills,,,net/minecraft/class_2021
bjn,net/minecraft/world/biome/GravellyMountainsBiome,net/minecraft/server/v1_14_R1/BiomeExtremeHillsMutated,,,net/minecraft/class_2018
bjo,net/minecraft/world/biome/IceSpikesBiome,net/minecraft/server/v1_14_R1/BiomeIcePlainsSpikes,,,net/minecraft/class_2026
bjp,net/minecraft/world/biome/JungleBiome,net/minecraft/server/v1_14_R1/BiomeJungle,,,net/minecraft/class_2024
bjq,net/minecraft/world/biome/JungleEdgeBiome,net/minecraft/server/v1_14_R1/BiomeJungleEdge,,,net/minecraft/class_2034
bjr,net/minecraft/world/biome/JungleHillsBiome,net/minecraft/server/v1_14_R1/BiomeJungleHills,,,net/minecraft/class_2033
bjs,net/minecraft/world/biome/LukewarmOceanBiome,net/minecraft/server/v1_14_R1/BiomeLukewarmOcean,,,net/minecraft/class_2042
bjt,net/minecraft/world/biome/ModifiedBadlandsPlateauBiome,net/minecraft/server/v1_14_R1/BiomeMesaPlateauClearMutated,,,net/minecraft/class_2036
bju,net/minecraft/world/biome/ModifiedGravellyMountainsBiome,net/minecraft/server/v1_14_R1/BiomeExtremeHillsWithTreesMutated,,,net/minecraft/class_2047
bjv,net/minecraft/world/biome/ModifiedJungleBiome,net/minecraft/server/v1_14_R1/BiomeJungleMutated,,,net/minecraft/class_2043
bjw,net/minecraft/world/biome/ModifiedJungleEdgeBiome,net/minecraft/server/v1_14_R1/BiomeJungleEdgeMutated,,,net/minecraft/class_2057
bjx,net/minecraft/world/biome/ModifiedWoodedBadlandsPlateauBiome,net/minecraft/server/v1_14_R1/BiomeMesaPlateauMutated,,,net/minecraft/class_2053
bjy,net/minecraft/world/biome/MountainsBiome,net/minecraft/server/v1_14_R1/BiomeBigHills,,,net/minecraft/class_2064
bjz,net/minecraft/world/biome/MountainEdgeBiome,net/minecraft/server/v1_14_R1/BiomeExtremeHillsEdge,,,net/minecraft/class_2061
bk,net/minecraft/advancements/criterion/NBTPredicate,net/minecraft/server/v1_14_R1/CriterionConditionNBT,,,net/minecraft/class_2105
bka,net/minecraft/world/biome/MushroomFieldsBiome,net/minecraft/server/v1_14_R1/BiomeMushrooms,,,net/minecraft/class_2072
bkb,net/minecraft/world/biome/MushroomFieldShoreBiome,net/minecraft/server/v1_14_R1/BiomeMushroomIslandShore,,,net/minecraft/class_2065
bkc,net/minecraft/world/biome/NetherBiome,net/minecraft/server/v1_14_R1/BiomeHell,,,net/minecraft/class_2079
bkd,net/minecraft/world/biome/OceanBiome,net/minecraft/server/v1_14_R1/BiomeOcean,,,net/minecraft/class_2075
bke,net/minecraft/world/biome/provider/OverworldBiomeProvider,net/minecraft/server/v1_14_R1/WorldChunkManagerOverworld,,,net/minecraft/class_2088
bkf,net/minecraft/world/biome/provider/OverworldBiomeProviderSettings,net/minecraft/server/v1_14_R1/BiomeLayoutOverworldConfiguration,,,net/minecraft/class_2084
bkg,net/minecraft/world/biome/PlainsBiome,net/minecraft/server/v1_14_R1/BiomePlains,,,net/minecraft/class_2089
bkh,net/minecraft/world/biome/RiverBiome,net/minecraft/server/v1_14_R1/BiomeRiver,,,net/minecraft/class_2101
bki,net/minecraft/world/biome/SavannaBiome,net/minecraft/server/v1_14_R1/BiomeSavanna,,,net/minecraft/class_2095
bkj,net/minecraft/world/biome/SavannaPlateauBiome,net/minecraft/server/v1_14_R1/BiomeSavannaPlateau,,,net/minecraft/class_2106
bkk,net/minecraft/world/biome/ShatteredSavannaBiome,net/minecraft/server/v1_14_R1/BiomeSavannaMutated,,,net/minecraft/class_2104
bkl,net/minecraft/world/biome/ShatteredSavannaPlateauBiome,net/minecraft/server/v1_14_R1/BiomeSavannaPlateauMutated,,,net/minecraft/class_2114
bkm,net/minecraft/world/biome/SmallEndIslandsBiome,net/minecraft/server/v1_14_R1/BiomeTheEndFloatingIslands,,,net/minecraft/class_2107
bkn,net/minecraft/world/biome/SnowyBeachBiome,net/minecraft/server/v1_14_R1/BiomeColdBeach,,,net/minecraft/class_2122
bko,net/minecraft/world/biome/SnowyMountainsBiome,net/minecraft/server/v1_14_R1/BiomeIceMountains,,,net/minecraft/class_2118
bkp,net/minecraft/world/biome/SnowyTaigaBiome,net/minecraft/server/v1_14_R1/BiomeColdTaiga,,,net/minecraft/class_2127
bkq,net/minecraft/world/biome/SnowyTaigaHillsBiome,net/minecraft/server/v1_14_R1/BiomeColdTaigaHills,,,net/minecraft/class_2126
bkr,net/minecraft/world/biome/SnowyTaigaMountainsBiome,net/minecraft/server/v1_14_R1/BiomeColdTaigaMutated,,,net/minecraft/class_2138
bks,net/minecraft/world/biome/SnowyTundraBiome,net/minecraft/server/v1_14_R1/BiomeIcePlains,,,net/minecraft/class_2134
bkt,net/minecraft/world/biome/StoneShoreBiome,net/minecraft/server/v1_14_R1/BiomeStoneBeach,,,net/minecraft/class_2146
bku,net/minecraft/world/biome/SunflowerPlainsBiome,net/minecraft/server/v1_14_R1/BiomeSunflowerPlains,,,net/minecraft/class_2139
bkv,net/minecraft/world/biome/SwampBiome,net/minecraft/server/v1_14_R1/BiomeSwamp,,,net/minecraft/class_2151
bkw,net/minecraft/world/biome/SwampHillsBiome,net/minecraft/server/v1_14_R1/BiomeSwamplandMutated,,,net/minecraft/class_2147
bkx,net/minecraft/world/biome/TaigaBiome,net/minecraft/server/v1_14_R1/BiomeTaiga,,,net/minecraft/class_2154
bky,net/minecraft/world/biome/TaigaHillsBiome,net/minecraft/server/v1_14_R1/BiomeTaigaHills,,,net/minecraft/class_2153
bkz,net/minecraft/world/biome/TaigaMountainsBiome,net/minecraft/server/v1_14_R1/BiomeTaigaMutated,,,net/minecraft/class_2157
bl$a,net/minecraft/advancements/criterion/NetherTravelTrigger$Listeners,net/minecraft/server/v1_14_R1/CriterionTriggerNetherTravel$a,,,net/minecraft/class_2108$class_2109
bl$b,net/minecraft/advancements/criterion/NetherTravelTrigger$Instance,net/minecraft/server/v1_14_R1/CriterionTriggerNetherTravel$b,,,net/minecraft/class_2108$class_2110
bl,net/minecraft/advancements/criterion/NetherTravelTrigger,net/minecraft/server/v1_14_R1/CriterionTriggerNetherTravel,,,net/minecraft/class_2108
bla,net/minecraft/world/biome/TallBirchForestBiome,net/minecraft/server/v1_14_R1/BiomeBirchForestMutated,,,net/minecraft/class_2155
blb,net/minecraft/world/biome/TallBirchHillsBiome,net/minecraft/server/v1_14_R1/BiomeBirchForestHillsMutated,,,net/minecraft/class_2166
blc,net/minecraft/world/biome/TheEndBiome,net/minecraft/server/v1_14_R1/BiomeTheEnd,,,net/minecraft/class_2163
bld,net/minecraft/world/biome/provider/EndBiomeProvider,net/minecraft/server/v1_14_R1/WorldChunkManagerTheEnd,,,net/minecraft/class_2169
ble,net/minecraft/world/biome/provider/EndBiomeProviderSettings,net/minecraft/server/v1_14_R1/BiomeLayoutTheEndConfiguration,,,net/minecraft/class_2167
blf,net/minecraft/world/biome/TheVoidBiome,net/minecraft/server/v1_14_R1/BiomeVoid,,,net/minecraft/class_2175
blg,net/minecraft/world/biome/WarmOceanBiome,net/minecraft/server/v1_14_R1/BiomeWarmOcean,,,net/minecraft/class_2174
blh,net/minecraft/world/biome/WoodedBadlandsPlateauBiome,net/minecraft/server/v1_14_R1/BiomeMesaPlataeu,,,net/minecraft/class_2176
bli,net/minecraft/world/biome/WoodedHillsBiome,net/minecraft/server/v1_14_R1/BiomeForestHills,,,net/minecraft/class_2182
blj,net/minecraft/world/biome/WoodedMountainsBiome,net/minecraft/server/v1_14_R1/BiomeExtremeHillsWithTrees,,,net/minecraft/class_2180
bll,net/minecraft/block/AbstractBannerBlock,net/minecraft/server/v1_14_R1/BlockBannerAbstract,,,net/minecraft/class_2185
blm,net/minecraft/block/AbstractFurnaceBlock,net/minecraft/server/v1_14_R1/BlockFurnace,,,net/minecraft/class_2363
bln,net/minecraft/block/AbstractGlassBlock,net/minecraft/server/v1_14_R1/BlockGlassAbstract,,,net/minecraft/class_4262
blo,net/minecraft/block/AbstractSkullBlock,net/minecraft/server/v1_14_R1/BlockSkullAbstract,,,net/minecraft/class_2190
blp,net/minecraft/block/AirBlock,net/minecraft/server/v1_14_R1/BlockAir,,,net/minecraft/class_2189
blq,net/minecraft/block/AnvilBlock,net/minecraft/server/v1_14_R1/BlockAnvil,,,net/minecraft/class_2199
blr,net/minecraft/block/AttachedStemBlock,net/minecraft/server/v1_14_R1/BlockStemAttached,,,net/minecraft/class_2195
bls,net/minecraft/block/BambooBlock,net/minecraft/server/v1_14_R1/BlockBamboo,,,net/minecraft/class_2211
blt,net/minecraft/block/BambooSaplingBlock,net/minecraft/server/v1_14_R1/BlockBambooSapling,,,net/minecraft/class_2202
blu,net/minecraft/block/BannerBlock,net/minecraft/server/v1_14_R1/BlockBanner,,,net/minecraft/class_2215
blv,net/minecraft/block/BarrelBlock,net/minecraft/server/v1_14_R1/BlockBarrel,,,net/minecraft/class_3708
blw,net/minecraft/block/BarrierBlock,net/minecraft/server/v1_14_R1/BlockBarrier,,,net/minecraft/class_2213
blx,net/minecraft/block/CoralFanBlock,net/minecraft/server/v1_14_R1/BlockCoralFanAbstract,,,net/minecraft/class_2221
bly,net/minecraft/block/DeadCoralPlantBlock,net/minecraft/server/v1_14_R1/BlockCoralDead,,,net/minecraft/class_2217
blz,net/minecraft/block/AbstractCoralPlantBlock,net/minecraft/server/v1_14_R1/BlockCoralBase,,,net/minecraft/class_2230
bm$a,net/minecraft/advancements/criterion/PlacedBlockTrigger$Listeners,net/minecraft/server/v1_14_R1/CriterionTriggerPlacedBlock$a,,,net/minecraft/class_2111$class_2112
bm$b,net/minecraft/advancements/criterion/PlacedBlockTrigger$Instance,net/minecraft/server/v1_14_R1/CriterionTriggerPlacedBlock$b,,,net/minecraft/class_2111$class_2113
bm,net/minecraft/advancements/criterion/PlacedBlockTrigger,net/minecraft/server/v1_14_R1/CriterionTriggerPlacedBlock,,,net/minecraft/class_2111
bma,net/minecraft/block/DeadCoralWallFanBlock,net/minecraft/server/v1_14_R1/BlockCoralFanWallAbstract,,,net/minecraft/class_2222
bmb,net/minecraft/block/ContainerBlock,net/minecraft/server/v1_14_R1/BlockTileEntity,,,net/minecraft/class_2237
bmc,net/minecraft/block/AbstractPressurePlateBlock,net/minecraft/server/v1_14_R1/BlockPressurePlateAbstract,,,net/minecraft/class_2231
bmd,net/minecraft/block/AbstractRailBlock,net/minecraft/server/v1_14_R1/BlockMinecartTrackAbstract,,,net/minecraft/class_2241
bme,net/minecraft/block/IBeaconBeamColorProvider,net/minecraft/server/v1_14_R1/IBeaconBeam,,,net/minecraft/class_4275
bmf,net/minecraft/block/BeaconBlock,net/minecraft/server/v1_14_R1/BlockBeacon,,,net/minecraft/class_2238
bmg,net/minecraft/block/BedBlock,net/minecraft/server/v1_14_R1/BlockBed,,,net/minecraft/class_2244
bmh,net/minecraft/block/BedrockBlock,net/minecraft/server/v1_14_R1/BlockBedrock,,,net/minecraft/class_4263
bmi,net/minecraft/block/BeetrootBlock,net/minecraft/server/v1_14_R1/BlockBeetroot,,,net/minecraft/class_2242
bmj,net/minecraft/block/BellBlock,net/minecraft/server/v1_14_R1/BlockBell,,,net/minecraft/class_3709
bmk,net/minecraft/block/BlastFurnaceBlock,net/minecraft/server/v1_14_R1/BlockBlastFurnace,,,net/minecraft/class_3710
bml$1,net/minecraft/block/Block$1,net/minecraft/server/v1_14_R1/Block$1,,,net/minecraft/class_2248$1
bml$a,net/minecraft/block/Block$RenderSideCacheKey,net/minecraft/server/v1_14_R1/Block$a,,,net/minecraft/class_2248$class_2249
bml$b,net/minecraft/block/Block$OffsetType,net/minecraft/server/v1_14_R1/Block$EnumRandomOffset,,,net/minecraft/class_2248$class_2250
bml$c,net/minecraft/block/Block$Properties,net/minecraft/server/v1_14_R1/Block$Info,,,net/minecraft/class_2248$class_2251
bml,net/minecraft/block/Block,net/minecraft/server/v1_14_R1/Block,,,net/minecraft/class_2248
bmm,net/minecraft/block/Blocks,net/minecraft/server/v1_14_R1/Blocks,,,net/minecraft/class_2246
bmn,net/minecraft/block/IGrowable,net/minecraft/server/v1_14_R1/IBlockFragilePlantElement,,,net/minecraft/class_2256
bmo,net/minecraft/block/BrewingStandBlock,net/minecraft/server/v1_14_R1/BlockBrewingStand,,,net/minecraft/class_2260
bmp,net/minecraft/block/BubbleColumnBlock,net/minecraft/server/v1_14_R1/BlockBubbleColumn,,,net/minecraft/class_2258
bmq,net/minecraft/block/IBucketPickupHandler,net/minecraft/server/v1_14_R1/IFluidSource,,,net/minecraft/class_2263
bmr,net/minecraft/block/BushBlock,net/minecraft/server/v1_14_R1/BlockPlant,,,net/minecraft/class_2261
bms,net/minecraft/block/AbstractButtonBlock,net/minecraft/server/v1_14_R1/BlockButtonAbstract,,,net/minecraft/class_2269
bmt,net/minecraft/block/CactusBlock,net/minecraft/server/v1_14_R1/BlockCactus,,,net/minecraft/class_2266
bmu,net/minecraft/block/CakeBlock,net/minecraft/server/v1_14_R1/BlockCake,,,net/minecraft/class_2272
bmv,net/minecraft/block/CampfireBlock,net/minecraft/server/v1_14_R1/BlockCampfire,,,net/minecraft/class_3922
bmw,net/minecraft/block/CarrotBlock,net/minecraft/server/v1_14_R1/BlockCarrots,,,net/minecraft/class_2271
bmx,net/minecraft/block/CartographyTableBlock,net/minecraft/server/v1_14_R1/BlockCartographyTable,,,net/minecraft/class_3711
bmy,net/minecraft/block/CarvedPumpkinBlock,net/minecraft/server/v1_14_R1/BlockPumpkinCarved,,,net/minecraft/class_2276
bmz,net/minecraft/block/CauldronBlock,net/minecraft/server/v1_14_R1/BlockCauldron,,,net/minecraft/class_2275
bn$a,net/minecraft/advancements/criterion/PlayerHurtEntityTrigger$Listeners,net/minecraft/server/v1_14_R1/CriterionTriggerPlayerHurtEntity$a,,,net/minecraft/class_2115$class_2116
bn$b,net/minecraft/advancements/criterion/PlayerHurtEntityTrigger$Instance,net/minecraft/server/v1_14_R1/CriterionTriggerPlayerHurtEntity$b,,,net/minecraft/class_2115$class_2117
bn,net/minecraft/advancements/criterion/PlayerHurtEntityTrigger,net/minecraft/server/v1_14_R1/CriterionTriggerPlayerHurtEntity,,,net/minecraft/class_2115
bna$1,net/minecraft/block/ChestBlock$1,net/minecraft/server/v1_14_R1/BlockChest$1,,,net/minecraft/class_2281$1
bna$2$1,net/minecraft/block/ChestBlock$2$1,net/minecraft/server/v1_14_R1/BlockChest$2$1,,,net/minecraft/class_2281$2$1
bna$2,net/minecraft/block/ChestBlock$2,net/minecraft/server/v1_14_R1/BlockChest$2,,,net/minecraft/class_2281$2
bna$a,net/minecraft/block/ChestBlock$InventoryFactory,net/minecraft/server/v1_14_R1/BlockChest$ChestFinder,,,net/minecraft/class_2281$class_3923
bna,net/minecraft/block/ChestBlock,net/minecraft/server/v1_14_R1/BlockChest,,,net/minecraft/class_2281
bnb,net/minecraft/block/ChorusFlowerBlock,net/minecraft/server/v1_14_R1/BlockChorusFlower,,,net/minecraft/class_2279
bnc,net/minecraft/block/ChorusPlantBlock,net/minecraft/server/v1_14_R1/BlockChorusFruit,,,net/minecraft/class_2283
bnd,net/minecraft/block/CocoaBlock,net/minecraft/server/v1_14_R1/BlockCocoa,,,net/minecraft/class_2282
bne,net/minecraft/block/CommandBlockBlock,net/minecraft/server/v1_14_R1/BlockCommand,,,net/minecraft/class_2288
bnf,net/minecraft/block/ComparatorBlock,net/minecraft/server/v1_14_R1/BlockRedstoneComparator,,,net/minecraft/class_2286
bng$a,net/minecraft/block/ComposterBlock$EmptyInventory,net/minecraft/server/v1_14_R1/BlockComposter$ContainerEmpty,,,net/minecraft/class_3962$class_3925
bng$b,net/minecraft/block/ComposterBlock$PartialInventory,net/minecraft/server/v1_14_R1/BlockComposter$ContainerInput,,,net/minecraft/class_3962$class_3963
bng$c,net/minecraft/block/ComposterBlock$FullInventory,net/minecraft/server/v1_14_R1/BlockComposter$ContainerOutput,,,net/minecraft/class_3962$class_3964
bng,net/minecraft/block/ComposterBlock,net/minecraft/server/v1_14_R1/BlockComposter,,,net/minecraft/class_3962
bnh,net/minecraft/block/ConcretePowderBlock,net/minecraft/server/v1_14_R1/BlockConcretePowder,,,net/minecraft/class_2292
bni,net/minecraft/block/ConduitBlock,net/minecraft/server/v1_14_R1/BlockConduit,,,net/minecraft/class_2289
bnj,net/minecraft/block/CoralBlock,net/minecraft/server/v1_14_R1/BlockCoral,,,net/minecraft/class_2298
bnk,net/minecraft/block/CoralFinBlock,net/minecraft/server/v1_14_R1/BlockCoralFan,,,net/minecraft/class_2297
bnl,net/minecraft/block/CoralPlantBlock,net/minecraft/server/v1_14_R1/BlockCoralPlant,,,net/minecraft/class_2301
bnm,net/minecraft/block/CoralWallFanBlock,net/minecraft/server/v1_14_R1/BlockCoralFanWall,,,net/minecraft/class_2299
bnn,net/minecraft/block/CraftingTableBlock,net/minecraft/server/v1_14_R1/BlockWorkbench,,,net/minecraft/class_2304
bno,net/minecraft/block/CropsBlock,net/minecraft/server/v1_14_R1/BlockCrops,,,net/minecraft/class_2302
bnp,net/minecraft/block/FourWayBlock,net/minecraft/server/v1_14_R1/BlockTall,,,net/minecraft/class_2310
bnq,net/minecraft/block/DaylightDetectorBlock,net/minecraft/server/v1_14_R1/BlockDaylightDetector,,,net/minecraft/class_2309
bnr,net/minecraft/block/DeadBushBlock,net/minecraft/server/v1_14_R1/BlockDeadBush,,,net/minecraft/class_2311
bns,net/minecraft/block/DetectorRailBlock,net/minecraft/server/v1_14_R1/BlockMinecartDetector,,,net/minecraft/class_2313
bnt,net/minecraft/block/RedstoneDiodeBlock,net/minecraft/server/v1_14_R1/BlockDiodeAbstract,,,net/minecraft/class_2312
bnu,net/minecraft/block/DirectionalBlock,net/minecraft/server/v1_14_R1/BlockDirectional,,,net/minecraft/class_2318
bnv,net/minecraft/block/DispenserBlock,net/minecraft/server/v1_14_R1/BlockDispenser,,,net/minecraft/class_2315
bnw,net/minecraft/block/DoorBlock,net/minecraft/server/v1_14_R1/BlockDoor,,,net/minecraft/class_2323
bnx,net/minecraft/block/DoublePlantBlock,net/minecraft/server/v1_14_R1/BlockTallPlant,,,net/minecraft/class_2320
bny,net/minecraft/block/DragonEggBlock,net/minecraft/server/v1_14_R1/BlockDragonEgg,,,net/minecraft/class_2328
bnz,net/minecraft/block/DropperBlock,net/minecraft/server/v1_14_R1/BlockDropper,,,net/minecraft/class_2325
bo$a,net/minecraft/advancements/criterion/RecipeUnlockedTrigger$Listeners,net/minecraft/server/v1_14_R1/CriterionTriggerRecipeUnlocked$a,,,net/minecraft/class_2119$class_2120
bo$b,net/minecraft/advancements/criterion/RecipeUnlockedTrigger$Instance,net/minecraft/server/v1_14_R1/CriterionTriggerRecipeUnlocked$b,,,net/minecraft/class_2119$class_2121
bo,net/minecraft/advancements/criterion/RecipeUnlockedTrigger,net/minecraft/server/v1_14_R1/CriterionTriggerRecipeUnlocked,,,net/minecraft/class_2119
boa,net/minecraft/block/EnchantingTableBlock,net/minecraft/server/v1_14_R1/BlockEnchantmentTable,,,net/minecraft/class_2331
bob,net/minecraft/block/EndGatewayBlock,net/minecraft/server/v1_14_R1/BlockEndGateway,,,net/minecraft/class_2329
boc,net/minecraft/block/EndPortalBlock,net/minecraft/server/v1_14_R1/BlockEnderPortal,,,net/minecraft/class_2334
bod,net/minecraft/block/EndPortalFrameBlock,net/minecraft/server/v1_14_R1/BlockEnderPortalFrame,,,net/minecraft/class_2333
boe,net/minecraft/block/EndRodBlock,net/minecraft/server/v1_14_R1/BlockEndRod,,,net/minecraft/class_2337
bof,net/minecraft/block/EnderChestBlock,net/minecraft/server/v1_14_R1/BlockEnderChest,,,net/minecraft/class_2336
bog,net/minecraft/block/ITileEntityProvider,net/minecraft/server/v1_14_R1/ITileEntity,,,net/minecraft/class_2343
boh,net/minecraft/block/HorizontalFaceBlock,net/minecraft/server/v1_14_R1/BlockAttachable,,,net/minecraft/class_2341
boi,net/minecraft/block/FallingBlock,net/minecraft/server/v1_14_R1/BlockFalling,,,net/minecraft/class_2346
boj,net/minecraft/block/FarmlandBlock,net/minecraft/server/v1_14_R1/BlockSoil,,,net/minecraft/class_2344
bok,net/minecraft/block/FenceBlock,net/minecraft/server/v1_14_R1/BlockFence,,,net/minecraft/class_2354
bol,net/minecraft/block/FenceGateBlock,net/minecraft/server/v1_14_R1/BlockFenceGate,,,net/minecraft/class_2349
bom,net/minecraft/block/FireBlock,net/minecraft/server/v1_14_R1/BlockFire,,,net/minecraft/class_2358
bon,net/minecraft/block/FletchingTableBlock,net/minecraft/server/v1_14_R1/BlockFletchingTable,,,net/minecraft/class_3712
boo,net/minecraft/block/FlowerBlock,net/minecraft/server/v1_14_R1/BlockFlowers,,,net/minecraft/class_2356
bop,net/minecraft/block/FlowerPotBlock,net/minecraft/server/v1_14_R1/BlockFlowerPot,,,net/minecraft/class_2362
boq,net/minecraft/block/FrostedIceBlock,net/minecraft/server/v1_14_R1/BlockIceFrost,,,net/minecraft/class_2360
bor,net/minecraft/block/FurnaceBlock,net/minecraft/server/v1_14_R1/BlockFurnaceFurace,,,net/minecraft/class_3865
bos,net/minecraft/block/GlassBlock,net/minecraft/server/v1_14_R1/BlockGlass,,,net/minecraft/class_2368
bot,net/minecraft/block/GlazedTerracottaBlock,net/minecraft/server/v1_14_R1/BlockGlazedTerracotta,,,net/minecraft/class_2366
bou,net/minecraft/block/GrassBlock,net/minecraft/server/v1_14_R1/BlockGrass,,,net/minecraft/class_2372
bov,net/minecraft/block/GrassPathBlock,net/minecraft/server/v1_14_R1/BlockGrassPath,,,net/minecraft/class_2369
bow,net/minecraft/block/GravelBlock,net/minecraft/server/v1_14_R1/BlockGravel,,,net/minecraft/class_2375
box,net/minecraft/block/GrindstoneBlock,net/minecraft/server/v1_14_R1/BlockGrindstone,,,net/minecraft/class_3713
boy,net/minecraft/block/BreakableBlock,net/minecraft/server/v1_14_R1/BlockHalfTransparent,,,net/minecraft/class_2373
boz,net/minecraft/block/HayBlock,net/minecraft/server/v1_14_R1/BlockHay,,,net/minecraft/class_2380
bp$a,net/minecraft/advancements/criterion/ShotCrossbowTrigger$Listeners,net/minecraft/server/v1_14_R1/CriterionTriggerShotCrossbow$a,,,net/minecraft/class_2123$class_2124
bp$b,net/minecraft/advancements/criterion/ShotCrossbowTrigger$Instance,net/minecraft/server/v1_14_R1/CriterionTriggerShotCrossbow$b,,,net/minecraft/class_2123$class_2125
bp,net/minecraft/advancements/criterion/ShotCrossbowTrigger,net/minecraft/server/v1_14_R1/CriterionTriggerShotCrossbow,,,net/minecraft/class_2123
bpa,net/minecraft/block/HopperBlock,net/minecraft/server/v1_14_R1/BlockHopper,,,net/minecraft/class_2377
bpb,net/minecraft/block/HorizontalBlock,net/minecraft/server/v1_14_R1/BlockFacingHorizontal,,,net/minecraft/class_2383
bpc,net/minecraft/block/HugeMushroomBlock,net/minecraft/server/v1_14_R1/BlockHugeMushroom,,,net/minecraft/class_2381
bpd,net/minecraft/block/IceBlock,net/minecraft/server/v1_14_R1/BlockIce,,,net/minecraft/class_2386
bpe,net/minecraft/block/SilverfishBlock,net/minecraft/server/v1_14_R1/BlockMonsterEggs,,,net/minecraft/class_2384
bpf,net/minecraft/block/PaneBlock,net/minecraft/server/v1_14_R1/BlockIronBars,,,net/minecraft/class_2389
bpg,net/minecraft/block/JigsawBlock,net/minecraft/server/v1_14_R1/BlockJigsaw,,,net/minecraft/class_3748
bph,net/minecraft/block/JukeboxBlock,net/minecraft/server/v1_14_R1/BlockJukeBox,,,net/minecraft/class_2387
bpi,net/minecraft/block/KelpTopBlock,net/minecraft/server/v1_14_R1/BlockKelp,,,net/minecraft/class_2393
bpj,net/minecraft/block/KelpBlock,net/minecraft/server/v1_14_R1/BlockKelpPlant,,,net/minecraft/class_2391
bpk,net/minecraft/block/LadderBlock,net/minecraft/server/v1_14_R1/BlockLadder,,,net/minecraft/class_2399
bpl,net/minecraft/block/LanternBlock,net/minecraft/server/v1_14_R1/BlockLantern,,,net/minecraft/class_3749
bpm,net/minecraft/block/LeavesBlock,net/minecraft/server/v1_14_R1/BlockLeaves,,,net/minecraft/class_2397
bpn,net/minecraft/block/LecternBlock,net/minecraft/server/v1_14_R1/BlockLectern,,,net/minecraft/class_3715
bpp,net/minecraft/block/LeverBlock,net/minecraft/server/v1_14_R1/BlockLever,,,net/minecraft/class_2401
bpq,net/minecraft/block/FlowingFluidBlock,net/minecraft/server/v1_14_R1/BlockFluids,,,net/minecraft/class_2404
bpr,net/minecraft/block/ILiquidContainer,net/minecraft/server/v1_14_R1/IFluidContainer,,,net/minecraft/class_2402
bps,net/minecraft/block/LogBlock,net/minecraft/server/v1_14_R1/BlockLogAbstract,,,net/minecraft/class_2410
bpt,net/minecraft/block/LoomBlock,net/minecraft/server/v1_14_R1/BlockLoom,,,net/minecraft/class_2406
bpu,net/minecraft/block/MagmaBlock,net/minecraft/server/v1_14_R1/BlockMagma,,,net/minecraft/class_2413
bpv,net/minecraft/block/MelonBlock,net/minecraft/server/v1_14_R1/BlockMelon,,,net/minecraft/class_2411
bpw,net/minecraft/util/Mirror,net/minecraft/server/v1_14_R1/EnumBlockMirror,,,net/minecraft/class_2415
bpx,net/minecraft/block/MushroomBlock,net/minecraft/server/v1_14_R1/BlockMushroom,,,net/minecraft/class_2420
bpy,net/minecraft/block/MyceliumBlock,net/minecraft/server/v1_14_R1/BlockMycel,,,net/minecraft/class_2418
bpz$a,net/minecraft/block/NetherPortalBlock$Size,net/minecraft/server/v1_14_R1/BlockPortal$Shape,,,net/minecraft/class_2423$class_2424
bpz,net/minecraft/block/NetherPortalBlock,net/minecraft/server/v1_14_R1/BlockPortal,,,net/minecraft/class_2423
bq$a,net/minecraft/advancements/criterion/SummonedEntityTrigger$Listeners,net/minecraft/server/v1_14_R1/CriterionTriggerSummonedEntity$a,,,net/minecraft/class_2128$class_2129
bq$b,net/minecraft/advancements/criterion/SummonedEntityTrigger$Instance,net/minecraft/server/v1_14_R1/CriterionTriggerSummonedEntity$b,,,net/minecraft/class_2128$class_2130
bq,net/minecraft/advancements/criterion/SummonedEntityTrigger,net/minecraft/server/v1_14_R1/CriterionTriggerSummonedEntity,,,net/minecraft/class_2128
bqa,net/minecraft/block/NetherWartBlock,net/minecraft/server/v1_14_R1/BlockNetherWart,,,net/minecraft/class_2421
bqb,net/minecraft/block/NoteBlock,net/minecraft/server/v1_14_R1/BlockNote,,,net/minecraft/class_2428
bqc,net/minecraft/block/ObserverBlock,net/minecraft/server/v1_14_R1/BlockObserver,,,net/minecraft/class_2426
bqd,net/minecraft/block/OreBlock,net/minecraft/server/v1_14_R1/BlockOre,,,net/minecraft/class_2431
bqe,net/minecraft/block/SixWayBlock,net/minecraft/server/v1_14_R1/BlockSprawling,,,net/minecraft/class_2429
bqf,net/minecraft/block/SkullPlayerBlock,net/minecraft/server/v1_14_R1/BlockSkullPlayer,,,net/minecraft/class_2435
bqg,net/minecraft/block/SkullWallPlayerBlock,net/minecraft/server/v1_14_R1/BlockSkullPlayerWall,,,net/minecraft/class_2433
bqh,net/minecraft/block/PotatoBlock,net/minecraft/server/v1_14_R1/BlockPotatoes,,,net/minecraft/class_2439
bqi,net/minecraft/block/RedstoneBlock,net/minecraft/server/v1_14_R1/BlockPowered,,,net/minecraft/class_2436
bqj,net/minecraft/block/PoweredRailBlock,net/minecraft/server/v1_14_R1/BlockPoweredRail,,,net/minecraft/class_2442
bqk$a,net/minecraft/block/PressurePlateBlock$Sensitivity,net/minecraft/server/v1_14_R1/BlockPressurePlateBinary$EnumMobType,,,net/minecraft/class_2440$class_2441
bqk,net/minecraft/block/PressurePlateBlock,net/minecraft/server/v1_14_R1/BlockPressurePlateBinary,,,net/minecraft/class_2440
bql,net/minecraft/block/PumpkinBlock,net/minecraft/server/v1_14_R1/BlockPumpkin,,,net/minecraft/class_2445
bqm,net/minecraft/block/RailBlock,net/minecraft/server/v1_14_R1/BlockMinecartTrack,,,net/minecraft/class_2443
bqn,net/minecraft/block/RailState,net/minecraft/server/v1_14_R1/MinecartTrackLogic,,,net/minecraft/class_2452
bqo,net/minecraft/block/RedstoneOreBlock,net/minecraft/server/v1_14_R1/BlockRedstoneOre,,,net/minecraft/class_2449
bqp,net/minecraft/block/RedstoneWireBlock,net/minecraft/server/v1_14_R1/BlockRedstoneWire,,,net/minecraft/class_2457
bqq,net/minecraft/block/RedstoneLampBlock,net/minecraft/server/v1_14_R1/BlockRedstoneLamp,,,net/minecraft/class_2453
bqr$a,net/minecraft/block/RedstoneTorchBlock$Toggle,net/minecraft/server/v1_14_R1/BlockRedstoneTorch$RedstoneUpdateInfo,,,net/minecraft/class_2459$class_2460
bqr,net/minecraft/block/RedstoneTorchBlock,net/minecraft/server/v1_14_R1/BlockRedstoneTorch,,,net/minecraft/class_2459
bqs,net/minecraft/block/RedstoneWallTorchBlock,net/minecraft/server/v1_14_R1/BlockRedstoneTorchWall,,,net/minecraft/class_2458
bqt,net/minecraft/block/BlockRenderType,net/minecraft/server/v1_14_R1/EnumRenderType,,,net/minecraft/class_2464
bqu,net/minecraft/block/RepeaterBlock,net/minecraft/server/v1_14_R1/BlockRepeater,,,net/minecraft/class_2462
bqv,net/minecraft/block/RotatedPillarBlock,net/minecraft/server/v1_14_R1/BlockRotatable,,,net/minecraft/class_2465
bqw,net/minecraft/util/Rotation,net/minecraft/server/v1_14_R1/EnumBlockRotation,,,net/minecraft/class_2470
bqx,net/minecraft/block/SandBlock,net/minecraft/server/v1_14_R1/BlockSand,,,net/minecraft/class_2468
bqy,net/minecraft/block/SaplingBlock,net/minecraft/server/v1_14_R1/BlockSapling,,,net/minecraft/class_2473
bqz,net/minecraft/block/ScaffoldingBlock,net/minecraft/server/v1_14_R1/BlockScaffolding,,,net/minecraft/class_3736
br$a,net/minecraft/advancements/criterion/TameAnimalTrigger$Listeners,net/minecraft/server/v1_14_R1/CriterionTriggerTamedAnimal$a,,,net/minecraft/class_2131$class_2132
br$b,net/minecraft/advancements/criterion/TameAnimalTrigger$Instance,net/minecraft/server/v1_14_R1/CriterionTriggerTamedAnimal$b,,,net/minecraft/class_2131$class_2133
br,net/minecraft/advancements/criterion/TameAnimalTrigger,net/minecraft/server/v1_14_R1/CriterionTriggerTamedAnimal,,,net/minecraft/class_2131
bra,net/minecraft/block/SeaPickleBlock,net/minecraft/server/v1_14_R1/BlockSeaPickle,,,net/minecraft/class_2472
brb,net/minecraft/block/SeaGrassBlock,net/minecraft/server/v1_14_R1/BlockSeaGrass,,,net/minecraft/class_2476
brc,net/minecraft/block/ShearableDoublePlantBlock,net/minecraft/server/v1_14_R1/BlockTallPlantShearable,,,net/minecraft/class_2475
brd,net/minecraft/block/ShulkerBoxBlock,net/minecraft/server/v1_14_R1/BlockShulkerBox,,,net/minecraft/class_2480
bre,net/minecraft/block/AbstractSignBlock,net/minecraft/server/v1_14_R1/BlockSign,,,net/minecraft/class_2478
brf,net/minecraft/block/IWaterLoggable,net/minecraft/server/v1_14_R1/IBlockWaterlogged,,,net/minecraft/class_3737
brg$a,net/minecraft/block/SkullBlock$ISkullType,net/minecraft/server/v1_14_R1/BlockSkull$a,,,net/minecraft/class_2484$class_2485
brg$b,net/minecraft/block/SkullBlock$Types,net/minecraft/server/v1_14_R1/BlockSkull$Type,,,net/minecraft/class_2484$class_2486
brg,net/minecraft/block/SkullBlock,net/minecraft/server/v1_14_R1/BlockSkull,,,net/minecraft/class_2484
brh,net/minecraft/block/SlabBlock,net/minecraft/server/v1_14_R1/BlockStepAbstract,,,net/minecraft/class_2482
bri,net/minecraft/block/SlimeBlock,net/minecraft/server/v1_14_R1/BlockSlime,,,net/minecraft/class_2490
brj,net/minecraft/block/SmithingTableBlock,net/minecraft/server/v1_14_R1/BlockSmithingTable,,,net/minecraft/class_3717
brk,net/minecraft/block/SmokerBlock,net/minecraft/server/v1_14_R1/BlockSmoker,,,net/minecraft/class_3716
brl,net/minecraft/block/SnowBlock,net/minecraft/server/v1_14_R1/BlockSnow,,,net/minecraft/class_2488
brm,net/minecraft/block/SnowyDirtBlock,net/minecraft/server/v1_14_R1/BlockDirtSnow,,,net/minecraft/class_2493
brn,net/minecraft/block/SoulSandBlock,net/minecraft/server/v1_14_R1/BlockSlowSand,,,net/minecraft/class_2492
bro,net/minecraft/block/SoundType,net/minecraft/server/v1_14_R1/SoundEffectType,,,net/minecraft/class_2498
brp,net/minecraft/block/SpawnerBlock,net/minecraft/server/v1_14_R1/BlockMobSpawner,,,net/minecraft/class_2496
brq,net/minecraft/block/SpongeBlock,net/minecraft/server/v1_14_R1/BlockSponge,,,net/minecraft/class_2502
brr,net/minecraft/block/SpreadableSnowyDirtBlock,net/minecraft/server/v1_14_R1/BlockDirtSnowSpreadable,,,net/minecraft/class_2500
brs,net/minecraft/block/StainedGlassBlock,net/minecraft/server/v1_14_R1/BlockStainedGlass,,,net/minecraft/class_2506
brt,net/minecraft/block/StainedGlassPaneBlock,net/minecraft/server/v1_14_R1/BlockStainedGlassPane,,,net/minecraft/class_2504
bru,net/minecraft/block/StairsBlock,net/minecraft/server/v1_14_R1/BlockStairs,,,net/minecraft/class_2510
brv,net/minecraft/block/StandingSignBlock,net/minecraft/server/v1_14_R1/BlockFloorSign,,,net/minecraft/class_2508
brw,net/minecraft/block/StemBlock,net/minecraft/server/v1_14_R1/BlockStem,,,net/minecraft/class_2513
brx,net/minecraft/block/StemGrownBlock,net/minecraft/server/v1_14_R1/BlockStemmed,,,net/minecraft/class_2511
bry,net/minecraft/block/StoneButtonBlock,net/minecraft/server/v1_14_R1/BlockStoneButton,,,net/minecraft/class_2517
brz,net/minecraft/block/StonecutterBlock,net/minecraft/server/v1_14_R1/BlockStonecutter,,,net/minecraft/class_3718
bs$a,net/minecraft/advancements/criterion/TickTrigger$Listeners,net/minecraft/server/v1_14_R1/CriterionTriggerTick$a,,,net/minecraft/class_2135$class_2136
bs$b,net/minecraft/advancements/criterion/TickTrigger$Instance,net/minecraft/server/v1_14_R1/CriterionTriggerTick$b,,,net/minecraft/class_2135$class_2137
bs,net/minecraft/advancements/criterion/TickTrigger,net/minecraft/server/v1_14_R1/CriterionTriggerTick,,,net/minecraft/class_2135
bsa,net/minecraft/block/StructureBlock,net/minecraft/server/v1_14_R1/BlockStructure,,,net/minecraft/class_2515
bsb,net/minecraft/block/StructureVoidBlock,net/minecraft/server/v1_14_R1/BlockStructureVoid,,,net/minecraft/class_2518
bsc,net/minecraft/block/SugarCaneBlock,net/minecraft/server/v1_14_R1/BlockReed,,,net/minecraft/class_2523
bsd,net/minecraft/block/SweetBerryBushBlock,net/minecraft/server/v1_14_R1/BlockSweetBerryBush,,,net/minecraft/class_3830
bse,net/minecraft/block/TallFlowerBlock,net/minecraft/server/v1_14_R1/BlockTallPlantFlower,,,net/minecraft/class_2521
bsf,net/minecraft/block/TallGrassBlock,net/minecraft/server/v1_14_R1/BlockLongGrass,,,net/minecraft/class_2526
bsg,net/minecraft/block/TallSeaGrassBlock,net/minecraft/server/v1_14_R1/BlockTallSeaGrass,,,net/minecraft/class_2525
bsh,net/minecraft/block/TNTBlock,net/minecraft/server/v1_14_R1/BlockTNT,,,net/minecraft/class_2530
bsi,net/minecraft/block/TorchBlock,net/minecraft/server/v1_14_R1/BlockTorch,,,net/minecraft/class_2527
bsj,net/minecraft/block/TrapDoorBlock,net/minecraft/server/v1_14_R1/BlockTrapdoor,,,net/minecraft/class_2533
bsk,net/minecraft/block/TrappedChestBlock,net/minecraft/server/v1_14_R1/BlockChestTrapped,,,net/minecraft/class_2531
bsl,net/minecraft/block/TripWireBlock,net/minecraft/server/v1_14_R1/BlockTripwire,,,net/minecraft/class_2538
bsm,net/minecraft/block/TripWireHookBlock,net/minecraft/server/v1_14_R1/BlockTripwireHook,,,net/minecraft/class_2537
bsn,net/minecraft/block/TurtleEggBlock,net/minecraft/server/v1_14_R1/BlockTurtleEgg,,,net/minecraft/class_2542
bso,net/minecraft/block/VineBlock,net/minecraft/server/v1_14_R1/BlockVine,,,net/minecraft/class_2541
bsp,net/minecraft/block/WallBannerBlock,net/minecraft/server/v1_14_R1/BlockBannerWall,,,net/minecraft/class_2546
bsq,net/minecraft/block/WallBlock,net/minecraft/server/v1_14_R1/BlockCobbleWall,,,net/minecraft/class_2544
bsr,net/minecraft/block/WallSignBlock,net/minecraft/server/v1_14_R1/BlockWallSign,,,net/minecraft/class_2551
bss,net/minecraft/block/WallSkullBlock,net/minecraft/server/v1_14_R1/BlockSkullWall,,,net/minecraft/class_2549
bst,net/minecraft/block/WallTorchBlock,net/minecraft/server/v1_14_R1/BlockTorchWall,,,net/minecraft/class_2555
bsu,net/minecraft/block/LilyPadBlock,net/minecraft/server/v1_14_R1/BlockWaterLily,,,net/minecraft/class_2553
bsv,net/minecraft/block/WebBlock,net/minecraft/server/v1_14_R1/BlockWeb,,,net/minecraft/class_2560
bsw,net/minecraft/block/WeightedPressurePlateBlock,net/minecraft/server/v1_14_R1/BlockPressurePlateWeighted,,,net/minecraft/class_2557
bsx,net/minecraft/block/WetSpongeBlock,net/minecraft/server/v1_14_R1/BlockWetSponge,,,net/minecraft/class_2565
bsy,net/minecraft/block/WitherRoseBlock,net/minecraft/server/v1_14_R1/BlockWitherRose,,,net/minecraft/class_2563
bsz,net/minecraft/block/WitherSkeletonSkullBlock,net/minecraft/server/v1_14_R1/BlockWitherSkull,,,net/minecraft/class_2570
bt$a,net/minecraft/advancements/criterion/VillagerTradeTrigger$Listeners,net/minecraft/server/v1_14_R1/CriterionTriggerVillagerTrade$a,,,net/minecraft/class_2140$class_2141
bt$b,net/minecraft/advancements/criterion/VillagerTradeTrigger$Instance,net/minecraft/server/v1_14_R1/CriterionTriggerVillagerTrade$b,,,net/minecraft/class_2140$class_2142
bt,net/minecraft/advancements/criterion/VillagerTradeTrigger,net/minecraft/server/v1_14_R1/CriterionTriggerVillagerTrade,,,net/minecraft/class_2140
bta,net/minecraft/block/WitherSkeletonWallSkullBlock,net/minecraft/server/v1_14_R1/BlockWitherSkullWall,,,net/minecraft/class_2567
btb,net/minecraft/block/WoodButtonBlock,net/minecraft/server/v1_14_R1/BlockWoodButton,,,net/minecraft/class_2571
btc,net/minecraft/block/CarpetBlock,net/minecraft/server/v1_14_R1/BlockCarpet,,,net/minecraft/class_2577
btd$1,net/minecraft/tileentity/AbstractFurnaceTileEntity$1,net/minecraft/server/v1_14_R1/TileEntityFurnace$1,,,net/minecraft/class_2609$1
btd,net/minecraft/tileentity/AbstractFurnaceTileEntity,net/minecraft/server/v1_14_R1/TileEntityFurnace,,,net/minecraft/class_2609
bte,net/minecraft/tileentity/BannerTileEntity,net/minecraft/server/v1_14_R1/TileEntityBanner,,,net/minecraft/class_2573
btf$a,net/minecraft/tileentity/BannerPattern$Builder,net/minecraft/server/v1_14_R1/EnumBannerPatternType$a,,,net/minecraft/class_2582$class_3750
btf,net/minecraft/tileentity/BannerPattern,net/minecraft/server/v1_14_R1/EnumBannerPatternType,,,net/minecraft/class_2582
btg,net/minecraft/tileentity/BarrelTileEntity,net/minecraft/server/v1_14_R1/TileEntityBarrel,,,net/minecraft/class_3719
bth,net/minecraft/tileentity/LockableTileEntity,net/minecraft/server/v1_14_R1/TileEntityContainer,,,net/minecraft/class_2624
bti$1,net/minecraft/tileentity/BeaconTileEntity$1,net/minecraft/server/v1_14_R1/TileEntityBeacon$1,,,net/minecraft/class_2580$1
bti$a,net/minecraft/tileentity/BeaconTileEntity$BeamSegment,net/minecraft/server/v1_14_R1/TileEntityBeacon$BeaconColorTracker,,,net/minecraft/class_2580$class_2581
bti,net/minecraft/tileentity/BeaconTileEntity,net/minecraft/server/v1_14_R1/TileEntityBeacon,,,net/minecraft/class_2580
btj,net/minecraft/tileentity/BedTileEntity,net/minecraft/server/v1_14_R1/TileEntityBed,,,net/minecraft/class_2587
btk,net/minecraft/tileentity/BellTileEntity,net/minecraft/server/v1_14_R1/TileEntityBell,,,net/minecraft/class_3721
btl,net/minecraft/tileentity/BlastFurnaceTileEntity,net/minecraft/server/v1_14_R1/TileEntityBlastFurnace,,,net/minecraft/class_3720
btm,net/minecraft/tileentity/TileEntity,net/minecraft/server/v1_14_R1/TileEntity,,,net/minecraft/class_2586
btn$a,net/minecraft/tileentity/TileEntityType$Builder,net/minecraft/server/v1_14_R1/TileEntityTypes$a,,,net/minecraft/class_2591$class_2592
btn,net/minecraft/tileentity/TileEntityType,net/minecraft/server/v1_14_R1/TileEntityTypes,,,net/minecraft/class_2591
bto$1,net/minecraft/tileentity/BrewingStandTileEntity$1,net/minecraft/server/v1_14_R1/TileEntityBrewingStand$1,,,net/minecraft/class_2589$1
bto,net/minecraft/tileentity/BrewingStandTileEntity,net/minecraft/server/v1_14_R1/TileEntityBrewingStand,,,net/minecraft/class_2589
btp,net/minecraft/tileentity/CampfireTileEntity,net/minecraft/server/v1_14_R1/TileEntityCampfire,,,net/minecraft/class_3924
btq,net/minecraft/tileentity/ChestTileEntity,net/minecraft/server/v1_14_R1/TileEntityChest,,,net/minecraft/class_2595
btr$1,net/minecraft/tileentity/CommandBlockTileEntity$1,net/minecraft/server/v1_14_R1/TileEntityCommand$1,,,net/minecraft/class_2593$1
btr$a,net/minecraft/tileentity/CommandBlockTileEntity$Mode,net/minecraft/server/v1_14_R1/TileEntityCommand$Type,,,net/minecraft/class_2593$class_2594
btr,net/minecraft/tileentity/CommandBlockTileEntity,net/minecraft/server/v1_14_R1/TileEntityCommand,,,net/minecraft/class_2593
bts,net/minecraft/tileentity/ComparatorTileEntity,net/minecraft/server/v1_14_R1/TileEntityComparator,,,net/minecraft/class_2599
btt,net/minecraft/tileentity/ConduitTileEntity,net/minecraft/server/v1_14_R1/TileEntityConduit,,,net/minecraft/class_2597
btu,net/minecraft/tileentity/DaylightDetectorTileEntity,net/minecraft/server/v1_14_R1/TileEntityLightDetector,,,net/minecraft/class_2603
btv,net/minecraft/tileentity/DispenserTileEntity,net/minecraft/server/v1_14_R1/TileEntityDispenser,,,net/minecraft/class_2601
btw,net/minecraft/tileentity/DropperTileEntity,net/minecraft/server/v1_14_R1/TileEntityDropper,,,net/minecraft/class_2608
btx,net/minecraft/tileentity/EnchantingTableTileEntity,net/minecraft/server/v1_14_R1/TileEntityEnchantTable,,,net/minecraft/class_2605
bty,net/minecraft/tileentity/EnderChestTileEntity,net/minecraft/server/v1_14_R1/TileEntityEnderChest,,,net/minecraft/class_2611
btz,net/minecraft/tileentity/FurnaceTileEntity,net/minecraft/server/v1_14_R1/TileEntityFurnaceFurnace,,,net/minecraft/class_3866
bu$a,net/minecraft/advancements/criterion/UsedEnderEyeTrigger$Listeners,net/minecraft/server/v1_14_R1/CriterionTriggerUsedEnderEye$a,,,net/minecraft/class_2143$class_2144
bu$b,net/minecraft/advancements/criterion/UsedEnderEyeTrigger$Instance,net/minecraft/server/v1_14_R1/CriterionTriggerUsedEnderEye$b,,,net/minecraft/class_2143$class_2145
bu,net/minecraft/advancements/criterion/UsedEnderEyeTrigger,net/minecraft/server/v1_14_R1/CriterionTriggerUsedEnderEye,,,net/minecraft/class_2143
bua,net/minecraft/tileentity/IHopper,net/minecraft/server/v1_14_R1/IHopper,,,net/minecraft/class_2615
bub,net/minecraft/tileentity/HopperTileEntity,net/minecraft/server/v1_14_R1/TileEntityHopper,,,net/minecraft/class_2614
buc,net/minecraft/tileentity/JigsawTileEntity,net/minecraft/server/v1_14_R1/TileEntityJigsaw,,,net/minecraft/class_3751
bud,net/minecraft/tileentity/JukeboxTileEntity,net/minecraft/server/v1_14_R1/TileEntityJukeBox,,,net/minecraft/class_2619
bue$1,net/minecraft/tileentity/LecternTileEntity$1,net/minecraft/server/v1_14_R1/TileEntityLectern$1,,,net/minecraft/class_3722$1
bue$2,net/minecraft/tileentity/LecternTileEntity$2,net/minecraft/server/v1_14_R1/TileEntityLectern$2,,,net/minecraft/class_3722$2
bue,net/minecraft/tileentity/LecternTileEntity,net/minecraft/server/v1_14_R1/TileEntityLectern,,,net/minecraft/class_3722
bug,net/minecraft/tileentity/LockableLootTileEntity,net/minecraft/server/v1_14_R1/TileEntityLootable,,,net/minecraft/class_2621
buh$a,net/minecraft/tileentity/ShulkerBoxTileEntity$AnimationStatus,net/minecraft/server/v1_14_R1/TileEntityShulkerBox$AnimationPhase,,,net/minecraft/class_2627$class_2628
buh,net/minecraft/tileentity/ShulkerBoxTileEntity,net/minecraft/server/v1_14_R1/TileEntityShulkerBox,,,net/minecraft/class_2627
bui,net/minecraft/tileentity/SignTileEntity,net/minecraft/server/v1_14_R1/TileEntitySign,,,net/minecraft/class_2625
buj,net/minecraft/tileentity/SkullTileEntity,net/minecraft/server/v1_14_R1/TileEntitySkull,,,net/minecraft/class_2631
buk,net/minecraft/tileentity/SmokerTileEntity,net/minecraft/server/v1_14_R1/TileEntitySmoker,,,net/minecraft/class_3723
bul$1,net/minecraft/tileentity/MobSpawnerTileEntity$1,net/minecraft/server/v1_14_R1/TileEntityMobSpawner$1,,,net/minecraft/class_2636$1
bul,net/minecraft/tileentity/MobSpawnerTileEntity,net/minecraft/server/v1_14_R1/TileEntityMobSpawner,,,net/minecraft/class_2636
bum$a,net/minecraft/tileentity/StructureBlockTileEntity$UpdateCommand,net/minecraft/server/v1_14_R1/TileEntityStructure$UpdateType,,,net/minecraft/class_2633$class_2634
bum,net/minecraft/tileentity/StructureBlockTileEntity,net/minecraft/server/v1_14_R1/TileEntityStructure,,,net/minecraft/class_2633
bun,net/minecraft/tileentity/EndGatewayTileEntity,net/minecraft/server/v1_14_R1/TileEntityEndGateway,,,net/minecraft/class_2643
buo,net/minecraft/tileentity/EndPortalTileEntity,net/minecraft/server/v1_14_R1/TileEntityEnderPortal,,,net/minecraft/class_2640
bup,net/minecraft/tileentity/ITickableTileEntity,net/minecraft/server/v1_14_R1/ITickable,,,net/minecraft/class_3000
buq,net/minecraft/tileentity/TrappedChestTileEntity,net/minecraft/server/v1_14_R1/TileEntityChestTrapped,,,net/minecraft/class_2646
bus,net/minecraft/block/trees/BigTree,net/minecraft/server/v1_14_R1/WorldGenMegaTreeProvider,,,net/minecraft/class_2650
but,net/minecraft/block/trees/Tree,net/minecraft/server/v1_14_R1/WorldGenTreeProvider,,,net/minecraft/class_2647
buu,net/minecraft/block/trees/AcaciaTree,net/minecraft/server/v1_14_R1/WorldGenTreeProviderAcacia,,,net/minecraft/class_2654
buv,net/minecraft/block/trees/BirchTree,net/minecraft/server/v1_14_R1/WorldGenTreeProviderBirch,,,net/minecraft/class_2652
buw,net/minecraft/block/trees/DarkOakTree,net/minecraft/server/v1_14_R1/WorldGenMegaTreeProviderDarkOak,,,net/minecraft/class_2657
bux,net/minecraft/block/trees/JungleTree,net/minecraft/server/v1_14_R1/WorldGenMegaTreeProviderJungle,,,net/minecraft/class_2655
buy,net/minecraft/block/trees/OakTree,net/minecraft/server/v1_14_R1/WorldGenTreeProviderOak,,,net/minecraft/class_2662
buz,net/minecraft/block/trees/SpruceTree,net/minecraft/server/v1_14_R1/WorldGenTreeProviderSpruce,,,net/minecraft/class_2659
bv$a,net/minecraft/advancements/criterion/UsedTotemTrigger$Listeners,net/minecraft/server/v1_14_R1/CriterionTriggerUsedTotem$a,,,net/minecraft/class_2148$class_2149
bv$b,net/minecraft/advancements/criterion/UsedTotemTrigger$Instance,net/minecraft/server/v1_14_R1/CriterionTriggerUsedTotem$b,,,net/minecraft/class_2148$class_2150
bv,net/minecraft/advancements/criterion/UsedTotemTrigger,net/minecraft/server/v1_14_R1/CriterionTriggerUsedTotem,,,net/minecraft/class_2148
bvc,net/minecraft/block/MovingPistonBlock,net/minecraft/server/v1_14_R1/BlockPistonMoving,,,net/minecraft/class_2667
bvd,net/minecraft/block/PistonBlock,net/minecraft/server/v1_14_R1/BlockPiston,,,net/minecraft/class_2665
bve,net/minecraft/block/PistonHeadBlock,net/minecraft/server/v1_14_R1/BlockPistonExtension,,,net/minecraft/class_2671
bvf$1,net/minecraft/tileentity/PistonTileEntity$1,net/minecraft/server/v1_14_R1/TileEntityPiston$1,,,net/minecraft/class_2669$1
bvf,net/minecraft/tileentity/PistonTileEntity,net/minecraft/server/v1_14_R1/TileEntityPiston,,,net/minecraft/class_2669
bvg,net/minecraft/block/state/PistonBlockStructureHelper,net/minecraft/server/v1_14_R1/PistonExtendsChecker,,,net/minecraft/class_2674
bvi$1,net/minecraft/state/StateHolder$1,net/minecraft/server/v1_14_R1/BlockDataAbstract$1,,,net/minecraft/class_2679$1
bvi,net/minecraft/state/StateHolder,net/minecraft/server/v1_14_R1/BlockDataAbstract,,,net/minecraft/class_2679
bvj$a,net/minecraft/block/BlockState$Cache,net/minecraft/server/v1_14_R1/IBlockData$a,,,net/minecraft/class_2680$class_3752
bvj,net/minecraft/block/BlockState,net/minecraft/server/v1_14_R1/IBlockData,,,net/minecraft/class_2680
bvk$a,net/minecraft/state/StateContainer$Builder,net/minecraft/server/v1_14_R1/BlockStateList$a,,,net/minecraft/class_2689$class_2690
bvk$b,net/minecraft/state/StateContainer$IFactory,net/minecraft/server/v1_14_R1/BlockStateList$b,,,net/minecraft/class_2689$class_2691
bvk,net/minecraft/state/StateContainer,net/minecraft/server/v1_14_R1/BlockStateList,,,net/minecraft/class_2689
bvl,net/minecraft/state/IStateHolder,net/minecraft/server/v1_14_R1/IBlockDataHolder,,,net/minecraft/class_2688
bvn,net/minecraft/util/CachedBlockInfo,net/minecraft/server/v1_14_R1/ShapeDetectorBlock,,,net/minecraft/class_2694
bvo$a,net/minecraft/block/pattern/BlockPattern$CacheLoader,net/minecraft/server/v1_14_R1/ShapeDetector$BlockLoader,,,net/minecraft/class_2700$class_2701
bvo$b,net/minecraft/block/pattern/BlockPattern$PatternHelper,net/minecraft/server/v1_14_R1/ShapeDetector$ShapeDetectorCollection,,,net/minecraft/class_2700$class_2702
bvo$c,net/minecraft/block/pattern/BlockPattern$PortalInfo,net/minecraft/server/v1_14_R1/ShapeDetector$c,,,net/minecraft/class_2700$class_4297
bvo,net/minecraft/block/pattern/BlockPattern,net/minecraft/server/v1_14_R1/ShapeDetector,,,net/minecraft/class_2700
bvp,net/minecraft/block/pattern/BlockPatternBuilder,net/minecraft/server/v1_14_R1/ShapeDetectorBuilder,,,net/minecraft/class_2697
bvr$1,net/minecraft/block/pattern/BlockMaterialMatcher$1,net/minecraft/server/v1_14_R1/MaterialPredicate$1,,,net/minecraft/class_2710$1
bvr,net/minecraft/block/pattern/BlockMaterialMatcher,net/minecraft/server/v1_14_R1/MaterialPredicate,,,net/minecraft/class_2710
bvs,net/minecraft/block/pattern/BlockMatcher,net/minecraft/server/v1_14_R1/BlockPredicate,,,net/minecraft/class_2717
bvt,net/minecraft/block/pattern/BlockStateMatcher,net/minecraft/server/v1_14_R1/BlockStatePredicate,,,net/minecraft/class_2715
bvv,net/minecraft/state/Property,net/minecraft/server/v1_14_R1/BlockState,,,net/minecraft/class_2733
bvw,net/minecraft/state/properties/AttachFace,net/minecraft/server/v1_14_R1/BlockPropertyAttachPosition,,,net/minecraft/class_2738
bvx,net/minecraft/state/properties/BambooLeaves,net/minecraft/server/v1_14_R1/BlockPropertyBambooSize,,,net/minecraft/class_2737
bvy,net/minecraft/state/properties/BedPart,net/minecraft/server/v1_14_R1/BlockPropertyBedPart,,,net/minecraft/class_2742
bvz,net/minecraft/state/properties/BellAttachment,net/minecraft/server/v1_14_R1/BlockPropertyBellAttach,,,net/minecraft/class_3867
bw,net/minecraft/advancements/criterion/MinMaxBoundsWrapped,net/minecraft/server/v1_14_R1/CriterionConditionRange,,,net/minecraft/class_2152
bwa,net/minecraft/state/properties/BlockStateProperties,net/minecraft/server/v1_14_R1/BlockProperties,,,net/minecraft/class_2741
bwb,net/minecraft/state/BooleanProperty,net/minecraft/server/v1_14_R1/BlockStateBoolean,,,net/minecraft/class_2746
bwc,net/minecraft/state/properties/ChestType,net/minecraft/server/v1_14_R1/BlockPropertyChestType,,,net/minecraft/class_2745
bwd,net/minecraft/state/properties/ComparatorMode,net/minecraft/server/v1_14_R1/BlockPropertyComparatorMode,,,net/minecraft/class_2747
bwe,net/minecraft/state/DirectionProperty,net/minecraft/server/v1_14_R1/BlockStateDirection,,,net/minecraft/class_2753
bwf,net/minecraft/state/properties/DoorHingeSide,net/minecraft/server/v1_14_R1/BlockPropertyDoorHinge,,,net/minecraft/class_2750
bwg,net/minecraft/state/properties/DoubleBlockHalf,net/minecraft/server/v1_14_R1/BlockPropertyDoubleBlockHalf,,,net/minecraft/class_2756
bwh,net/minecraft/state/EnumProperty,net/minecraft/server/v1_14_R1/BlockStateEnum,,,net/minecraft/class_2754
bwi,net/minecraft/state/properties/Half,net/minecraft/server/v1_14_R1/BlockPropertyHalf,,,net/minecraft/class_2760
bwj,net/minecraft/state/IntegerProperty,net/minecraft/server/v1_14_R1/BlockStateInteger,,,net/minecraft/class_2758
bwk,net/minecraft/state/properties/NoteBlockInstrument,net/minecraft/server/v1_14_R1/BlockPropertyInstrument,,,net/minecraft/class_2766
bwl,net/minecraft/state/properties/PistonType,net/minecraft/server/v1_14_R1/BlockPropertyPistonType,,,net/minecraft/class_2764
bwm,net/minecraft/state/IProperty,net/minecraft/server/v1_14_R1/IBlockState,,,net/minecraft/class_2769
bwn,net/minecraft/state/properties/RailShape,net/minecraft/server/v1_14_R1/BlockPropertyTrackPosition,,,net/minecraft/class_2768
bwo,net/minecraft/state/properties/RedstoneSide,net/minecraft/server/v1_14_R1/BlockPropertyRedstoneSide,,,net/minecraft/class_2773
bwp,net/minecraft/state/properties/SlabType,net/minecraft/server/v1_14_R1/BlockPropertySlabType,,,net/minecraft/class_2771
bwq,net/minecraft/state/properties/StairsShape,net/minecraft/server/v1_14_R1/BlockPropertyStairsShape,,,net/minecraft/class_2778
bwr,net/minecraft/state/properties/StructureMode,net/minecraft/server/v1_14_R1/BlockPropertyStructureMode,,,net/minecraft/class_2776
bwt$a,net/minecraft/world/border/IBorderListener$Impl,net/minecraft/server/v1_14_R1/IWorldBorderListener$a,,,net/minecraft/class_2780$class_3976
bwt,net/minecraft/world/border/IBorderListener,net/minecraft/server/v1_14_R1/IWorldBorderListener,,,net/minecraft/class_2780
bwv$a,net/minecraft/world/border/WorldBorder$IBorderInfo,net/minecraft/server/v1_14_R1/WorldBorder$a,,,net/minecraft/class_2784$class_2785
bwv$b,net/minecraft/world/border/WorldBorder$MovingBorderInfo,net/minecraft/server/v1_14_R1/WorldBorder$b,,,net/minecraft/class_2784$class_2786
bwv$c,net/minecraft/world/border/WorldBorder$StationaryBorderInfo,net/minecraft/server/v1_14_R1/WorldBorder$c,,,net/minecraft/class_2784$class_2787
bwv,net/minecraft/world/border/WorldBorder,net/minecraft/server/v1_14_R1/WorldBorder,,,net/minecraft/class_2784
bwx,net/minecraft/world/chunk/IChunk,net/minecraft/server/v1_14_R1/IChunkAccess,,,net/minecraft/class_2791
bwy,net/minecraft/world/gen/ChunkGenerator,net/minecraft/server/v1_14_R1/ChunkGenerator,,,net/minecraft/class_2794
bwz,net/minecraft/world/gen/IChunkGeneratorFactory,net/minecraft/server/v1_14_R1/ChunkGeneratorFactory,,,net/minecraft/class_2801
bxa,net/minecraft/world/gen/ChunkGeneratorType,net/minecraft/server/v1_14_R1/ChunkGeneratorType,,,net/minecraft/class_2798
bxb,net/minecraft/world/chunk/AbstractChunkProvider,net/minecraft/server/v1_14_R1/IChunkProvider,,,net/minecraft/class_2802
bxc$a,net/minecraft/world/chunk/ChunkStatus$IWorker,net/minecraft/server/v1_14_R1/ChunkStatus$a,,,net/minecraft/class_2806$class_2807
bxc$b,net/minecraft/world/chunk/ChunkStatus$Type,net/minecraft/server/v1_14_R1/ChunkStatus$Type,,,net/minecraft/class_2806$class_2808
bxc$c,net/minecraft/world/chunk/ChunkStatus$ISelectiveWorker,net/minecraft/server/v1_14_R1/ChunkStatus$c,,,net/minecraft/class_2806$class_3768
bxc,net/minecraft/world/chunk/ChunkStatus,net/minecraft/server/v1_14_R1/ChunkStatus,,,net/minecraft/class_2806
bxd,net/minecraft/world/chunk/NibbleArray,net/minecraft/server/v1_14_R1/NibbleArray,,,net/minecraft/class_2804
bxf,net/minecraft/world/IStructureReader,net/minecraft/server/v1_14_R1/IStructureAccess,,,net/minecraft/class_2810
bxg,net/minecraft/world/chunk/BlockStatePaletteRegistry,net/minecraft/server/v1_14_R1/DataPaletteGlobal,,,net/minecraft/class_2816
bxh,net/minecraft/world/chunk/BlockStatePaletteHashMap,net/minecraft/server/v1_14_R1/DataPaletteHash,,,net/minecraft/class_2814
bxi,net/minecraft/world/chunk/ChunkPrimerWrapper,net/minecraft/server/v1_14_R1/ProtoChunkExtension,,,net/minecraft/class_2821
bxj$a,net/minecraft/world/chunk/Chunk$CreateEntityType,net/minecraft/server/v1_14_R1/Chunk$EnumTileEntityState,,,net/minecraft/class_2818$class_2819
bxj,net/minecraft/world/chunk/Chunk,net/minecraft/server/v1_14_R1/Chunk,,,net/minecraft/class_2818
bxk,net/minecraft/world/chunk/ChunkSection,net/minecraft/server/v1_14_R1/ChunkSection,,,net/minecraft/class_2826
bxl,net/minecraft/world/chunk/IChunkLightProvider,net/minecraft/server/v1_14_R1/ILightAccess,,,net/minecraft/class_2823
bxm,net/minecraft/world/chunk/BlockStatePaletteLinear,net/minecraft/server/v1_14_R1/DataPaletteLinear,,,net/minecraft/class_2834
bxn,net/minecraft/world/chunk/storage/NibbleArrayReader,net/minecraft/server/v1_14_R1/OldNibbleArray,,,net/minecraft/class_2832
bxo,net/minecraft/world/chunk/IBlockStatePalette,net/minecraft/server/v1_14_R1/DataPalette,,,net/minecraft/class_2837
bxp,net/minecraft/world/chunk/IBlockStatePaletteResizer,net/minecraft/server/v1_14_R1/DataPaletteExpandable,,,net/minecraft/class_2835
bxq,net/minecraft/world/chunk/BlockStateContainer,net/minecraft/server/v1_14_R1/DataPaletteBlock,,,net/minecraft/class_2841
bxr,net/minecraft/world/chunk/ChunkPrimer,net/minecraft/server/v1_14_R1/ProtoChunk,,,net/minecraft/class_2839
bxs,net/minecraft/world/chunk/ChunkPrimerTickList,net/minecraft/server/v1_14_R1/ProtoChunkTickList,,,net/minecraft/class_2850
bxt$a,net/minecraft/world/chunk/UpgradeData$IBlockFixer,net/minecraft/server/v1_14_R1/ChunkConverter$a,,,net/minecraft/class_2843$class_2844
bxt$b$1,net/minecraft/world/chunk/UpgradeData$BlockFixers$1,net/minecraft/server/v1_14_R1/ChunkConverter$Type$1,,,net/minecraft/class_2843$class_2845$1
bxt$b$2,net/minecraft/world/chunk/UpgradeData$BlockFixers$2,net/minecraft/server/v1_14_R1/ChunkConverter$Type$2,,,net/minecraft/class_2843$class_2845$2
bxt$b$3,net/minecraft/world/chunk/UpgradeData$BlockFixers$3,net/minecraft/server/v1_14_R1/ChunkConverter$Type$3,,,net/minecraft/class_2843$class_2845$3
bxt$b$4,net/minecraft/world/chunk/UpgradeData$BlockFixers$4,net/minecraft/server/v1_14_R1/ChunkConverter$Type$4,,,net/minecraft/class_2843$class_2845$4
bxt$b$5,net/minecraft/world/chunk/UpgradeData$BlockFixers$5,net/minecraft/server/v1_14_R1/ChunkConverter$Type$5,,,net/minecraft/class_2843$class_2845$5
bxt$b,net/minecraft/world/chunk/UpgradeData$BlockFixers,net/minecraft/server/v1_14_R1/ChunkConverter$Type,,,net/minecraft/class_2843$class_2845
bxt,net/minecraft/world/chunk/UpgradeData,net/minecraft/server/v1_14_R1/ChunkConverter,,,net/minecraft/class_2843
bxv,net/minecraft/world/chunk/storage/ChunkSerializer,net/minecraft/server/v1_14_R1/ChunkRegionLoader,,,net/minecraft/class_2852
bxw,net/minecraft/world/chunk/storage/ChunkLoader,net/minecraft/server/v1_14_R1/IChunkLoader,,,net/minecraft/class_3977
bxx$a,net/minecraft/world/chunk/storage/ChunkLoaderUtil$AnvilConverterData,net/minecraft/server/v1_14_R1/OldChunkLoader$OldChunk,,,net/minecraft/class_2864$class_2865
bxx,net/minecraft/world/chunk/storage/ChunkLoaderUtil,net/minecraft/server/v1_14_R1/OldChunkLoader,,,net/minecraft/class_2864
bxy$a,net/minecraft/world/chunk/storage/RegionFile$ChunkBuffer,net/minecraft/server/v1_14_R1/RegionFile$ChunkBuffer,,,net/minecraft/class_2861$class_2862
bxy,net/minecraft/world/chunk/storage/RegionFile,net/minecraft/server/v1_14_R1/RegionFile,,,net/minecraft/class_2861
bxz,net/minecraft/world/chunk/storage/RegionFileCache,net/minecraft/server/v1_14_R1/RegionFileCache,,,net/minecraft/class_2867
bya,net/minecraft/world/chunk/storage/RegionSectionCache,net/minecraft/server/v1_14_R1/RegionFileSection,,,net/minecraft/class_4180
byc,net/minecraft/world/dimension/Dimension,net/minecraft/server/v1_14_R1/WorldProvider,,,net/minecraft/class_2869
byd,net/minecraft/world/dimension/DimensionType,net/minecraft/server/v1_14_R1/DimensionManager,,,net/minecraft/class_2874
bye$1,net/minecraft/world/dimension/NetherDimension$1,net/minecraft/server/v1_14_R1/WorldProviderHell$1,,,net/minecraft/class_2872$1
bye,net/minecraft/world/dimension/NetherDimension,net/minecraft/server/v1_14_R1/WorldProviderHell,,,net/minecraft/class_2872
byf,net/minecraft/world/dimension/OverworldDimension,net/minecraft/server/v1_14_R1/WorldProviderNormal,,,net/minecraft/class_2878
byg$1,net/minecraft/world/end/DragonSpawnState$1,net/minecraft/server/v1_14_R1/EnumDragonRespawn$1,,,net/minecraft/class_2876$1
byg$2,net/minecraft/world/end/DragonSpawnState$2,net/minecraft/server/v1_14_R1/EnumDragonRespawn$2,,,net/minecraft/class_2876$2
byg$3,net/minecraft/world/end/DragonSpawnState$3,net/minecraft/server/v1_14_R1/EnumDragonRespawn$3,,,net/minecraft/class_2876$3
byg$4,net/minecraft/world/end/DragonSpawnState$4,net/minecraft/server/v1_14_R1/EnumDragonRespawn$4,,,net/minecraft/class_2876$4
byg$5,net/minecraft/world/end/DragonSpawnState$5,net/minecraft/server/v1_14_R1/EnumDragonRespawn$5,,,net/minecraft/class_2876$5
byg,net/minecraft/world/end/DragonSpawnState,net/minecraft/server/v1_14_R1/EnumDragonRespawn,,,net/minecraft/class_2876
byh,net/minecraft/world/end/DragonFightManager,net/minecraft/server/v1_14_R1/EnderDragonBattle,,,net/minecraft/class_2881
byi,net/minecraft/world/dimension/EndDimension,net/minecraft/server/v1_14_R1/WorldProviderTheEnd,,,net/minecraft/class_2880
byl,net/minecraft/world/gen/GenerationSettings,net/minecraft/server/v1_14_R1/GeneratorSettingsDefault,,,net/minecraft/class_2888
bym,net/minecraft/world/gen/DebugGenerationSettings,net/minecraft/server/v1_14_R1/GeneratorSettingsDebug,,,net/minecraft/class_2892
byn,net/minecraft/world/gen/DebugChunkGenerator,net/minecraft/server/v1_14_R1/ChunkProviderDebug,,,net/minecraft/class_2891
byo$a,net/minecraft/world/gen/FlatChunkGenerator$WrapperBiome,net/minecraft/server/v1_14_R1/ChunkProviderFlat$a,,,net/minecraft/class_2897$class_2898
byo,net/minecraft/world/gen/FlatChunkGenerator,net/minecraft/server/v1_14_R1/ChunkProviderFlat,,,net/minecraft/class_2897
byp$a,net/minecraft/world/gen/GenerationStage$Carving,net/minecraft/server/v1_14_R1/WorldGenStage$Features,,,net/minecraft/class_2893$class_2894
byp$b,net/minecraft/world/gen/GenerationStage$Decoration,net/minecraft/server/v1_14_R1/WorldGenStage$Decoration,,,net/minecraft/class_2893$class_2895
byp,net/minecraft/world/gen/GenerationStage,net/minecraft/server/v1_14_R1/WorldGenStage,,,net/minecraft/class_2893
byq$a,net/minecraft/world/gen/Heightmap$Type,net/minecraft/server/v1_14_R1/HeightMap$Type,,,net/minecraft/class_2902$class_2903
byq$b,net/minecraft/world/gen/Heightmap$Usage,net/minecraft/server/v1_14_R1/HeightMap$Use,,,net/minecraft/class_2902$class_2904
byq,net/minecraft/world/gen/Heightmap,net/minecraft/server/v1_14_R1/HeightMap,,,net/minecraft/class_2902
byr,net/minecraft/world/gen/NetherGenSettings,net/minecraft/server/v1_14_R1/GeneratorSettingsNether,,,net/minecraft/class_2900
bys,net/minecraft/world/gen/NetherChunkGenerator,net/minecraft/server/v1_14_R1/ChunkProviderHell,,,net/minecraft/class_2908
byt,net/minecraft/world/gen/NoiseChunkGenerator,net/minecraft/server/v1_14_R1/ChunkGeneratorAbstract,,,net/minecraft/class_3754
byu,net/minecraft/world/gen/OverworldGenSettings,net/minecraft/server/v1_14_R1/GeneratorSettingsOverworld,,,net/minecraft/class_2906
byv,net/minecraft/world/gen/OverworldChunkGenerator,net/minecraft/server/v1_14_R1/ChunkProviderGenerate,,,net/minecraft/class_2912
byw$a,net/minecraft/world/spawner/PatrolSpawner$WeightedEntry,net/minecraft/server/v1_14_R1/MobSpawnerPatrol$a,,,net/minecraft/class_3769$class_3731
byw,net/minecraft/world/spawner/PatrolSpawner,net/minecraft/server/v1_14_R1/MobSpawnerPatrol,,,net/minecraft/class_3769
byx,net/minecraft/world/spawner/PhantomSpawner,net/minecraft/server/v1_14_R1/MobSpawnerPhantom,,,net/minecraft/class_2910
byy,net/minecraft/world/gen/EndGenerationSettings,net/minecraft/server/v1_14_R1/GeneratorSettingsEnd,,,net/minecraft/class_2916
byz,net/minecraft/world/gen/EndChunkGenerator,net/minecraft/server/v1_14_R1/ChunkProviderTheEnd,,,net/minecraft/class_2914
bz,net/minecraft/command/TranslatableExceptionProvider,net/minecraft/server/v1_14_R1/CommandExceptionProvider,,,net/minecraft/class_2156
bza,net/minecraft/util/SharedSeedRandom,net/minecraft/server/v1_14_R1/SeededRandom,,,net/minecraft/class_2919
bzb,net/minecraft/world/gen/carver/CanyonWorldCarver,net/minecraft/server/v1_14_R1/WorldGenCanyon,,,net/minecraft/class_2918
bzc,net/minecraft/world/gen/carver/ICarverConfig,net/minecraft/server/v1_14_R1/WorldGenCarverConfiguration,,,net/minecraft/class_2920
bzd,net/minecraft/world/gen/carver/CaveWorldCarver,net/minecraft/server/v1_14_R1/WorldGenCaves,,,net/minecraft/class_2925
bze,net/minecraft/world/gen/carver/ConfiguredCarver,net/minecraft/server/v1_14_R1/WorldGenCarverWrapper,,,net/minecraft/class_2922
bzf,net/minecraft/world/gen/carver/NetherCaveWorldCarver,net/minecraft/server/v1_14_R1/WorldGenCavesHell,,,net/minecraft/class_2934
bzg,net/minecraft/world/gen/carver/EmptyCarverConfig,net/minecraft/server/v1_14_R1/WorldGenCarverConfigurationEmpty,,,net/minecraft/class_2932
bzh,net/minecraft/world/gen/carver/UnderwaterCanyonWorldCarver,net/minecraft/server/v1_14_R1/WorldGenCanyonOcean,,,net/minecraft/class_2938
bzi,net/minecraft/world/gen/carver/UnderwaterCaveWorldCarver,net/minecraft/server/v1_14_R1/WorldGenCavesOcean,,,net/minecraft/class_2936
bzj,net/minecraft/world/gen/carver/WorldCarver,net/minecraft/server/v1_14_R1/WorldGenCarverAbstract,,,net/minecraft/class_2939
bzl,net/minecraft/world/gen/feature/AbstractTreeFeature,net/minecraft/server/v1_14_R1/WorldGenTreeAbstract,,,net/minecraft/class_2944
bzm,net/minecraft/world/gen/feature/BambooFeature,net/minecraft/server/v1_14_R1/WorldGenFeatureBamboo,,,net/minecraft/class_2942
bzn$a,net/minecraft/world/gen/feature/BigTreeFeature$FoliageCoordinates,net/minecraft/server/v1_14_R1/WorldGenBigTree$Position,,,net/minecraft/class_2948$class_2949
bzn,net/minecraft/world/gen/feature/BigTreeFeature,net/minecraft/server/v1_14_R1/WorldGenBigTree,,,net/minecraft/class_2948
bzo,net/minecraft/world/gen/feature/BirchTreeFeature,net/minecraft/server/v1_14_R1/WorldGenForest,,,net/minecraft/class_2947
bzp,net/minecraft/world/gen/feature/BlockBlobConfig,net/minecraft/server/v1_14_R1/WorldGenFeatureBlockOffsetConfiguration,,,net/minecraft/class_2951
bzq,net/minecraft/world/gen/feature/BlockBlobFeature,net/minecraft/server/v1_14_R1/WorldGenTaigaStructure,,,net/minecraft/class_2950
bzr,net/minecraft/world/gen/feature/BlockPileFeature,net/minecraft/server/v1_14_R1/WorldGenFeatureBlockPile,,,net/minecraft/class_3805
bzs,net/minecraft/world/gen/feature/BlueIceFeature,net/minecraft/server/v1_14_R1/WorldGenFeatureBlueIce,,,net/minecraft/class_2954
bzt,net/minecraft/world/gen/feature/BonusChestFeature,net/minecraft/server/v1_14_R1/WorldGenBonusChest,,,net/minecraft/class_2953
bzu,net/minecraft/world/gen/feature/structure/BuriedTreasureConfig,net/minecraft/server/v1_14_R1/WorldGenBuriedTreasureConfiguration,,,net/minecraft/class_2959
bzv$a,net/minecraft/world/gen/feature/structure/BuriedTreasureStructure$Start,net/minecraft/server/v1_14_R1/WorldGenBuriedTreasure$a,,,net/minecraft/class_2956$class_2957
bzv,net/minecraft/world/gen/feature/structure/BuriedTreasureStructure,net/minecraft/server/v1_14_R1/WorldGenBuriedTreasure,,,net/minecraft/class_2956
bzw,net/minecraft/world/gen/feature/BushConfig,net/minecraft/server/v1_14_R1/WorldGenFeatureMushroomConfiguration,,,net/minecraft/class_2963
bzx,net/minecraft/world/gen/feature/BushFeature,net/minecraft/server/v1_14_R1/WorldGenMushrooms,,,net/minecraft/class_2962
bzy,net/minecraft/world/gen/feature/CactusFeature,net/minecraft/server/v1_14_R1/WorldGenCactus,,,net/minecraft/class_2971
bzz,net/minecraft/world/gen/feature/ScatteredPlantFeature,net/minecraft/server/v1_14_R1/WorldGenPumpkin,,,net/minecraft/class_3130
c,net/minecraft/util/text/TextFormatting,net/minecraft/server/v1_14_R1/EnumChatFormat,,,net/minecraft/class_124
ca$a,net/minecraft/command/FunctionObject$CacheableFunction,net/minecraft/server/v1_14_R1/CustomFunction$a,,,net/minecraft/class_2158$class_2159
ca$b,net/minecraft/command/FunctionObject$CommandEntry,net/minecraft/server/v1_14_R1/CustomFunction$b,,,net/minecraft/class_2158$class_2160
ca$c,net/minecraft/command/FunctionObject$IEntry,net/minecraft/server/v1_14_R1/CustomFunction$c,,,net/minecraft/class_2158$class_2161
ca$d,net/minecraft/command/FunctionObject$FunctionEntry,net/minecraft/server/v1_14_R1/CustomFunction$d,,,net/minecraft/class_2158$class_2162
ca,net/minecraft/command/FunctionObject,net/minecraft/server/v1_14_R1/CustomFunction,,,net/minecraft/class_2158
caa,net/minecraft/world/gen/feature/ChorusPlantFeature,net/minecraft/server/v1_14_R1/WorldGenFeatureChorusPlant,,,net/minecraft/class_2964
cab,net/minecraft/world/gen/feature/ConfiguredFeature,net/minecraft/server/v1_14_R1/WorldGenFeatureConfigured,,,net/minecraft/class_2975
cac,net/minecraft/world/gen/feature/CoralClawFeature,net/minecraft/server/v1_14_R1/WorldGenFeatureCoralClaw,,,net/minecraft/class_2972
cad,net/minecraft/world/gen/feature/CoralFeature,net/minecraft/server/v1_14_R1/WorldGenFeatureCoral,,,net/minecraft/class_2978
cae,net/minecraft/world/gen/feature/CoralMushroomFeature,net/minecraft/server/v1_14_R1/WorldGenFeatureCoralMushroom,,,net/minecraft/class_2977
caf,net/minecraft/world/gen/feature/CoralTreeFeature,net/minecraft/server/v1_14_R1/WorldGenFeatureCoralTree,,,net/minecraft/class_2979
cag,net/minecraft/world/gen/placement/CountConfig,net/minecraft/server/v1_14_R1/WorldGenFeatureKelpConfiguration,,,net/minecraft/class_2984
cah,net/minecraft/world/gen/feature/DarkOakTreeFeature,net/minecraft/server/v1_14_R1/WorldGenForestTree,,,net/minecraft/class_3159
cai,net/minecraft/world/gen/feature/DeadBushFeature,net/minecraft/server/v1_14_R1/WorldGenDeadBush,,,net/minecraft/class_2982
caj,net/minecraft/world/gen/feature/DecoratedFeature,net/minecraft/server/v1_14_R1/WorldGenFeatureComposite,,,net/minecraft/class_2988
cak,net/minecraft/world/gen/feature/DecoratedFeatureConfig,net/minecraft/server/v1_14_R1/WorldGenFeatureCompositeConfiguration,,,net/minecraft/class_2986
cal,net/minecraft/world/gen/feature/DecoratedFlowerFeature,net/minecraft/server/v1_14_R1/WorldGenFeatureCompositeFlower,,,net/minecraft/class_2993
cam,net/minecraft/world/gen/placement/ChanceRangeConfig,net/minecraft/server/v1_14_R1/WorldGenFeatureChanceDecoratorRangeConfiguration,,,net/minecraft/class_2990
can,net/minecraft/world/gen/placement/IPlacementConfig,net/minecraft/server/v1_14_R1/WorldGenFeatureDecoratorConfiguration,,,net/minecraft/class_2998
cao,net/minecraft/world/gen/placement/CountRangeConfig,net/minecraft/server/v1_14_R1/WorldGenFeatureChanceDecoratorCountConfiguration,,,net/minecraft/class_2997
cap,net/minecraft/world/gen/placement/NoiseDependant,net/minecraft/server/v1_14_R1/WorldGenFeatureDecoratorNoiseConfiguration,,,net/minecraft/class_3003
caq,net/minecraft/world/gen/feature/DefaultFlowersFeature,net/minecraft/server/v1_14_R1/WorldGenFeatureFlower,,,net/minecraft/class_3001
car$a,net/minecraft/world/gen/feature/structure/DesertPyramidStructure$Start,net/minecraft/server/v1_14_R1/WorldGenFeatureDesertPyramid$a,,,net/minecraft/class_3006$class_3007
car,net/minecraft/world/gen/feature/structure/DesertPyramidStructure,net/minecraft/server/v1_14_R1/WorldGenFeatureDesertPyramid,,,net/minecraft/class_3006
cas,net/minecraft/world/gen/feature/structure/DesertVillagePools,net/minecraft/server/v1_14_R1/WorldGenFeatureDesertVillage,,,net/minecraft/class_3868
cat,net/minecraft/world/gen/feature/DesertWellsFeature,net/minecraft/server/v1_14_R1/WorldGenDesertWell,,,net/minecraft/class_3005
cau,net/minecraft/world/gen/feature/SphereReplaceConfig,net/minecraft/server/v1_14_R1/WorldGenFeatureCircleConfiguration,,,net/minecraft/class_3013
cav,net/minecraft/world/gen/feature/SphereReplaceFeature,net/minecraft/server/v1_14_R1/WorldGenFeatureCircle,,,net/minecraft/class_3011
caw,net/minecraft/world/gen/feature/DoublePlantConfig,net/minecraft/server/v1_14_R1/WorldGenFeatureDoublePlantConfiguration,,,net/minecraft/class_3017
cax,net/minecraft/world/gen/feature/DoublePlantFeature,net/minecraft/server/v1_14_R1/WorldGenTallPlant,,,net/minecraft/class_3015
cay$a,net/minecraft/world/gen/feature/structure/EndCityStructure$Start,net/minecraft/server/v1_14_R1/WorldGenEndCity$a,,,net/minecraft/class_3021$class_3022
cay,net/minecraft/world/gen/feature/structure/EndCityStructure,net/minecraft/server/v1_14_R1/WorldGenEndCity,,,net/minecraft/class_3021
caz,net/minecraft/world/gen/feature/EndGatewayConfig,net/minecraft/server/v1_14_R1/WorldGenEndGatewayConfiguration,,,net/minecraft/class_3018
cb,net/minecraft/command/CommandException,net/minecraft/server/v1_14_R1/CommandException,,,net/minecraft/class_2164
cba,net/minecraft/world/gen/feature/EndGatewayFeature,net/minecraft/server/v1_14_R1/WorldGenEndGateway,,,net/minecraft/class_3029
cbb,net/minecraft/world/gen/feature/EndIslandFeature,net/minecraft/server/v1_14_R1/WorldGenEndIsland,,,net/minecraft/class_3026
cbc,net/minecraft/world/gen/feature/EndPodiumFeature,net/minecraft/server/v1_14_R1/WorldGenEndTrophy,,,net/minecraft/class_3033
cbd,net/minecraft/world/gen/feature/Feature,net/minecraft/server/v1_14_R1/WorldGenerator,,,net/minecraft/class_3031
cbe,net/minecraft/world/gen/feature/IFeatureConfig,net/minecraft/server/v1_14_R1/WorldGenFeatureConfiguration,,,net/minecraft/class_3037
cbf,net/minecraft/world/gen/feature/FeatureRadiusConfig,net/minecraft/server/v1_14_R1/WorldGenFeatureRadiusConfiguration,,,net/minecraft/class_3034
cbg,net/minecraft/world/gen/feature/FillLayerFeature,net/minecraft/server/v1_14_R1/WorldGenFeatureFill,,,net/minecraft/class_4278
cbh,net/minecraft/world/gen/feature/FlowersFeature,net/minecraft/server/v1_14_R1/WorldGenFlowers,,,net/minecraft/class_3038
cbi,net/minecraft/world/gen/feature/ForestFlowersFeature,net/minecraft/server/v1_14_R1/WorldGenFeatureFlowerForest,,,net/minecraft/class_3046
cbj,net/minecraft/world/gen/feature/FossilsFeature,net/minecraft/server/v1_14_R1/WorldGenFossils,,,net/minecraft/class_3044
cbk,net/minecraft/world/gen/feature/GeneralForestFlowerFeature,net/minecraft/server/v1_14_R1/WorldGenFlowerValley,,,net/minecraft/class_3049
cbl,net/minecraft/world/gen/feature/GlowstoneBlobFeature,net/minecraft/server/v1_14_R1/WorldGenLightStone1,,,net/minecraft/class_3047
cbm,net/minecraft/world/gen/feature/GrassFeatureConfig,net/minecraft/server/v1_14_R1/WorldGenFeatureTallGrassConfiguration,,,net/minecraft/class_3203
cbn,net/minecraft/world/gen/feature/GrassFeature,net/minecraft/server/v1_14_R1/WorldGenGrass,,,net/minecraft/class_3209
cbo,net/minecraft/world/gen/feature/ShrubFeature,net/minecraft/server/v1_14_R1/WorldGenGroundBush,,,net/minecraft/class_3056
cbp,net/minecraft/world/gen/feature/HayBlockPileFeature,net/minecraft/server/v1_14_R1/WorldGenFeatureHayPile,,,net/minecraft/class_3831
cbq,net/minecraft/world/gen/feature/FireFeature,net/minecraft/server/v1_14_R1/WorldGenFire,,,net/minecraft/class_3053
cbr,net/minecraft/world/gen/feature/HellLavaConfig,net/minecraft/server/v1_14_R1/WorldGenFeatureHellFlowingLavaConfiguration,,,net/minecraft/class_3061
cbs,net/minecraft/world/gen/feature/BigBrownMushroomFeature,net/minecraft/server/v1_14_R1/WorldGenHugeMushroomBrown,,,net/minecraft/class_3059
cbt,net/minecraft/world/gen/feature/BigRedMushroomFeature,net/minecraft/server/v1_14_R1/WorldGenHugeMushroomRed,,,net/minecraft/class_3066
cbu,net/minecraft/world/gen/feature/IceBlockPileFeature,net/minecraft/server/v1_14_R1/WorldGenFeatureIcePile,,,net/minecraft/class_3832
cbv,net/minecraft/world/gen/feature/IcePathFeature,net/minecraft/server/v1_14_R1/WorldGenPackedIce1,,,net/minecraft/class_3063
cbw,net/minecraft/world/gen/feature/IceSpikeFeature,net/minecraft/server/v1_14_R1/WorldGenPackedIce2,,,net/minecraft/class_3070
cbx,net/minecraft/world/gen/feature/IcebergConfig,net/minecraft/server/v1_14_R1/WorldGenFeatureIceburgConfiguration,,,net/minecraft/class_3067
cby,net/minecraft/world/gen/feature/IcebergFeature,net/minecraft/server/v1_14_R1/WorldGenFeatureIceburg,,,net/minecraft/class_3074
cbz$a,net/minecraft/world/gen/feature/structure/IglooStructure$Start,net/minecraft/server/v1_14_R1/WorldGenFeatureIgloo$a,,,net/minecraft/class_3071$class_3072
cbz,net/minecraft/world/gen/feature/structure/IglooStructure,net/minecraft/server/v1_14_R1/WorldGenFeatureIgloo,,,net/minecraft/class_3071
cc$1,net/minecraft/command/ICommandSource$1,net/minecraft/server/v1_14_R1/ICommandListener$1,,,net/minecraft/class_2165$1
cc,net/minecraft/command/ICommandSource,net/minecraft/server/v1_14_R1/ICommandListener,,,net/minecraft/class_2165
cca,net/minecraft/world/gen/feature/JungleGrassFeature,net/minecraft/server/v1_14_R1/WorldGenFeatureJungleGrass,,,net/minecraft/class_3080
ccb$a,net/minecraft/world/gen/feature/structure/JunglePyramidStructure$Start,net/minecraft/server/v1_14_R1/WorldGenFeatureJunglePyramid$a,,,net/minecraft/class_3076$class_3077
ccb,net/minecraft/world/gen/feature/structure/JunglePyramidStructure,net/minecraft/server/v1_14_R1/WorldGenFeatureJunglePyramid,,,net/minecraft/class_3076
ccc,net/minecraft/world/gen/feature/JungleTreeFeature,net/minecraft/server/v1_14_R1/WorldGenFeatureJungleTree,,,net/minecraft/class_3084
ccd,net/minecraft/world/gen/feature/KelpFeature,net/minecraft/server/v1_14_R1/WorldGenFeatureKelp,,,net/minecraft/class_3081
cce,net/minecraft/world/gen/feature/LakesConfig,net/minecraft/server/v1_14_R1/WorldGenFeatureLakeConfiguration,,,net/minecraft/class_3087
ccf,net/minecraft/world/gen/feature/LakesFeature,net/minecraft/server/v1_14_R1/WorldGenLakes,,,net/minecraft/class_3085
ccg,net/minecraft/world/gen/feature/FillLayerConfig,net/minecraft/server/v1_14_R1/WorldGenFeatureFillConfiguration,,,net/minecraft/class_4279
cch,net/minecraft/world/gen/feature/MegaJungleFeature,net/minecraft/server/v1_14_R1/WorldGenJungleTree,,,net/minecraft/class_3092
cci,net/minecraft/world/gen/feature/MegaPineTree,net/minecraft/server/v1_14_R1/WorldGenMegaTree,,,net/minecraft/class_3090
ccj,net/minecraft/world/gen/feature/HugeTreesFeature,net/minecraft/server/v1_14_R1/WorldGenMegaTreeAbstract,,,net/minecraft/class_3096
cck,net/minecraft/world/gen/feature/MelonBlockPileFeature,net/minecraft/server/v1_14_R1/WorldGenFeatureMelonPile,,,net/minecraft/class_3833
ccl,net/minecraft/world/gen/feature/MelonFeature,net/minecraft/server/v1_14_R1/WorldGenMelon,,,net/minecraft/class_3094
ccm,net/minecraft/world/gen/feature/structure/MineshaftConfig,net/minecraft/server/v1_14_R1/WorldGenMineshaftConfiguration,,,net/minecraft/class_3101
ccn$a,net/minecraft/world/gen/feature/structure/MineshaftStructure$Start,net/minecraft/server/v1_14_R1/WorldGenMineshaft$a,,,net/minecraft/class_3098$class_3099
ccn$b,net/minecraft/world/gen/feature/structure/MineshaftStructure$Type,net/minecraft/server/v1_14_R1/WorldGenMineshaft$Type,,,net/minecraft/class_3098$class_3100
ccn,net/minecraft/world/gen/feature/structure/MineshaftStructure,net/minecraft/server/v1_14_R1/WorldGenMineshaft,,,net/minecraft/class_3098
cco,net/minecraft/world/gen/feature/DungeonsFeature,net/minecraft/server/v1_14_R1/WorldGenDungeons,,,net/minecraft/class_3103
ccp$a,net/minecraft/world/gen/feature/structure/FortressStructure$Start,net/minecraft/server/v1_14_R1/WorldGenNether$a,,,net/minecraft/class_3108$class_3109
ccp,net/minecraft/world/gen/feature/structure/FortressStructure,net/minecraft/server/v1_14_R1/WorldGenNether,,,net/minecraft/class_3108
ccq,net/minecraft/world/gen/feature/NetherSpringFeature,net/minecraft/server/v1_14_R1/WorldGenHellLava,,,net/minecraft/class_3105
ccr,net/minecraft/world/gen/placement/NoPlacementConfig,net/minecraft/server/v1_14_R1/WorldGenFeatureDecoratorEmptyConfiguration,,,net/minecraft/class_3113
ccs,net/minecraft/world/gen/feature/NoFeatureConfig,net/minecraft/server/v1_14_R1/WorldGenFeatureEmptyConfiguration,,,net/minecraft/class_3111
cct$a,net/minecraft/world/gen/feature/structure/OceanMonumentStructure$Start,net/minecraft/server/v1_14_R1/WorldGenMonument$a,,,net/minecraft/class_3116$class_3117
cct,net/minecraft/world/gen/feature/structure/OceanMonumentStructure,net/minecraft/server/v1_14_R1/WorldGenMonument,,,net/minecraft/class_3116
ccu,net/minecraft/world/gen/feature/structure/OceanRuinConfig,net/minecraft/server/v1_14_R1/WorldGenFeatureOceanRuinConfiguration,,,net/minecraft/class_3114
ccv$a,net/minecraft/world/gen/feature/OreFeatureConfig$FillerBlockType,net/minecraft/server/v1_14_R1/WorldGenFeatureOreConfiguration$Target,,,net/minecraft/class_3124$class_3125
ccv,net/minecraft/world/gen/feature/OreFeatureConfig,net/minecraft/server/v1_14_R1/WorldGenFeatureOreConfiguration,,,net/minecraft/class_3124
ccw,net/minecraft/world/gen/feature/OreFeature,net/minecraft/server/v1_14_R1/WorldGenMinable,,,net/minecraft/class_3122
ccx,net/minecraft/world/gen/feature/structure/PillagerOutpostConfig,net/minecraft/server/v1_14_R1/WorldGenFeaturePillagerOutpostConfiguration,,,net/minecraft/class_3772
ccy$a,net/minecraft/world/gen/feature/structure/PillagerOutpostStructure$Start,net/minecraft/server/v1_14_R1/WorldGenFeaturePillagerOutpost$a,,,net/minecraft/class_3770$class_3771
ccy,net/minecraft/world/gen/feature/structure/PillagerOutpostStructure,net/minecraft/server/v1_14_R1/WorldGenFeaturePillagerOutpost,,,net/minecraft/class_3770
ccz,net/minecraft/world/gen/feature/PointyTaigaTreeFeature,net/minecraft/server/v1_14_R1/WorldGenTaiga1,,,net/minecraft/class_3129
cd,net/minecraft/command/CommandSource,net/minecraft/server/v1_14_R1/CommandListenerWrapper,,,net/minecraft/class_2168
cda,net/minecraft/world/gen/feature/PlainsFlowersFeature,net/minecraft/server/v1_14_R1/WorldGenFeatureFlowerPlain,,,net/minecraft/class_3126
cdb,net/minecraft/world/gen/feature/structure/PlainsVillagePools,net/minecraft/server/v1_14_R1/WorldGenFeatureVillagePlain,,,net/minecraft/class_3815
cdc,net/minecraft/world/gen/feature/ProbabilityConfig,net/minecraft/server/v1_14_R1/WorldGenFeatureConfigurationChance,,,net/minecraft/class_3133
cdd,net/minecraft/world/gen/feature/PumpkinBlockPileFeature,net/minecraft/server/v1_14_R1/WorldGenFeaturePumpkinStack,,,net/minecraft/class_3869
cde,net/minecraft/world/gen/feature/TwoFeatureChoiceConfig,net/minecraft/server/v1_14_R1/WorldGenFeatureChoiceConfiguration,,,net/minecraft/class_3137
cdf,net/minecraft/world/gen/feature/TwoFeatureChoiceFeature,net/minecraft/server/v1_14_R1/WorldGenFeatureChoice,,,net/minecraft/class_3135
cdg,net/minecraft/world/gen/feature/MultipleRandomFeatureConfig,net/minecraft/server/v1_14_R1/WorldGenFeatureRandomChoiceConfiguration,,,net/minecraft/class_3141
cdh,net/minecraft/world/gen/feature/MultipleRandomFeature,net/minecraft/server/v1_14_R1/WorldGenFeatureRandom,,,net/minecraft/class_3139
cdi,net/minecraft/world/gen/feature/MultipleWithChanceRandomFeatureConfig,net/minecraft/server/v1_14_R1/WorldGenFeatureRandomConfiguration,,,net/minecraft/class_3147
cdj,net/minecraft/world/gen/feature/structure/ScatteredStructure,net/minecraft/server/v1_14_R1/WorldGenFeatureRandomScattered,,,net/minecraft/class_3145
cdk,net/minecraft/world/gen/feature/MultipleWithChanceRandomFeature,net/minecraft/server/v1_14_R1/WorldGenFeatureRandomChoice,,,net/minecraft/class_3150
cdl,net/minecraft/world/gen/feature/ReedFeature,net/minecraft/server/v1_14_R1/WorldGenReed,,,net/minecraft/class_3148
cdm,net/minecraft/world/gen/feature/ReplaceBlockConfig,net/minecraft/server/v1_14_R1/WorldGenFeatureReplaceBlockConfiguration,,,net/minecraft/class_3154
cdn,net/minecraft/world/gen/feature/ReplaceBlockFeature,net/minecraft/server/v1_14_R1/WorldGenFeatureReplaceBlock,,,net/minecraft/class_3152
cdo,net/minecraft/world/gen/feature/SavannaTreeFeature,net/minecraft/server/v1_14_R1/WorldGenAcaciaTree,,,net/minecraft/class_3157
cdp,net/minecraft/world/gen/feature/structure/SavannaVillagePools,net/minecraft/server/v1_14_R1/WorldGenFeatureVillageSavanna,,,net/minecraft/class_3834
cdq,net/minecraft/world/gen/feature/SeaPickleFeature,net/minecraft/server/v1_14_R1/WorldGenFeatureSeaPickel,,,net/minecraft/class_3160
cdr,net/minecraft/world/gen/feature/SeaGrassFeature,net/minecraft/server/v1_14_R1/WorldGenFeatureSeaGrass,,,net/minecraft/class_3168
cds,net/minecraft/world/gen/feature/SeaGrassConfig,net/minecraft/server/v1_14_R1/WorldGenFeatureSeaGrassConfiguration,,,net/minecraft/class_3163
cdt,net/minecraft/world/gen/feature/structure/ShipwreckConfig,net/minecraft/server/v1_14_R1/WorldGenFeatureShipwreckConfiguration,,,net/minecraft/class_3172
cdu$a,net/minecraft/world/gen/feature/structure/ShipwreckStructure$Start,net/minecraft/server/v1_14_R1/WorldGenFeatureShipwreck$a,,,net/minecraft/class_3170$class_3171
cdu,net/minecraft/world/gen/feature/structure/ShipwreckStructure,net/minecraft/server/v1_14_R1/WorldGenFeatureShipwreck,,,net/minecraft/class_3170
cdv,net/minecraft/world/gen/feature/BlockWithContextConfig,net/minecraft/server/v1_14_R1/WorldGenFeatureBlockConfiguration,,,net/minecraft/class_3175
cdw,net/minecraft/world/gen/feature/BlockWithContextFeature,net/minecraft/server/v1_14_R1/WorldGenFeatureBlock,,,net/minecraft/class_3173
cdx,net/minecraft/world/gen/feature/SingleRandomFeature,net/minecraft/server/v1_14_R1/WorldGenFeatureRandom2,,,net/minecraft/class_3179
cdy,net/minecraft/world/gen/feature/SingleRandomFeatureConfig,net/minecraft/server/v1_14_R1/WorldGenFeatureRandom2Configuration,,,net/minecraft/class_3177
ce$a,net/minecraft/command/Commands$IParser,net/minecraft/server/v1_14_R1/CommandDispatcher$a,,,net/minecraft/class_2170$class_2171
ce,net/minecraft/command/Commands,net/minecraft/server/v1_14_R1/CommandDispatcher,,,net/minecraft/class_2170
cea,net/minecraft/world/gen/feature/IceAndSnowFeature,net/minecraft/server/v1_14_R1/WorldGenFeatureIceSnow,,,net/minecraft/class_3183
ceb,net/minecraft/world/gen/feature/SnowBlockPileFeature,net/minecraft/server/v1_14_R1/WorldGenFeatureSnowStack,,,net/minecraft/class_3835
cec,net/minecraft/world/gen/feature/structure/SnowyVillagePools,net/minecraft/server/v1_14_R1/WorldGenFeatureVillageSnowy,,,net/minecraft/class_3836
ced,net/minecraft/world/gen/feature/EndSpikeFeatureConfig,net/minecraft/server/v1_14_R1/WorldGenFeatureEndSpikeConfiguration,,,net/minecraft/class_3666
cee$a,net/minecraft/world/gen/feature/EndSpikeFeature$EndSpike,net/minecraft/server/v1_14_R1/WorldGenEnder$Spike,,,net/minecraft/class_3310$class_3181
cee$b,net/minecraft/world/gen/feature/EndSpikeFeature$EndSpikeCacheLoader,net/minecraft/server/v1_14_R1/WorldGenEnder$b,,,net/minecraft/class_3310$class_3311
cee,net/minecraft/world/gen/feature/EndSpikeFeature,net/minecraft/server/v1_14_R1/WorldGenEnder,,,net/minecraft/class_3310
cef,net/minecraft/world/gen/feature/LiquidsConfig,net/minecraft/server/v1_14_R1/WorldGenFeatureFlowingConfiguration,,,net/minecraft/class_3187
ceg,net/minecraft/world/gen/feature/SpringFeature,net/minecraft/server/v1_14_R1/WorldGenLiquids,,,net/minecraft/class_3185
ceh,net/minecraft/world/gen/feature/TallTaigaTreeFeature,net/minecraft/server/v1_14_R1/WorldGenTaiga2,,,net/minecraft/class_3190
cei$a,net/minecraft/world/gen/feature/structure/StrongholdStructure$Start,net/minecraft/server/v1_14_R1/WorldGenStronghold$a,,,net/minecraft/class_3188$class_3189
cei,net/minecraft/world/gen/feature/structure/StrongholdStructure,net/minecraft/server/v1_14_R1/WorldGenStronghold,,,net/minecraft/class_3188
cej$a,net/minecraft/world/gen/feature/structure/Structure$IStartFactory,net/minecraft/server/v1_14_R1/StructureGenerator$a,,,net/minecraft/class_3195$class_3774
cej,net/minecraft/world/gen/feature/structure/Structure,net/minecraft/server/v1_14_R1/StructureGenerator,,,net/minecraft/class_3195
cek,net/minecraft/world/gen/feature/structure/IStructurePieceType,net/minecraft/server/v1_14_R1/WorldGenFeatureStructurePieceType,,,net/minecraft/class_3773
cel,net/minecraft/world/gen/feature/SwampFlowersFeature,net/minecraft/server/v1_14_R1/WorldGenFeatureFlowerSwamp,,,net/minecraft/class_3192
cem,net/minecraft/world/gen/feature/SwampTreeFeature,net/minecraft/server/v1_14_R1/WorldGenSwampTree,,,net/minecraft/class_3200
cen$a,net/minecraft/world/gen/feature/structure/SwampHutStructure$Start,net/minecraft/server/v1_14_R1/WorldGenFeatureSwampHut$a,,,net/minecraft/class_3197$class_3198
cen,net/minecraft/world/gen/feature/structure/SwampHutStructure,net/minecraft/server/v1_14_R1/WorldGenFeatureSwampHut,,,net/minecraft/class_3197
ceo,net/minecraft/world/gen/feature/TaigaGrassFeature,net/minecraft/server/v1_14_R1/WorldGenFeatureTaigaGrass,,,net/minecraft/class_3206
cep,net/minecraft/world/gen/feature/structure/TaigaVillagePools,net/minecraft/server/v1_14_R1/WorldGenFeatureVillageTaiga,,,net/minecraft/class_3870
ceq,net/minecraft/world/gen/feature/TreeFeature,net/minecraft/server/v1_14_R1/WorldGenTrees,,,net/minecraft/class_3207
cer,net/minecraft/world/gen/feature/structure/VillageConfig,net/minecraft/server/v1_14_R1/WorldGenFeatureVillageConfiguration,,,net/minecraft/class_3812
ces$a,net/minecraft/world/gen/feature/structure/VillageStructure$Start,net/minecraft/server/v1_14_R1/WorldGenVillage$a,,,net/minecraft/class_3211$class_3212
ces,net/minecraft/world/gen/feature/structure/VillageStructure,net/minecraft/server/v1_14_R1/WorldGenVillage,,,net/minecraft/class_3211
cet$a,net/minecraft/world/gen/feature/structure/VillagePieces$Village,net/minecraft/server/v1_14_R1/NewVillagePieces$a,,,net/minecraft/class_3813$class_3814
cet,net/minecraft/world/gen/feature/structure/VillagePieces,net/minecraft/server/v1_14_R1/NewVillagePieces,,,net/minecraft/class_3813
ceu,net/minecraft/world/gen/feature/VinesFeature,net/minecraft/server/v1_14_R1/WorldGenVines,,,net/minecraft/class_3219
cev,net/minecraft/world/gen/feature/VoidStartPlatformFeature,net/minecraft/server/v1_14_R1/WorldGenFeatureEndPlatform,,,net/minecraft/class_3217
cew,net/minecraft/world/gen/feature/WaterlilyFeature,net/minecraft/server/v1_14_R1/WorldGenWaterLily,,,net/minecraft/class_3220
cex,net/minecraft/world/gen/feature/ConfiguredRandomFeatureList,net/minecraft/server/v1_14_R1/WorldGenFeatureRandomChoiceConfigurationWeight,,,net/minecraft/class_3226
cey$a,net/minecraft/world/gen/feature/structure/WoodlandMansionStructure$Start,net/minecraft/server/v1_14_R1/WorldGenWoodlandMansion$a,,,net/minecraft/class_3223$class_3224
cey,net/minecraft/world/gen/feature/structure/WoodlandMansionStructure,net/minecraft/server/v1_14_R1/WorldGenWoodlandMansion,,,net/minecraft/class_3223
cf$a,net/minecraft/command/ISuggestionProvider$Coordinates,net/minecraft/server/v1_14_R1/ICompletionProvider$a,,,net/minecraft/class_2172$class_2173
cf,net/minecraft/command/ISuggestionProvider,net/minecraft/server/v1_14_R1/ICompletionProvider,,,net/minecraft/class_2172
cfa,net/minecraft/world/gen/feature/jigsaw/EmptyJigsawPiece,net/minecraft/server/v1_14_R1/WorldGenFeatureDefinedStructurePoolEmpty,,,net/minecraft/class_3777
cfb,net/minecraft/world/gen/feature/jigsaw/FeatureJigsawPiece,net/minecraft/server/v1_14_R1/WorldGenFeatureDefinedStructurePoolFeature,,,net/minecraft/class_3776
cfc,net/minecraft/world/gen/feature/jigsaw/JigsawJunction,net/minecraft/server/v1_14_R1/WorldGenFeatureDefinedStructureJigsawJunction,,,net/minecraft/class_3780
cfd$a,net/minecraft/world/gen/feature/jigsaw/JigsawManager$IPieceFactory,net/minecraft/server/v1_14_R1/WorldGenFeatureDefinedStructureJigsawPlacement$a,,,net/minecraft/class_3778$class_3779
cfd$b,net/minecraft/world/gen/feature/jigsaw/JigsawManager$Entry,net/minecraft/server/v1_14_R1/WorldGenFeatureDefinedStructureJigsawPlacement$b,,,net/minecraft/class_3778$class_4181
cfd$c,net/minecraft/world/gen/feature/jigsaw/JigsawManager$Assembler,net/minecraft/server/v1_14_R1/WorldGenFeatureDefinedStructureJigsawPlacement$c,,,net/minecraft/class_3778$class_4182
cfd,net/minecraft/world/gen/feature/jigsaw/JigsawManager,net/minecraft/server/v1_14_R1/WorldGenFeatureDefinedStructureJigsawPlacement,,,net/minecraft/class_3778
cfe,net/minecraft/world/gen/feature/jigsaw/ListJigsawPiece,net/minecraft/server/v1_14_R1/WorldGenFeatureDefinedStructurePoolList,,,net/minecraft/class_3782
cff,net/minecraft/world/gen/feature/jigsaw/SingleJigsawPiece,net/minecraft/server/v1_14_R1/WorldGenFeatureDefinedStructurePoolSingle,,,net/minecraft/class_3781
cfg,net/minecraft/world/gen/feature/jigsaw/JigsawPiece,net/minecraft/server/v1_14_R1/WorldGenFeatureDefinedStructurePoolStructure,,,net/minecraft/class_3784
cfh,net/minecraft/world/gen/feature/jigsaw/IJigsawDeserializer,net/minecraft/server/v1_14_R1/WorldGenFeatureDefinedStructurePools,,,net/minecraft/class_3816
cfi$a,net/minecraft/world/gen/feature/jigsaw/JigsawPattern$PlacementBehaviour,net/minecraft/server/v1_14_R1/WorldGenFeatureDefinedStructurePoolTemplate$Matching,,,net/minecraft/class_3785$class_3786
cfi,net/minecraft/world/gen/feature/jigsaw/JigsawPattern,net/minecraft/server/v1_14_R1/WorldGenFeatureDefinedStructurePoolTemplate,,,net/minecraft/class_3785
cfj,net/minecraft/world/gen/feature/jigsaw/JigsawPatternRegistry,net/minecraft/server/v1_14_R1/WorldGenFeatureDefinedStructurePoolTemplates,,,net/minecraft/class_3787
cfl,net/minecraft/world/gen/FlatLayerInfo,net/minecraft/server/v1_14_R1/WorldGenFlatLayerInfo,,,net/minecraft/class_3229
cfm,net/minecraft/world/gen/FlatGenerationSettings,net/minecraft/server/v1_14_R1/GeneratorSettingsFlat,,,net/minecraft/class_3232
cfp,net/minecraft/world/gen/placement/CaveEdge,net/minecraft/server/v1_14_R1/WorldGenDecoratorCarveMask,,,net/minecraft/class_3234
cfq,net/minecraft/world/gen/placement/AtSurfaceWithChance,net/minecraft/server/v1_14_R1/WorldGenDecoratorChance,,,net/minecraft/class_3237
cfr,net/minecraft/world/gen/placement/TwiceSurfaceWithChance,net/minecraft/server/v1_14_R1/WorldGenDecoratorChanceHeight,,,net/minecraft/class_3236
cfs,net/minecraft/world/gen/placement/WithChance,net/minecraft/server/v1_14_R1/WorldGenDecoratorChancePass,,,net/minecraft/class_3241
cft,net/minecraft/world/gen/placement/TopSolidWithChance,net/minecraft/server/v1_14_R1/WorldGenDecoratorSkyVisibleBiased,,,net/minecraft/class_3239
cfu,net/minecraft/world/gen/placement/ChorusPlant,net/minecraft/server/v1_14_R1/WorldGenDecoratorChorusPlant,,,net/minecraft/class_3245
cfv,net/minecraft/world/gen/placement/ConfiguredPlacement,net/minecraft/server/v1_14_R1/WorldGenDecoratorConfigured,,,net/minecraft/class_3243
cfw,net/minecraft/world/gen/placement/HeightBiasedRange,net/minecraft/server/v1_14_R1/WorldGenDecoratorHeightBiased,,,net/minecraft/class_3250
cfx,net/minecraft/world/gen/placement/AtSurfaceWithChanceMultiple,net/minecraft/server/v1_14_R1/WorldGenFeatureChanceDecorator,,,net/minecraft/class_3247
cfy,net/minecraft/world/gen/placement/TwiceSurfaceWithChanceMultiple,net/minecraft/server/v1_14_R1/WorldGenFeatureChanceDecoratorHeight,,,net/minecraft/class_3253
cfz,net/minecraft/world/gen/placement/DepthAverage,net/minecraft/server/v1_14_R1/WorldGenDecoratorHeightAverage,,,net/minecraft/class_3252
cg,net/minecraft/command/arguments/ColorArgument,net/minecraft/server/v1_14_R1/ArgumentChatFormat,,,net/minecraft/class_2177
cga,net/minecraft/world/gen/placement/TwiceSurface,net/minecraft/server/v1_14_R1/WorldGenDecoratorHeightDouble,,,net/minecraft/class_3256
cgb,net/minecraft/world/gen/placement/AtHeight64,net/minecraft/server/v1_14_R1/WorldGenDecoratorHeight64,,,net/minecraft/class_3254
cgc,net/minecraft/world/gen/placement/SurfacePlus32,net/minecraft/server/v1_14_R1/WorldGenDecoratorHeight32,,,net/minecraft/class_3260
cgd,net/minecraft/world/gen/placement/AtSurface,net/minecraft/server/v1_14_R1/WorldGenDecoratorHeight,,,net/minecraft/class_3257
cge,net/minecraft/world/gen/placement/TopSolid,net/minecraft/server/v1_14_R1/WorldGenDecoratorSkyVisible,,,net/minecraft/class_3263
cgf,net/minecraft/world/gen/placement/HeightVeryBiasedRange,net/minecraft/server/v1_14_R1/WorldGenDecoratorHeightBiased2,,,net/minecraft/class_3261
cgg,net/minecraft/world/gen/placement/AtSurfaceWithExtra,net/minecraft/server/v1_14_R1/WorldGenDecoratorHeightExtraChance,,,net/minecraft/class_3265
cgh,net/minecraft/world/gen/placement/DarkOakTreePlacement,net/minecraft/server/v1_14_R1/WorldGenDecoratorRoofedTree,,,net/minecraft/class_3315
cgi,net/minecraft/world/gen/placement/CaveEdgeConfig,net/minecraft/server/v1_14_R1/WorldGenDecoratorCarveMaskConfiguration,,,net/minecraft/class_3269
cgj,net/minecraft/world/gen/placement/ChanceConfig,net/minecraft/server/v1_14_R1/WorldGenDecoratorChanceConfiguration,,,net/minecraft/class_3267
cgk,net/minecraft/world/gen/placement/FrequencyConfig,net/minecraft/server/v1_14_R1/WorldGenDecoratorFrequencyConfiguration,,,net/minecraft/class_3273
cgl,net/minecraft/world/gen/placement/HeightWithChanceConfig,net/minecraft/server/v1_14_R1/WorldGenDecoratorFrequencyChanceConfiguration,,,net/minecraft/class_3271
cgm,net/minecraft/world/gen/placement/AtSurfaceWithExtraConfig,net/minecraft/server/v1_14_R1/WorldGenDecoratorFrequencyExtraChanceConfiguration,,,net/minecraft/class_3276
cgn,net/minecraft/world/gen/placement/TopSolidWithNoiseConfig,net/minecraft/server/v1_14_R1/WorldGenDecoratorNoiseConfiguration,,,net/minecraft/class_3275
cgo,net/minecraft/world/gen/placement/TopSolidRangeConfig,net/minecraft/server/v1_14_R1/WorldGenDecoratorRangeConfiguration,,,net/minecraft/class_3278
cgp,net/minecraft/world/gen/placement/DepthAverageConfig,net/minecraft/server/v1_14_R1/WorldGenDecoratorHeightAverageConfiguration,,,net/minecraft/class_3277
cgq,net/minecraft/world/gen/placement/Height4To32,net/minecraft/server/v1_14_R1/WorldGenDecoratorEmerald,,,net/minecraft/class_3282
cgr,net/minecraft/world/gen/placement/EndGateway,net/minecraft/server/v1_14_R1/WorldGenDecoratorEndGateway,,,net/minecraft/class_3280
cgs,net/minecraft/world/gen/placement/EndIsland,net/minecraft/server/v1_14_R1/WorldGenDecoratorEndIsland,,,net/minecraft/class_3287
cgt,net/minecraft/world/gen/placement/Placement,net/minecraft/server/v1_14_R1/WorldGenDecorator,,,net/minecraft/class_3284
cgu,net/minecraft/world/gen/placement/AtSurfaceRandomCount,net/minecraft/server/v1_14_R1/WorldGenDecoratorForestRock,,,net/minecraft/class_3292
cgv,net/minecraft/world/gen/placement/IcebergPlacement,net/minecraft/server/v1_14_R1/WorldGenDecoratorIceburg,,,net/minecraft/class_3291
cgw,net/minecraft/world/gen/placement/LakeChanceConfig,net/minecraft/server/v1_14_R1/WorldGenDecoratorLakeChanceConfiguration,,,net/minecraft/class_3297
cgx,net/minecraft/world/gen/placement/LakeLava,net/minecraft/server/v1_14_R1/WorldGenDecoratorLakeLava,,,net/minecraft/class_3293
cgy,net/minecraft/world/gen/placement/LakeWater,net/minecraft/server/v1_14_R1/WorldGenDecoratorLakeWater,,,net/minecraft/class_3301
cgz,net/minecraft/world/gen/placement/DungeonRoomConfig,net/minecraft/server/v1_14_R1/WorldGenDecoratorDungeonConfiguration,,,net/minecraft/class_3299
ch,net/minecraft/command/arguments/ComponentArgument,net/minecraft/server/v1_14_R1/ArgumentChatComponent,,,net/minecraft/class_2178
cha,net/minecraft/world/gen/placement/DungeonRoom,net/minecraft/server/v1_14_R1/WorldGenDecoratorDungeon,,,net/minecraft/class_3305
chb,net/minecraft/world/gen/placement/SurfacePlus32WithNoise,net/minecraft/server/v1_14_R1/WorldGenDecoratorNoiseHeight32,,,net/minecraft/class_3303
chc,net/minecraft/world/gen/placement/TwiceSurfaceWithNoise,net/minecraft/server/v1_14_R1/WorldGenDecoratorNoiseHeightDouble,,,net/minecraft/class_3308
chd,net/minecraft/world/gen/placement/Passthrough,net/minecraft/server/v1_14_R1/WorldGenDecoratorEmpty,,,net/minecraft/class_3307
che,net/minecraft/world/gen/placement/SimplePlacement,net/minecraft/server/v1_14_R1/WorldGenDecoratorFeatureSimple,,,net/minecraft/class_3667
chf,net/minecraft/world/gen/placement/TopSolidOnce,net/minecraft/server/v1_14_R1/WorldGenDecoratorSolidTop,,,net/minecraft/class_3318
chg,net/minecraft/world/gen/placement/TopSolidWithNoise,net/minecraft/server/v1_14_R1/WorldGenDecoratorSolidTopNoise,,,net/minecraft/class_3316
chh,net/minecraft/world/gen/placement/TopSolidRange,net/minecraft/server/v1_14_R1/WorldGenDecoratorSolidTopHeight,,,net/minecraft/class_3319
chi,net/minecraft/world/gen/placement/ChanceRange,net/minecraft/server/v1_14_R1/WorldGenDecoratorNetherChance,,,net/minecraft/class_3325
chj,net/minecraft/world/gen/placement/CountRange,net/minecraft/server/v1_14_R1/WorldGenDecoratorNetherHeight,,,net/minecraft/class_3323
chk,net/minecraft/world/gen/placement/NetherFire,net/minecraft/server/v1_14_R1/WorldGenDecoratorNetherFire,,,net/minecraft/class_3329
chl,net/minecraft/world/gen/placement/NetherGlowstone,net/minecraft/server/v1_14_R1/WorldGenDecoratorNetherGlowstone,,,net/minecraft/class_3328
chm,net/minecraft/world/gen/placement/NetherMagma,net/minecraft/server/v1_14_R1/WorldGenDecoratorNetherMagma,,,net/minecraft/class_3334
chn,net/minecraft/world/gen/placement/RandomCountWithRange,net/minecraft/server/v1_14_R1/WorldGenDecoratorNetherRandomCount,,,net/minecraft/class_3333
chq,net/minecraft/world/gen/feature/structure/MarginedStructureStart,net/minecraft/server/v1_14_R1/StructureAbstract,,,net/minecraft/class_4183
chr,net/minecraft/util/math/MutableBoundingBox,net/minecraft/server/v1_14_R1/StructureBoundingBox,,,net/minecraft/class_3341
chs$a,net/minecraft/world/gen/feature/structure/BuriedTreasure$Piece,net/minecraft/server/v1_14_R1/WorldGenBuriedTreasurePieces$a,,,net/minecraft/class_3789$class_3339
chs,net/minecraft/world/gen/feature/structure/BuriedTreasure,net/minecraft/server/v1_14_R1/WorldGenBuriedTreasurePieces,,,net/minecraft/class_3789
cht,net/minecraft/world/gen/feature/structure/DesertPyramidPiece,net/minecraft/server/v1_14_R1/WorldGenDesertPyramidPiece,,,net/minecraft/class_3346
chu$1,net/minecraft/world/gen/feature/structure/EndCityPieces$1,net/minecraft/server/v1_14_R1/WorldGenEndCityPieces$1,,,net/minecraft/class_3342$1
chu$2,net/minecraft/world/gen/feature/structure/EndCityPieces$2,net/minecraft/server/v1_14_R1/WorldGenEndCityPieces$2,,,net/minecraft/class_3342$2
chu$3,net/minecraft/world/gen/feature/structure/EndCityPieces$3,net/minecraft/server/v1_14_R1/WorldGenEndCityPieces$3,,,net/minecraft/class_3342$3
chu$4,net/minecraft/world/gen/feature/structure/EndCityPieces$4,net/minecraft/server/v1_14_R1/WorldGenEndCityPieces$4,,,net/minecraft/class_3342$4
chu$a,net/minecraft/world/gen/feature/structure/EndCityPieces$CityTemplate,net/minecraft/server/v1_14_R1/WorldGenEndCityPieces$Piece,,,net/minecraft/class_3342$class_3343
chu$b,net/minecraft/world/gen/feature/structure/EndCityPieces$IGenerator,net/minecraft/server/v1_14_R1/WorldGenEndCityPieces$PieceGenerator,,,net/minecraft/class_3342$class_3344
chu,net/minecraft/world/gen/feature/structure/EndCityPieces,net/minecraft/server/v1_14_R1/WorldGenEndCityPieces,,,net/minecraft/class_3342
chv$a,net/minecraft/world/gen/feature/structure/IglooPieces$Piece,net/minecraft/server/v1_14_R1/WorldGenIglooPiece$a,,,net/minecraft/class_3351$class_3352
chv,net/minecraft/world/gen/feature/structure/IglooPieces,net/minecraft/server/v1_14_R1/WorldGenIglooPiece,,,net/minecraft/class_3351
chw$a,net/minecraft/world/gen/feature/structure/JunglePyramidPiece$Selector,net/minecraft/server/v1_14_R1/WorldGenJunglePyramidPiece$a,,,net/minecraft/class_3348$class_3349
chw,net/minecraft/world/gen/feature/structure/JunglePyramidPiece,net/minecraft/server/v1_14_R1/WorldGenJunglePyramidPiece,,,net/minecraft/class_3348
chx,net/minecraft/world/gen/feature/structure/LegacyStructureDataUtil,net/minecraft/server/v1_14_R1/PersistentStructureLegacy,,,net/minecraft/class_3360
chy$a,net/minecraft/world/gen/feature/structure/MineshaftPieces$Corridor,net/minecraft/server/v1_14_R1/WorldGenMineshaftPieces$WorldGenMineshaftCorridor,,,net/minecraft/class_3353$class_3354
chy$b,net/minecraft/world/gen/feature/structure/MineshaftPieces$Cross,net/minecraft/server/v1_14_R1/WorldGenMineshaftPieces$WorldGenMineshaftCross,,,net/minecraft/class_3353$class_3355
chy$c,net/minecraft/world/gen/feature/structure/MineshaftPieces$Piece,net/minecraft/server/v1_14_R1/WorldGenMineshaftPieces$c,,,net/minecraft/class_3353$class_3356
chy$d,net/minecraft/world/gen/feature/structure/MineshaftPieces$Room,net/minecraft/server/v1_14_R1/WorldGenMineshaftPieces$WorldGenMineshaftRoom,,,net/minecraft/class_3353$class_3357
chy$e,net/minecraft/world/gen/feature/structure/MineshaftPieces$Stairs,net/minecraft/server/v1_14_R1/WorldGenMineshaftPieces$WorldGenMineshaftStairs,,,net/minecraft/class_3353$class_3358
chy,net/minecraft/world/gen/feature/structure/MineshaftPieces,net/minecraft/server/v1_14_R1/WorldGenMineshaftPieces,,,net/minecraft/class_3353
chz$a,net/minecraft/world/gen/feature/structure/FortressPieces$Crossing3,net/minecraft/server/v1_14_R1/WorldGenNetherPieces$WorldGenNetherPiece1,,,net/minecraft/class_3390$class_3391
chz$b,net/minecraft/world/gen/feature/structure/FortressPieces$End,net/minecraft/server/v1_14_R1/WorldGenNetherPieces$WorldGenNetherPiece2,,,net/minecraft/class_3390$class_3392
chz$c,net/minecraft/world/gen/feature/structure/FortressPieces$Straight,net/minecraft/server/v1_14_R1/WorldGenNetherPieces$WorldGenNetherPiece3,,,net/minecraft/class_3390$class_3393
chz$d,net/minecraft/world/gen/feature/structure/FortressPieces$Corridor3,net/minecraft/server/v1_14_R1/WorldGenNetherPieces$WorldGenNetherPiece4,,,net/minecraft/class_3390$class_3394
chz$e,net/minecraft/world/gen/feature/structure/FortressPieces$Corridor4,net/minecraft/server/v1_14_R1/WorldGenNetherPieces$WorldGenNetherPiece5,,,net/minecraft/class_3390$class_3395
chz$f,net/minecraft/world/gen/feature/structure/FortressPieces$Entrance,net/minecraft/server/v1_14_R1/WorldGenNetherPieces$WorldGenNetherPiece6,,,net/minecraft/class_3390$class_3396
chz$g,net/minecraft/world/gen/feature/structure/FortressPieces$Crossing2,net/minecraft/server/v1_14_R1/WorldGenNetherPieces$WorldGenNetherPiece7,,,net/minecraft/class_3390$class_3397
chz$h,net/minecraft/world/gen/feature/structure/FortressPieces$Corridor,net/minecraft/server/v1_14_R1/WorldGenNetherPieces$WorldGenNetherPiece8,,,net/minecraft/class_3390$class_3398
chz$i,net/minecraft/world/gen/feature/structure/FortressPieces$Corridor5,net/minecraft/server/v1_14_R1/WorldGenNetherPieces$WorldGenNetherPiece9,,,net/minecraft/class_3390$class_3399
chz$j,net/minecraft/world/gen/feature/structure/FortressPieces$Corridor2,net/minecraft/server/v1_14_R1/WorldGenNetherPieces$WorldGenNetherPiece10,,,net/minecraft/class_3390$class_3400
chz$k,net/minecraft/world/gen/feature/structure/FortressPieces$NetherStalkRoom,net/minecraft/server/v1_14_R1/WorldGenNetherPieces$WorldGenNetherPiece11,,,net/minecraft/class_3390$class_3401
chz$l,net/minecraft/world/gen/feature/structure/FortressPieces$Throne,net/minecraft/server/v1_14_R1/WorldGenNetherPieces$WorldGenNetherPiece12,,,net/minecraft/class_3390$class_3402
chz$m,net/minecraft/world/gen/feature/structure/FortressPieces$Piece,net/minecraft/server/v1_14_R1/WorldGenNetherPieces$WorldGenNetherPiece,,,net/minecraft/class_3390$class_3403
chz$n,net/minecraft/world/gen/feature/structure/FortressPieces$PieceWeight,net/minecraft/server/v1_14_R1/WorldGenNetherPieces$WorldGenNetherPieceWeight,,,net/minecraft/class_3390$class_3404
chz$o,net/minecraft/world/gen/feature/structure/FortressPieces$Crossing,net/minecraft/server/v1_14_R1/WorldGenNetherPieces$WorldGenNetherPiece13,,,net/minecraft/class_3390$class_3405
chz$p,net/minecraft/world/gen/feature/structure/FortressPieces$Stairs,net/minecraft/server/v1_14_R1/WorldGenNetherPieces$WorldGenNetherPiece14,,,net/minecraft/class_3390$class_3406
chz$q,net/minecraft/world/gen/feature/structure/FortressPieces$Start,net/minecraft/server/v1_14_R1/WorldGenNetherPieces$WorldGenNetherPiece15,,,net/minecraft/class_3390$class_3407
chz,net/minecraft/world/gen/feature/structure/FortressPieces,net/minecraft/server/v1_14_R1/WorldGenNetherPieces,,,net/minecraft/class_3390
ci,net/minecraft/command/arguments/NBTCompoundTagArgument,net/minecraft/server/v1_14_R1/ArgumentNBTTag,,,net/minecraft/class_2179
cia$a,net/minecraft/world/gen/feature/structure/OceanMonumentPieces$XDoubleRoomFitHelper,net/minecraft/server/v1_14_R1/WorldGenMonumentPieces$WorldGenMonumentPieceSelector7,,,net/minecraft/class_3366$class_3367
cia$b,net/minecraft/world/gen/feature/structure/OceanMonumentPieces$XYDoubleRoomFitHelper,net/minecraft/server/v1_14_R1/WorldGenMonumentPieces$WorldGenMonumentPieceSelector6,,,net/minecraft/class_3366$class_3368
cia$c,net/minecraft/world/gen/feature/structure/OceanMonumentPieces$YDoubleRoomFitHelper,net/minecraft/server/v1_14_R1/WorldGenMonumentPieces$WorldGenMonumentPieceSelector5,,,net/minecraft/class_3366$class_3369
cia$d,net/minecraft/world/gen/feature/structure/OceanMonumentPieces$YZDoubleRoomFitHelper,net/minecraft/server/v1_14_R1/WorldGenMonumentPieces$WorldGenMonumentPieceSelector4,,,net/minecraft/class_3366$class_3370
cia$e,net/minecraft/world/gen/feature/structure/OceanMonumentPieces$ZDoubleRoomFitHelper,net/minecraft/server/v1_14_R1/WorldGenMonumentPieces$WorldGenMonumentPieceSelector3,,,net/minecraft/class_3366$class_3371
cia$f,net/minecraft/world/gen/feature/structure/OceanMonumentPieces$FitSimpleRoomHelper,net/minecraft/server/v1_14_R1/WorldGenMonumentPieces$WorldGenMonumentPieceSelector2,,,net/minecraft/class_3366$class_3372
cia$g,net/minecraft/world/gen/feature/structure/OceanMonumentPieces$FitSimpleRoomTopHelper,net/minecraft/server/v1_14_R1/WorldGenMonumentPieces$WorldGenMonumentPieceSelector1,,,net/minecraft/class_3366$class_3373
cia$h,net/minecraft/world/gen/feature/structure/OceanMonumentPieces$MonumentBuilding,net/minecraft/server/v1_14_R1/WorldGenMonumentPieces$WorldGenMonumentPiece1,,,net/minecraft/class_3366$class_3374
cia$i,net/minecraft/world/gen/feature/structure/OceanMonumentPieces$IMonumentRoomFitHelper,net/minecraft/server/v1_14_R1/WorldGenMonumentPieces$IWorldGenMonumentPieceSelector,,,net/minecraft/class_3366$class_3375
cia$j,net/minecraft/world/gen/feature/structure/OceanMonumentPieces$MonumentCoreRoom,net/minecraft/server/v1_14_R1/WorldGenMonumentPieces$WorldGenMonumentPiece2,,,net/minecraft/class_3366$class_3376
cia$k,net/minecraft/world/gen/feature/structure/OceanMonumentPieces$DoubleXRoom,net/minecraft/server/v1_14_R1/WorldGenMonumentPieces$WorldGenMonumentPiece3,,,net/minecraft/class_3366$class_3377
cia$l,net/minecraft/world/gen/feature/structure/OceanMonumentPieces$DoubleXYRoom,net/minecraft/server/v1_14_R1/WorldGenMonumentPieces$WorldGenMonumentPiece4,,,net/minecraft/class_3366$class_3378
cia$m,net/minecraft/world/gen/feature/structure/OceanMonumentPieces$DoubleYRoom,net/minecraft/server/v1_14_R1/WorldGenMonumentPieces$WorldGenMonumentPiece5,,,net/minecraft/class_3366$class_3379
cia$n,net/minecraft/world/gen/feature/structure/OceanMonumentPieces$DoubleYZRoom,net/minecraft/server/v1_14_R1/WorldGenMonumentPieces$WorldGenMonumentPiece6,,,net/minecraft/class_3366$class_3380
cia$o,net/minecraft/world/gen/feature/structure/OceanMonumentPieces$DoubleZRoom,net/minecraft/server/v1_14_R1/WorldGenMonumentPieces$WorldGenMonumentPiece7,,,net/minecraft/class_3366$class_3381
cia$p,net/minecraft/world/gen/feature/structure/OceanMonumentPieces$EntryRoom,net/minecraft/server/v1_14_R1/WorldGenMonumentPieces$WorldGenMonumentPieceEntry,,,net/minecraft/class_3366$class_3382
cia$q,net/minecraft/world/gen/feature/structure/OceanMonumentPieces$Penthouse,net/minecraft/server/v1_14_R1/WorldGenMonumentPieces$WorldGenMonumentPiecePenthouse,,,net/minecraft/class_3366$class_3383
cia$r,net/minecraft/world/gen/feature/structure/OceanMonumentPieces$Piece,net/minecraft/server/v1_14_R1/WorldGenMonumentPieces$WorldGenMonumentPiece,,,net/minecraft/class_3366$class_3384
cia$s,net/minecraft/world/gen/feature/structure/OceanMonumentPieces$SimpleRoom,net/minecraft/server/v1_14_R1/WorldGenMonumentPieces$WorldGenMonumentPieceSimple,,,net/minecraft/class_3366$class_3385
cia$t,net/minecraft/world/gen/feature/structure/OceanMonumentPieces$SimpleTopRoom,net/minecraft/server/v1_14_R1/WorldGenMonumentPieces$WorldGenMonumentPieceSimpleT,,,net/minecraft/class_3366$class_3386
cia$u,net/minecraft/world/gen/feature/structure/OceanMonumentPieces$WingRoom,net/minecraft/server/v1_14_R1/WorldGenMonumentPieces$WorldGenMonumentPiece8,,,net/minecraft/class_3366$class_3387
cia$v,net/minecraft/world/gen/feature/structure/OceanMonumentPieces$RoomDefinition,net/minecraft/server/v1_14_R1/WorldGenMonumentPieces$WorldGenMonumentStateTracker,,,net/minecraft/class_3366$class_3388
cia,net/minecraft/world/gen/feature/structure/OceanMonumentPieces,net/minecraft/server/v1_14_R1/WorldGenMonumentPieces,,,net/minecraft/class_3366
cib$a,net/minecraft/world/gen/feature/structure/OceanRuinStructure$Start,net/minecraft/server/v1_14_R1/WorldGenFeatureOceanRuin$a,,,net/minecraft/class_3411$class_3412
cib$b,net/minecraft/world/gen/feature/structure/OceanRuinStructure$Type,net/minecraft/server/v1_14_R1/WorldGenFeatureOceanRuin$Temperature,,,net/minecraft/class_3411$class_3413
cib,net/minecraft/world/gen/feature/structure/OceanRuinStructure,net/minecraft/server/v1_14_R1/WorldGenFeatureOceanRuin,,,net/minecraft/class_3411
cic$a,net/minecraft/world/gen/feature/structure/OceanRuinPieces$Piece,net/minecraft/server/v1_14_R1/WorldGenFeatureOceanRuinPieces$a,,,net/minecraft/class_3409$class_3410
cic,net/minecraft/world/gen/feature/structure/OceanRuinPieces,net/minecraft/server/v1_14_R1/WorldGenFeatureOceanRuinPieces,,,net/minecraft/class_3409
cid$a,net/minecraft/world/gen/feature/structure/PillagerOutpostPieces$PillageOutpost,net/minecraft/server/v1_14_R1/WorldGenFeaturePillagerOutpostPieces$a,,,net/minecraft/class_3791$class_3792
cid,net/minecraft/world/gen/feature/structure/PillagerOutpostPieces,net/minecraft/server/v1_14_R1/WorldGenFeaturePillagerOutpostPieces,,,net/minecraft/class_3791
cie,net/minecraft/world/gen/feature/structure/AbstractVillagePiece,net/minecraft/server/v1_14_R1/WorldGenFeaturePillagerOutpostPoolPiece,,,net/minecraft/class_3790
cif,net/minecraft/world/gen/feature/structure/ScatteredStructurePiece,net/minecraft/server/v1_14_R1/WorldGenScatteredPiece,,,net/minecraft/class_3418
cig$a,net/minecraft/world/gen/feature/structure/ShipwreckPieces$Piece,net/minecraft/server/v1_14_R1/WorldGenShipwreck$a,,,net/minecraft/class_3415$class_3416
cig,net/minecraft/world/gen/feature/structure/ShipwreckPieces,net/minecraft/server/v1_14_R1/WorldGenShipwreck,,,net/minecraft/class_3415
cih$1,net/minecraft/world/gen/feature/structure/StrongholdPieces$1,net/minecraft/server/v1_14_R1/WorldGenStrongholdPieces$1,,,net/minecraft/class_3421$1
cih$2,net/minecraft/world/gen/feature/structure/StrongholdPieces$2,net/minecraft/server/v1_14_R1/WorldGenStrongholdPieces$2,,,net/minecraft/class_3421$2
cih$a,net/minecraft/world/gen/feature/structure/StrongholdPieces$ChestCorridor,net/minecraft/server/v1_14_R1/WorldGenStrongholdPieces$WorldGenStrongholdChestCorridor,,,net/minecraft/class_3421$class_3422
cih$b,net/minecraft/world/gen/feature/structure/StrongholdPieces$Corridor,net/minecraft/server/v1_14_R1/WorldGenStrongholdPieces$WorldGenStrongholdCorridor,,,net/minecraft/class_3421$class_3423
cih$c,net/minecraft/world/gen/feature/structure/StrongholdPieces$Crossing,net/minecraft/server/v1_14_R1/WorldGenStrongholdPieces$WorldGenStrongholdCrossing,,,net/minecraft/class_3421$class_3424
cih$d,net/minecraft/world/gen/feature/structure/StrongholdPieces$LeftTurn,net/minecraft/server/v1_14_R1/WorldGenStrongholdPieces$WorldGenStrongholdLeftTurn,,,net/minecraft/class_3421$class_3425
cih$e,net/minecraft/world/gen/feature/structure/StrongholdPieces$Library,net/minecraft/server/v1_14_R1/WorldGenStrongholdPieces$WorldGenStrongholdLibrary,,,net/minecraft/class_3421$class_3426
cih$f,net/minecraft/world/gen/feature/structure/StrongholdPieces$PieceWeight,net/minecraft/server/v1_14_R1/WorldGenStrongholdPieces$WorldGenStrongholdPieceWeight,,,net/minecraft/class_3421$class_3427
cih$g,net/minecraft/world/gen/feature/structure/StrongholdPieces$PortalRoom,net/minecraft/server/v1_14_R1/WorldGenStrongholdPieces$WorldGenStrongholdPortalRoom,,,net/minecraft/class_3421$class_3428
cih$h,net/minecraft/world/gen/feature/structure/StrongholdPieces$Prison,net/minecraft/server/v1_14_R1/WorldGenStrongholdPieces$WorldGenStrongholdPrison,,,net/minecraft/class_3421$class_3429
cih$i,net/minecraft/world/gen/feature/structure/StrongholdPieces$RightTurn,net/minecraft/server/v1_14_R1/WorldGenStrongholdPieces$WorldGenStrongholdRightTurn,,,net/minecraft/class_3421$class_3430
cih$j,net/minecraft/world/gen/feature/structure/StrongholdPieces$RoomCrossing,net/minecraft/server/v1_14_R1/WorldGenStrongholdPieces$WorldGenStrongholdRoomCrossing,,,net/minecraft/class_3421$class_3431
cih$k,net/minecraft/world/gen/feature/structure/StrongholdPieces$Stones,net/minecraft/server/v1_14_R1/WorldGenStrongholdPieces$WorldGenStrongholdStones,,,net/minecraft/class_3421$class_3432
cih$l,net/minecraft/world/gen/feature/structure/StrongholdPieces$Stairs,net/minecraft/server/v1_14_R1/WorldGenStrongholdPieces$WorldGenStrongholdStairs2,,,net/minecraft/class_3421$class_3433
cih$m,net/minecraft/world/gen/feature/structure/StrongholdPieces$Stairs2,net/minecraft/server/v1_14_R1/WorldGenStrongholdPieces$WorldGenStrongholdStart,,,net/minecraft/class_3421$class_3434
cih$n,net/minecraft/world/gen/feature/structure/StrongholdPieces$Straight,net/minecraft/server/v1_14_R1/WorldGenStrongholdPieces$WorldGenStrongholdStairs,,,net/minecraft/class_3421$class_3435
cih$o,net/minecraft/world/gen/feature/structure/StrongholdPieces$StairsStraight,net/minecraft/server/v1_14_R1/WorldGenStrongholdPieces$WorldGenStrongholdStairsStraight,,,net/minecraft/class_3421$class_3436
cih$p$a,net/minecraft/world/gen/feature/structure/StrongholdPieces$Stronghold$Door,net/minecraft/server/v1_14_R1/WorldGenStrongholdPieces$WorldGenStrongholdPiece$WorldGenStrongholdDoorType,,,net/minecraft/class_3421$class_3437$class_3438
cih$p,net/minecraft/world/gen/feature/structure/StrongholdPieces$Stronghold,net/minecraft/server/v1_14_R1/WorldGenStrongholdPieces$WorldGenStrongholdPiece,,,net/minecraft/class_3421$class_3437
cih$q,net/minecraft/world/gen/feature/structure/StrongholdPieces$Turn,net/minecraft/server/v1_14_R1/WorldGenStrongholdPieces$q,,,net/minecraft/class_3421$class_3466
cih,net/minecraft/world/gen/feature/structure/StrongholdPieces,net/minecraft/server/v1_14_R1/WorldGenStrongholdPieces,,,net/minecraft/class_3421
cii,net/minecraft/world/gen/feature/structure/Structures,net/minecraft/server/v1_14_R1/WorldGenFactory,,,net/minecraft/class_3420
cij,net/minecraft/world/gen/feature/structure/StructureIndexesSavedData,net/minecraft/server/v1_14_R1/PersistentIndexed,,,net/minecraft/class_3440
cik$a,net/minecraft/world/gen/feature/structure/StructurePiece$BlockSelector,net/minecraft/server/v1_14_R1/StructurePiece$StructurePieceBlockSelector,,,net/minecraft/class_3443$class_3444
cik,net/minecraft/world/gen/feature/structure/StructurePiece,net/minecraft/server/v1_14_R1/StructurePiece,,,net/minecraft/class_3443
cil$1,net/minecraft/world/gen/feature/structure/StructureStart$1,net/minecraft/server/v1_14_R1/StructureStart$1,,,net/minecraft/class_3449$1
cil,net/minecraft/world/gen/feature/structure/StructureStart,net/minecraft/server/v1_14_R1/StructureStart,,,net/minecraft/class_3449
cim,net/minecraft/world/gen/feature/structure/SwampHutPiece,net/minecraft/server/v1_14_R1/WorldGenWitchHut,,,net/minecraft/class_3447
cin,net/minecraft/world/gen/feature/structure/TemplateStructurePiece,net/minecraft/server/v1_14_R1/DefinedStructurePiece,,,net/minecraft/class_3470
cio$a,net/minecraft/world/gen/feature/structure/WoodlandMansionPieces$FirstFloor,net/minecraft/server/v1_14_R1/WorldGenWoodlandMansionPieces$a,,,net/minecraft/class_3471$class_3472
cio$b,net/minecraft/world/gen/feature/structure/WoodlandMansionPieces$RoomCollection,net/minecraft/server/v1_14_R1/WorldGenWoodlandMansionPieces$b,,,net/minecraft/class_3471$class_3473
cio$c,net/minecraft/world/gen/feature/structure/WoodlandMansionPieces$Grid,net/minecraft/server/v1_14_R1/WorldGenWoodlandMansionPieces$c,,,net/minecraft/class_3471$class_3474
cio$d,net/minecraft/world/gen/feature/structure/WoodlandMansionPieces$Placer,net/minecraft/server/v1_14_R1/WorldGenWoodlandMansionPieces$d,,,net/minecraft/class_3471$class_3475
cio$e,net/minecraft/world/gen/feature/structure/WoodlandMansionPieces$PlacementData,net/minecraft/server/v1_14_R1/WorldGenWoodlandMansionPieces$e,,,net/minecraft/class_3471$class_3476
cio$f,net/minecraft/world/gen/feature/structure/WoodlandMansionPieces$SecondFloor,net/minecraft/server/v1_14_R1/WorldGenWoodlandMansionPieces$f,,,net/minecraft/class_3471$class_3477
cio$g,net/minecraft/world/gen/feature/structure/WoodlandMansionPieces$SimpleGrid,net/minecraft/server/v1_14_R1/WorldGenWoodlandMansionPieces$g,,,net/minecraft/class_3471$class_3478
cio$h,net/minecraft/world/gen/feature/structure/WoodlandMansionPieces$ThirdFloor,net/minecraft/server/v1_14_R1/WorldGenWoodlandMansionPieces$h,,,net/minecraft/class_3471$class_3479
cio$i,net/minecraft/world/gen/feature/structure/WoodlandMansionPieces$MansionTemplate,net/minecraft/server/v1_14_R1/WorldGenWoodlandMansionPieces$i,,,net/minecraft/class_3471$class_3480
cio,net/minecraft/world/gen/feature/structure/WoodlandMansionPieces,net/minecraft/server/v1_14_R1/WorldGenWoodlandMansionPieces,,,net/minecraft/class_3471
ciq,net/minecraft/world/gen/feature/template/AlwaysTrueRuleTest,net/minecraft/server/v1_14_R1/DefinedStructureTestTrue,,,net/minecraft/class_3818
cir,net/minecraft/world/gen/feature/template/BlockIgnoreStructureProcessor,net/minecraft/server/v1_14_R1/DefinedStructureProcessorBlockIgnore,,,net/minecraft/class_3793
cis,net/minecraft/world/gen/feature/template/BlockMatchRuleTest,net/minecraft/server/v1_14_R1/DefinedStructureTestBlock,,,net/minecraft/class_3819
cit,net/minecraft/world/gen/feature/template/IntegrityProcessor,net/minecraft/server/v1_14_R1/DefinedStructureProcessorRotation,,,net/minecraft/class_3488
ciu,net/minecraft/world/gen/feature/template/BlockStateMatchRuleTest,net/minecraft/server/v1_14_R1/DefinedStructureTestBlockState,,,net/minecraft/class_3820
civ,net/minecraft/world/gen/feature/template/GravityStructureProcessor,net/minecraft/server/v1_14_R1/DefinedStructureProcessorGravity,,,net/minecraft/class_3795
ciw,net/minecraft/world/gen/feature/template/JigsawReplacementStructureProcessor,net/minecraft/server/v1_14_R1/DefinedStructureProcessorJigsawReplacement,,,net/minecraft/class_3794
cix,net/minecraft/world/gen/feature/template/NopProcessor,net/minecraft/server/v1_14_R1/DefinedStructureProcessorNop,,,net/minecraft/class_3822
ciy,net/minecraft/world/gen/feature/template/RuleEntry,net/minecraft/server/v1_14_R1/DefinedStructureProcessorPredicates,,,net/minecraft/class_3821
ciz,net/minecraft/world/gen/feature/template/RandomBlockMatchRuleTest,net/minecraft/server/v1_14_R1/DefinedStructureTestRandomBlock,,,net/minecraft/class_3824
cj,net/minecraft/command/arguments/DimensionArgument,net/minecraft/server/v1_14_R1/ArgumentDimension,,,net/minecraft/class_2181
cja,net/minecraft/world/gen/feature/template/RandomBlockStateMatchRuleTest,net/minecraft/server/v1_14_R1/DefinedStructureTestRandomBlockState,,,net/minecraft/class_3823
cjb,net/minecraft/world/gen/feature/template/RuleStructureProcessor,net/minecraft/server/v1_14_R1/DefinedStructureProcessorRule,,,net/minecraft/class_3826
cjc,net/minecraft/world/gen/feature/template/RuleTest,net/minecraft/server/v1_14_R1/DefinedStructureRuleTest,,,net/minecraft/class_3825
cjd,net/minecraft/world/gen/feature/template/IRuleTestType,net/minecraft/server/v1_14_R1/DefinedStructureRuleTestType,,,net/minecraft/class_3827
cje,net/minecraft/world/gen/feature/template/TemplateManager,net/minecraft/server/v1_14_R1/DefinedStructureManager,,,net/minecraft/class_3485
cjf,net/minecraft/world/gen/feature/template/PlacementSettings,net/minecraft/server/v1_14_R1/DefinedStructureInfo,,,net/minecraft/class_3492
cjg,net/minecraft/world/gen/feature/template/StructureProcessor,net/minecraft/server/v1_14_R1/DefinedStructureProcessor,,,net/minecraft/class_3491
cjh,net/minecraft/world/gen/feature/template/IStructureProcessorType,net/minecraft/server/v1_14_R1/DefinedStructureStructureProcessorType,,,net/minecraft/class_3828
cji$a,net/minecraft/world/gen/feature/template/Template$BasicPalette,net/minecraft/server/v1_14_R1/DefinedStructure$a,,,net/minecraft/class_3499$class_3500
cji$b,net/minecraft/world/gen/feature/template/Template$BlockInfo,net/minecraft/server/v1_14_R1/DefinedStructure$BlockInfo,,,net/minecraft/class_3499$class_3501
cji$c,net/minecraft/world/gen/feature/template/Template$EntityInfo,net/minecraft/server/v1_14_R1/DefinedStructure$EntityInfo,,,net/minecraft/class_3499$class_3502
cji,net/minecraft/world/gen/feature/template/Template,net/minecraft/server/v1_14_R1/DefinedStructure,,,net/minecraft/class_3499
cjj,net/minecraft/world/gen/feature/template/TagMatchRuleTest,net/minecraft/server/v1_14_R1/DefinedStructureTestTag,,,net/minecraft/class_3798
cjl,net/minecraft/world/gen/surfacebuilders/BadlandsSurfaceBuilder,net/minecraft/server/v1_14_R1/WorldGenSurfaceMesa,,,net/minecraft/class_3506
cjm,net/minecraft/world/gen/surfacebuilders/ConfiguredSurfaceBuilder,net/minecraft/server/v1_14_R1/WorldGenSurfaceComposite,,,net/minecraft/class_3504
cjn,net/minecraft/world/gen/surfacebuilders/DefaultSurfaceBuilder,net/minecraft/server/v1_14_R1/WorldGenSurfaceDefaultBlock,,,net/minecraft/class_3510
cjo,net/minecraft/world/gen/surfacebuilders/ErodedBadlandsSurfaceBuilder,net/minecraft/server/v1_14_R1/WorldGenSurfaceMesaBryce,,,net/minecraft/class_3507
cjp,net/minecraft/world/gen/surfacebuilders/FrozenOceanSurfaceBuilder,net/minecraft/server/v1_14_R1/WorldGenSurfaceFrozenOcean,,,net/minecraft/class_3512
cjq,net/minecraft/world/gen/surfacebuilders/GiantTreeTaigaSurfaceBuilder,net/minecraft/server/v1_14_R1/WorldGenSurfaceTaigaMega,,,net/minecraft/class_3511
cjr,net/minecraft/world/gen/surfacebuilders/GravellyMountainSurfaceBuilder,net/minecraft/server/v1_14_R1/WorldGenSurfaceExtremeHillMutated,,,net/minecraft/class_3516
cjs,net/minecraft/world/gen/surfacebuilders/MountainSurfaceBuilder,net/minecraft/server/v1_14_R1/WorldGenSurfaceExtremeHills,,,net/minecraft/class_3514
cjt,net/minecraft/world/gen/surfacebuilders/NetherSurfaceBuilder,net/minecraft/server/v1_14_R1/WorldGenSurfaceNether,,,net/minecraft/class_3520
cju,net/minecraft/world/gen/surfacebuilders/NoopSurfaceBuilder,net/minecraft/server/v1_14_R1/WorldGenSurfaceEmpty,,,net/minecraft/class_3519
cjv,net/minecraft/world/gen/surfacebuilders/ShatteredSavannaSurfaceBuilder,net/minecraft/server/v1_14_R1/WorldGenSurfaceSavannaMutated,,,net/minecraft/class_3524
cjw,net/minecraft/world/gen/surfacebuilders/SurfaceBuilder,net/minecraft/server/v1_14_R1/WorldGenSurface,,,net/minecraft/class_3523
cjx,net/minecraft/world/gen/surfacebuilders/SurfaceBuilderConfig,net/minecraft/server/v1_14_R1/WorldGenSurfaceConfigurationBase,,,net/minecraft/class_3527
cjy,net/minecraft/world/gen/surfacebuilders/ISurfaceBuilderConfig,net/minecraft/server/v1_14_R1/WorldGenSurfaceConfiguration,,,net/minecraft/class_3531
cjz,net/minecraft/world/gen/surfacebuilders/SwampSurfaceBuilder,net/minecraft/server/v1_14_R1/WorldGenSurfaceSwamp,,,net/minecraft/class_3529
ck$a,net/minecraft/command/arguments/EntityAnchorArgument$Type,net/minecraft/server/v1_14_R1/ArgumentAnchor$Anchor,,,net/minecraft/class_2183$class_2184
ck,net/minecraft/command/arguments/EntityAnchorArgument,net/minecraft/server/v1_14_R1/ArgumentAnchor,,,net/minecraft/class_2183
cka,net/minecraft/world/gen/surfacebuilders/WoodedBadlandsSurfaceBuilder,net/minecraft/server/v1_14_R1/WorldGenSurfaceMesaForest,,,net/minecraft/class_3535
ckc,net/minecraft/world/gen/ImprovedNoiseGenerator,net/minecraft/server/v1_14_R1/NoiseGeneratorPerlin,,,net/minecraft/class_3756
ckd,net/minecraft/world/gen/OctavesNoiseGenerator,net/minecraft/server/v1_14_R1/NoiseGeneratorOctaves,,,net/minecraft/class_3537
cke,net/minecraft/world/gen/PerlinNoiseGenerator,net/minecraft/server/v1_14_R1/NoiseGenerator3,,,net/minecraft/class_3543
ckf,net/minecraft/world/gen/SimplexNoiseGenerator,net/minecraft/server/v1_14_R1/NoiseGenerator3Handler,,,net/minecraft/class_3541
ckg,net/minecraft/world/gen/INoiseGenerator,net/minecraft/server/v1_14_R1/NoiseGenerator,,,net/minecraft/class_3757
cki,net/minecraft/world/lighting/BlockLightEngine,net/minecraft/server/v1_14_R1/LightEngineBlock,,,net/minecraft/class_3552
ckj$a,net/minecraft/world/lighting/BlockLightStorage$StorageMap,net/minecraft/server/v1_14_R1/LightEngineStorageBlock$a,,,net/minecraft/class_3547$class_3548
ckj,net/minecraft/world/lighting/BlockLightStorage,net/minecraft/server/v1_14_R1/LightEngineStorageBlock,,,net/minecraft/class_3547
ckk,net/minecraft/world/lighting/LightDataMap,net/minecraft/server/v1_14_R1/LightEngineStorageArray,,,net/minecraft/class_3556
ckl$1,net/minecraft/world/lighting/LevelBasedGraph$1,net/minecraft/server/v1_14_R1/LightEngineGraph$1,,,net/minecraft/class_3554$1
ckl$2,net/minecraft/world/lighting/LevelBasedGraph$2,net/minecraft/server/v1_14_R1/LightEngineGraph$2,,,net/minecraft/class_3554$2
ckl,net/minecraft/world/lighting/LevelBasedGraph,net/minecraft/server/v1_14_R1/LightEngineGraph,,,net/minecraft/class_3554
ckm,net/minecraft/world/lighting/NibbleArrayRepeater,net/minecraft/server/v1_14_R1/NibbleArrayFlat,,,net/minecraft/class_4298
ckn,net/minecraft/world/lighting/LightEngine,net/minecraft/server/v1_14_R1/LightEngineLayer,,,net/minecraft/class_3558
cko$a,net/minecraft/world/lighting/IWorldLightListener$Dummy,net/minecraft/server/v1_14_R1/LightEngineLayerEventListener$Void,,,net/minecraft/class_3562$class_3563
cko,net/minecraft/world/lighting/IWorldLightListener,net/minecraft/server/v1_14_R1/LightEngineLayerEventListener,,,net/minecraft/class_3562
ckp,net/minecraft/world/lighting/SectionLightStorage,net/minecraft/server/v1_14_R1/LightEngineStorage,,,net/minecraft/class_3560
ckq,net/minecraft/world/lighting/WorldLightManager,net/minecraft/server/v1_14_R1/LightEngine,,,net/minecraft/class_3568
ckr,net/minecraft/world/lighting/ILightListener,net/minecraft/server/v1_14_R1/ILightEngine,,,net/minecraft/class_3565
cks,net/minecraft/world/lighting/SkyLightEngine,net/minecraft/server/v1_14_R1/LightEngineSky,,,net/minecraft/class_3572
ckt$a,net/minecraft/world/lighting/SkyLightStorage$StorageMap,net/minecraft/server/v1_14_R1/LightEngineStorageSky$a,,,net/minecraft/class_3569$class_3570
ckt,net/minecraft/world/lighting/SkyLightStorage,net/minecraft/server/v1_14_R1/LightEngineStorageSky,,,net/minecraft/class_3569
ckw,net/minecraft/fluid/EmptyFluid,net/minecraft/server/v1_14_R1/FluidTypeEmpty,,,net/minecraft/class_3576
ckx$1,net/minecraft/fluid/FlowingFluid$1,net/minecraft/server/v1_14_R1/FluidTypeFlowing$1,,,net/minecraft/class_3609$1
ckx,net/minecraft/fluid/FlowingFluid,net/minecraft/server/v1_14_R1/FluidTypeFlowing,,,net/minecraft/class_3609
cky,net/minecraft/fluid/Fluid,net/minecraft/server/v1_14_R1/FluidType,,,net/minecraft/class_3611
ckz,net/minecraft/fluid/IFluidState,net/minecraft/server/v1_14_R1/Fluid,,,net/minecraft/class_3610
cl$a,net/minecraft/command/arguments/EntityArgument$Serializer,net/minecraft/server/v1_14_R1/ArgumentEntity$a,,,net/minecraft/class_2186$class_2187
cl,net/minecraft/command/arguments/EntityArgument,net/minecraft/server/v1_14_R1/ArgumentEntity,,,net/minecraft/class_2186
cla,net/minecraft/fluid/FluidState,net/minecraft/server/v1_14_R1/FluidImpl,,,net/minecraft/class_3613
clb,net/minecraft/fluid/Fluids,net/minecraft/server/v1_14_R1/FluidTypes,,,net/minecraft/class_3612
clc$a,net/minecraft/fluid/LavaFluid$Flowing,net/minecraft/server/v1_14_R1/FluidTypeLava$a,,,net/minecraft/class_3616$class_3617
clc$b,net/minecraft/fluid/LavaFluid$Source,net/minecraft/server/v1_14_R1/FluidTypeLava$b,,,net/minecraft/class_3616$class_3618
clc,net/minecraft/fluid/LavaFluid,net/minecraft/server/v1_14_R1/FluidTypeLava,,,net/minecraft/class_3616
cld$a,net/minecraft/block/material/Material$Builder,net/minecraft/server/v1_14_R1/Material$a,,,net/minecraft/class_3614$class_3615
cld,net/minecraft/block/material/Material,net/minecraft/server/v1_14_R1/Material,,,net/minecraft/class_3614
cle,net/minecraft/block/material/MaterialColor,net/minecraft/server/v1_14_R1/MaterialMapColor,,,net/minecraft/class_3620
clf,net/minecraft/block/material/PushReaction,net/minecraft/server/v1_14_R1/EnumPistonReaction,,,net/minecraft/class_3619
clg$a,net/minecraft/fluid/WaterFluid$Flowing,net/minecraft/server/v1_14_R1/FluidTypeWater$a,,,net/minecraft/class_3621$class_3622
clg$b,net/minecraft/fluid/WaterFluid$Source,net/minecraft/server/v1_14_R1/FluidTypeWater$b,,,net/minecraft/class_3621$class_3623
clg,net/minecraft/fluid/WaterFluid,net/minecraft/server/v1_14_R1/FluidTypeWater,,,net/minecraft/class_3621
cli,net/minecraft/world/gen/area/IArea,net/minecraft/server/v1_14_R1/Area,,,net/minecraft/class_3625
clj,net/minecraft/world/gen/area/IAreaFactory,net/minecraft/server/v1_14_R1/AreaFactory,,,net/minecraft/class_3627
clk,net/minecraft/world/gen/area/LazyArea,net/minecraft/server/v1_14_R1/AreaLazy,,,net/minecraft/class_3626
clm,net/minecraft/world/gen/IExtendedNoiseRandom,net/minecraft/server/v1_14_R1/AreaContextTransformed,,,net/minecraft/class_3628
cln,net/minecraft/world/gen/INoiseRandom,net/minecraft/server/v1_14_R1/WorldGenContext,,,net/minecraft/class_3630
clo,net/minecraft/world/gen/LazyAreaLayerContext,net/minecraft/server/v1_14_R1/WorldGenContextArea,,,net/minecraft/class_3631
clq,net/minecraft/world/gen/layer/DeepOceanLayer,net/minecraft/server/v1_14_R1/GenLayerDeepOcean,,,net/minecraft/class_3636
clr$a,net/minecraft/world/gen/layer/EdgeLayer$CoolWarm,net/minecraft/server/v1_14_R1/GenLayerSpecial$Special1,,,net/minecraft/class_3632$class_3926
clr$b,net/minecraft/world/gen/layer/EdgeLayer$HeatIce,net/minecraft/server/v1_14_R1/GenLayerSpecial$Special2,,,net/minecraft/class_3632$class_3927
clr$c,net/minecraft/world/gen/layer/EdgeLayer$Special,net/minecraft/server/v1_14_R1/GenLayerSpecial$Special3,,,net/minecraft/class_3632$class_3635
clr,net/minecraft/world/gen/layer/EdgeLayer,net/minecraft/server/v1_14_R1/GenLayerSpecial,,,net/minecraft/class_3632
cls,net/minecraft/world/gen/layer/AddIslandLayer,net/minecraft/server/v1_14_R1/GenLayerIsland,,,net/minecraft/class_3638
clt,net/minecraft/world/gen/layer/AddMushroomIslandLayer,net/minecraft/server/v1_14_R1/GenLayerMushroomIsland,,,net/minecraft/class_3637
clu,net/minecraft/world/gen/layer/AddSnowLayer,net/minecraft/server/v1_14_R1/GenLayerTopSoil,,,net/minecraft/class_3639
clv,net/minecraft/world/gen/layer/EdgeBiomeLayer,net/minecraft/server/v1_14_R1/GenLayerDesert,,,net/minecraft/class_3641
clw,net/minecraft/world/gen/layer/BiomeLayer,net/minecraft/server/v1_14_R1/GenLayerBiome,,,net/minecraft/class_3640
clx,net/minecraft/world/gen/layer/IslandLayer,net/minecraft/server/v1_14_R1/LayerIsland,,,net/minecraft/class_3643
cly,net/minecraft/world/gen/layer/Layer,net/minecraft/server/v1_14_R1/GenLayer,,,net/minecraft/class_3642
clz,net/minecraft/world/gen/layer/LayerUtil,net/minecraft/server/v1_14_R1/GenLayers,,,net/minecraft/class_3645
cm,net/minecraft/command/arguments/EntitySummonArgument,net/minecraft/server/v1_14_R1/ArgumentEntitySummon,,,net/minecraft/class_2188
cma,net/minecraft/world/gen/layer/OceanLayer,net/minecraft/server/v1_14_R1/GenLayerOceanEdge,,,net/minecraft/class_3644
cmb,net/minecraft/world/gen/layer/MixOceansLayer,net/minecraft/server/v1_14_R1/GenLayerOcean,,,net/minecraft/class_3647
cmc,net/minecraft/world/gen/layer/AddBambooForestLayer,net/minecraft/server/v1_14_R1/GenLayerJungle,,,net/minecraft/class_3646
cmd,net/minecraft/world/gen/layer/RareBiomeLayer,net/minecraft/server/v1_14_R1/GenLayerPlains,,,net/minecraft/class_3649
cme,net/minecraft/world/gen/layer/HillsLayer,net/minecraft/server/v1_14_R1/GenLayerRegionHills,,,net/minecraft/class_3648
cmf,net/minecraft/world/gen/layer/RemoveTooMuchOceanLayer,net/minecraft/server/v1_14_R1/GenLayerIcePlains,,,net/minecraft/class_3651
cmg,net/minecraft/world/gen/layer/StartRiverLayer,net/minecraft/server/v1_14_R1/GenLayerCleaner,,,net/minecraft/class_3650
cmh,net/minecraft/world/gen/layer/RiverLayer,net/minecraft/server/v1_14_R1/GenLayerRiver,,,net/minecraft/class_3653
cmi,net/minecraft/world/gen/layer/MixRiverLayer,net/minecraft/server/v1_14_R1/GenLayerRiverMix,,,net/minecraft/class_3652
cmj,net/minecraft/world/gen/layer/ShoreLayer,net/minecraft/server/v1_14_R1/GenLayerMushroomShore,,,net/minecraft/class_3655
cmk,net/minecraft/world/gen/layer/SmoothLayer,net/minecraft/server/v1_14_R1/GenLayerSmooth,,,net/minecraft/class_3654
cml,net/minecraft/world/gen/layer/VoroniZoomLayer,net/minecraft/server/v1_14_R1/GenLayerZoomVoronoi,,,net/minecraft/class_3657
cmm$1,net/minecraft/world/gen/layer/ZoomLayer$1,net/minecraft/server/v1_14_R1/GenLayerZoom$1,,,net/minecraft/class_3656$1
cmm,net/minecraft/world/gen/layer/ZoomLayer,net/minecraft/server/v1_14_R1/GenLayerZoom,,,net/minecraft/class_3656
cmo,net/minecraft/world/gen/layer/traits/IAreaTransformer0,net/minecraft/server/v1_14_R1/AreaTransformer1,,,net/minecraft/class_3658
cmp,net/minecraft/world/gen/layer/traits/IAreaTransformer1,net/minecraft/server/v1_14_R1/AreaTransformer2,,,net/minecraft/class_3660
cmq,net/minecraft/world/gen/layer/traits/IAreaTransformer2,net/minecraft/server/v1_14_R1/AreaTransformer3,,,net/minecraft/class_3659
cmr,net/minecraft/world/gen/layer/traits/IBishopTransformer,net/minecraft/server/v1_14_R1/AreaTransformer4,,,net/minecraft/class_3662
cms,net/minecraft/world/gen/layer/traits/IC0Transformer,net/minecraft/server/v1_14_R1/AreaTransformer5,,,net/minecraft/class_3661
cmt,net/minecraft/world/gen/layer/traits/IC1Transformer,net/minecraft/server/v1_14_R1/AreaTransformer6,,,net/minecraft/class_3664
cmu,net/minecraft/world/gen/layer/traits/ICastleTransformer,net/minecraft/server/v1_14_R1/AreaTransformer7,,,net/minecraft/class_3663
cmv,net/minecraft/world/gen/layer/traits/IDimOffset0Transformer,net/minecraft/server/v1_14_R1/AreaTransformerIdentity,,,net/minecraft/class_3740
cmw,net/minecraft/world/gen/layer/traits/IDimOffset1Transformer,net/minecraft/server/v1_14_R1/AreaTransformerOffset1,,,net/minecraft/class_3739
cmx,net/minecraft/world/gen/layer/traits/IDimTransformer,net/minecraft/server/v1_14_R1/AreaTransformer,,,net/minecraft/class_3741
cmy,net/minecraft/world/gen/layer/traits/IPixelTransformer,net/minecraft/server/v1_14_R1/AreaTransformer8,,,net/minecraft/class_4
cn$a,net/minecraft/command/arguments/GameProfileArgument$IProfileProvider,net/minecraft/server/v1_14_R1/ArgumentProfile$a,,,net/minecraft/class_2191$class_2192
cn$b,net/minecraft/command/arguments/GameProfileArgument$ProfileProvider,net/minecraft/server/v1_14_R1/ArgumentProfile$b,,,net/minecraft/class_2191$class_2193
cn,net/minecraft/command/arguments/GameProfileArgument,net/minecraft/server/v1_14_R1/ArgumentProfile,,,net/minecraft/class_2191
cnb,net/minecraft/pathfinding/PathHeap,net/minecraft/server/v1_14_R1/Path,,,net/minecraft/class_5
cnc,net/minecraft/pathfinding/PathNodeType,net/minecraft/server/v1_14_R1/PathType,,,net/minecraft/class_7
cnd,net/minecraft/pathfinding/FlyingNodeProcessor,net/minecraft/server/v1_14_R1/PathfinderFlying,,,net/minecraft/class_6
cne,net/minecraft/pathfinding/PathPoint,net/minecraft/server/v1_14_R1/PathPoint,,,net/minecraft/class_9
cnf,net/minecraft/pathfinding/NodeProcessor,net/minecraft/server/v1_14_R1/PathfinderAbstract,,,net/minecraft/class_8
cng,net/minecraft/pathfinding/Path,net/minecraft/server/v1_14_R1/PathEntity,,,net/minecraft/class_11
cnh,net/minecraft/pathfinding/PathType,net/minecraft/server/v1_14_R1/PathMode,,,net/minecraft/class_10
cni,net/minecraft/pathfinding/PathFinder,net/minecraft/server/v1_14_R1/Pathfinder,,,net/minecraft/class_13
cnj,net/minecraft/pathfinding/SwimNodeProcessor,net/minecraft/server/v1_14_R1/PathfinderWater,,,net/minecraft/class_12
cnk,net/minecraft/pathfinding/WalkAndSwimNodeProcessor,net/minecraft/server/v1_14_R1/PathfinderTurtle,,,net/minecraft/class_15
cnl,net/minecraft/pathfinding/WalkNodeProcessor,net/minecraft/server/v1_14_R1/PathfinderNormal,,,net/minecraft/class_14
cnp,net/minecraft/world/storage/WorldSavedDataCallableSave,net/minecraft/server/v1_14_R1/RunnableSaveScoreboard,,,net/minecraft/class_16
cnq,net/minecraft/world/storage/WorldSavedData,net/minecraft/server/v1_14_R1/PersistentBase,,,net/minecraft/class_18
cnr,net/minecraft/world/storage/MapBanner,net/minecraft/server/v1_14_R1/MapIconBanner,,,net/minecraft/class_17
cns$a,net/minecraft/world/storage/MapDecoration$Type,net/minecraft/server/v1_14_R1/MapIcon$Type,,,net/minecraft/class_20$class_21
cns,net/minecraft/world/storage/MapDecoration,net/minecraft/server/v1_14_R1/MapIcon,,,net/minecraft/class_20
cnt,net/minecraft/world/storage/MapFrame,net/minecraft/server/v1_14_R1/WorldMapFrame,,,net/minecraft/class_19
cnu,net/minecraft/world/storage/MapIdTracker,net/minecraft/server/v1_14_R1/PersistentIdCounts,,,net/minecraft/class_3978
cnv$a,net/minecraft/world/storage/MapData$MapInfo,net/minecraft/server/v1_14_R1/WorldMap$WorldMapHumanTracker,,,net/minecraft/class_22$class_23
cnv,net/minecraft/world/storage/MapData,net/minecraft/server/v1_14_R1/WorldMap,,,net/minecraft/class_22
cny,net/minecraft/world/storage/DerivedWorldInfo,net/minecraft/server/v1_14_R1/SecondaryWorldData,,,net/minecraft/class_27
cnz,net/minecraft/world/storage/DimensionSavedDataManager,net/minecraft/server/v1_14_R1/WorldPersistentData,,,net/minecraft/class_26
co,net/minecraft/command/arguments/EnchantmentArgument,net/minecraft/server/v1_14_R1/ArgumentEnchantment,,,net/minecraft/class_2194
coa,net/minecraft/world/storage/WorldInfo,net/minecraft/server/v1_14_R1/WorldData,,,net/minecraft/class_31
cob,net/minecraft/world/storage/SaveHandler,net/minecraft/server/v1_14_R1/WorldNBTStorage,,,net/minecraft/class_29
cod,net/minecraft/world/storage/SaveFormat,net/minecraft/server/v1_14_R1/Convertable,,,net/minecraft/class_32
cof,net/minecraft/world/storage/AnvilSaveConverter,net/minecraft/server/v1_14_R1/WorldUpgraderIterator,,,net/minecraft/class_24
cog,net/minecraft/world/storage/IPlayerFileData,net/minecraft/server/v1_14_R1/IPlayerFileData,,,net/minecraft/class_35
coh$a,net/minecraft/world/storage/loot/BinomialRange$Serializer,net/minecraft/server/v1_14_R1/LootValueBinomial$a,,,net/minecraft/class_40$class_41
coh,net/minecraft/world/storage/loot/BinomialRange,net/minecraft/server/v1_14_R1/LootValueBinomial,,,net/minecraft/class_40
coi,net/minecraft/world/storage/loot/LootTables,net/minecraft/server/v1_14_R1/LootTables,,,net/minecraft/class_39
coj$a,net/minecraft/world/storage/loot/ConstantRange$Serializer,net/minecraft/server/v1_14_R1/LootValueConstant$a,,,net/minecraft/class_44$class_45
coj,net/minecraft/world/storage/loot/ConstantRange,net/minecraft/server/v1_14_R1/LootValueConstant,,,net/minecraft/class_44
cok$a,net/minecraft/world/storage/loot/IntClamper$Serializer,net/minecraft/server/v1_14_R1/LootIntegerLimit$a,,,net/minecraft/class_42$class_43
cok,net/minecraft/world/storage/loot/IntClamper,net/minecraft/server/v1_14_R1/LootIntegerLimit,,,net/minecraft/class_42
col$a,net/minecraft/world/storage/loot/LootContext$Builder,net/minecraft/server/v1_14_R1/LootTableInfo$Builder,,,net/minecraft/class_47$class_48
col$b,net/minecraft/world/storage/loot/LootContext$IDynamicDropProvider,net/minecraft/server/v1_14_R1/LootTableInfo$b,,,net/minecraft/class_47$class_49
col$c$a,net/minecraft/world/storage/loot/LootContext$EntityTarget$Serializer,net/minecraft/server/v1_14_R1/LootTableInfo$EntityTarget$a,,,net/minecraft/class_47$class_50$class_51
col$c,net/minecraft/world/storage/loot/LootContext$EntityTarget,net/minecraft/server/v1_14_R1/LootTableInfo$EntityTarget,,,net/minecraft/class_47$class_50
col,net/minecraft/world/storage/loot/LootContext,net/minecraft/server/v1_14_R1/LootTableInfo,,,net/minecraft/class_47
com,net/minecraft/world/storage/loot/IParameterized,net/minecraft/server/v1_14_R1/LootItemUser,,,net/minecraft/class_46
coo$a,net/minecraft/world/storage/loot/LootPool$Builder,net/minecraft/server/v1_14_R1/LootSelector$a,,,net/minecraft/class_55$class_56
coo$b,net/minecraft/world/storage/loot/LootPool$Serializer,net/minecraft/server/v1_14_R1/LootSelector$b,,,net/minecraft/class_55$class_57
coo,net/minecraft/world/storage/loot/LootPool,net/minecraft/server/v1_14_R1/LootSelector,,,net/minecraft/class_55
cop$a,net/minecraft/world/storage/loot/LootTable$Builder,net/minecraft/server/v1_14_R1/LootTable$a,,,net/minecraft/class_52$class_53
cop$b,net/minecraft/world/storage/loot/LootTable$Serializer,net/minecraft/server/v1_14_R1/LootTable$b,,,net/minecraft/class_52$class_54
cop,net/minecraft/world/storage/loot/LootTable,net/minecraft/server/v1_14_R1/LootTable,,,net/minecraft/class_52
coq,net/minecraft/world/storage/loot/ValidationResults,net/minecraft/server/v1_14_R1/LootCollector,,,net/minecraft/class_58
cor,net/minecraft/world/storage/loot/LootTableManager,net/minecraft/server/v1_14_R1/LootTableRegistry,,,net/minecraft/class_60
cos,net/minecraft/world/storage/loot/IRandomRange,net/minecraft/server/v1_14_R1/LootValue,,,net/minecraft/class_59
cot,net/minecraft/world/storage/loot/RandomRanges,net/minecraft/server/v1_14_R1/LootValueGenerators,,,net/minecraft/class_63
cou$a,net/minecraft/world/storage/loot/RandomValueRange$Serializer,net/minecraft/server/v1_14_R1/LootValueBounds$a,,,net/minecraft/class_61$class_62
cou,net/minecraft/world/storage/loot/RandomValueRange,net/minecraft/server/v1_14_R1/LootValueBounds,,,net/minecraft/class_61
cov$a,net/minecraft/world/storage/loot/AlternativesLootEntry$Builder,net/minecraft/server/v1_14_R1/LootEntryAlternatives$a,,,net/minecraft/class_65$class_66
cov,net/minecraft/world/storage/loot/AlternativesLootEntry,net/minecraft/server/v1_14_R1/LootEntryAlternatives,,,net/minecraft/class_65
cow,net/minecraft/world/storage/loot/ILootEntry,net/minecraft/server/v1_14_R1/LootEntryChildren,,,net/minecraft/class_64
cox$1,net/minecraft/world/storage/loot/ParentedLootEntry$1,net/minecraft/server/v1_14_R1/LootEntryChildrenAbstract$1,,,net/minecraft/class_69$1
cox$a,net/minecraft/world/storage/loot/ParentedLootEntry$IFactory,net/minecraft/server/v1_14_R1/LootEntryChildrenAbstract$a,,,net/minecraft/class_69$class_70
cox$b,net/minecraft/world/storage/loot/ParentedLootEntry$AbstractSerializer,net/minecraft/server/v1_14_R1/LootEntryChildrenAbstract$b,,,net/minecraft/class_69$class_71
cox,net/minecraft/world/storage/loot/ParentedLootEntry,net/minecraft/server/v1_14_R1/LootEntryChildrenAbstract,,,net/minecraft/class_69
coy$a,net/minecraft/world/storage/loot/DynamicLootEntry$Serializer,net/minecraft/server/v1_14_R1/LootSelectorDynamic$a,,,net/minecraft/class_67$class_68
coy,net/minecraft/world/storage/loot/DynamicLootEntry,net/minecraft/server/v1_14_R1/LootSelectorDynamic,,,net/minecraft/class_67
coz$a,net/minecraft/world/storage/loot/EmptyLootEntry$Serializer,net/minecraft/server/v1_14_R1/LootSelectorEmpty$a,,,net/minecraft/class_73$class_74
coz,net/minecraft/world/storage/loot/EmptyLootEntry,net/minecraft/server/v1_14_R1/LootSelectorEmpty,,,net/minecraft/class_73
cp$a,net/minecraft/command/arguments/MessageArgument$Message,net/minecraft/server/v1_14_R1/ArgumentChat$a,,,net/minecraft/class_2196$class_2197
cp$b,net/minecraft/command/arguments/MessageArgument$Part,net/minecraft/server/v1_14_R1/ArgumentChat$b,,,net/minecraft/class_2196$class_2198
cp,net/minecraft/command/arguments/MessageArgument,net/minecraft/server/v1_14_R1/ArgumentChat,,,net/minecraft/class_2196
cpa,net/minecraft/world/storage/loot/GroupLootEntry,net/minecraft/server/v1_14_R1/LootEntryGroup,,,net/minecraft/class_72
cpb$a,net/minecraft/world/storage/loot/ItemLootEntry$Serializer,net/minecraft/server/v1_14_R1/LootItem$a,,,net/minecraft/class_77$class_78
cpb,net/minecraft/world/storage/loot/ItemLootEntry,net/minecraft/server/v1_14_R1/LootItem,,,net/minecraft/class_77
cpc$a,net/minecraft/world/storage/loot/LootEntryManager$Serializer,net/minecraft/server/v1_14_R1/LootEntries$a,,,net/minecraft/class_75$class_76
cpc,net/minecraft/world/storage/loot/LootEntryManager,net/minecraft/server/v1_14_R1/LootEntries,,,net/minecraft/class_75
cpd,net/minecraft/world/storage/loot/ILootGenerator,net/minecraft/server/v1_14_R1/LootEntry,,,net/minecraft/class_82
cpe$a,net/minecraft/world/storage/loot/LootEntry$Builder,net/minecraft/server/v1_14_R1/LootEntryAbstract$a,,,net/minecraft/class_79$class_80
cpe$b,net/minecraft/world/storage/loot/LootEntry$Serializer,net/minecraft/server/v1_14_R1/LootEntryAbstract$b,,,net/minecraft/class_79$class_81
cpe,net/minecraft/world/storage/loot/LootEntry,net/minecraft/server/v1_14_R1/LootEntryAbstract,,,net/minecraft/class_79
cpf$1,net/minecraft/world/storage/loot/StandaloneLootEntry$1,net/minecraft/server/v1_14_R1/LootSelectorEntry$1,,,net/minecraft/class_85$1
cpf$a,net/minecraft/world/storage/loot/StandaloneLootEntry$Builder,net/minecraft/server/v1_14_R1/LootSelectorEntry$a,,,net/minecraft/class_85$class_86
cpf$b,net/minecraft/world/storage/loot/StandaloneLootEntry$BuilderImpl,net/minecraft/server/v1_14_R1/LootSelectorEntry$b,,,net/minecraft/class_85$class_87
cpf$c,net/minecraft/world/storage/loot/StandaloneLootEntry$Generator,net/minecraft/server/v1_14_R1/LootSelectorEntry$c,,,net/minecraft/class_85$class_88
cpf$d,net/minecraft/world/storage/loot/StandaloneLootEntry$ILootEntryBuilder,net/minecraft/server/v1_14_R1/LootSelectorEntry$d,,,net/minecraft/class_85$class_89
cpf$e,net/minecraft/world/storage/loot/StandaloneLootEntry$Serializer,net/minecraft/server/v1_14_R1/LootSelectorEntry$e,,,net/minecraft/class_85$class_90
cpf,net/minecraft/world/storage/loot/StandaloneLootEntry,net/minecraft/server/v1_14_R1/LootSelectorEntry,,,net/minecraft/class_85
cpg$a,net/minecraft/world/storage/loot/TableLootEntry$Serializer,net/minecraft/server/v1_14_R1/LootSelectorLootTable$a,,,net/minecraft/class_83$class_84
cpg,net/minecraft/world/storage/loot/TableLootEntry,net/minecraft/server/v1_14_R1/LootSelectorLootTable,,,net/minecraft/class_83
cph,net/minecraft/world/storage/loot/SequenceLootEntry,net/minecraft/server/v1_14_R1/LootEntrySequence,,,net/minecraft/class_93
cpi$1,net/minecraft/world/storage/loot/TagLootEntry$1,net/minecraft/server/v1_14_R1/LootSelectorTag$1,,,net/minecraft/class_91$1
cpi$a,net/minecraft/world/storage/loot/TagLootEntry$Serializer,net/minecraft/server/v1_14_R1/LootSelectorTag$a,,,net/minecraft/class_91$class_92
cpi,net/minecraft/world/storage/loot/TagLootEntry,net/minecraft/server/v1_14_R1/LootSelectorTag,,,net/minecraft/class_91
cpk$a,net/minecraft/world/storage/loot/functions/ApplyBonus$BinomialWithBonusCountFormula,net/minecraft/server/v1_14_R1/LootItemFunctionApplyBonus$a,,,net/minecraft/class_94$class_95
cpk$b,net/minecraft/world/storage/loot/functions/ApplyBonus$IFormula,net/minecraft/server/v1_14_R1/LootItemFunctionApplyBonus$b,,,net/minecraft/class_94$class_96
cpk$c,net/minecraft/world/storage/loot/functions/ApplyBonus$IFormulaDeserializer,net/minecraft/server/v1_14_R1/LootItemFunctionApplyBonus$c,,,net/minecraft/class_94$class_97
cpk$d,net/minecraft/world/storage/loot/functions/ApplyBonus$OreDropsFormula,net/minecraft/server/v1_14_R1/LootItemFunctionApplyBonus$d,,,net/minecraft/class_94$class_98
cpk$e,net/minecraft/world/storage/loot/functions/ApplyBonus$Serializer,net/minecraft/server/v1_14_R1/LootItemFunctionApplyBonus$e,,,net/minecraft/class_94$class_99
cpk$f,net/minecraft/world/storage/loot/functions/ApplyBonus$UniformBonusCountFormula,net/minecraft/server/v1_14_R1/LootItemFunctionApplyBonus$f,,,net/minecraft/class_94$class_100
cpk,net/minecraft/world/storage/loot/functions/ApplyBonus,net/minecraft/server/v1_14_R1/LootItemFunctionApplyBonus,,,net/minecraft/class_94
cpl$a,net/minecraft/world/storage/loot/functions/ExplosionDecay$Serializer,net/minecraft/server/v1_14_R1/LootItemFunctionExplosionDecay$a,,,net/minecraft/class_104$class_105
cpl,net/minecraft/world/storage/loot/functions/ExplosionDecay,net/minecraft/server/v1_14_R1/LootItemFunctionExplosionDecay,,,net/minecraft/class_104
cpm$a,net/minecraft/world/storage/loot/functions/CopyName$Source,net/minecraft/server/v1_14_R1/LootItemFunctionCopyName$Source,,,net/minecraft/class_101$class_102
cpm$b,net/minecraft/world/storage/loot/functions/CopyName$Serializer,net/minecraft/server/v1_14_R1/LootItemFunctionCopyName$b,,,net/minecraft/class_101$class_103
cpm,net/minecraft/world/storage/loot/functions/CopyName,net/minecraft/server/v1_14_R1/LootItemFunctionCopyName,,,net/minecraft/class_101
cpn$a,net/minecraft/world/storage/loot/functions/CopyNbt$Builder,net/minecraft/server/v1_14_R1/LootItemFunctionCopyNBT$a,,,net/minecraft/class_3837$class_3838
cpn$b,net/minecraft/world/storage/loot/functions/CopyNbt$Operation,net/minecraft/server/v1_14_R1/LootItemFunctionCopyNBT$b,,,net/minecraft/class_3837$class_3839
cpn$c,net/minecraft/world/storage/loot/functions/CopyNbt$Source,net/minecraft/server/v1_14_R1/LootItemFunctionCopyNBT$Source,,,net/minecraft/class_3837$class_3840
cpn$d$1,net/minecraft/world/storage/loot/functions/CopyNbt$Action$1,net/minecraft/server/v1_14_R1/LootItemFunctionCopyNBT$Action$1,,,net/minecraft/class_3837$class_3841$1
cpn$d$2,net/minecraft/world/storage/loot/functions/CopyNbt$Action$2,net/minecraft/server/v1_14_R1/LootItemFunctionCopyNBT$Action$2,,,net/minecraft/class_3837$class_3841$2
cpn$d$3,net/minecraft/world/storage/loot/functions/CopyNbt$Action$3,net/minecraft/server/v1_14_R1/LootItemFunctionCopyNBT$Action$3,,,net/minecraft/class_3837$class_3841$3
cpn$d,net/minecraft/world/storage/loot/functions/CopyNbt$Action,net/minecraft/server/v1_14_R1/LootItemFunctionCopyNBT$Action,,,net/minecraft/class_3837$class_3841
cpn$e,net/minecraft/world/storage/loot/functions/CopyNbt$Serializer,net/minecraft/server/v1_14_R1/LootItemFunctionCopyNBT$e,,,net/minecraft/class_3837$class_3842
cpn,net/minecraft/world/storage/loot/functions/CopyNbt,net/minecraft/server/v1_14_R1/LootItemFunctionCopyNBT,,,net/minecraft/class_3837
cpo$b,net/minecraft/world/storage/loot/functions/EnchantRandomly$Serializer,net/minecraft/server/v1_14_R1/LootItemFunctionEnchant$b,,,net/minecraft/class_109$class_110
cpo,net/minecraft/world/storage/loot/functions/EnchantRandomly,net/minecraft/server/v1_14_R1/LootItemFunctionEnchant,,,net/minecraft/class_109
cpp$a,net/minecraft/world/storage/loot/functions/EnchantWithLevels$Builder,net/minecraft/server/v1_14_R1/LootEnchantLevel$a,,,net/minecraft/class_106$class_107
cpp$b,net/minecraft/world/storage/loot/functions/EnchantWithLevels$Serializer,net/minecraft/server/v1_14_R1/LootEnchantLevel$b,,,net/minecraft/class_106$class_108
cpp,net/minecraft/world/storage/loot/functions/EnchantWithLevels,net/minecraft/server/v1_14_R1/LootEnchantLevel,,,net/minecraft/class_106
cpq$a,net/minecraft/world/storage/loot/functions/ExplorationMap$Builder,net/minecraft/server/v1_14_R1/LootItemFunctionExplorationMap$a,,,net/minecraft/class_111$class_112
cpq$b,net/minecraft/world/storage/loot/functions/ExplorationMap$Serializer,net/minecraft/server/v1_14_R1/LootItemFunctionExplorationMap$b,,,net/minecraft/class_111$class_113
cpq,net/minecraft/world/storage/loot/functions/ExplorationMap,net/minecraft/server/v1_14_R1/LootItemFunctionExplorationMap,,,net/minecraft/class_111
cpr$a,net/minecraft/world/storage/loot/functions/FillPlayerHead$Serializer,net/minecraft/server/v1_14_R1/LootItemFunctionFillPlayerHead$a,,,net/minecraft/class_3668$class_3669
cpr,net/minecraft/world/storage/loot/functions/FillPlayerHead,net/minecraft/server/v1_14_R1/LootItemFunctionFillPlayerHead,,,net/minecraft/class_3668
cps,net/minecraft/world/storage/loot/ILootFunctionConsumer,net/minecraft/server/v1_14_R1/LootItemFunctionUser,,,net/minecraft/class_116
cpt$a,net/minecraft/world/storage/loot/functions/LimitCount$Serializer,net/minecraft/server/v1_14_R1/LootItemFunctionLimitCount$a,,,net/minecraft/class_114$class_115
cpt,net/minecraft/world/storage/loot/functions/LimitCount,net/minecraft/server/v1_14_R1/LootItemFunctionLimitCount,,,net/minecraft/class_114
cpu$a,net/minecraft/world/storage/loot/LootFunction$Builder,net/minecraft/server/v1_14_R1/LootItemFunctionConditional$a,,,net/minecraft/class_120$class_121
cpu$b,net/minecraft/world/storage/loot/LootFunction$SimpleBuilder,net/minecraft/server/v1_14_R1/LootItemFunctionConditional$b,,,net/minecraft/class_120$class_122
cpu$c,net/minecraft/world/storage/loot/LootFunction$Serializer,net/minecraft/server/v1_14_R1/LootItemFunctionConditional$c,,,net/minecraft/class_120$class_123
cpu,net/minecraft/world/storage/loot/LootFunction,net/minecraft/server/v1_14_R1/LootItemFunctionConditional,,,net/minecraft/class_120
cpv$a,net/minecraft/world/storage/loot/functions/ILootFunction$IBuilder,net/minecraft/server/v1_14_R1/LootItemFunction$a,,,net/minecraft/class_117$class_118
cpv$b,net/minecraft/world/storage/loot/functions/ILootFunction$Serializer,net/minecraft/server/v1_14_R1/LootItemFunction$b,,,net/minecraft/class_117$class_119
cpv,net/minecraft/world/storage/loot/functions/ILootFunction,net/minecraft/server/v1_14_R1/LootItemFunction,,,net/minecraft/class_117
cpw$a,net/minecraft/world/storage/loot/functions/LootFunctionManager$Serializer,net/minecraft/server/v1_14_R1/LootItemFunctions$a,,,net/minecraft/class_131$class_132
cpw,net/minecraft/world/storage/loot/functions/LootFunctionManager,net/minecraft/server/v1_14_R1/LootItemFunctions,,,net/minecraft/class_131
cpx$a,net/minecraft/world/storage/loot/functions/LootingEnchantBonus$Builder,net/minecraft/server/v1_14_R1/LootEnchantFunction$a,,,net/minecraft/class_125$class_126
cpx$b,net/minecraft/world/storage/loot/functions/LootingEnchantBonus$Serializer,net/minecraft/server/v1_14_R1/LootEnchantFunction$b,,,net/minecraft/class_125$class_127
cpx,net/minecraft/world/storage/loot/functions/LootingEnchantBonus,net/minecraft/server/v1_14_R1/LootEnchantFunction,,,net/minecraft/class_125
cpy$b,net/minecraft/world/storage/loot/functions/SetAttributes$Modifier,net/minecraft/server/v1_14_R1/LootItemFunctionSetAttribute$b,,,net/minecraft/class_137$class_138
cpy$d,net/minecraft/world/storage/loot/functions/SetAttributes$Serializer,net/minecraft/server/v1_14_R1/LootItemFunctionSetAttribute$d,,,net/minecraft/class_137$class_139
cpy,net/minecraft/world/storage/loot/functions/SetAttributes,net/minecraft/server/v1_14_R1/LootItemFunctionSetAttribute,,,net/minecraft/class_137
cpz$a,net/minecraft/world/storage/loot/functions/SetContents$Builder,net/minecraft/server/v1_14_R1/LootItemFunctionSetContents$a,,,net/minecraft/class_134$class_135
cpz$b,net/minecraft/world/storage/loot/functions/SetContents$Serializer,net/minecraft/server/v1_14_R1/LootItemFunctionSetContents$b,,,net/minecraft/class_134$class_136
cpz,net/minecraft/world/storage/loot/functions/SetContents,net/minecraft/server/v1_14_R1/LootItemFunctionSetContents,,,net/minecraft/class_134
cq,net/minecraft/command/arguments/PotionArgument,net/minecraft/server/v1_14_R1/ArgumentMobEffect,,,net/minecraft/class_2201
cqa$a,net/minecraft/world/storage/loot/functions/SetLootTable$Serializer,net/minecraft/server/v1_14_R1/LootItemFunctionSetTable$a,,,net/minecraft/class_144$class_145
cqa,net/minecraft/world/storage/loot/functions/SetLootTable,net/minecraft/server/v1_14_R1/LootItemFunctionSetTable,,,net/minecraft/class_144
cqb$a,net/minecraft/world/storage/loot/functions/SetCount$Serializer,net/minecraft/server/v1_14_R1/LootItemFunctionSetCount$a,,,net/minecraft/class_141$class_142
cqb,net/minecraft/world/storage/loot/functions/SetCount,net/minecraft/server/v1_14_R1/LootItemFunctionSetCount,,,net/minecraft/class_141
cqc$a,net/minecraft/world/storage/loot/functions/SetDamage$Serializer,net/minecraft/server/v1_14_R1/LootItemFunctionSetDamage$a,,,net/minecraft/class_149$class_150
cqc,net/minecraft/world/storage/loot/functions/SetDamage,net/minecraft/server/v1_14_R1/LootItemFunctionSetDamage,,,net/minecraft/class_149
cqd$b,net/minecraft/world/storage/loot/functions/SetLore$Serializer,net/minecraft/server/v1_14_R1/LootItemFunctionSetLore$b,,,net/minecraft/class_3671$class_3672
cqd,net/minecraft/world/storage/loot/functions/SetLore,net/minecraft/server/v1_14_R1/LootItemFunctionSetLore,,,net/minecraft/class_3671
cqe$a,net/minecraft/world/storage/loot/functions/SetName$Serializer,net/minecraft/server/v1_14_R1/LootItemFunctionSetName$a,,,net/minecraft/class_3670$class_147
cqe,net/minecraft/world/storage/loot/functions/SetName,net/minecraft/server/v1_14_R1/LootItemFunctionSetName,,,net/minecraft/class_3670
cqf$a,net/minecraft/world/storage/loot/functions/SetNBT$Serializer,net/minecraft/server/v1_14_R1/LootItemFunctionSetTag$a,,,net/minecraft/class_159$class_160
cqf,net/minecraft/world/storage/loot/functions/SetNBT,net/minecraft/server/v1_14_R1/LootItemFunctionSetTag,,,net/minecraft/class_159
cqg$a,net/minecraft/world/storage/loot/functions/SetStewEffect$Builder,net/minecraft/server/v1_14_R1/LootItemFunctionSetStewEffect$a,,,net/minecraft/class_152$class_153
cqg$b,net/minecraft/world/storage/loot/functions/SetStewEffect$Serializer,net/minecraft/server/v1_14_R1/LootItemFunctionSetStewEffect$b,,,net/minecraft/class_152$class_154
cqg,net/minecraft/world/storage/loot/functions/SetStewEffect,net/minecraft/server/v1_14_R1/LootItemFunctionSetStewEffect,,,net/minecraft/class_152
cqh$a,net/minecraft/world/storage/loot/functions/Smelt$Serializer,net/minecraft/server/v1_14_R1/LootItemFunctionSmelt$a,,,net/minecraft/class_165$class_166
cqh,net/minecraft/world/storage/loot/functions/Smelt,net/minecraft/server/v1_14_R1/LootItemFunctionSmelt,,,net/minecraft/class_165
cqk,net/minecraft/world/storage/loot/LootParameter,net/minecraft/server/v1_14_R1/LootContextParameter,,,net/minecraft/class_169
cql$a,net/minecraft/world/storage/loot/LootParameterSet$Builder,net/minecraft/server/v1_14_R1/LootContextParameterSet$a,,,net/minecraft/class_176$class_177
cql,net/minecraft/world/storage/loot/LootParameterSet,net/minecraft/server/v1_14_R1/LootContextParameterSet,,,net/minecraft/class_176
cqm,net/minecraft/world/storage/loot/LootParameterSets,net/minecraft/server/v1_14_R1/LootContextParameterSets,,,net/minecraft/class_173
cqn,net/minecraft/world/storage/loot/LootParameters,net/minecraft/server/v1_14_R1/LootContextParameters,,,net/minecraft/class_181
cqp$a,net/minecraft/world/storage/loot/conditions/Alternative$Builder,net/minecraft/server/v1_14_R1/LootItemConditionAlternative$a,,,net/minecraft/class_186$class_187
cqp$b,net/minecraft/world/storage/loot/conditions/Alternative$Serializer,net/minecraft/server/v1_14_R1/LootItemConditionAlternative$b,,,net/minecraft/class_186$class_188
cqp,net/minecraft/world/storage/loot/conditions/Alternative,net/minecraft/server/v1_14_R1/LootItemConditionAlternative,,,net/minecraft/class_186
cqq$a,net/minecraft/world/storage/loot/conditions/TableBonus$Serializer,net/minecraft/server/v1_14_R1/LootItemConditionTableBonus$a,,,net/minecraft/class_182$class_183
cqq,net/minecraft/world/storage/loot/conditions/TableBonus,net/minecraft/server/v1_14_R1/LootItemConditionTableBonus,,,net/minecraft/class_182
cqr,net/minecraft/world/storage/loot/ILootConditionConsumer,net/minecraft/server/v1_14_R1/LootItemConditionUser,,,net/minecraft/class_192
cqs$a,net/minecraft/world/storage/loot/conditions/DamageSourceProperties$Serializer,net/minecraft/server/v1_14_R1/LootItemConditionDamageSourceProperties$a,,,net/minecraft/class_190$class_191
cqs,net/minecraft/world/storage/loot/conditions/DamageSourceProperties,net/minecraft/server/v1_14_R1/LootItemConditionDamageSourceProperties,,,net/minecraft/class_190
cqt$b,net/minecraft/world/storage/loot/conditions/EntityHasScore$Serializer,net/minecraft/server/v1_14_R1/LootItemConditionEntityScore$b,,,net/minecraft/class_199$class_200
cqt,net/minecraft/world/storage/loot/conditions/EntityHasScore,net/minecraft/server/v1_14_R1/LootItemConditionEntityScore,,,net/minecraft/class_199
cqu$a,net/minecraft/world/storage/loot/conditions/SurvivesExplosion$Serializer,net/minecraft/server/v1_14_R1/LootItemConditionSurvivesExplosion$a,,,net/minecraft/class_201$class_202
cqu,net/minecraft/world/storage/loot/conditions/SurvivesExplosion,net/minecraft/server/v1_14_R1/LootItemConditionSurvivesExplosion,,,net/minecraft/class_201
cqv$a,net/minecraft/world/storage/loot/conditions/Inverted$Serializer,net/minecraft/server/v1_14_R1/LootItemConditionInverted$a,,,net/minecraft/class_207$class_208
cqv,net/minecraft/world/storage/loot/conditions/Inverted,net/minecraft/server/v1_14_R1/LootItemConditionInverted,,,net/minecraft/class_207
cqw$a,net/minecraft/world/storage/loot/conditions/LocationCheck$Serializer,net/minecraft/server/v1_14_R1/LootItemConditionLocationCheck$a,,,net/minecraft/class_205$class_206
cqw,net/minecraft/world/storage/loot/conditions/LocationCheck,net/minecraft/server/v1_14_R1/LootItemConditionLocationCheck,,,net/minecraft/class_205
cqx$a,net/minecraft/world/storage/loot/conditions/BlockStateProperty$Builder,net/minecraft/server/v1_14_R1/LootItemConditionBlockStateProperty$a,,,net/minecraft/class_212$class_213
cqx$b,net/minecraft/world/storage/loot/conditions/BlockStateProperty$Serializer,net/minecraft/server/v1_14_R1/LootItemConditionBlockStateProperty$b,,,net/minecraft/class_212$class_214
cqx,net/minecraft/world/storage/loot/conditions/BlockStateProperty,net/minecraft/server/v1_14_R1/LootItemConditionBlockStateProperty,,,net/minecraft/class_212
cqy$a,net/minecraft/world/storage/loot/conditions/ILootCondition$IBuilder,net/minecraft/server/v1_14_R1/LootItemCondition$a,,,net/minecraft/class_209$class_210
cqy$b,net/minecraft/world/storage/loot/conditions/ILootCondition$AbstractSerializer,net/minecraft/server/v1_14_R1/LootItemCondition$b,,,net/minecraft/class_209$class_211
cqy,net/minecraft/world/storage/loot/conditions/ILootCondition,net/minecraft/server/v1_14_R1/LootItemCondition,,,net/minecraft/class_209
cqz$a,net/minecraft/world/storage/loot/conditions/LootConditionManager$Serializer,net/minecraft/server/v1_14_R1/LootItemConditions$a,,,net/minecraft/class_217$class_218
cqz,net/minecraft/world/storage/loot/conditions/LootConditionManager,net/minecraft/server/v1_14_R1/LootItemConditions,,,net/minecraft/class_217
cr$a,net/minecraft/command/arguments/NBTPathArgument$EmptyListNode,net/minecraft/server/v1_14_R1/ArgumentNBTKey$a,,,net/minecraft/class_2203$class_2204
cr$b,net/minecraft/command/arguments/NBTPathArgument$StringNode,net/minecraft/server/v1_14_R1/ArgumentNBTKey$b,,,net/minecraft/class_2203$class_2205
cr$c,net/minecraft/command/arguments/NBTPathArgument$CollectionNode,net/minecraft/server/v1_14_R1/ArgumentNBTKey$c,,,net/minecraft/class_2203$class_2206
cr$e,net/minecraft/command/arguments/NBTPathArgument$ListNode,net/minecraft/server/v1_14_R1/ArgumentNBTKey$e,,,net/minecraft/class_2203$class_2207
cr$f,net/minecraft/command/arguments/NBTPathArgument$JsonNode,net/minecraft/server/v1_14_R1/ArgumentNBTKey$f,,,net/minecraft/class_2203$class_2208
cr$g,net/minecraft/command/arguments/NBTPathArgument$CompoundNode,net/minecraft/server/v1_14_R1/ArgumentNBTKey$g,,,net/minecraft/class_2203$class_3707
cr$h,net/minecraft/command/arguments/NBTPathArgument$NBTPath,net/minecraft/server/v1_14_R1/ArgumentNBTKey$h,,,net/minecraft/class_2203$class_2209
cr$i,net/minecraft/command/arguments/NBTPathArgument$INode,net/minecraft/server/v1_14_R1/ArgumentNBTKey$i,,,net/minecraft/class_2203$class_2210
cr,net/minecraft/command/arguments/NBTPathArgument,net/minecraft/server/v1_14_R1/ArgumentNBTKey,,,net/minecraft/class_2203
cra$a,net/minecraft/world/storage/loot/conditions/EntityHasProperty$Serializer,net/minecraft/server/v1_14_R1/LootItemConditionEntityProperty$a,,,net/minecraft/class_215$class_216
cra,net/minecraft/world/storage/loot/conditions/EntityHasProperty,net/minecraft/server/v1_14_R1/LootItemConditionEntityProperty,,,net/minecraft/class_215
crb$a,net/minecraft/world/storage/loot/conditions/KilledByPlayer$Serializer,net/minecraft/server/v1_14_R1/LootItemConditionKilledByPlayer$a,,,net/minecraft/class_221$class_222
crb,net/minecraft/world/storage/loot/conditions/KilledByPlayer,net/minecraft/server/v1_14_R1/LootItemConditionKilledByPlayer,,,net/minecraft/class_221
crc$a,net/minecraft/world/storage/loot/conditions/RandomChance$Serializer,net/minecraft/server/v1_14_R1/LootItemConditionRandomChance$a,,,net/minecraft/class_219$class_220
crc,net/minecraft/world/storage/loot/conditions/RandomChance,net/minecraft/server/v1_14_R1/LootItemConditionRandomChance,,,net/minecraft/class_219
crd$a,net/minecraft/world/storage/loot/conditions/RandomChanceWithLooting$Serializer,net/minecraft/server/v1_14_R1/LootItemConditionRandomChanceWithLooting$a,,,net/minecraft/class_225$class_226
crd,net/minecraft/world/storage/loot/conditions/RandomChanceWithLooting,net/minecraft/server/v1_14_R1/LootItemConditionRandomChanceWithLooting,,,net/minecraft/class_225
cre$a,net/minecraft/world/storage/loot/conditions/MatchTool$Serializer,net/minecraft/server/v1_14_R1/LootItemConditionMatchTool$a,,,net/minecraft/class_223$class_224
cre,net/minecraft/world/storage/loot/conditions/MatchTool,net/minecraft/server/v1_14_R1/LootItemConditionMatchTool,,,net/minecraft/class_223
crf$b,net/minecraft/world/storage/loot/conditions/WeatherCheck$Serializer,net/minecraft/server/v1_14_R1/LootItemConditionWeatherCheck$b,,,net/minecraft/class_227$class_228
crf,net/minecraft/world/storage/loot/conditions/WeatherCheck,net/minecraft/server/v1_14_R1/LootItemConditionWeatherCheck,,,net/minecraft/class_227
crj$a,net/minecraft/command/TimedFunction$Serializer,net/minecraft/server/v1_14_R1/CustomFunctionCallback$a,,,net/minecraft/class_231$class_232
crj,net/minecraft/command/TimedFunction,net/minecraft/server/v1_14_R1/CustomFunctionCallback,,,net/minecraft/class_231
crk$a,net/minecraft/command/TimedFunctionTag$Serializer,net/minecraft/server/v1_14_R1/CustomFunctionCallbackTag$a,,,net/minecraft/class_229$class_230
crk,net/minecraft/command/TimedFunctionTag,net/minecraft/server/v1_14_R1/CustomFunctionCallbackTag,,,net/minecraft/class_229
crl$a,net/minecraft/command/ITimerCallback$Serializer,net/minecraft/server/v1_14_R1/CustomFunctionCallbackTimer$a,,,net/minecraft/class_234$class_235
crl,net/minecraft/command/ITimerCallback,net/minecraft/server/v1_14_R1/CustomFunctionCallbackTimer,,,net/minecraft/class_234
crm,net/minecraft/command/TimerCallbackSerializers,net/minecraft/server/v1_14_R1/CustomFunctionCallbackTimers,,,net/minecraft/class_233
crn$a,net/minecraft/command/TimerCallbackManager$Entry,net/minecraft/server/v1_14_R1/CustomFunctionCallbackTimerQueue$a,,,net/minecraft/class_236$class_237
crn,net/minecraft/command/TimerCallbackManager,net/minecraft/server/v1_14_R1/CustomFunctionCallbackTimerQueue,,,net/minecraft/class_236
crq,net/minecraft/util/math/AxisAlignedBB,net/minecraft/server/v1_14_R1/AxisAlignedBB,,,net/minecraft/class_238
crr,net/minecraft/util/math/BlockRayTraceResult,net/minecraft/server/v1_14_R1/MovingObjectPositionBlock,,,net/minecraft/class_3965
crs,net/minecraft/util/math/EntityRayTraceResult,net/minecraft/server/v1_14_R1/MovingObjectPositionEntity,,,net/minecraft/class_3966
crt$a,net/minecraft/util/math/RayTraceResult$Type,net/minecraft/server/v1_14_R1/MovingObjectPosition$EnumMovingObjectType,,,net/minecraft/class_239$class_240
crt,net/minecraft/util/math/RayTraceResult,net/minecraft/server/v1_14_R1/MovingObjectPosition,,,net/minecraft/class_239
cru,net/minecraft/util/math/Vec2f,net/minecraft/server/v1_14_R1/Vec2F,,,net/minecraft/class_241
crv,net/minecraft/util/math/Vec3d,net/minecraft/server/v1_14_R1/Vec3D,,,net/minecraft/class_243
crx,net/minecraft/util/math/shapes/VoxelShapeArray,net/minecraft/server/v1_14_R1/VoxelShapeArray,,,net/minecraft/class_245
cry,net/minecraft/util/math/shapes/BitSetVoxelShapePart,net/minecraft/server/v1_14_R1/VoxelShapeBitSet,,,net/minecraft/class_244
crz,net/minecraft/util/math/shapes/IBooleanFunction,net/minecraft/server/v1_14_R1/OperatorBoolean,,,net/minecraft/class_247
cs,net/minecraft/command/arguments/NBTTagArgument,net/minecraft/server/v1_14_R1/ArgumentNBTBase,,,net/minecraft/class_2212
csa,net/minecraft/util/math/shapes/ISelectionContext,net/minecraft/server/v1_14_R1/VoxelShapeCollision,,,net/minecraft/class_3726
csb,net/minecraft/util/math/shapes/DoubleRangeList,net/minecraft/server/v1_14_R1/VoxelShapeCubePoint,,,net/minecraft/class_246
csc,net/minecraft/util/math/shapes/VoxelShapeCube,net/minecraft/server/v1_14_R1/VoxelShapeCube,,,net/minecraft/class_249
csd,net/minecraft/util/math/shapes/DoubleCubeMergingList,net/minecraft/server/v1_14_R1/VoxelShapeCubeMerger,,,net/minecraft/class_248
cse$a,net/minecraft/util/math/shapes/VoxelShapePart$IFaceConsumer,net/minecraft/server/v1_14_R1/VoxelShapeDiscrete$a,,,net/minecraft/class_251$class_252
cse$b,net/minecraft/util/math/shapes/VoxelShapePart$ILineConsumer,net/minecraft/server/v1_14_R1/VoxelShapeDiscrete$b,,,net/minecraft/class_251$class_253
cse,net/minecraft/util/math/shapes/VoxelShapePart,net/minecraft/server/v1_14_R1/VoxelShapeDiscrete,,,net/minecraft/class_251
csf$1,net/minecraft/util/math/shapes/EntitySelectionContext$1,net/minecraft/server/v1_14_R1/VoxelShapeCollisionEntity$1,,,net/minecraft/class_3727$1
csf,net/minecraft/util/math/shapes/EntitySelectionContext,net/minecraft/server/v1_14_R1/VoxelShapeCollisionEntity,,,net/minecraft/class_3727
csg,net/minecraft/util/math/shapes/SimpleDoubleMerger,net/minecraft/server/v1_14_R1/VoxelShapeMergerIdentical,,,net/minecraft/class_250
csh$a,net/minecraft/util/math/shapes/IDoubleListMerger$IConsumer,net/minecraft/server/v1_14_R1/VoxelShapeMerger$a,,,net/minecraft/class_255$class_256
csh,net/minecraft/util/math/shapes/IDoubleListMerger,net/minecraft/server/v1_14_R1/VoxelShapeMerger,,,net/minecraft/class_255
csi,net/minecraft/util/math/shapes/IndirectMerger,net/minecraft/server/v1_14_R1/VoxelShapeMergerList,,,net/minecraft/class_254
csj,net/minecraft/util/math/shapes/IntRangeList,net/minecraft/server/v1_14_R1/DoubleListRange,,,net/minecraft/class_258
csk,net/minecraft/util/math/shapes/NonOverlappingMerger,net/minecraft/server/v1_14_R1/VoxelShapeMergerDisjoint,,,net/minecraft/class_257
csl,net/minecraft/util/math/shapes/OffsetDoubleList,net/minecraft/server/v1_14_R1/DoubleListOffset,,,net/minecraft/class_261
csm$a,net/minecraft/util/math/shapes/VoxelShapes$ILineConsumer,net/minecraft/server/v1_14_R1/VoxelShapes$a,,,net/minecraft/class_259$class_260
csm,net/minecraft/util/math/shapes/VoxelShapes,net/minecraft/server/v1_14_R1/VoxelShapes,,,net/minecraft/class_259
csn,net/minecraft/util/math/shapes/SplitVoxelShape,net/minecraft/server/v1_14_R1/VoxelShapeSlice,,,net/minecraft/class_263
cso,net/minecraft/util/math/shapes/PartSplitVoxelShape,net/minecraft/server/v1_14_R1/VoxelShapeDiscreteSlice,,,net/minecraft/class_262
csp,net/minecraft/util/math/shapes/VoxelShape,net/minecraft/server/v1_14_R1/VoxelShape,,,net/minecraft/class_265
csq,net/minecraft/util/math/shapes/VoxelShapeInt,net/minecraft/server/v1_14_R1/VoxelShapeWorldRegion,,,net/minecraft/class_264
css,net/minecraft/scoreboard/ScoreObjective,net/minecraft/server/v1_14_R1/ScoreboardObjective,,,net/minecraft/class_266
cst,net/minecraft/scoreboard/ScorePlayerTeam,net/minecraft/server/v1_14_R1/ScoreboardTeam,,,net/minecraft/class_268
csu,net/minecraft/scoreboard/Score,net/minecraft/server/v1_14_R1/ScoreboardScore,,,net/minecraft/class_267
csv,net/minecraft/scoreboard/Scoreboard,net/minecraft/server/v1_14_R1/Scoreboard,,,net/minecraft/class_269
csw,net/minecraft/scoreboard/ScoreboardSaveData,net/minecraft/server/v1_14_R1/PersistentScoreboard,,,net/minecraft/class_273
csx$a,net/minecraft/scoreboard/Team$CollisionRule,net/minecraft/server/v1_14_R1/ScoreboardTeamBase$EnumTeamPush,,,net/minecraft/class_270$class_271
csx$b,net/minecraft/scoreboard/Team$Visible,net/minecraft/server/v1_14_R1/ScoreboardTeamBase$EnumNameTagVisibility,,,net/minecraft/class_270$class_272
csx,net/minecraft/scoreboard/Team,net/minecraft/server/v1_14_R1/ScoreboardTeamBase,,,net/minecraft/class_270
csy$a,net/minecraft/scoreboard/ScoreCriteria$RenderType,net/minecraft/server/v1_14_R1/IScoreboardCriteria$EnumScoreboardHealthDisplay,,,net/minecraft/class_274$class_275
csy,net/minecraft/scoreboard/ScoreCriteria,net/minecraft/server/v1_14_R1/IScoreboardCriteria,,,net/minecraft/class_274
ct,net/minecraft/command/arguments/ObjectiveArgument,net/minecraft/server/v1_14_R1/ArgumentScoreboardObjective,,,net/minecraft/class_2214
cu,net/minecraft/command/arguments/ObjectiveCriteriaArgument,net/minecraft/server/v1_14_R1/ArgumentScoreboardCriteria,,,net/minecraft/class_2216
cv$a,net/minecraft/command/arguments/OperationArgument$IOperation,net/minecraft/server/v1_14_R1/ArgumentMathOperation$a,,,net/minecraft/class_2218$class_2219
cv$b,net/minecraft/command/arguments/OperationArgument$IIntOperation,net/minecraft/server/v1_14_R1/ArgumentMathOperation$b,,,net/minecraft/class_2218$class_2220
cv,net/minecraft/command/arguments/OperationArgument,net/minecraft/server/v1_14_R1/ArgumentMathOperation,,,net/minecraft/class_2218
cw,net/minecraft/command/arguments/ParticleArgument,net/minecraft/server/v1_14_R1/ArgumentParticle,,,net/minecraft/class_2223
cx$a$a,net/minecraft/command/arguments/IRangeArgument$FloatRange$Serializer,net/minecraft/server/v1_14_R1/ArgumentCriterionValue$a$a,,,net/minecraft/class_2224$class_2225$class_2226
cx$a,net/minecraft/command/arguments/IRangeArgument$FloatRange,net/minecraft/server/v1_14_R1/ArgumentCriterionValue$a,,,net/minecraft/class_2224$class_2225
cx$b$a,net/minecraft/command/arguments/IRangeArgument$IntRange$Serializer,net/minecraft/server/v1_14_R1/ArgumentCriterionValue$b$a,,,net/minecraft/class_2224$class_2227$class_2228
cx$b,net/minecraft/command/arguments/IRangeArgument$IntRange,net/minecraft/server/v1_14_R1/ArgumentCriterionValue$b,,,net/minecraft/class_2224$class_2227
cx$c,net/minecraft/command/arguments/IRangeArgument$Serializer,net/minecraft/server/v1_14_R1/ArgumentCriterionValue$c,,,net/minecraft/class_2224$class_2229
cx,net/minecraft/command/arguments/IRangeArgument,net/minecraft/server/v1_14_R1/ArgumentCriterionValue,,,net/minecraft/class_2224
cy,net/minecraft/command/arguments/ResourceLocationArgument,net/minecraft/server/v1_14_R1/ArgumentMinecraftKeyRegistered,,,net/minecraft/class_2232
cz$a,net/minecraft/command/arguments/ScoreHolderArgument$INameProvider,net/minecraft/server/v1_14_R1/ArgumentScoreholder$a,,,net/minecraft/class_2233$class_2234
cz$b,net/minecraft/command/arguments/ScoreHolderArgument$NameProvider,net/minecraft/server/v1_14_R1/ArgumentScoreholder$b,,,net/minecraft/class_2233$class_2235
cz$c,net/minecraft/command/arguments/ScoreHolderArgument$Serializer,net/minecraft/server/v1_14_R1/ArgumentScoreholder$c,,,net/minecraft/class_2233$class_2236
cz,net/minecraft/command/arguments/ScoreHolderArgument,net/minecraft/server/v1_14_R1/ArgumentScoreholder,,,net/minecraft/class_2233
d,net/minecraft/crash/CrashReport,net/minecraft/server/v1_14_R1/CrashReport,,,net/minecraft/class_128
da,net/minecraft/command/arguments/ScoreboardSlotArgument,net/minecraft/server/v1_14_R1/ArgumentScoreboardSlot,,,net/minecraft/class_2239
db,net/minecraft/command/arguments/SlotArgument,net/minecraft/server/v1_14_R1/ArgumentInventorySlot,,,net/minecraft/class_2240
dc,net/minecraft/command/arguments/TeamArgument,net/minecraft/server/v1_14_R1/ArgumentScoreboardTeam,,,net/minecraft/class_2243
dd,net/minecraft/command/arguments/TimeArgument,net/minecraft/server/v1_14_R1/ArgumentTime,,,net/minecraft/class_2245
de,net/minecraft/command/arguments/BlockStateInput,net/minecraft/server/v1_14_R1/ArgumentTileLocation,,,net/minecraft/class_2247
df$a,net/minecraft/command/arguments/BlockPredicateArgument$BlockPredicate,net/minecraft/server/v1_14_R1/ArgumentBlockPredicate$a,,,net/minecraft/class_2252$class_2253
df$b,net/minecraft/command/arguments/BlockPredicateArgument$IResult,net/minecraft/server/v1_14_R1/ArgumentBlockPredicate$b,,,net/minecraft/class_2252$class_2254
df$c,net/minecraft/command/arguments/BlockPredicateArgument$TagPredicate,net/minecraft/server/v1_14_R1/ArgumentBlockPredicate$c,,,net/minecraft/class_2252$class_2255
df,net/minecraft/command/arguments/BlockPredicateArgument,net/minecraft/server/v1_14_R1/ArgumentBlockPredicate,,,net/minecraft/class_2252
dg,net/minecraft/command/arguments/BlockStateArgument,net/minecraft/server/v1_14_R1/ArgumentTile,,,net/minecraft/class_2257
dh,net/minecraft/command/arguments/BlockStateParser,net/minecraft/server/v1_14_R1/ArgumentBlock,,,net/minecraft/class_2259
dj,net/minecraft/command/arguments/BlockPosArgument,net/minecraft/server/v1_14_R1/ArgumentPosition,,,net/minecraft/class_2262
dk,net/minecraft/command/arguments/ColumnPosArgument,net/minecraft/server/v1_14_R1/ArgumentVec2I,,,net/minecraft/class_2264
dl,net/minecraft/command/arguments/ILocationArgument,net/minecraft/server/v1_14_R1/IVectorPosition,,,net/minecraft/class_2267
dm,net/minecraft/command/arguments/LocalLocationArgument,net/minecraft/server/v1_14_R1/ArgumentVectorPosition,,,net/minecraft/class_2268
dn,net/minecraft/command/arguments/RotationArgument,net/minecraft/server/v1_14_R1/ArgumentRotation,,,net/minecraft/class_2270
dp,net/minecraft/command/arguments/SwizzleArgument,net/minecraft/server/v1_14_R1/ArgumentRotationAxis,,,net/minecraft/class_2273
dq,net/minecraft/command/arguments/Vec2Argument,net/minecraft/server/v1_14_R1/ArgumentVec2,,,net/minecraft/class_2274
dr,net/minecraft/command/arguments/Vec3Argument,net/minecraft/server/v1_14_R1/ArgumentVec3,,,net/minecraft/class_2277
ds,net/minecraft/command/arguments/LocationPart,net/minecraft/server/v1_14_R1/ArgumentParserPosition,,,net/minecraft/class_2278
dt,net/minecraft/command/arguments/LocationInput,net/minecraft/server/v1_14_R1/VectorPosition,,,net/minecraft/class_2280
dv$1,net/minecraft/command/arguments/FunctionArgument$1,net/minecraft/server/v1_14_R1/ArgumentTag$1,,,net/minecraft/class_2284$1
dv$2,net/minecraft/command/arguments/FunctionArgument$2,net/minecraft/server/v1_14_R1/ArgumentTag$2,,,net/minecraft/class_2284$2
dv$a,net/minecraft/command/arguments/FunctionArgument$IResult,net/minecraft/server/v1_14_R1/ArgumentTag$a,,,net/minecraft/class_2284$class_2285
dv,net/minecraft/command/arguments/FunctionArgument,net/minecraft/server/v1_14_R1/ArgumentTag,,,net/minecraft/class_2284
dw,net/minecraft/command/arguments/ItemArgument,net/minecraft/server/v1_14_R1/ArgumentItemStack,,,net/minecraft/class_2287
dx,net/minecraft/command/arguments/ItemInput,net/minecraft/server/v1_14_R1/ArgumentPredicateItemStack,,,net/minecraft/class_2290
dy,net/minecraft/command/arguments/ItemParser,net/minecraft/server/v1_14_R1/ArgumentParserItemStack,,,net/minecraft/class_2291
dz$a,net/minecraft/command/arguments/ItemPredicateArgument$ItemPredicate,net/minecraft/server/v1_14_R1/ArgumentItemPredicate$a,,,net/minecraft/class_2293$class_2294
dz$b,net/minecraft/command/arguments/ItemPredicateArgument$IResult,net/minecraft/server/v1_14_R1/ArgumentItemPredicate$b,,,net/minecraft/class_2293$class_2295
dz$c,net/minecraft/command/arguments/ItemPredicateArgument$TagPredicate,net/minecraft/server/v1_14_R1/ArgumentItemPredicate$c,,,net/minecraft/class_2293$class_2296
dz,net/minecraft/command/arguments/ItemPredicateArgument,net/minecraft/server/v1_14_R1/ArgumentItemPredicate,,,net/minecraft/class_2293
e$a,net/minecraft/crash/CrashReportCategory$Entry,net/minecraft/server/v1_14_R1/CrashReportSystemDetails$CrashReportDetail,,,net/minecraft/class_129$class_130
e,net/minecraft/crash/CrashReportCategory,net/minecraft/server/v1_14_R1/CrashReportSystemDetails,,,net/minecraft/class_129
ec,net/minecraft/command/arguments/EntitySelector,net/minecraft/server/v1_14_R1/EntitySelector,,,net/minecraft/class_2300
ed,net/minecraft/command/arguments/EntitySelectorParser,net/minecraft/server/v1_14_R1/ArgumentParserSelector,,,net/minecraft/class_2303
ee$a,net/minecraft/command/arguments/EntityOptions$IFilter,net/minecraft/server/v1_14_R1/PlayerSelector$a,,,net/minecraft/class_2306$class_2307
ee$b,net/minecraft/command/arguments/EntityOptions$OptionHandler,net/minecraft/server/v1_14_R1/PlayerSelector$b,,,net/minecraft/class_2306$class_2308
ee,net/minecraft/command/arguments/EntityOptions,net/minecraft/server/v1_14_R1/PlayerSelector,,,net/minecraft/class_2306
ej,net/minecraft/command/arguments/IArgumentSerializer,net/minecraft/server/v1_14_R1/ArgumentSerializer,,,net/minecraft/class_2314
ek$a,net/minecraft/command/arguments/ArgumentTypes$Entry,net/minecraft/server/v1_14_R1/ArgumentRegistry$a,,,net/minecraft/class_2316$class_2317
ek,net/minecraft/command/arguments/ArgumentTypes,net/minecraft/server/v1_14_R1/ArgumentRegistry,,,net/minecraft/class_2316
el,net/minecraft/command/arguments/ArgumentSerializer,net/minecraft/server/v1_14_R1/ArgumentSerializerVoid,,,net/minecraft/class_2319
em$a,net/minecraft/command/arguments/SuggestionProviders$Wrapper,net/minecraft/server/v1_14_R1/CompletionProviders$a,,,net/minecraft/class_2321$class_2322
em,net/minecraft/command/arguments/SuggestionProviders,net/minecraft/server/v1_14_R1/CompletionProviders,,,net/minecraft/class_2321
en,net/minecraft/command/arguments/serializers/BrigadierSerializers,net/minecraft/server/v1_14_R1/ArgumentSerializers,,,net/minecraft/class_2324
eo,net/minecraft/command/arguments/serializers/DoubleArgumentSerializer,net/minecraft/server/v1_14_R1/ArgumentSerializerDouble,,,net/minecraft/class_2326
ep,net/minecraft/command/arguments/serializers/FloatArgumentSerializer,net/minecraft/server/v1_14_R1/ArgumentSerializerFloat,,,net/minecraft/class_2327
eq,net/minecraft/command/arguments/serializers/IntArgumentSerializer,net/minecraft/server/v1_14_R1/ArgumentSerializerInteger,,,net/minecraft/class_2330
er,net/minecraft/command/arguments/serializers/StringArgumentSerializer,net/minecraft/server/v1_14_R1/ArgumentSerializerString,,,net/minecraft/class_2332
eu$1,net/minecraft/util/AxisRotation$1,net/minecraft/server/v1_14_R1/EnumAxisCycle$1,,,net/minecraft/class_2335$1
eu$2,net/minecraft/util/AxisRotation$2,net/minecraft/server/v1_14_R1/EnumAxisCycle$2,,,net/minecraft/class_2335$2
eu$3,net/minecraft/util/AxisRotation$3,net/minecraft/server/v1_14_R1/EnumAxisCycle$3,,,net/minecraft/class_2335$3
eu,net/minecraft/util/AxisRotation,net/minecraft/server/v1_14_R1/EnumAxisCycle,,,net/minecraft/class_2335
ev$1,net/minecraft/util/math/BlockPos$1,net/minecraft/server/v1_14_R1/BlockPosition$1,,,net/minecraft/class_2338$1
ev$2,net/minecraft/util/math/BlockPos$2,net/minecraft/server/v1_14_R1/BlockPosition$2,,,net/minecraft/class_2338$2
ev$a,net/minecraft/util/math/BlockPos$MutableBlockPos,net/minecraft/server/v1_14_R1/BlockPosition$MutableBlockPosition,,,net/minecraft/class_2338$class_2339
ev$b,net/minecraft/util/math/BlockPos$PooledMutableBlockPos,net/minecraft/server/v1_14_R1/BlockPosition$PooledBlockPosition,,,net/minecraft/class_2338$class_2340
ev,net/minecraft/util/math/BlockPos,net/minecraft/server/v1_14_R1/BlockPosition,,,net/minecraft/class_2338
ew,net/minecraft/dispenser/IBlockSource,net/minecraft/server/v1_14_R1/ISourceBlock,,,net/minecraft/class_2342
ex,net/minecraft/dispenser/ProxyBlockSource,net/minecraft/server/v1_14_R1/SourceBlock,,,net/minecraft/class_2345
ey,net/minecraft/util/math/CubeCoordinateIterator,net/minecraft/server/v1_14_R1/CursorPosition,,,net/minecraft/class_3980
ez,net/minecraft/util/registry/DefaultedRegistry,net/minecraft/server/v1_14_R1/RegistryBlocks,,,net/minecraft/class_2348
f,net/minecraft/crash/ICrashReportDetail,net/minecraft/server/v1_14_R1/CrashReportCallable,,,net/minecraft/class_133
fa$a$1,net/minecraft/util/Direction$Axis$1,net/minecraft/server/v1_14_R1/EnumDirection$EnumAxis$1,,,net/minecraft/class_2350$class_2351$1
fa$a$2,net/minecraft/util/Direction$Axis$2,net/minecraft/server/v1_14_R1/EnumDirection$EnumAxis$2,,,net/minecraft/class_2350$class_2351$2
fa$a$3,net/minecraft/util/Direction$Axis$3,net/minecraft/server/v1_14_R1/EnumDirection$EnumAxis$3,,,net/minecraft/class_2350$class_2351$3
fa$a,net/minecraft/util/Direction$Axis,net/minecraft/server/v1_14_R1/EnumDirection$EnumAxis,,,net/minecraft/class_2350$class_2351
fa$b,net/minecraft/util/Direction$AxisDirection,net/minecraft/server/v1_14_R1/EnumDirection$EnumAxisDirection,,,net/minecraft/class_2350$class_2352
fa$c,net/minecraft/util/Direction$Plane,net/minecraft/server/v1_14_R1/EnumDirection$EnumDirectionLimit,,,net/minecraft/class_2350$class_2353
fa,net/minecraft/util/Direction,net/minecraft/server/v1_14_R1/EnumDirection,,,net/minecraft/class_2350
fb,net/minecraft/util/Direction8,net/minecraft/server/v1_14_R1/EnumDirection8,,,net/minecraft/class_2355
fc,net/minecraft/util/math/GlobalPos,net/minecraft/server/v1_14_R1/GlobalPos,,,net/minecraft/class_4208
fd,net/minecraft/util/IObjectIntIterable,net/minecraft/server/v1_14_R1/Registry,,,net/minecraft/class_2359
fe,net/minecraft/util/ObjectIntIdentityMap,net/minecraft/server/v1_14_R1/RegistryBlockID,,,net/minecraft/class_2361
ff,net/minecraft/dispenser/ILocatableSource,net/minecraft/server/v1_14_R1/ILocationSource,,,net/minecraft/class_2364
fg,net/minecraft/dispenser/ILocation,net/minecraft/server/v1_14_R1/ISource,,,net/minecraft/class_2365
fh,net/minecraft/util/MapPopulator,net/minecraft/server/v1_14_R1/MapGeneratorUtils,,,net/minecraft/class_2367
fi,net/minecraft/util/registry/SimpleRegistry,net/minecraft/server/v1_14_R1/RegistryMaterials,,,net/minecraft/class_2370
fj,net/minecraft/util/NonNullList,net/minecraft/server/v1_14_R1/NonNullList,,,net/minecraft/class_2371
fk,net/minecraft/dispenser/IPosition,net/minecraft/server/v1_14_R1/IPosition,,,net/minecraft/class_2374
fl,net/minecraft/dispenser/Position,net/minecraft/server/v1_14_R1/Position,,,net/minecraft/class_2376
fm,net/minecraft/util/registry/Registry,net/minecraft/server/v1_14_R1/IRegistry,,,net/minecraft/class_2378
fn,net/minecraft/util/math/Rotations,net/minecraft/server/v1_14_R1/Vector3f,,,net/minecraft/class_2379
fo$1,net/minecraft/util/math/SectionPos$1,net/minecraft/server/v1_14_R1/SectionPosition$1,,,net/minecraft/class_4076$1
fo,net/minecraft/util/math/SectionPos,net/minecraft/server/v1_14_R1/SectionPosition,,,net/minecraft/class_4076
fq,net/minecraft/util/math/Vec3i,net/minecraft/server/v1_14_R1/BaseBlockPosition,,,net/minecraft/class_2382
fr,net/minecraft/util/registry/MutableRegistry,net/minecraft/server/v1_14_R1/IRegistryWritable,,,net/minecraft/class_2385
fs,net/minecraft/dispenser/ProjectileDispenseBehavior,net/minecraft/server/v1_14_R1/DispenseBehaviorProjectile,,,net/minecraft/class_2965
ft,net/minecraft/dispenser/DispenseBoatBehavior,net/minecraft/server/v1_14_R1/DispenseBehaviorBoat,,,net/minecraft/class_2967
fu,net/minecraft/dispenser/DefaultDispenseItemBehavior,net/minecraft/server/v1_14_R1/DispenseBehaviorItem,,,net/minecraft/class_2347
fv$1,net/minecraft/dispenser/IDispenseItemBehavior$1,net/minecraft/server/v1_14_R1/IDispenseBehavior$1,,,net/minecraft/class_2357$1
fv$10,net/minecraft/dispenser/IDispenseItemBehavior$18,net/minecraft/server/v1_14_R1/IDispenseBehavior$10,,,net/minecraft/class_2357$10
fv$11,net/minecraft/dispenser/IDispenseItemBehavior$19,net/minecraft/server/v1_14_R1/IDispenseBehavior$11,,,net/minecraft/class_2357$11
fv$12,net/minecraft/dispenser/IDispenseItemBehavior$2,net/minecraft/server/v1_14_R1/IDispenseBehavior$12,,,net/minecraft/class_2357$12
fv$13,net/minecraft/dispenser/IDispenseItemBehavior$20,net/minecraft/server/v1_14_R1/IDispenseBehavior$13,,,net/minecraft/class_2357$13
fv$14,net/minecraft/dispenser/IDispenseItemBehavior$3,net/minecraft/server/v1_14_R1/IDispenseBehavior$14,,,net/minecraft/class_2357$14
fv$15,net/minecraft/dispenser/IDispenseItemBehavior$4,net/minecraft/server/v1_14_R1/IDispenseBehavior$15,,,net/minecraft/class_2357$15
fv$16,net/minecraft/dispenser/IDispenseItemBehavior$5,net/minecraft/server/v1_14_R1/IDispenseBehavior$16,,,net/minecraft/class_2357$16
fv$17,net/minecraft/dispenser/IDispenseItemBehavior$6,net/minecraft/server/v1_14_R1/IDispenseBehavior$17,,,net/minecraft/class_2357$17
fv$18$1,net/minecraft/dispenser/IDispenseItemBehavior$7$1,net/minecraft/server/v1_14_R1/IDispenseBehavior$18$1,,,net/minecraft/class_2357$18$1
fv$18,net/minecraft/dispenser/IDispenseItemBehavior$7,net/minecraft/server/v1_14_R1/IDispenseBehavior$18,,,net/minecraft/class_2357$18
fv$19$1,net/minecraft/dispenser/IDispenseItemBehavior$8$1,net/minecraft/server/v1_14_R1/IDispenseBehavior$19$1,,,net/minecraft/class_2357$19$1
fv$19,net/minecraft/dispenser/IDispenseItemBehavior$8,net/minecraft/server/v1_14_R1/IDispenseBehavior$19,,,net/minecraft/class_2357$19
fv$2,net/minecraft/dispenser/IDispenseItemBehavior$10,net/minecraft/server/v1_14_R1/IDispenseBehavior$2,,,net/minecraft/class_2357$2
fv$20,net/minecraft/dispenser/IDispenseItemBehavior$9,net/minecraft/server/v1_14_R1/IDispenseBehavior$20,,,net/minecraft/class_2357$20
fv$3,net/minecraft/dispenser/IDispenseItemBehavior$11,net/minecraft/server/v1_14_R1/IDispenseBehavior$3,,,net/minecraft/class_2357$3
fv$4,net/minecraft/dispenser/IDispenseItemBehavior$12,net/minecraft/server/v1_14_R1/IDispenseBehavior$4,,,net/minecraft/class_2357$4
fv$5,net/minecraft/dispenser/IDispenseItemBehavior$13,net/minecraft/server/v1_14_R1/IDispenseBehavior$5,,,net/minecraft/class_2357$5
fv$6,net/minecraft/dispenser/IDispenseItemBehavior$14,net/minecraft/server/v1_14_R1/IDispenseBehavior$6,,,net/minecraft/class_2357$6
fv$7,net/minecraft/dispenser/IDispenseItemBehavior$15,net/minecraft/server/v1_14_R1/IDispenseBehavior$7,,,net/minecraft/class_2357$7
fv$8,net/minecraft/dispenser/IDispenseItemBehavior$16,net/minecraft/server/v1_14_R1/IDispenseBehavior$8,,,net/minecraft/class_2357$8
fv$9,net/minecraft/dispenser/IDispenseItemBehavior$17,net/minecraft/server/v1_14_R1/IDispenseBehavior$9,,,net/minecraft/class_2357$9
fv,net/minecraft/dispenser/IDispenseItemBehavior,net/minecraft/server/v1_14_R1/IDispenseBehavior,,,net/minecraft/class_2357
fw,net/minecraft/dispenser/OptionalDispenseBehavior,net/minecraft/server/v1_14_R1/DispenseBehaviorMaybe,,,net/minecraft/class_2969
fx,net/minecraft/dispenser/ShulkerBoxDispenseBehavior,net/minecraft/server/v1_14_R1/DispenseBehaviorShulkerBox,,,net/minecraft/class_2970
g,net/minecraft/util/DefaultUncaughtExceptionHandler,net/minecraft/server/v1_14_R1/DefaultUncaughtExceptionHandler,,,net/minecraft/class_140
ga$1,net/minecraft/particles/BlockParticleData$1,net/minecraft/server/v1_14_R1/ParticleParamBlock$1,,,net/minecraft/class_2388$1
ga,net/minecraft/particles/BlockParticleData,net/minecraft/server/v1_14_R1/ParticleParamBlock,,,net/minecraft/class_2388
gb$1,net/minecraft/particles/RedstoneParticleData$1,net/minecraft/server/v1_14_R1/ParticleParamRedstone$1,,,net/minecraft/class_2390$1
gb,net/minecraft/particles/RedstoneParticleData,net/minecraft/server/v1_14_R1/ParticleParamRedstone,,,net/minecraft/class_2390
gc$1,net/minecraft/particles/ItemParticleData$1,net/minecraft/server/v1_14_R1/ParticleParamItem$1,,,net/minecraft/class_2392$1
gc,net/minecraft/particles/ItemParticleData,net/minecraft/server/v1_14_R1/ParticleParamItem,,,net/minecraft/class_2392
gd$a,net/minecraft/particles/IParticleData$IDeserializer,net/minecraft/server/v1_14_R1/ParticleParam$a,,,net/minecraft/class_2394$class_2395
gd,net/minecraft/particles/IParticleData,net/minecraft/server/v1_14_R1/ParticleParam,,,net/minecraft/class_2394
ge,net/minecraft/particles/ParticleType,net/minecraft/server/v1_14_R1/Particle,,,net/minecraft/class_2396
gf,net/minecraft/particles/ParticleTypes,net/minecraft/server/v1_14_R1/Particles,,,net/minecraft/class_2398
gg$1,net/minecraft/particles/BasicParticleType$1,net/minecraft/server/v1_14_R1/ParticleType$1,,,net/minecraft/class_2400$1
gg,net/minecraft/particles/BasicParticleType,net/minecraft/server/v1_14_R1/ParticleType,,,net/minecraft/class_2400
gi,net/minecraft/data/DataGenerator,net/minecraft/server/v1_14_R1/DebugReportGenerator,,,net/minecraft/class_2403
gj,net/minecraft/data/IDataProvider,net/minecraft/server/v1_14_R1/DebugReportProvider,,,net/minecraft/class_2405
gk,net/minecraft/data/DirectoryCache,net/minecraft/server/v1_14_R1/HashCache,,,net/minecraft/class_2408
gl,net/minecraft/data/AdvancementProvider,net/minecraft/server/v1_14_R1/DebugReportAdvancement,,,net/minecraft/class_2409
gm,net/minecraft/data/advancements/AdventureAdvancements,net/minecraft/server/v1_14_R1/DebugReportAdvancementAdventure,,,net/minecraft/class_2412
gn,net/minecraft/data/advancements/HusbandryAdvancements,net/minecraft/server/v1_14_R1/DebugReportAdvancementHusbandry,,,net/minecraft/class_2414
go,net/minecraft/data/advancements/NetherAdvancements,net/minecraft/server/v1_14_R1/DebugReportAdvancementNether,,,net/minecraft/class_2416
gp,net/minecraft/data/advancements/StoryAdvancements,net/minecraft/server/v1_14_R1/DebugReportAdvancementStory,,,net/minecraft/class_2417
gq,net/minecraft/data/advancements/EndAdvancements,net/minecraft/server/v1_14_R1/DebugReportAdvancementTheEnd,,,net/minecraft/class_2419
gs,net/minecraft/data/BlockListReport,net/minecraft/server/v1_14_R1/DebugReportBlocks,,,net/minecraft/class_2422
gt,net/minecraft/data/CommandsReport,net/minecraft/server/v1_14_R1/DebugReportCommands,,,net/minecraft/class_2425
gu,net/minecraft/data/RegistryDumpReport,net/minecraft/server/v1_14_R1/DebugReportRegistry,,,net/minecraft/class_2427
gw,net/minecraft/data/loot/BlockLootTables,net/minecraft/server/v1_14_R1/DebugReportLootBlock,,,net/minecraft/class_2430
gx,net/minecraft/data/loot/ChestLootTables,net/minecraft/server/v1_14_R1/DebugReportLootChest,,,net/minecraft/class_2432
gy,net/minecraft/data/loot/EntityLootTables,net/minecraft/server/v1_14_R1/DebugReportLootEntity,,,net/minecraft/class_2434
gz,net/minecraft/data/loot/FishingLootTables,net/minecraft/server/v1_14_R1/DebugReportLootFishing,,,net/minecraft/class_2437
h,net/minecraft/util/DefaultWithNameUncaughtExceptionHandler,net/minecraft/server/v1_14_R1/ThreadNamedUncaughtExceptionHandler,,,net/minecraft/class_143
ha,net/minecraft/data/loot/GiftLootTables,net/minecraft/server/v1_14_R1/DebugReportLootGift,,,net/minecraft/class_3714
hb,net/minecraft/data/LootTableProvider,net/minecraft/server/v1_14_R1/DebugReportProviderLoot,,,net/minecraft/class_2438
he,net/minecraft/data/IFinishedRecipe,net/minecraft/server/v1_14_R1/DebugReportRecipeData,,,net/minecraft/class_2444
hf,net/minecraft/data/RecipeProvider,net/minecraft/server/v1_14_R1/DebugReportRecipe,,,net/minecraft/class_2446
hg$a,net/minecraft/data/ShapedRecipeBuilder$Result,net/minecraft/server/v1_14_R1/DebugReportRecipeShaped$a,,,net/minecraft/class_2447$class_2448
hg,net/minecraft/data/ShapedRecipeBuilder,net/minecraft/server/v1_14_R1/DebugReportRecipeShaped,,,net/minecraft/class_2447
hh$a,net/minecraft/data/ShapelessRecipeBuilder$Result,net/minecraft/server/v1_14_R1/DebugReportRecipeShapeless$a,,,net/minecraft/class_2450$class_2451
hh,net/minecraft/data/ShapelessRecipeBuilder,net/minecraft/server/v1_14_R1/DebugReportRecipeShapeless,,,net/minecraft/class_2450
hi$a,net/minecraft/data/CookingRecipeBuilder$Result,net/minecraft/server/v1_14_R1/DebugReportRecipeCooking$a,,,net/minecraft/class_2454$class_2455
hi,net/minecraft/data/CookingRecipeBuilder,net/minecraft/server/v1_14_R1/DebugReportRecipeCooking,,,net/minecraft/class_2454
hj$a,net/minecraft/data/SingleItemRecipeBuilder$Result,net/minecraft/server/v1_14_R1/DebugReportRecipeSingleItem$a,,,net/minecraft/class_3981$class_3982
hj,net/minecraft/data/SingleItemRecipeBuilder,net/minecraft/server/v1_14_R1/DebugReportRecipeSingleItem,,,net/minecraft/class_3981
hk$1,net/minecraft/data/CustomRecipeBuilder$1,net/minecraft/server/v1_14_R1/DebugReportRecipeSpecial$1,,,net/minecraft/class_2456$1
hk,net/minecraft/data/CustomRecipeBuilder,net/minecraft/server/v1_14_R1/DebugReportRecipeSpecial,,,net/minecraft/class_2456
hm,net/minecraft/data/NBTToSNBTConverter,net/minecraft/server/v1_14_R1/DebugReportNBT,,,net/minecraft/class_2461
hn,net/minecraft/data/SNBTToNBTConverter,net/minecraft/server/v1_14_R1/DebugReportMojangson,,,net/minecraft/class_2463
ho$a,net/minecraft/data/StructureValidator$ValidationException,net/minecraft/server/v1_14_R1/DebugReportStructure$a,,,net/minecraft/class_3843$class_3844
ho,net/minecraft/data/StructureValidator,net/minecraft/server/v1_14_R1/DebugReportStructure,,,net/minecraft/class_3843
hq,net/minecraft/data/BlockTagsProvider,net/minecraft/server/v1_14_R1/DebugReportTagsBlock,,,net/minecraft/class_2466
hr,net/minecraft/data/EntityTypeTagsProvider,net/minecraft/server/v1_14_R1/DebugReportTagsEntity,,,net/minecraft/class_2467
hs,net/minecraft/data/FluidTagsProvider,net/minecraft/server/v1_14_R1/DebugReportFluidTags,,,net/minecraft/class_2469
ht,net/minecraft/data/ItemTagsProvider,net/minecraft/server/v1_14_R1/DebugReportTagsItem,,,net/minecraft/class_2471
hu,net/minecraft/data/TagsProvider,net/minecraft/server/v1_14_R1/DebugReportTags,,,net/minecraft/class_2474
hw,net/minecraft/util/text/translation/LanguageMap,net/minecraft/server/v1_14_R1/LocaleLanguage,,,net/minecraft/class_2477
hy,net/minecraft/nbt/ByteArrayNBT,net/minecraft/server/v1_14_R1/NBTTagByteArray,,,net/minecraft/class_2479
hz,net/minecraft/nbt/ByteNBT,net/minecraft/server/v1_14_R1/NBTTagByte,,,net/minecraft/class_2481
i,net/minecraft/util/MinecraftVersion,net/minecraft/server/v1_14_R1/MinecraftVersion,,,net/minecraft/class_3797
ia,net/minecraft/nbt/CollectionNBT,net/minecraft/server/v1_14_R1/NBTList,,,net/minecraft/class_2483
ib,net/minecraft/nbt/CompoundNBT,net/minecraft/server/v1_14_R1/NBTTagCompound,,,net/minecraft/class_2487
ic,net/minecraft/nbt/DoubleNBT,net/minecraft/server/v1_14_R1/NBTTagDouble,,,net/minecraft/class_2489
id,net/minecraft/nbt/EndNBT,net/minecraft/server/v1_14_R1/NBTTagEnd,,,net/minecraft/class_2491
ie,net/minecraft/nbt/FloatNBT,net/minecraft/server/v1_14_R1/NBTTagFloat,,,net/minecraft/class_2494
ig,net/minecraft/nbt/IntArrayNBT,net/minecraft/server/v1_14_R1/NBTTagIntArray,,,net/minecraft/class_2495
ih,net/minecraft/nbt/IntNBT,net/minecraft/server/v1_14_R1/NBTTagInt,,,net/minecraft/class_2497
ii,net/minecraft/nbt/ListNBT,net/minecraft/server/v1_14_R1/NBTTagList,,,net/minecraft/class_2499
ij,net/minecraft/nbt/LongArrayNBT,net/minecraft/server/v1_14_R1/NBTTagLongArray,,,net/minecraft/class_2501
ik,net/minecraft/nbt/LongNBT,net/minecraft/server/v1_14_R1/NBTTagLong,,,net/minecraft/class_2503
il$1,net/minecraft/nbt/NBTSizeTracker$1,net/minecraft/server/v1_14_R1/NBTReadLimiter$1,,,net/minecraft/class_2505$1
il,net/minecraft/nbt/NBTSizeTracker,net/minecraft/server/v1_14_R1/NBTReadLimiter,,,net/minecraft/class_2505
im,net/minecraft/nbt/CompressedStreamTools,net/minecraft/server/v1_14_R1/NBTCompressedStreamTools,,,net/minecraft/class_2507
in,net/minecraft/nbt/NBTDynamicOps,net/minecraft/server/v1_14_R1/DynamicOpsNBT,,,net/minecraft/class_2509
io,net/minecraft/nbt/NBTUtil,net/minecraft/server/v1_14_R1/GameProfileSerializer,,,net/minecraft/class_2512
ip,net/minecraft/nbt/NumberNBT,net/minecraft/server/v1_14_R1/NBTNumber,,,net/minecraft/class_2514
iq,net/minecraft/nbt/ShortNBT,net/minecraft/server/v1_14_R1/NBTTagShort,,,net/minecraft/class_2516
ir,net/minecraft/nbt/StringNBT,net/minecraft/server/v1_14_R1/NBTTagString,,,net/minecraft/class_2519
is,net/minecraft/nbt/INBT,net/minecraft/server/v1_14_R1/NBTBase,,,net/minecraft/class_2520
it,net/minecraft/nbt/JsonToNBT,net/minecraft/server/v1_14_R1/MojangsonParser,,,net/minecraft/class_2522
iv,net/minecraft/network/NettyEncryptionTranslator,net/minecraft/server/v1_14_R1/PacketEncryptionHandler,,,net/minecraft/class_2524
iw,net/minecraft/network/NettyEncryptingDecoder,net/minecraft/server/v1_14_R1/PacketDecrypter,,,net/minecraft/class_2528
ix,net/minecraft/network/NettyEncryptingEncoder,net/minecraft/server/v1_14_R1/PacketEncrypter,,,net/minecraft/class_2529
iy,net/minecraft/network/NettyCompressionDecoder,net/minecraft/server/v1_14_R1/PacketDecompressor,,,net/minecraft/class_2532
iz,net/minecraft/network/NettyCompressionEncoder,net/minecraft/server/v1_14_R1/PacketCompressor,,,net/minecraft/class_2534
ja$a,net/minecraft/network/NetworkManager$QueuedPacket,net/minecraft/server/v1_14_R1/NetworkManager$QueuedPacket,,,net/minecraft/class_2535$class_2536
ja,net/minecraft/network/NetworkManager,net/minecraft/server/v1_14_R1/NetworkManager,,,net/minecraft/class_2535
jb$1,net/minecraft/network/ProtocolType$1,net/minecraft/server/v1_14_R1/EnumProtocol$1,,,net/minecraft/class_2539$1
jb$2,net/minecraft/network/ProtocolType$2,net/minecraft/server/v1_14_R1/EnumProtocol$2,,,net/minecraft/class_2539$2
jb$3,net/minecraft/network/ProtocolType$3,net/minecraft/server/v1_14_R1/EnumProtocol$3,,,net/minecraft/class_2539$3
jb$4,net/minecraft/network/ProtocolType$4,net/minecraft/server/v1_14_R1/EnumProtocol$4,,,net/minecraft/class_2539$4
jb,net/minecraft/network/ProtocolType,net/minecraft/server/v1_14_R1/EnumProtocol,,,net/minecraft/class_2539
jc,net/minecraft/network/PacketBuffer,net/minecraft/server/v1_14_R1/PacketDataSerializer,,,net/minecraft/class_2540
jd,net/minecraft/network/NettyPacketDecoder,net/minecraft/server/v1_14_R1/PacketDecoder,,,net/minecraft/class_2543
je,net/minecraft/network/NettyPacketEncoder,net/minecraft/server/v1_14_R1/PacketEncoder,,,net/minecraft/class_2545
jf,net/minecraft/network/INetHandler,net/minecraft/server/v1_14_R1/PacketListener,,,net/minecraft/class_2547
jg,net/minecraft/network/SkipableEncoderException,net/minecraft/server/v1_14_R1/SkipEncodeException,,,net/minecraft/class_2548
jh,net/minecraft/network/NettyVarint21FrameDecoder,net/minecraft/server/v1_14_R1/PacketSplitter,,,net/minecraft/class_2550
ji,net/minecraft/network/NettyVarint21FrameEncoder,net/minecraft/server/v1_14_R1/PacketPrepender,,,net/minecraft/class_2552
jj,net/minecraft/util/text/TextComponent,net/minecraft/server/v1_14_R1/ChatBaseComponent,,,net/minecraft/class_2554
jk,net/minecraft/util/text/ChatType,net/minecraft/server/v1_14_R1/ChatMessageType,,,net/minecraft/class_2556
jl$a,net/minecraft/util/text/event/ClickEvent$Action,net/minecraft/server/v1_14_R1/ChatClickable$EnumClickAction,,,net/minecraft/class_2558$class_2559
jl,net/minecraft/util/text/event/ClickEvent,net/minecraft/server/v1_14_R1/ChatClickable,,,net/minecraft/class_2558
jm$a,net/minecraft/util/text/ITextComponent$Serializer,net/minecraft/server/v1_14_R1/IChatBaseComponent$ChatSerializer,,,net/minecraft/class_2561$class_2562
jm,net/minecraft/util/text/ITextComponent,net/minecraft/server/v1_14_R1/IChatBaseComponent,,,net/minecraft/class_2561
jn,net/minecraft/util/text/TextComponentUtils,net/minecraft/server/v1_14_R1/ChatComponentUtils,,,net/minecraft/class_2564
jo,net/minecraft/util/text/ITargetedTextComponent,net/minecraft/server/v1_14_R1/ChatComponentContextual,,,net/minecraft/class_2566
jp$a,net/minecraft/util/text/event/HoverEvent$Action,net/minecraft/server/v1_14_R1/ChatHoverable$EnumHoverAction,,,net/minecraft/class_2568$class_2569
jp,net/minecraft/util/text/event/HoverEvent,net/minecraft/server/v1_14_R1/ChatHoverable,,,net/minecraft/class_2568
jq,net/minecraft/util/text/KeybindTextComponent,net/minecraft/server/v1_14_R1/ChatComponentKeybind,,,net/minecraft/class_2572
jr$a,net/minecraft/util/text/NBTTextComponent$Block,net/minecraft/server/v1_14_R1/ChatComponentNBT$a,,,net/minecraft/class_2574$class_2575
jr$b,net/minecraft/util/text/NBTTextComponent$Entity,net/minecraft/server/v1_14_R1/ChatComponentNBT$b,,,net/minecraft/class_2574$class_2576
jr,net/minecraft/util/text/NBTTextComponent,net/minecraft/server/v1_14_R1/ChatComponentNBT,,,net/minecraft/class_2574
js,net/minecraft/util/text/ScoreTextComponent,net/minecraft/server/v1_14_R1/ChatComponentScore,,,net/minecraft/class_2578
jt,net/minecraft/util/text/SelectorTextComponent,net/minecraft/server/v1_14_R1/ChatComponentSelector,,,net/minecraft/class_2579
ju$1,net/minecraft/util/text/Style$1,net/minecraft/server/v1_14_R1/ChatModifier$1,,,net/minecraft/class_2583$1
ju$a,net/minecraft/util/text/Style$Serializer,net/minecraft/server/v1_14_R1/ChatModifier$ChatModifierSerializer,,,net/minecraft/class_2583$class_2584
ju,net/minecraft/util/text/Style,net/minecraft/server/v1_14_R1/ChatModifier,,,net/minecraft/class_2583
jv,net/minecraft/util/text/StringTextComponent,net/minecraft/server/v1_14_R1/ChatComponentText,,,net/minecraft/class_2585
jw,net/minecraft/util/text/TranslationTextComponent,net/minecraft/server/v1_14_R1/ChatMessage,,,net/minecraft/class_2588
jx,net/minecraft/util/text/TranslationTextComponentFormatException,net/minecraft/server/v1_14_R1/ChatMessageException,,,net/minecraft/class_2590
k,net/minecraft/util/FileUtil,net/minecraft/server/v1_14_R1/FileUtils,,,net/minecraft/class_4239
ka,net/minecraft/network/IPacket,net/minecraft/server/v1_14_R1/Packet,,,net/minecraft/class_2596
kb,net/minecraft/network/PacketDirection,net/minecraft/server/v1_14_R1/EnumProtocolDirection,,,net/minecraft/class_2598
kc,net/minecraft/network/PacketThreadUtil,net/minecraft/server/v1_14_R1/PlayerConnectionUtils,,,net/minecraft/class_2600
kd,net/minecraft/client/network/play/IClientPlayNetHandler,net/minecraft/server/v1_14_R1/PacketListenerPlayOut,,,net/minecraft/class_2602
ke,net/minecraft/network/play/server/SSpawnObjectPacket,net/minecraft/server/v1_14_R1/PacketPlayOutSpawnEntity,,,net/minecraft/class_2604
kf,net/minecraft/network/play/server/SSpawnExperienceOrbPacket,net/minecraft/server/v1_14_R1/PacketPlayOutSpawnEntityExperienceOrb,,,net/minecraft/class_2606
kg,net/minecraft/network/play/server/SSpawnGlobalEntityPacket,net/minecraft/server/v1_14_R1/PacketPlayOutSpawnEntityWeather,,,net/minecraft/class_2607
kh,net/minecraft/network/play/server/SSpawnMobPacket,net/minecraft/server/v1_14_R1/PacketPlayOutSpawnEntityLiving,,,net/minecraft/class_2610
ki,net/minecraft/network/play/server/SSpawnPaintingPacket,net/minecraft/server/v1_14_R1/PacketPlayOutSpawnEntityPainting,,,net/minecraft/class_2612
kj,net/minecraft/network/play/server/SSpawnPlayerPacket,net/minecraft/server/v1_14_R1/PacketPlayOutNamedEntitySpawn,,,net/minecraft/class_2613
kk,net/minecraft/network/play/server/SAnimateHandPacket,net/minecraft/server/v1_14_R1/PacketPlayOutAnimation,,,net/minecraft/class_2616
kl,net/minecraft/network/play/server/SStatisticsPacket,net/minecraft/server/v1_14_R1/PacketPlayOutStatistic,,,net/minecraft/class_2617
km,net/minecraft/network/play/server/SAnimateBlockBreakPacket,net/minecraft/server/v1_14_R1/PacketPlayOutBlockBreakAnimation,,,net/minecraft/class_2620
kn,net/minecraft/network/play/server/SUpdateTileEntityPacket,net/minecraft/server/v1_14_R1/PacketPlayOutTileEntityData,,,net/minecraft/class_2622
ko,net/minecraft/network/play/server/SBlockActionPacket,net/minecraft/server/v1_14_R1/PacketPlayOutBlockAction,,,net/minecraft/class_2623
kp,net/minecraft/network/play/server/SChangeBlockPacket,net/minecraft/server/v1_14_R1/PacketPlayOutBlockChange,,,net/minecraft/class_2626
kq$a,net/minecraft/network/play/server/SUpdateBossInfoPacket$Operation,net/minecraft/server/v1_14_R1/PacketPlayOutBoss$Action,,,net/minecraft/class_2629$class_2630
kq,net/minecraft/network/play/server/SUpdateBossInfoPacket,net/minecraft/server/v1_14_R1/PacketPlayOutBoss,,,net/minecraft/class_2629
kr,net/minecraft/network/play/server/SServerDifficultyPacket,net/minecraft/server/v1_14_R1/PacketPlayOutServerDifficulty,,,net/minecraft/class_2632
ks,net/minecraft/network/play/server/SChatPacket,net/minecraft/server/v1_14_R1/PacketPlayOutChat,,,net/minecraft/class_2635
kt$a,net/minecraft/network/play/server/SMultiBlockChangePacket$UpdateData,net/minecraft/server/v1_14_R1/PacketPlayOutMultiBlockChange$MultiBlockChangeInfo,,,net/minecraft/class_2637$class_2638
kt,net/minecraft/network/play/server/SMultiBlockChangePacket,net/minecraft/server/v1_14_R1/PacketPlayOutMultiBlockChange,,,net/minecraft/class_2637
ku,net/minecraft/network/play/server/STabCompletePacket,net/minecraft/server/v1_14_R1/PacketPlayOutTabComplete,,,net/minecraft/class_2639
kv$a,net/minecraft/network/play/server/SCommandListPacket$Entry,net/minecraft/server/v1_14_R1/PacketPlayOutCommands$a,,,net/minecraft/class_2641$class_2642
kv,net/minecraft/network/play/server/SCommandListPacket,net/minecraft/server/v1_14_R1/PacketPlayOutCommands,,,net/minecraft/class_2641
kw,net/minecraft/network/play/server/SConfirmTransactionPacket,net/minecraft/server/v1_14_R1/PacketPlayOutTransaction,,,net/minecraft/class_2644
kx,net/minecraft/network/play/server/SCloseWindowPacket,net/minecraft/server/v1_14_R1/PacketPlayOutCloseWindow,,,net/minecraft/class_2645
ky,net/minecraft/network/play/server/SWindowItemsPacket,net/minecraft/server/v1_14_R1/PacketPlayOutWindowItems,,,net/minecraft/class_2649
kz,net/minecraft/network/play/server/SWindowPropertyPacket,net/minecraft/server/v1_14_R1/PacketPlayOutWindowData,,,net/minecraft/class_2651
la,net/minecraft/network/play/server/SSetSlotPacket,net/minecraft/server/v1_14_R1/PacketPlayOutSetSlot,,,net/minecraft/class_2653
lb,net/minecraft/network/play/server/SCooldownPacket,net/minecraft/server/v1_14_R1/PacketPlayOutSetCooldown,,,net/minecraft/class_2656
lc,net/minecraft/network/play/server/SCustomPayloadPlayPacket,net/minecraft/server/v1_14_R1/PacketPlayOutCustomPayload,,,net/minecraft/class_2658
ld,net/minecraft/network/play/server/SPlaySoundPacket,net/minecraft/server/v1_14_R1/PacketPlayOutCustomSoundEffect,,,net/minecraft/class_2660
le,net/minecraft/network/play/server/SDisconnectPacket,net/minecraft/server/v1_14_R1/PacketPlayOutKickDisconnect,,,net/minecraft/class_2661
lf,net/minecraft/network/play/server/SEntityStatusPacket,net/minecraft/server/v1_14_R1/PacketPlayOutEntityStatus,,,net/minecraft/class_2663
lg,net/minecraft/network/play/server/SExplosionPacket,net/minecraft/server/v1_14_R1/PacketPlayOutExplosion,,,net/minecraft/class_2664
lh,net/minecraft/network/play/server/SUnloadChunkPacket,net/minecraft/server/v1_14_R1/PacketPlayOutUnloadChunk,,,net/minecraft/class_2666
li,net/minecraft/network/play/server/SChangeGameStatePacket,net/minecraft/server/v1_14_R1/PacketPlayOutGameStateChange,,,net/minecraft/class_2668
lj,net/minecraft/network/play/server/SOpenHorseWindowPacket,net/minecraft/server/v1_14_R1/PacketPlayOutOpenWindowHorse,,,net/minecraft/class_2648
lk,net/minecraft/network/play/server/SKeepAlivePacket,net/minecraft/server/v1_14_R1/PacketPlayOutKeepAlive,,,net/minecraft/class_2670
ll,net/minecraft/network/play/server/SChunkDataPacket,net/minecraft/server/v1_14_R1/PacketPlayOutMapChunk,,,net/minecraft/class_2672
lm,net/minecraft/network/play/server/SPlaySoundEventPacket,net/minecraft/server/v1_14_R1/PacketPlayOutWorldEvent,,,net/minecraft/class_2673
ln,net/minecraft/network/play/server/SSpawnParticlePacket,net/minecraft/server/v1_14_R1/PacketPlayOutWorldParticles,,,net/minecraft/class_2675
lo,net/minecraft/network/play/server/SUpdateLightPacket,net/minecraft/server/v1_14_R1/PacketPlayOutLightUpdate,,,net/minecraft/class_2676
lp,net/minecraft/network/play/server/SJoinGamePacket,net/minecraft/server/v1_14_R1/PacketPlayOutLogin,,,net/minecraft/class_2678
lq,net/minecraft/network/play/server/SMapDataPacket,net/minecraft/server/v1_14_R1/PacketPlayOutMap,,,net/minecraft/class_2683
lr,net/minecraft/network/play/server/SMerchantOffersPacket,net/minecraft/server/v1_14_R1/PacketPlayOutOpenWindowMerchant,,,net/minecraft/class_3943
ls$a,net/minecraft/network/play/server/SEntityPacket$RelativeMovePacket,net/minecraft/server/v1_14_R1/PacketPlayOutEntity$PacketPlayOutRelEntityMove,,,net/minecraft/class_2684$class_2685
ls$b,net/minecraft/network/play/server/SEntityPacket$MovePacket,net/minecraft/server/v1_14_R1/PacketPlayOutEntity$PacketPlayOutRelEntityMoveLook,,,net/minecraft/class_2684$class_2686
ls$c,net/minecraft/network/play/server/SEntityPacket$LookPacket,net/minecraft/server/v1_14_R1/PacketPlayOutEntity$PacketPlayOutEntityLook,,,net/minecraft/class_2684$class_2687
ls,net/minecraft/network/play/server/SEntityPacket,net/minecraft/server/v1_14_R1/PacketPlayOutEntity,,,net/minecraft/class_2684
lt,net/minecraft/network/play/server/SMoveVehiclePacket,net/minecraft/server/v1_14_R1/PacketPlayOutVehicleMove,,,net/minecraft/class_2692
lu,net/minecraft/network/play/server/SOpenBookWindowPacket,net/minecraft/server/v1_14_R1/PacketPlayOutOpenBook,,,net/minecraft/class_3895
lv,net/minecraft/network/play/server/SOpenWindowPacket,net/minecraft/server/v1_14_R1/PacketPlayOutOpenWindow,,,net/minecraft/class_3944
lw,net/minecraft/network/play/server/SOpenSignMenuPacket,net/minecraft/server/v1_14_R1/PacketPlayOutOpenSignEditor,,,net/minecraft/class_2693
lx,net/minecraft/network/play/server/SPlaceGhostRecipePacket,net/minecraft/server/v1_14_R1/PacketPlayOutAutoRecipe,,,net/minecraft/class_2695
ly,net/minecraft/network/play/server/SPlayerAbilitiesPacket,net/minecraft/server/v1_14_R1/PacketPlayOutAbilities,,,net/minecraft/class_2696
lz$a,net/minecraft/network/play/server/SCombatPacket$Event,net/minecraft/server/v1_14_R1/PacketPlayOutCombatEvent$EnumCombatEventType,,,net/minecraft/class_2698$class_2699
lz,net/minecraft/network/play/server/SCombatPacket,net/minecraft/server/v1_14_R1/PacketPlayOutCombatEvent,,,net/minecraft/class_2698
m,net/minecraft/crash/ReportedException,net/minecraft/server/v1_14_R1/ReportedException,,,net/minecraft/class_148
ma$a,net/minecraft/network/play/server/SPlayerListItemPacket$Action,net/minecraft/server/v1_14_R1/PacketPlayOutPlayerInfo$EnumPlayerInfoAction,,,net/minecraft/class_2703$class_2704
ma$b,net/minecraft/network/play/server/SPlayerListItemPacket$AddPlayerData,net/minecraft/server/v1_14_R1/PacketPlayOutPlayerInfo$PlayerInfoData,,,net/minecraft/class_2703$class_2705
ma,net/minecraft/network/play/server/SPlayerListItemPacket,net/minecraft/server/v1_14_R1/PacketPlayOutPlayerInfo,,,net/minecraft/class_2703
mb,net/minecraft/network/play/server/SPlayerLookPacket,net/minecraft/server/v1_14_R1/PacketPlayOutLookAt,,,net/minecraft/class_2707
mc$a,net/minecraft/network/play/server/SPlayerPositionLookPacket$Flags,net/minecraft/server/v1_14_R1/PacketPlayOutPosition$EnumPlayerTeleportFlags,,,net/minecraft/class_2708$class_2709
mc,net/minecraft/network/play/server/SPlayerPositionLookPacket,net/minecraft/server/v1_14_R1/PacketPlayOutPosition,,,net/minecraft/class_2708
md$a,net/minecraft/network/play/server/SRecipeBookPacket$State,net/minecraft/server/v1_14_R1/PacketPlayOutRecipes$Action,,,net/minecraft/class_2713$class_2714
md,net/minecraft/network/play/server/SRecipeBookPacket,net/minecraft/server/v1_14_R1/PacketPlayOutRecipes,,,net/minecraft/class_2713
me,net/minecraft/network/play/server/SDestroyEntitiesPacket,net/minecraft/server/v1_14_R1/PacketPlayOutEntityDestroy,,,net/minecraft/class_2716
mf,net/minecraft/network/play/server/SRemoveEntityEffectPacket,net/minecraft/server/v1_14_R1/PacketPlayOutRemoveEntityEffect,,,net/minecraft/class_2718
mg,net/minecraft/network/play/server/SSendResourcePackPacket,net/minecraft/server/v1_14_R1/PacketPlayOutResourcePackSend,,,net/minecraft/class_2720
mh,net/minecraft/network/play/server/SRespawnPacket,net/minecraft/server/v1_14_R1/PacketPlayOutRespawn,,,net/minecraft/class_2724
mi,net/minecraft/network/play/server/SEntityHeadLookPacket,net/minecraft/server/v1_14_R1/PacketPlayOutEntityHeadRotation,,,net/minecraft/class_2726
mj,net/minecraft/network/play/server/SSelectAdvancementsTabPacket,net/minecraft/server/v1_14_R1/PacketPlayOutSelectAdvancementTab,,,net/minecraft/class_2729
mk$a,net/minecraft/network/play/server/SWorldBorderPacket$Action,net/minecraft/server/v1_14_R1/PacketPlayOutWorldBorder$EnumWorldBorderAction,,,net/minecraft/class_2730$class_2731
mk,net/minecraft/network/play/server/SWorldBorderPacket,net/minecraft/server/v1_14_R1/PacketPlayOutWorldBorder,,,net/minecraft/class_2730
ml,net/minecraft/network/play/server/SCameraPacket,net/minecraft/server/v1_14_R1/PacketPlayOutCamera,,,net/minecraft/class_2734
mm,net/minecraft/network/play/server/SHeldItemChangePacket,net/minecraft/server/v1_14_R1/PacketPlayOutHeldItemSlot,,,net/minecraft/class_2735
mn,net/minecraft/network/play/server/SUpdateChunkPositionPacket,net/minecraft/server/v1_14_R1/PacketPlayOutViewCentre,,,net/minecraft/class_4282
mo,net/minecraft/network/play/server/SUpdateViewDistancePacket,net/minecraft/server/v1_14_R1/PacketPlayOutViewDistance,,,net/minecraft/class_4273
mp,net/minecraft/network/play/server/SDisplayObjectivePacket,net/minecraft/server/v1_14_R1/PacketPlayOutScoreboardDisplayObjective,,,net/minecraft/class_2736
mq,net/minecraft/network/play/server/SEntityMetadataPacket,net/minecraft/server/v1_14_R1/PacketPlayOutEntityMetadata,,,net/minecraft/class_2739
mr,net/minecraft/network/play/server/SMountEntityPacket,net/minecraft/server/v1_14_R1/PacketPlayOutAttachEntity,,,net/minecraft/class_2740
ms,net/minecraft/network/play/server/SEntityVelocityPacket,net/minecraft/server/v1_14_R1/PacketPlayOutEntityVelocity,,,net/minecraft/class_2743
mt,net/minecraft/network/play/server/SEntityEquipmentPacket,net/minecraft/server/v1_14_R1/PacketPlayOutEntityEquipment,,,net/minecraft/class_2744
mu,net/minecraft/network/play/server/SSetExperiencePacket,net/minecraft/server/v1_14_R1/PacketPlayOutExperience,,,net/minecraft/class_2748
mv,net/minecraft/network/play/server/SUpdateHealthPacket,net/minecraft/server/v1_14_R1/PacketPlayOutUpdateHealth,,,net/minecraft/class_2749
mw,net/minecraft/network/play/server/SScoreboardObjectivePacket,net/minecraft/server/v1_14_R1/PacketPlayOutScoreboardObjective,,,net/minecraft/class_2751
mx,net/minecraft/network/play/server/SSetPassengersPacket,net/minecraft/server/v1_14_R1/PacketPlayOutMount,,,net/minecraft/class_2752
my,net/minecraft/network/play/server/STeamsPacket,net/minecraft/server/v1_14_R1/PacketPlayOutScoreboardTeam,,,net/minecraft/class_2755
mz,net/minecraft/network/play/server/SUpdateScorePacket,net/minecraft/server/v1_14_R1/PacketPlayOutScoreboardScore,,,net/minecraft/class_2757
n,net/minecraft/util/ResourceLocationException,net/minecraft/server/v1_14_R1/ResourceKeyInvalidException,,,net/minecraft/class_151
na,net/minecraft/network/play/server/SSpawnPositionPacket,net/minecraft/server/v1_14_R1/PacketPlayOutSpawnPosition,,,net/minecraft/class_2759
nb,net/minecraft/network/play/server/SUpdateTimePacket,net/minecraft/server/v1_14_R1/PacketPlayOutUpdateTime,,,net/minecraft/class_2761
nc$a,net/minecraft/network/play/server/STitlePacket$Type,net/minecraft/server/v1_14_R1/PacketPlayOutTitle$EnumTitleAction,,,net/minecraft/class_2762$class_2763
nc,net/minecraft/network/play/server/STitlePacket,net/minecraft/server/v1_14_R1/PacketPlayOutTitle,,,net/minecraft/class_2762
nd,net/minecraft/network/play/server/SSpawnMovingSoundEffectPacket,net/minecraft/server/v1_14_R1/PacketPlayOutEntitySound,,,net/minecraft/class_2765
ne,net/minecraft/network/play/server/SPlaySoundEffectPacket,net/minecraft/server/v1_14_R1/PacketPlayOutNamedSoundEffect,,,net/minecraft/class_2767
net/minecraft/data/Main,net/minecraft/data/Main,,,net/minecraft/data/Main,net/minecraft/data/Main
net/minecraft/server/MinecraftServer$1,net/minecraft/server/MinecraftServer$1,net/minecraft/server/v1_14_R1/MinecraftServer$1,,net/minecraft/server/MinecraftServer$1,net/minecraft/server/MinecraftServer$1
net/minecraft/server/MinecraftServer$2,net/minecraft/server/MinecraftServer$2,net/minecraft/server/v1_14_R1/MinecraftServer$2,,net/minecraft/server/MinecraftServer$2,net/minecraft/server/MinecraftServer$2
net/minecraft/server/MinecraftServer,net/minecraft/server/MinecraftServer,net/minecraft/server/v1_14_R1/MinecraftServer,,net/minecraft/server/MinecraftServer,net/minecraft/server/MinecraftServer
nf,net/minecraft/network/play/server/SStopSoundPacket,net/minecraft/server/v1_14_R1/PacketPlayOutStopSound,,,net/minecraft/class_2770
ng,net/minecraft/network/play/server/SPlayerListHeaderFooterPacket,net/minecraft/server/v1_14_R1/PacketPlayOutPlayerListHeaderFooter,,,net/minecraft/class_2772
nh,net/minecraft/network/play/server/SQueryNBTResponsePacket,net/minecraft/server/v1_14_R1/PacketPlayOutNBTQuery,,,net/minecraft/class_2774
ni,net/minecraft/network/play/server/SCollectItemPacket,net/minecraft/server/v1_14_R1/PacketPlayOutCollect,,,net/minecraft/class_2775
nj,net/minecraft/network/play/server/SEntityTeleportPacket,net/minecraft/server/v1_14_R1/PacketPlayOutEntityTeleport,,,net/minecraft/class_2777
nk,net/minecraft/network/play/server/SAdvancementInfoPacket,net/minecraft/server/v1_14_R1/PacketPlayOutAdvancements,,,net/minecraft/class_2779
nl$a,net/minecraft/network/play/server/SEntityPropertiesPacket$Snapshot,net/minecraft/server/v1_14_R1/PacketPlayOutUpdateAttributes$AttributeSnapshot,,,net/minecraft/class_2781$class_2782
nl,net/minecraft/network/play/server/SEntityPropertiesPacket,net/minecraft/server/v1_14_R1/PacketPlayOutUpdateAttributes,,,net/minecraft/class_2781
nm,net/minecraft/network/play/server/SPlayEntityEffectPacket,net/minecraft/server/v1_14_R1/PacketPlayOutEntityEffect,,,net/minecraft/class_2783
nn,net/minecraft/network/play/server/SUpdateRecipesPacket,net/minecraft/server/v1_14_R1/PacketPlayOutRecipeUpdate,,,net/minecraft/class_2788
no,net/minecraft/network/play/server/STagsListPacket,net/minecraft/server/v1_14_R1/PacketPlayOutTags,,,net/minecraft/class_2790
np,net/minecraft/network/DebugPacketSender,net/minecraft/server/v1_14_R1/PacketDebug,,,net/minecraft/class_4209
nr,net/minecraft/network/play/IServerPlayNetHandler,net/minecraft/server/v1_14_R1/PacketListenerPlayIn,,,net/minecraft/class_2792
ns,net/minecraft/network/play/client/CConfirmTeleportPacket,net/minecraft/server/v1_14_R1/PacketPlayInTeleportAccept,,,net/minecraft/class_2793
nt,net/minecraft/network/play/client/CQueryTileEntityNBTPacket,net/minecraft/server/v1_14_R1/PacketPlayInTileNBTQuery,,,net/minecraft/class_2795
nu,net/minecraft/network/play/client/CSetDifficultyPacket,net/minecraft/server/v1_14_R1/PacketPlayInDifficultyChange,,,net/minecraft/class_4210
nv,net/minecraft/network/play/client/CChatMessagePacket,net/minecraft/server/v1_14_R1/PacketPlayInChat,,,net/minecraft/class_2797
nw$a,net/minecraft/network/play/client/CClientStatusPacket$State,net/minecraft/server/v1_14_R1/PacketPlayInClientCommand$EnumClientCommand,,,net/minecraft/class_2799$class_2800
nw,net/minecraft/network/play/client/CClientStatusPacket,net/minecraft/server/v1_14_R1/PacketPlayInClientCommand,,,net/minecraft/class_2799
nx,net/minecraft/network/play/client/CClientSettingsPacket,net/minecraft/server/v1_14_R1/PacketPlayInSettings,,,net/minecraft/class_2803
ny,net/minecraft/network/play/client/CTabCompletePacket,net/minecraft/server/v1_14_R1/PacketPlayInTabComplete,,,net/minecraft/class_2805
nz,net/minecraft/network/play/client/CConfirmTransactionPacket,net/minecraft/server/v1_14_R1/PacketPlayInTransaction,,,net/minecraft/class_2809
o,net/minecraft/util/SharedConstants,net/minecraft/server/v1_14_R1/SharedConstants,,,net/minecraft/class_155
oa,net/minecraft/network/play/client/CEnchantItemPacket,net/minecraft/server/v1_14_R1/PacketPlayInEnchantItem,,,net/minecraft/class_2811
ob,net/minecraft/network/play/client/CClickWindowPacket,net/minecraft/server/v1_14_R1/PacketPlayInWindowClick,,,net/minecraft/class_2813
oc,net/minecraft/network/play/client/CCloseWindowPacket,net/minecraft/server/v1_14_R1/PacketPlayInCloseWindow,,,net/minecraft/class_2815
od,net/minecraft/network/play/client/CCustomPayloadPacket,net/minecraft/server/v1_14_R1/PacketPlayInCustomPayload,,,net/minecraft/class_2817
oe,net/minecraft/network/play/client/CEditBookPacket,net/minecraft/server/v1_14_R1/PacketPlayInBEdit,,,net/minecraft/class_2820
of,net/minecraft/network/play/client/CQueryEntityNBTPacket,net/minecraft/server/v1_14_R1/PacketPlayInEntityNBTQuery,,,net/minecraft/class_2822
og$a,net/minecraft/network/play/client/CUseEntityPacket$Action,net/minecraft/server/v1_14_R1/PacketPlayInUseEntity$EnumEntityUseAction,,,net/minecraft/class_2824$class_2825
og,net/minecraft/network/play/client/CUseEntityPacket,net/minecraft/server/v1_14_R1/PacketPlayInUseEntity,,,net/minecraft/class_2824
oh,net/minecraft/network/play/client/CKeepAlivePacket,net/minecraft/server/v1_14_R1/PacketPlayInKeepAlive,,,net/minecraft/class_2827
oi,net/minecraft/network/play/client/CLockDifficultyPacket,net/minecraft/server/v1_14_R1/PacketPlayInDifficultyLock,,,net/minecraft/class_4211
oj$a,net/minecraft/network/play/client/CPlayerPacket$PositionPacket,net/minecraft/server/v1_14_R1/PacketPlayInFlying$PacketPlayInPosition,,,net/minecraft/class_2828$class_2829
oj$b,net/minecraft/network/play/client/CPlayerPacket$PositionRotationPacket,net/minecraft/server/v1_14_R1/PacketPlayInFlying$PacketPlayInPositionLook,,,net/minecraft/class_2828$class_2830
oj$c,net/minecraft/network/play/client/CPlayerPacket$RotationPacket,net/minecraft/server/v1_14_R1/PacketPlayInFlying$PacketPlayInLook,,,net/minecraft/class_2828$class_2831
oj,net/minecraft/network/play/client/CPlayerPacket,net/minecraft/server/v1_14_R1/PacketPlayInFlying,,,net/minecraft/class_2828
ok,net/minecraft/network/play/client/CMoveVehiclePacket,net/minecraft/server/v1_14_R1/PacketPlayInVehicleMove,,,net/minecraft/class_2833
ol,net/minecraft/network/play/client/CSteerBoatPacket,net/minecraft/server/v1_14_R1/PacketPlayInBoatMove,,,net/minecraft/class_2836
om,net/minecraft/network/play/client/CPickItemPacket,net/minecraft/server/v1_14_R1/PacketPlayInPickItem,,,net/minecraft/class_2838
on,net/minecraft/network/play/client/CPlaceRecipePacket,net/minecraft/server/v1_14_R1/PacketPlayInAutoRecipe,,,net/minecraft/class_2840
oo,net/minecraft/network/play/client/CPlayerAbilitiesPacket,net/minecraft/server/v1_14_R1/PacketPlayInAbilities,,,net/minecraft/class_2842
op$a,net/minecraft/network/play/client/CPlayerDiggingPacket$Action,net/minecraft/server/v1_14_R1/PacketPlayInBlockDig$EnumPlayerDigType,,,net/minecraft/class_2846$class_2847
op,net/minecraft/network/play/client/CPlayerDiggingPacket,net/minecraft/server/v1_14_R1/PacketPlayInBlockDig,,,net/minecraft/class_2846
oq$a,net/minecraft/network/play/client/CEntityActionPacket$Action,net/minecraft/server/v1_14_R1/PacketPlayInEntityAction$EnumPlayerAction,,,net/minecraft/class_2848$class_2849
oq,net/minecraft/network/play/client/CEntityActionPacket,net/minecraft/server/v1_14_R1/PacketPlayInEntityAction,,,net/minecraft/class_2848
or,net/minecraft/network/play/client/CInputPacket,net/minecraft/server/v1_14_R1/PacketPlayInSteerVehicle,,,net/minecraft/class_2851
os$a,net/minecraft/network/play/client/CRecipeInfoPacket$Purpose,net/minecraft/server/v1_14_R1/PacketPlayInRecipeDisplayed$Status,,,net/minecraft/class_2853$class_2854
os,net/minecraft/network/play/client/CRecipeInfoPacket,net/minecraft/server/v1_14_R1/PacketPlayInRecipeDisplayed,,,net/minecraft/class_2853
ot,net/minecraft/network/play/client/CRenameItemPacket,net/minecraft/server/v1_14_R1/PacketPlayInItemName,,,net/minecraft/class_2855
ou$a,net/minecraft/network/play/client/CResourcePackStatusPacket$Action,net/minecraft/server/v1_14_R1/PacketPlayInResourcePackStatus$EnumResourcePackStatus,,,net/minecraft/class_2856$class_2857
ou,net/minecraft/network/play/client/CResourcePackStatusPacket,net/minecraft/server/v1_14_R1/PacketPlayInResourcePackStatus,,,net/minecraft/class_2856
ov$a,net/minecraft/network/play/client/CSeenAdvancementsPacket$Action,net/minecraft/server/v1_14_R1/PacketPlayInAdvancements$Status,,,net/minecraft/class_2859$class_2860
ov,net/minecraft/network/play/client/CSeenAdvancementsPacket,net/minecraft/server/v1_14_R1/PacketPlayInAdvancements,,,net/minecraft/class_2859
ow,net/minecraft/network/play/client/CSelectTradePacket,net/minecraft/server/v1_14_R1/PacketPlayInTrSel,,,net/minecraft/class_2863
ox,net/minecraft/network/play/client/CUpdateBeaconPacket,net/minecraft/server/v1_14_R1/PacketPlayInBeacon,,,net/minecraft/class_2866
oy,net/minecraft/network/play/client/CHeldItemChangePacket,net/minecraft/server/v1_14_R1/PacketPlayInHeldItemSlot,,,net/minecraft/class_2868
oz,net/minecraft/network/play/client/CUpdateCommandBlockPacket,net/minecraft/server/v1_14_R1/PacketPlayInSetCommandBlock,,,net/minecraft/class_2870
p$1,net/minecraft/util/Util$1,net/minecraft/server/v1_14_R1/SystemUtils$1,,,net/minecraft/class_156$1
p$a,net/minecraft/util/Util$IdentityStrategy,net/minecraft/server/v1_14_R1/SystemUtils$IdentityHashingStrategy,,,net/minecraft/class_156$class_157
p$b$1,net/minecraft/util/Util$OS$1,net/minecraft/server/v1_14_R1/SystemUtils$OS$1,,,net/minecraft/class_156$class_158$1
p$b$2,net/minecraft/util/Util$OS$2,net/minecraft/server/v1_14_R1/SystemUtils$OS$2,,,net/minecraft/class_156$class_158$2
p$b,net/minecraft/util/Util$OS,net/minecraft/server/v1_14_R1/SystemUtils$OS,,,net/minecraft/class_156$class_158
p,net/minecraft/util/Util,net/minecraft/server/v1_14_R1/SystemUtils,,,net/minecraft/class_156
pa,net/minecraft/network/play/client/CUpdateMinecartCommandBlockPacket,net/minecraft/server/v1_14_R1/PacketPlayInSetCommandMinecart,,,net/minecraft/class_2871
pb,net/minecraft/network/play/client/CCreativeInventoryActionPacket,net/minecraft/server/v1_14_R1/PacketPlayInSetCreativeSlot,,,net/minecraft/class_2873
pc,net/minecraft/network/play/client/CUpdateJigsawBlockPacket,net/minecraft/server/v1_14_R1/PacketPlayInSetJigsaw,,,net/minecraft/class_3753
pd,net/minecraft/network/play/client/CUpdateStructureBlockPacket,net/minecraft/server/v1_14_R1/PacketPlayInStruct,,,net/minecraft/class_2875
pe,net/minecraft/network/play/client/CUpdateSignPacket,net/minecraft/server/v1_14_R1/PacketPlayInUpdateSign,,,net/minecraft/class_2877
pf,net/minecraft/network/play/client/CAnimateHandPacket,net/minecraft/server/v1_14_R1/PacketPlayInArmAnimation,,,net/minecraft/class_2879
pg,net/minecraft/network/play/client/CSpectatePacket,net/minecraft/server/v1_14_R1/PacketPlayInSpectate,,,net/minecraft/class_2884
ph,net/minecraft/network/play/client/CPlayerTryUseItemOnBlockPacket,net/minecraft/server/v1_14_R1/PacketPlayInUseItem,,,net/minecraft/class_2885
pi,net/minecraft/network/play/client/CPlayerTryUseItemPacket,net/minecraft/server/v1_14_R1/PacketPlayInBlockPlace,,,net/minecraft/class_2886
pk,net/minecraft/network/handshake/client/CHandshakePacket,net/minecraft/server/v1_14_R1/PacketHandshakingInSetProtocol,,,net/minecraft/class_2889
pl,net/minecraft/network/handshake/IHandshakeNetHandler,net/minecraft/server/v1_14_R1/PacketHandshakingInListener,,,net/minecraft/class_2890
pn,net/minecraft/client/network/login/IClientLoginNetHandler,net/minecraft/server/v1_14_R1/PacketLoginOutListener,,,net/minecraft/class_2896
po,net/minecraft/network/login/server/SCustomPayloadLoginPacket,net/minecraft/server/v1_14_R1/PacketLoginOutCustomPayload,,,net/minecraft/class_2899
pp,net/minecraft/network/login/server/SLoginSuccessPacket,net/minecraft/server/v1_14_R1/PacketLoginOutSuccess,,,net/minecraft/class_2901
pq,net/minecraft/network/login/server/SEncryptionRequestPacket,net/minecraft/server/v1_14_R1/PacketLoginOutEncryptionBegin,,,net/minecraft/class_2905
pr,net/minecraft/network/login/server/SEnableCompressionPacket,net/minecraft/server/v1_14_R1/PacketLoginOutSetCompression,,,net/minecraft/class_2907
ps,net/minecraft/network/login/server/SDisconnectLoginPacket,net/minecraft/server/v1_14_R1/PacketLoginOutDisconnect,,,net/minecraft/class_2909
pt,net/minecraft/network/login/IServerLoginNetHandler,net/minecraft/server/v1_14_R1/PacketLoginInListener,,,net/minecraft/class_2911
pu,net/minecraft/network/login/client/CCustomPayloadLoginPacket,net/minecraft/server/v1_14_R1/PacketLoginInCustomPayload,,,net/minecraft/class_2913
pv,net/minecraft/network/login/client/CLoginStartPacket,net/minecraft/server/v1_14_R1/PacketLoginInStart,,,net/minecraft/class_2915
pw,net/minecraft/network/login/client/CEncryptionResponsePacket,net/minecraft/server/v1_14_R1/PacketLoginInEncryptionBegin,,,net/minecraft/class_2917
pz,net/minecraft/client/network/status/IClientStatusNetHandler,net/minecraft/server/v1_14_R1/PacketStatusOutListener,,,net/minecraft/class_2921
q$a,net/minecraft/advancements/Advancement$Builder,net/minecraft/server/v1_14_R1/Advancement$SerializedAdvancement,,,net/minecraft/class_161$class_162
q,net/minecraft/advancements/Advancement,net/minecraft/server/v1_14_R1/Advancement,,,net/minecraft/class_161
qa,net/minecraft/network/status/server/SPongPacket,net/minecraft/server/v1_14_R1/PacketStatusOutPong,,,net/minecraft/class_2923
qb,net/minecraft/network/status/server/SServerInfoPacket,net/minecraft/server/v1_14_R1/PacketStatusOutServerInfo,,,net/minecraft/class_2924
qc$a$a,net/minecraft/network/ServerStatusResponse$Players$Serializer,net/minecraft/server/v1_14_R1/ServerPing$ServerPingPlayerSample$Serializer,,,net/minecraft/class_2926$class_2927$class_2928
qc$a,net/minecraft/network/ServerStatusResponse$Players,net/minecraft/server/v1_14_R1/ServerPing$ServerPingPlayerSample,,,net/minecraft/class_2926$class_2927
qc$b,net/minecraft/network/ServerStatusResponse$Serializer,net/minecraft/server/v1_14_R1/ServerPing$Serializer,,,net/minecraft/class_2926$class_2929
qc$c$a,net/minecraft/network/ServerStatusResponse$Version$Serializer,net/minecraft/server/v1_14_R1/ServerPing$ServerData$Serializer,,,net/minecraft/class_2926$class_2930$class_2931
qc$c,net/minecraft/network/ServerStatusResponse$Version,net/minecraft/server/v1_14_R1/ServerPing$ServerData,,,net/minecraft/class_2926$class_2930
qc,net/minecraft/network/ServerStatusResponse,net/minecraft/server/v1_14_R1/ServerPing,,,net/minecraft/class_2926
qd,net/minecraft/network/status/IServerStatusNetHandler,net/minecraft/server/v1_14_R1/PacketStatusInListener,,,net/minecraft/class_2933
qe,net/minecraft/network/status/client/CPingPacket,net/minecraft/server/v1_14_R1/PacketStatusInPing,,,net/minecraft/class_2935
qf,net/minecraft/network/status/client/CServerQueryPacket,net/minecraft/server/v1_14_R1/PacketStatusInStart,,,net/minecraft/class_2937
qh,net/minecraft/network/datasync/DataParameter,net/minecraft/server/v1_14_R1/DataWatcherObject,,,net/minecraft/class_2940
qi,net/minecraft/network/datasync/IDataSerializer,net/minecraft/server/v1_14_R1/DataWatcherSerializer,,,net/minecraft/class_2941
qj$1,net/minecraft/network/datasync/DataSerializers$1,net/minecraft/server/v1_14_R1/DataWatcherRegistry$1,,,net/minecraft/class_2943$1
qj$10,net/minecraft/network/datasync/DataSerializers$18,net/minecraft/server/v1_14_R1/DataWatcherRegistry$10,,,net/minecraft/class_2943$10
qj$11,net/minecraft/network/datasync/DataSerializers$19,net/minecraft/server/v1_14_R1/DataWatcherRegistry$11,,,net/minecraft/class_2943$11
qj$12,net/minecraft/network/datasync/DataSerializers$2,net/minecraft/server/v1_14_R1/DataWatcherRegistry$12,,,net/minecraft/class_2943$12
qj$13,net/minecraft/network/datasync/DataSerializers$3,net/minecraft/server/v1_14_R1/DataWatcherRegistry$13,,,net/minecraft/class_2943$13
qj$14,net/minecraft/network/datasync/DataSerializers$4,net/minecraft/server/v1_14_R1/DataWatcherRegistry$14,,,net/minecraft/class_2943$14
qj$15,net/minecraft/network/datasync/DataSerializers$5,net/minecraft/server/v1_14_R1/DataWatcherRegistry$15,,,net/minecraft/class_2943$15
qj$16,net/minecraft/network/datasync/DataSerializers$6,net/minecraft/server/v1_14_R1/DataWatcherRegistry$16,,,net/minecraft/class_2943$16
qj$17,net/minecraft/network/datasync/DataSerializers$7,net/minecraft/server/v1_14_R1/DataWatcherRegistry$17,,,net/minecraft/class_2943$17
qj$18,net/minecraft/network/datasync/DataSerializers$8,net/minecraft/server/v1_14_R1/DataWatcherRegistry$18,,,net/minecraft/class_2943$18
qj$19,net/minecraft/network/datasync/DataSerializers$9,net/minecraft/server/v1_14_R1/DataWatcherRegistry$19,,,net/minecraft/class_2943$19
qj$2,net/minecraft/network/datasync/DataSerializers$10,net/minecraft/server/v1_14_R1/DataWatcherRegistry$2,,,net/minecraft/class_2943$2
qj$3,net/minecraft/network/datasync/DataSerializers$11,net/minecraft/server/v1_14_R1/DataWatcherRegistry$3,,,net/minecraft/class_2943$3
qj$4,net/minecraft/network/datasync/DataSerializers$12,net/minecraft/server/v1_14_R1/DataWatcherRegistry$4,,,net/minecraft/class_2943$4
qj$5,net/minecraft/network/datasync/DataSerializers$13,net/minecraft/server/v1_14_R1/DataWatcherRegistry$5,,,net/minecraft/class_2943$5
qj$6,net/minecraft/network/datasync/DataSerializers$14,net/minecraft/server/v1_14_R1/DataWatcherRegistry$6,,,net/minecraft/class_2943$6
qj$7,net/minecraft/network/datasync/DataSerializers$15,net/minecraft/server/v1_14_R1/DataWatcherRegistry$7,,,net/minecraft/class_2943$7
qj$8,net/minecraft/network/datasync/DataSerializers$16,net/minecraft/server/v1_14_R1/DataWatcherRegistry$8,,,net/minecraft/class_2943$8
qj$9,net/minecraft/network/datasync/DataSerializers$17,net/minecraft/server/v1_14_R1/DataWatcherRegistry$9,,,net/minecraft/class_2943$9
qj,net/minecraft/network/datasync/DataSerializers,net/minecraft/server/v1_14_R1/DataWatcherRegistry,,,net/minecraft/class_2943
qk$a,net/minecraft/network/datasync/EntityDataManager$DataEntry,net/minecraft/server/v1_14_R1/DataWatcher$Item,,,net/minecraft/class_2945$class_2946
qk,net/minecraft/network/datasync/EntityDataManager,net/minecraft/server/v1_14_R1/DataWatcher,,,net/minecraft/class_2945
qo,net/minecraft/item/crafting/IRecipePlacer,net/minecraft/server/v1_14_R1/AutoRecipeAbstract,,,net/minecraft/class_2952
qp,net/minecraft/item/crafting/ServerRecipePlacer,net/minecraft/server/v1_14_R1/AutoRecipe,,,net/minecraft/class_2955
qq,net/minecraft/item/crafting/ServerRecipePlacerFurnace,net/minecraft/server/v1_14_R1/AutoRecipeFurnace,,,net/minecraft/class_2958
qs$a,net/minecraft/util/ResourceLocation$Serializer,net/minecraft/server/v1_14_R1/MinecraftKey$a,,,net/minecraft/class_2960$class_2961
qs,net/minecraft/util/ResourceLocation,net/minecraft/server/v1_14_R1/MinecraftKey,,,net/minecraft/class_2960
qu,net/minecraft/util/registry/Bootstrap,net/minecraft/server/v1_14_R1/DispenserRegistry,,,net/minecraft/class_2966
qw,net/minecraft/server/dedicated/PendingCommand,net/minecraft/server/v1_14_R1/ServerCommand,,,net/minecraft/class_2976
qy,net/minecraft/server/DebugLoggingPrintStream,net/minecraft/server/v1_14_R1/DebugOutputStream,,,net/minecraft/class_2980
qz,net/minecraft/server/ServerEula,net/minecraft/server/v1_14_R1/EULA,,,net/minecraft/class_2981
r$a,net/minecraft/advancements/AdvancementList$IListener,net/minecraft/server/v1_14_R1/Advancements$a,,,net/minecraft/class_163$class_164
r,net/minecraft/advancements/AdvancementList,net/minecraft/server/v1_14_R1/Advancements,,,net/minecraft/class_163
ra,net/minecraft/util/LoggingPrintStream,net/minecraft/server/v1_14_R1/RedirectStream,,,net/minecraft/class_2983
rb$1,net/minecraft/advancements/PlayerAdvancements$1,net/minecraft/server/v1_14_R1/AdvancementDataPlayer$1,,,net/minecraft/class_2985$1
rb,net/minecraft/advancements/PlayerAdvancements,net/minecraft/server/v1_14_R1/AdvancementDataPlayer,,,net/minecraft/class_2985
rc,net/minecraft/network/ThreadQuickExitException,net/minecraft/server/v1_14_R1/CancelledPacketHandleException,,,net/minecraft/class_2987
rd,net/minecraft/advancements/AdvancementManager,net/minecraft/server/v1_14_R1/AdvancementDataWorld,,,net/minecraft/class_2989
re$a,net/minecraft/advancements/FunctionManager$QueuedCommand,net/minecraft/server/v1_14_R1/CustomFunctionData$a,,,net/minecraft/class_2991$class_2992
re,net/minecraft/advancements/FunctionManager,net/minecraft/server/v1_14_R1/CustomFunctionData,,,net/minecraft/class_2991
rf,net/minecraft/network/rcon/IServer,net/minecraft/server/v1_14_R1/IMinecraftServer,,,net/minecraft/class_2994
rg$a,net/minecraft/scoreboard/ServerScoreboard$Action,net/minecraft/server/v1_14_R1/ScoreboardServer$Action,,,net/minecraft/class_2995$class_2996
rg,net/minecraft/scoreboard/ServerScoreboard,net/minecraft/server/v1_14_R1/ScoreboardServer,,,net/minecraft/class_2995
rh,net/minecraft/util/concurrent/TickDelayedTask,net/minecraft/server/v1_14_R1/TickTask,,,net/minecraft/class_3738
ri,net/minecraft/server/CustomServerBossInfo,net/minecraft/server/v1_14_R1/BossBattleCustom,,,net/minecraft/class_3002
rj,net/minecraft/server/CustomServerBossInfoManager,net/minecraft/server/v1_14_R1/BossBattleCustomData,,,net/minecraft/class_3004
rl$a$1,net/minecraft/command/impl/AdvancementCommand$Action$1,net/minecraft/server/v1_14_R1/CommandAdvancement$Action$1,,,net/minecraft/class_3008$class_3009$1
rl$a$2,net/minecraft/command/impl/AdvancementCommand$Action$2,net/minecraft/server/v1_14_R1/CommandAdvancement$Action$2,,,net/minecraft/class_3008$class_3009$2
rl$a,net/minecraft/command/impl/AdvancementCommand$Action,net/minecraft/server/v1_14_R1/CommandAdvancement$Action,,,net/minecraft/class_3008$class_3009
rl$b,net/minecraft/command/impl/AdvancementCommand$Mode,net/minecraft/server/v1_14_R1/CommandAdvancement$Filter,,,net/minecraft/class_3008$class_3010
rl,net/minecraft/command/impl/AdvancementCommand,net/minecraft/server/v1_14_R1/CommandAdvancement,,,net/minecraft/class_3008
rm,net/minecraft/command/impl/BanIpCommand,net/minecraft/server/v1_14_R1/CommandBanIp,,,net/minecraft/class_3012
rn,net/minecraft/command/impl/BanListCommand,net/minecraft/server/v1_14_R1/CommandBanList,,,net/minecraft/class_3014
ro,net/minecraft/command/impl/BanCommand,net/minecraft/server/v1_14_R1/CommandBan,,,net/minecraft/class_3016
rp,net/minecraft/command/impl/BossBarCommand,net/minecraft/server/v1_14_R1/CommandBossBar,,,net/minecraft/class_3019
rq,net/minecraft/command/impl/ClearCommand,net/minecraft/server/v1_14_R1/CommandClear,,,net/minecraft/class_3020
rr$a,net/minecraft/command/impl/CloneCommand$BlockInfo,net/minecraft/server/v1_14_R1/CommandClone$CommandCloneStoredTileEntity,,,net/minecraft/class_3023$class_3024
rr$b,net/minecraft/command/impl/CloneCommand$Mode,net/minecraft/server/v1_14_R1/CommandClone$Mode,,,net/minecraft/class_3023$class_3025
rr,net/minecraft/command/impl/CloneCommand,net/minecraft/server/v1_14_R1/CommandClone,,,net/minecraft/class_3023
rs$a,net/minecraft/command/impl/DataPackCommand$IHandler,net/minecraft/server/v1_14_R1/CommandDatapack$a,,,net/minecraft/class_3027$class_3028
rs,net/minecraft/command/impl/DataPackCommand,net/minecraft/server/v1_14_R1/CommandDatapack,,,net/minecraft/class_3027
rt,net/minecraft/command/impl/DeOpCommand,net/minecraft/server/v1_14_R1/CommandDeop,,,net/minecraft/class_3030
ru,net/minecraft/command/impl/DebugCommand,net/minecraft/server/v1_14_R1/CommandDebug,,,net/minecraft/class_3032
rv,net/minecraft/command/impl/DefaultGameModeCommand,net/minecraft/server/v1_14_R1/CommandGamemodeDefault,,,net/minecraft/class_3035
rw,net/minecraft/command/impl/DifficultyCommand,net/minecraft/server/v1_14_R1/CommandDifficulty,,,net/minecraft/class_3036
rx,net/minecraft/command/impl/EffectCommand,net/minecraft/server/v1_14_R1/CommandEffect,,,net/minecraft/class_3043
ry,net/minecraft/command/impl/MeCommand,net/minecraft/server/v1_14_R1/CommandMe,,,net/minecraft/class_3045
rz,net/minecraft/command/impl/EnchantCommand,net/minecraft/server/v1_14_R1/CommandEnchant,,,net/minecraft/class_3048
s$a,net/minecraft/advancements/AdvancementProgress$Serializer,net/minecraft/server/v1_14_R1/AdvancementProgress$a,,,net/minecraft/class_167$class_168
s,net/minecraft/advancements/AdvancementProgress,net/minecraft/server/v1_14_R1/AdvancementProgress,,,net/minecraft/class_167
sa$a,net/minecraft/command/impl/ExecuteCommand$INumericTest,net/minecraft/server/v1_14_R1/CommandExecute$a,,,net/minecraft/class_3050$class_3051
sa$b,net/minecraft/command/impl/ExecuteCommand$IBooleanTest,net/minecraft/server/v1_14_R1/CommandExecute$b,,,net/minecraft/class_3050$class_3052
sa,net/minecraft/command/impl/ExecuteCommand,net/minecraft/server/v1_14_R1/CommandExecute,,,net/minecraft/class_3050
sb$a,net/minecraft/command/impl/ExperienceCommand$Type,net/minecraft/server/v1_14_R1/CommandXp$Unit,,,net/minecraft/class_3054$class_3055
sb,net/minecraft/command/impl/ExperienceCommand,net/minecraft/server/v1_14_R1/CommandXp,,,net/minecraft/class_3054
sc$a,net/minecraft/command/impl/FillCommand$Mode,net/minecraft/server/v1_14_R1/CommandFill$Mode,,,net/minecraft/class_3057$class_3058
sc,net/minecraft/command/impl/FillCommand,net/minecraft/server/v1_14_R1/CommandFill,,,net/minecraft/class_3057
sd,net/minecraft/command/impl/ForceLoadCommand,net/minecraft/server/v1_14_R1/CommandForceload,,,net/minecraft/class_3060
se,net/minecraft/command/impl/FunctionCommand,net/minecraft/server/v1_14_R1/CommandFunction,,,net/minecraft/class_3062
sf,net/minecraft/command/impl/GameModeCommand,net/minecraft/server/v1_14_R1/CommandGamemode,,,net/minecraft/class_3064
sg,net/minecraft/command/impl/GameRuleCommand,net/minecraft/server/v1_14_R1/CommandGamerule,,,net/minecraft/class_3065
sh,net/minecraft/command/impl/GiveCommand,net/minecraft/server/v1_14_R1/CommandGive,,,net/minecraft/class_3068
si,net/minecraft/command/impl/HelpCommand,net/minecraft/server/v1_14_R1/CommandHelp,,,net/minecraft/class_3069
sj,net/minecraft/command/impl/KickCommand,net/minecraft/server/v1_14_R1/CommandKick,,,net/minecraft/class_3073
sk,net/minecraft/command/impl/KillCommand,net/minecraft/server/v1_14_R1/CommandKill,,,net/minecraft/class_3075
sl,net/minecraft/command/impl/ListCommand,net/minecraft/server/v1_14_R1/CommandList,,,net/minecraft/class_3078
sm,net/minecraft/command/impl/LocateCommand,net/minecraft/server/v1_14_R1/CommandLocate,,,net/minecraft/class_3079
sn$a,net/minecraft/command/impl/LootCommand$ISuccessListener,net/minecraft/server/v1_14_R1/CommandLoot$a,,,net/minecraft/class_3039$class_3040
sn$b,net/minecraft/command/impl/LootCommand$ITargetHandler,net/minecraft/server/v1_14_R1/CommandLoot$b,,,net/minecraft/class_3039$class_3041
sn$c,net/minecraft/command/impl/LootCommand$ISourceArgumentBuilder,net/minecraft/server/v1_14_R1/CommandLoot$c,,,net/minecraft/class_3039$class_3042
sn,net/minecraft/command/impl/LootCommand,net/minecraft/server/v1_14_R1/CommandLoot,,,net/minecraft/class_3039
so,net/minecraft/command/impl/MessageCommand,net/minecraft/server/v1_14_R1/CommandTell,,,net/minecraft/class_3082
sp,net/minecraft/command/impl/OpCommand,net/minecraft/server/v1_14_R1/CommandOp,,,net/minecraft/class_3083
sq,net/minecraft/command/impl/PardonCommand,net/minecraft/server/v1_14_R1/CommandPardon,,,net/minecraft/class_3086
sr,net/minecraft/command/impl/PardonIpCommand,net/minecraft/server/v1_14_R1/CommandPardonIP,,,net/minecraft/class_3088
ss,net/minecraft/command/impl/ParticleCommand,net/minecraft/server/v1_14_R1/CommandParticle,,,net/minecraft/class_3089
st,net/minecraft/command/impl/PlaySoundCommand,net/minecraft/server/v1_14_R1/CommandPlaySound,,,net/minecraft/class_3091
su,net/minecraft/command/impl/PublishCommand,net/minecraft/server/v1_14_R1/CommandPublish,,,net/minecraft/class_3093
sw,net/minecraft/command/impl/RecipeCommand,net/minecraft/server/v1_14_R1/CommandRecipe,,,net/minecraft/class_3095
sx,net/minecraft/command/impl/ReloadCommand,net/minecraft/server/v1_14_R1/CommandReload,,,net/minecraft/class_3097
sy,net/minecraft/command/impl/ReplaceItemCommand,net/minecraft/server/v1_14_R1/CommandReplaceItem,,,net/minecraft/class_3102
sz,net/minecraft/command/impl/SaveAllCommand,net/minecraft/server/v1_14_R1/CommandSaveAll,,,net/minecraft/class_3104
t$a,net/minecraft/advancements/AdvancementRewards$Builder,net/minecraft/server/v1_14_R1/AdvancementRewards$a,,,net/minecraft/class_170$class_171
t$b,net/minecraft/advancements/AdvancementRewards$Deserializer,net/minecraft/server/v1_14_R1/AdvancementRewards$b,,,net/minecraft/class_170$class_172
t,net/minecraft/advancements/AdvancementRewards,net/minecraft/server/v1_14_R1/AdvancementRewards,,,net/minecraft/class_170
ta,net/minecraft/command/impl/SaveOffCommand,net/minecraft/server/v1_14_R1/CommandSaveOff,,,net/minecraft/class_3106
tb,net/minecraft/command/impl/SaveOnCommand,net/minecraft/server/v1_14_R1/CommandSaveOn,,,net/minecraft/class_3107
tc,net/minecraft/command/impl/SayCommand,net/minecraft/server/v1_14_R1/CommandSay,,,net/minecraft/class_3110
td,net/minecraft/command/impl/ScheduleCommand,net/minecraft/server/v1_14_R1/CommandSchedule,,,net/minecraft/class_3112
te,net/minecraft/command/impl/ScoreboardCommand,net/minecraft/server/v1_14_R1/CommandScoreboard,,,net/minecraft/class_3115
tf,net/minecraft/command/impl/SeedCommand,net/minecraft/server/v1_14_R1/CommandSeed,,,net/minecraft/class_3118
tg$a,net/minecraft/command/impl/SetBlockCommand$IFilter,net/minecraft/server/v1_14_R1/CommandSetBlock$Filter,,,net/minecraft/class_3119$class_3120
tg$b,net/minecraft/command/impl/SetBlockCommand$Mode,net/minecraft/server/v1_14_R1/CommandSetBlock$Mode,,,net/minecraft/class_3119$class_3121
tg,net/minecraft/command/impl/SetBlockCommand,net/minecraft/server/v1_14_R1/CommandSetBlock,,,net/minecraft/class_3119
th,net/minecraft/command/impl/SetIdleTimeoutCommand,net/minecraft/server/v1_14_R1/CommandIdleTimeout,,,net/minecraft/class_3123
ti,net/minecraft/command/impl/SpawnPointCommand,net/minecraft/server/v1_14_R1/CommandSpawnpoint,,,net/minecraft/class_3127
tj,net/minecraft/command/impl/SetWorldSpawnCommand,net/minecraft/server/v1_14_R1/CommandSetWorldSpawn,,,net/minecraft/class_3128
tk$a,net/minecraft/command/impl/SpreadPlayersCommand$Position,net/minecraft/server/v1_14_R1/CommandSpreadPlayers$a,,,net/minecraft/class_3131$class_3132
tk,net/minecraft/command/impl/SpreadPlayersCommand,net/minecraft/server/v1_14_R1/CommandSpreadPlayers,,,net/minecraft/class_3131
tl,net/minecraft/command/impl/StopCommand,net/minecraft/server/v1_14_R1/CommandStop,,,net/minecraft/class_3134
tm,net/minecraft/command/impl/StopSoundCommand,net/minecraft/server/v1_14_R1/CommandStopSound,,,net/minecraft/class_3136
tn,net/minecraft/command/impl/SummonCommand,net/minecraft/server/v1_14_R1/CommandSummon,,,net/minecraft/class_3138
to,net/minecraft/command/impl/TagCommand,net/minecraft/server/v1_14_R1/CommandTag,,,net/minecraft/class_3140
tp,net/minecraft/command/impl/TeamCommand,net/minecraft/server/v1_14_R1/CommandTeam,,,net/minecraft/class_3142
tq,net/minecraft/command/impl/TeamMsgCommand,net/minecraft/server/v1_14_R1/CommandTeamMsg,,,net/minecraft/class_3945
tr$a,net/minecraft/command/impl/TeleportCommand$Facing,net/minecraft/server/v1_14_R1/CommandTeleport$a,,,net/minecraft/class_3143$class_3144
tr,net/minecraft/command/impl/TeleportCommand,net/minecraft/server/v1_14_R1/CommandTeleport,,,net/minecraft/class_3143
ts,net/minecraft/command/impl/TellRawCommand,net/minecraft/server/v1_14_R1/CommandTellRaw,,,net/minecraft/class_3146
tt,net/minecraft/command/impl/TimeCommand,net/minecraft/server/v1_14_R1/CommandTime,,,net/minecraft/class_3149
tu,net/minecraft/command/impl/TitleCommand,net/minecraft/server/v1_14_R1/CommandTitle,,,net/minecraft/class_3151
tv,net/minecraft/command/impl/TriggerCommand,net/minecraft/server/v1_14_R1/CommandTrigger,,,net/minecraft/class_3153
tw,net/minecraft/command/impl/WeatherCommand,net/minecraft/server/v1_14_R1/CommandWeather,,,net/minecraft/class_3155
tx,net/minecraft/command/impl/WhitelistCommand,net/minecraft/server/v1_14_R1/CommandWhitelist,,,net/minecraft/class_3156
ty,net/minecraft/command/impl/WorldBorderCommand,net/minecraft/server/v1_14_R1/CommandWorldBorder,,,net/minecraft/class_3158
tz$1,net/minecraft/command/impl/data/BlockDataAccessor$1,net/minecraft/server/v1_14_R1/CommandDataAccessorTile$1,,,net/minecraft/class_3161$1
tz,net/minecraft/command/impl/data/BlockDataAccessor,net/minecraft/server/v1_14_R1/CommandDataAccessorTile,,,net/minecraft/class_3161
u,net/minecraft/advancements/CriteriaTriggers,net/minecraft/server/v1_14_R1/CriterionTriggers,,,net/minecraft/class_174
ua,net/minecraft/command/impl/data/IDataAccessor,net/minecraft/server/v1_14_R1/CommandDataAccessor,,,net/minecraft/class_3162
ub$a,net/minecraft/command/impl/data/DataCommand$IModificationType,net/minecraft/server/v1_14_R1/CommandData$a,,,net/minecraft/class_3164$class_3165
ub$b,net/minecraft/command/impl/data/DataCommand$IModificationSourceArgumentBuilder,net/minecraft/server/v1_14_R1/CommandData$b,,,net/minecraft/class_3164$class_3166
ub$c,net/minecraft/command/impl/data/DataCommand$IDataProvider,net/minecraft/server/v1_14_R1/CommandData$c,,,net/minecraft/class_3164$class_3167
ub,net/minecraft/command/impl/data/DataCommand,net/minecraft/server/v1_14_R1/CommandData,,,net/minecraft/class_3164
uc$1,net/minecraft/command/impl/data/EntityDataAccessor$1,net/minecraft/server/v1_14_R1/CommandDataAccessorEntity$1,,,net/minecraft/class_3169$1
uc,net/minecraft/command/impl/data/EntityDataAccessor,net/minecraft/server/v1_14_R1/CommandDataAccessorEntity,,,net/minecraft/class_3169
uf,net/minecraft/server/dedicated/DedicatedPlayerList,net/minecraft/server/v1_14_R1/DedicatedPlayerList,,,net/minecraft/class_3174
ug$1,net/minecraft/server/dedicated/DedicatedServer$1,net/minecraft/server/v1_14_R1/DedicatedServer$1,,,net/minecraft/class_3176$1
ug$2,net/minecraft/server/dedicated/DedicatedServer$2,net/minecraft/server/v1_14_R1/DedicatedServer$2,,,net/minecraft/class_3176$2
ug,net/minecraft/server/dedicated/DedicatedServer,net/minecraft/server/v1_14_R1/DedicatedServer,,,net/minecraft/class_3176
uh,net/minecraft/server/dedicated/ServerProperties,net/minecraft/server/v1_14_R1/DedicatedServerProperties,,,net/minecraft/class_3806
ui,net/minecraft/server/ServerPropertiesProvider,net/minecraft/server/v1_14_R1/DedicatedServerSettings,,,net/minecraft/class_3807
uj$1,net/minecraft/server/dedicated/ServerHangWatchdog$1,net/minecraft/server/v1_14_R1/ThreadWatchdog$1,,,net/minecraft/class_3178$1
uj,net/minecraft/server/dedicated/ServerHangWatchdog,net/minecraft/server/v1_14_R1/ThreadWatchdog,,,net/minecraft/class_3178
uk$a,net/minecraft/server/dedicated/PropertyManager$Property,net/minecraft/server/v1_14_R1/PropertyManager$EditableProperty,,,net/minecraft/class_3808$class_3809
uk,net/minecraft/server/dedicated/PropertyManager,net/minecraft/server/v1_14_R1/PropertyManager,,,net/minecraft/class_3808
um$1,net/minecraft/server/gui/MinecraftServerGui$1,net/minecraft/server/v1_14_R1/ServerGUI$1,,,net/minecraft/class_3182$1
um$2,net/minecraft/server/gui/MinecraftServerGui$2,net/minecraft/server/v1_14_R1/ServerGUI$2,,,net/minecraft/class_3182$2
um,net/minecraft/server/gui/MinecraftServerGui,net/minecraft/server/v1_14_R1/ServerGUI,,,net/minecraft/class_3182
un,net/minecraft/server/gui/PlayerListComponent,net/minecraft/server/v1_14_R1/PlayerListBox,,,net/minecraft/class_3184
uo,net/minecraft/server/gui/StatsComponent,net/minecraft/server/v1_14_R1/GuiStatsComponent,,,net/minecraft/class_3186
ur$1,net/minecraft/world/chunk/ChunkHolder$1,net/minecraft/server/v1_14_R1/PlayerChunk$1,,,net/minecraft/class_3193$1
ur$a$1,net/minecraft/world/chunk/ChunkHolder$IChunkLoadingError$1,net/minecraft/server/v1_14_R1/PlayerChunk$Failure$1,,,net/minecraft/class_3193$class_3724$1
ur$a,net/minecraft/world/chunk/ChunkHolder$IChunkLoadingError,net/minecraft/server/v1_14_R1/PlayerChunk$Failure,,,net/minecraft/class_3193$class_3724
ur$b,net/minecraft/world/chunk/ChunkHolder$LocationType,net/minecraft/server/v1_14_R1/PlayerChunk$State,,,net/minecraft/class_3193$class_3194
ur$c,net/minecraft/world/chunk/ChunkHolder$IListener,net/minecraft/server/v1_14_R1/PlayerChunk$c,,,net/minecraft/class_3193$class_3896
ur$d,net/minecraft/world/chunk/ChunkHolder$IPlayerProvider,net/minecraft/server/v1_14_R1/PlayerChunk$d,,,net/minecraft/class_3193$class_3897
ur,net/minecraft/world/chunk/ChunkHolder,net/minecraft/server/v1_14_R1/PlayerChunk,,,net/minecraft/class_3193
us$1,net/minecraft/world/chunk/ChunkManager$1,net/minecraft/server/v1_14_R1/PlayerChunkMap$1,,,net/minecraft/class_3898$1
us$2,net/minecraft/world/chunk/ChunkManager$2,net/minecraft/server/v1_14_R1/PlayerChunkMap$2,,,net/minecraft/class_3898$2
us$a,net/minecraft/world/chunk/ChunkManager$ProxyTicketManager,net/minecraft/server/v1_14_R1/PlayerChunkMap$a,,,net/minecraft/class_3898$class_3216
us$b,net/minecraft/world/chunk/ChunkManager$EntityTracker,net/minecraft/server/v1_14_R1/PlayerChunkMap$EntityTracker,,,net/minecraft/class_3898$class_3208
us,net/minecraft/world/chunk/ChunkManager,net/minecraft/server/v1_14_R1/PlayerChunkMap,,,net/minecraft/class_3898
ut,net/minecraft/world/chunk/ChunkTaskPriorityQueue,net/minecraft/server/v1_14_R1/ChunkTaskQueue,,,net/minecraft/class_3899
uu$a,net/minecraft/world/chunk/ChunkTaskPriorityQueueSorter$FunctionEntry,net/minecraft/server/v1_14_R1/ChunkTaskQueueSorter$a,,,net/minecraft/class_3900$class_3946
uu$b,net/minecraft/world/chunk/ChunkTaskPriorityQueueSorter$RunnableEntry,net/minecraft/server/v1_14_R1/ChunkTaskQueueSorter$b,,,net/minecraft/class_3900$class_3947
uu,net/minecraft/world/chunk/ChunkTaskPriorityQueueSorter,net/minecraft/server/v1_14_R1/ChunkTaskQueueSorter,,,net/minecraft/class_3900
uv,net/minecraft/world/chunk/ChunkDistanceGraph,net/minecraft/server/v1_14_R1/ChunkMap,,,net/minecraft/class_3196
uw,net/minecraft/util/math/ColumnPos,net/minecraft/server/v1_14_R1/BlockPosition2D,,,net/minecraft/class_2265
ux,net/minecraft/server/management/DemoPlayerInteractionManager,net/minecraft/server/v1_14_R1/DemoPlayerInteractManager,,,net/minecraft/class_3201
uy,net/minecraft/world/ServerMultiWorld,net/minecraft/server/v1_14_R1/SecondaryWorldServer,,,net/minecraft/class_3202
uz$a,net/minecraft/world/chunk/TicketManager$ChunkTicketTracker,net/minecraft/server/v1_14_R1/ChunkMapDistance$a,,,net/minecraft/class_3204$class_4077
uz$b,net/minecraft/world/chunk/TicketManager$PlayerChunkTracker,net/minecraft/server/v1_14_R1/ChunkMapDistance$b,,,net/minecraft/class_3204$class_3205
uz$c,net/minecraft/world/chunk/TicketManager$PlayerSectionTracker,net/minecraft/server/v1_14_R1/ChunkMapDistance$c,,,net/minecraft/class_3204$class_4078
uz$d,net/minecraft/world/chunk/TicketManager$PlayerTicketTracker,net/minecraft/server/v1_14_R1/ChunkMapDistance$d,,,net/minecraft/class_3204$class_3948
uz,net/minecraft/world/chunk/TicketManager,net/minecraft/server/v1_14_R1/ChunkMapDistance,,,net/minecraft/class_3204
v,net/minecraft/advancements/Criterion,net/minecraft/server/v1_14_R1/Criterion,,,net/minecraft/class_175
vb,net/minecraft/world/chunk/PlayerGenerationTracker,net/minecraft/server/v1_14_R1/PlayerMap,,,net/minecraft/class_3210
vc,net/minecraft/util/SectionDistanceGraph,net/minecraft/server/v1_14_R1/LightEngineGraphSection,,,net/minecraft/class_4079
vd,net/minecraft/world/ServerBossInfo,net/minecraft/server/v1_14_R1/BossBattleServer,,,net/minecraft/class_3213
ve$a,net/minecraft/world/chunk/ServerChunkProvider$ChunkExecutor,net/minecraft/server/v1_14_R1/ChunkProviderServer$a,,,net/minecraft/class_3215$class_4212
ve,net/minecraft/world/chunk/ServerChunkProvider,net/minecraft/server/v1_14_R1/ChunkProviderServer,,,net/minecraft/class_3215
vf,net/minecraft/world/TrackedEntity,net/minecraft/server/v1_14_R1/EntityTrackerEntry,,,net/minecraft/class_3231
vg,net/minecraft/world/ServerWorld,net/minecraft/server/v1_14_R1/WorldServer,,,net/minecraft/class_3218
vh,net/minecraft/entity/player/ServerPlayerEntity,net/minecraft/server/v1_14_R1/EntityPlayer,,,net/minecraft/class_3222
vi,net/minecraft/server/management/PlayerInteractionManager,net/minecraft/server/v1_14_R1/PlayerInteractManager,,,net/minecraft/class_3225
vj$a,net/minecraft/world/chunk/ServerWorldLightManager$Phase,net/minecraft/server/v1_14_R1/LightEngineThreaded$Update,,,net/minecraft/class_3227$class_3901
vj,net/minecraft/world/chunk/ServerWorldLightManager,net/minecraft/server/v1_14_R1/LightEngineThreaded,,,net/minecraft/class_3227
vk,net/minecraft/world/chunk/Ticket,net/minecraft/server/v1_14_R1/Ticket,,,net/minecraft/class_3228
vl,net/minecraft/world/chunk/TicketType,net/minecraft/server/v1_14_R1/TicketType,,,net/minecraft/class_3230
vm,net/minecraft/world/gen/WorldGenRegion,net/minecraft/server/v1_14_R1/RegionLimitedWorldAccess,,,net/minecraft/class_3233
vn,net/minecraft/world/WorldGenTickList,net/minecraft/server/v1_14_R1/TickListWorldGen,,,net/minecraft/class_3235
vp,net/minecraft/world/chunk/listener/IChunkStatusListener,net/minecraft/server/v1_14_R1/WorldLoadListener,,,net/minecraft/class_3949
vq,net/minecraft/world/chunk/listener/IChunkStatusListenerFactory,net/minecraft/server/v1_14_R1/WorldLoadListenerFactory,,,net/minecraft/class_3950
vr,net/minecraft/world/chunk/listener/LoggingChunkStatusListener,net/minecraft/server/v1_14_R1/WorldLoadListenerLogger,,,net/minecraft/class_3951
vv,net/minecraft/network/LegacyPingHandler,net/minecraft/server/v1_14_R1/LegacyPingHandler,,,net/minecraft/class_3238
vx$1,net/minecraft/network/NetworkSystem$1,net/minecraft/server/v1_14_R1/ServerConnection$1,,,net/minecraft/class_3242$1
vx,net/minecraft/network/NetworkSystem,net/minecraft/server/v1_14_R1/ServerConnection,,,net/minecraft/class_3242
vy,net/minecraft/network/play/ServerPlayNetHandler,net/minecraft/server/v1_14_R1/PlayerConnection,,,net/minecraft/class_3244
vz,net/minecraft/network/handshake/ServerHandshakeNetHandler,net/minecraft/server/v1_14_R1/HandshakeListener,,,net/minecraft/class_3246
w,net/minecraft/advancements/CriterionProgress,net/minecraft/server/v1_14_R1/CriterionProgress,,,net/minecraft/class_178
wa$1,net/minecraft/network/login/ServerLoginNetHandler$1,net/minecraft/server/v1_14_R1/LoginListener$1,,,net/minecraft/class_3248$1
wa$a,net/minecraft/network/login/ServerLoginNetHandler$State,net/minecraft/server/v1_14_R1/LoginListener$EnumProtocolState,,,net/minecraft/class_3248$class_3249
wa,net/minecraft/network/login/ServerLoginNetHandler,net/minecraft/server/v1_14_R1/LoginListener,,,net/minecraft/class_3248
wb,net/minecraft/network/status/ServerStatusNetHandler,net/minecraft/server/v1_14_R1/PacketStatusListener,,,net/minecraft/class_3251
we,net/minecraft/resources/ResourcePack,net/minecraft/server/v1_14_R1/ResourcePackAbstract,,,net/minecraft/class_3255
wf,net/minecraft/resources/FilePack,net/minecraft/server/v1_14_R1/ResourcePackFile,,,net/minecraft/class_3258
wg,net/minecraft/resources/FolderPack,net/minecraft/server/v1_14_R1/ResourcePackFolder,,,net/minecraft/class_3259
wh,net/minecraft/resources/IResourcePack,net/minecraft/server/v1_14_R1/IResourcePack,,,net/minecraft/class_3262
wi,net/minecraft/resources/ResourcePackType,net/minecraft/server/v1_14_R1/EnumResourcePackType,,,net/minecraft/class_3264
wj,net/minecraft/resources/ResourcePackFileNotFoundException,net/minecraft/server/v1_14_R1/ResourceNotFoundException,,,net/minecraft/class_3266
wk,net/minecraft/resources/VanillaPack,net/minecraft/server/v1_14_R1/ResourcePackVanilla,,,net/minecraft/class_3268
wl,net/minecraft/resources/data/IMetadataSectionSerializer,net/minecraft/server/v1_14_R1/ResourcePackMetaParser,,,net/minecraft/class_3270
wm,net/minecraft/resources/data/PackMetadataSection,net/minecraft/server/v1_14_R1/ResourcePackInfo,,,net/minecraft/class_3272
wn,net/minecraft/resources/data/PackMetadataSectionSerializer,net/minecraft/server/v1_14_R1/ResourcePackInfoDeserializer,,,net/minecraft/class_3274
wr,net/minecraft/resources/FolderPackFinder,net/minecraft/server/v1_14_R1/ResourcePackSourceFolder,,,net/minecraft/class_3279
ws,net/minecraft/resources/PackCompatibility,net/minecraft/server/v1_14_R1/EnumResourcePackVersion,,,net/minecraft/class_3281
wt,net/minecraft/resources/ResourcePackList,net/minecraft/server/v1_14_R1/ResourcePackRepository,,,net/minecraft/class_3283
wu,net/minecraft/resources/IPackFinder,net/minecraft/server/v1_14_R1/ResourcePackSource,,,net/minecraft/class_3285
wv,net/minecraft/resources/ServerPackFinder,net/minecraft/server/v1_14_R1/ResourcePackSourceVanilla,,,net/minecraft/class_3286
ww$a,net/minecraft/resources/ResourcePackInfo$Priority,net/minecraft/server/v1_14_R1/ResourcePackLoader$Position,,,net/minecraft/class_3288$class_3289
ww$b,net/minecraft/resources/ResourcePackInfo$IFactory,net/minecraft/server/v1_14_R1/ResourcePackLoader$b,,,net/minecraft/class_3288$class_3290
ww,net/minecraft/resources/ResourcePackInfo,net/minecraft/server/v1_14_R1/ResourcePackLoader,,,net/minecraft/class_3288
wy$a,net/minecraft/resources/FallbackResourceManager$LeakComplainerInputStream,net/minecraft/server/v1_14_R1/ResourceManagerFallback$a,,,net/minecraft/class_3294$class_3295
wy,net/minecraft/resources/FallbackResourceManager,net/minecraft/server/v1_14_R1/ResourceManagerFallback,,,net/minecraft/class_3294
wz$a,net/minecraft/resources/IFutureReloadListener$IStage,net/minecraft/server/v1_14_R1/IReloadListener$a,,,net/minecraft/class_3302$class_4045
wz,net/minecraft/resources/IFutureReloadListener,net/minecraft/server/v1_14_R1/IReloadListener,,,net/minecraft/class_3302
x$a,net/minecraft/advancements/ICriterionTrigger$Listener,net/minecraft/server/v1_14_R1/CriterionTrigger$a,,,net/minecraft/class_179$class_180
x,net/minecraft/advancements/ICriterionTrigger,net/minecraft/server/v1_14_R1/CriterionTrigger,,,net/minecraft/class_179
xa$a,net/minecraft/resources/DebugAsyncReloader$DataPoint,net/minecraft/server/v1_14_R1/ReloadableProfiled$a,,,net/minecraft/class_4010$class_4046
xa,net/minecraft/resources/DebugAsyncReloader,net/minecraft/server/v1_14_R1/ReloadableProfiled,,,net/minecraft/class_4010
xb,net/minecraft/resources/IAsyncReloader,net/minecraft/server/v1_14_R1/IReloadable,,,net/minecraft/class_4011
xc,net/minecraft/resources/IReloadableResourceManager,net/minecraft/server/v1_14_R1/IReloadableResourceManager,,,net/minecraft/class_3296
xd,net/minecraft/resources/IResource,net/minecraft/server/v1_14_R1/IResource,,,net/minecraft/class_3298
xe,net/minecraft/resources/IResourceManager,net/minecraft/server/v1_14_R1/IResourceManager,,,net/minecraft/class_3300
xf,net/minecraft/resources/IResourceManagerReloadListener,net/minecraft/server/v1_14_R1/IResourcePackListener,,,net/minecraft/class_4013
xh$1,net/minecraft/resources/AsyncReloader$1,net/minecraft/server/v1_14_R1/Reloadable$1,,,net/minecraft/class_4014$1
xh$a,net/minecraft/resources/AsyncReloader$IStateFactory,net/minecraft/server/v1_14_R1/Reloadable$a,,,net/minecraft/class_4014$class_4047
xh,net/minecraft/resources/AsyncReloader,net/minecraft/server/v1_14_R1/Reloadable,,,net/minecraft/class_4014
xi,net/minecraft/resources/SimpleReloadableResourceManager,net/minecraft/server/v1_14_R1/ResourceManager,,,net/minecraft/class_3304
xj,net/minecraft/resources/SimpleResource,net/minecraft/server/v1_14_R1/Resource,,,net/minecraft/class_3306
xl,net/minecraft/server/management/BanEntry,net/minecraft/server/v1_14_R1/ExpirableListEntry,,,net/minecraft/class_3309
xm$1,net/minecraft/server/management/PlayerProfileCache$1,net/minecraft/server/v1_14_R1/UserCache$1,,,net/minecraft/class_3312$1
xm$2,net/minecraft/server/management/PlayerProfileCache$2,net/minecraft/server/v1_14_R1/UserCache$2,,,net/minecraft/class_3312$2
xm$a,net/minecraft/server/management/PlayerProfileCache$ProfileEntry,net/minecraft/server/v1_14_R1/UserCache$UserCacheEntry,,,net/minecraft/class_3312$class_3313
xm$b,net/minecraft/server/management/PlayerProfileCache$Serializer,net/minecraft/server/v1_14_R1/UserCache$BanEntrySerializer,,,net/minecraft/class_3312$class_3314
xm,net/minecraft/server/management/PlayerProfileCache,net/minecraft/server/v1_14_R1/UserCache,,,net/minecraft/class_3312
xn,net/minecraft/server/management/IPBanList,net/minecraft/server/v1_14_R1/IpBanList,,,net/minecraft/class_3317
xo,net/minecraft/server/management/IPBanEntry,net/minecraft/server/v1_14_R1/IpBanEntry,,,net/minecraft/class_3320
xp$1,net/minecraft/server/management/PreYggdrasilConverter$1,net/minecraft/server/v1_14_R1/NameReferencingFileConverter$1,,,net/minecraft/class_3321$1
xp$2,net/minecraft/server/management/PreYggdrasilConverter$2,net/minecraft/server/v1_14_R1/NameReferencingFileConverter$2,,,net/minecraft/class_3321$2
xp$3,net/minecraft/server/management/PreYggdrasilConverter$3,net/minecraft/server/v1_14_R1/NameReferencingFileConverter$3,,,net/minecraft/class_3321$3
xp$4,net/minecraft/server/management/PreYggdrasilConverter$4,net/minecraft/server/v1_14_R1/NameReferencingFileConverter$4,,,net/minecraft/class_3321$4
xp$5,net/minecraft/server/management/PreYggdrasilConverter$5,net/minecraft/server/v1_14_R1/NameReferencingFileConverter$5,,,net/minecraft/class_3321$5
xp$a,net/minecraft/server/management/PreYggdrasilConverter$ConversionError,net/minecraft/server/v1_14_R1/NameReferencingFileConverter$FileConversionException,,,net/minecraft/class_3321$class_3322
xp,net/minecraft/server/management/PreYggdrasilConverter,net/minecraft/server/v1_14_R1/NameReferencingFileConverter,,,net/minecraft/class_3321
xq$1,net/minecraft/server/management/PlayerList$1,net/minecraft/server/v1_14_R1/PlayerList$1,,,net/minecraft/class_3324$1
xq,net/minecraft/server/management/PlayerList,net/minecraft/server/v1_14_R1/PlayerList,,,net/minecraft/class_3324
xr,net/minecraft/server/management/OpList,net/minecraft/server/v1_14_R1/OpList,,,net/minecraft/class_3326
xs,net/minecraft/server/management/OpEntry,net/minecraft/server/v1_14_R1/OpListEntry,,,net/minecraft/class_3327
xt,net/minecraft/server/management/UserListEntry,net/minecraft/server/v1_14_R1/JsonListEntry,,,net/minecraft/class_3330
xu$1,net/minecraft/server/management/UserList$1,net/minecraft/server/v1_14_R1/JsonList$1,,,net/minecraft/class_3331$1
xu$a,net/minecraft/server/management/UserList$Serializer,net/minecraft/server/v1_14_R1/JsonList$JsonListEntrySerializer,,,net/minecraft/class_3331$class_3332
xu,net/minecraft/server/management/UserList,net/minecraft/server/v1_14_R1/JsonList,,,net/minecraft/class_3331
xv,net/minecraft/server/management/BanList,net/minecraft/server/v1_14_R1/GameProfileBanList,,,net/minecraft/class_3335
xw,net/minecraft/server/management/ProfileBanEntry,net/minecraft/server/v1_14_R1/GameProfileBanEntry,,,net/minecraft/class_3336
xx,net/minecraft/server/management/WhiteList,net/minecraft/server/v1_14_R1/WhiteList,,,net/minecraft/class_3337
xy,net/minecraft/server/management/WhitelistEntry,net/minecraft/server/v1_14_R1/WhiteListEntry,,,net/minecraft/class_3340
y,net/minecraft/advancements/ICriterionInstance,net/minecraft/server/v1_14_R1/CriterionInstance,,,net/minecraft/class_184
ya,net/minecraft/network/rcon/RConOutputStream,net/minecraft/server/v1_14_R1/RemoteStatusReply,,,net/minecraft/class_3345
yb,net/minecraft/network/rcon/RConUtils,net/minecraft/server/v1_14_R1/StatusChallengeUtils,,,net/minecraft/class_3347
yc,net/minecraft/network/rcon/RConConsoleSource,net/minecraft/server/v1_14_R1/RemoteControlCommandListener,,,net/minecraft/class_3350
ye,net/minecraft/network/rcon/RConThread,net/minecraft/server/v1_14_R1/RemoteConnectionThread,,,net/minecraft/class_3359
yf$a,net/minecraft/network/rcon/QueryThread$Auth,net/minecraft/server/v1_14_R1/RemoteStatusListener$RemoteStatusChallenge,,,net/minecraft/class_3364$class_3365
yf,net/minecraft/network/rcon/QueryThread,net/minecraft/server/v1_14_R1/RemoteStatusListener,,,net/minecraft/class_3364
yg,net/minecraft/network/rcon/ClientThread,net/minecraft/server/v1_14_R1/RemoteControlSession,,,net/minecraft/class_3389
yh,net/minecraft/network/rcon/MainThread,net/minecraft/server/v1_14_R1/RemoteControlListener,,,net/minecraft/class_3408
yj,net/minecraft/util/SoundEvent,net/minecraft/server/v1_14_R1/SoundEffect,,,net/minecraft/class_3414
yk,net/minecraft/util/SoundEvents,net/minecraft/server/v1_14_R1/SoundEffects,,,net/minecraft/class_3417
yl,net/minecraft/util/SoundCategory,net/minecraft/server/v1_14_R1/SoundCategory,,,net/minecraft/class_3419
yn,net/minecraft/item/crafting/RecipeBook,net/minecraft/server/v1_14_R1/RecipeBook,,,net/minecraft/class_3439
yo,net/minecraft/item/crafting/ServerRecipeBook,net/minecraft/server/v1_14_R1/RecipeBookServer,,,net/minecraft/class_3441
yp,net/minecraft/stats/ServerStatisticsManager,net/minecraft/server/v1_14_R1/ServerStatisticManager,,,net/minecraft/class_3442
yq,net/minecraft/stats/Stat,net/minecraft/server/v1_14_R1/Statistic,,,net/minecraft/class_3445
yr,net/minecraft/stats/IStatFormatter,net/minecraft/server/v1_14_R1/Counter,,,net/minecraft/class_3446
ys,net/minecraft/stats/StatType,net/minecraft/server/v1_14_R1/StatisticWrapper,,,net/minecraft/class_3448
yt,net/minecraft/stats/Stats,net/minecraft/server/v1_14_R1/StatisticList,,,net/minecraft/class_3468
yu,net/minecraft/stats/StatisticsManager,net/minecraft/server/v1_14_R1/StatisticManager,,,net/minecraft/class_3469
yw$a,net/minecraft/tags/BlockTags$Wrapper,net/minecraft/server/v1_14_R1/TagsBlock$a,,,net/minecraft/class_3481$class_3482
yw,net/minecraft/tags/BlockTags,net/minecraft/server/v1_14_R1/TagsBlock,,,net/minecraft/class_3481
yx$a,net/minecraft/tags/EntityTypeTags$Wrapper,net/minecraft/server/v1_14_R1/TagsEntity$a,,,net/minecraft/class_3483$class_3484
yx,net/minecraft/tags/EntityTypeTags,net/minecraft/server/v1_14_R1/TagsEntity,,,net/minecraft/class_3483
yy$a,net/minecraft/tags/FluidTags$Wrapper,net/minecraft/server/v1_14_R1/TagsFluid$a,,,net/minecraft/class_3486$class_3487
yy,net/minecraft/tags/FluidTags,net/minecraft/server/v1_14_R1/TagsFluid,,,net/minecraft/class_3486
yz$a,net/minecraft/tags/ItemTags$Wrapper,net/minecraft/server/v1_14_R1/TagsItem$a,,,net/minecraft/class_3489$class_3490
yz,net/minecraft/tags/ItemTags,net/minecraft/server/v1_14_R1/TagsItem,,,net/minecraft/class_3489
z,net/minecraft/advancements/DisplayInfo,net/minecraft/server/v1_14_R1/AdvancementDisplay,,,net/minecraft/class_185
za,net/minecraft/tags/NetworkTagCollection,net/minecraft/server/v1_14_R1/TagsServer,,,net/minecraft/class_3493
zb$a,net/minecraft/tags/Tag$Builder,net/minecraft/server/v1_14_R1/Tag$a,,,net/minecraft/class_3494$class_3495
zb$b,net/minecraft/tags/Tag$ITagEntry,net/minecraft/server/v1_14_R1/Tag$b,,,net/minecraft/class_3494$class_3496
zb$c,net/minecraft/tags/Tag$TagEntry,net/minecraft/server/v1_14_R1/Tag$c,,,net/minecraft/class_3494$class_3497
zb$d,net/minecraft/tags/Tag$ListEntry,net/minecraft/server/v1_14_R1/Tag$d,,,net/minecraft/class_3494$class_3498
zb,net/minecraft/tags/Tag,net/minecraft/server/v1_14_R1/Tag,,,net/minecraft/class_3494
zc,net/minecraft/tags/TagCollection,net/minecraft/server/v1_14_R1/Tags,,,net/minecraft/class_3503
zd$a,net/minecraft/tags/NetworkTagManager$ReloadResults,net/minecraft/server/v1_14_R1/TagRegistry$a,,,net/minecraft/class_3505$class_4015
zd,net/minecraft/tags/NetworkTagManager,net/minecraft/server/v1_14_R1/TagRegistry,,,net/minecraft/class_3505
zf,net/minecraft/util/BitArray,net/minecraft/server/v1_14_R1/DataBits,,,net/minecraft/class_3508
zg,net/minecraft/util/ClassInheritanceMultiMap,net/minecraft/server/v1_14_R1/EntitySlice,,,net/minecraft/class_3509
zi,net/minecraft/util/IntIdentityHashBiMap,net/minecraft/server/v1_14_R1/RegistryID,,,net/minecraft/class_3513
zj,net/minecraft/util/CryptManager,net/minecraft/server/v1_14_R1/MinecraftEncryption,,,net/minecraft/class_3515
zk,net/minecraft/util/IDynamicDeserializer,net/minecraft/server/v1_14_R1/DynamicDeserializer,,,net/minecraft/class_3817
zl,net/minecraft/util/FrameTimer,net/minecraft/server/v1_14_R1/CircularTimer,,,net/minecraft/class_3517
zm,net/minecraft/util/JSONUtils,net/minecraft/server/v1_14_R1/ChatDeserializer,,,net/minecraft/class_3518
zn,net/minecraft/util/HTTPUtil,net/minecraft/server/v1_14_R1/HttpUtilities,,,net/minecraft/class_3521
zo,net/minecraft/util/LowerStringMap,net/minecraft/server/v1_14_R1/InsensitiveStringMap,,,net/minecraft/class_3522
zp,net/minecraft/util/LazyLoadBase,net/minecraft/server/v1_14_R1/LazyInitVar,,,net/minecraft/class_3528
zr$1,net/minecraft/util/EnumTypeAdapterFactory$1,net/minecraft/server/v1_14_R1/ChatTypeAdapterFactory$1,,,net/minecraft/class_3530$1
zr,net/minecraft/util/EnumTypeAdapterFactory,net/minecraft/server/v1_14_R1/ChatTypeAdapterFactory,,,net/minecraft/class_3530
zs,net/minecraft/util/math/MathHelper,net/minecraft/server/v1_14_R1/MathHelper,,,net/minecraft/class_3532
zt,net/minecraft/util/IProgressUpdate,net/minecraft/server/v1_14_R1/IProgressUpdate,,,net/minecraft/class_3536
zu$1,net/minecraft/util/ReuseableStream$1,net/minecraft/server/v1_14_R1/StreamAccumulator$1,,,net/minecraft/class_3538$1
zu,net/minecraft/util/ReuseableStream,net/minecraft/server/v1_14_R1/StreamAccumulator,,,net/minecraft/class_3538
zv,net/minecraft/util/IDynamicSerializable,net/minecraft/server/v1_14_R1/MinecraftSerializable,,,net/minecraft/class_4213
zx,net/minecraft/util/IStringSerializable,net/minecraft/server/v1_14_R1/INamable,,,net/minecraft/class_3542
zy,net/minecraft/util/StringUtils,net/minecraft/server/v1_14_R1/UtilColor,,,net/minecraft/class_3544
zz,net/minecraft/util/Tuple,net/minecraft/server/v1_14_R1/Tuple,,,net/minecraft/class_3545
net/minecraft/realms/RealmsEditBox,net/minecraft/realms/RealmsEditBox,,,net/minecraft/realms/RealmsEditBox,net/minecraft/realms/RealmsEditBox
net/minecraft/realms/DisconnectedRealmsScreen,net/minecraft/realms/DisconnectedRealmsScreen,,,net/minecraft/realms/DisconnectedRealmsScreen,net/minecraft/realms/DisconnectedRealmsScreen
net/minecraft/realms/RealmsVertexFormatElement,net/minecraft/realms/RealmsVertexFormatElement,,,net/minecraft/realms/RealmsVertexFormatElement,net/minecraft/realms/RealmsVertexFormatElement
net/minecraft/realms/RealmsObjectSelectionList,net/minecraft/realms/RealmsObjectSelectionList,,,net/minecraft/realms/RealmsObjectSelectionList,net/minecraft/realms/RealmsObjectSelectionList
net/minecraft/realms/pluginapi/RealmsPlugin,net/minecraft/realms/pluginapi/RealmsPlugin,,,net/minecraft/realms/pluginapi/RealmsPlugin,net/minecraft/realms/pluginapi/RealmsPlugin
net/minecraft/realms/pluginapi/LoadedRealmsPlugin,net/minecraft/realms/pluginapi/LoadedRealmsPlugin,,,net/minecraft/realms/pluginapi/LoadedRealmsPlugin,net/minecraft/realms/pluginapi/LoadedRealmsPlugin
net/minecraft/realms/RealmsAbstractButtonProxy,net/minecraft/realms/RealmsAbstractButtonProxy,,,net/minecraft/realms/RealmsAbstractButtonProxy,net/minecraft/realms/RealmsAbstractButtonProxy
net/minecraft/realms/RealmsMth,net/minecraft/realms/RealmsMth,,,net/minecraft/realms/RealmsMth,net/minecraft/realms/RealmsMth
net/minecraft/realms/RepeatedNarrator$a,net/minecraft/realms/RepeatedNarrator$Parameter,,,net/minecraft/realms/RepeatedNarrator$class_4283,net/minecraft/realms/RepeatedNarrator$class_4283
net/minecraft/realms/RealmListEntry,net/minecraft/realms/RealmListEntry,,,net/minecraft/realms/RealmListEntry,net/minecraft/realms/RealmListEntry
net/minecraft/realms/RealmsBufferBuilder,net/minecraft/realms/RealmsBufferBuilder,,,net/minecraft/realms/RealmsBufferBuilder,net/minecraft/realms/RealmsBufferBuilder
net/minecraft/realms/RealmsSliderButton,net/minecraft/realms/RealmsSliderButton,,,net/minecraft/realms/RealmsSliderButton,net/minecraft/realms/RealmsSliderButton
net/minecraft/realms/RealmsDefaultVertexFormat,net/minecraft/realms/RealmsDefaultVertexFormat,,,net/minecraft/realms/RealmsDefaultVertexFormat,net/minecraft/realms/RealmsDefaultVertexFormat
net/minecraft/realms/RealmsSliderButtonProxy,net/minecraft/realms/RealmsSliderButtonProxy,,,net/minecraft/realms/RealmsSliderButtonProxy,net/minecraft/realms/RealmsSliderButtonProxy
net/minecraft/realms/RealmsLabelProxy,net/minecraft/realms/RealmsLabelProxy,,,net/minecraft/realms/RealmsLabelProxy,net/minecraft/realms/RealmsLabelProxy
net/minecraft/realms/RealmsClickableScrolledSelectionList,net/minecraft/realms/RealmsClickableScrolledSelectionList,,,net/minecraft/realms/RealmsClickableScrolledSelectionList,net/minecraft/realms/RealmsClickableScrolledSelectionList
net/minecraft/realms/RealmsConnect$1,net/minecraft/realms/RealmsConnect$1,,,net/minecraft/realms/RealmsConnect$1,net/minecraft/realms/RealmsConnect$1
net/minecraft/realms/RealmsScrolledSelectionList,net/minecraft/realms/RealmsScrolledSelectionList,,,net/minecraft/realms/RealmsScrolledSelectionList,net/minecraft/realms/RealmsScrolledSelectionList
net/minecraft/realms/RealmsConfirmResultListener,net/minecraft/realms/RealmsConfirmResultListener,,,net/minecraft/realms/RealmsConfirmResultListener,net/minecraft/realms/RealmsConfirmResultListener
net/minecraft/realms/RepeatedNarrator,net/minecraft/realms/RepeatedNarrator,,,net/minecraft/realms/RepeatedNarrator,net/minecraft/realms/RepeatedNarrator
net/minecraft/realms/DisconnectedRealmsScreen$1,net/minecraft/realms/DisconnectedRealmsScreen$1,,,net/minecraft/realms/DisconnectedRealmsScreen$1,net/minecraft/realms/DisconnectedRealmsScreen$1
net/minecraft/realms/RealmsBridge,net/minecraft/realms/RealmsBridge,,,net/minecraft/realms/RealmsBridge,net/minecraft/realms/RealmsBridge
net/minecraft/realms/RealmsScrolledSelectionListProxy,net/minecraft/realms/RealmsScrolledSelectionListProxy,,,net/minecraft/realms/RealmsScrolledSelectionListProxy,net/minecraft/realms/RealmsScrolledSelectionListProxy
net/minecraft/realms/AbstractRealmsButton,net/minecraft/realms/AbstractRealmsButton,,,net/minecraft/realms/AbstractRealmsButton,net/minecraft/realms/AbstractRealmsButton
net/minecraft/realms/RealmsLabel,net/minecraft/realms/RealmsLabel,,,net/minecraft/realms/RealmsLabel,net/minecraft/realms/RealmsLabel
net/minecraft/realms/RealmsLevelSummary,net/minecraft/realms/RealmsLevelSummary,,,net/minecraft/realms/RealmsLevelSummary,net/minecraft/realms/RealmsLevelSummary
net/minecraft/realms/RealmsServerAddress,net/minecraft/realms/RealmsServerAddress,,,net/minecraft/realms/RealmsServerAddress,net/minecraft/realms/RealmsServerAddress
net/minecraft/realms/RealmsSimpleScrolledSelectionListProxy,net/minecraft/realms/RealmsSimpleScrolledSelectionListProxy,,,net/minecraft/realms/RealmsSimpleScrolledSelectionListProxy,net/minecraft/realms/RealmsSimpleScrolledSelectionListProxy
net/minecraft/realms/Realms,net/minecraft/realms/Realms,,,net/minecraft/realms/Realms,net/minecraft/realms/Realms
net/minecraft/realms/RealmsConnect,net/minecraft/realms/RealmsConnect,,,net/minecraft/realms/RealmsConnect,net/minecraft/realms/RealmsConnect
net/minecraft/realms/Tezzelator,net/minecraft/realms/Tezzelator,,,net/minecraft/realms/Tezzelator,net/minecraft/realms/Tezzelator
net/minecraft/realms/RealmsButtonProxy,net/minecraft/realms/RealmsButtonProxy,,,net/minecraft/realms/RealmsButtonProxy,net/minecraft/realms/RealmsButtonProxy
net/minecraft/realms/RealmsClickableScrolledSelectionListProxy,net/minecraft/realms/RealmsClickableScrolledSelectionListProxy,,,net/minecraft/realms/RealmsClickableScrolledSelectionListProxy,net/minecraft/realms/RealmsClickableScrolledSelectionListProxy
net/minecraft/realms/RealmsVertexFormat,net/minecraft/realms/RealmsVertexFormat,,,net/minecraft/realms/RealmsVertexFormat,net/minecraft/realms/RealmsVertexFormat
net/minecraft/realms/RealmsScreenProxy,net/minecraft/realms/RealmsScreenProxy,,,net/minecraft/realms/RealmsScreenProxy,net/minecraft/realms/RealmsScreenProxy
net/minecraft/realms/RealmsSharedConstants,net/minecraft/realms/RealmsSharedConstants,,,net/minecraft/realms/RealmsSharedConstants,net/minecraft/realms/RealmsSharedConstants
net/minecraft/realms/RealmsObjectSelectionListProxy,net/minecraft/realms/RealmsObjectSelectionListProxy,,,net/minecraft/realms/RealmsObjectSelectionListProxy,net/minecraft/realms/RealmsObjectSelectionListProxy
net/minecraft/realms/RealmsGuiEventListener,net/minecraft/realms/RealmsGuiEventListener,,,net/minecraft/realms/RealmsGuiEventListener,net/minecraft/realms/RealmsGuiEventListener
net/minecraft/realms/RealmsSimpleScrolledSelectionList,net/minecraft/realms/RealmsSimpleScrolledSelectionList,,,net/minecraft/realms/RealmsSimpleScrolledSelectionList,net/minecraft/realms/RealmsSimpleScrolledSelectionList
net/minecraft/realms/RealmsButton,net/minecraft/realms/RealmsButton,,,net/minecraft/realms/RealmsButton,net/minecraft/realms/RealmsButton
net/minecraft/realms/RealmsAnvilLevelStorageSource,net/minecraft/realms/RealmsAnvilLevelStorageSource,,,net/minecraft/realms/RealmsAnvilLevelStorageSource,net/minecraft/realms/RealmsAnvilLevelStorageSource
net/minecraft/realms/RealmsScreen,net/minecraft/realms/RealmsScreen,,,net/minecraft/realms/RealmsScreen,net/minecraft/realms/RealmsScreen
cvm$1,net/minecraft/client/GameSettings$1,,,,net/minecraft/class_315$1
cvi,net/minecraft/client/Minecraft,,,,net/minecraft/class_310
dhh,net/minecraft/client/network/login/ClientLoginNetHandler,,,,net/minecraft/class_635
dhq,net/minecraft/client/network/ServerPinger,,,,net/minecraft/class_644
dho$a,net/minecraft/client/multiplayer/ServerData$ServerResourceMode,,,,net/minecraft/class_642$class_643
dhf$a,net/minecraft/client/multiplayer/ClientAdvancementManager$IListener,,,,net/minecraft/class_632$class_633
dhg$a,net/minecraft/client/multiplayer/ClientChunkProvider$ChunkArray,,,,net/minecraft/class_631$class_3681
dhk,net/minecraft/client/multiplayer/PlayerController,,,,net/minecraft/class_636
dhn,net/minecraft/client/multiplayer/ServerAddress,,,,net/minecraft/class_639
dhq$1,net/minecraft/client/network/ServerPinger$1,,,,net/minecraft/class_644$1
dhi,net/minecraft/client/network/play/ClientPlayNetHandler,,,,net/minecraft/class_634
dhm,net/minecraft/client/network/play/NetworkPlayerInfo,,,,net/minecraft/class_640
dhp,net/minecraft/client/multiplayer/ServerList,,,,net/minecraft/class_641
dhg,net/minecraft/client/multiplayer/ClientChunkProvider,,,,net/minecraft/class_631
dho,net/minecraft/client/multiplayer/ServerData,,,,net/minecraft/class_642
dhl,net/minecraft/client/world/ClientWorld,,,,net/minecraft/class_638
dhf,net/minecraft/client/multiplayer/ClientAdvancementManager,,,,net/minecraft/class_632
dhq$2$1,net/minecraft/client/network/ServerPinger$2$1,,,,net/minecraft/class_644$2$1
dhq$2,net/minecraft/client/network/ServerPinger$2,,,,net/minecraft/class_644$2
dhj,net/minecraft/client/multiplayer/ClientSuggestionProvider,,,,net/minecraft/class_637
cuu,net/minecraft/client/settings/AmbientOcclusionStatus,,,,net/minecraft/class_4060
cvl,net/minecraft/client/settings/AbstractOption,,,,net/minecraft/class_316
dxc$a,net/minecraft/client/util/SearchTreeManager$Key,,,,net/minecraft/class_1124$class_1125
dxa,net/minecraft/client/util/SearchTreeReloadable,,,,net/minecraft/class_1121
dxe$1,net/minecraft/client/util/SuffixArray$1,,,,net/minecraft/class_1128$1
dxd,net/minecraft/client/util/ISearchTree,,,,net/minecraft/class_1129
dwz,net/minecraft/client/util/IMutableSearchTree,,,,net/minecraft/class_1123
dxb,net/minecraft/client/util/SearchTree,,,,net/minecraft/class_1126
dxc,net/minecraft/client/util/SearchTreeManager,,,,net/minecraft/class_1124
dxa$a,net/minecraft/client/util/SearchTreeReloadable$JoinedIterator,,,,net/minecraft/class_1121$class_1122
dxb$a,net/minecraft/client/util/SearchTree$MergingIterator,,,,net/minecraft/class_1126$class_1127
dxe,net/minecraft/client/util/SuffixArray,,,,net/minecraft/class_1128
cvn,net/minecraft/client/settings/ParticleStatus,,,,net/minecraft/class_4066
dya,net/minecraft/client/tutorial/FindTreeStep,,,,net/minecraft/class_1152
dyf,net/minecraft/client/tutorial/ITutorialStep,,,,net/minecraft/class_1155
dyb,net/minecraft/client/tutorial/MovementStep,,,,net/minecraft/class_1151
dye,net/minecraft/client/tutorial/Tutorial,,,,net/minecraft/class_1156
dxy,net/minecraft/client/tutorial/CompletedTutorialStep,,,,net/minecraft/class_1150
dyd,net/minecraft/client/tutorial/PunchTreeStep,,,,net/minecraft/class_1153
dyg,net/minecraft/client/tutorial/TutorialSteps,,,,net/minecraft/class_1157
dyc,net/minecraft/client/tutorial/OpenInventoryStep,,,,net/minecraft/class_1154
dxz,net/minecraft/client/tutorial/CraftPlanksStep,,,,net/minecraft/class_1149
cwa$a,net/minecraft/client/gui/FontRenderer$Entry,,,,net/minecraft/class_327$class_328
cwh,net/minecraft/client/gui/chat/NormalChatListener,,,,net/minecraft/class_335
cwf,net/minecraft/client/gui/chat/NarratorChatListener,,,,net/minecraft/class_333
cwe,net/minecraft/client/gui/chat/IChatListener,,,,net/minecraft/class_334
cwg,net/minecraft/client/gui/chat/OverlayChatListener,,,,net/minecraft/class_336
cwd$a,net/minecraft/client/gui/MapItemRenderer$Instance,,,,net/minecraft/class_330$class_331
cxz,net/minecraft/client/gui/fonts/FontTexture,,,,net/minecraft/class_380
cxx,net/minecraft/client/gui/fonts/FontResourceManager,,,,net/minecraft/class_378
cyk,net/minecraft/client/gui/fonts/providers/TrueTypeGlyphProviderFactory,,,,net/minecraft/class_396
cyh,net/minecraft/client/gui/fonts/providers/IGlyphProviderFactory,,,,net/minecraft/class_389
cyj$a,net/minecraft/client/gui/fonts/providers/UnicodeTextureGlyphProvider$Factory,,,,net/minecraft/class_391$class_392
cyj,net/minecraft/client/gui/fonts/providers/UnicodeTextureGlyphProvider,,,,net/minecraft/class_391
cyg,net/minecraft/client/gui/fonts/providers/TextureGlyphProvider,,,,net/minecraft/class_386
cyj$b,net/minecraft/client/gui/fonts/providers/UnicodeTextureGlyphProvider$GlpyhInfo,,,,net/minecraft/class_391$class_393
cyi,net/minecraft/client/gui/fonts/providers/GlyphProviderTypes,,,,net/minecraft/class_394
cyg$b,net/minecraft/client/gui/fonts/providers/TextureGlyphProvider$GlyphInfo,,,,net/minecraft/class_386$class_388
cyg$a,net/minecraft/client/gui/fonts/providers/TextureGlyphProvider$Factory,,,,net/minecraft/class_386$class_387
cya,net/minecraft/client/gui/fonts/TextInputUtil,,,,net/minecraft/class_3728
cxz$a,net/minecraft/client/gui/fonts/FontTexture$Entry,,,,net/minecraft/class_380$class_381
cyd,net/minecraft/client/gui/fonts/DefaultGlyph,,,,net/minecraft/class_385
cyc,net/minecraft/client/gui/fonts/EmptyGlyph,,,,net/minecraft/class_384
cyb,net/minecraft/client/gui/fonts/TexturedGlyph,,,,net/minecraft/class_382
cxx$1,net/minecraft/client/gui/fonts/FontResourceManager$1,,,,net/minecraft/class_378$1
cxw,net/minecraft/client/gui/fonts/providers/DefaultGlyphProvider,,,,net/minecraft/class_376
cxx$2,net/minecraft/client/gui/fonts/FontResourceManager$2,,,,net/minecraft/class_378$2
cxy,net/minecraft/client/gui/fonts/Font,,,,net/minecraft/class_377
cwa,net/minecraft/client/gui/FontRenderer,,,,net/minecraft/class_327
cyz,net/minecraft/client/gui/screen/ServerListScreen,,,,net/minecraft/class_420
czd,net/minecraft/client/gui/screen/DirtMessageScreen,,,,net/minecraft/class_424
dcy,net/minecraft/client/gui/screen/OptimizeWorldScreen,,,,net/minecraft/class_527
dcz,net/minecraft/client/gui/screen/WorldSelectionScreen,,,,net/minecraft/class_526
dcw,net/minecraft/client/gui/screen/CreateWorldScreen,,,,net/minecraft/class_525
dda$a,net/minecraft/client/gui/screen/WorldSelectionList$Entry,,,,net/minecraft/class_528$class_4272
dda,net/minecraft/client/gui/screen/WorldSelectionList,,,,net/minecraft/class_528
dcx,net/minecraft/client/gui/screen/EditWorldScreen,,,,net/minecraft/class_524
czb,net/minecraft/client/gui/screen/AddServerScreen,,,,net/minecraft/class_422
czf,net/minecraft/client/gui/screen/LanguageScreen,,,,net/minecraft/class_426
czq,net/minecraft/client/gui/screen/DownloadTerrainScreen,,,,net/minecraft/class_434
czu,net/minecraft/client/gui/screen/OptionsSoundsScreen,,,,net/minecraft/class_443
dbx$a,net/minecraft/client/gui/screen/ServerSelectionList$Entry,,,,net/minecraft/class_4267$class_504
dbw,net/minecraft/client/gui/screen/MultiplayerScreen,,,,net/minecraft/class_500
dbx$b,net/minecraft/client/gui/screen/ServerSelectionList$LanScanEntry,,,,net/minecraft/class_4267$class_4268
dbx,net/minecraft/client/gui/screen/ServerSelectionList,,,,net/minecraft/class_4267
dbx$d,net/minecraft/client/gui/screen/ServerSelectionList$NormalEntry,,,,net/minecraft/class_4267$class_4270
dbx$c,net/minecraft/client/gui/screen/ServerSelectionList$LanDetectedEntry,,,,net/minecraft/class_4267$class_4269
cyv$a,net/minecraft/client/gui/screen/CreateBuffetWorldScreen$BiomeList,,,,net/minecraft/class_415$class_4190
cyu$1,net/minecraft/client/gui/screen/ConnectingScreen$1,,,,net/minecraft/class_412$1
cza,net/minecraft/client/gui/screen/DisconnectedScreen,,,,net/minecraft/class_419
czt,net/minecraft/client/gui/screen/CustomizeSkinScreen,,,,net/minecraft/class_440
cyx,net/minecraft/client/gui/screen/DeathScreen,,,,net/minecraft/class_418
dbq,net/minecraft/client/gui/screen/EditSignScreen,,,,net/minecraft/class_498
dbf,net/minecraft/client/gui/screen/HopperScreen,,,,net/minecraft/class_488
dao$1,net/minecraft/client/gui/screen/inventory/BeaconScreen$1,,,,net/minecraft/class_466$1
dat,net/minecraft/client/gui/screen/inventory/CartographyTableScreen,,,,net/minecraft/class_3934
dbk,net/minecraft/client/gui/screen/LoomScreen,,,,net/minecraft/class_494
dak,net/minecraft/client/gui/screen/AbstractCommandBlockScreen,,,,net/minecraft/class_463
dar$b,net/minecraft/client/gui/screen/ReadBookScreen$UnwrittenBookInfo,,,,net/minecraft/class_3872$class_3932
day$a,net/minecraft/client/gui/screen/inventory/CreativeScreen$LockedSlot,,,,net/minecraft/class_481$class_482
dbo,net/minecraft/client/gui/widget/button/ChangePageButton,,,,net/minecraft/class_474
dao$a,net/minecraft/client/gui/screen/inventory/BeaconScreen$CancelButton,,,,net/minecraft/class_466$class_467
dam,net/minecraft/client/gui/screen/inventory/AbstractFurnaceScreen,,,,net/minecraft/class_489
day,net/minecraft/client/gui/screen/inventory/CreativeScreen,,,,net/minecraft/class_481
dbg,net/minecraft/client/gui/screen/inventory/HorseInventoryScreen,,,,net/minecraft/class_491
dbm$a,net/minecraft/client/gui/screen/inventory/MerchantScreen$TradeButton,,,,net/minecraft/class_492$class_493
day$b,net/minecraft/client/gui/screen/inventory/CreativeScreen$CreativeContainer,,,,net/minecraft/class_481$class_483
dbl,net/minecraft/client/gui/IHasContainer,,,,net/minecraft/class_3936
dar$a,net/minecraft/client/gui/screen/ReadBookScreen$IBookInfo,,,,net/minecraft/class_3872$class_3931
dax,net/minecraft/client/gui/screen/inventory/CreativeCraftingListener,,,,net/minecraft/class_478
dba,net/minecraft/client/gui/DisplayEffectsScreen,,,,net/minecraft/class_485
dao$b,net/minecraft/client/gui/screen/inventory/BeaconScreen$ConfirmButton,,,,net/minecraft/class_466$class_468
dao$d,net/minecraft/client/gui/screen/inventory/BeaconScreen$Button,,,,net/minecraft/class_466$class_470
day$c,net/minecraft/client/gui/screen/inventory/CreativeScreen$CreativeSlot,,,,net/minecraft/class_481$class_484
dbj,net/minecraft/client/gui/screen/LecternScreen,,,,net/minecraft/class_3935
dbt$1,net/minecraft/client/gui/screen/EditStructureScreen$1,,,,net/minecraft/class_497$1
dbs,net/minecraft/client/gui/screen/inventory/StonecutterScreen,,,,net/minecraft/class_3979
dar,net/minecraft/client/gui/screen/ReadBookScreen,,,,net/minecraft/class_3872
dao$c,net/minecraft/client/gui/screen/inventory/BeaconScreen$PowerButton,,,,net/minecraft/class_466$class_469
dav,net/minecraft/client/gui/screen/inventory/ChestScreen,,,,net/minecraft/class_476
dbe,net/minecraft/client/gui/screen/GrindstoneScreen,,,,net/minecraft/class_3802
dbj$1,net/minecraft/client/gui/screen/LecternScreen$1,,,,net/minecraft/class_3935$1
dau,net/minecraft/client/gui/screen/CommandBlockScreen,,,,net/minecraft/class_477
dbh,net/minecraft/client/gui/screen/inventory/InventoryScreen,,,,net/minecraft/class_490
dar$c,net/minecraft/client/gui/screen/ReadBookScreen$WrittenBookInfo,,,,net/minecraft/class_3872$class_3933
dao,net/minecraft/client/gui/screen/inventory/BeaconScreen,,,,net/minecraft/class_466
dbp,net/minecraft/client/gui/screen/inventory/ShulkerBoxScreen,,,,net/minecraft/class_495
dbc,net/minecraft/client/gui/screen/EnchantmentScreen,,,,net/minecraft/class_486
dan,net/minecraft/client/gui/screen/inventory/AnvilScreen,,,,net/minecraft/class_471
daw,net/minecraft/client/gui/screen/inventory/CraftingScreen,,,,net/minecraft/class_479
dbm,net/minecraft/client/gui/screen/inventory/MerchantScreen,,,,net/minecraft/class_492
dbt,net/minecraft/client/gui/screen/EditStructureScreen,,,,net/minecraft/class_497
dbn,net/minecraft/client/gui/screen/EditMinecartCommandBlockScreen,,,,net/minecraft/class_496
dar$1,net/minecraft/client/gui/screen/ReadBookScreen$1,,,,net/minecraft/class_3872$1
dao$e,net/minecraft/client/gui/screen/inventory/BeaconScreen$SpriteButton,,,,net/minecraft/class_466$class_4072
dal,net/minecraft/client/gui/screen/inventory/ContainerScreen,,,,net/minecraft/class_465
dbd,net/minecraft/client/gui/screen/inventory/FurnaceScreen,,,,net/minecraft/class_3873
dbb,net/minecraft/util/EnchantmentNameParts,,,,net/minecraft/class_487
dap,net/minecraft/client/gui/screen/inventory/BlastFurnaceScreen,,,,net/minecraft/class_3871
dbr,net/minecraft/client/gui/screen/inventory/SmokerScreen,,,,net/minecraft/class_3874
dbi,net/minecraft/client/gui/screen/JigsawScreen,,,,net/minecraft/class_3742
daq$a,net/minecraft/client/gui/screen/EditBookScreen$Point,,,,net/minecraft/class_473$class_475
daz,net/minecraft/client/gui/screen/inventory/DispenserScreen,,,,net/minecraft/class_480
dak$a,net/minecraft/client/gui/screen/AbstractCommandBlockScreen$SuggestionsList,,,,net/minecraft/class_463$class_464
daq,net/minecraft/client/gui/screen/EditBookScreen,,,,net/minecraft/class_473
das,net/minecraft/client/gui/screen/inventory/BrewingStandScreen,,,,net/minecraft/class_472
cyw$a$a,net/minecraft/client/gui/screen/CreateFlatWorldScreen$DetailsList$LayerEntry,,,,net/minecraft/class_413$class_4192$class_4193
czj,net/minecraft/client/gui/screen/MouseSettingsScreen,,,,net/minecraft/class_4288
dab,net/minecraft/client/gui/advancements/AdvancementTabGui,,,,net/minecraft/class_454
dac,net/minecraft/client/gui/advancements/AdvancementTabType,,,,net/minecraft/class_453
daf,net/minecraft/client/gui/advancements/AdvancementsScreen,,,,net/minecraft/class_457
dae,net/minecraft/client/gui/advancements/AdvancementState,,,,net/minecraft/class_455
dad,net/minecraft/client/gui/advancements/AdvancementEntryGui,,,,net/minecraft/class_456
cyv$a$a,net/minecraft/client/gui/screen/CreateBuffetWorldScreen$BiomeList$BiomeEntry,,,,net/minecraft/class_415$class_4190$class_4191
cyw,net/minecraft/client/gui/screen/CreateFlatWorldScreen,,,,net/minecraft/class_413
czf$a,net/minecraft/client/gui/screen/LanguageScreen$List,,,,net/minecraft/class_426$class_4195
czg,net/minecraft/client/gui/screen/WorldLoadProgressScreen,,,,net/minecraft/class_3928
czk,net/minecraft/client/gui/screen/OptionsScreen,,,,net/minecraft/class_429
cyo,net/minecraft/client/gui/screen/AlertScreen,,,,net/minecraft/class_403
cyq,net/minecraft/client/gui/screen/ChatOptionsScreen,,,,net/minecraft/class_404
cyt,net/minecraft/client/gui/screen/ConfirmScreen,,,,net/minecraft/class_410
czl,net/minecraft/client/gui/screen/MemoryErrorScreen,,,,net/minecraft/class_428
czx,net/minecraft/client/gui/screen/WinGameScreen,,,,net/minecraft/class_445
czp,net/minecraft/client/gui/screen/WorkingScreen,,,,net/minecraft/class_435
czs,net/minecraft/client/gui/screen/ShareToLanScreen,,,,net/minecraft/class_436
cyr$a,net/minecraft/client/gui/screen/ChatScreen$SuggestionsList,,,,net/minecraft/class_408$class_409
czc,net/minecraft/client/gui/screen/ErrorScreen,,,,net/minecraft/class_421
cyn,net/minecraft/client/gui/AccessibilityScreen,,,,net/minecraft/class_4189
czf$a$a,net/minecraft/client/gui/screen/LanguageScreen$List$LanguageEntry,,,,net/minecraft/class_426$class_4195$class_4194
czo$b$a,net/minecraft/client/gui/screen/FlatPresetsScreen$SlotList$PresetEntry,,,,net/minecraft/class_430$class_4196$class_432
czr,net/minecraft/client/gui/screen/Screen,,,,net/minecraft/class_437
cze,net/minecraft/client/gui/screen/SleepInMultiplayerScreen,,,,net/minecraft/class_423
cyp,net/minecraft/client/gui/screen/ConfirmBackupScreen,,,,net/minecraft/class_405
czo$b,net/minecraft/client/gui/screen/FlatPresetsScreen$SlotList,,,,net/minecraft/class_430$class_4196
cyr,net/minecraft/client/gui/screen/ChatScreen,,,,net/minecraft/class_408
dah$a,net/minecraft/client/gui/widget/list/KeyBindingList$CategoryEntry,,,,net/minecraft/class_459$class_460
dai,net/minecraft/client/gui/screen/ControlsScreen,,,,net/minecraft/class_458
dah,net/minecraft/client/gui/widget/list/KeyBindingList,,,,net/minecraft/class_459
dah$c,net/minecraft/client/gui/widget/list/KeyBindingList$KeyEntry,,,,net/minecraft/class_459$class_462
dah$c$2,net/minecraft/client/gui/widget/list/KeyBindingList$KeyEntry$2,,,,net/minecraft/class_459$class_462$2
dah$b,net/minecraft/client/gui/widget/list/KeyBindingList$Entry,,,,net/minecraft/class_459$class_461
dah$c$1,net/minecraft/client/gui/widget/list/KeyBindingList$KeyEntry$1,,,,net/minecraft/class_459$class_462$1
czv,net/minecraft/client/gui/screen/MainMenuScreen,,,,net/minecraft/class_442
dck,net/minecraft/client/gui/recipebook/IRecipeShownListener,,,,net/minecraft/class_518
dcm,net/minecraft/client/gui/recipebook/SmokerRecipeGui,,,,net/minecraft/class_3877
dca,net/minecraft/client/gui/recipebook/AbstractRecipeBookGui,,,,net/minecraft/class_517
dcb,net/minecraft/client/gui/recipebook/BlastFurnaceRecipeGui,,,,net/minecraft/class_3875
dcd$a$a,net/minecraft/client/gui/recipebook/RecipeOverlayGui$RecipeButtonWidget$Child,,,,net/minecraft/class_508$class_509$class_510
dcl,net/minecraft/client/gui/recipebook/FurnaceRecipeGui,,,,net/minecraft/class_3876
dcd$b,net/minecraft/client/gui/recipebook/RecipeOverlayGui$FurnaceRecipeButtonWidget,,,,net/minecraft/class_508$class_511
dcd,net/minecraft/client/gui/recipebook/RecipeOverlayGui,,,,net/minecraft/class_508
dcc,net/minecraft/client/gui/recipebook/GhostRecipe,,,,net/minecraft/class_505
dci,net/minecraft/client/gui/recipebook/RecipeList,,,,net/minecraft/class_516
dce,net/minecraft/client/gui/recipebook/RecipeBookGui,,,,net/minecraft/class_507
dcc$a,net/minecraft/client/gui/recipebook/GhostRecipe$GhostIngredient,,,,net/minecraft/class_505$class_506
dcg,net/minecraft/client/gui/recipebook/RecipeTabToggleWidget,,,,net/minecraft/class_512
dcf,net/minecraft/client/gui/recipebook/RecipeBookPage,,,,net/minecraft/class_513
dch,net/minecraft/client/gui/recipebook/RecipeWidget,,,,net/minecraft/class_514
dcj,net/minecraft/client/gui/recipebook/IRecipeUpdateListener,,,,net/minecraft/class_515
dcd$a,net/minecraft/client/gui/recipebook/RecipeOverlayGui$RecipeButtonWidget,,,,net/minecraft/class_508$class_509
czi,net/minecraft/client/gui/ScreenManager,,,,net/minecraft/class_3929
cyw$a,net/minecraft/client/gui/screen/CreateFlatWorldScreen$DetailsList,,,,net/minecraft/class_413$class_4192
czh$a,net/minecraft/client/gui/ResourceLoadProgressGui$MojangLogoTexture,,,,net/minecraft/class_425$class_4070
czn,net/minecraft/client/gui/screen/IngameMenuScreen,,,,net/minecraft/class_433
cyv,net/minecraft/client/gui/screen/CreateBuffetWorldScreen,,,,net/minecraft/class_415
czy$b,net/minecraft/client/gui/screen/StatsScreen$StatsList,,,,net/minecraft/class_447$class_4200
czy$c,net/minecraft/client/gui/screen/StatsScreen$MobStatsList,,,,net/minecraft/class_447$class_4202
czy$a$a,net/minecraft/client/gui/screen/StatsScreen$CustomStatsList$Entry,,,,net/minecraft/class_447$class_4198$class_4197
czy$c$a,net/minecraft/client/gui/screen/StatsScreen$MobStatsList$Entry,,,,net/minecraft/class_447$class_4202$class_4201
czy$b$a,net/minecraft/client/gui/screen/StatsScreen$StatsList$Comparator,,,,net/minecraft/class_447$class_4200$class_450
czy,net/minecraft/client/gui/screen/StatsScreen,,,,net/minecraft/class_447
czy$a,net/minecraft/client/gui/screen/StatsScreen$CustomStatsList,,,,net/minecraft/class_447$class_4198
czy$b$b,net/minecraft/client/gui/screen/StatsScreen$StatsList$Entry,,,,net/minecraft/class_447$class_4200$class_4199
czz,net/minecraft/client/gui/IProgressMeter,,,,net/minecraft/class_452
cys,net/minecraft/client/gui/screen/ConfirmOpenLinkScreen,,,,net/minecraft/class_407
czh,net/minecraft/client/gui/ResourceLoadProgressGui,,,,net/minecraft/class_425
cyp$a,net/minecraft/client/gui/screen/ConfirmBackupScreen$ICallback,,,,net/minecraft/class_405$class_406
czo,net/minecraft/client/gui/screen/FlatPresetsScreen,,,,net/minecraft/class_430
cyu,net/minecraft/client/gui/screen/ConnectingScreen,,,,net/minecraft/class_412
czw,net/minecraft/client/gui/screen/VideoSettingsScreen,,,,net/minecraft/class_446
czo$a,net/minecraft/client/gui/screen/FlatPresetsScreen$LayerItem,,,,net/minecraft/class_430$class_431
czi$a,net/minecraft/client/gui/ScreenManager$IScreenFactory,,,,net/minecraft/class_3929$class_3930
dco,net/minecraft/client/gui/screen/ResourcePacksScreen,,,,net/minecraft/class_519
dcs,net/minecraft/client/gui/widget/list/SelectedResourcePackList,,,,net/minecraft/class_523
dcq,net/minecraft/client/gui/widget/list/AvailableResourcePackList,,,,net/minecraft/class_522
dcr$a,net/minecraft/client/gui/widget/list/AbstractResourcePackList$ResourcePackEntry,,,,net/minecraft/class_521$class_4271
dcr,net/minecraft/client/gui/widget/list/AbstractResourcePackList,,,,net/minecraft/class_521
cyy,net/minecraft/client/gui/screen/DemoScreen,,,,net/minecraft/class_417
czm,net/minecraft/client/gui/LoadingGui,,,,net/minecraft/class_4071
cwc,net/minecraft/client/gui/AbstractGui,,,,net/minecraft/class_332
cwb,net/minecraft/client/gui/IngameGui,,,,net/minecraft/class_329
cwd,net/minecraft/client/gui/MapItemRenderer,,,,net/minecraft/class_330
cwk$a,net/minecraft/client/gui/widget/list/AbstractList$AbstractListEntry,,,,net/minecraft/class_350$class_351
cwm,net/minecraft/client/gui/widget/Widget,,,,net/minecraft/class_339
cwy$a,net/minecraft/client/gui/widget/list/ExtendedList$AbstractListEntry,,,,net/minecraft/class_4280$class_4281
cxa,net/minecraft/client/gui/widget/list/OptionsRowList,,,,net/minecraft/class_353
cwl,net/minecraft/client/gui/widget/AbstractSlider,,,,net/minecraft/class_357
cwj,net/minecraft/client/gui/widget/button/AbstractButton,,,,net/minecraft/class_4264
cwx,net/minecraft/client/gui/widget/button/LockIconButton,,,,net/minecraft/class_347
cwz,net/minecraft/client/gui/widget/button/OptionButton,,,,net/minecraft/1
cwy,net/minecraft/client/gui/widget/list/ExtendedList,,,,net/minecraft/class_4280
cxb,net/minecraft/client/gui/overlay/PlayerTabOverlayGui,,,,net/minecraft/class_355
cwo$a,net/minecraft/client/gui/widget/button/Button$IPressable,,,,net/minecraft/class_4185$class_4241
cxf,net/minecraft/client/gui/overlay/SubtitleOverlayGui,,,,net/minecraft/class_359
cwt,net/minecraft/client/gui/overlay/DebugOverlayGui,,,,net/minecraft/class_340
cxh,net/minecraft/client/gui/IRenderable,,,,net/minecraft/class_4068
cwn,net/minecraft/client/gui/overlay/BossOverlayGui,,,,net/minecraft/class_337
cxg,net/minecraft/client/gui/widget/SoundSlider,,,,net/minecraft/class_444
cxf$a,net/minecraft/client/gui/overlay/SubtitleOverlayGui$Subtitle,,,,net/minecraft/class_359$class_360
cws$a,net/minecraft/client/gui/widget/list/AbstractOptionList$Entry,,,,net/minecraft/class_4265$class_4266
cwv,net/minecraft/client/gui/widget/button/ImageButton,,,,net/minecraft/class_344
cxe,net/minecraft/client/gui/widget/ToggleWidget,,,,net/minecraft/class_361
cxa$a,net/minecraft/client/gui/widget/list/OptionsRowList$Row,,,,net/minecraft/class_353$class_354
cww,net/minecraft/client/gui/ClientBossInfo,,,,net/minecraft/class_345
cxc,net/minecraft/client/gui/SlotGui,,,,net/minecraft/class_358
cwk$b,net/minecraft/client/gui/widget/list/AbstractList$SimpleArrayList,,,,net/minecraft/class_350$class_352
cwx$a,net/minecraft/client/gui/widget/button/LockIconButton$Icon,,,,net/minecraft/class_347$class_348
cwp,net/minecraft/client/gui/NewChatGui,,,,net/minecraft/class_338
cwo,net/minecraft/client/gui/widget/button/Button,,,,net/minecraft/class_4185
cwu,net/minecraft/client/gui/widget/TextFieldWidget,,,,net/minecraft/class_342
cxd,net/minecraft/client/gui/widget/OptionSlider,,,,net/minecraft/class_4040
cwk,net/minecraft/client/gui/widget/list/AbstractList,,,,net/minecraft/class_350
cxn,net/minecraft/client/gui/SpectatorGui,,,,net/minecraft/class_365
cwq,net/minecraft/client/gui/widget/button/CheckboxButton,,,,net/minecraft/class_4286
cws,net/minecraft/client/gui/widget/list/AbstractOptionList,,,,net/minecraft/class_4265
cxt$a,net/minecraft/client/gui/toasts/ToastGui$ToastInstance,,,,net/minecraft/class_374$class_375
cxr,net/minecraft/client/gui/toasts/SystemToast,,,,net/minecraft/class_370
cxr$a,net/minecraft/client/gui/toasts/SystemToast$Type,,,,net/minecraft/class_370$class_371
cxs$a,net/minecraft/client/gui/toasts/IToast$Visibility,,,,net/minecraft/class_368$class_369
cxq,net/minecraft/client/gui/toasts/RecipeToast,,,,net/minecraft/class_366
cxu$a,net/minecraft/client/gui/toasts/TutorialToast$Icons,,,,net/minecraft/class_372$class_373
cxu,net/minecraft/client/gui/toasts/TutorialToast,,,,net/minecraft/class_372
cxp,net/minecraft/client/gui/toasts/AdvancementToast,,,,net/minecraft/class_367
cxt,net/minecraft/client/gui/toasts/ToastGui,,,,net/minecraft/class_374
cxs,net/minecraft/client/gui/toasts/IToast,,,,net/minecraft/class_368
cxb$a,net/minecraft/client/gui/overlay/PlayerTabOverlayGui$PlayerComparator,,,,net/minecraft/class_355$class_356
cwr,net/minecraft/client/gui/RenderComponentsUtil,,,,net/minecraft/class_341
cxk,net/minecraft/client/gui/IGuiEventListener,,,,net/minecraft/class_364
cxi,net/minecraft/client/gui/FocusableGui,,,,net/minecraft/class_362
cxj,net/minecraft/client/gui/INestedGuiEventHandler,,,,net/minecraft/class_4069
ddi,net/minecraft/client/gui/spectator/categories/SpectatorDetails,,,,net/minecraft/class_539
ddk$a,net/minecraft/client/gui/spectator/categories/TeleportToTeam$TeamSelectionObject,,,,net/minecraft/class_540$class_541
ddj,net/minecraft/client/gui/spectator/categories/TeleportToPlayer,,,,net/minecraft/class_538
ddk,net/minecraft/client/gui/spectator/categories/TeleportToTeam,,,,net/minecraft/class_540
ddd,net/minecraft/client/gui/spectator/BaseSpectatorGroup,,,,net/minecraft/class_534
dde$1,net/minecraft/client/gui/spectator/SpectatorMenu$1,,,,net/minecraft/class_531$1
dde,net/minecraft/client/gui/spectator/SpectatorMenu,,,,net/minecraft/class_531
dde$b,net/minecraft/client/gui/spectator/SpectatorMenu$MoveMenuObject,,,,net/minecraft/class_531$class_533
ddg,net/minecraft/client/gui/spectator/ISpectatorMenuObject,,,,net/minecraft/class_537
dde$a,net/minecraft/client/gui/spectator/SpectatorMenu$EndSpectatorObject,,,,net/minecraft/class_531$class_532
ddh,net/minecraft/client/gui/spectator/ISpectatorMenuRecipient,,,,net/minecraft/class_536
ddc,net/minecraft/client/gui/spectator/PlayerMenuObject,,,,net/minecraft/class_530
ddf,net/minecraft/client/gui/spectator/ISpectatorMenuView,,,,net/minecraft/class_535
cuv,net/minecraft/client/settings/AttackIndicatorStatus,,,,net/minecraft/class_4061
cvk,net/minecraft/client/settings/NarratorStatus,,,,net/minecraft/class_4065
cvd,net/minecraft/client/gui/ChatLine,,,,net/minecraft/class_303
cux,net/minecraft/client/renderer/ActiveRenderInfo,,,,net/minecraft/class_4184
cvb,net/minecraft/client/util/NBTQueryManager,,,,net/minecraft/class_300
dgw,net/minecraft/client/renderer/entity/model/EnderDragonModel,,,,net/minecraft/class_625
dgv,net/minecraft/client/renderer/tileentity/model/DragonHeadModel,,,,net/minecraft/class_626
dgx,net/minecraft/client/renderer/entity/model/EnderCrystalModel,,,,net/minecraft/class_627
dfk,net/minecraft/client/renderer/entity/model/PillagerModel,,,,net/minecraft/class_589
dev$a,net/minecraft/client/renderer/entity/model/BipedModel$ArmPose,,,,net/minecraft/class_572$class_573
dgo,net/minecraft/client/renderer/entity/model/VexModel,,,,net/minecraft/class_617
dfv,net/minecraft/client/renderer/entity/model/SheepWoolModel,,,,net/minecraft/class_598
dfr,net/minecraft/client/renderer/entity/model/QuadrupedModel,,,,net/minecraft/class_597
dgn,net/minecraft/client/renderer/model/PositionTextureVertex,,,,net/minecraft/class_618
dgq,net/minecraft/client/renderer/entity/model/WitchModel,,,,net/minecraft/class_622
dge,net/minecraft/client/renderer/entity/model/SlimeModel,,,,net/minecraft/class_609
dgg,net/minecraft/client/renderer/entity/model/SpiderModel,,,,net/minecraft/class_611
dev,net/minecraft/client/renderer/entity/model/BipedModel,,,,net/minecraft/class_572
dgf,net/minecraft/client/renderer/entity/model/SnowManModel,,,,net/minecraft/class_608
ddw,net/minecraft/client/renderer/entity/model/BatModel,,,,net/minecraft/class_553
dex,net/minecraft/client/renderer/entity/model/IronGolemModel,,,,net/minecraft/class_574
dfg,net/minecraft/client/renderer/entity/model/PandaModel,,,,net/minecraft/class_586
dgu,net/minecraft/client/renderer/entity/model/ZombieVillagerModel,,,,net/minecraft/class_619
dfw,net/minecraft/client/renderer/entity/model/SheepModel,,,,net/minecraft/class_601
ddt,net/minecraft/client/renderer/entity/model/ArmorStandArmorModel,,,,net/minecraft/class_548
dfh,net/minecraft/client/renderer/entity/model/ParrotModel,,,,net/minecraft/class_584
dgp,net/minecraft/client/renderer/entity/model/VillagerModel,,,,net/minecraft/class_620
deo,net/minecraft/client/renderer/entity/model/EvokerFangsModel,,,,net/minecraft/class_568
dey,net/minecraft/client/renderer/tileentity/model/LargeChestModel,,,,net/minecraft/class_577
del,net/minecraft/client/renderer/entity/model/EndermanModel,,,,net/minecraft/class_566
dff,net/minecraft/client/renderer/entity/model/OcelotModel,,,,net/minecraft/class_582
deb,net/minecraft/client/renderer/entity/model/BookModel,,,,net/minecraft/class_557
def,net/minecraft/client/renderer/entity/model/ChickenModel,,,,net/minecraft/class_558
dfd,net/minecraft/client/renderer/entity/model/MinecartModel,,,,net/minecraft/class_580
dgd,net/minecraft/client/renderer/entity/model/GenericHeadModel,,,,net/minecraft/class_607
dew,net/minecraft/client/renderer/entity/model/IllagerModel,,,,net/minecraft/class_575
dfe,net/minecraft/client/renderer/model/Model,,,,net/minecraft/class_3879
dfc,net/minecraft/client/renderer/entity/model/LlamaSpitModel,,,,net/minecraft/class_581
deu,net/minecraft/client/renderer/entity/model/HumanoidHeadModel,,,,net/minecraft/class_569
ddx,net/minecraft/client/renderer/tileentity/model/BedModel,,,,net/minecraft/class_552
dga,net/minecraft/client/renderer/tileentity/model/SignModel,,,,net/minecraft/class_605
dfo,net/minecraft/client/renderer/entity/model/PufferFishBigModel,,,,net/minecraft/class_592
dej,net/minecraft/client/renderer/entity/model/DrownedModel,,,,net/minecraft/class_564
deh,net/minecraft/client/renderer/entity/model/CowModel,,,,net/minecraft/class_560
der,net/minecraft/client/renderer/entity/model/GiantModel,,,,net/minecraft/class_3969
dhb,net/minecraft/client/renderer/entity/model/RendererModel,,,,net/minecraft/class_630
dgz,net/minecraft/client/renderer/model/ModelBox,,,,net/minecraft/class_628
dgs,net/minecraft/client/renderer/entity/model/WolfModel,,,,net/minecraft/class_624
dfj,net/minecraft/client/renderer/entity/model/PigModel,,,,net/minecraft/class_587
dfu,net/minecraft/client/renderer/entity/model/SalmonModel,,,,net/minecraft/class_599
dgr,net/minecraft/client/renderer/entity/model/WitherModel,,,,net/minecraft/class_621
dfi,net/minecraft/client/renderer/entity/model/PhantomModel,,,,net/minecraft/class_588
dgk,net/minecraft/client/renderer/entity/model/TropicalFishBModel,,,,net/minecraft/class_615
dfx,net/minecraft/client/renderer/entity/model/ShieldModel,,,,net/minecraft/class_600
dep,net/minecraft/client/renderer/entity/model/FoxModel,,,,net/minecraft/class_4041
dfl,net/minecraft/client/renderer/entity/model/PlayerModel,,,,net/minecraft/class_591
dgh,net/minecraft/client/renderer/entity/model/SquidModel,,,,net/minecraft/class_610
ddy,net/minecraft/client/renderer/tileentity/model/BellModel,,,,net/minecraft/class_3878
dft,net/minecraft/client/renderer/entity/model/RavagerModel,,,,net/minecraft/class_571
dfy,net/minecraft/client/renderer/entity/model/ShulkerBulletModel,,,,net/minecraft/class_603
dgj,net/minecraft/client/renderer/entity/model/TropicalFishAModel,,,,net/minecraft/class_612
det,net/minecraft/client/renderer/entity/model/HorseModel,,,,net/minecraft/class_549
dgl,net/minecraft/client/renderer/entity/model/TurtleModel,,,,net/minecraft/class_614
ddv,net/minecraft/client/renderer/tileentity/model/BannerModel,,,,net/minecraft/class_550
dem,net/minecraft/client/renderer/entity/model/EndermiteModel,,,,net/minecraft/class_565
dec,net/minecraft/client/renderer/entity/model/CatModel,,,,net/minecraft/class_3680
dez,net/minecraft/client/renderer/entity/model/MagmaCubeModel,,,,net/minecraft/class_576
dei,net/minecraft/client/renderer/entity/model/CreeperModel,,,,net/minecraft/class_562
dfa,net/minecraft/client/renderer/entity/model/LeashKnotModel,,,,net/minecraft/class_579
dfh$a,net/minecraft/client/renderer/entity/model/ParrotModel$State,,,,net/minecraft/class_584$class_585
dfm,net/minecraft/client/renderer/entity/model/PolarBearModel,,,,net/minecraft/class_590
dfp,net/minecraft/client/renderer/entity/model/PufferFishMediumModel,,,,net/minecraft/class_595
ddu,net/minecraft/client/renderer/entity/model/ArmorStandModel,,,,net/minecraft/class_551
dgi,net/minecraft/client/renderer/entity/model/TridentModel,,,,net/minecraft/class_613
deq,net/minecraft/client/renderer/entity/model/GhastModel,,,,net/minecraft/class_567
dgc,net/minecraft/client/renderer/entity/model/SkeletonModel,,,,net/minecraft/class_606
dfb,net/minecraft/client/renderer/entity/model/LlamaModel,,,,net/minecraft/class_578
dfz,net/minecraft/client/renderer/entity/model/ShulkerModel,,,,net/minecraft/class_602
deg,net/minecraft/client/renderer/entity/model/CodModel,,,,net/minecraft/class_561
dfq,net/minecraft/client/renderer/entity/model/PufferFishSmallModel,,,,net/minecraft/class_594
ddz,net/minecraft/client/renderer/entity/model/BlazeModel,,,,net/minecraft/class_555
dfs,net/minecraft/client/renderer/entity/model/RabbitModel,,,,net/minecraft/class_596
den,net/minecraft/client/renderer/entity/model/EntityModel,,,,net/minecraft/class_583
ded,net/minecraft/client/renderer/tileentity/model/ChestModel,,,,net/minecraft/class_556
des,net/minecraft/client/renderer/entity/model/GuardianModel,,,,net/minecraft/class_570
dee,net/minecraft/client/renderer/entity/model/HorseArmorChestsModel,,,,net/minecraft/class_559
dek,net/minecraft/client/renderer/entity/model/ElytraModel,,,,net/minecraft/class_563
dfn,net/minecraft/client/renderer/model/TexturedQuad,,,,net/minecraft/class_593
dgb,net/minecraft/client/renderer/entity/model/SilverfishModel,,,,net/minecraft/class_604
dgt,net/minecraft/client/renderer/entity/model/ZombieModel,,,,net/minecraft/class_623
dea,net/minecraft/client/renderer/entity/model/BoatModel,,,,net/minecraft/class_554
dds,net/minecraft/client/renderer/entity/model/AbstractZombieModel,,,,net/minecraft/class_3968
cvq,net/minecraft/util/ScreenShotHelper,,,,net/minecraft/class_318
cvm,net/minecraft/client/GameSettings,,,,net/minecraft/class_315
cvt,net/minecraft/util/Session,,,,net/minecraft/class_320
dxp,net/minecraft/client/audio/MusicTicker,,,,net/minecraft/class_1142
dxr,net/minecraft/client/audio/SoundEngine,,,,net/minecraft/class_1140
dxv,net/minecraft/client/audio/SoundEventAccessor,,,,net/minecraft/class_1146
dxu$1,net/minecraft/client/audio/SoundHandler$1,,,,net/minecraft/class_1144$1
dxn,net/minecraft/client/audio/IAudioStream,,,,net/minecraft/class_4234
dxt,net/minecraft/client/audio/ISoundEventListener,,,,net/minecraft/class_1145
dxu$a,net/minecraft/client/audio/SoundHandler$Loader,,,,net/minecraft/class_1144$class_4009
dxs,net/minecraft/client/audio/SoundEngineExecutor,,,,net/minecraft/class_4238
dxp$a,net/minecraft/client/audio/MusicTicker$MusicType,,,,net/minecraft/class_1142$class_1143
dxw,net/minecraft/client/audio/ISoundEventAccessor,,,,net/minecraft/class_1148
dxu,net/minecraft/client/audio/SoundHandler,,,,net/minecraft/class_1144
dxq,net/minecraft/client/audio/AudioStreamManager,,,,net/minecraft/class_4237
dxo,net/minecraft/client/audio/ChannelManager,,,,net/minecraft/class_4235
dxo$a,net/minecraft/client/audio/ChannelManager$Entry,,,,net/minecraft/class_4235$class_4236
dxu$a$1,net/minecraft/client/audio/SoundHandler$Loader$1,,,,net/minecraft/class_1144$class_4009$1
cvu,net/minecraft/client/renderer/color/IBlockColor,,,,net/minecraft/class_322
cvv,net/minecraft/client/renderer/color/BlockColors,,,,net/minecraft/class_324
cvx,net/minecraft/client/renderer/color/IItemColor,,,,net/minecraft/class_326
cvy,net/minecraft/client/renderer/color/ItemColors,,,,net/minecraft/class_325
djv,net/minecraft/client/entity/player/ClientPlayerEntity,,,,net/minecraft/class_746
djx,net/minecraft/client/settings/HotbarSnapshot,,,,net/minecraft/class_748
djt,net/minecraft/util/MovementInput,,,,net/minecraft/class_744
djw,net/minecraft/client/entity/player/RemoteClientPlayerEntity,,,,net/minecraft/class_745
dju,net/minecraft/util/MovementInputFromOptions,,,,net/minecraft/class_743
djs,net/minecraft/client/entity/player/AbstractClientPlayerEntity,,,,net/minecraft/class_742
cuw,net/minecraft/client/settings/BooleanOption,,,,net/minecraft/class_4062
cve,net/minecraft/client/settings/CreativeSettings,,,,net/minecraft/class_302
dvf,net/minecraft/client/resources/Locale,,,,net/minecraft/class_1078
dve,net/minecraft/client/resources/LanguageManager,,,,net/minecraft/class_1076
dvc,net/minecraft/client/resources/I18n,,,,net/minecraft/class_1074
dvd,net/minecraft/client/resources/Language,,,,net/minecraft/class_1077
duq,net/minecraft/client/resources/DefaultPlayerSkin,,,,net/minecraft/class_1068
duo$1,net/minecraft/client/resources/DownloadingPackFinder$1,,,,net/minecraft/class_1066$1
duz,net/minecraft/client/util/Splashes,,,,net/minecraft/class_4008
dus,net/minecraft/client/resources/FoliageColorReloadListener,,,,net/minecraft/class_1070
dvb,net/minecraft/client/resources/ClientResourcePackInfo,,,,net/minecraft/class_1075
dvo,net/minecraft/client/resources/data/LanguageMetadataSectionSerializer,,,,net/minecraft/class_1083
dvn,net/minecraft/client/resources/data/LanguageMetadataSection,,,,net/minecraft/class_1082
dvh,net/minecraft/client/resources/data/AnimationFrame,,,,net/minecraft/class_1080
dvl,net/minecraft/client/renderer/texture/TextureAtlasSpriteStitcher,,,,net/minecraft/class_3890
dvk,net/minecraft/client/resources/data/VillagerMetadataSection,,,,net/minecraft/class_3888
dvk$a,net/minecraft/client/resources/data/VillagerMetadataSection$HatType,,,,net/minecraft/class_3888$class_3889
dvj,net/minecraft/client/resources/data/AnimationMetadataSectionSerializer,,,,net/minecraft/class_1081
dvi,net/minecraft/client/resources/data/AnimationMetadataSection,,,,net/minecraft/class_1079
dvr,net/minecraft/client/resources/data/TextureMetadataSection,,,,net/minecraft/class_1084
dvs,net/minecraft/client/resources/data/TextureMetadataSectionSerializer,,,,net/minecraft/class_1085
dwb$a,net/minecraft/client/renderer/model/MultipartBakedModel$Builder,,,,net/minecraft/class_1095$class_1096
dvw,net/minecraft/client/renderer/model/BuiltInModel,,,,net/minecraft/class_1090
dwc,net/minecraft/client/renderer/model/SimpleBakedModel,,,,net/minecraft/class_1093
dwe$b,net/minecraft/client/renderer/model/WeightedBakedModel$WeightedModel,,,,net/minecraft/class_1097$class_1099
dvx,net/minecraft/client/renderer/model/ModelBakery,,,,net/minecraft/class_1088
dwd,net/minecraft/client/renderer/model/IUnbakedModel,,,,net/minecraft/class_1100
dvv,net/minecraft/client/renderer/model/ModelRotation,,,,net/minecraft/class_1086
dvu,net/minecraft/client/renderer/model/IBakedModel,,,,net/minecraft/class_1087
dwb,net/minecraft/client/renderer/model/MultipartBakedModel,,,,net/minecraft/class_1095
dvz,net/minecraft/client/renderer/model/ModelResourceLocation,,,,net/minecraft/class_1091
dwc$a,net/minecraft/client/renderer/model/SimpleBakedModel$Builder,,,,net/minecraft/class_1093$class_1094
dwe$a,net/minecraft/client/renderer/model/WeightedBakedModel$Builder,,,,net/minecraft/class_1097$class_1098
dwe,net/minecraft/client/renderer/model/WeightedBakedModel,,,,net/minecraft/class_1097
dvx$a,net/minecraft/client/renderer/model/ModelBakery$BlockStateDefinitionException,,,,net/minecraft/class_1088$class_1089
dvy,net/minecraft/client/renderer/model/ModelManager,,,,net/minecraft/class_1092
dwa,net/minecraft/client/renderer/texture/ISprite,,,,net/minecraft/class_3665
duy$1,net/minecraft/client/resources/SkinManager$1,,,,net/minecraft/class_1071$1
dup,net/minecraft/client/resources/VirtualAssetsPack,,,,net/minecraft/class_1065
dun,net/minecraft/client/resources/ResourceIndex,,,,net/minecraft/class_1064
dux,net/minecraft/client/renderer/texture/PaintingSpriteUploader,,,,net/minecraft/class_4044
dwx,net/minecraft/client/audio/UnderwaterAmbientSounds,,,,net/minecraft/class_1118
dwr$a,net/minecraft/client/audio/Sound$Type,,,,net/minecraft/class_1111$class_1112
dww,net/minecraft/client/audio/UnderwaterAmbientSoundHandler,,,,net/minecraft/class_1116
dwj,net/minecraft/client/audio/IAmbientSoundHandler,,,,net/minecraft/class_1104
dwq,net/minecraft/client/audio/SimpleSound,,,,net/minecraft/class_1109
dwx$b,net/minecraft/client/audio/UnderwaterAmbientSounds$UnderWaterSound,,,,net/minecraft/class_1118$class_1120
dwx$a,net/minecraft/client/audio/UnderwaterAmbientSounds$SubSound,,,,net/minecraft/class_1118$class_1119
dwt,net/minecraft/client/audio/SoundListSerializer,,,,net/minecraft/class_1115
dwr,net/minecraft/client/audio/Sound,,,,net/minecraft/class_1111
dwi,net/minecraft/client/audio/TickableSound,,,,net/minecraft/class_1101
dwn,net/minecraft/client/audio/GuardianSound,,,,net/minecraft/class_1105
dwp,net/minecraft/client/audio/RidingMinecartTickableSound,,,,net/minecraft/class_1107
dws,net/minecraft/client/audio/SoundList,,,,net/minecraft/class_1110
dwh,net/minecraft/client/audio/LocatableSound,,,,net/minecraft/class_1102
dwl,net/minecraft/client/audio/ElytraSound,,,,net/minecraft/class_1103
dwu$a,net/minecraft/client/audio/ISound$AttenuationType,,,,net/minecraft/class_1113$class_1114
dwk,net/minecraft/client/audio/BubbleColumnAmbientSoundHandler,,,,net/minecraft/class_4277
dwu,net/minecraft/client/audio/ISound,,,,net/minecraft/class_1113
dwo,net/minecraft/client/audio/MinecartTickableSound,,,,net/minecraft/class_1108
dwm,net/minecraft/client/audio/EntityTickableSound,,,,net/minecraft/class_1106
dwv,net/minecraft/client/audio/ITickableSound,,,,net/minecraft/class_1117
dur,net/minecraft/client/resources/FolderResourceIndex,,,,net/minecraft/class_1067
duo,net/minecraft/client/resources/DownloadingPackFinder,,,,net/minecraft/class_1066
duw,net/minecraft/client/renderer/texture/PotionSpriteUploader,,,,net/minecraft/class_4074
duy$2,net/minecraft/client/resources/SkinManager$2,,,,net/minecraft/class_1071$2
duy,net/minecraft/client/resources/SkinManager,,,,net/minecraft/class_1071
duy$a,net/minecraft/client/resources/SkinManager$ISkinAvailableCallback,,,,net/minecraft/class_1071$class_1072
dut,net/minecraft/client/resources/GrassColorReloadListener,,,,net/minecraft/class_1069
dva,net/minecraft/client/renderer/texture/SpriteUploader,,,,net/minecraft/class_4075
duu,net/minecraft/client/resources/LegacyResourcePackWrapper,,,,net/minecraft/class_1073
duv,net/minecraft/client/resources/ColorMapLoader,,,,net/minecraft/class_3685
cvs,net/minecraft/util/Timer,,,,net/minecraft/class_317
cvf,net/minecraft/client/settings/KeyBinding,,,,net/minecraft/class_304
cvc$a,net/minecraft/client/MinecraftGame$MinecraftPerformanceMetrics,,,,net/minecraft/class_3799$class_3800
net/minecraft/client/ClientBrandRetriever,net/minecraft/client/ClientBrandRetriever,,,net/minecraft/client/ClientBrandRetriever,net/minecraft/client/ClientBrandRetriever
cvr,net/minecraft/client/ClientGameSession,,,,net/minecraft/class_3801
cvg,net/minecraft/client/KeyboardListener,,,,net/minecraft/class_309
cuz,net/minecraft/client/settings/CloudOption,,,,net/minecraft/class_4063
cuy,net/minecraft/client/util/ClientRecipeBook,,,,net/minecraft/class_299
cvt$a,net/minecraft/util/Session$Type,,,,net/minecraft/class_320$class_321
cva,net/minecraft/client/settings/IteratableOption,,,,net/minecraft/class_4064
cvp,net/minecraft/client/util/RecipeBookCategories,,,,net/minecraft/class_314
cvc,net/minecraft/client/MinecraftGame,,,,net/minecraft/class_3799
dmn$b,net/minecraft/client/renderer/tileentity/ConduitTileEntityRenderer$EyeModel,,,,net/minecraft/class_829$class_831
dmn,net/minecraft/client/renderer/tileentity/ConduitTileEntityRenderer,,,,net/minecraft/class_829
dmt,net/minecraft/client/renderer/tileentity/SkullTileEntityRenderer,,,,net/minecraft/class_836
dmh,net/minecraft/client/renderer/tileentity/BedTileEntityRenderer,,,,net/minecraft/class_825
dmm,net/minecraft/client/renderer/tileentity/ChestTileEntityRenderer,,,,net/minecraft/class_826
dmn$d,net/minecraft/client/renderer/tileentity/ConduitTileEntityRenderer$WindModel,,,,net/minecraft/class_829$class_833
dmp,net/minecraft/client/renderer/tileentity/LecternTileEntityRenderer,,,,net/minecraft/class_3942
dmf,net/minecraft/client/renderer/tileentity/BannerTileEntityRenderer,,,,net/minecraft/class_823
dms,net/minecraft/client/renderer/tileentity/SignTileEntityRenderer,,,,net/minecraft/class_837
dmn$c,net/minecraft/client/renderer/tileentity/ConduitTileEntityRenderer$ShellModel,,,,net/minecraft/class_829$class_832
dmr,net/minecraft/client/renderer/tileentity/ShulkerBoxTileEntityRenderer,,,,net/minecraft/class_834
dmo,net/minecraft/client/renderer/tileentity/EnchantmentTableTileEntityRenderer,,,,net/minecraft/class_828
dmv,net/minecraft/client/renderer/tileentity/StructureTileEntityRenderer,,,,net/minecraft/class_838
dmx,net/minecraft/client/renderer/tileentity/EndPortalTileEntityRenderer,,,,net/minecraft/class_840
dmj,net/minecraft/client/renderer/tileentity/TileEntityRendererDispatcher,,,,net/minecraft/class_824
dmw,net/minecraft/client/renderer/tileentity/EndGatewayTileEntityRenderer,,,,net/minecraft/class_841
dmu,net/minecraft/client/renderer/tileentity/MobSpawnerTileEntityRenderer,,,,net/minecraft/class_839
dmq,net/minecraft/client/renderer/tileentity/PistonTileEntityRenderer,,,,net/minecraft/class_835
dmk,net/minecraft/client/renderer/tileentity/TileEntityRenderer,,,,net/minecraft/class_827
dml,net/minecraft/client/renderer/tileentity/CampfireTileEntityRenderer,,,,net/minecraft/class_3941
dmi,net/minecraft/client/renderer/tileentity/BellTileEntityRenderer,,,,net/minecraft/class_3880
dmg,net/minecraft/client/renderer/tileentity/BeaconTileEntityRenderer,,,,net/minecraft/class_822
dmn$a,net/minecraft/client/renderer/tileentity/ConduitTileEntityRenderer$CageModel,,,,net/minecraft/class_829$class_830
dkj,net/minecraft/client/renderer/IImageBuffer,,,,net/minecraft/class_760
dnp,net/minecraft/client/renderer/debug/CaveDebugRenderer,,,,net/minecraft/class_859
dnt,net/minecraft/client/renderer/debug/DebugRenderer,,,,net/minecraft/class_863
dnu,net/minecraft/client/renderer/debug/EntityAIDebugRenderer,,,,net/minecraft/class_4205
dny,net/minecraft/client/renderer/debug/PathfindingDebugRenderer,,,,net/minecraft/class_868
dod,net/minecraft/client/renderer/debug/WorldGenAttemptsDebugRenderer,,,,net/minecraft/class_873
dnw,net/minecraft/client/renderer/debug/LightDebugRenderer,,,,net/minecraft/class_866
dnt$a,net/minecraft/client/renderer/debug/DebugRenderer$IDebugRenderer,,,,net/minecraft/class_863$class_864
dns,net/minecraft/client/renderer/debug/CollisionBoxDebugRenderer,,,,net/minecraft/class_865
dnr$a,net/minecraft/client/renderer/debug/ChunkInfoDebugRenderer$Entry,,,,net/minecraft/class_860$class_861
dob$b,net/minecraft/client/renderer/debug/PointOfInterestDebugRenderer$POIInfo,,,,net/minecraft/class_4207$class_4233
dnz,net/minecraft/client/renderer/debug/SolidFaceDebugRenderer,,,,net/minecraft/class_871
dnq,net/minecraft/client/renderer/debug/ChunkBorderDebugRenderer,,,,net/minecraft/class_862
doa,net/minecraft/client/renderer/debug/StructureDebugRenderer,,,,net/minecraft/class_870
doc,net/minecraft/client/renderer/debug/WaterDebugRenderer,,,,net/minecraft/class_872
dnv,net/minecraft/client/renderer/debug/HeightMapDebugRenderer,,,,net/minecraft/class_867
dnr,net/minecraft/client/renderer/debug/ChunkInfoDebugRenderer,,,,net/minecraft/class_860
dob$a,net/minecraft/client/renderer/debug/PointOfInterestDebugRenderer$BrainInfo,,,,net/minecraft/class_4207$class_4232
dob,net/minecraft/client/renderer/debug/PointOfInterestDebugRenderer,,,,net/minecraft/class_4207
dnu$a,net/minecraft/client/renderer/debug/EntityAIDebugRenderer$Entry,,,,net/minecraft/class_4205$class_4206
dnx,net/minecraft/client/renderer/debug/NeighborsUpdateDebugRenderer,,,,net/minecraft/class_869
dko,net/minecraft/client/renderer/DownloadImageBuffer,,,,net/minecraft/class_764
dky$b,net/minecraft/client/renderer/BannerTextures$CacheEntry,,,,net/minecraft/class_770$class_772
dky,net/minecraft/client/renderer/BannerTextures,,,,net/minecraft/class_770
dky$a,net/minecraft/client/renderer/BannerTextures$Cache,,,,net/minecraft/class_770$class_771
dkf,net/minecraft/client/renderer/tileentity/ItemStackTileEntityRenderer,,,,net/minecraft/class_756
dkb,net/minecraft/client/renderer/RegionRenderCacheBuilder,,,,net/minecraft/class_750
dkg,net/minecraft/client/renderer/FaceDirection,,,,net/minecraft/class_753
dkq,net/minecraft/client/renderer/RenderSkybox,,,,net/minecraft/class_766
dkh,net/minecraft/client/renderer/FogRenderer,,,,net/minecraft/class_758
dkl,net/minecraft/client/renderer/ItemModelMesher,,,,net/minecraft/class_763
dtb,net/minecraft/client/renderer/entity/layers/PhantomEyesLayer,,,,net/minecraft/class_993
dse,net/minecraft/client/renderer/entity/layers/ArmorLayer,,,,net/minecraft/class_970
dsw,net/minecraft/client/renderer/entity/layers/HeldItemLayer,,,,net/minecraft/class_989
dsv,net/minecraft/client/renderer/entity/layers/IronGolenFlowerLayer,,,,net/minecraft/class_986
dsk,net/minecraft/client/renderer/entity/layers/HeadLayer,,,,net/minecraft/class_976
dth,net/minecraft/client/renderer/entity/layers/SnowmanHeadLayer,,,,net/minecraft/class_996
dti,net/minecraft/client/renderer/entity/layers/SpiderEyesLayer,,,,net/minecraft/class_1000
dsl,net/minecraft/client/renderer/entity/layers/Deadmau5HeadLayer,,,,net/minecraft/class_978
dtp,net/minecraft/client/renderer/entity/layers/WolfCollarLayer,,,,net/minecraft/class_1006
dsx,net/minecraft/client/renderer/entity/layers/LlamaDecorLayer,,,,net/minecraft/class_988
dto,net/minecraft/client/renderer/entity/layers/WitherAuraLayer,,,,net/minecraft/class_1004
dtd,net/minecraft/client/renderer/entity/layers/LayerRenderer,,,,net/minecraft/class_3887
dsi,net/minecraft/client/renderer/entity/layers/CatCollarLayer,,,,net/minecraft/class_3684
dso,net/minecraft/client/renderer/entity/layers/ElytraLayer,,,,net/minecraft/class_979
dtm,net/minecraft/client/renderer/entity/layers/VillagerHeldItemLayer,,,,net/minecraft/class_4004
dtc,net/minecraft/client/renderer/entity/layers/SaddleLayer,,,,net/minecraft/class_992
dsm,net/minecraft/client/renderer/entity/layers/DolphinCarriedItemLayer,,,,net/minecraft/class_977
dtj,net/minecraft/client/renderer/entity/layers/SpinAttackEffectLayer,,,,net/minecraft/class_998
dtg,net/minecraft/client/renderer/entity/layers/SlimeGelLayer,,,,net/minecraft/class_997
dtn,net/minecraft/client/renderer/entity/layers/WitchHeldItemLayer,,,,net/minecraft/class_1005
dsj,net/minecraft/client/renderer/entity/layers/CreeperChargeLayer,,,,net/minecraft/class_974
dsq,net/minecraft/client/renderer/entity/layers/EnderDragonEyesLayer,,,,net/minecraft/class_981
dsr,net/minecraft/client/renderer/entity/layers/EndermanEyesLayer,,,,net/minecraft/class_985
dsh,net/minecraft/client/renderer/entity/layers/HeldBlockLayer,,,,net/minecraft/class_975
dst,net/minecraft/client/renderer/entity/layers/LeatherHorseArmorLayer,,,,net/minecraft/class_4073
dtj$a,net/minecraft/client/renderer/entity/layers/SpinAttackEffectLayer$Model,,,,net/minecraft/class_998$class_999
dsu,net/minecraft/client/renderer/entity/layers/BipedArmorLayer,,,,net/minecraft/class_987
dsg,net/minecraft/client/renderer/entity/layers/CapeLayer,,,,net/minecraft/class_972
dsy,net/minecraft/client/renderer/entity/layers/MooshroomMushroomLayer,,,,net/minecraft/class_991
dsf,net/minecraft/client/renderer/entity/layers/ArrowLayer,,,,net/minecraft/class_973
dtf,net/minecraft/client/renderer/entity/layers/ShulkerColorLayer,,,,net/minecraft/class_944
dsn,net/minecraft/client/renderer/entity/layers/DrownedOuterLayer,,,,net/minecraft/class_980
dsp,net/minecraft/client/renderer/entity/layers/EnderDragonDeathLayer,,,,net/minecraft/class_982
dss,net/minecraft/client/renderer/entity/layers/FoxHeldItemLayer,,,,net/minecraft/class_4043
dte,net/minecraft/client/renderer/entity/layers/SheepWoolLayer,,,,net/minecraft/class_994
dsz,net/minecraft/client/renderer/entity/layers/PandaHeldItemLayer,,,,net/minecraft/class_990
dtl,net/minecraft/client/renderer/entity/layers/TropicalFishPatternLayer,,,,net/minecraft/class_1001
dtk,net/minecraft/client/renderer/entity/layers/StayClothingLayer,,,,net/minecraft/class_1002
dta,net/minecraft/client/renderer/entity/layers/ParrotVariantLayer,,,,net/minecraft/class_983
dpr,net/minecraft/client/renderer/entity/model/IHasHead,,,,net/minecraft/class_3882
dov,net/minecraft/client/renderer/entity/DefaultRenderer,,,,net/minecraft/class_886
dpp,net/minecraft/client/renderer/entity/GiantZombieRenderer,,,,net/minecraft/class_908
doo,net/minecraft/client/renderer/entity/CatRenderer,,,,net/minecraft/class_929
dqa,net/minecraft/client/renderer/ItemRenderer,,,,net/minecraft/class_918
drp,net/minecraft/client/renderer/entity/TurtleRenderer,,,,net/minecraft/class_958
dps,net/minecraft/client/renderer/entity/HorseRenderer,,,,net/minecraft/class_910
drq,net/minecraft/client/renderer/entity/UndeadHorseRenderer,,,,net/minecraft/class_961
drv,net/minecraft/client/renderer/entity/VindicatorRenderer,,,,net/minecraft/class_962
dqx,net/minecraft/client/renderer/entity/SalmonRenderer,,,,net/minecraft/class_938
dor,net/minecraft/client/renderer/entity/ChickenRenderer,,,,net/minecraft/class_882
dpq,net/minecraft/client/renderer/entity/GuardianRenderer,,,,net/minecraft/class_907
drv$1,net/minecraft/client/renderer/entity/VindicatorRenderer$1,,,,net/minecraft/class_962$1
dox,net/minecraft/client/renderer/entity/DolphinRenderer,,,,net/minecraft/class_888
dsd,net/minecraft/client/renderer/entity/ZombieVillagerRenderer,,,,net/minecraft/class_971
dpm,net/minecraft/client/renderer/entity/FishRenderer,,,,net/minecraft/class_906
dph,net/minecraft/client/renderer/entity/EvokerFangsRenderer,,,,net/minecraft/class_900
dpu,net/minecraft/client/renderer/entity/HuskRenderer,,,,net/minecraft/class_912
dpa,net/minecraft/client/renderer/entity/ElderGuardianRenderer,,,,net/minecraft/class_893
drc,net/minecraft/client/renderer/entity/SkeletonRenderer,,,,net/minecraft/class_946
dru,net/minecraft/client/renderer/entity/VillagerRenderer,,,,net/minecraft/class_963
dpn,net/minecraft/client/renderer/entity/FoxRenderer,,,,net/minecraft/class_4042
dqj,net/minecraft/client/renderer/entity/MooshroomRenderer,,,,net/minecraft/class_926
dpw$1,net/minecraft/client/renderer/entity/IllusionerRenderer$1,,,,net/minecraft/class_914$1
dqq,net/minecraft/client/renderer/entity/PigZombieRenderer,,,,net/minecraft/class_935
dqp,net/minecraft/client/renderer/entity/PigRenderer,,,,net/minecraft/class_932
dos,net/minecraft/client/renderer/entity/CodRenderer,,,,net/minecraft/class_885
drd,net/minecraft/client/renderer/entity/SlimeRenderer,,,,net/minecraft/class_945
doq,net/minecraft/client/renderer/entity/ChestedHorseRenderer,,,,net/minecraft/class_883
drm,net/minecraft/client/renderer/entity/TNTMinecartRenderer,,,,net/minecraft/class_957
dok,net/minecraft/client/renderer/entity/ArrowRenderer,,,,net/minecraft/class_876
dof,net/minecraft/client/renderer/entity/AbstractHorseRenderer,,,,net/minecraft/class_875
dqf,net/minecraft/client/renderer/entity/LlamaRenderer,,,,net/minecraft/class_921
dpi,net/minecraft/client/renderer/entity/EvokerRenderer,,,,net/minecraft/class_899
drh,net/minecraft/client/renderer/entity/SquidRenderer,,,,net/minecraft/class_951
dqk,net/minecraft/client/renderer/entity/OcelotRenderer,,,,net/minecraft/class_3683
dpw,net/minecraft/client/renderer/entity/IllusionerRenderer,,,,net/minecraft/class_914
dom,net/minecraft/client/renderer/entity/BlazeRenderer,,,,net/minecraft/class_878
dqd,net/minecraft/client/renderer/entity/LightningBoltRenderer,,,,net/minecraft/class_919
dpf,net/minecraft/client/renderer/entity/EntityRendererManager,,,,net/minecraft/class_898
drx,net/minecraft/client/renderer/entity/WitchRenderer,,,,net/minecraft/class_965
drw,net/minecraft/client/renderer/entity/WanderingTraderRenderer,,,,net/minecraft/class_3992
dqi,net/minecraft/client/renderer/entity/MobRenderer,,,,net/minecraft/class_927
dqs,net/minecraft/client/renderer/entity/PolarBearRenderer,,,,net/minecraft/class_937
dpg,net/minecraft/client/renderer/entity/EntityRenderer,,,,net/minecraft/class_897
dqz,net/minecraft/client/renderer/entity/ShulkerBulletRenderer,,,,net/minecraft/class_940
doi,net/minecraft/client/renderer/entity/model/IHasArm,,,,net/minecraft/class_3881
dpc,net/minecraft/client/renderer/entity/EnderDragonRenderer,,,,net/minecraft/class_895
drg,net/minecraft/client/renderer/entity/SpiderRenderer,,,,net/minecraft/class_949
dpl,net/minecraft/client/renderer/entity/FireworkRocketRenderer,,,,net/minecraft/class_903
dpt,net/minecraft/client/renderer/entity/BipedRenderer,,,,net/minecraft/class_909
drz,net/minecraft/client/renderer/entity/WitherSkeletonRenderer,,,,net/minecraft/class_967
dpi$1,net/minecraft/client/renderer/entity/EvokerRenderer$1,,,,net/minecraft/class_899$1
dsb,net/minecraft/client/renderer/entity/WolfRenderer,,,,net/minecraft/class_969
doy,net/minecraft/client/renderer/entity/DragonFireballRenderer,,,,net/minecraft/class_891
dpv,net/minecraft/client/renderer/entity/IllagerRenderer,,,,net/minecraft/class_3729
dqn,net/minecraft/client/renderer/entity/ParrotRenderer,,,,net/minecraft/class_930
dqt,net/minecraft/client/renderer/entity/PufferfishRenderer,,,,net/minecraft/class_936
dts,net/minecraft/client/renderer/entity/PlayerRenderer,,,,net/minecraft/class_1007
dqo,net/minecraft/client/renderer/entity/PhantomRenderer,,,,net/minecraft/class_933
dql,net/minecraft/client/renderer/entity/PaintingRenderer,,,,net/minecraft/class_928
dsa,net/minecraft/client/renderer/entity/WitherSkullRenderer,,,,net/minecraft/class_966
dow,net/minecraft/client/renderer/entity/model/DolphinModel,,,,net/minecraft/class_889
drb,net/minecraft/client/renderer/entity/SilverfishRenderer,,,,net/minecraft/class_942
dpy,net/minecraft/client/renderer/entity/ItemRenderer,,,,net/minecraft/class_916
dqr,net/minecraft/client/renderer/entity/PillagerRenderer,,,,net/minecraft/class_934
dqg,net/minecraft/client/renderer/entity/LlamaSpitRenderer,,,,net/minecraft/class_923
dqm,net/minecraft/client/renderer/entity/PandaRenderer,,,,net/minecraft/class_931
drj,net/minecraft/client/renderer/entity/SpriteRenderer,,,,net/minecraft/class_953
dpe,net/minecraft/client/renderer/entity/EndermiteRenderer,,,,net/minecraft/class_896
dre,net/minecraft/client/renderer/entity/SnowManRenderer,,,,net/minecraft/class_948
dro,net/minecraft/client/renderer/entity/TropicalFishRenderer,,,,net/minecraft/class_959
dpo,net/minecraft/client/renderer/entity/GhastRenderer,,,,net/minecraft/class_905
dri,net/minecraft/client/renderer/entity/StrayRenderer,,,,net/minecraft/class_950
dsc,net/minecraft/client/renderer/entity/ZombieRenderer,,,,net/minecraft/class_3886
drk,net/minecraft/client/renderer/entity/TridentRenderer,,,,net/minecraft/class_955
dqe,net/minecraft/client/renderer/entity/LivingRenderer,,,,net/minecraft/class_922
dop,net/minecraft/client/renderer/entity/CaveSpiderRenderer,,,,net/minecraft/class_880
doj,net/minecraft/client/renderer/entity/ArmorStandRenderer,,,,net/minecraft/class_877
dqc,net/minecraft/client/renderer/entity/LeashKnotRenderer,,,,net/minecraft/class_920
drr,net/minecraft/client/renderer/entity/VexRenderer,,,,net/minecraft/class_960
dpd,net/minecraft/client/renderer/entity/EndermanRenderer,,,,net/minecraft/class_894
dqh,net/minecraft/client/renderer/entity/MinecartRenderer,,,,net/minecraft/class_925
dpj,net/minecraft/client/renderer/entity/ExperienceOrbRenderer,,,,net/minecraft/class_902
dol,net/minecraft/client/renderer/entity/BatRenderer,,,,net/minecraft/class_879
drl,net/minecraft/client/renderer/entity/TippedArrowRenderer,,,,net/minecraft/class_954
dqv,net/minecraft/client/renderer/entity/RavagerRenderer,,,,net/minecraft/class_911
dqy,net/minecraft/client/renderer/entity/SheepRenderer,,,,net/minecraft/class_941
drt,net/minecraft/client/renderer/entity/layers/VillagerLevelPendantLayer,,,,net/minecraft/class_3885
dry,net/minecraft/client/renderer/entity/WitherRenderer,,,,net/minecraft/class_964
doh,net/minecraft/client/renderer/entity/AreaEffectCloudRenderer,,,,net/minecraft/class_874
drf,net/minecraft/client/renderer/entity/SpectralArrowRenderer,,,,net/minecraft/class_947
dpk,net/minecraft/client/renderer/entity/FallingBlockRenderer,,,,net/minecraft/class_901
dra,net/minecraft/client/renderer/entity/ShulkerRenderer,,,,net/minecraft/class_943
dpx,net/minecraft/client/renderer/entity/IronGolemRenderer,,,,net/minecraft/class_913
drs,net/minecraft/client/renderer/entity/model/IHeadToggle,,,,net/minecraft/class_3884
dou,net/minecraft/client/renderer/entity/CreeperRenderer,,,,net/minecraft/class_887
dqw,net/minecraft/client/renderer/entity/IEntityRenderer,,,,net/minecraft/class_3883
dog,net/minecraft/client/renderer/entity/AbstractZombieRenderer,,,,net/minecraft/class_968
dqb,net/minecraft/client/renderer/entity/MagmaCubeRenderer,,,,net/minecraft/class_917
dpz,net/minecraft/client/renderer/entity/ItemFrameRenderer,,,,net/minecraft/class_915
doz,net/minecraft/client/renderer/entity/DrownedRenderer,,,,net/minecraft/class_890
don,net/minecraft/client/renderer/entity/BoatRenderer,,,,net/minecraft/class_881
dqu,net/minecraft/client/renderer/entity/RabbitRenderer,,,,net/minecraft/class_939
drn,net/minecraft/client/renderer/entity/TNTRenderer,,,,net/minecraft/class_956
dot,net/minecraft/client/renderer/entity/CowRenderer,,,,net/minecraft/class_884
dpb,net/minecraft/client/renderer/entity/EnderCrystalRenderer,,,,net/minecraft/class_892
dke,net/minecraft/client/shader/ShaderInstance,,,,net/minecraft/class_280
dkd,net/minecraft/client/renderer/RenderSkyboxCube,,,,net/minecraft/class_751
dkn,net/minecraft/client/renderer/LightTexture,,,,net/minecraft/class_765
dkm$a,net/minecraft/client/renderer/WorldRenderer$LocalRenderInformationContainer,,,,net/minecraft/class_761$class_762
dkr,net/minecraft/client/shader/ShaderGroup,,,,net/minecraft/class_279
dud$a,net/minecraft/client/renderer/texture/Stitcher$Holder,,,,net/minecraft/class_1055$class_1056
dtx$1,net/minecraft/client/renderer/texture/DownloadingTexture$1,,,,net/minecraft/class_1046$1
dud,net/minecraft/client/renderer/texture/Stitcher,,,,net/minecraft/class_1055
duh,net/minecraft/client/renderer/texture/TextureManager,,,,net/minecraft/class_1060
dty,net/minecraft/client/renderer/texture/LayeredColorMaskTexture,,,,net/minecraft/class_1045
dua,net/minecraft/client/renderer/texture/MissingTextureSprite,,,,net/minecraft/class_1047
dub,net/minecraft/client/renderer/texture/PreloadedTexture,,,,net/minecraft/class_4005
dtv,net/minecraft/client/renderer/texture/Texture,,,,net/minecraft/class_1044
duk,net/minecraft/client/renderer/texture/ITickableTextureObject,,,,net/minecraft/class_1063
dtx,net/minecraft/client/renderer/texture/DownloadingTexture,,,,net/minecraft/class_1046
dug,net/minecraft/client/renderer/texture/TextureAtlasSprite,,,,net/minecraft/class_1058
duf,net/minecraft/client/renderer/texture/AtlasTexture,,,,net/minecraft/class_1059
duc,net/minecraft/client/renderer/texture/SimpleTexture,,,,net/minecraft/class_1049
duj,net/minecraft/client/renderer/texture/ITickable,,,,net/minecraft/class_1061
due,net/minecraft/client/renderer/StitcherException,,,,net/minecraft/class_1054
dtw,net/minecraft/client/renderer/texture/DynamicTexture,,,,net/minecraft/class_1043
duc$a,net/minecraft/client/renderer/texture/SimpleTexture$TextureData,,,,net/minecraft/class_1049$class_4006
dtz,net/minecraft/client/renderer/texture/LayeredTexture,,,,net/minecraft/class_1048
dui,net/minecraft/client/renderer/texture/ITextureObject,,,,net/minecraft/class_1062
dud$b,net/minecraft/client/renderer/texture/Stitcher$Slot,,,,net/minecraft/class_1055$class_1057
duf$a,net/minecraft/client/renderer/texture/AtlasTexture$SheetData,,,,net/minecraft/class_1059$class_4007
dnn,net/minecraft/client/renderer/culling/ClippingHelper,,,,net/minecraft/class_857
dnl,net/minecraft/client/renderer/culling/ClippingHelperImpl,,,,net/minecraft/class_855
dnm,net/minecraft/client/renderer/culling/Frustum,,,,net/minecraft/class_858
dnk,net/minecraft/client/renderer/culling/ICamera,,,,net/minecraft/class_856
dkt,net/minecraft/client/renderer/Rectangle2d,,,,net/minecraft/class_768
dkw,net/minecraft/client/renderer/ViewFrustum,,,,net/minecraft/class_769
dka$a,net/minecraft/world/biome/BiomeColors$IColorResolver,,,,net/minecraft/class_1163$class_1164
dle$c,net/minecraft/client/renderer/BlockModelRenderer$VertexTranslations,,,,net/minecraft/class_778$class_781
dle$b,net/minecraft/client/renderer/BlockModelRenderer$AmbientOcclusionFace,,,,net/minecraft/class_778$class_780
dlc,net/minecraft/client/renderer/BlockRendererDispatcher,,,,net/minecraft/class_776
dlp,net/minecraft/client/renderer/model/ItemOverride,,,,net/minecraft/class_799
dlt$a,net/minecraft/client/renderer/model/VariantList$Deserializer,,,,net/minecraft/class_807$class_808
dlo$a,net/minecraft/client/renderer/model/ItemModelGenerator$Span,,,,net/minecraft/class_801$class_802
dln$a,net/minecraft/client/renderer/model/FaceBakery$Rotation,,,,net/minecraft/class_796$class_797
dlo,net/minecraft/client/renderer/model/ItemModelGenerator,,,,net/minecraft/class_801
dlu,net/minecraft/client/renderer/model/Variant,,,,net/minecraft/class_813
dlu$a,net/minecraft/client/renderer/model/Variant$Deserializer,,,,net/minecraft/class_813$class_814
dlk,net/minecraft/client/renderer/model/BlockModel,,,,net/minecraft/class_793
dma$a,net/minecraft/client/renderer/model/multipart/Selector$Deserializer,,,,net/minecraft/class_819$class_820
dlz,net/minecraft/client/renderer/model/multipart/OrCondition,,,,net/minecraft/class_821
dlw,net/minecraft/client/renderer/model/multipart/ICondition,,,,net/minecraft/class_815
dlx,net/minecraft/client/renderer/model/multipart/PropertyValueCondition,,,,net/minecraft/class_818
dma,net/minecraft/client/renderer/model/multipart/Selector,,,,net/minecraft/class_819
dly,net/minecraft/client/renderer/model/multipart/Multipart,,,,net/minecraft/class_816
dly$a,net/minecraft/client/renderer/model/multipart/Multipart$Deserializer,,,,net/minecraft/class_816$class_817
dlv,net/minecraft/client/renderer/model/multipart/AndCondition,,,,net/minecraft/class_812
dlg,net/minecraft/client/renderer/model/BlockPart,,,,net/minecraft/class_785
dls$b,net/minecraft/client/renderer/model/ItemCameraTransforms$TransformType,,,,net/minecraft/class_809$class_811
dlk$b,net/minecraft/client/renderer/model/BlockModel$Deserializer,,,,net/minecraft/class_793$class_795
dlr$a,net/minecraft/client/renderer/model/ItemTransformVec3f$Deserializer,,,,net/minecraft/class_804$class_805
dls$a,net/minecraft/client/renderer/model/ItemCameraTransforms$Deserializer,,,,net/minecraft/class_809$class_810
dll,net/minecraft/client/renderer/model/BlockModelDefinition,,,,net/minecraft/class_790
dlj,net/minecraft/client/renderer/model/BlockFaceUV,,,,net/minecraft/class_787
dlo$b,net/minecraft/client/renderer/model/ItemModelGenerator$SpanFacing,,,,net/minecraft/class_801$class_803
dlr,net/minecraft/client/renderer/model/ItemTransformVec3f,,,,net/minecraft/class_804
dln$2,net/minecraft/client/renderer/model/FaceBakery$2,,,,net/minecraft/class_796$2
dln,net/minecraft/client/renderer/model/FaceBakery,,,,net/minecraft/class_796
dlt,net/minecraft/client/renderer/model/VariantList,,,,net/minecraft/class_807
dli,net/minecraft/client/renderer/model/BlockPartRotation,,,,net/minecraft/class_789
dlh,net/minecraft/client/renderer/model/BlockPartFace,,,,net/minecraft/class_783
dls,net/minecraft/client/renderer/model/ItemCameraTransforms,,,,net/minecraft/class_809
dll$a,net/minecraft/client/renderer/model/BlockModelDefinition$ContainerHolder,,,,net/minecraft/class_790$class_791
dlk$a,net/minecraft/client/renderer/model/BlockModel$Bookkeep,,,,net/minecraft/class_793$class_794
dlm,net/minecraft/client/renderer/model/BakedQuadRetextured,,,,net/minecraft/class_798
dln$3,net/minecraft/client/renderer/model/FaceBakery$3,,,,net/minecraft/class_796$3
dlq,net/minecraft/client/renderer/model/ItemOverrideList,,,,net/minecraft/class_806
dll$b,net/minecraft/client/renderer/model/BlockModelDefinition$Deserializer,,,,net/minecraft/class_790$class_792
dlg$a,net/minecraft/client/renderer/model/BlockPart$Deserializer,,,,net/minecraft/class_785$class_786
dln$4,net/minecraft/client/renderer/model/FaceBakery$4,,,,net/minecraft/class_796$4
dlp$a,net/minecraft/client/renderer/model/ItemOverride$Deserializer,,,,net/minecraft/class_799$class_800
dlj$a,net/minecraft/client/renderer/model/BlockFaceUV$Deserializer,,,,net/minecraft/class_787$class_788
dln$1,net/minecraft/client/renderer/model/FaceBakery$1,,,,net/minecraft/class_796$1
dlh$a,net/minecraft/client/renderer/model/BlockPartFace$Deserializer,,,,net/minecraft/class_783$class_784
dlf,net/minecraft/client/renderer/model/BakedQuad,,,,net/minecraft/class_777
dle$d,net/minecraft/client/renderer/BlockModelRenderer$Orientation,,,,net/minecraft/class_778$class_782
dlb,net/minecraft/client/renderer/BlockModelShapes,,,,net/minecraft/class_773
dle$1,net/minecraft/client/renderer/BlockModelRenderer$1,,,,net/minecraft/class_778$1
dld,net/minecraft/client/renderer/FluidBlockRenderer,,,,net/minecraft/class_775
dla,net/minecraft/client/renderer/ChestRenderer,,,,net/minecraft/class_774
dle$a,net/minecraft/client/renderer/BlockModelRenderer$NeighborInfo,,,,net/minecraft/class_778$class_779
dle,net/minecraft/client/renderer/BlockModelRenderer,,,,net/minecraft/class_778
dkv,net/minecraft/client/renderer/VboRenderList,,,,net/minecraft/class_292
dkg$a,net/minecraft/client/renderer/FaceDirection$Constants,,,,net/minecraft/class_753$class_754
dkm,net/minecraft/client/renderer/WorldRenderer,,,,net/minecraft/class_761
dkp,net/minecraft/client/renderer/RenderList,,,,net/minecraft/class_767
dki,net/minecraft/client/renderer/GameRenderer,,,,net/minecraft/class_757
dks,net/minecraft/client/shader/Shader,,,,net/minecraft/class_283
dkk,net/minecraft/client/renderer/FirstPersonRenderer,,,,net/minecraft/class_759
dkx,net/minecraft/client/renderer/VirtualScreen,,,,net/minecraft/class_3682
dkc,net/minecraft/client/renderer/AbstractChunkRenderContainer,,,,net/minecraft/class_752
dkg$b,net/minecraft/client/renderer/FaceDirection$VertexInformation,,,,net/minecraft/class_753$class_755
dka,net/minecraft/world/biome/BiomeColors,,,,net/minecraft/class_1163
dnd,net/minecraft/client/renderer/chunk/ListedChunkRender,,,,net/minecraft/class_848
dna$a,net/minecraft/client/renderer/chunk/ChunkRenderDispatcher$PendingUpload,,,,net/minecraft/class_846$class_847
dng,net/minecraft/client/renderer/chunk/ChunkRenderCache,,,,net/minecraft/class_853
dna,net/minecraft/client/renderer/chunk/ChunkRenderDispatcher,,,,net/minecraft/class_846
dni,net/minecraft/client/renderer/chunk/SetVisibility,,,,net/minecraft/class_854
dmz$b,net/minecraft/client/renderer/chunk/ChunkRenderTask$Type,,,,net/minecraft/class_842$class_844
dnb,net/minecraft/client/renderer/chunk/ChunkRenderWorker,,,,net/minecraft/class_845
dmz,net/minecraft/client/renderer/chunk/ChunkRenderTask,,,,net/minecraft/class_842
dnh,net/minecraft/client/renderer/chunk/VisGraph,,,,net/minecraft/class_852
dnc$1,net/minecraft/client/renderer/chunk/CompiledChunk$1,,,,net/minecraft/class_849$1
dnb$1,net/minecraft/client/renderer/chunk/ChunkRenderWorker$1,,,,net/minecraft/class_845$1
dnc,net/minecraft/client/renderer/chunk/CompiledChunk,,,,net/minecraft/class_849
dne,net/minecraft/client/renderer/chunk/ChunkRender,,,,net/minecraft/class_851
dmz$a,net/minecraft/client/renderer/chunk/ChunkRenderTask$Status,,,,net/minecraft/class_842$class_843
dnf,net/minecraft/client/renderer/chunk/IChunkRendererFactory,,,,net/minecraft/class_850
dxk,net/minecraft/client/multiplayer/LanServerPingThread,,,,net/minecraft/class_1133
dxj$a,net/minecraft/client/network/LanServerDetector$LanServerFindThread,,,,net/minecraft/class_1134$class_1135
dxj$b,net/minecraft/client/network/LanServerDetector$LanServerList,,,,net/minecraft/class_1134$class_1136
dxi,net/minecraft/client/network/LanServerInfo,,,,net/minecraft/class_1131
dxh,net/minecraft/server/integrated/IntegratedServer,,,,net/minecraft/class_1132
dxg,net/minecraft/server/integrated/IntegratedPlayerList,,,,net/minecraft/class_1130
dxj,net/minecraft/client/network/LanServerDetector,,,,net/minecraft/class_1134
cvi$1,net/minecraft/client/Minecraft$1,,,,net/minecraft/class_310$1
ddn$c,net/minecraft/client/GameConfiguration$ServerInformation,,,,net/minecraft/class_542$class_546
ddn,net/minecraft/client/GameConfiguration,,,,net/minecraft/class_542
ddn$a,net/minecraft/client/GameConfiguration$FolderInformation,,,,net/minecraft/class_542$class_544
net/minecraft/client/main/Main$1,net/minecraft/client/main/Main$1,,,net/minecraft/client/main/Main$1,net/minecraft/client/main/Main$1
ddn$d,net/minecraft/client/GameConfiguration$UserInformation,,,,net/minecraft/class_542$class_547
ddn$b,net/minecraft/client/GameConfiguration$GameInformation,,,,net/minecraft/class_542$class_545
net/minecraft/client/main/Main,net/minecraft/client/main/Main,,,net/minecraft/client/main/Main,net/minecraft/client/main/Main
net/minecraft/client/main/Main$2,net/minecraft/client/main/Main$2,,,net/minecraft/client/main/Main$2,net/minecraft/client/main/Main$2
dig,net/minecraft/client/particle/PoofParticle,,,,net/minecraft/class_673
dif$a,net/minecraft/client/particle/EndRodParticle$Factory,,,,net/minecraft/class_675$class_676
dip,net/minecraft/client/particle/LavaParticle,,,,net/minecraft/class_694
dic$b,net/minecraft/client/particle/DripParticle$Falling,,,,net/minecraft/class_663$class_4083
div$b,net/minecraft/client/particle/ParticleManager$IParticleMetaFactory,,,,net/minecraft/class_702$class_4091
dix$4,net/minecraft/client/particle/IParticleRenderType$4,,,,net/minecraft/class_3999$4
dht$a,net/minecraft/client/particle/SweepAttackParticle$Factory,,,,net/minecraft/class_645$class_646
dir,net/minecraft/client/particle/MetaParticle,,,,net/minecraft/class_3998
dij$a,net/minecraft/client/particle/FlameParticle$Factory,,,,net/minecraft/class_687$class_688
djm,net/minecraft/client/particle/TotemOfUndyingParticle,,,,net/minecraft/class_734
djj$c,net/minecraft/client/particle/SuspendedTownParticle$HappyVillagerFactory,,,,net/minecraft/class_729$class_731
djc$a,net/minecraft/client/particle/SmokeParticle$Factory,,,,net/minecraft/class_717$class_718
djj$d,net/minecraft/client/particle/SuspendedTownParticle$Factory,,,,net/minecraft/class_729$class_732
dhv$a,net/minecraft/client/particle/BreakingParticle$Factory,,,,net/minecraft/class_647$class_648
djk,net/minecraft/client/particle/DiggingParticle,,,,net/minecraft/class_727
dia$a,net/minecraft/client/particle/CritParticle$DamageIndicatorFactory,,,,net/minecraft/class_657$class_658
djq$a,net/minecraft/client/particle/RainParticle$Factory,,,,net/minecraft/class_740$class_741
djh$a,net/minecraft/client/particle/SquidInkParticle$Factory,,,,net/minecraft/class_725$class_726
dic$e,net/minecraft/client/particle/DripParticle$FallingLavaFactory,,,,net/minecraft/class_663$class_4086
dia$b,net/minecraft/client/particle/CritParticle$MagicFactory,,,,net/minecraft/class_657$class_659
dhv$b,net/minecraft/client/particle/BreakingParticle$SlimeFactory,,,,net/minecraft/class_647$class_649
dil$a,net/minecraft/client/particle/LargeExplosionParticle$Factory,,,,net/minecraft/class_691$class_692
dii$a,net/minecraft/client/particle/FireworkParticle$OverlayFactory,,,,net/minecraft/class_677$class_3997
diy,net/minecraft/client/particle/CloudParticle,,,,net/minecraft/class_704
dhx$a,net/minecraft/client/particle/BubbleParticle$Factory,,,,net/minecraft/class_653$class_654
dik$b,net/minecraft/client/particle/HeartParticle$Factory,,,,net/minecraft/class_684$class_686
djd$b,net/minecraft/client/particle/SpellParticle$InstantFactory,,,,net/minecraft/class_711$class_713
dij,net/minecraft/client/particle/FlameParticle,,,,net/minecraft/class_687
dic$a,net/minecraft/client/particle/DripParticle$DrippingLava,,,,net/minecraft/class_663$class_4082
din,net/minecraft/client/particle/ItemPickupParticle,,,,net/minecraft/class_693
dhx,net/minecraft/client/particle/BubbleParticle,,,,net/minecraft/class_653
dic$c,net/minecraft/client/particle/DripParticle$Dripping,,,,net/minecraft/class_663$class_4084
djf$a,net/minecraft/client/particle/SplashParticle$Factory,,,,net/minecraft/class_719$class_720
dii,net/minecraft/client/particle/FireworkParticle,,,,net/minecraft/class_677
diw,net/minecraft/client/particle/IParticleFactory,,,,net/minecraft/class_707
djo$a,net/minecraft/client/particle/WaterWakeParticle$Factory,,,,net/minecraft/class_738$class_739
djj$a,net/minecraft/client/particle/SuspendedTownParticle$ComposterFactory,,,,net/minecraft/class_729$class_3991
diz,net/minecraft/client/particle/PortalParticle,,,,net/minecraft/class_709
dji,net/minecraft/client/particle/UnderwaterParticle,,,,net/minecraft/class_723
djg,net/minecraft/client/particle/IAnimatedSprite,,,,net/minecraft/class_4002
dja,net/minecraft/client/particle/SimpleAnimatedParticle,,,,net/minecraft/class_708
dik$a,net/minecraft/client/particle/HeartParticle$AngryVillagerFactory,,,,net/minecraft/class_684$class_685
dix$1,net/minecraft/client/particle/IParticleRenderType$1,,,,net/minecraft/class_3999$1
djm$a,net/minecraft/client/particle/TotemOfUndyingParticle$Factory,,,,net/minecraft/class_734$class_735
dix,net/minecraft/client/particle/IParticleRenderType,,,,net/minecraft/class_3999
djd$a,net/minecraft/client/particle/SpellParticle$AmbientMobFactory,,,,net/minecraft/class_711$class_712
dig$a,net/minecraft/client/particle/PoofParticle$Factory,,,,net/minecraft/class_673$class_674
dhv,net/minecraft/client/particle/BreakingParticle,,,,net/minecraft/class_647
dic,net/minecraft/client/particle/DripParticle,,,,net/minecraft/class_663
dic$f,net/minecraft/client/particle/DripParticle$DrippingLavaFactory,,,,net/minecraft/class_663$class_664
diu,net/minecraft/client/particle/TexturesParticle,,,,net/minecraft/class_4089
dii$e,net/minecraft/client/particle/FireworkParticle$Starter,,,,net/minecraft/class_677$class_681
dif,net/minecraft/client/particle/EndRodParticle,,,,net/minecraft/class_675
djj$b,net/minecraft/client/particle/SuspendedTownParticle$DolphinSpeedFactory,,,,net/minecraft/class_729$class_730
dhu$a,net/minecraft/client/particle/BarrierParticle$Factory,,,,net/minecraft/class_651$class_652
dib,net/minecraft/client/particle/DragonBreathParticle,,,,net/minecraft/class_666
dht,net/minecraft/client/particle/SweepAttackParticle,,,,net/minecraft/class_645
dia,net/minecraft/client/particle/CritParticle,,,,net/minecraft/class_657
djd$c,net/minecraft/client/particle/SpellParticle$MobFactory,,,,net/minecraft/class_711$class_714
dih,net/minecraft/client/particle/FallingDustParticle,,,,net/minecraft/class_682
djq,net/minecraft/client/particle/RainParticle,,,,net/minecraft/class_740
djj,net/minecraft/client/particle/SuspendedTownParticle,,,,net/minecraft/class_729
dim$a,net/minecraft/client/particle/HugeExplosionParticle$Factory,,,,net/minecraft/class_689$class_690
dik,net/minecraft/client/particle/HeartParticle,,,,net/minecraft/class_684
dio$a,net/minecraft/client/particle/LargeSmokeParticle$Factory,,,,net/minecraft/class_696$class_697
diz$a,net/minecraft/client/particle/PortalParticle$Factory,,,,net/minecraft/class_709$class_710
diy$b,net/minecraft/client/particle/CloudParticle$SneezeFactory,,,,net/minecraft/class_704$class_706
diy$a,net/minecraft/client/particle/CloudParticle$Factory,,,,net/minecraft/class_704$class_705
dhw$a,net/minecraft/client/particle/BubbleColumnUpParticle$Factory,,,,net/minecraft/class_655$class_656
die$b,net/minecraft/client/particle/EnchantmentTableParticle$EnchantmentTable,,,,net/minecraft/class_668$class_670
dis$a,net/minecraft/client/particle/NoteParticle$Factory,,,,net/minecraft/class_698$class_699
dhw,net/minecraft/client/particle/BubbleColumnUpParticle,,,,net/minecraft/class_655
die$a,net/minecraft/client/particle/EnchantmentTableParticle$NautilusFactory,,,,net/minecraft/class_668$class_669
dii$b,net/minecraft/client/particle/FireworkParticle$Overlay,,,,net/minecraft/class_677$class_678
did$a,net/minecraft/client/particle/RedstoneParticle$Factory,,,,net/minecraft/class_671$class_672
djo,net/minecraft/client/particle/WaterWakeParticle,,,,net/minecraft/class_738
dhy,net/minecraft/client/particle/BubblePopParticle,,,,net/minecraft/class_661
djd$e,net/minecraft/client/particle/SpellParticle$WitchFactory,,,,net/minecraft/class_711$class_716
dje$a,net/minecraft/client/particle/SpitParticle$Factory,,,,net/minecraft/class_721$class_722
dic$i,net/minecraft/client/particle/DripParticle$DrippingWaterFactory,,,,net/minecraft/class_663$class_4088
dia$c,net/minecraft/client/particle/CritParticle$Factory,,,,net/minecraft/class_657$class_3939
djd,net/minecraft/client/particle/SpellParticle,,,,net/minecraft/class_711
dio,net/minecraft/client/particle/LargeSmokeParticle,,,,net/minecraft/class_696
dix$5,net/minecraft/client/particle/IParticleRenderType$5,,,,net/minecraft/class_3999$5
dhz$b,net/minecraft/client/particle/CampfireParticle$SignalSmokeFactory,,,,net/minecraft/class_3937$class_3995
die,net/minecraft/client/particle/EnchantmentTableParticle,,,,net/minecraft/class_668
dit,net/minecraft/client/particle/Particle,,,,net/minecraft/class_703
dhz$a,net/minecraft/client/particle/CampfireParticle$CozySmokeFactory,,,,net/minecraft/class_3937$class_3938
dje,net/minecraft/client/particle/SpitParticle,,,,net/minecraft/class_721
div$a,net/minecraft/client/particle/ParticleManager$AnimatedSpriteImpl,,,,net/minecraft/class_702$class_4090
dib$a,net/minecraft/client/particle/DragonBreathParticle$Factory,,,,net/minecraft/class_666$class_667
djc,net/minecraft/client/particle/SmokeParticle,,,,net/minecraft/class_717
djl,net/minecraft/client/particle/SpriteTexturedParticle,,,,net/minecraft/class_4003
dil,net/minecraft/client/particle/LargeExplosionParticle,,,,net/minecraft/class_691
dhy$a,net/minecraft/client/particle/BubblePopParticle$Factory,,,,net/minecraft/class_661$class_662
dhv$c,net/minecraft/client/particle/BreakingParticle$SnowballFactory,,,,net/minecraft/class_647$class_650
dhu,net/minecraft/client/particle/BarrierParticle,,,,net/minecraft/class_651
dim,net/minecraft/client/particle/HugeExplosionParticle,,,,net/minecraft/class_689
djf,net/minecraft/client/particle/SplashParticle,,,,net/minecraft/class_719
div,net/minecraft/client/particle/ParticleManager,,,,net/minecraft/class_702
diq$a,net/minecraft/client/particle/MobAppearanceParticle$Factory,,,,net/minecraft/class_700$class_701
dix$6,net/minecraft/client/particle/IParticleRenderType$6,,,,net/minecraft/class_3999$6
dis,net/minecraft/client/particle/NoteParticle,,,,net/minecraft/class_698
dii$d,net/minecraft/client/particle/FireworkParticle$SparkFactory,,,,net/minecraft/class_677$class_679
dii$c,net/minecraft/client/particle/FireworkParticle$Spark,,,,net/minecraft/class_677$class_680
dih$a,net/minecraft/client/particle/FallingDustParticle$Factory,,,,net/minecraft/class_682$class_683
dhz,net/minecraft/client/particle/CampfireParticle,,,,net/minecraft/class_3937
djp$a,net/minecraft/client/particle/CurrentDownParticle$Factory,,,,net/minecraft/class_736$class_737
did,net/minecraft/client/particle/RedstoneParticle,,,,net/minecraft/class_671
dic$g,net/minecraft/client/particle/DripParticle$LandingLavaFactory,,,,net/minecraft/class_663$class_4087
djp,net/minecraft/client/particle/CurrentDownParticle,,,,net/minecraft/class_736
dic$h,net/minecraft/client/particle/DripParticle$FallingWaterFactory,,,,net/minecraft/class_663$class_665
djn,net/minecraft/client/particle/EmitterParticle,,,,net/minecraft/class_733
dji$a,net/minecraft/client/particle/UnderwaterParticle$Factory,,,,net/minecraft/class_723$class_724
djk$a,net/minecraft/client/particle/DiggingParticle$Factory,,,,net/minecraft/class_727$class_728
dic$d,net/minecraft/client/particle/DripParticle$Landing,,,,net/minecraft/class_663$class_4085
djb,net/minecraft/client/particle/TexturedParticle,,,,net/minecraft/class_3940
dix$3,net/minecraft/client/particle/IParticleRenderType$3,,,,net/minecraft/class_3999$3
diq,net/minecraft/client/particle/MobAppearanceParticle,,,,net/minecraft/class_700
dix$2,net/minecraft/client/particle/IParticleRenderType$2,,,,net/minecraft/class_3999$2
djd$d,net/minecraft/client/particle/SpellParticle$Factory,,,,net/minecraft/class_711$class_715
dip$a,net/minecraft/client/particle/LavaParticle$Factory,,,,net/minecraft/class_694$class_695
djh,net/minecraft/client/particle/SquidInkParticle,,,,net/minecraft/class_725
cvj,net/minecraft/client/MouseHelper,,,,net/minecraft/class_312
cvh,net/minecraft/client/settings/SliderMultiplierOption,,,,net/minecraft/class_4287
cvo,net/minecraft/client/settings/SliderPercentageOption,,,,net/minecraft/class_4067
ctd$a,net/minecraft/client/audio/SoundSystem$IHandler,,,,net/minecraft/class_4225$class_4276
cte,net/minecraft/client/audio/Listener,,,,net/minecraft/class_4227
ctg,net/minecraft/client/audio/ALUtils,,,,net/minecraft/class_4230
ctc,net/minecraft/client/audio/SoundSource,,,,net/minecraft/class_4224
ctd$1,net/minecraft/client/audio/SoundSystem$1,,,,net/minecraft/class_4225$1
ctd$b,net/minecraft/client/audio/SoundSystem$HandlerImpl,,,,net/minecraft/class_4225$class_4226
cth,net/minecraft/client/audio/AudioStreamBuffer,,,,net/minecraft/class_4231
ctd,net/minecraft/client/audio/SoundSystem,,,,net/minecraft/class_4225
ctf$a,net/minecraft/client/audio/OggAudioStream$Buffer,,,,net/minecraft/class_4228$class_4229
ctf,net/minecraft/client/audio/OggAudioStream,,,,net/minecraft/class_4228
ctd$c,net/minecraft/client/audio/SoundSystem$Mode,,,,net/minecraft/class_4225$class_4105
ctb,net/minecraft/client/util/NativeUtil,,,,net/minecraft/class_3673
ctl,net/minecraft/client/gui/fonts/providers/TrueTypeGlyphProvider,,,,net/minecraft/class_395
ctk,net/minecraft/client/gui/fonts/IGlyphInfo,,,,net/minecraft/class_383
cti,net/minecraft/client/gui/fonts/IGlyph,,,,net/minecraft/class_379
ctl$a,net/minecraft/client/gui/fonts/providers/TrueTypeGlyphProvider$GlpyhInfo,,,,net/minecraft/class_395$class_397
ctj,net/minecraft/client/gui/fonts/providers/IGlyphProvider,,,,net/minecraft/class_390
ctm,net/minecraft/client/shader/Framebuffer,,,,net/minecraft/class_276
cug,net/minecraft/client/shader/ShaderLoader,,,,net/minecraft/class_281
cuh,net/minecraft/client/shader/ShaderLinkHelper,,,,net/minecraft/class_285
cui,net/minecraft/client/shader/ShaderUniform,,,,net/minecraft/class_284
cue,net/minecraft/client/util/JSONBlendingMode,,,,net/minecraft/class_277
cug$a,net/minecraft/client/shader/ShaderLoader$ShaderType,,,,net/minecraft/class_281$class_282
cuf,net/minecraft/client/shader/IShaderManager,,,,net/minecraft/class_3679
cud,net/minecraft/client/shader/ShaderDefault,,,,net/minecraft/class_278
cuq$a,net/minecraft/client/renderer/vertex/VertexFormatElement$Type,,,,net/minecraft/class_296$class_297
cuq,net/minecraft/client/renderer/vertex/VertexFormatElement,,,,net/minecraft/class_296
cum,net/minecraft/client/renderer/Tessellator,,,,net/minecraft/class_289
cup,net/minecraft/client/renderer/vertex/VertexFormat,,,,net/minecraft/class_293
cuo,net/minecraft/client/renderer/VertexBufferUploader,,,,net/minecraft/class_294
cuk,net/minecraft/client/renderer/WorldVertexBufferUploader,,,,net/minecraft/class_286
cuj,net/minecraft/client/renderer/BufferBuilder,,,,net/minecraft/class_287
cun,net/minecraft/client/renderer/vertex/VertexBuffer,,,,net/minecraft/class_291
cuj$a,net/minecraft/client/renderer/BufferBuilder$State,,,,net/minecraft/class_287$class_288
cul,net/minecraft/client/renderer/vertex/DefaultVertexFormats,,,,net/minecraft/class_290
cuq$b,net/minecraft/client/renderer/vertex/VertexFormatElement$Usage,,,,net/minecraft/class_296$class_298
cub,net/minecraft/client/MainWindow,,,,net/minecraft/class_1041
com/mojang/blaze3d/platform/GlStateManager$s,com/mojang/blaze3d/platform/GlStateManager$TexGen,,,,com/mojang/blaze3d/platform/GlStateManager$class_1036
com/mojang/blaze3d/platform/GlStateManager$l,com/mojang/blaze3d/platform/GlStateManager$FogMode,,,,com/mojang/blaze3d/platform/GlStateManager$class_1028
com/mojang/blaze3d/platform/GlStateManager$c,com/mojang/blaze3d/platform/GlStateManager$BooleanState,,,,com/mojang/blaze3d/platform/GlStateManager$class_1018
ctr$b,net/minecraft/client/util/InputMappings$Type,,,,net/minecraft/class_3675$class_307
com/mojang/blaze3d/platform/GlStateManager$u,com/mojang/blaze3d/platform/GlStateManager$TexGenState,,,,com/mojang/blaze3d/platform/GlStateManager$class_1038
com/mojang/blaze3d/platform/GlStateManager$b,com/mojang/blaze3d/platform/GlStateManager$BlendState,,,,com/mojang/blaze3d/platform/GlStateManager$class_1017
ctq,net/minecraft/client/renderer/GlDebugTextUtils,,,,net/minecraft/class_1008
com/mojang/blaze3d/platform/GlStateManager$p,com/mojang/blaze3d/platform/GlStateManager$Profile,,,,com/mojang/blaze3d/platform/GlStateManager$class_1032
ctr$a,net/minecraft/client/util/InputMappings$Input,,,,net/minecraft/class_3675$class_306
ctw,net/minecraft/client/renderer/texture/NativeImage,,,,net/minecraft/class_1011
com/mojang/blaze3d/platform/GlStateManager$k,com/mojang/blaze3d/platform/GlStateManager$DepthState,,,,com/mojang/blaze3d/platform/GlStateManager$class_1026
com/mojang/blaze3d/platform/GlStateManager$h,com/mojang/blaze3d/platform/GlStateManager$ColorMaterialState,,,,com/mojang/blaze3d/platform/GlStateManager$class_1023
ctz,net/minecraft/client/util/IDataHolder,,,,net/minecraft/class_3677
ctw$a,net/minecraft/client/renderer/texture/NativeImage$PixelFormat,,,,net/minecraft/class_1011$class_1012
cts,net/minecraft/client/renderer/RenderHelper,,,,net/minecraft/class_308
com/mojang/blaze3d/platform/GlStateManager$f,com/mojang/blaze3d/platform/GlStateManager$ColorLogicState,,,,com/mojang/blaze3d/platform/GlStateManager$class_1021
com/mojang/blaze3d/platform/GlStateManager$n,com/mojang/blaze3d/platform/GlStateManager$LogicOp,,,,com/mojang/blaze3d/platform/GlStateManager$class_1030
com/mojang/blaze3d/platform/GlStateManager$i,com/mojang/blaze3d/platform/GlStateManager$CullFace,,,,com/mojang/blaze3d/platform/GlStateManager$class_1024
com/mojang/blaze3d/platform/GlStateManager$v,com/mojang/blaze3d/platform/GlStateManager$TextureState,,,,com/mojang/blaze3d/platform/GlStateManager$class_1039
com/mojang/blaze3d/platform/GlStateManager$d,com/mojang/blaze3d/platform/GlStateManager$ClearState,,,,com/mojang/blaze3d/platform/GlStateManager$class_1019
com/mojang/blaze3d/platform/GlStateManager$p$3,com/mojang/blaze3d/platform/GlStateManager$Profile$3,,,,com/mojang/blaze3d/platform/GlStateManager$class_1032$3
ctw$c,net/minecraft/client/renderer/texture/NativeImage$WriteCallback,,,,net/minecraft/class_1011$class_1014
com/mojang/blaze3d/platform/GlStateManager$j,com/mojang/blaze3d/platform/GlStateManager$CullState,,,,com/mojang/blaze3d/platform/GlStateManager$class_1025
com/mojang/blaze3d/platform/GlStateManager$g,com/mojang/blaze3d/platform/GlStateManager$ColorMask,,,,com/mojang/blaze3d/platform/GlStateManager$class_1022
com/mojang/blaze3d/platform/GlStateManager$e,com/mojang/blaze3d/platform/GlStateManager$Color,,,,com/mojang/blaze3d/platform/GlStateManager$class_1020
com/mojang/blaze3d/platform/GlStateManager$SourceFactor,com/mojang/blaze3d/platform/GlStateManager$SourceFactor,,,com/mojang/blaze3d/platform/GlStateManager$SourceFactor,com/mojang/blaze3d/platform/GlStateManager$SourceFactor
ctp,net/minecraft/client/renderer/ScreenSize,,,,net/minecraft/class_543
com/mojang/blaze3d/platform/GlStateManager,com/mojang/blaze3d/platform/GlStateManager,,,com/mojang/blaze3d/platform/GlStateManager,com/mojang/blaze3d/platform/GlStateManager
com/mojang/blaze3d/platform/GlStateManager$w,com/mojang/blaze3d/platform/GlStateManager$Viewport,,,,com/mojang/blaze3d/platform/GlStateManager$class_1040
ctx$b,net/minecraft/client/renderer/texture/PngSizeInfo$ReaderBuffer,,,,net/minecraft/class_1050$class_1052
com/mojang/blaze3d/platform/GlStateManager$o,com/mojang/blaze3d/platform/GlStateManager$PolygonOffsetState,,,,com/mojang/blaze3d/platform/GlStateManager$class_1031
ctr,net/minecraft/client/util/InputMappings,,,,net/minecraft/class_3675
com/mojang/blaze3d/platform/GlStateManager$r,com/mojang/blaze3d/platform/GlStateManager$StencilState,,,,com/mojang/blaze3d/platform/GlStateManager$class_1035
com/mojang/blaze3d/platform/GlStateManager$q,com/mojang/blaze3d/platform/GlStateManager$StencilFunc,,,,com/mojang/blaze3d/platform/GlStateManager$class_1034
com/mojang/blaze3d/platform/GlStateManager$p$2,com/mojang/blaze3d/platform/GlStateManager$Profile$2,,,,com/mojang/blaze3d/platform/GlStateManager$class_1032$2
com/mojang/blaze3d/platform/GlStateManager$t,com/mojang/blaze3d/platform/GlStateManager$TexGenCoord,,,,com/mojang/blaze3d/platform/GlStateManager$class_1037
cto,net/minecraft/client/util/LWJGLMemoryUntracker,,,,net/minecraft/class_301
ctn,net/minecraft/client/ClipboardHelper,,,,net/minecraft/class_3674
com/mojang/blaze3d/platform/GlStateManager$DestFactor,com/mojang/blaze3d/platform/GlStateManager$DestFactor,,,com/mojang/blaze3d/platform/GlStateManager$DestFactor,com/mojang/blaze3d/platform/GlStateManager$DestFactor
cty,net/minecraft/client/renderer/MonitorHandler,,,,net/minecraft/class_323
ctu,net/minecraft/client/Monitor,,,,net/minecraft/class_313
com/mojang/blaze3d/platform/GlStateManager$p$1,com/mojang/blaze3d/platform/GlStateManager$Profile$1,,,,com/mojang/blaze3d/platform/GlStateManager$class_1032$1
ctx$a,net/minecraft/client/renderer/texture/PngSizeInfo$Reader,,,,net/minecraft/class_1050$class_1051
cua,net/minecraft/client/renderer/VideoMode,,,,net/minecraft/class_319
ctw$b,net/minecraft/client/renderer/texture/NativeImage$PixelFormatGLCode,,,,net/minecraft/class_1011$class_1013
cuc,net/minecraft/client/renderer/IWindowEventListener,,,,net/minecraft/class_3678
ctx,net/minecraft/client/renderer/texture/PngSizeInfo,,,,net/minecraft/class_1050
ctv,net/minecraft/client/renderer/IMonitorFactory,,,,net/minecraft/class_3676
ctt,net/minecraft/client/renderer/GLAllocation,,,,net/minecraft/class_311
com/mojang/blaze3d/platform/GlStateManager$m,com/mojang/blaze3d/platform/GlStateManager$FogState,,,,com/mojang/blaze3d/platform/GlStateManager$class_1029
ctx$c,net/minecraft/client/renderer/texture/PngSizeInfo$ReaderSeekable,,,,net/minecraft/class_1050$class_1053
com/mojang/blaze3d/platform/GlStateManager$a,com/mojang/blaze3d/platform/GlStateManager$AlphaState,,,,com/mojang/blaze3d/platform/GlStateManager$class_1016
com/mojang/blaze3d/platform/GLX$a,com/mojang/blaze3d/platform/GLX$FboMode,,,,com/mojang/blaze3d/platform/GLX$class_1010
com/mojang/blaze3d/platform/GLX,com/mojang/blaze3d/platform/GLX,,,com/mojang/blaze3d/platform/GLX,com/mojang/blaze3d/platform/GLX
com/mojang/blaze3d/platform/TextureUtil,com/mojang/blaze3d/platform/TextureUtil,,,com/mojang/blaze3d/platform/TextureUtil,com/mojang/blaze3d/platform/TextureUtil
cur,net/minecraft/client/renderer/Matrix4f,,,,net/minecraft/class_1159
cus,net/minecraft/client/renderer/Vector3d,,,,net/minecraft/class_1161
cut,net/minecraft/client/renderer/Vector4f,,,,net/minecraft/class_1162
ja$1,net/minecraft/network/NetworkManager$1,net/minecraft/server/v1_14_R1/NetworkManager$1,,,net/minecraft/class_2535$1
ja$2,net/minecraft/network/NetworkManager$2,net/minecraft/server/v1_14_R1/NetworkManager$2,,,net/minecraft/class_2535$2
nq,net/minecraft/util/RandomObjectDescriptor,,,,net/minecraft/class_4240
qv$a,net/minecraft/client/util/JSONException$Entry,,,,net/minecraft/class_2973$class_2974
qv,net/minecraft/client/util/JSONException,,,,net/minecraft/class_2973
uq,net/minecraft/client/renderer/DestroyBlockProgress,,,,net/minecraft/class_3191
vs,net/minecraft/world/chunk/listener/ChainedChunkStatusListener,,,,net/minecraft/class_3952
vt,net/minecraft/world/chunk/listener/TrackingChunkStatusListener,,,,net/minecraft/class_3953
vw,net/minecraft/client/network/handshake/ClientHandshakeNetHandler,,,,net/minecraft/class_3240
vx$2,net/minecraft/network/NetworkSystem$2,net/minecraft/server/v1_14_R1/ServerConnection$2,,,net/minecraft/class_3242$2
xg,net/minecraft/client/resources/ReloadListener,,,,net/minecraft/class_4080
zw,net/minecraft/client/util/MouseSmoother,,,,net/minecraft/class_3540
atr$a,net/minecraft/entity/monster/AbstractIllagerEntity$ArmPose,net/minecraft/server/v1_14_R1/EntityIllagerAbstract$a,,,net/minecraft/class_1543$class_1544
avy,net/minecraft/entity/player/PlayerModelPart,,,,net/minecraft/class_1664
awj,net/minecraft/entity/IRendersAsItem,,,,net/minecraft/class_3856
bdi$a,net/minecraft/client/util/ITooltipFlag$TooltipFlags,,,,net/minecraft/class_1836$class_1837
bdi,net/minecraft/client/util/ITooltipFlag,,,,net/minecraft/class_1836
bhb,net/minecraft/world/FoliageColors,,,,net/minecraft/class_1926
bhf,net/minecraft/world/GrassColors,,,,net/minecraft/class_1933
buf,net/minecraft/tileentity/IChestLid,,,,net/minecraft/class_2618
bwu,net/minecraft/world/border/BorderStatus,,,,net/minecraft/class_2789
bxe,net/minecraft/world/chunk/EmptyChunk,,,,net/minecraft/class_2812
coc,net/minecraft/client/AnvilConverterException,,,,net/minecraft/class_33
cod$1,net/minecraft/world/storage/SaveFormat$1,net/minecraft/server/v1_14_R1/Convertable$1,,,net/minecraft/class_32$1
coe,net/minecraft/world/storage/WorldSummary,,,,net/minecraft/class_34
