混淆的,Searge,Spigot,Mojang,Yarn,Intermediary
a,net/minecraft/util/text/TextFormatting,net/minecraft/server/v1_12_R1/EnumChatFormat,,,
aa$a,net/minecraft/advancements/critereon/CuredZombieVillagerTrigger$Listeners,net/minecraft/server/v1_12_R1/CriterionTriggerCuredZombieVillager$a,,,
aa$b,net/minecraft/advancements/critereon/CuredZombieVillagerTrigger$Instance,net/minecraft/server/v1_12_R1/CriterionTriggerCuredZombieVillager$b,,,
aa,net/minecraft/advancements/critereon/CuredZombieVillagerTrigger,net/minecraft/server/v1_12_R1/CriterionTriggerCuredZombieVillager,,,
aaa,net/minecraft/entity/passive/EntityMooshroom,net/minecraft/server/v1_12_R1/EntityMushroomCow,,,
aab,net/minecraft/entity/passive/EntityOcelot,net/minecraft/server/v1_12_R1/EntityOcelot,,,
aac$1,net/minecraft/entity/passive/EntityParrot$1,net/minecraft/server/v1_12_R1/EntityParrot$1,,,
aac,net/minecraft/entity/passive/EntityParrot,net/minecraft/server/v1_12_R1/EntityParrot,,,
aad,net/minecraft/entity/passive/EntityPig,net/minecraft/server/v1_12_R1/EntityPig,,,
aae$a,net/minecraft/entity/monster/EntityPolarBear$AIAttackPlayer,net/minecraft/server/v1_12_R1/EntityPolarBear$a,,,
aae$b,net/minecraft/entity/monster/EntityPolarBear$GroupData,net/minecraft/server/v1_12_R1/EntityPolarBear$b,,,
aae$c,net/minecraft/entity/monster/EntityPolarBear$AIHurtByTarget,net/minecraft/server/v1_12_R1/EntityPolarBear$c,,,
aae$d,net/minecraft/entity/monster/EntityPolarBear$AIMeleeAttack,net/minecraft/server/v1_12_R1/EntityPolarBear$d,,,
aae$e,net/minecraft/entity/monster/EntityPolarBear$AIPanic,net/minecraft/server/v1_12_R1/EntityPolarBear$e,,,
aae,net/minecraft/entity/monster/EntityPolarBear,net/minecraft/server/v1_12_R1/EntityPolarBear,,,
aaf$a,net/minecraft/entity/passive/EntityRabbit$AIEvilAttack,net/minecraft/server/v1_12_R1/EntityRabbit$PathfinderGoalKillerRabbitMeleeAttack,,,
aaf$b,net/minecraft/entity/passive/EntityRabbit$AIAvoidEntity,net/minecraft/server/v1_12_R1/EntityRabbit$PathfinderGoalRabbitAvoidTarget,,,
aaf$c,net/minecraft/entity/passive/EntityRabbit$RabbitTypeData,net/minecraft/server/v1_12_R1/EntityRabbit$GroupDataRabbit,,,
aaf$d,net/minecraft/entity/passive/EntityRabbit$RabbitJumpHelper,net/minecraft/server/v1_12_R1/EntityRabbit$ControllerJumpRabbit,,,
aaf$e,net/minecraft/entity/passive/EntityRabbit$RabbitMoveHelper,net/minecraft/server/v1_12_R1/EntityRabbit$ControllerMoveRabbit,,,
aaf$f,net/minecraft/entity/passive/EntityRabbit$AIPanic,net/minecraft/server/v1_12_R1/EntityRabbit$PathfinderGoalRabbitPanic,,,
aaf$g,net/minecraft/entity/passive/EntityRabbit$AIRaidFarm,net/minecraft/server/v1_12_R1/EntityRabbit$PathfinderGoalEatCarrots,,,
aaf,net/minecraft/entity/passive/EntityRabbit,net/minecraft/server/v1_12_R1/EntityRabbit,,,
aag$1,net/minecraft/entity/passive/EntitySheep$1,net/minecraft/server/v1_12_R1/EntitySheep$1,,,
aag,net/minecraft/entity/passive/EntitySheep,net/minecraft/server/v1_12_R1/EntitySheep,,,
aah,net/minecraft/entity/passive/EntityShoulderRiding,net/minecraft/server/v1_12_R1/EntityPerchable,,,
aai,net/minecraft/entity/monster/EntitySnowman,net/minecraft/server/v1_12_R1/EntitySnowman,,,
aaj$a,net/minecraft/entity/passive/EntitySquid$AIMoveRandom,net/minecraft/server/v1_12_R1/EntitySquid$PathfinderGoalSquid,,,
aaj,net/minecraft/entity/passive/EntitySquid,net/minecraft/server/v1_12_R1/EntitySquid,,,
aak$1,net/minecraft/entity/monster/EntityIronGolem$1,net/minecraft/server/v1_12_R1/EntityIronGolem$1,,,
aak,net/minecraft/entity/monster/EntityIronGolem,net/minecraft/server/v1_12_R1/EntityIronGolem,,,
aal,net/minecraft/entity/passive/EntityWaterMob,net/minecraft/server/v1_12_R1/EntityWaterAnimal,,,
aam$1,net/minecraft/entity/passive/EntityWolf$1,net/minecraft/server/v1_12_R1/EntityWolf$1,,,
aam$a,net/minecraft/entity/passive/EntityWolf$AIAvoidEntity,net/minecraft/server/v1_12_R1/EntityWolf$a,,,
aam,net/minecraft/entity/passive/EntityWolf,net/minecraft/server/v1_12_R1/EntityWolf,,,
aan,net/minecraft/entity/passive/AbstractChestHorse,net/minecraft/server/v1_12_R1/EntityHorseChestedAbstract,,,
aao$1,net/minecraft/entity/passive/AbstractHorse$1,net/minecraft/server/v1_12_R1/EntityHorseAbstract$1,,,
aao,net/minecraft/entity/passive/AbstractHorse,net/minecraft/server/v1_12_R1/EntityHorseAbstract,,,
aap,net/minecraft/entity/passive/EntityDonkey,net/minecraft/server/v1_12_R1/EntityHorseDonkey,,,
aaq$a,net/minecraft/entity/passive/EntityHorse$GroupData,net/minecraft/server/v1_12_R1/EntityHorse$a,,,
aaq,net/minecraft/entity/passive/EntityHorse,net/minecraft/server/v1_12_R1/EntityHorse,,,
aar,net/minecraft/entity/passive/HorseArmorType,net/minecraft/server/v1_12_R1/EnumHorseArmor,,,
aas$a,net/minecraft/entity/passive/EntityLlama$AIDefendTarget,net/minecraft/server/v1_12_R1/EntityLlama$a,,,
aas$b,net/minecraft/entity/passive/EntityLlama$GroupData,net/minecraft/server/v1_12_R1/EntityLlama$b,,,
aas$c,net/minecraft/entity/passive/EntityLlama$AIHurtByTarget,net/minecraft/server/v1_12_R1/EntityLlama$c,,,
aas,net/minecraft/entity/passive/EntityLlama,net/minecraft/server/v1_12_R1/EntityLlama,,,
aat,net/minecraft/entity/passive/EntityMule,net/minecraft/server/v1_12_R1/EntityHorseMule,,,
aau,net/minecraft/entity/passive/EntitySkeletonHorse,net/minecraft/server/v1_12_R1/EntityHorseSkeleton,,,
aav,net/minecraft/entity/ai/EntityAISkeletonRiders,net/minecraft/server/v1_12_R1/PathfinderGoalHorseTrap,,,
aaw,net/minecraft/entity/passive/EntityZombieHorse,net/minecraft/server/v1_12_R1/EntityHorseZombie,,,
ab,net/minecraft/advancements/critereon/DamagePredicate,net/minecraft/server/v1_12_R1/CriterionConditionDamage,,,
aba,net/minecraft/entity/IEntityMultiPart,net/minecraft/server/v1_12_R1/IComplex,,,
abb,net/minecraft/entity/MultiPartEntityPart,net/minecraft/server/v1_12_R1/EntityComplexPart,,,
abc,net/minecraft/entity/item/EntityEnderCrystal,net/minecraft/server/v1_12_R1/EntityEnderCrystal,,,
abd,net/minecraft/entity/boss/EntityDragon,net/minecraft/server/v1_12_R1/EntityEnderDragon,,,
abf,net/minecraft/entity/boss/dragon/phase/PhaseBase,net/minecraft/server/v1_12_R1/AbstractDragonController,,,
abg,net/minecraft/entity/boss/dragon/phase/PhaseSittingBase,net/minecraft/server/v1_12_R1/AbstractDragonControllerLanded,,,
abh,net/minecraft/entity/boss/dragon/phase/PhaseChargingPlayer,net/minecraft/server/v1_12_R1/DragonControllerCharge,,,
abi,net/minecraft/entity/boss/dragon/phase/PhaseDying,net/minecraft/server/v1_12_R1/DragonControllerDying,,,
abj,net/minecraft/entity/boss/dragon/phase/PhaseHoldingPattern,net/minecraft/server/v1_12_R1/DragonControllerHold,,,
abk,net/minecraft/entity/boss/dragon/phase/PhaseHover,net/minecraft/server/v1_12_R1/DragonControllerHover,,,
abl,net/minecraft/entity/boss/dragon/phase/PhaseLandingApproach,net/minecraft/server/v1_12_R1/DragonControllerLandingFly,,,
abm,net/minecraft/entity/boss/dragon/phase/PhaseLanding,net/minecraft/server/v1_12_R1/DragonControllerLanding,,,
abn,net/minecraft/entity/boss/dragon/phase/IPhase,net/minecraft/server/v1_12_R1/IDragonController,,,
abo,net/minecraft/entity/boss/dragon/phase/PhaseSittingAttacking,net/minecraft/server/v1_12_R1/DragonControllerLandedAttack,,,
abp,net/minecraft/entity/boss/dragon/phase/PhaseSittingFlaming,net/minecraft/server/v1_12_R1/DragonControllerLandedFlame,,,
abq,net/minecraft/entity/boss/dragon/phase/PhaseSittingScanning,net/minecraft/server/v1_12_R1/DragonControllerLandedSearch,,,
abr,net/minecraft/entity/boss/dragon/phase/PhaseStrafePlayer,net/minecraft/server/v1_12_R1/DragonControllerStrafe,,,
abs,net/minecraft/entity/boss/dragon/phase/PhaseTakeoff,net/minecraft/server/v1_12_R1/DragonControllerFly,,,
abt,net/minecraft/entity/boss/dragon/phase/PhaseList,net/minecraft/server/v1_12_R1/DragonControllerPhase,,,
abu,net/minecraft/entity/boss/dragon/phase/PhaseManager,net/minecraft/server/v1_12_R1/DragonControllerManager,,,
abx$1,net/minecraft/entity/boss/EntityWither$1,net/minecraft/server/v1_12_R1/EntityWither$1,,,
abx$a,net/minecraft/entity/boss/EntityWither$AIDoNothing,net/minecraft/server/v1_12_R1/EntityWither$a,,,
abx,net/minecraft/entity/boss/EntityWither,net/minecraft/server/v1_12_R1/EntityWither,,,
abz$1,net/minecraft/entity/item/EntityArmorStand$1,net/minecraft/server/v1_12_R1/EntityArmorStand$1,,,
abz,net/minecraft/entity/item/EntityArmorStand,net/minecraft/server/v1_12_R1/EntityArmorStand,,,
ac,net/minecraft/advancements/critereon/DamageSourcePredicate,net/minecraft/server/v1_12_R1/CriterionConditionDamageSource,,,
aca$1,net/minecraft/entity/EntityHanging$1,net/minecraft/server/v1_12_R1/EntityHanging$1,,,
aca,net/minecraft/entity/EntityHanging,net/minecraft/server/v1_12_R1/EntityHanging,,,
acb,net/minecraft/entity/item/EntityItemFrame,net/minecraft/server/v1_12_R1/EntityItemFrame,,,
acc,net/minecraft/entity/EntityLeashKnot,net/minecraft/server/v1_12_R1/EntityLeash,,,
acd$a,net/minecraft/entity/item/EntityPainting$EnumArt,net/minecraft/server/v1_12_R1/EntityPainting$EnumArt,,,
acd,net/minecraft/entity/item/EntityPainting,net/minecraft/server/v1_12_R1/EntityPainting,,,
acf$a,net/minecraft/entity/projectile/EntityFishHook$State,net/minecraft/server/v1_12_R1/EntityFishingHook$HookState,,,
acf,net/minecraft/entity/projectile/EntityFishHook,net/minecraft/server/v1_12_R1/EntityFishingHook,,,
ach,net/minecraft/entity/effect/EntityWeatherEffect,net/minecraft/server/v1_12_R1/EntityWeather,,,
aci,net/minecraft/entity/effect/EntityLightningBolt,net/minecraft/server/v1_12_R1/EntityLightning,,,
ack,net/minecraft/entity/item/EntityFallingBlock,net/minecraft/server/v1_12_R1/EntityFallingBlock,,,
acl,net/minecraft/entity/item/EntityItem,net/minecraft/server/v1_12_R1/EntityItem,,,
acm,net/minecraft/entity/item/EntityTNTPrimed,net/minecraft/server/v1_12_R1/EntityTNTPrimed,,,
aco,net/minecraft/entity/monster/AbstractIllager,net/minecraft/server/v1_12_R1/EntityIllagerAbstract,,,
acp$1,net/minecraft/entity/monster/AbstractSkeleton$1,net/minecraft/server/v1_12_R1/EntitySkeletonAbstract$1,,,
acp,net/minecraft/entity/monster/AbstractSkeleton,net/minecraft/server/v1_12_R1/EntitySkeletonAbstract,,,
acq$a,net/minecraft/entity/monster/EntityBlaze$AIFireballAttack,net/minecraft/server/v1_12_R1/EntityBlaze$PathfinderGoalBlazeFireball,,,
acq,net/minecraft/entity/monster/EntityBlaze,net/minecraft/server/v1_12_R1/EntityBlaze,,,
acr,net/minecraft/entity/monster/EntityCaveSpider,net/minecraft/server/v1_12_R1/EntityCaveSpider,,,
acs,net/minecraft/entity/monster/EntityCreeper,net/minecraft/server/v1_12_R1/EntityCreeper,,,
act$1,net/minecraft/entity/monster/EntityElderGuardian$1,net/minecraft/server/v1_12_R1/EntityGuardianElder$1,,,
act,net/minecraft/entity/monster/EntityElderGuardian,net/minecraft/server/v1_12_R1/EntityGuardianElder,,,
acu$1,net/minecraft/entity/monster/EntityEnderman$1,net/minecraft/server/v1_12_R1/EntityEnderman$1,,,
acu$a,net/minecraft/entity/monster/EntityEnderman$AIPlaceBlock,net/minecraft/server/v1_12_R1/EntityEnderman$PathfinderGoalEndermanPlaceBlock,,,
acu$b$1,net/minecraft/entity/monster/EntityEnderman$AIFindPlayer$1,net/minecraft/server/v1_12_R1/EntityEnderman$PathfinderGoalPlayerWhoLookedAtTarget$1,,,
acu$b,net/minecraft/entity/monster/EntityEnderman$AIFindPlayer,net/minecraft/server/v1_12_R1/EntityEnderman$PathfinderGoalPlayerWhoLookedAtTarget,,,
acu$c,net/minecraft/entity/monster/EntityEnderman$AITakeBlock,net/minecraft/server/v1_12_R1/EntityEnderman$PathfinderGoalEndermanPickupBlock,,,
acu,net/minecraft/entity/monster/EntityEnderman,net/minecraft/server/v1_12_R1/EntityEnderman,,,
acv,net/minecraft/entity/monster/EntityEndermite,net/minecraft/server/v1_12_R1/EntityEndermite,,,
acw$1,net/minecraft/entity/monster/IMob$1,net/minecraft/server/v1_12_R1/IMonster$1,,,
acw$2,net/minecraft/entity/monster/IMob$2,net/minecraft/server/v1_12_R1/IMonster$2,,,
acw,net/minecraft/entity/monster/IMob,net/minecraft/server/v1_12_R1/IMonster,,,
acx$a,net/minecraft/entity/monster/EntityEvoker$AIAttackSpell,net/minecraft/server/v1_12_R1/EntityEvoker$a,,,
acx$b,net/minecraft/entity/monster/EntityEvoker$AICastingSpell,net/minecraft/server/v1_12_R1/EntityEvoker$b,,,
acx$c,net/minecraft/entity/monster/EntityEvoker$AISummonSpell,net/minecraft/server/v1_12_R1/EntityEvoker$c,,,
acx$d$1,net/minecraft/entity/monster/EntityEvoker$AIWololoSpell$1,net/minecraft/server/v1_12_R1/EntityEvoker$d$1,,,
acx$d,net/minecraft/entity/monster/EntityEvoker$AIWololoSpell,net/minecraft/server/v1_12_R1/EntityEvoker$d,,,
acx,net/minecraft/entity/monster/EntityEvoker,net/minecraft/server/v1_12_R1/EntityEvoker,,,
acy$a,net/minecraft/entity/monster/EntityGhast$AILookAround,net/minecraft/server/v1_12_R1/EntityGhast$PathfinderGoalGhastMoveTowardsTarget,,,
acy$b,net/minecraft/entity/monster/EntityGhast$GhastMoveHelper,net/minecraft/server/v1_12_R1/EntityGhast$ControllerGhast,,,
acy$c,net/minecraft/entity/monster/EntityGhast$AIFireballAttack,net/minecraft/server/v1_12_R1/EntityGhast$PathfinderGoalGhastAttackTarget,,,
acy$d,net/minecraft/entity/monster/EntityGhast$AIRandomFly,net/minecraft/server/v1_12_R1/EntityGhast$PathfinderGoalGhastIdleMove,,,
acy,net/minecraft/entity/monster/EntityGhast,net/minecraft/server/v1_12_R1/EntityGhast,,,
acz,net/minecraft/entity/monster/EntityGiantZombie,net/minecraft/server/v1_12_R1/EntityGiantZombie,,,
ad,net/minecraft/advancements/critereon/DistancePredicate,net/minecraft/server/v1_12_R1/CriterionConditionDistance,,,
ada$a,net/minecraft/entity/monster/EntityGuardian$AIGuardianAttack,net/minecraft/server/v1_12_R1/EntityGuardian$PathfinderGoalGuardianAttack,,,
ada$b,net/minecraft/entity/monster/EntityGuardian$GuardianTargetSelector,net/minecraft/server/v1_12_R1/EntityGuardian$EntitySelectorGuardianTargetHumanSquid,,,
ada$c,net/minecraft/entity/monster/EntityGuardian$GuardianMoveHelper,net/minecraft/server/v1_12_R1/EntityGuardian$ControllerMoveGuardian,,,
ada,net/minecraft/entity/monster/EntityGuardian,net/minecraft/server/v1_12_R1/EntityGuardian,,,
adb,net/minecraft/entity/monster/EntityHusk,net/minecraft/server/v1_12_R1/EntityZombieHusk,,,
adc$a,net/minecraft/entity/monster/EntityIllusionIllager$AIBlindnessSpell,net/minecraft/server/v1_12_R1/EntityIllagerIllusioner$a,,,
adc$b,net/minecraft/entity/monster/EntityIllusionIllager$AIMirriorSpell,net/minecraft/server/v1_12_R1/EntityIllagerIllusioner$b,,,
adc,net/minecraft/entity/monster/EntityIllusionIllager,net/minecraft/server/v1_12_R1/EntityIllagerIllusioner,,,
add,net/minecraft/entity/monster/EntityMagmaCube,net/minecraft/server/v1_12_R1/EntityMagmaCube,,,
ade,net/minecraft/entity/monster/EntityMob,net/minecraft/server/v1_12_R1/EntityMonster,,,
adf$a,net/minecraft/entity/monster/EntityPigZombie$AITargetAggressor,net/minecraft/server/v1_12_R1/EntityPigZombie$PathfinderGoalAnger,,,
adf$b,net/minecraft/entity/monster/EntityPigZombie$AIHurtByAggressor,net/minecraft/server/v1_12_R1/EntityPigZombie$PathfinderGoalAngerOther,,,
adf,net/minecraft/entity/monster/EntityPigZombie,net/minecraft/server/v1_12_R1/EntityPigZombie,,,
adg,net/minecraft/entity/IRangedAttackMob,net/minecraft/server/v1_12_R1/IRangedEntity,,,
adh,net/minecraft/entity/SharedMonsterAttributes,net/minecraft/server/v1_12_R1/GenericAttributes,,,
adi$a,net/minecraft/entity/monster/EntityShulker$AIAttack,net/minecraft/server/v1_12_R1/EntityShulker$a,,,
adi$b,net/minecraft/entity/monster/EntityShulker$BodyHelper,net/minecraft/server/v1_12_R1/EntityShulker$b,,,
adi$c$1,net/minecraft/entity/monster/EntityShulker$AIDefenseAttack$1,net/minecraft/server/v1_12_R1/EntityShulker$c$1,,,
adi$c,net/minecraft/entity/monster/EntityShulker$AIDefenseAttack,net/minecraft/server/v1_12_R1/EntityShulker$c,,,
adi$d,net/minecraft/entity/monster/EntityShulker$AIAttackNearest,net/minecraft/server/v1_12_R1/EntityShulker$d,,,
adi$e,net/minecraft/entity/monster/EntityShulker$AIPeek,net/minecraft/server/v1_12_R1/EntityShulker$e,,,
adi,net/minecraft/entity/monster/EntityShulker,net/minecraft/server/v1_12_R1/EntityShulker,,,
adj$a,net/minecraft/entity/monster/EntitySilverfish$AIHideInStone,net/minecraft/server/v1_12_R1/EntitySilverfish$PathfinderGoalSilverfishHideInBlock,,,
adj$b,net/minecraft/entity/monster/EntitySilverfish$AISummonSilverfish,net/minecraft/server/v1_12_R1/EntitySilverfish$PathfinderGoalSilverfishWakeOthers,,,
adj,net/minecraft/entity/monster/EntitySilverfish,net/minecraft/server/v1_12_R1/EntitySilverfish,,,
adk,net/minecraft/entity/monster/EntitySkeleton,net/minecraft/server/v1_12_R1/EntitySkeleton,,,
adl$a,net/minecraft/entity/monster/EntitySlime$AISlimeAttack,net/minecraft/server/v1_12_R1/EntitySlime$PathfinderGoalSlimeNearestPlayer,,,
adl$b,net/minecraft/entity/monster/EntitySlime$AISlimeFloat,net/minecraft/server/v1_12_R1/EntitySlime$PathfinderGoalSlimeRandomJump,,,
adl$c,net/minecraft/entity/monster/EntitySlime$AISlimeHop,net/minecraft/server/v1_12_R1/EntitySlime$PathfinderGoalSlimeIdle,,,
adl$d,net/minecraft/entity/monster/EntitySlime$SlimeMoveHelper,net/minecraft/server/v1_12_R1/EntitySlime$ControllerMoveSlime,,,
adl$e,net/minecraft/entity/monster/EntitySlime$AISlimeFaceRandom,net/minecraft/server/v1_12_R1/EntitySlime$PathfinderGoalSlimeRandomDirection,,,
adl,net/minecraft/entity/monster/EntitySlime,net/minecraft/server/v1_12_R1/EntitySlime,,,
adm$a,net/minecraft/entity/monster/EntitySpellcasterIllager$SpellType,net/minecraft/server/v1_12_R1/EntityIllagerWizard$Spell,,,
adm$b,net/minecraft/entity/monster/EntitySpellcasterIllager$AICastingApell,net/minecraft/server/v1_12_R1/EntityIllagerWizard$b,,,
adm$c,net/minecraft/entity/monster/EntitySpellcasterIllager$AIUseSpell,net/minecraft/server/v1_12_R1/EntityIllagerWizard$c,,,
adm,net/minecraft/entity/monster/EntitySpellcasterIllager,net/minecraft/server/v1_12_R1/EntityIllagerWizard,,,
adn$a,net/minecraft/entity/monster/EntitySpider$AISpiderAttack,net/minecraft/server/v1_12_R1/EntitySpider$PathfinderGoalSpiderMeleeAttack,,,
adn$b,net/minecraft/entity/monster/EntitySpider$GroupData,net/minecraft/server/v1_12_R1/EntitySpider$GroupDataSpider,,,
adn$c,net/minecraft/entity/monster/EntitySpider$AISpiderTarget,net/minecraft/server/v1_12_R1/EntitySpider$PathfinderGoalSpiderNearestAttackableTarget,,,
adn,net/minecraft/entity/monster/EntitySpider,net/minecraft/server/v1_12_R1/EntitySpider,,,
ado,net/minecraft/entity/monster/EntityStray,net/minecraft/server/v1_12_R1/EntitySkeletonStray,,,
adp$a,net/minecraft/entity/monster/EntityVex$AIChargeAttack,net/minecraft/server/v1_12_R1/EntityVex$a,,,
adp$b,net/minecraft/entity/monster/EntityVex$AICopyOwnerTarget,net/minecraft/server/v1_12_R1/EntityVex$b,,,
adp$c,net/minecraft/entity/monster/EntityVex$AIMoveControl,net/minecraft/server/v1_12_R1/EntityVex$c,,,
adp$d,net/minecraft/entity/monster/EntityVex$AIMoveRandom,net/minecraft/server/v1_12_R1/EntityVex$d,,,
adp,net/minecraft/entity/monster/EntityVex,net/minecraft/server/v1_12_R1/EntityVex,,,
adq$1,net/minecraft/entity/monster/EntityVindicator$1,net/minecraft/server/v1_12_R1/EntityVindicator$1,,,
adq$a,net/minecraft/entity/monster/EntityVindicator$AIJohnnyAttack,net/minecraft/server/v1_12_R1/EntityVindicator$a,,,
adq,net/minecraft/entity/monster/EntityVindicator,net/minecraft/server/v1_12_R1/EntityVindicator,,,
adr,net/minecraft/entity/monster/EntityWitch,net/minecraft/server/v1_12_R1/EntityWitch,,,
ads,net/minecraft/entity/monster/EntityWitherSkeleton,net/minecraft/server/v1_12_R1/EntitySkeletonWither,,,
adt$a,net/minecraft/entity/monster/EntityZombie$GroupData,net/minecraft/server/v1_12_R1/EntityZombie$GroupDataZombie,,,
adt,net/minecraft/entity/monster/EntityZombie,net/minecraft/server/v1_12_R1/EntityZombie,,,
adu,net/minecraft/entity/monster/EntityZombieVillager,net/minecraft/server/v1_12_R1/EntityZombieVillager,,,
adx,net/minecraft/entity/INpc,net/minecraft/server/v1_12_R1/NPC,,,
ady$1,net/minecraft/entity/passive/EntityVillager$1,net/minecraft/server/v1_12_R1/EntityVillager$1,,,
ady$a,net/minecraft/entity/passive/EntityVillager$EmeraldForItems,net/minecraft/server/v1_12_R1/EntityVillager$MerchantRecipeOptionBuy,,,
ady$b,net/minecraft/entity/passive/EntityVillager$ListEnchantedBookForEmeralds,net/minecraft/server/v1_12_R1/EntityVillager$MerchantRecipeOptionBook,,,
ady$c,net/minecraft/entity/passive/EntityVillager$ListEnchantedItemForEmeralds,net/minecraft/server/v1_12_R1/EntityVillager$MerchantRecipeOptionEnchant,,,
ady$d,net/minecraft/entity/passive/EntityVillager$ItemAndEmeraldToItem,net/minecraft/server/v1_12_R1/EntityVillager$MerchantRecipeOptionProcess,,,
ady$e,net/minecraft/entity/passive/EntityVillager$ListItemForEmeralds,net/minecraft/server/v1_12_R1/EntityVillager$MerchantRecipeOptionSell,,,
ady$f,net/minecraft/entity/passive/EntityVillager$ITradeList,net/minecraft/server/v1_12_R1/EntityVillager$IMerchantRecipeOption,,,
ady$g,net/minecraft/entity/passive/EntityVillager$PriceInfo,net/minecraft/server/v1_12_R1/EntityVillager$MerchantOptionRandomRange,,,
ady$h,net/minecraft/entity/passive/EntityVillager$TreasureMapForEmeralds,net/minecraft/server/v1_12_R1/EntityVillager$h,,,
ady,net/minecraft/entity/passive/EntityVillager,net/minecraft/server/v1_12_R1/EntityVillager,,,
ae$a,net/minecraft/advancements/critereon/EffectsChangedTrigger$Listeners,net/minecraft/server/v1_12_R1/CriterionTriggerEffectsChanged$a,,,
ae$b,net/minecraft/advancements/critereon/EffectsChangedTrigger$Instance,net/minecraft/server/v1_12_R1/CriterionTriggerEffectsChanged$b,,,
ae,net/minecraft/advancements/critereon/EffectsChangedTrigger,net/minecraft/server/v1_12_R1/CriterionTriggerEffectsChanged,,,
aeb,net/minecraft/entity/player/PlayerCapabilities,net/minecraft/server/v1_12_R1/PlayerAbilities,,,
aec$1,net/minecraft/entity/player/InventoryPlayer$1,net/minecraft/server/v1_12_R1/PlayerInventory$1,,,
aec,net/minecraft/entity/player/InventoryPlayer,net/minecraft/server/v1_12_R1/PlayerInventory,,,
aed$1,net/minecraft/entity/player/EntityPlayer$1,net/minecraft/server/v1_12_R1/EntityHuman$1,,,
aed$a,net/minecraft/entity/player/EntityPlayer$SleepResult,net/minecraft/server/v1_12_R1/EntityHuman$EnumBedResult,,,
aed$b,net/minecraft/entity/player/EntityPlayer$EnumChatVisibility,net/minecraft/server/v1_12_R1/EntityHuman$EnumChatVisibility,,,
aed$c,net/minecraft/entity/player/EntityPlayer$SleepEnemyPredicate,net/minecraft/server/v1_12_R1/EntityHuman$c,,,
aed,net/minecraft/entity/player/EntityPlayer,net/minecraft/server/v1_12_R1/EntityHuman,,,
aef$a,net/minecraft/client/util/RecipeItemHelper$RecipePicker,net/minecraft/server/v1_12_R1/AutoRecipeStackManager$a,,,
aef,net/minecraft/client/util/RecipeItemHelper,net/minecraft/server/v1_12_R1/AutoRecipeStackManager,,,
aeh$1,net/minecraft/entity/projectile/EntityArrow$1,net/minecraft/server/v1_12_R1/EntityArrow$1,,,
aeh$a,net/minecraft/entity/projectile/EntityArrow$PickupStatus,net/minecraft/server/v1_12_R1/EntityArrow$PickupStatus,,,
aeh,net/minecraft/entity/projectile/EntityArrow,net/minecraft/server/v1_12_R1/EntityArrow,,,
aei,net/minecraft/entity/projectile/EntityDragonFireball,net/minecraft/server/v1_12_R1/EntityDragonFireball,,,
aej,net/minecraft/entity/projectile/EntityEvokerFangs,net/minecraft/server/v1_12_R1/EntityEvokerFangs,,,
aek,net/minecraft/entity/item/EntityEnderEye,net/minecraft/server/v1_12_R1/EntityEnderSignal,,,
ael,net/minecraft/entity/projectile/EntityFireball,net/minecraft/server/v1_12_R1/EntityFireball,,,
aem,net/minecraft/entity/item/EntityFireworkRocket,net/minecraft/server/v1_12_R1/EntityFireworks,,,
aen,net/minecraft/entity/projectile/EntityLargeFireball,net/minecraft/server/v1_12_R1/EntityLargeFireball,,,
aeo,net/minecraft/entity/projectile/EntityLlamaSpit,net/minecraft/server/v1_12_R1/EntityLlamaSpit,,,
aep,net/minecraft/entity/IProjectile,net/minecraft/server/v1_12_R1/IProjectile,,,
aeq,net/minecraft/entity/projectile/ProjectileHelper,net/minecraft/server/v1_12_R1/ProjectileHelper,,,
aer,net/minecraft/entity/projectile/EntityShulkerBullet,net/minecraft/server/v1_12_R1/EntityShulkerBullet,,,
aes,net/minecraft/entity/projectile/EntitySmallFireball,net/minecraft/server/v1_12_R1/EntitySmallFireball,,,
aet,net/minecraft/entity/projectile/EntitySnowball,net/minecraft/server/v1_12_R1/EntitySnowball,,,
aeu,net/minecraft/entity/projectile/EntitySpectralArrow,net/minecraft/server/v1_12_R1/EntitySpectralArrow,,,
aev,net/minecraft/entity/projectile/EntityThrowable,net/minecraft/server/v1_12_R1/EntityProjectile,,,
aew,net/minecraft/entity/projectile/EntityEgg,net/minecraft/server/v1_12_R1/EntityEgg,,,
aex,net/minecraft/entity/item/EntityEnderPearl,net/minecraft/server/v1_12_R1/EntityEnderPearl,,,
aey,net/minecraft/entity/item/EntityExpBottle,net/minecraft/server/v1_12_R1/EntityThrownExpBottle,,,
aez$1,net/minecraft/entity/projectile/EntityPotion$1,net/minecraft/server/v1_12_R1/EntityPotion$1,,,
aez,net/minecraft/entity/projectile/EntityPotion,net/minecraft/server/v1_12_R1/EntityPotion,,,
af$a,net/minecraft/advancements/critereon/EnchantedItemTrigger$Listeners,net/minecraft/server/v1_12_R1/CriterionTriggerEnchantedItem$a,,,
af$b,net/minecraft/advancements/critereon/EnchantedItemTrigger$Instance,net/minecraft/server/v1_12_R1/CriterionTriggerEnchantedItem$b,,,
af,net/minecraft/advancements/critereon/EnchantedItemTrigger,net/minecraft/server/v1_12_R1/CriterionTriggerEnchantedItem,,,
afa,net/minecraft/entity/projectile/EntityTippedArrow,net/minecraft/server/v1_12_R1/EntityTippedArrow,,,
afb,net/minecraft/entity/projectile/EntityWitherSkull,net/minecraft/server/v1_12_R1/EntityWitherSkull,,,
afd$a,net/minecraft/entity/item/EntityBoat$Status,net/minecraft/server/v1_12_R1/EntityBoat$EnumStatus,,,
afd$b,net/minecraft/entity/item/EntityBoat$Type,net/minecraft/server/v1_12_R1/EntityBoat$EnumBoatType,,,
afd,net/minecraft/entity/item/EntityBoat,net/minecraft/server/v1_12_R1/EntityBoat,,,
afe$a,net/minecraft/entity/item/EntityMinecart$Type,net/minecraft/server/v1_12_R1/EntityMinecartAbstract$EnumMinecartType,,,
afe,net/minecraft/entity/item/EntityMinecart,net/minecraft/server/v1_12_R1/EntityMinecartAbstract,,,
aff,net/minecraft/entity/item/EntityMinecartChest,net/minecraft/server/v1_12_R1/EntityMinecartChest,,,
afg$1,net/minecraft/entity/item/EntityMinecartCommandBlock$1,net/minecraft/server/v1_12_R1/EntityMinecartCommandBlock$1,,,
afg$2,net/minecraft/entity/item/EntityMinecartCommandBlock$2,net/minecraft/server/v1_12_R1/EntityMinecartCommandBlock$2,,,
afg,net/minecraft/entity/item/EntityMinecartCommandBlock,net/minecraft/server/v1_12_R1/EntityMinecartCommandBlock,,,
afh,net/minecraft/entity/item/EntityMinecartContainer,net/minecraft/server/v1_12_R1/EntityMinecartContainer,,,
afi,net/minecraft/entity/item/EntityMinecartFurnace,net/minecraft/server/v1_12_R1/EntityMinecartFurnace,,,
afj,net/minecraft/entity/item/EntityMinecartHopper,net/minecraft/server/v1_12_R1/EntityMinecartHopper,,,
afk,net/minecraft/entity/item/EntityMinecartEmpty,net/minecraft/server/v1_12_R1/EntityMinecartRideable,,,
afl$1,net/minecraft/entity/item/EntityMinecartMobSpawner$1,net/minecraft/server/v1_12_R1/EntityMinecartMobSpawner$1,,,
afl$2,net/minecraft/entity/item/EntityMinecartMobSpawner$2,net/minecraft/server/v1_12_R1/EntityMinecartMobSpawner$2,,,
afl,net/minecraft/entity/item/EntityMinecartMobSpawner,net/minecraft/server/v1_12_R1/EntityMinecartMobSpawner,,,
afm,net/minecraft/entity/item/EntityMinecartTNT,net/minecraft/server/v1_12_R1/EntityMinecartTNT,,,
afp,net/minecraft/util/FoodStats,net/minecraft/server/v1_12_R1/FoodMetaData,,,
afr,net/minecraft/inventory/Container,net/minecraft/server/v1_12_R1/Container,,,
afs$1,net/minecraft/inventory/ContainerRepair$1,net/minecraft/server/v1_12_R1/ContainerAnvil$1,,,
afs$2,net/minecraft/inventory/ContainerRepair$2,net/minecraft/server/v1_12_R1/ContainerAnvil$2,,,
afs,net/minecraft/inventory/ContainerRepair,net/minecraft/server/v1_12_R1/ContainerAnvil,,,
aft$a,net/minecraft/inventory/ContainerBeacon$BeaconSlot,net/minecraft/server/v1_12_R1/ContainerBeacon$SlotBeacon,,,
aft,net/minecraft/inventory/ContainerBeacon,net/minecraft/server/v1_12_R1/ContainerBeacon,,,
afu$a,net/minecraft/inventory/ContainerBrewingStand$Fuel,net/minecraft/server/v1_12_R1/ContainerBrewingStand$a,,,
afu$b,net/minecraft/inventory/ContainerBrewingStand$Ingredient,net/minecraft/server/v1_12_R1/ContainerBrewingStand$SlotBrewing,,,
afu$c,net/minecraft/inventory/ContainerBrewingStand$Potion,net/minecraft/server/v1_12_R1/ContainerBrewingStand$SlotPotionBottle,,,
afu,net/minecraft/inventory/ContainerBrewingStand,net/minecraft/server/v1_12_R1/ContainerBrewingStand,,,
afv,net/minecraft/inventory/ContainerChest,net/minecraft/server/v1_12_R1/ContainerChest,,,
afw,net/minecraft/inventory/ClickType,net/minecraft/server/v1_12_R1/InventoryClickType,,,
afx,net/minecraft/inventory/IContainerListener,net/minecraft/server/v1_12_R1/ICrafting,,,
afy,net/minecraft/inventory/InventoryCrafting,net/minecraft/server/v1_12_R1/InventoryCrafting,,,
afz,net/minecraft/inventory/ContainerWorkbench,net/minecraft/server/v1_12_R1/ContainerWorkbench,,,
ag,net/minecraft/advancements/critereon/EnchantmentPredicate,net/minecraft/server/v1_12_R1/CriterionConditionEnchantments,,,
aga,net/minecraft/inventory/ContainerDispenser,net/minecraft/server/v1_12_R1/ContainerDispenser,,,
agb$1,net/minecraft/inventory/ContainerEnchantment$1,net/minecraft/server/v1_12_R1/ContainerEnchantTable$1,,,
agb$2,net/minecraft/inventory/ContainerEnchantment$2,net/minecraft/server/v1_12_R1/ContainerEnchantTable$2,,,
agb$3,net/minecraft/inventory/ContainerEnchantment$3,net/minecraft/server/v1_12_R1/ContainerEnchantTable$3,,,
agb,net/minecraft/inventory/ContainerEnchantment,net/minecraft/server/v1_12_R1/ContainerEnchantTable,,,
agc,net/minecraft/inventory/SlotFurnaceFuel,net/minecraft/server/v1_12_R1/SlotFurnaceFuel,,,
agd,net/minecraft/inventory/ContainerFurnace,net/minecraft/server/v1_12_R1/ContainerFurnace,,,
age,net/minecraft/inventory/SlotFurnaceOutput,net/minecraft/server/v1_12_R1/SlotFurnaceResult,,,
agf,net/minecraft/inventory/ContainerHopper,net/minecraft/server/v1_12_R1/ContainerHopper,,,
agg,net/minecraft/inventory/ContainerHorseChest,net/minecraft/server/v1_12_R1/InventoryHorseChest,,,
agh$1,net/minecraft/inventory/ContainerHorseInventory$1,net/minecraft/server/v1_12_R1/ContainerHorse$1,,,
agh$2,net/minecraft/inventory/ContainerHorseInventory$2,net/minecraft/server/v1_12_R1/ContainerHorse$2,,,
agh,net/minecraft/inventory/ContainerHorseInventory,net/minecraft/server/v1_12_R1/ContainerHorse,,,
agi$1,net/minecraft/inventory/ContainerPlayer$1,net/minecraft/server/v1_12_R1/ContainerPlayer$1,,,
agi$2,net/minecraft/inventory/ContainerPlayer$2,net/minecraft/server/v1_12_R1/ContainerPlayer$2,,,
agi,net/minecraft/inventory/ContainerPlayer,net/minecraft/server/v1_12_R1/ContainerPlayer,,,
agj,net/minecraft/inventory/InventoryMerchant,net/minecraft/server/v1_12_R1/InventoryMerchant,,,
agk,net/minecraft/inventory/ContainerMerchant,net/minecraft/server/v1_12_R1/ContainerMerchant,,,
agl,net/minecraft/inventory/SlotMerchantResult,net/minecraft/server/v1_12_R1/SlotMerchantResult,,,
agm,net/minecraft/inventory/InventoryEnderChest,net/minecraft/server/v1_12_R1/InventoryEnderChest,,,
agn,net/minecraft/inventory/InventoryCraftResult,net/minecraft/server/v1_12_R1/InventoryCraftResult,,,
ago,net/minecraft/inventory/SlotCrafting,net/minecraft/server/v1_12_R1/SlotResult,,,
agp,net/minecraft/inventory/ContainerShulkerBox,net/minecraft/server/v1_12_R1/ContainerShulkerBox,,,
agq,net/minecraft/inventory/SlotShulkerBox,net/minecraft/server/v1_12_R1/SlotShulkerBox,,,
agr,net/minecraft/inventory/Slot,net/minecraft/server/v1_12_R1/Slot,,,
agt,net/minecraft/item/ItemAir,net/minecraft/server/v1_12_R1/ItemAir,,,
agu,net/minecraft/item/ItemAnvilBlock,net/minecraft/server/v1_12_R1/ItemAnvil,,,
agv$1,net/minecraft/item/ItemArmor$1,net/minecraft/server/v1_12_R1/ItemArmor$1,,,
agv$a,net/minecraft/item/ItemArmor$ArmorMaterial,net/minecraft/server/v1_12_R1/ItemArmor$EnumArmorMaterial,,,
agv,net/minecraft/item/ItemArmor,net/minecraft/server/v1_12_R1/ItemArmor,,,
agw,net/minecraft/item/ItemArmorStand,net/minecraft/server/v1_12_R1/ItemArmorStand,,,
agx,net/minecraft/item/ItemArrow,net/minecraft/server/v1_12_R1/ItemArrow,,,
agy,net/minecraft/item/ItemAxe,net/minecraft/server/v1_12_R1/ItemAxe,,,
agz,net/minecraft/item/ItemBanner,net/minecraft/server/v1_12_R1/ItemBanner,,,
ah$a,net/minecraft/advancements/critereon/EnterBlockTrigger$Listeners,net/minecraft/server/v1_12_R1/CriterionTriggerEnterBlock$a,,,
ah$b,net/minecraft/advancements/critereon/EnterBlockTrigger$Instance,net/minecraft/server/v1_12_R1/CriterionTriggerEnterBlock$b,,,
ah,net/minecraft/advancements/critereon/EnterBlockTrigger,net/minecraft/server/v1_12_R1/CriterionTriggerEnterBlock,,,
aha,net/minecraft/item/ItemBed,net/minecraft/server/v1_12_R1/ItemBed,,,
ahb,net/minecraft/item/ItemBlock,net/minecraft/server/v1_12_R1/ItemBlock,,,
ahc,net/minecraft/item/ItemBlockSpecial,net/minecraft/server/v1_12_R1/ItemReed,,,
ahd,net/minecraft/item/ItemBoat,net/minecraft/server/v1_12_R1/ItemBoat,,,
ahe,net/minecraft/item/ItemBook,net/minecraft/server/v1_12_R1/ItemBook,,,
ahf$1,net/minecraft/item/ItemGlassBottle$1,net/minecraft/server/v1_12_R1/ItemGlassBottle$1,,,
ahf,net/minecraft/item/ItemGlassBottle,net/minecraft/server/v1_12_R1/ItemGlassBottle,,,
ahg$1,net/minecraft/item/ItemBow$1,net/minecraft/server/v1_12_R1/ItemBow$1,,,
ahg$2,net/minecraft/item/ItemBow$2,net/minecraft/server/v1_12_R1/ItemBow$2,,,
ahg,net/minecraft/item/ItemBow,net/minecraft/server/v1_12_R1/ItemBow,,,
ahh,net/minecraft/item/ItemSoup,net/minecraft/server/v1_12_R1/ItemSoup,,,
ahi,net/minecraft/item/ItemBucket,net/minecraft/server/v1_12_R1/ItemBucket,,,
ahj,net/minecraft/item/ItemCarrotOnAStick,net/minecraft/server/v1_12_R1/ItemCarrotStick,,,
ahk,net/minecraft/item/ItemChorusFruit,net/minecraft/server/v1_12_R1/ItemChorusFruit,,,
ahl$1,net/minecraft/item/ItemClock$1,net/minecraft/server/v1_12_R1/ItemClock$1,,,
ahl,net/minecraft/item/ItemClock,net/minecraft/server/v1_12_R1/ItemClock,,,
ahm,net/minecraft/item/ItemCoal,net/minecraft/server/v1_12_R1/ItemCoal,,,
ahn$1,net/minecraft/item/ItemCompass$1,net/minecraft/server/v1_12_R1/ItemCompass$1,,,
ahn,net/minecraft/item/ItemCompass,net/minecraft/server/v1_12_R1/ItemCompass,,,
aho,net/minecraft/item/ItemMapBase,net/minecraft/server/v1_12_R1/ItemWorldMapBase,,,
ahp$1,net/minecraft/creativetab/CreativeTabs$1,net/minecraft/server/v1_12_R1/CreativeModeTab$1,,,
ahp$10,net/minecraft/creativetab/CreativeTabs$7,net/minecraft/server/v1_12_R1/CreativeModeTab$10,,,
ahp$11,net/minecraft/creativetab/CreativeTabs$8,net/minecraft/server/v1_12_R1/CreativeModeTab$11,,,
ahp$12,net/minecraft/creativetab/CreativeTabs$9,net/minecraft/server/v1_12_R1/CreativeModeTab$12,,,
ahp$2,net/minecraft/creativetab/CreativeTabs$10,net/minecraft/server/v1_12_R1/CreativeModeTab$2,,,
ahp$3,net/minecraft/creativetab/CreativeTabs$11,net/minecraft/server/v1_12_R1/CreativeModeTab$3,,,
ahp$4,net/minecraft/creativetab/CreativeTabs$12,net/minecraft/server/v1_12_R1/CreativeModeTab$4,,,
ahp$5,net/minecraft/creativetab/CreativeTabs$2,net/minecraft/server/v1_12_R1/CreativeModeTab$5,,,
ahp$6,net/minecraft/creativetab/CreativeTabs$3,net/minecraft/server/v1_12_R1/CreativeModeTab$6,,,
ahp$7,net/minecraft/creativetab/CreativeTabs$4,net/minecraft/server/v1_12_R1/CreativeModeTab$7,,,
ahp$8,net/minecraft/creativetab/CreativeTabs$5,net/minecraft/server/v1_12_R1/CreativeModeTab$8,,,
ahp$9,net/minecraft/creativetab/CreativeTabs$6,net/minecraft/server/v1_12_R1/CreativeModeTab$9,,,
ahp,net/minecraft/creativetab/CreativeTabs,net/minecraft/server/v1_12_R1/CreativeModeTab,,,
ahq,net/minecraft/item/ItemTool,net/minecraft/server/v1_12_R1/ItemTool,,,
ahr,net/minecraft/item/ItemDoor,net/minecraft/server/v1_12_R1/ItemDoor,,,
ahs,net/minecraft/item/EnumDyeColor,net/minecraft/server/v1_12_R1/EnumColor,,,
aht,net/minecraft/item/ItemDye,net/minecraft/server/v1_12_R1/ItemDye,,,
ahu,net/minecraft/item/ItemCloth,net/minecraft/server/v1_12_R1/ItemCloth,,,
ahv,net/minecraft/item/ItemEgg,net/minecraft/server/v1_12_R1/ItemEgg,,,
ahw$1,net/minecraft/item/ItemElytra$1,net/minecraft/server/v1_12_R1/ItemElytra$1,,,
ahw,net/minecraft/item/ItemElytra,net/minecraft/server/v1_12_R1/ItemElytra,,,
ahx,net/minecraft/item/ItemEmptyMap,net/minecraft/server/v1_12_R1/ItemMapEmpty,,,
ahy,net/minecraft/item/ItemEnchantedBook,net/minecraft/server/v1_12_R1/ItemEnchantedBook,,,
ahz,net/minecraft/item/ItemEndCrystal,net/minecraft/server/v1_12_R1/ItemEndCrystal,,,
ai$a,net/minecraft/advancements/critereon/EntityHurtPlayerTrigger$Listeners,net/minecraft/server/v1_12_R1/CriterionTriggerEntityHurtPlayer$a,,,
ai$b,net/minecraft/advancements/critereon/EntityHurtPlayerTrigger$Instance,net/minecraft/server/v1_12_R1/CriterionTriggerEntityHurtPlayer$b,,,
ai,net/minecraft/advancements/critereon/EntityHurtPlayerTrigger,net/minecraft/server/v1_12_R1/CriterionTriggerEntityHurtPlayer,,,
aia,net/minecraft/item/ItemEnderEye,net/minecraft/server/v1_12_R1/ItemEnderEye,,,
aib,net/minecraft/item/ItemEnderPearl,net/minecraft/server/v1_12_R1/ItemEnderPearl,,,
aic,net/minecraft/item/ItemExpBottle,net/minecraft/server/v1_12_R1/ItemExpBottle,,,
aid,net/minecraft/item/ItemFireball,net/minecraft/server/v1_12_R1/ItemFireball,,,
aie,net/minecraft/item/ItemFireworkCharge,net/minecraft/server/v1_12_R1/ItemFireworksCharge,,,
aif,net/minecraft/item/ItemFirework,net/minecraft/server/v1_12_R1/ItemFireworks,,,
aig$a,net/minecraft/item/ItemFishFood$FishType,net/minecraft/server/v1_12_R1/ItemFish$EnumFish,,,
aig,net/minecraft/item/ItemFishFood,net/minecraft/server/v1_12_R1/ItemFish,,,
aih$1,net/minecraft/item/ItemFishingRod$1,net/minecraft/server/v1_12_R1/ItemFishingRod$1,,,
aih,net/minecraft/item/ItemFishingRod,net/minecraft/server/v1_12_R1/ItemFishingRod,,,
aii,net/minecraft/item/ItemFlintAndSteel,net/minecraft/server/v1_12_R1/ItemFlintAndSteel,,,
aij,net/minecraft/item/ItemFood,net/minecraft/server/v1_12_R1/ItemFood,,,
aik,net/minecraft/item/ItemAppleGold,net/minecraft/server/v1_12_R1/ItemGoldenApple,,,
ail,net/minecraft/item/ItemHangingEntity,net/minecraft/server/v1_12_R1/ItemHanging,,,
aim,net/minecraft/item/ItemHoe,net/minecraft/server/v1_12_R1/ItemHoe,,,
ain$1,net/minecraft/item/Item$1,net/minecraft/server/v1_12_R1/Item$1,,,
ain$10,net/minecraft/item/Item$18,net/minecraft/server/v1_12_R1/Item$10,,,
ain$11,net/minecraft/item/Item$19,net/minecraft/server/v1_12_R1/Item$11,,,
ain$12,net/minecraft/item/Item$2,net/minecraft/server/v1_12_R1/Item$12,,,
ain$13,net/minecraft/item/Item$20,net/minecraft/server/v1_12_R1/Item$13,,,
ain$14,net/minecraft/item/Item$21,net/minecraft/server/v1_12_R1/Item$14,,,
ain$15,net/minecraft/item/Item$3,net/minecraft/server/v1_12_R1/Item$15,,,
ain$16,net/minecraft/item/Item$4,net/minecraft/server/v1_12_R1/Item$16,,,
ain$17,net/minecraft/item/Item$5,net/minecraft/server/v1_12_R1/Item$17,,,
ain$18,net/minecraft/item/Item$6,net/minecraft/server/v1_12_R1/Item$18,,,
ain$19,net/minecraft/item/Item$7,net/minecraft/server/v1_12_R1/Item$19,,,
ain$2,net/minecraft/item/Item$10,net/minecraft/server/v1_12_R1/Item$2,,,
ain$20,net/minecraft/item/Item$8,net/minecraft/server/v1_12_R1/Item$20,,,
ain$21,net/minecraft/item/Item$9,net/minecraft/server/v1_12_R1/Item$21,,,
ain$3,net/minecraft/item/Item$11,net/minecraft/server/v1_12_R1/Item$3,,,
ain$4,net/minecraft/item/Item$12,net/minecraft/server/v1_12_R1/Item$4,,,
ain$5,net/minecraft/item/Item$13,net/minecraft/server/v1_12_R1/Item$5,,,
ain$6,net/minecraft/item/Item$14,net/minecraft/server/v1_12_R1/Item$6,,,
ain$7,net/minecraft/item/Item$15,net/minecraft/server/v1_12_R1/Item$7,,,
ain$8,net/minecraft/item/Item$16,net/minecraft/server/v1_12_R1/Item$8,,,
ain$9,net/minecraft/item/Item$17,net/minecraft/server/v1_12_R1/Item$9,,,
ain$a,net/minecraft/item/Item$ToolMaterial,net/minecraft/server/v1_12_R1/Item$EnumToolMaterial,,,
ain,net/minecraft/item/Item,net/minecraft/server/v1_12_R1/Item,,,
aio$a,net/minecraft/util/CooldownTracker$Cooldown,net/minecraft/server/v1_12_R1/ItemCooldown$Info,,,
aio,net/minecraft/util/CooldownTracker,net/minecraft/server/v1_12_R1/ItemCooldown,,,
aip,net/minecraft/item/ItemStack,net/minecraft/server/v1_12_R1/ItemStack,,,
aiq,net/minecraft/item/IItemPropertyGetter,net/minecraft/server/v1_12_R1/IDynamicTexture,,,
air,net/minecraft/init/Items,net/minecraft/server/v1_12_R1/Items,,,
ais,net/minecraft/item/ItemKnowledgeBook,net/minecraft/server/v1_12_R1/ItemKnowledgeBook,,,
ait,net/minecraft/item/ItemLead,net/minecraft/server/v1_12_R1/ItemLeash,,,
aiu,net/minecraft/item/ItemLeaves,net/minecraft/server/v1_12_R1/ItemLeaves,,,
aiv,net/minecraft/item/ItemLingeringPotion,net/minecraft/server/v1_12_R1/ItemLingeringPotion,,,
aiw,net/minecraft/item/ItemMap,net/minecraft/server/v1_12_R1/ItemWorldMap,,,
aix,net/minecraft/item/ItemBucketMilk,net/minecraft/server/v1_12_R1/ItemMilkBucket,,,
aiy$1,net/minecraft/item/ItemMinecart$1,net/minecraft/server/v1_12_R1/ItemMinecart$1,,,
aiy,net/minecraft/item/ItemMinecart,net/minecraft/server/v1_12_R1/ItemMinecart,,,
aiz$1,net/minecraft/item/ItemMultiTexture$1,net/minecraft/server/v1_12_R1/ItemMultiTexture$1,,,
aiz$a,net/minecraft/item/ItemMultiTexture$Mapper,net/minecraft/server/v1_12_R1/ItemMultiTexture$a,,,
aiz,net/minecraft/item/ItemMultiTexture,net/minecraft/server/v1_12_R1/ItemMultiTexture,,,
aj,net/minecraft/advancements/critereon/EntityPredicate,net/minecraft/server/v1_12_R1/CriterionConditionEntity,,,
aja,net/minecraft/item/ItemNameTag,net/minecraft/server/v1_12_R1/ItemNameTag,,,
ajb,net/minecraft/item/ItemPickaxe,net/minecraft/server/v1_12_R1/ItemPickaxe,,,
ajc,net/minecraft/item/ItemPiston,net/minecraft/server/v1_12_R1/ItemPiston,,,
ajd,net/minecraft/item/ItemPotion,net/minecraft/server/v1_12_R1/ItemPotion,,,
aje,net/minecraft/item/EnumRarity,net/minecraft/server/v1_12_R1/EnumItemRarity,,,
ajf,net/minecraft/item/ItemRecord,net/minecraft/server/v1_12_R1/ItemRecord,,,
ajg,net/minecraft/item/ItemRedstone,net/minecraft/server/v1_12_R1/ItemRedstone,,,
ajh,net/minecraft/item/ItemSaddle,net/minecraft/server/v1_12_R1/ItemSaddle,,,
aji,net/minecraft/item/ItemSeedFood,net/minecraft/server/v1_12_R1/ItemSeedFood,,,
ajj,net/minecraft/item/ItemSeeds,net/minecraft/server/v1_12_R1/ItemSeeds,,,
ajk,net/minecraft/util/CooldownTrackerServer,net/minecraft/server/v1_12_R1/ItemCooldownPlayer,,,
ajl,net/minecraft/item/ItemShears,net/minecraft/server/v1_12_R1/ItemShears,,,
ajm$1,net/minecraft/item/ItemShield$1,net/minecraft/server/v1_12_R1/ItemShield$1,,,
ajm,net/minecraft/item/ItemShield,net/minecraft/server/v1_12_R1/ItemShield,,,
ajn,net/minecraft/item/ItemSpade,net/minecraft/server/v1_12_R1/ItemSpade,,,
ajo,net/minecraft/item/ItemShulkerBox,net/minecraft/server/v1_12_R1/ItemShulkerBox,,,
ajp,net/minecraft/item/ItemSign,net/minecraft/server/v1_12_R1/ItemSign,,,
ajq,net/minecraft/item/ItemSimpleFoiled,net/minecraft/server/v1_12_R1/ItemNetherStar,,,
ajr,net/minecraft/item/ItemSkull,net/minecraft/server/v1_12_R1/ItemSkull,,,
ajs,net/minecraft/item/ItemSlab,net/minecraft/server/v1_12_R1/ItemStep,,,
ajt,net/minecraft/item/ItemSnow,net/minecraft/server/v1_12_R1/ItemSnow,,,
aju,net/minecraft/item/ItemSnowball,net/minecraft/server/v1_12_R1/ItemSnowball,,,
ajv,net/minecraft/item/ItemMonsterPlacer,net/minecraft/server/v1_12_R1/ItemMonsterEgg,,,
ajw,net/minecraft/item/ItemSpectralArrow,net/minecraft/server/v1_12_R1/ItemSpectralArrow,,,
ajx,net/minecraft/item/ItemSplashPotion,net/minecraft/server/v1_12_R1/ItemSplashPotion,,,
ajy,net/minecraft/item/ItemSword,net/minecraft/server/v1_12_R1/ItemSword,,,
ajz,net/minecraft/item/ItemColored,net/minecraft/server/v1_12_R1/ItemWithAuxData,,,
ak$a,net/minecraft/advancements/critereon/ImpossibleTrigger$Instance,net/minecraft/server/v1_12_R1/CriterionTriggerImpossible$a,,,
ak,net/minecraft/advancements/critereon/ImpossibleTrigger,net/minecraft/server/v1_12_R1/CriterionTriggerImpossible,,,
aka,net/minecraft/item/ItemTippedArrow,net/minecraft/server/v1_12_R1/ItemTippedArrow,,,
akc,net/minecraft/item/EnumAction,net/minecraft/server/v1_12_R1/EnumAnimation,,,
akd,net/minecraft/item/ItemLilyPad,net/minecraft/server/v1_12_R1/ItemWaterLily,,,
ake,net/minecraft/item/ItemWritableBook,net/minecraft/server/v1_12_R1/ItemBookAndQuill,,,
akf,net/minecraft/item/ItemWrittenBook,net/minecraft/server/v1_12_R1/ItemWrittenBook,,,
akg,net/minecraft/potion/PotionType,net/minecraft/server/v1_12_R1/PotionRegistry,,,
akh$1,net/minecraft/potion/PotionHelper$1,net/minecraft/server/v1_12_R1/PotionBrewer$1,,,
akh$a,net/minecraft/potion/PotionHelper$MixPredicate,net/minecraft/server/v1_12_R1/PotionBrewer$PredicatedCombination,,,
akh,net/minecraft/potion/PotionHelper,net/minecraft/server/v1_12_R1/PotionBrewer,,,
aki,net/minecraft/potion/PotionUtils,net/minecraft/server/v1_12_R1/PotionUtil,,,
akj,net/minecraft/init/PotionTypes,net/minecraft/server/v1_12_R1/Potions,,,
akl,net/minecraft/item/crafting/RecipesArmorDyes,net/minecraft/server/v1_12_R1/RecipeArmorDye,,,
akm$a,net/minecraft/item/crafting/RecipesBanners$RecipeAddPattern,net/minecraft/server/v1_12_R1/RecipesBanner$AddRecipe,,,
akm$b,net/minecraft/item/crafting/RecipesBanners$RecipeDuplicatePattern,net/minecraft/server/v1_12_R1/RecipesBanner$DuplicateRecipe,,,
akm,net/minecraft/item/crafting/RecipesBanners,net/minecraft/server/v1_12_R1/RecipesBanner,,,
akn,net/minecraft/item/crafting/RecipeBookCloning,net/minecraft/server/v1_12_R1/RecipeBookClone,,,
ako,net/minecraft/item/crafting/RecipeFireworks,net/minecraft/server/v1_12_R1/RecipeFireworks,,,
akp,net/minecraft/item/crafting/FurnaceRecipes,net/minecraft/server/v1_12_R1/RecipesFurnace,,,
akq$1,net/minecraft/item/crafting/Ingredient$1,net/minecraft/server/v1_12_R1/RecipeItemStack$1,,,
akq,net/minecraft/item/crafting/Ingredient,net/minecraft/server/v1_12_R1/RecipeItemStack,,,
akr,net/minecraft/item/crafting/RecipesMapCloning,net/minecraft/server/v1_12_R1/RecipeMapClone,,,
aks,net/minecraft/item/crafting/RecipesMapExtending,net/minecraft/server/v1_12_R1/RecipeMapExtend,,,
akt,net/minecraft/item/crafting/IRecipe,net/minecraft/server/v1_12_R1/IRecipe,,,
aku,net/minecraft/item/crafting/CraftingManager,net/minecraft/server/v1_12_R1/CraftingManager,,,
akv,net/minecraft/item/crafting/RecipeRepairItem,net/minecraft/server/v1_12_R1/RecipeRepair,,,
akw,net/minecraft/item/crafting/ShapedRecipes,net/minecraft/server/v1_12_R1/ShapedRecipes,,,
akx,net/minecraft/item/crafting/ShapelessRecipes,net/minecraft/server/v1_12_R1/ShapelessRecipes,,,
aky$a,net/minecraft/item/crafting/ShieldRecipes$Decoration,net/minecraft/server/v1_12_R1/RecipiesShield$Decoration,,,
aky,net/minecraft/item/crafting/ShieldRecipes,net/minecraft/server/v1_12_R1/RecipiesShield,,,
akz$a,net/minecraft/item/crafting/ShulkerBoxRecipes$ShulkerBoxColoring,net/minecraft/server/v1_12_R1/RecipeShulkerBox$Dye,,,
akz,net/minecraft/item/crafting/ShulkerBoxRecipes,net/minecraft/server/v1_12_R1/RecipeShulkerBox,,,
al$a,net/minecraft/advancements/critereon/InventoryChangeTrigger$Listeners,net/minecraft/server/v1_12_R1/CriterionTriggerInventoryChanged$a,,,
al$b,net/minecraft/advancements/critereon/InventoryChangeTrigger$Instance,net/minecraft/server/v1_12_R1/CriterionTriggerInventoryChanged$b,,,
al,net/minecraft/advancements/critereon/InventoryChangeTrigger,net/minecraft/server/v1_12_R1/CriterionTriggerInventoryChanged,,,
ala,net/minecraft/item/crafting/RecipeTippedArrow,net/minecraft/server/v1_12_R1/RecipeTippedArrow,,,
alc,net/minecraft/enchantment/EnchantmentArrowDamage,net/minecraft/server/v1_12_R1/EnchantmentArrowDamage,,,
ald,net/minecraft/enchantment/EnchantmentArrowFire,net/minecraft/server/v1_12_R1/EnchantmentFlameArrows,,,
ale,net/minecraft/enchantment/EnchantmentArrowInfinite,net/minecraft/server/v1_12_R1/EnchantmentInfiniteArrows,,,
alf,net/minecraft/enchantment/EnchantmentArrowKnockback,net/minecraft/server/v1_12_R1/EnchantmentArrowKnockback,,,
alg,net/minecraft/enchantment/EnchantmentBindingCurse,net/minecraft/server/v1_12_R1/EnchantmentBinding,,,
alh,net/minecraft/enchantment/EnchantmentDamage,net/minecraft/server/v1_12_R1/EnchantmentWeaponDamage,,,
ali,net/minecraft/enchantment/EnchantmentDurability,net/minecraft/server/v1_12_R1/EnchantmentDurability,,,
alj,net/minecraft/enchantment/EnchantmentDigging,net/minecraft/server/v1_12_R1/EnchantmentDigging,,,
alk$a,net/minecraft/enchantment/Enchantment$Rarity,net/minecraft/server/v1_12_R1/Enchantment$Rarity,,,
alk,net/minecraft/enchantment/Enchantment,net/minecraft/server/v1_12_R1/Enchantment,,,
all$1,net/minecraft/enchantment/EnumEnchantmentType$1,net/minecraft/server/v1_12_R1/EnchantmentSlotType$1,,,
all$10,net/minecraft/enchantment/EnumEnchantmentType$7,net/minecraft/server/v1_12_R1/EnchantmentSlotType$10,,,
all$11,net/minecraft/enchantment/EnumEnchantmentType$8,net/minecraft/server/v1_12_R1/EnchantmentSlotType$11,,,
all$12,net/minecraft/enchantment/EnumEnchantmentType$9,net/minecraft/server/v1_12_R1/EnchantmentSlotType$12,,,
all$2,net/minecraft/enchantment/EnumEnchantmentType$10,net/minecraft/server/v1_12_R1/EnchantmentSlotType$2,,,
all$3,net/minecraft/enchantment/EnumEnchantmentType$11,net/minecraft/server/v1_12_R1/EnchantmentSlotType$3,,,
all$4,net/minecraft/enchantment/EnumEnchantmentType$12,net/minecraft/server/v1_12_R1/EnchantmentSlotType$4,,,
all$5,net/minecraft/enchantment/EnumEnchantmentType$2,net/minecraft/server/v1_12_R1/EnchantmentSlotType$5,,,
all$6,net/minecraft/enchantment/EnumEnchantmentType$3,net/minecraft/server/v1_12_R1/EnchantmentSlotType$6,,,
all$7,net/minecraft/enchantment/EnumEnchantmentType$4,net/minecraft/server/v1_12_R1/EnchantmentSlotType$7,,,
all$8,net/minecraft/enchantment/EnumEnchantmentType$5,net/minecraft/server/v1_12_R1/EnchantmentSlotType$8,,,
all$9,net/minecraft/enchantment/EnumEnchantmentType$6,net/minecraft/server/v1_12_R1/EnchantmentSlotType$9,,,
all,net/minecraft/enchantment/EnumEnchantmentType,net/minecraft/server/v1_12_R1/EnchantmentSlotType,,,
alm$a,net/minecraft/enchantment/EnchantmentHelper$DamageIterator,net/minecraft/server/v1_12_R1/EnchantmentManager$EnchantmentModifierArthropods,,,
alm$b,net/minecraft/enchantment/EnchantmentHelper$HurtIterator,net/minecraft/server/v1_12_R1/EnchantmentManager$EnchantmentModifierThorns,,,
alm$c,net/minecraft/enchantment/EnchantmentHelper$IModifier,net/minecraft/server/v1_12_R1/EnchantmentManager$EnchantmentModifier,,,
alm$d,net/minecraft/enchantment/EnchantmentHelper$ModifierLiving,net/minecraft/server/v1_12_R1/EnchantmentManager$EnchantmentModifierDamage,,,
alm$e,net/minecraft/enchantment/EnchantmentHelper$ModifierDamage,net/minecraft/server/v1_12_R1/EnchantmentManager$EnchantmentModifierProtection,,,
alm,net/minecraft/enchantment/EnchantmentHelper,net/minecraft/server/v1_12_R1/EnchantmentManager,,,
aln,net/minecraft/enchantment/EnchantmentData,net/minecraft/server/v1_12_R1/WeightedRandomEnchant,,,
alo,net/minecraft/init/Enchantments,net/minecraft/server/v1_12_R1/Enchantments,,,
alp,net/minecraft/enchantment/EnchantmentFireAspect,net/minecraft/server/v1_12_R1/EnchantmentFire,,,
alq,net/minecraft/enchantment/EnchantmentFishingSpeed,net/minecraft/server/v1_12_R1/EnchantmentLure,,,
alr,net/minecraft/enchantment/EnchantmentFrostWalker,net/minecraft/server/v1_12_R1/EnchantmentFrostWalker,,,
als,net/minecraft/enchantment/EnchantmentKnockback,net/minecraft/server/v1_12_R1/EnchantmentKnockback,,,
alt,net/minecraft/enchantment/EnchantmentLootBonus,net/minecraft/server/v1_12_R1/EnchantmentLootBonus,,,
alu,net/minecraft/enchantment/EnchantmentMending,net/minecraft/server/v1_12_R1/EnchantmentMending,,,
alv,net/minecraft/enchantment/EnchantmentOxygen,net/minecraft/server/v1_12_R1/EnchantmentOxygen,,,
alw$a,net/minecraft/enchantment/EnchantmentProtection$Type,net/minecraft/server/v1_12_R1/EnchantmentProtection$DamageType,,,
alw,net/minecraft/enchantment/EnchantmentProtection,net/minecraft/server/v1_12_R1/EnchantmentProtection,,,
alx,net/minecraft/enchantment/EnchantmentSweepingEdge,net/minecraft/server/v1_12_R1/EnchantmentSweeping,,,
aly,net/minecraft/enchantment/EnchantmentThorns,net/minecraft/server/v1_12_R1/EnchantmentThorns,,,
alz,net/minecraft/enchantment/EnchantmentUntouching,net/minecraft/server/v1_12_R1/EnchantmentSilkTouch,,,
am$a,net/minecraft/advancements/critereon/ItemDurabilityTrigger$Listeners,net/minecraft/server/v1_12_R1/CriterionTriggerItemDurabilityChanged$a,,,
am$b,net/minecraft/advancements/critereon/ItemDurabilityTrigger$Instance,net/minecraft/server/v1_12_R1/CriterionTriggerItemDurabilityChanged$b,,,
am,net/minecraft/advancements/critereon/ItemDurabilityTrigger,net/minecraft/server/v1_12_R1/CriterionTriggerItemDurabilityChanged,,,
ama,net/minecraft/enchantment/EnchantmentVanishingCurse,net/minecraft/server/v1_12_R1/EnchantmentVanishing,,,
amb,net/minecraft/enchantment/EnchantmentWaterWalker,net/minecraft/server/v1_12_R1/EnchantmentDepthStrider,,,
amc,net/minecraft/enchantment/EnchantmentWaterWorker,net/minecraft/server/v1_12_R1/EnchantmentWaterWorker,,,
amf,net/minecraft/entity/IMerchant,net/minecraft/server/v1_12_R1/IMerchant,,,
amg,net/minecraft/village/MerchantRecipe,net/minecraft/server/v1_12_R1/MerchantRecipe,,,
amh,net/minecraft/village/MerchantRecipeList,net/minecraft/server/v1_12_R1/MerchantRecipeList,,,
amj$1,net/minecraft/tileentity/CommandBlockBaseLogic$1,net/minecraft/server/v1_12_R1/CommandBlockListenerAbstract$1,,,
amj$2,net/minecraft/tileentity/CommandBlockBaseLogic$2,net/minecraft/server/v1_12_R1/CommandBlockListenerAbstract$2,,,
amj,net/minecraft/tileentity/CommandBlockBaseLogic,net/minecraft/server/v1_12_R1/CommandBlockListenerAbstract,,,
amk,net/minecraft/tileentity/MobSpawnerBaseLogic,net/minecraft/server/v1_12_R1/MobSpawnerAbstract,,,
aml,net/minecraft/block/BlockEventData,net/minecraft/server/v1_12_R1/BlockActionData,,,
amn,net/minecraft/util/math/ChunkPos,net/minecraft/server/v1_12_R1/ChunkCoordIntPair,,,
amp,net/minecraft/world/Explosion,net/minecraft/server/v1_12_R1/Explosion,,,
amr$a,net/minecraft/world/GameRules$Value,net/minecraft/server/v1_12_R1/GameRules$GameRuleValue,,,
amr$b,net/minecraft/world/GameRules$ValueType,net/minecraft/server/v1_12_R1/GameRules$EnumGameRuleType,,,
amr,net/minecraft/world/GameRules,net/minecraft/server/v1_12_R1/GameRules,,,
ams,net/minecraft/world/GameType,net/minecraft/server/v1_12_R1/EnumGamemode,,,
amu$1,net/minecraft/world/World$1,net/minecraft/server/v1_12_R1/World$1,,,
amu$2,net/minecraft/world/World$2,net/minecraft/server/v1_12_R1/World$2,,,
amu$3,net/minecraft/world/World$3,net/minecraft/server/v1_12_R1/World$3,,,
amu$4,net/minecraft/world/World$4,net/minecraft/server/v1_12_R1/World$4,,,
amu$5,net/minecraft/world/World$5,net/minecraft/server/v1_12_R1/World$5,,,
amu,net/minecraft/world/World,net/minecraft/server/v1_12_R1/World,,,
amv,net/minecraft/world/MinecraftException,net/minecraft/server/v1_12_R1/ExceptionWorldConflict,,,
amw,net/minecraft/world/IWorldEventListener,net/minecraft/server/v1_12_R1/IWorldAccess,,,
amx,net/minecraft/world/WorldSettings,net/minecraft/server/v1_12_R1/WorldSettings,,,
amy,net/minecraft/world/IBlockAccess,net/minecraft/server/v1_12_R1/IBlockAccess,,,
amz,net/minecraft/world/WorldType,net/minecraft/server/v1_12_R1/WorldType,,,
an,net/minecraft/advancements/critereon/ItemPredicate,net/minecraft/server/v1_12_R1/CriterionConditionItem,,,
ana,net/minecraft/world/EnumSkyBlock,net/minecraft/server/v1_12_R1/EnumSkyBlock,,,
anb,net/minecraft/world/WorldEntitySpawner,net/minecraft/server/v1_12_R1/SpawnerCreature,,,
anc$a,net/minecraft/world/Teleporter$PortalPosition,net/minecraft/server/v1_12_R1/PortalTravelAgent$ChunkCoordinatesPortal,,,
anc,net/minecraft/world/Teleporter,net/minecraft/server/v1_12_R1/PortalTravelAgent,,,
and,net/minecraft/world/ChunkCache,net/minecraft/server/v1_12_R1/ChunkCache,,,
ane,net/minecraft/util/WeightedSpawnerEntity,net/minecraft/server/v1_12_R1/MobSpawnerData,,,
anf,net/minecraft/world/NextTickListEntry,net/minecraft/server/v1_12_R1/NextTickListEntry,,,
ang,net/minecraft/world/biome/BiomeBeach,net/minecraft/server/v1_12_R1/BiomeBeach,,,
anh$a,net/minecraft/world/biome/Biome$BiomeProperties,net/minecraft/server/v1_12_R1/BiomeBase$a,,,
anh$b,net/minecraft/world/biome/Biome$TempCategory,net/minecraft/server/v1_12_R1/BiomeBase$EnumTemperature,,,
anh$c,net/minecraft/world/biome/Biome$SpawnListEntry,net/minecraft/server/v1_12_R1/BiomeBase$BiomeMeta,,,
anh,net/minecraft/world/biome/Biome,net/minecraft/server/v1_12_R1/BiomeBase,,,
ani$a,net/minecraft/world/biome/BiomeCache$Block,net/minecraft/server/v1_12_R1/BiomeCache$a,,,
ani,net/minecraft/world/biome/BiomeCache,net/minecraft/server/v1_12_R1/BiomeCache,,,
ank,net/minecraft/world/biome/BiomeDecorator,net/minecraft/server/v1_12_R1/BiomeDecorator,,,
anl,net/minecraft/world/biome/BiomeProvider,net/minecraft/server/v1_12_R1/WorldChunkManager,,,
anm,net/minecraft/init/Biomes,net/minecraft/server/v1_12_R1/Biomes,,,
ano,net/minecraft/world/biome/BiomeDesert,net/minecraft/server/v1_12_R1/BiomeDesert,,,
anp$a,net/minecraft/world/biome/BiomeHills$Type,net/minecraft/server/v1_12_R1/BiomeBigHills$Type,,,
anp,net/minecraft/world/biome/BiomeHills,net/minecraft/server/v1_12_R1/BiomeBigHills,,,
anq,net/minecraft/world/biome/BiomeProviderSingle,net/minecraft/server/v1_12_R1/WorldChunkManagerHell,,,
anr$a,net/minecraft/world/biome/BiomeForest$Type,net/minecraft/server/v1_12_R1/BiomeForest$Type,,,
anr,net/minecraft/world/biome/BiomeForest,net/minecraft/server/v1_12_R1/BiomeForest,,,
ans,net/minecraft/world/biome/BiomeHell,net/minecraft/server/v1_12_R1/BiomeHell,,,
ant,net/minecraft/world/biome/BiomeHellDecorator,net/minecraft/server/v1_12_R1/BiomeDecoratorHell,,,
anu,net/minecraft/world/biome/BiomeSnow,net/minecraft/server/v1_12_R1/BiomeIcePlains,,,
anv,net/minecraft/world/biome/BiomeJungle,net/minecraft/server/v1_12_R1/BiomeJungle,,,
anw$a,net/minecraft/world/biome/BiomeMesa$Decorator,net/minecraft/server/v1_12_R1/BiomeMesa$a,,,
anw,net/minecraft/world/biome/BiomeMesa,net/minecraft/server/v1_12_R1/BiomeMesa,,,
anx,net/minecraft/world/biome/BiomeMushroomIsland,net/minecraft/server/v1_12_R1/BiomeMushrooms,,,
any,net/minecraft/world/biome/BiomeForestMutated,net/minecraft/server/v1_12_R1/BiomeForestMutated,,,
anz,net/minecraft/world/biome/BiomeSavannaMutated,net/minecraft/server/v1_12_R1/BiomeSavannaMutated,,,
ao$a,net/minecraft/advancements/critereon/KilledTrigger$Listeners,net/minecraft/server/v1_12_R1/CriterionTriggerKilled$a,,,
ao$b,net/minecraft/advancements/critereon/KilledTrigger$Instance,net/minecraft/server/v1_12_R1/CriterionTriggerKilled$b,,,
ao,net/minecraft/advancements/critereon/KilledTrigger,net/minecraft/server/v1_12_R1/CriterionTriggerKilled,,,
aoa,net/minecraft/world/biome/BiomeOcean,net/minecraft/server/v1_12_R1/BiomeOcean,,,
aob,net/minecraft/world/biome/BiomePlains,net/minecraft/server/v1_12_R1/BiomePlains,,,
aoc,net/minecraft/world/biome/BiomeRiver,net/minecraft/server/v1_12_R1/BiomeRiver,,,
aod,net/minecraft/world/biome/BiomeSavanna,net/minecraft/server/v1_12_R1/BiomeSavanna,,,
aoe,net/minecraft/world/biome/BiomeStoneBeach,net/minecraft/server/v1_12_R1/BiomeStoneBeach,,,
aof,net/minecraft/world/biome/BiomeSwamp,net/minecraft/server/v1_12_R1/BiomeSwamp,,,
aog$a,net/minecraft/world/biome/BiomeTaiga$Type,net/minecraft/server/v1_12_R1/BiomeTaiga$Type,,,
aog,net/minecraft/world/biome/BiomeTaiga,net/minecraft/server/v1_12_R1/BiomeTaiga,,,
aoh,net/minecraft/world/biome/BiomeEnd,net/minecraft/server/v1_12_R1/BiomeTheEnd,,,
aoi$a,net/minecraft/world/biome/BiomeEndDecorator$SpikeCacheLoader,net/minecraft/server/v1_12_R1/BiomeTheEndDecorator$SpikeCache,,,
aoi,net/minecraft/world/biome/BiomeEndDecorator,net/minecraft/server/v1_12_R1/BiomeTheEndDecorator,,,
aoj,net/minecraft/world/biome/BiomeVoid,net/minecraft/server/v1_12_R1/BiomeVoid,,,
aok,net/minecraft/world/biome/BiomeVoidDecorator,net/minecraft/server/v1_12_R1/BiomeVoidDecorator,,,
aom,net/minecraft/block/BlockAir,net/minecraft/server/v1_12_R1/BlockAir,,,
aon$a,net/minecraft/block/BlockAnvil$Anvil,net/minecraft/server/v1_12_R1/BlockAnvil$TileEntityContainerAnvil,,,
aon,net/minecraft/block/BlockAnvil,net/minecraft/server/v1_12_R1/BlockAnvil,,,
aoo$a,net/minecraft/block/BlockBanner$BlockBannerStanding,net/minecraft/server/v1_12_R1/BlockBanner$BlockStandingBanner,,,
aoo$b,net/minecraft/block/BlockBanner$BlockBannerHanging,net/minecraft/server/v1_12_R1/BlockBanner$BlockWallBanner,,,
aoo,net/minecraft/block/BlockBanner,net/minecraft/server/v1_12_R1/BlockBanner,,,
aop,net/minecraft/block/BlockBarrier,net/minecraft/server/v1_12_R1/BlockBarrier,,,
aoq,net/minecraft/block/BlockContainer,net/minecraft/server/v1_12_R1/BlockTileEntity,,,
aor,net/minecraft/block/BlockBasePressurePlate,net/minecraft/server/v1_12_R1/BlockPressurePlateAbstract,,,
aos$a,net/minecraft/block/BlockRailBase$Rail,net/minecraft/server/v1_12_R1/BlockMinecartTrackAbstract$MinecartTrackLogic,,,
aos$b,net/minecraft/block/BlockRailBase$EnumRailDirection,net/minecraft/server/v1_12_R1/BlockMinecartTrackAbstract$EnumTrackPosition,,,
aos,net/minecraft/block/BlockRailBase,net/minecraft/server/v1_12_R1/BlockMinecartTrackAbstract,,,
aot$1$1,net/minecraft/block/BlockBeacon$1$1,net/minecraft/server/v1_12_R1/BlockBeacon$1$1,,,
aot$1,net/minecraft/block/BlockBeacon$1,net/minecraft/server/v1_12_R1/BlockBeacon$1,,,
aot,net/minecraft/block/BlockBeacon,net/minecraft/server/v1_12_R1/BlockBeacon,,,
aou$a,net/minecraft/block/BlockBed$EnumPartType,net/minecraft/server/v1_12_R1/BlockBed$EnumBedPart,,,
aou,net/minecraft/block/BlockBed,net/minecraft/server/v1_12_R1/BlockBed,,,
aov,net/minecraft/block/BlockBeetroot,net/minecraft/server/v1_12_R1/BlockBeetroot,,,
aow$a,net/minecraft/block/Block$EnumOffsetType,net/minecraft/server/v1_12_R1/Block$EnumRandomOffset,,,
aow,net/minecraft/block/Block,net/minecraft/server/v1_12_R1/Block,,,
aox,net/minecraft/init/Blocks,net/minecraft/server/v1_12_R1/Blocks,,,
aoy,net/minecraft/block/BlockBone,net/minecraft/server/v1_12_R1/BlockBone,,,
aoz,net/minecraft/block/IGrowable,net/minecraft/server/v1_12_R1/IBlockFragilePlantElement,,,
ap$a,net/minecraft/advancements/critereon/LevitationTrigger$Listeners,net/minecraft/server/v1_12_R1/CriterionTriggerLevitation$a,,,
ap$b,net/minecraft/advancements/critereon/LevitationTrigger$Instance,net/minecraft/server/v1_12_R1/CriterionTriggerLevitation$b,,,
ap,net/minecraft/advancements/critereon/LevitationTrigger,net/minecraft/server/v1_12_R1/CriterionTriggerLevitation,,,
apa,net/minecraft/block/BlockBookshelf,net/minecraft/server/v1_12_R1/BlockBookshelf,,,
apb,net/minecraft/block/BlockBrewingStand,net/minecraft/server/v1_12_R1/BlockBrewingStand,,,
apc,net/minecraft/block/BlockBush,net/minecraft/server/v1_12_R1/BlockPlant,,,
apd,net/minecraft/block/BlockButton,net/minecraft/server/v1_12_R1/BlockButtonAbstract,,,
ape,net/minecraft/block/BlockCactus,net/minecraft/server/v1_12_R1/BlockCactus,,,
apf,net/minecraft/block/BlockCake,net/minecraft/server/v1_12_R1/BlockCake,,,
apg,net/minecraft/block/BlockCarrot,net/minecraft/server/v1_12_R1/BlockCarrots,,,
aph,net/minecraft/block/BlockCauldron,net/minecraft/server/v1_12_R1/BlockCauldron,,,
api$a,net/minecraft/block/BlockChest$Type,net/minecraft/server/v1_12_R1/BlockChest$Type,,,
api,net/minecraft/block/BlockChest,net/minecraft/server/v1_12_R1/BlockChest,,,
apj,net/minecraft/block/BlockChorusFlower,net/minecraft/server/v1_12_R1/BlockChorusFlower,,,
apk,net/minecraft/block/BlockChorusPlant,net/minecraft/server/v1_12_R1/BlockChorusFruit,,,
apl,net/minecraft/block/BlockClay,net/minecraft/server/v1_12_R1/BlockClay,,,
apm,net/minecraft/block/BlockCocoa,net/minecraft/server/v1_12_R1/BlockCocoa,,,
apn,net/minecraft/block/BlockColored,net/minecraft/server/v1_12_R1/BlockCloth,,,
apo,net/minecraft/block/BlockCommandBlock,net/minecraft/server/v1_12_R1/BlockCommand,,,
app$1,net/minecraft/block/BlockRedstoneComparator$1,net/minecraft/server/v1_12_R1/BlockRedstoneComparator$1,,,
app$a,net/minecraft/block/BlockRedstoneComparator$Mode,net/minecraft/server/v1_12_R1/BlockRedstoneComparator$EnumComparatorMode,,,
app,net/minecraft/block/BlockRedstoneComparator,net/minecraft/server/v1_12_R1/BlockRedstoneComparator,,,
apq,net/minecraft/block/BlockConcretePowder,net/minecraft/server/v1_12_R1/BlockConcretePowder,,,
apr$a,net/minecraft/block/BlockWorkbench$InterfaceCraftingTable,net/minecraft/server/v1_12_R1/BlockWorkbench$TileEntityContainerWorkbench,,,
apr,net/minecraft/block/BlockWorkbench,net/minecraft/server/v1_12_R1/BlockWorkbench,,,
aps,net/minecraft/block/BlockCrops,net/minecraft/server/v1_12_R1/BlockCrops,,,
apt,net/minecraft/block/BlockDaylightDetector,net/minecraft/server/v1_12_R1/BlockDaylightDetector,,,
apu,net/minecraft/block/BlockDeadBush,net/minecraft/server/v1_12_R1/BlockDeadBush,,,
apv$1,net/minecraft/block/BlockRailDetector$1,net/minecraft/server/v1_12_R1/BlockMinecartDetector$1,,,
apv,net/minecraft/block/BlockRailDetector,net/minecraft/server/v1_12_R1/BlockMinecartDetector,,,
apw,net/minecraft/block/BlockRedstoneDiode,net/minecraft/server/v1_12_R1/BlockDiodeAbstract,,,
apx,net/minecraft/block/BlockDirectional,net/minecraft/server/v1_12_R1/BlockDirectional,,,
apy$a,net/minecraft/block/BlockDirt$DirtType,net/minecraft/server/v1_12_R1/BlockDirt$EnumDirtVariant,,,
apy,net/minecraft/block/BlockDirt,net/minecraft/server/v1_12_R1/BlockDirt,,,
apz,net/minecraft/block/BlockDispenser,net/minecraft/server/v1_12_R1/BlockDispenser,,,
aq,net/minecraft/advancements/critereon/LocationPredicate,net/minecraft/server/v1_12_R1/CriterionConditionLocation,,,
aqa$a,net/minecraft/block/BlockDoor$EnumDoorHalf,net/minecraft/server/v1_12_R1/BlockDoor$EnumDoorHalf,,,
aqa$b,net/minecraft/block/BlockDoor$EnumHingePosition,net/minecraft/server/v1_12_R1/BlockDoor$EnumDoorHinge,,,
aqa,net/minecraft/block/BlockDoor,net/minecraft/server/v1_12_R1/BlockDoor,,,
aqb$a,net/minecraft/block/BlockDoublePlant$EnumBlockHalf,net/minecraft/server/v1_12_R1/BlockTallPlant$EnumTallPlantHalf,,,
aqb$b,net/minecraft/block/BlockDoublePlant$EnumPlantType,net/minecraft/server/v1_12_R1/BlockTallPlant$EnumTallFlowerVariants,,,
aqb,net/minecraft/block/BlockDoublePlant,net/minecraft/server/v1_12_R1/BlockTallPlant,,,
aqc,net/minecraft/block/BlockDragonEgg,net/minecraft/server/v1_12_R1/BlockDragonEgg,,,
aqd,net/minecraft/block/BlockDropper,net/minecraft/server/v1_12_R1/BlockDropper,,,
aqe,net/minecraft/block/BlockDynamicLiquid,net/minecraft/server/v1_12_R1/BlockFlowing,,,
aqf,net/minecraft/block/BlockEnchantmentTable,net/minecraft/server/v1_12_R1/BlockEnchantmentTable,,,
aqg,net/minecraft/block/BlockEndGateway,net/minecraft/server/v1_12_R1/BlockEndGateway,,,
aqh,net/minecraft/block/BlockEndPortal,net/minecraft/server/v1_12_R1/BlockEnderPortal,,,
aqi,net/minecraft/block/BlockEndPortalFrame,net/minecraft/server/v1_12_R1/BlockEnderPortalFrame,,,
aqj,net/minecraft/block/BlockEndRod,net/minecraft/server/v1_12_R1/BlockEndRod,,,
aqk,net/minecraft/block/BlockEnderChest,net/minecraft/server/v1_12_R1/BlockEnderChest,,,
aql,net/minecraft/block/ITileEntityProvider,net/minecraft/server/v1_12_R1/ITileEntity,,,
aqm,net/minecraft/block/BlockFalling,net/minecraft/server/v1_12_R1/BlockFalling,,,
aqn,net/minecraft/block/BlockFarmland,net/minecraft/server/v1_12_R1/BlockSoil,,,
aqo,net/minecraft/block/BlockFence,net/minecraft/server/v1_12_R1/BlockFence,,,
aqp,net/minecraft/block/BlockFenceGate,net/minecraft/server/v1_12_R1/BlockFenceGate,,,
aqq,net/minecraft/block/BlockFire,net/minecraft/server/v1_12_R1/BlockFire,,,
aqr$1,net/minecraft/block/BlockFlower$1,net/minecraft/server/v1_12_R1/BlockFlowers$1,,,
aqr$a$1,net/minecraft/block/BlockFlower$EnumFlowerType$1,net/minecraft/server/v1_12_R1/BlockFlowers$EnumFlowerVarient$1,,,
aqr$a,net/minecraft/block/BlockFlower$EnumFlowerType,net/minecraft/server/v1_12_R1/BlockFlowers$EnumFlowerVarient,,,
aqr$b,net/minecraft/block/BlockFlower$EnumFlowerColor,net/minecraft/server/v1_12_R1/BlockFlowers$EnumFlowerType,,,
aqr,net/minecraft/block/BlockFlower,net/minecraft/server/v1_12_R1/BlockFlowers,,,
aqs$a,net/minecraft/block/BlockFlowerPot$EnumFlowerType,net/minecraft/server/v1_12_R1/BlockFlowerPot$EnumFlowerPotContents,,,
aqs,net/minecraft/block/BlockFlowerPot,net/minecraft/server/v1_12_R1/BlockFlowerPot,,,
aqt,net/minecraft/block/BlockFrostedIce,net/minecraft/server/v1_12_R1/BlockIceFrost,,,
aqu,net/minecraft/block/BlockDoubleStoneSlabNew,net/minecraft/server/v1_12_R1/BlockDoubleStoneStep2,,,
aqv,net/minecraft/block/BlockDoubleStoneSlab,net/minecraft/server/v1_12_R1/BlockDoubleStep,,,
aqw,net/minecraft/block/BlockDoubleWoodSlab,net/minecraft/server/v1_12_R1/BlockDoubleWoodStep,,,
aqx,net/minecraft/block/BlockFurnace,net/minecraft/server/v1_12_R1/BlockFurnace,,,
aqy,net/minecraft/block/BlockGlass,net/minecraft/server/v1_12_R1/BlockGlass,,,
aqz,net/minecraft/block/BlockGlazedTerracotta,net/minecraft/server/v1_12_R1/BlockGlazedTerracotta,,,
ar$a,net/minecraft/advancements/critereon/PositionTrigger$Listeners,net/minecraft/server/v1_12_R1/CriterionTriggerLocation$a,,,
ar$b,net/minecraft/advancements/critereon/PositionTrigger$Instance,net/minecraft/server/v1_12_R1/CriterionTriggerLocation$b,,,
ar,net/minecraft/advancements/critereon/PositionTrigger,net/minecraft/server/v1_12_R1/CriterionTriggerLocation,,,
ara,net/minecraft/block/BlockGlowstone,net/minecraft/server/v1_12_R1/BlockLightStone,,,
arb,net/minecraft/block/BlockGrass,net/minecraft/server/v1_12_R1/BlockGrass,,,
arc,net/minecraft/block/BlockGrassPath,net/minecraft/server/v1_12_R1/BlockGrassPath,,,
ard,net/minecraft/block/BlockGravel,net/minecraft/server/v1_12_R1/BlockGravel,,,
are,net/minecraft/block/BlockHalfStoneSlabNew,net/minecraft/server/v1_12_R1/BlockStoneStep2,,,
arf$a,net/minecraft/block/BlockSlab$EnumBlockHalf,net/minecraft/server/v1_12_R1/BlockStepAbstract$EnumSlabHalf,,,
arf,net/minecraft/block/BlockSlab,net/minecraft/server/v1_12_R1/BlockStepAbstract,,,
arg,net/minecraft/block/BlockHalfStoneSlab,net/minecraft/server/v1_12_R1/BlockStep,,,
arh,net/minecraft/block/BlockBreakable,net/minecraft/server/v1_12_R1/BlockHalfTransparent,,,
ari,net/minecraft/block/BlockHalfWoodSlab,net/minecraft/server/v1_12_R1/BlockWoodStep,,,
arj,net/minecraft/block/BlockHardenedClay,net/minecraft/server/v1_12_R1/BlockHardenedClay,,,
ark,net/minecraft/block/BlockHay,net/minecraft/server/v1_12_R1/BlockHay,,,
arl$1,net/minecraft/block/BlockHopper$1,net/minecraft/server/v1_12_R1/BlockHopper$1,,,
arl,net/minecraft/block/BlockHopper,net/minecraft/server/v1_12_R1/BlockHopper,,,
arm,net/minecraft/block/BlockHorizontal,net/minecraft/server/v1_12_R1/BlockFacingHorizontal,,,
arn$a,net/minecraft/block/BlockHugeMushroom$EnumType,net/minecraft/server/v1_12_R1/BlockHugeMushroom$EnumHugeMushroomVariant,,,
arn,net/minecraft/block/BlockHugeMushroom,net/minecraft/server/v1_12_R1/BlockHugeMushroom,,,
aro,net/minecraft/block/BlockIce,net/minecraft/server/v1_12_R1/BlockIce,,,
arp$a,net/minecraft/block/BlockJukebox$TileEntityJukebox,net/minecraft/server/v1_12_R1/BlockJukeBox$TileEntityRecordPlayer,,,
arp,net/minecraft/block/BlockJukebox,net/minecraft/server/v1_12_R1/BlockJukeBox,,,
arq,net/minecraft/block/BlockLadder,net/minecraft/server/v1_12_R1/BlockLadder,,,
arr,net/minecraft/block/BlockLeaves,net/minecraft/server/v1_12_R1/BlockLeaves,,,
art$a,net/minecraft/block/BlockLever$EnumOrientation,net/minecraft/server/v1_12_R1/BlockLever$EnumLeverPosition,,,
art,net/minecraft/block/BlockLever,net/minecraft/server/v1_12_R1/BlockLever,,,
aru,net/minecraft/block/BlockLiquid,net/minecraft/server/v1_12_R1/BlockFluids,,,
arv$a,net/minecraft/block/BlockLog$EnumAxis,net/minecraft/server/v1_12_R1/BlockLogAbstract$EnumLogRotation,,,
arv,net/minecraft/block/BlockLog,net/minecraft/server/v1_12_R1/BlockLogAbstract,,,
arw,net/minecraft/block/BlockMagma,net/minecraft/server/v1_12_R1/BlockMagma,,,
arx,net/minecraft/block/BlockMelon,net/minecraft/server/v1_12_R1/BlockMelon,,,
ary,net/minecraft/util/Mirror,net/minecraft/server/v1_12_R1/EnumBlockMirror,,,
arz,net/minecraft/block/BlockMobSpawner,net/minecraft/server/v1_12_R1/BlockMobSpawner,,,
as,net/minecraft/advancements/critereon/MinMaxBounds,net/minecraft/server/v1_12_R1/CriterionConditionValue,,,
asa$a$1,net/minecraft/block/BlockSilverfish$EnumType$1,net/minecraft/server/v1_12_R1/BlockMonsterEggs$EnumMonsterEggVarient$1,,,
asa$a$2,net/minecraft/block/BlockSilverfish$EnumType$2,net/minecraft/server/v1_12_R1/BlockMonsterEggs$EnumMonsterEggVarient$2,,,
asa$a$3,net/minecraft/block/BlockSilverfish$EnumType$3,net/minecraft/server/v1_12_R1/BlockMonsterEggs$EnumMonsterEggVarient$3,,,
asa$a$4,net/minecraft/block/BlockSilverfish$EnumType$4,net/minecraft/server/v1_12_R1/BlockMonsterEggs$EnumMonsterEggVarient$4,,,
asa$a$5,net/minecraft/block/BlockSilverfish$EnumType$5,net/minecraft/server/v1_12_R1/BlockMonsterEggs$EnumMonsterEggVarient$5,,,
asa$a$6,net/minecraft/block/BlockSilverfish$EnumType$6,net/minecraft/server/v1_12_R1/BlockMonsterEggs$EnumMonsterEggVarient$6,,,
asa$a,net/minecraft/block/BlockSilverfish$EnumType,net/minecraft/server/v1_12_R1/BlockMonsterEggs$EnumMonsterEggVarient,,,
asa,net/minecraft/block/BlockSilverfish,net/minecraft/server/v1_12_R1/BlockMonsterEggs,,,
asb,net/minecraft/block/BlockMushroom,net/minecraft/server/v1_12_R1/BlockMushroom,,,
asc,net/minecraft/block/BlockMycelium,net/minecraft/server/v1_12_R1/BlockMycel,,,
asd,net/minecraft/block/BlockNetherBrick,net/minecraft/server/v1_12_R1/BlockNetherbrick,,,
ase,net/minecraft/block/BlockNetherWart,net/minecraft/server/v1_12_R1/BlockNetherWart,,,
asf,net/minecraft/block/BlockNetherrack,net/minecraft/server/v1_12_R1/BlockBloodStone,,,
asg$1,net/minecraft/block/BlockNewLeaf$1,net/minecraft/server/v1_12_R1/BlockLeaves2$1,,,
asg,net/minecraft/block/BlockNewLeaf,net/minecraft/server/v1_12_R1/BlockLeaves2,,,
ash$1,net/minecraft/block/BlockNewLog$1,net/minecraft/server/v1_12_R1/BlockLog2$1,,,
ash,net/minecraft/block/BlockNewLog,net/minecraft/server/v1_12_R1/BlockLog2,,,
asi$a,net/minecraft/block/BlockStoneSlabNew$EnumType,net/minecraft/server/v1_12_R1/BlockDoubleStoneStepAbstract$EnumStoneSlab2Variant,,,
asi,net/minecraft/block/BlockStoneSlabNew,net/minecraft/server/v1_12_R1/BlockDoubleStoneStepAbstract,,,
asj,net/minecraft/block/BlockEmptyDrops,net/minecraft/server/v1_12_R1/BlockNoDrop,,,
ask,net/minecraft/block/BlockNote,net/minecraft/server/v1_12_R1/BlockNote,,,
asl,net/minecraft/block/BlockObserver,net/minecraft/server/v1_12_R1/BlockObserver,,,
asm,net/minecraft/block/BlockObsidian,net/minecraft/server/v1_12_R1/BlockObsidian,,,
asn$1,net/minecraft/block/BlockOldLeaf$1,net/minecraft/server/v1_12_R1/BlockLeaves1$1,,,
asn,net/minecraft/block/BlockOldLeaf,net/minecraft/server/v1_12_R1/BlockLeaves1,,,
aso$1,net/minecraft/block/BlockOldLog$1,net/minecraft/server/v1_12_R1/BlockLog1$1,,,
aso,net/minecraft/block/BlockOldLog,net/minecraft/server/v1_12_R1/BlockLog1,,,
asp,net/minecraft/block/BlockOre,net/minecraft/server/v1_12_R1/BlockOre,,,
asq,net/minecraft/block/BlockPackedIce,net/minecraft/server/v1_12_R1/BlockPackedIce,,,
asr$a,net/minecraft/block/BlockPlanks$EnumType,net/minecraft/server/v1_12_R1/BlockWood$EnumLogVariant,,,
asr,net/minecraft/block/BlockPlanks,net/minecraft/server/v1_12_R1/BlockWood,,,
ass$a,net/minecraft/block/BlockPortal$Size,net/minecraft/server/v1_12_R1/BlockPortal$Shape,,,
ass,net/minecraft/block/BlockPortal,net/minecraft/server/v1_12_R1/BlockPortal,,,
ast,net/minecraft/block/BlockPotato,net/minecraft/server/v1_12_R1/BlockPotatoes,,,
asu,net/minecraft/block/BlockCompressedPowered,net/minecraft/server/v1_12_R1/BlockPowered,,,
asv$1,net/minecraft/block/BlockRailPowered$1,net/minecraft/server/v1_12_R1/BlockPoweredRail$1,,,
asv,net/minecraft/block/BlockRailPowered,net/minecraft/server/v1_12_R1/BlockPoweredRail,,,
asw$a,net/minecraft/block/BlockPressurePlate$Sensitivity,net/minecraft/server/v1_12_R1/BlockPressurePlateBinary$EnumMobType,,,
asw,net/minecraft/block/BlockPressurePlate,net/minecraft/server/v1_12_R1/BlockPressurePlateBinary,,,
asx$a,net/minecraft/block/BlockPrismarine$EnumType,net/minecraft/server/v1_12_R1/BlockPrismarine$EnumPrismarineVariant,,,
asx,net/minecraft/block/BlockPrismarine,net/minecraft/server/v1_12_R1/BlockPrismarine,,,
asy$1,net/minecraft/block/BlockPumpkin$1,net/minecraft/server/v1_12_R1/BlockPumpkin$1,,,
asy,net/minecraft/block/BlockPumpkin,net/minecraft/server/v1_12_R1/BlockPumpkin,,,
asz$a,net/minecraft/block/BlockPurpurSlab$Double,net/minecraft/server/v1_12_R1/BlockPurpurSlab$Default,,,
asz$b,net/minecraft/block/BlockPurpurSlab$Half,net/minecraft/server/v1_12_R1/BlockPurpurSlab$Half,,,
asz$c,net/minecraft/block/BlockPurpurSlab$Variant,net/minecraft/server/v1_12_R1/BlockPurpurSlab$Type,,,
asz,net/minecraft/block/BlockPurpurSlab,net/minecraft/server/v1_12_R1/BlockPurpurSlab,,,
at$a,net/minecraft/advancements/critereon/MobEffectsPredicate$InstancePredicate,net/minecraft/server/v1_12_R1/CriterionConditionMobEffect$a,,,
at,net/minecraft/advancements/critereon/MobEffectsPredicate,net/minecraft/server/v1_12_R1/CriterionConditionMobEffect,,,
ata$a,net/minecraft/block/BlockQuartz$EnumType,net/minecraft/server/v1_12_R1/BlockQuartz$EnumQuartzVariant,,,
ata,net/minecraft/block/BlockQuartz,net/minecraft/server/v1_12_R1/BlockQuartz,,,
atb,net/minecraft/block/BlockRail,net/minecraft/server/v1_12_R1/BlockMinecartTrack,,,
atc,net/minecraft/block/BlockRedFlower,net/minecraft/server/v1_12_R1/BlockRedFlowers,,,
atd$a,net/minecraft/block/BlockRedSandstone$EnumType,net/minecraft/server/v1_12_R1/BlockRedSandstone$EnumRedSandstoneVariant,,,
atd,net/minecraft/block/BlockRedSandstone,net/minecraft/server/v1_12_R1/BlockRedSandstone,,,
ate,net/minecraft/block/BlockRedstoneOre,net/minecraft/server/v1_12_R1/BlockRedstoneOre,,,
atf$a,net/minecraft/block/BlockRedstoneWire$EnumAttachPosition,net/minecraft/server/v1_12_R1/BlockRedstoneWire$EnumRedstoneWireConnection,,,
atf,net/minecraft/block/BlockRedstoneWire,net/minecraft/server/v1_12_R1/BlockRedstoneWire,,,
atg,net/minecraft/block/BlockRedstoneLight,net/minecraft/server/v1_12_R1/BlockRedstoneLamp,,,
ath$a,net/minecraft/block/BlockRedstoneTorch$Toggle,net/minecraft/server/v1_12_R1/BlockRedstoneTorch$RedstoneUpdateInfo,,,
ath,net/minecraft/block/BlockRedstoneTorch,net/minecraft/server/v1_12_R1/BlockRedstoneTorch,,,
ati,net/minecraft/block/BlockReed,net/minecraft/server/v1_12_R1/BlockReed,,,
atj,net/minecraft/util/EnumBlockRenderType,net/minecraft/server/v1_12_R1/EnumRenderType,,,
atk,net/minecraft/block/BlockRedstoneRepeater,net/minecraft/server/v1_12_R1/BlockRepeater,,,
atl,net/minecraft/block/BlockRotatedPillar,net/minecraft/server/v1_12_R1/BlockRotatable,,,
atm,net/minecraft/util/Rotation,net/minecraft/server/v1_12_R1/EnumBlockRotation,,,
atn$a,net/minecraft/block/BlockSand$EnumType,net/minecraft/server/v1_12_R1/BlockSand$EnumSandVariant,,,
atn,net/minecraft/block/BlockSand,net/minecraft/server/v1_12_R1/BlockSand,,,
ato$a,net/minecraft/block/BlockSandStone$EnumType,net/minecraft/server/v1_12_R1/BlockSandStone$EnumSandstoneVariant,,,
ato,net/minecraft/block/BlockSandStone,net/minecraft/server/v1_12_R1/BlockSandStone,,,
atp,net/minecraft/block/BlockSapling,net/minecraft/server/v1_12_R1/BlockSapling,,,
atq,net/minecraft/block/BlockSeaLantern,net/minecraft/server/v1_12_R1/BlockSeaLantern,,,
atr,net/minecraft/block/BlockShulkerBox,net/minecraft/server/v1_12_R1/BlockShulkerBox,,,
ats,net/minecraft/block/BlockSign,net/minecraft/server/v1_12_R1/BlockSign,,,
att$1,net/minecraft/block/BlockSkull$1,net/minecraft/server/v1_12_R1/BlockSkull$1,,,
att,net/minecraft/block/BlockSkull,net/minecraft/server/v1_12_R1/BlockSkull,,,
atu,net/minecraft/block/BlockSlime,net/minecraft/server/v1_12_R1/BlockSlime,,,
atv,net/minecraft/block/BlockSnowBlock,net/minecraft/server/v1_12_R1/BlockSnowBlock,,,
atw,net/minecraft/block/BlockSnow,net/minecraft/server/v1_12_R1/BlockSnow,,,
atx,net/minecraft/block/BlockSoulSand,net/minecraft/server/v1_12_R1/BlockSlowSand,,,
aty,net/minecraft/block/SoundType,net/minecraft/server/v1_12_R1/SoundEffectType,,,
atz,net/minecraft/block/BlockSponge,net/minecraft/server/v1_12_R1/BlockSponge,,,
au,net/minecraft/advancements/critereon/NBTPredicate,net/minecraft/server/v1_12_R1/CriterionConditionNBT,,,
aua,net/minecraft/block/BlockStainedGlass,net/minecraft/server/v1_12_R1/BlockStainedGlass,,,
aub,net/minecraft/block/BlockStainedGlassPane,net/minecraft/server/v1_12_R1/BlockStainedGlassPane,,,
auc,net/minecraft/block/BlockStainedHardenedClay,net/minecraft/server/v1_12_R1/BlockStainedHardenedClay,,,
aud$a,net/minecraft/block/BlockStairs$EnumHalf,net/minecraft/server/v1_12_R1/BlockStairs$EnumHalf,,,
aud$b,net/minecraft/block/BlockStairs$EnumShape,net/minecraft/server/v1_12_R1/BlockStairs$EnumStairShape,,,
aud,net/minecraft/block/BlockStairs,net/minecraft/server/v1_12_R1/BlockStairs,,,
aue,net/minecraft/block/BlockStandingSign,net/minecraft/server/v1_12_R1/BlockFloorSign,,,
auf,net/minecraft/block/BlockStaticLiquid,net/minecraft/server/v1_12_R1/BlockStationary,,,
aug,net/minecraft/block/BlockStem,net/minecraft/server/v1_12_R1/BlockStem,,,
auh$a,net/minecraft/block/BlockStone$EnumType,net/minecraft/server/v1_12_R1/BlockStone$EnumStoneVariant,,,
auh,net/minecraft/block/BlockStone,net/minecraft/server/v1_12_R1/BlockStone,,,
aui$a,net/minecraft/block/BlockStoneBrick$EnumType,net/minecraft/server/v1_12_R1/BlockSmoothBrick$EnumStonebrickType,,,
aui,net/minecraft/block/BlockStoneBrick,net/minecraft/server/v1_12_R1/BlockSmoothBrick,,,
auj,net/minecraft/block/BlockButtonStone,net/minecraft/server/v1_12_R1/BlockStoneButton,,,
auk$a,net/minecraft/block/BlockStoneSlab$EnumType,net/minecraft/server/v1_12_R1/BlockDoubleStepAbstract$EnumStoneSlabVariant,,,
auk,net/minecraft/block/BlockStoneSlab,net/minecraft/server/v1_12_R1/BlockDoubleStepAbstract,,,
aul,net/minecraft/block/BlockStructure,net/minecraft/server/v1_12_R1/BlockStructure,,,
aum,net/minecraft/block/BlockStructureVoid,net/minecraft/server/v1_12_R1/BlockStructureVoid,,,
aun$a,net/minecraft/block/BlockTallGrass$EnumType,net/minecraft/server/v1_12_R1/BlockLongGrass$EnumTallGrassType,,,
aun,net/minecraft/block/BlockTallGrass,net/minecraft/server/v1_12_R1/BlockLongGrass,,,
auo,net/minecraft/block/BlockPane,net/minecraft/server/v1_12_R1/BlockThin,,,
aup,net/minecraft/block/BlockTNT,net/minecraft/server/v1_12_R1/BlockTNT,,,
auq$1,net/minecraft/block/BlockTorch$1,net/minecraft/server/v1_12_R1/BlockTorch$1,,,
auq,net/minecraft/block/BlockTorch,net/minecraft/server/v1_12_R1/BlockTorch,,,
aur$a,net/minecraft/block/BlockTrapDoor$DoorHalf,net/minecraft/server/v1_12_R1/BlockTrapdoor$EnumTrapdoorHalf,,,
aur,net/minecraft/block/BlockTrapDoor,net/minecraft/server/v1_12_R1/BlockTrapdoor,,,
aus,net/minecraft/block/BlockTripWire,net/minecraft/server/v1_12_R1/BlockTripwire,,,
aut,net/minecraft/block/BlockTripWireHook,net/minecraft/server/v1_12_R1/BlockTripwireHook,,,
auu,net/minecraft/block/BlockVine,net/minecraft/server/v1_12_R1/BlockVine,,,
auv$a,net/minecraft/block/BlockWall$EnumType,net/minecraft/server/v1_12_R1/BlockCobbleWall$EnumCobbleVariant,,,
auv,net/minecraft/block/BlockWall,net/minecraft/server/v1_12_R1/BlockCobbleWall,,,
auw,net/minecraft/block/BlockWallSign,net/minecraft/server/v1_12_R1/BlockWallSign,,,
auy,net/minecraft/block/BlockLilyPad,net/minecraft/server/v1_12_R1/BlockWaterLily,,,
auz,net/minecraft/block/BlockWeb,net/minecraft/server/v1_12_R1/BlockWeb,,,
av$a,net/minecraft/advancements/critereon/NetherTravelTrigger$Listeners,net/minecraft/server/v1_12_R1/CriterionTriggerNetherTravel$a,,,
av$b,net/minecraft/advancements/critereon/NetherTravelTrigger$Instance,net/minecraft/server/v1_12_R1/CriterionTriggerNetherTravel$b,,,
av,net/minecraft/advancements/critereon/NetherTravelTrigger,net/minecraft/server/v1_12_R1/CriterionTriggerNetherTravel,,,
ava,net/minecraft/block/BlockPressurePlateWeighted,net/minecraft/server/v1_12_R1/BlockPressurePlateWeighted,,,
avb,net/minecraft/block/BlockButtonWood,net/minecraft/server/v1_12_R1/BlockWoodButton,,,
avc,net/minecraft/block/BlockWoodSlab,net/minecraft/server/v1_12_R1/BlockWoodenStep,,,
avd,net/minecraft/block/BlockCarpet,net/minecraft/server/v1_12_R1/BlockCarpet,,,
ave,net/minecraft/block/BlockYellowFlower,net/minecraft/server/v1_12_R1/BlockYellowFlowers,,,
avf,net/minecraft/tileentity/TileEntityBanner,net/minecraft/server/v1_12_R1/TileEntityBanner,,,
avg,net/minecraft/tileentity/BannerPattern,net/minecraft/server/v1_12_R1/EnumBannerPatternType,,,
avh$a,net/minecraft/tileentity/TileEntityBeacon$BeamSegment,net/minecraft/server/v1_12_R1/TileEntityBeacon$BeaconColorTracker,,,
avh,net/minecraft/tileentity/TileEntityBeacon,net/minecraft/server/v1_12_R1/TileEntityBeacon,,,
avi,net/minecraft/tileentity/TileEntityBed,net/minecraft/server/v1_12_R1/TileEntityBed,,,
avj$1,net/minecraft/tileentity/TileEntity$1,net/minecraft/server/v1_12_R1/TileEntity$1,,,
avj$2,net/minecraft/tileentity/TileEntity$2,net/minecraft/server/v1_12_R1/TileEntity$2,,,
avj$3,net/minecraft/tileentity/TileEntity$3,net/minecraft/server/v1_12_R1/TileEntity$3,,,
avj,net/minecraft/tileentity/TileEntity,net/minecraft/server/v1_12_R1/TileEntity,,,
avk,net/minecraft/tileentity/TileEntityBrewingStand,net/minecraft/server/v1_12_R1/TileEntityBrewingStand,,,
avl,net/minecraft/tileentity/TileEntityChest,net/minecraft/server/v1_12_R1/TileEntityChest,,,
avm$1,net/minecraft/tileentity/TileEntityCommandBlock$1,net/minecraft/server/v1_12_R1/TileEntityCommand$1,,,
avm$a,net/minecraft/tileentity/TileEntityCommandBlock$Mode,net/minecraft/server/v1_12_R1/TileEntityCommand$Type,,,
avm,net/minecraft/tileentity/TileEntityCommandBlock,net/minecraft/server/v1_12_R1/TileEntityCommand,,,
avn,net/minecraft/tileentity/TileEntityComparator,net/minecraft/server/v1_12_R1/TileEntityComparator,,,
avo,net/minecraft/tileentity/TileEntityDaylightDetector,net/minecraft/server/v1_12_R1/TileEntityLightDetector,,,
avp,net/minecraft/tileentity/TileEntityDispenser,net/minecraft/server/v1_12_R1/TileEntityDispenser,,,
avq,net/minecraft/tileentity/TileEntityDropper,net/minecraft/server/v1_12_R1/TileEntityDropper,,,
avr,net/minecraft/tileentity/TileEntityEnchantmentTable,net/minecraft/server/v1_12_R1/TileEntityEnchantTable,,,
avs,net/minecraft/tileentity/TileEntityEnderChest,net/minecraft/server/v1_12_R1/TileEntityEnderChest,,,
avt,net/minecraft/tileentity/TileEntityFlowerPot,net/minecraft/server/v1_12_R1/TileEntityFlowerPot,,,
avu,net/minecraft/tileentity/TileEntityFurnace,net/minecraft/server/v1_12_R1/TileEntityFurnace,,,
avv,net/minecraft/tileentity/IHopper,net/minecraft/server/v1_12_R1/IHopper,,,
avw,net/minecraft/tileentity/TileEntityHopper,net/minecraft/server/v1_12_R1/TileEntityHopper,,,
avx,net/minecraft/tileentity/TileEntityLockable,net/minecraft/server/v1_12_R1/TileEntityContainer,,,
avy$1,net/minecraft/tileentity/TileEntityMobSpawner$1,net/minecraft/server/v1_12_R1/TileEntityMobSpawner$1,,,
avy$2,net/minecraft/tileentity/TileEntityMobSpawner$2,net/minecraft/server/v1_12_R1/TileEntityMobSpawner$2,,,
avy,net/minecraft/tileentity/TileEntityMobSpawner,net/minecraft/server/v1_12_R1/TileEntityMobSpawner,,,
avz,net/minecraft/tileentity/TileEntityNote,net/minecraft/server/v1_12_R1/TileEntityNote,,,
aw$a,net/minecraft/advancements/critereon/PlacedBlockTrigger$Listeners,net/minecraft/server/v1_12_R1/CriterionTriggerPlacedBlock$a,,,
aw$b,net/minecraft/advancements/critereon/PlacedBlockTrigger$Instance,net/minecraft/server/v1_12_R1/CriterionTriggerPlacedBlock$b,,,
aw,net/minecraft/advancements/critereon/PlacedBlockTrigger,net/minecraft/server/v1_12_R1/CriterionTriggerPlacedBlock,,,
awa,net/minecraft/tileentity/TileEntityLockableLoot,net/minecraft/server/v1_12_R1/TileEntityLootable,,,
awb$a,net/minecraft/tileentity/TileEntityShulkerBox$AnimationStatus,net/minecraft/server/v1_12_R1/TileEntityShulkerBox$AnimationPhase,,,
awb,net/minecraft/tileentity/TileEntityShulkerBox,net/minecraft/server/v1_12_R1/TileEntityShulkerBox,,,
awc$1,net/minecraft/tileentity/TileEntitySign$1,net/minecraft/server/v1_12_R1/TileEntitySign$1,,,
awc$2,net/minecraft/tileentity/TileEntitySign$2,net/minecraft/server/v1_12_R1/TileEntitySign$2,,,
awc,net/minecraft/tileentity/TileEntitySign,net/minecraft/server/v1_12_R1/TileEntitySign,,,
awd,net/minecraft/tileentity/TileEntitySkull,net/minecraft/server/v1_12_R1/TileEntitySkull,,,
awe$1,net/minecraft/tileentity/TileEntityStructure$1,net/minecraft/server/v1_12_R1/TileEntityStructure$1,,,
awe$a,net/minecraft/tileentity/TileEntityStructure$Mode,net/minecraft/server/v1_12_R1/TileEntityStructure$UsageMode,,,
awe,net/minecraft/tileentity/TileEntityStructure,net/minecraft/server/v1_12_R1/TileEntityStructure,,,
awf,net/minecraft/tileentity/TileEntityEndGateway,net/minecraft/server/v1_12_R1/TileEntityEndGateway,,,
awg,net/minecraft/tileentity/TileEntityEndPortal,net/minecraft/server/v1_12_R1/TileEntityEnderPortal,,,
awj,net/minecraft/block/BlockPistonBase,net/minecraft/server/v1_12_R1/BlockPiston,,,
awk$a,net/minecraft/block/BlockPistonExtension$EnumPistonType,net/minecraft/server/v1_12_R1/BlockPistonExtension$EnumPistonType,,,
awk,net/minecraft/block/BlockPistonExtension,net/minecraft/server/v1_12_R1/BlockPistonExtension,,,
awl,net/minecraft/block/BlockPistonMoving,net/minecraft/server/v1_12_R1/BlockPistonMoving,,,
awm$1,net/minecraft/tileentity/TileEntityPiston$1,net/minecraft/server/v1_12_R1/TileEntityPiston$1,,,
awm,net/minecraft/tileentity/TileEntityPiston,net/minecraft/server/v1_12_R1/TileEntityPiston,,,
awn,net/minecraft/block/state/BlockPistonStructureHelper,net/minecraft/server/v1_12_R1/PistonExtendsChecker,,,
awp$1,net/minecraft/block/state/BlockStateBase$1,net/minecraft/server/v1_12_R1/BlockDataAbstract$1,,,
awp,net/minecraft/block/state/BlockStateBase,net/minecraft/server/v1_12_R1/BlockDataAbstract,,,
awq,net/minecraft/block/state/IBlockBehaviors,net/minecraft/server/v1_12_R1/IBlockPhysics,,,
awr,net/minecraft/block/state/BlockFaceShape,net/minecraft/server/v1_12_R1/EnumBlockFaceShape,,,
aws,net/minecraft/block/state/IBlockProperties,net/minecraft/server/v1_12_R1/IBlockProperties,,,
awt,net/minecraft/block/state/IBlockState,net/minecraft/server/v1_12_R1/IBlockData,,,
awu$1,net/minecraft/block/state/BlockStateContainer$1,net/minecraft/server/v1_12_R1/BlockStateList$1,,,
awu$a,net/minecraft/block/state/BlockStateContainer$StateImplementation,net/minecraft/server/v1_12_R1/BlockStateList$BlockData,,,
awu,net/minecraft/block/state/BlockStateContainer,net/minecraft/server/v1_12_R1/BlockStateList,,,
aww$1,net/minecraft/block/state/BlockWorldState$1,net/minecraft/server/v1_12_R1/ShapeDetectorBlock$1,,,
aww,net/minecraft/block/state/BlockWorldState,net/minecraft/server/v1_12_R1/ShapeDetectorBlock,,,
awx$a,net/minecraft/block/state/pattern/BlockPattern$CacheLoader,net/minecraft/server/v1_12_R1/ShapeDetector$BlockLoader,,,
awx$b,net/minecraft/block/state/pattern/BlockPattern$PatternHelper,net/minecraft/server/v1_12_R1/ShapeDetector$ShapeDetectorCollection,,,
awx,net/minecraft/block/state/pattern/BlockPattern,net/minecraft/server/v1_12_R1/ShapeDetector,,,
awy,net/minecraft/block/state/pattern/FactoryBlockPattern,net/minecraft/server/v1_12_R1/ShapeDetectorBuilder,,,
ax$a,net/minecraft/advancements/critereon/PlayerHurtEntityTrigger$Listeners,net/minecraft/server/v1_12_R1/CriterionTriggerPlayerHurtEntity$a,,,
ax$b,net/minecraft/advancements/critereon/PlayerHurtEntityTrigger$Instance,net/minecraft/server/v1_12_R1/CriterionTriggerPlayerHurtEntity$b,,,
ax,net/minecraft/advancements/critereon/PlayerHurtEntityTrigger,net/minecraft/server/v1_12_R1/CriterionTriggerPlayerHurtEntity,,,
axa,net/minecraft/block/state/pattern/BlockMaterialMatcher,net/minecraft/server/v1_12_R1/MaterialPredicate,,,
axb,net/minecraft/block/state/pattern/BlockMatcher,net/minecraft/server/v1_12_R1/BlockPredicate,,,
axc$1,net/minecraft/block/state/pattern/BlockStateMatcher$1,net/minecraft/server/v1_12_R1/BlockStatePredicate$1,,,
axc,net/minecraft/block/state/pattern/BlockStateMatcher,net/minecraft/server/v1_12_R1/BlockStatePredicate,,,
axe,net/minecraft/block/properties/PropertyHelper,net/minecraft/server/v1_12_R1/BlockState,,,
axf,net/minecraft/block/properties/PropertyBool,net/minecraft/server/v1_12_R1/BlockStateBoolean,,,
axg,net/minecraft/block/properties/PropertyDirection,net/minecraft/server/v1_12_R1/BlockStateDirection,,,
axh,net/minecraft/block/properties/PropertyEnum,net/minecraft/server/v1_12_R1/BlockStateEnum,,,
axi,net/minecraft/block/properties/PropertyInteger,net/minecraft/server/v1_12_R1/BlockStateInteger,,,
axj,net/minecraft/block/properties/IProperty,net/minecraft/server/v1_12_R1/IBlockState,,,
axl,net/minecraft/world/border/IBorderListener,net/minecraft/server/v1_12_R1/IWorldBorderListener,,,
axm,net/minecraft/world/border/EnumBorderStatus,net/minecraft/server/v1_12_R1/EnumWorldBorderState,,,
axn,net/minecraft/world/border/WorldBorder,net/minecraft/server/v1_12_R1/WorldBorder,,,
axp,net/minecraft/world/chunk/BlockStateContainer,net/minecraft/server/v1_12_R1/DataPaletteBlock,,,
axq,net/minecraft/world/gen/IChunkGenerator,net/minecraft/server/v1_12_R1/ChunkGenerator,,,
axr,net/minecraft/world/chunk/IChunkProvider,net/minecraft/server/v1_12_R1/IChunkProvider,,,
axs,net/minecraft/world/chunk/NibbleArray,net/minecraft/server/v1_12_R1/NibbleArray,,,
axu,net/minecraft/world/chunk/BlockStatePaletteRegistry,net/minecraft/server/v1_12_R1/DataPaletteGlobal,,,
axv,net/minecraft/world/chunk/BlockStatePaletteHashMap,net/minecraft/server/v1_12_R1/DataPaletteHash,,,
axw$1,net/minecraft/world/chunk/Chunk$1,net/minecraft/server/v1_12_R1/Chunk$1,,,
axw$a,net/minecraft/world/chunk/Chunk$EnumCreateEntityType,net/minecraft/server/v1_12_R1/Chunk$EnumTileEntityState,,,
axw,net/minecraft/world/chunk/Chunk,net/minecraft/server/v1_12_R1/Chunk,,,
axx,net/minecraft/world/chunk/storage/ExtendedBlockStorage,net/minecraft/server/v1_12_R1/ChunkSection,,,
axy,net/minecraft/world/chunk/BlockStatePaletteLinear,net/minecraft/server/v1_12_R1/DataPaletteLinear,,,
axz,net/minecraft/world/chunk/storage/NibbleArrayReader,net/minecraft/server/v1_12_R1/OldNibbleArray,,,
ay$a,net/minecraft/advancements/critereon/RecipeUnlockedTrigger$Listeners,net/minecraft/server/v1_12_R1/CriterionTriggerRecipeUnlocked$a,,,
ay$b,net/minecraft/advancements/critereon/RecipeUnlockedTrigger$Instance,net/minecraft/server/v1_12_R1/CriterionTriggerRecipeUnlocked$b,,,
ay,net/minecraft/advancements/critereon/RecipeUnlockedTrigger,net/minecraft/server/v1_12_R1/CriterionTriggerRecipeUnlocked,,,
aya,net/minecraft/world/chunk/IBlockStatePalette,net/minecraft/server/v1_12_R1/DataPalette,,,
ayb,net/minecraft/world/chunk/IBlockStatePaletteResizer,net/minecraft/server/v1_12_R1/DataPaletteExpandable,,,
aye$1,net/minecraft/world/chunk/storage/AnvilChunkLoader$1,net/minecraft/server/v1_12_R1/ChunkRegionLoader$1,,,
aye,net/minecraft/world/chunk/storage/AnvilChunkLoader,net/minecraft/server/v1_12_R1/ChunkRegionLoader,,,
ayf,net/minecraft/world/chunk/storage/IChunkLoader,net/minecraft/server/v1_12_R1/IChunkLoader,,,
ayi$a,net/minecraft/world/chunk/storage/ChunkLoader$AnvilConverterData,net/minecraft/server/v1_12_R1/OldChunkLoader$OldChunk,,,
ayi,net/minecraft/world/chunk/storage/ChunkLoader,net/minecraft/server/v1_12_R1/OldChunkLoader,,,
ayj$a,net/minecraft/world/chunk/storage/RegionFile$ChunkBuffer,net/minecraft/server/v1_12_R1/RegionFile$ChunkBuffer,,,
ayj,net/minecraft/world/chunk/storage/RegionFile,net/minecraft/server/v1_12_R1/RegionFile,,,
ayk,net/minecraft/world/chunk/storage/RegionFileCache,net/minecraft/server/v1_12_R1/RegionFileCache,,,
aym,net/minecraft/world/WorldProvider,net/minecraft/server/v1_12_R1/WorldProvider,,,
ayn,net/minecraft/world/DimensionType,net/minecraft/server/v1_12_R1/DimensionManager,,,
ayo$1,net/minecraft/world/WorldProviderHell$1,net/minecraft/server/v1_12_R1/WorldProviderHell$1,,,
ayo,net/minecraft/world/WorldProviderHell,net/minecraft/server/v1_12_R1/WorldProviderHell,,,
ayp,net/minecraft/world/WorldProviderSurface,net/minecraft/server/v1_12_R1/WorldProviderNormal,,,
ayq$1,net/minecraft/world/end/DragonSpawnManager$1,net/minecraft/server/v1_12_R1/EnumDragonRespawn$1,,,
ayq$2,net/minecraft/world/end/DragonSpawnManager$2,net/minecraft/server/v1_12_R1/EnumDragonRespawn$2,,,
ayq$3,net/minecraft/world/end/DragonSpawnManager$3,net/minecraft/server/v1_12_R1/EnumDragonRespawn$3,,,
ayq$4,net/minecraft/world/end/DragonSpawnManager$4,net/minecraft/server/v1_12_R1/EnumDragonRespawn$4,,,
ayq$5,net/minecraft/world/end/DragonSpawnManager$5,net/minecraft/server/v1_12_R1/EnumDragonRespawn$5,,,
ayq,net/minecraft/world/end/DragonSpawnManager,net/minecraft/server/v1_12_R1/EnumDragonRespawn,,,
ayr,net/minecraft/world/end/DragonFightManager,net/minecraft/server/v1_12_R1/EnderDragonBattle,,,
ays,net/minecraft/world/WorldProviderEnd,net/minecraft/server/v1_12_R1/WorldProviderTheEnd,,,
ayv,net/minecraft/world/gen/MapGenRavine,net/minecraft/server/v1_12_R1/WorldGenCanyon,,,
ayw,net/minecraft/world/chunk/ChunkPrimer,net/minecraft/server/v1_12_R1/ChunkSnapshot,,,
ayx$a,net/minecraft/world/gen/ChunkGeneratorSettings$Factory,net/minecraft/server/v1_12_R1/CustomWorldSettingsFinal$CustomWorldSettings,,,
ayx$b,net/minecraft/world/gen/ChunkGeneratorSettings$Serializer,net/minecraft/server/v1_12_R1/CustomWorldSettingsFinal$CustomWorldSettingsSerializer,,,
ayx,net/minecraft/world/gen/ChunkGeneratorSettings,net/minecraft/server/v1_12_R1/CustomWorldSettingsFinal,,,
ayy,net/minecraft/world/gen/ChunkGeneratorDebug,net/minecraft/server/v1_12_R1/ChunkProviderDebug,,,
ayz,net/minecraft/world/gen/ChunkGeneratorFlat,net/minecraft/server/v1_12_R1/ChunkProviderFlat,,,
az$a,net/minecraft/advancements/critereon/SummonedEntityTrigger$Listeners,net/minecraft/server/v1_12_R1/CriterionTriggerSummonedEntity$a,,,
az$b,net/minecraft/advancements/critereon/SummonedEntityTrigger$Instance,net/minecraft/server/v1_12_R1/CriterionTriggerSummonedEntity$b,,,
az,net/minecraft/advancements/critereon/SummonedEntityTrigger,net/minecraft/server/v1_12_R1/CriterionTriggerSummonedEntity,,,
aza,net/minecraft/world/gen/MapGenCaves,net/minecraft/server/v1_12_R1/WorldGenCaves,,,
azb,net/minecraft/world/gen/MapGenBase,net/minecraft/server/v1_12_R1/WorldGenBase,,,
azc,net/minecraft/world/gen/MapGenCavesHell,net/minecraft/server/v1_12_R1/WorldGenCavesHell,,,
azd,net/minecraft/world/gen/ChunkGeneratorHell,net/minecraft/server/v1_12_R1/ChunkProviderHell,,,
aze,net/minecraft/world/gen/ChunkGeneratorOverworld,net/minecraft/server/v1_12_R1/ChunkProviderGenerate,,,
azf,net/minecraft/world/gen/ChunkGeneratorEnd,net/minecraft/server/v1_12_R1/ChunkProviderTheEnd,,,
azg,net/minecraft/world/gen/feature/WorldGenAbstractTree,net/minecraft/server/v1_12_R1/WorldGenTreeAbstract,,,
azh$a,net/minecraft/world/gen/feature/WorldGenBigTree$FoliageCoordinates,net/minecraft/server/v1_12_R1/WorldGenBigTree$Position,,,
azh,net/minecraft/world/gen/feature/WorldGenBigTree,net/minecraft/server/v1_12_R1/WorldGenBigTree,,,
azi,net/minecraft/world/gen/feature/WorldGenBirchTree,net/minecraft/server/v1_12_R1/WorldGenForest,,,
azj,net/minecraft/world/gen/feature/WorldGenBlockBlob,net/minecraft/server/v1_12_R1/WorldGenTaigaStructure,,,
azk,net/minecraft/world/gen/feature/WorldGeneratorBonusChest,net/minecraft/server/v1_12_R1/WorldGenBonusChest,,,
azl,net/minecraft/world/gen/feature/WorldGenBush,net/minecraft/server/v1_12_R1/WorldGenMushrooms,,,
azm,net/minecraft/world/gen/feature/WorldGenCactus,net/minecraft/server/v1_12_R1/WorldGenCactus,,,
azn,net/minecraft/world/gen/feature/WorldGenClay,net/minecraft/server/v1_12_R1/WorldGenClay,,,
azo,net/minecraft/world/gen/feature/WorldGenDeadBush,net/minecraft/server/v1_12_R1/WorldGenDeadBush,,,
azp,net/minecraft/world/gen/feature/WorldGenDesertWells,net/minecraft/server/v1_12_R1/WorldGenDesertWell,,,
azq,net/minecraft/world/gen/feature/WorldGenDoublePlant,net/minecraft/server/v1_12_R1/WorldGenTallPlant,,,
azr,net/minecraft/world/gen/feature/WorldGenEndGateway,net/minecraft/server/v1_12_R1/WorldGenEndGateway,,,
azs,net/minecraft/world/gen/feature/WorldGenEndIsland,net/minecraft/server/v1_12_R1/WorldGenEndIsland,,,
azt,net/minecraft/world/gen/feature/WorldGenEndPodium,net/minecraft/server/v1_12_R1/WorldGenEndTrophy,,,
azu,net/minecraft/world/gen/feature/WorldGenerator,net/minecraft/server/v1_12_R1/WorldGenerator,,,
azv,net/minecraft/world/gen/feature/WorldGenFlowers,net/minecraft/server/v1_12_R1/WorldGenFlowers,,,
azw,net/minecraft/world/gen/feature/WorldGenFossils,net/minecraft/server/v1_12_R1/WorldGenFossils,,,
azx,net/minecraft/world/gen/feature/WorldGenShrub,net/minecraft/server/v1_12_R1/WorldGenGroundBush,,,
azy,net/minecraft/world/gen/feature/WorldGenFire,net/minecraft/server/v1_12_R1/WorldGenFire,,,
azz,net/minecraft/world/gen/feature/WorldGenGlowStone2,net/minecraft/server/v1_12_R1/WorldGenLightStone2,,,
b$1,net/minecraft/crash/CrashReport$1,net/minecraft/server/v1_12_R1/CrashReport$1,,,
b$2,net/minecraft/crash/CrashReport$2,net/minecraft/server/v1_12_R1/CrashReport$2,,,
b$3,net/minecraft/crash/CrashReport$3,net/minecraft/server/v1_12_R1/CrashReport$3,,,
b$4,net/minecraft/crash/CrashReport$4,net/minecraft/server/v1_12_R1/CrashReport$4,,,
b$5,net/minecraft/crash/CrashReport$5,net/minecraft/server/v1_12_R1/CrashReport$5,,,
b$6,net/minecraft/crash/CrashReport$6,net/minecraft/server/v1_12_R1/CrashReport$6,,,
b$7,net/minecraft/crash/CrashReport$7,net/minecraft/server/v1_12_R1/CrashReport$7,,,
b,net/minecraft/crash/CrashReport,net/minecraft/server/v1_12_R1/CrashReport,,,
ba$a,net/minecraft/advancements/critereon/TameAnimalTrigger$Listeners,net/minecraft/server/v1_12_R1/CriterionTriggerTamedAnimal$a,,,
ba$b,net/minecraft/advancements/critereon/TameAnimalTrigger$Instance,net/minecraft/server/v1_12_R1/CriterionTriggerTamedAnimal$b,,,
ba,net/minecraft/advancements/critereon/TameAnimalTrigger,net/minecraft/server/v1_12_R1/CriterionTriggerTamedAnimal,,,
baa,net/minecraft/world/gen/feature/WorldGenHellLava,net/minecraft/server/v1_12_R1/WorldGenHellLava,,,
bab,net/minecraft/world/gen/feature/WorldGenBigMushroom,net/minecraft/server/v1_12_R1/WorldGenHugeMushroom,,,
bac,net/minecraft/world/gen/feature/WorldGenIcePath,net/minecraft/server/v1_12_R1/WorldGenPackedIce1,,,
bad,net/minecraft/world/gen/feature/WorldGenIceSpike,net/minecraft/server/v1_12_R1/WorldGenPackedIce2,,,
bae,net/minecraft/world/gen/feature/WorldGenLakes,net/minecraft/server/v1_12_R1/WorldGenLakes,,,
baf,net/minecraft/world/gen/feature/WorldGenGlowStone1,net/minecraft/server/v1_12_R1/WorldGenLightStone1,,,
bag,net/minecraft/world/gen/feature/WorldGenMegaJungle,net/minecraft/server/v1_12_R1/WorldGenJungleTree,,,
bah,net/minecraft/world/gen/feature/WorldGenMegaPineTree,net/minecraft/server/v1_12_R1/WorldGenMegaTree,,,
bai,net/minecraft/world/gen/feature/WorldGenHugeTrees,net/minecraft/server/v1_12_R1/WorldGenMegaTreeAbstract,,,
baj,net/minecraft/world/gen/feature/WorldGenMelon,net/minecraft/server/v1_12_R1/WorldGenMelon,,,
bak,net/minecraft/world/gen/feature/WorldGenDungeons,net/minecraft/server/v1_12_R1/WorldGenDungeons,,,
bal$a,net/minecraft/world/gen/feature/WorldGenMinable$StonePredicate,net/minecraft/server/v1_12_R1/WorldGenMinable$a,,,
bal,net/minecraft/world/gen/feature/WorldGenMinable,net/minecraft/server/v1_12_R1/WorldGenMinable,,,
bam,net/minecraft/world/gen/feature/WorldGenTaiga1,net/minecraft/server/v1_12_R1/WorldGenTaiga1,,,
ban,net/minecraft/world/gen/feature/WorldGenPumpkin,net/minecraft/server/v1_12_R1/WorldGenPumpkin,,,
bao,net/minecraft/world/gen/feature/WorldGenReed,net/minecraft/server/v1_12_R1/WorldGenReed,,,
bap,net/minecraft/world/gen/feature/WorldGenCanopyTree,net/minecraft/server/v1_12_R1/WorldGenForestTree,,,
baq,net/minecraft/world/gen/feature/WorldGenSand,net/minecraft/server/v1_12_R1/WorldGenSand,,,
bar,net/minecraft/world/gen/feature/WorldGenSavannaTree,net/minecraft/server/v1_12_R1/WorldGenAcaciaTree,,,
bas$a,net/minecraft/world/gen/feature/WorldGenSpikes$EndSpike,net/minecraft/server/v1_12_R1/WorldGenEnder$Spike,,,
bas,net/minecraft/world/gen/feature/WorldGenSpikes,net/minecraft/server/v1_12_R1/WorldGenEnder,,,
bat,net/minecraft/world/gen/feature/WorldGenLiquids,net/minecraft/server/v1_12_R1/WorldGenLiquids,,,
bau,net/minecraft/world/gen/feature/WorldGenTaiga2,net/minecraft/server/v1_12_R1/WorldGenTaiga2,,,
bav,net/minecraft/world/gen/feature/WorldGenSwamp,net/minecraft/server/v1_12_R1/WorldGenSwampTree,,,
baw,net/minecraft/world/gen/feature/WorldGenTallGrass,net/minecraft/server/v1_12_R1/WorldGenGrass,,,
bax,net/minecraft/world/gen/feature/WorldGenTrees,net/minecraft/server/v1_12_R1/WorldGenTrees,,,
bay,net/minecraft/world/gen/feature/WorldGenVines,net/minecraft/server/v1_12_R1/WorldGenVines,,,
baz,net/minecraft/world/gen/feature/WorldGenWaterlily,net/minecraft/server/v1_12_R1/WorldGenWaterLily,,,
bb$a,net/minecraft/advancements/critereon/TickTrigger$Listeners,net/minecraft/server/v1_12_R1/CriterionTriggerTick$a,,,
bb$b,net/minecraft/advancements/critereon/TickTrigger$Instance,net/minecraft/server/v1_12_R1/CriterionTriggerTick$b,,,
bb,net/minecraft/advancements/critereon/TickTrigger,net/minecraft/server/v1_12_R1/CriterionTriggerTick,,,
bbb,net/minecraft/world/gen/FlatGeneratorInfo,net/minecraft/server/v1_12_R1/WorldGenFlatInfo,,,
bbc,net/minecraft/world/gen/FlatLayerInfo,net/minecraft/server/v1_12_R1/WorldGenFlatLayerInfo,,,
bbg,net/minecraft/world/gen/structure/StructureBoundingBox,net/minecraft/server/v1_12_R1/StructureBoundingBox,,,
bbh$a,net/minecraft/world/gen/structure/MapGenEndCity$Start,net/minecraft/server/v1_12_R1/WorldGenEndCity$Start,,,
bbh,net/minecraft/world/gen/structure/MapGenEndCity,net/minecraft/server/v1_12_R1/WorldGenEndCity,,,
bbi$1,net/minecraft/world/gen/structure/StructureEndCityPieces$1,net/minecraft/server/v1_12_R1/WorldGenEndCityPieces$1,,,
bbi$2,net/minecraft/world/gen/structure/StructureEndCityPieces$2,net/minecraft/server/v1_12_R1/WorldGenEndCityPieces$2,,,
bbi$3,net/minecraft/world/gen/structure/StructureEndCityPieces$3,net/minecraft/server/v1_12_R1/WorldGenEndCityPieces$3,,,
bbi$4,net/minecraft/world/gen/structure/StructureEndCityPieces$4,net/minecraft/server/v1_12_R1/WorldGenEndCityPieces$4,,,
bbi$a,net/minecraft/world/gen/structure/StructureEndCityPieces$CityTemplate,net/minecraft/server/v1_12_R1/WorldGenEndCityPieces$Piece,,,
bbi$b,net/minecraft/world/gen/structure/StructureEndCityPieces$IGenerator,net/minecraft/server/v1_12_R1/WorldGenEndCityPieces$PieceGenerator,,,
bbi,net/minecraft/world/gen/structure/StructureEndCityPieces,net/minecraft/server/v1_12_R1/WorldGenEndCityPieces,,,
bbj$a,net/minecraft/world/gen/structure/MapGenMineshaft$Type,net/minecraft/server/v1_12_R1/WorldGenMineshaft$Type,,,
bbj,net/minecraft/world/gen/structure/MapGenMineshaft,net/minecraft/server/v1_12_R1/WorldGenMineshaft,,,
bbk$a,net/minecraft/world/gen/structure/StructureMineshaftPieces$Corridor,net/minecraft/server/v1_12_R1/WorldGenMineshaftPieces$WorldGenMineshaftCorridor,,,
bbk$b,net/minecraft/world/gen/structure/StructureMineshaftPieces$Cross,net/minecraft/server/v1_12_R1/WorldGenMineshaftPieces$WorldGenMineshaftCross,,,
bbk$c,net/minecraft/world/gen/structure/StructureMineshaftPieces$Peice,net/minecraft/server/v1_12_R1/WorldGenMineshaftPieces$c,,,
bbk$d,net/minecraft/world/gen/structure/StructureMineshaftPieces$Room,net/minecraft/server/v1_12_R1/WorldGenMineshaftPieces$WorldGenMineshaftRoom,,,
bbk$e,net/minecraft/world/gen/structure/StructureMineshaftPieces$Stairs,net/minecraft/server/v1_12_R1/WorldGenMineshaftPieces$WorldGenMineshaftStairs,,,
bbk,net/minecraft/world/gen/structure/StructureMineshaftPieces,net/minecraft/server/v1_12_R1/WorldGenMineshaftPieces,,,
bbl,net/minecraft/world/gen/structure/StructureMineshaftStart,net/minecraft/server/v1_12_R1/WorldGenMineshaftStart,,,
bbm$a,net/minecraft/world/gen/structure/MapGenNetherBridge$Start,net/minecraft/server/v1_12_R1/WorldGenNether$WorldGenNetherStart,,,
bbm,net/minecraft/world/gen/structure/MapGenNetherBridge,net/minecraft/server/v1_12_R1/WorldGenNether,,,
bbn$a,net/minecraft/world/gen/structure/StructureNetherBridgePieces$Crossing3,net/minecraft/server/v1_12_R1/WorldGenNetherPieces$WorldGenNetherPiece1,,,
bbn$b,net/minecraft/world/gen/structure/StructureNetherBridgePieces$End,net/minecraft/server/v1_12_R1/WorldGenNetherPieces$WorldGenNetherPiece2,,,
bbn$c,net/minecraft/world/gen/structure/StructureNetherBridgePieces$Straight,net/minecraft/server/v1_12_R1/WorldGenNetherPieces$WorldGenNetherPiece3,,,
bbn$d,net/minecraft/world/gen/structure/StructureNetherBridgePieces$Corridor3,net/minecraft/server/v1_12_R1/WorldGenNetherPieces$WorldGenNetherPiece4,,,
bbn$e,net/minecraft/world/gen/structure/StructureNetherBridgePieces$Corridor4,net/minecraft/server/v1_12_R1/WorldGenNetherPieces$WorldGenNetherPiece5,,,
bbn$f,net/minecraft/world/gen/structure/StructureNetherBridgePieces$Entrance,net/minecraft/server/v1_12_R1/WorldGenNetherPieces$WorldGenNetherPiece6,,,
bbn$g,net/minecraft/world/gen/structure/StructureNetherBridgePieces$Crossing2,net/minecraft/server/v1_12_R1/WorldGenNetherPieces$WorldGenNetherPiece7,,,
bbn$h,net/minecraft/world/gen/structure/StructureNetherBridgePieces$Corridor,net/minecraft/server/v1_12_R1/WorldGenNetherPieces$WorldGenNetherPiece8,,,
bbn$i,net/minecraft/world/gen/structure/StructureNetherBridgePieces$Corridor5,net/minecraft/server/v1_12_R1/WorldGenNetherPieces$WorldGenNetherPiece9,,,
bbn$j,net/minecraft/world/gen/structure/StructureNetherBridgePieces$Corridor2,net/minecraft/server/v1_12_R1/WorldGenNetherPieces$WorldGenNetherPiece10,,,
bbn$k,net/minecraft/world/gen/structure/StructureNetherBridgePieces$NetherStalkRoom,net/minecraft/server/v1_12_R1/WorldGenNetherPieces$WorldGenNetherPiece11,,,
bbn$l,net/minecraft/world/gen/structure/StructureNetherBridgePieces$Throne,net/minecraft/server/v1_12_R1/WorldGenNetherPieces$WorldGenNetherPiece12,,,
bbn$m,net/minecraft/world/gen/structure/StructureNetherBridgePieces$Piece,net/minecraft/server/v1_12_R1/WorldGenNetherPieces$WorldGenNetherPiece,,,
bbn$n,net/minecraft/world/gen/structure/StructureNetherBridgePieces$PieceWeight,net/minecraft/server/v1_12_R1/WorldGenNetherPieces$WorldGenNetherPieceWeight,,,
bbn$o,net/minecraft/world/gen/structure/StructureNetherBridgePieces$Crossing,net/minecraft/server/v1_12_R1/WorldGenNetherPieces$WorldGenNetherPiece13,,,
bbn$p,net/minecraft/world/gen/structure/StructureNetherBridgePieces$Stairs,net/minecraft/server/v1_12_R1/WorldGenNetherPieces$WorldGenNetherPiece14,,,
bbn$q,net/minecraft/world/gen/structure/StructureNetherBridgePieces$Start,net/minecraft/server/v1_12_R1/WorldGenNetherPieces$WorldGenNetherPiece15,,,
bbn,net/minecraft/world/gen/structure/StructureNetherBridgePieces,net/minecraft/server/v1_12_R1/WorldGenNetherPieces,,,
bbo$a,net/minecraft/world/gen/structure/StructureOceanMonument$StartMonument,net/minecraft/server/v1_12_R1/WorldGenMonument$WorldGenMonumentStart,,,
bbo,net/minecraft/world/gen/structure/StructureOceanMonument,net/minecraft/server/v1_12_R1/WorldGenMonument,,,
bbp$a,net/minecraft/world/gen/structure/StructureOceanMonumentPieces$XDoubleRoomFitHelper,net/minecraft/server/v1_12_R1/WorldGenMonumentPieces$WorldGenMonumentPieceSelector7,,,
bbp$b,net/minecraft/world/gen/structure/StructureOceanMonumentPieces$XYDoubleRoomFitHelper,net/minecraft/server/v1_12_R1/WorldGenMonumentPieces$WorldGenMonumentPieceSelector6,,,
bbp$c,net/minecraft/world/gen/structure/StructureOceanMonumentPieces$YDoubleRoomFitHelper,net/minecraft/server/v1_12_R1/WorldGenMonumentPieces$WorldGenMonumentPieceSelector5,,,
bbp$d,net/minecraft/world/gen/structure/StructureOceanMonumentPieces$YZDoubleRoomFitHelper,net/minecraft/server/v1_12_R1/WorldGenMonumentPieces$WorldGenMonumentPieceSelector4,,,
bbp$e,net/minecraft/world/gen/structure/StructureOceanMonumentPieces$ZDoubleRoomFitHelper,net/minecraft/server/v1_12_R1/WorldGenMonumentPieces$WorldGenMonumentPieceSelector3,,,
bbp$f,net/minecraft/world/gen/structure/StructureOceanMonumentPieces$FitSimpleRoomHelper,net/minecraft/server/v1_12_R1/WorldGenMonumentPieces$WorldGenMonumentPieceSelector2,,,
bbp$g,net/minecraft/world/gen/structure/StructureOceanMonumentPieces$FitSimpleRoomTopHelper,net/minecraft/server/v1_12_R1/WorldGenMonumentPieces$WorldGenMonumentPieceSelector1,,,
bbp$h,net/minecraft/world/gen/structure/StructureOceanMonumentPieces$MonumentBuilding,net/minecraft/server/v1_12_R1/WorldGenMonumentPieces$WorldGenMonumentPiece1,,,
bbp$i,net/minecraft/world/gen/structure/StructureOceanMonumentPieces$MonumentRoomFitHelper,net/minecraft/server/v1_12_R1/WorldGenMonumentPieces$IWorldGenMonumentPieceSelector,,,
bbp$j,net/minecraft/world/gen/structure/StructureOceanMonumentPieces$MonumentCoreRoom,net/minecraft/server/v1_12_R1/WorldGenMonumentPieces$WorldGenMonumentPiece2,,,
bbp$k,net/minecraft/world/gen/structure/StructureOceanMonumentPieces$DoubleXRoom,net/minecraft/server/v1_12_R1/WorldGenMonumentPieces$WorldGenMonumentPiece3,,,
bbp$l,net/minecraft/world/gen/structure/StructureOceanMonumentPieces$DoubleXYRoom,net/minecraft/server/v1_12_R1/WorldGenMonumentPieces$WorldGenMonumentPiece4,,,
bbp$m,net/minecraft/world/gen/structure/StructureOceanMonumentPieces$DoubleYRoom,net/minecraft/server/v1_12_R1/WorldGenMonumentPieces$WorldGenMonumentPiece5,,,
bbp$n,net/minecraft/world/gen/structure/StructureOceanMonumentPieces$DoubleYZRoom,net/minecraft/server/v1_12_R1/WorldGenMonumentPieces$WorldGenMonumentPiece6,,,
bbp$o,net/minecraft/world/gen/structure/StructureOceanMonumentPieces$DoubleZRoom,net/minecraft/server/v1_12_R1/WorldGenMonumentPieces$WorldGenMonumentPiece7,,,
bbp$p,net/minecraft/world/gen/structure/StructureOceanMonumentPieces$EntryRoom,net/minecraft/server/v1_12_R1/WorldGenMonumentPieces$WorldGenMonumentPieceEntry,,,
bbp$q,net/minecraft/world/gen/structure/StructureOceanMonumentPieces$Penthouse,net/minecraft/server/v1_12_R1/WorldGenMonumentPieces$WorldGenMonumentPiecePenthouse,,,
bbp$r,net/minecraft/world/gen/structure/StructureOceanMonumentPieces$Piece,net/minecraft/server/v1_12_R1/WorldGenMonumentPieces$WorldGenMonumentPiece,,,
bbp$s,net/minecraft/world/gen/structure/StructureOceanMonumentPieces$SimpleRoom,net/minecraft/server/v1_12_R1/WorldGenMonumentPieces$WorldGenMonumentPieceSimple,,,
bbp$t,net/minecraft/world/gen/structure/StructureOceanMonumentPieces$SimpleTopRoom,net/minecraft/server/v1_12_R1/WorldGenMonumentPieces$WorldGenMonumentPieceSimpleT,,,
bbp$u,net/minecraft/world/gen/structure/StructureOceanMonumentPieces$WingRoom,net/minecraft/server/v1_12_R1/WorldGenMonumentPieces$WorldGenMonumentPiece8,,,
bbp$v,net/minecraft/world/gen/structure/StructureOceanMonumentPieces$RoomDefinition,net/minecraft/server/v1_12_R1/WorldGenMonumentPieces$WorldGenMonumentStateTracker,,,
bbp,net/minecraft/world/gen/structure/StructureOceanMonumentPieces,net/minecraft/server/v1_12_R1/WorldGenMonumentPieces,,,
bbq$a,net/minecraft/world/gen/structure/MapGenScatteredFeature$Start,net/minecraft/server/v1_12_R1/WorldGenLargeFeature$WorldGenLargeFeatureStart,,,
bbq,net/minecraft/world/gen/structure/MapGenScatteredFeature,net/minecraft/server/v1_12_R1/WorldGenLargeFeature,,,
bbr$a,net/minecraft/world/gen/structure/ComponentScatteredFeaturePieces$DesertPyramid,net/minecraft/server/v1_12_R1/WorldGenRegistration$WorldGenPyramidPiece,,,
bbr$b,net/minecraft/world/gen/structure/ComponentScatteredFeaturePieces$Igloo,net/minecraft/server/v1_12_R1/WorldGenRegistration$b,,,
bbr$c$a,net/minecraft/world/gen/structure/ComponentScatteredFeaturePieces$JunglePyramid$Stones,net/minecraft/server/v1_12_R1/WorldGenRegistration$WorldGenJungleTemple$WorldGenJungleTemplePiece,,,
bbr$c,net/minecraft/world/gen/structure/ComponentScatteredFeaturePieces$JunglePyramid,net/minecraft/server/v1_12_R1/WorldGenRegistration$WorldGenJungleTemple,,,
bbr$d,net/minecraft/world/gen/structure/ComponentScatteredFeaturePieces$Feature,net/minecraft/server/v1_12_R1/WorldGenRegistration$WorldGenScatteredPiece,,,
bbr$e,net/minecraft/world/gen/structure/ComponentScatteredFeaturePieces$SwampHut,net/minecraft/server/v1_12_R1/WorldGenRegistration$WorldGenWitchHut,,,
bbr,net/minecraft/world/gen/structure/ComponentScatteredFeaturePieces,net/minecraft/server/v1_12_R1/WorldGenRegistration,,,
bbs$a,net/minecraft/world/gen/structure/MapGenStronghold$Start,net/minecraft/server/v1_12_R1/WorldGenStronghold$WorldGenStronghold2Start,,,
bbs,net/minecraft/world/gen/structure/MapGenStronghold,net/minecraft/server/v1_12_R1/WorldGenStronghold,,,
bbt$1,net/minecraft/world/gen/structure/StructureStrongholdPieces$1,net/minecraft/server/v1_12_R1/WorldGenStrongholdPieces$1,,,
bbt$2,net/minecraft/world/gen/structure/StructureStrongholdPieces$2,net/minecraft/server/v1_12_R1/WorldGenStrongholdPieces$2,,,
bbt$a,net/minecraft/world/gen/structure/StructureStrongholdPieces$ChestCorridor,net/minecraft/server/v1_12_R1/WorldGenStrongholdPieces$WorldGenStrongholdChestCorridor,,,
bbt$b,net/minecraft/world/gen/structure/StructureStrongholdPieces$Corridor,net/minecraft/server/v1_12_R1/WorldGenStrongholdPieces$WorldGenStrongholdCorridor,,,
bbt$c,net/minecraft/world/gen/structure/StructureStrongholdPieces$Crossing,net/minecraft/server/v1_12_R1/WorldGenStrongholdPieces$WorldGenStrongholdCrossing,,,
bbt$d,net/minecraft/world/gen/structure/StructureStrongholdPieces$LeftTurn,net/minecraft/server/v1_12_R1/WorldGenStrongholdPieces$WorldGenStrongholdLeftTurn,,,
bbt$e,net/minecraft/world/gen/structure/StructureStrongholdPieces$Library,net/minecraft/server/v1_12_R1/WorldGenStrongholdPieces$WorldGenStrongholdLibrary,,,
bbt$f,net/minecraft/world/gen/structure/StructureStrongholdPieces$PieceWeight,net/minecraft/server/v1_12_R1/WorldGenStrongholdPieces$WorldGenStrongholdPieceWeight,,,
bbt$g,net/minecraft/world/gen/structure/StructureStrongholdPieces$PortalRoom,net/minecraft/server/v1_12_R1/WorldGenStrongholdPieces$WorldGenStrongholdPortalRoom,,,
bbt$h,net/minecraft/world/gen/structure/StructureStrongholdPieces$Prison,net/minecraft/server/v1_12_R1/WorldGenStrongholdPieces$WorldGenStrongholdPrison,,,
bbt$i,net/minecraft/world/gen/structure/StructureStrongholdPieces$RightTurn,net/minecraft/server/v1_12_R1/WorldGenStrongholdPieces$WorldGenStrongholdRightTurn,,,
bbt$j,net/minecraft/world/gen/structure/StructureStrongholdPieces$RoomCrossing,net/minecraft/server/v1_12_R1/WorldGenStrongholdPieces$WorldGenStrongholdRoomCrossing,,,
bbt$k,net/minecraft/world/gen/structure/StructureStrongholdPieces$Stones,net/minecraft/server/v1_12_R1/WorldGenStrongholdPieces$WorldGenStrongholdStones,,,
bbt$l,net/minecraft/world/gen/structure/StructureStrongholdPieces$Stairs,net/minecraft/server/v1_12_R1/WorldGenStrongholdPieces$WorldGenStrongholdStairs2,,,
bbt$m,net/minecraft/world/gen/structure/StructureStrongholdPieces$Stairs2,net/minecraft/server/v1_12_R1/WorldGenStrongholdPieces$WorldGenStrongholdStart,,,
bbt$n,net/minecraft/world/gen/structure/StructureStrongholdPieces$Straight,net/minecraft/server/v1_12_R1/WorldGenStrongholdPieces$WorldGenStrongholdStairs,,,
bbt$o,net/minecraft/world/gen/structure/StructureStrongholdPieces$StairsStraight,net/minecraft/server/v1_12_R1/WorldGenStrongholdPieces$WorldGenStrongholdStairsStraight,,,
bbt$p$a,net/minecraft/world/gen/structure/StructureStrongholdPieces$Stronghold$Door,net/minecraft/server/v1_12_R1/WorldGenStrongholdPieces$WorldGenStrongholdPiece$WorldGenStrongholdDoorType,,,
bbt$p,net/minecraft/world/gen/structure/StructureStrongholdPieces$Stronghold,net/minecraft/server/v1_12_R1/WorldGenStrongholdPieces$WorldGenStrongholdPiece,,,
bbt,net/minecraft/world/gen/structure/StructureStrongholdPieces,net/minecraft/server/v1_12_R1/WorldGenStrongholdPieces,,,
bbu$1,net/minecraft/world/gen/structure/MapGenStructure$1,net/minecraft/server/v1_12_R1/StructureGenerator$1,,,
bbu$2,net/minecraft/world/gen/structure/MapGenStructure$2,net/minecraft/server/v1_12_R1/StructureGenerator$2,,,
bbu$3,net/minecraft/world/gen/structure/MapGenStructure$3,net/minecraft/server/v1_12_R1/StructureGenerator$3,,,
bbu,net/minecraft/world/gen/structure/MapGenStructure,net/minecraft/server/v1_12_R1/StructureGenerator,,,
bbv,net/minecraft/world/gen/structure/MapGenStructureIO,net/minecraft/server/v1_12_R1/WorldGenFactory,,,
bbw,net/minecraft/world/gen/structure/MapGenStructureData,net/minecraft/server/v1_12_R1/PersistentStructure,,,
bbx$a,net/minecraft/world/gen/structure/StructureComponent$BlockSelector,net/minecraft/server/v1_12_R1/StructurePiece$StructurePieceBlockSelector,,,
bbx,net/minecraft/world/gen/structure/StructureComponent,net/minecraft/server/v1_12_R1/StructurePiece,,,
bby,net/minecraft/world/gen/structure/StructureStart,net/minecraft/server/v1_12_R1/StructureStart,,,
bbz,net/minecraft/world/gen/structure/StructureComponentTemplate,net/minecraft/server/v1_12_R1/DefinedStructurePiece,,,
bc$a,net/minecraft/advancements/critereon/VillagerTradeTrigger$Listeners,net/minecraft/server/v1_12_R1/CriterionTriggerVillagerTrade$a,,,
bc$b,net/minecraft/advancements/critereon/VillagerTradeTrigger$Instance,net/minecraft/server/v1_12_R1/CriterionTriggerVillagerTrade$b,,,
bc,net/minecraft/advancements/critereon/VillagerTradeTrigger,net/minecraft/server/v1_12_R1/CriterionTriggerVillagerTrade,,,
bca$a,net/minecraft/world/gen/structure/MapGenVillage$Start,net/minecraft/server/v1_12_R1/WorldGenVillage$WorldGenVillageStart,,,
bca,net/minecraft/world/gen/structure/MapGenVillage,net/minecraft/server/v1_12_R1/WorldGenVillage,,,
bcb$a,net/minecraft/world/gen/structure/StructureVillagePieces$House1,net/minecraft/server/v1_12_R1/WorldGenVillagePieces$WorldGenVillageLibrary,,,
bcb$b,net/minecraft/world/gen/structure/StructureVillagePieces$Field1,net/minecraft/server/v1_12_R1/WorldGenVillagePieces$WorldGenVillageFarm2,,,
bcb$c,net/minecraft/world/gen/structure/StructureVillagePieces$Field2,net/minecraft/server/v1_12_R1/WorldGenVillagePieces$WorldGenVillageFarm,,,
bcb$d,net/minecraft/world/gen/structure/StructureVillagePieces$Torch,net/minecraft/server/v1_12_R1/WorldGenVillagePieces$WorldGenVillageLight,,,
bcb$e,net/minecraft/world/gen/structure/StructureVillagePieces$PieceWeight,net/minecraft/server/v1_12_R1/WorldGenVillagePieces$WorldGenVillagePieceWeight,,,
bcb$f,net/minecraft/world/gen/structure/StructureVillagePieces$Hall,net/minecraft/server/v1_12_R1/WorldGenVillagePieces$WorldGenVillageButcher,,,
bcb$g,net/minecraft/world/gen/structure/StructureVillagePieces$House4Garden,net/minecraft/server/v1_12_R1/WorldGenVillagePieces$WorldGenVillageHouse,,,
bcb$h,net/minecraft/world/gen/structure/StructureVillagePieces$WoodHut,net/minecraft/server/v1_12_R1/WorldGenVillagePieces$WorldGenVillageHut,,,
bcb$i,net/minecraft/world/gen/structure/StructureVillagePieces$Church,net/minecraft/server/v1_12_R1/WorldGenVillagePieces$WorldGenVillageTemple,,,
bcb$j,net/minecraft/world/gen/structure/StructureVillagePieces$House2,net/minecraft/server/v1_12_R1/WorldGenVillagePieces$WorldGenVillageBlacksmith,,,
bcb$k,net/minecraft/world/gen/structure/StructureVillagePieces$Start,net/minecraft/server/v1_12_R1/WorldGenVillagePieces$WorldGenVillageStartPiece,,,
bcb$l,net/minecraft/world/gen/structure/StructureVillagePieces$Path,net/minecraft/server/v1_12_R1/WorldGenVillagePieces$WorldGenVillageRoad,,,
bcb$m,net/minecraft/world/gen/structure/StructureVillagePieces$House3,net/minecraft/server/v1_12_R1/WorldGenVillagePieces$WorldGenVillageHouse2,,,
bcb$n,net/minecraft/world/gen/structure/StructureVillagePieces$Village,net/minecraft/server/v1_12_R1/WorldGenVillagePieces$WorldGenVillagePiece,,,
bcb$o,net/minecraft/world/gen/structure/StructureVillagePieces$Road,net/minecraft/server/v1_12_R1/WorldGenVillagePieces$WorldGenVillageRoadPiece,,,
bcb$p,net/minecraft/world/gen/structure/StructureVillagePieces$Well,net/minecraft/server/v1_12_R1/WorldGenVillagePieces$WorldGenVillageWell,,,
bcb,net/minecraft/world/gen/structure/StructureVillagePieces,net/minecraft/server/v1_12_R1/WorldGenVillagePieces,,,
bcc$a,net/minecraft/world/gen/structure/WoodlandMansion$Start,net/minecraft/server/v1_12_R1/WorldGenWoodlandMansion$a,,,
bcc,net/minecraft/world/gen/structure/WoodlandMansion,net/minecraft/server/v1_12_R1/WorldGenWoodlandMansion,,,
bcd$a,net/minecraft/world/gen/structure/WoodlandMansionPieces$FirstFloor,net/minecraft/server/v1_12_R1/WorldGenWoodlandMansionPieces$a,,,
bcd$b,net/minecraft/world/gen/structure/WoodlandMansionPieces$RoomCollection,net/minecraft/server/v1_12_R1/WorldGenWoodlandMansionPieces$b,,,
bcd$c,net/minecraft/world/gen/structure/WoodlandMansionPieces$Grid,net/minecraft/server/v1_12_R1/WorldGenWoodlandMansionPieces$c,,,
bcd$d,net/minecraft/world/gen/structure/WoodlandMansionPieces$Placer,net/minecraft/server/v1_12_R1/WorldGenWoodlandMansionPieces$d,,,
bcd$e,net/minecraft/world/gen/structure/WoodlandMansionPieces$PlacementData,net/minecraft/server/v1_12_R1/WorldGenWoodlandMansionPieces$e,,,
bcd$f,net/minecraft/world/gen/structure/WoodlandMansionPieces$SecondFloor,net/minecraft/server/v1_12_R1/WorldGenWoodlandMansionPieces$f,,,
bcd$g,net/minecraft/world/gen/structure/WoodlandMansionPieces$SimpleGrid,net/minecraft/server/v1_12_R1/WorldGenWoodlandMansionPieces$g,,,
bcd$h,net/minecraft/world/gen/structure/WoodlandMansionPieces$ThirdFloor,net/minecraft/server/v1_12_R1/WorldGenWoodlandMansionPieces$h,,,
bcd$i,net/minecraft/world/gen/structure/WoodlandMansionPieces$MansionTemplate,net/minecraft/server/v1_12_R1/WorldGenWoodlandMansionPieces$i,,,
bcd,net/minecraft/world/gen/structure/WoodlandMansionPieces,net/minecraft/server/v1_12_R1/WorldGenWoodlandMansionPieces,,,
bcf,net/minecraft/world/gen/structure/template/BlockRotationProcessor,net/minecraft/server/v1_12_R1/DefinedStructureProcessorRotation,,,
bcg,net/minecraft/world/gen/structure/template/TemplateManager,net/minecraft/server/v1_12_R1/DefinedStructureManager,,,
bch,net/minecraft/world/gen/structure/template/PlacementSettings,net/minecraft/server/v1_12_R1/DefinedStructureInfo,,,
bci,net/minecraft/world/gen/structure/template/ITemplateProcessor,net/minecraft/server/v1_12_R1/DefinedStructureProcessor,,,
bcj$1,net/minecraft/world/gen/structure/template/Template$1,net/minecraft/server/v1_12_R1/DefinedStructure$1,,,
bcj$2,net/minecraft/world/gen/structure/template/Template$2,net/minecraft/server/v1_12_R1/DefinedStructure$2,,,
bcj$a,net/minecraft/world/gen/structure/template/Template$BasicPalette,net/minecraft/server/v1_12_R1/DefinedStructure$a,,,
bcj$b,net/minecraft/world/gen/structure/template/Template$BlockInfo,net/minecraft/server/v1_12_R1/DefinedStructure$BlockInfo,,,
bcj$c,net/minecraft/world/gen/structure/template/Template$EntityInfo,net/minecraft/server/v1_12_R1/DefinedStructure$EntityInfo,,,
bcj,net/minecraft/world/gen/structure/template/Template,net/minecraft/server/v1_12_R1/DefinedStructure,,,
bco,net/minecraft/world/gen/NoiseGeneratorImproved,net/minecraft/server/v1_12_R1/NoiseGeneratorPerlin,,,
bcp,net/minecraft/world/gen/NoiseGeneratorOctaves,net/minecraft/server/v1_12_R1/NoiseGeneratorOctaves,,,
bcq,net/minecraft/world/gen/NoiseGeneratorPerlin,net/minecraft/server/v1_12_R1/NoiseGenerator3,,,
bct,net/minecraft/world/gen/NoiseGeneratorSimplex,net/minecraft/server/v1_12_R1/NoiseGenerator3Handler,,,
bcu,net/minecraft/world/gen/NoiseGenerator,net/minecraft/server/v1_12_R1/NoiseGenerator,,,
bcw,net/minecraft/block/material/MaterialLogic,net/minecraft/server/v1_12_R1/MaterialDecoration,,,
bcx,net/minecraft/block/material/MaterialTransparent,net/minecraft/server/v1_12_R1/MaterialGas,,,
bcy,net/minecraft/block/material/MaterialLiquid,net/minecraft/server/v1_12_R1/MaterialLiquid,,,
bcz$1,net/minecraft/block/material/Material$1,net/minecraft/server/v1_12_R1/Material$1,,,
bcz,net/minecraft/block/material/Material,net/minecraft/server/v1_12_R1/Material,,,
bd$a,net/minecraft/advancements/critereon/UsedEnderEyeTrigger$Listeners,net/minecraft/server/v1_12_R1/CriterionTriggerUsedEnderEye$a,,,
bd$b,net/minecraft/advancements/critereon/UsedEnderEyeTrigger$Instance,net/minecraft/server/v1_12_R1/CriterionTriggerUsedEnderEye$b,,,
bd,net/minecraft/advancements/critereon/UsedEnderEyeTrigger,net/minecraft/server/v1_12_R1/CriterionTriggerUsedEnderEye,,,
bda,net/minecraft/block/material/MapColor,net/minecraft/server/v1_12_R1/MaterialMapColor,,,
bdb,net/minecraft/block/material/MaterialPortal,net/minecraft/server/v1_12_R1/MaterialPortal,,,
bdc,net/minecraft/block/material/EnumPushReaction,net/minecraft/server/v1_12_R1/EnumPistonReaction,,,
bde,net/minecraft/world/gen/layer/GenLayerDeepOcean,net/minecraft/server/v1_12_R1/GenLayerDeepOcean,,,
bdf$a,net/minecraft/world/gen/layer/GenLayerEdge$Mode,net/minecraft/server/v1_12_R1/GenLayerSpecial$EnumGenLayerSpecial,,,
bdf,net/minecraft/world/gen/layer/GenLayerEdge,net/minecraft/server/v1_12_R1/GenLayerSpecial,,,
bdg,net/minecraft/world/gen/layer/GenLayerAddIsland,net/minecraft/server/v1_12_R1/GenLayerIsland,,,
bdh,net/minecraft/world/gen/layer/GenLayerAddMushroomIsland,net/minecraft/server/v1_12_R1/GenLayerMushroomIsland,,,
bdi,net/minecraft/world/gen/layer/GenLayerAddSnow,net/minecraft/server/v1_12_R1/GenLayerTopSoil,,,
bdj,net/minecraft/world/gen/layer/GenLayerBiomeEdge,net/minecraft/server/v1_12_R1/GenLayerDesert,,,
bdk,net/minecraft/world/gen/layer/GenLayerBiome,net/minecraft/server/v1_12_R1/GenLayerBiome,,,
bdm,net/minecraft/world/gen/layer/GenLayerFuzzyZoom,net/minecraft/server/v1_12_R1/GenLayerZoomFuzzy,,,
bdo,net/minecraft/world/gen/layer/IntCache,net/minecraft/server/v1_12_R1/IntCache,,,
bdp,net/minecraft/world/gen/layer/GenLayerIsland,net/minecraft/server/v1_12_R1/LayerIsland,,,
bdq,net/minecraft/world/gen/layer/GenLayer,net/minecraft/server/v1_12_R1/GenLayer,,,
bdr,net/minecraft/world/gen/layer/GenLayerRareBiome,net/minecraft/server/v1_12_R1/GenLayerPlains,,,
bds,net/minecraft/world/gen/layer/GenLayerHills,net/minecraft/server/v1_12_R1/GenLayerRegionHills,,,
bdt,net/minecraft/world/gen/layer/GenLayerRemoveTooMuchOcean,net/minecraft/server/v1_12_R1/GenLayerIcePlains,,,
bdu,net/minecraft/world/gen/layer/GenLayerRiverInit,net/minecraft/server/v1_12_R1/GenLayerCleaner,,,
bdv,net/minecraft/world/gen/layer/GenLayerRiver,net/minecraft/server/v1_12_R1/GenLayerRiver,,,
bdw,net/minecraft/world/gen/layer/GenLayerRiverMix,net/minecraft/server/v1_12_R1/GenLayerRiverMix,,,
bdx,net/minecraft/world/gen/layer/GenLayerShore,net/minecraft/server/v1_12_R1/GenLayerMushroomShore,,,
bdy,net/minecraft/world/gen/layer/GenLayerSmooth,net/minecraft/server/v1_12_R1/GenLayerSmooth,,,
be$a,net/minecraft/advancements/critereon/UsedTotemTrigger$Listeners,net/minecraft/server/v1_12_R1/CriterionTriggerUsedTotem$a,,,
be$b,net/minecraft/advancements/critereon/UsedTotemTrigger$Instance,net/minecraft/server/v1_12_R1/CriterionTriggerUsedTotem$b,,,
be,net/minecraft/advancements/critereon/UsedTotemTrigger,net/minecraft/server/v1_12_R1/CriterionTriggerUsedTotem,,,
bec,net/minecraft/world/gen/layer/GenLayerVoronoiZoom,net/minecraft/server/v1_12_R1/GenLayerZoomVoronoi,,,
bed,net/minecraft/world/gen/layer/GenLayerZoom,net/minecraft/server/v1_12_R1/GenLayerZoom,,,
beg,net/minecraft/pathfinding/PathHeap,net/minecraft/server/v1_12_R1/Path,,,
beh,net/minecraft/pathfinding/PathNodeType,net/minecraft/server/v1_12_R1/PathType,,,
bei,net/minecraft/pathfinding/FlyingNodeProcessor,net/minecraft/server/v1_12_R1/PathfinderFlying,,,
bej,net/minecraft/pathfinding/PathPoint,net/minecraft/server/v1_12_R1/PathPoint,,,
bek,net/minecraft/pathfinding/NodeProcessor,net/minecraft/server/v1_12_R1/PathfinderAbstract,,,
bel,net/minecraft/pathfinding/Path,net/minecraft/server/v1_12_R1/PathEntity,,,
bem,net/minecraft/pathfinding/PathFinder,net/minecraft/server/v1_12_R1/Pathfinder,,,
ben,net/minecraft/pathfinding/SwimNodeProcessor,net/minecraft/server/v1_12_R1/PathfinderWater,,,
beo,net/minecraft/pathfinding/WalkNodeProcessor,net/minecraft/server/v1_12_R1/PathfinderNormal,,,
bes,net/minecraft/world/storage/WorldSavedDataCallableSave,net/minecraft/server/v1_12_R1/RunnableSaveScoreboard,,,
bet,net/minecraft/world/storage/WorldSavedData,net/minecraft/server/v1_12_R1/PersistentBase,,,
beu$a,net/minecraft/world/storage/MapDecoration$Type,net/minecraft/server/v1_12_R1/MapIcon$Type,,,
beu,net/minecraft/world/storage/MapDecoration,net/minecraft/server/v1_12_R1/MapIcon,,,
bev$a,net/minecraft/world/storage/MapData$MapInfo,net/minecraft/server/v1_12_R1/WorldMap$WorldMapHumanTracker,,,
bev,net/minecraft/world/storage/MapData,net/minecraft/server/v1_12_R1/WorldMap,,,
bey,net/minecraft/world/chunk/storage/AnvilSaveHandler,net/minecraft/server/v1_12_R1/ServerNBTManager,,,
bez$1,net/minecraft/world/chunk/storage/AnvilSaveConverter$1,net/minecraft/server/v1_12_R1/WorldLoaderServer$1,,,
bez,net/minecraft/world/chunk/storage/AnvilSaveConverter,net/minecraft/server/v1_12_R1/WorldLoaderServer,,,
bfa,net/minecraft/world/storage/DerivedWorldInfo,net/minecraft/server/v1_12_R1/SecondaryWorldData,,,
bfb,net/minecraft/world/storage/SaveHandler,net/minecraft/server/v1_12_R1/WorldNBTStorage,,,
bfc,net/minecraft/world/storage/SaveFormatOld,net/minecraft/server/v1_12_R1/WorldLoader,,,
bfd$1,net/minecraft/world/storage/WorldInfo$1,net/minecraft/server/v1_12_R1/WorldData$1,,,
bfd$10,net/minecraft/world/storage/WorldInfo$9,net/minecraft/server/v1_12_R1/WorldData$10,,,
bfd$2,net/minecraft/world/storage/WorldInfo$10,net/minecraft/server/v1_12_R1/WorldData$2,,,
bfd$3,net/minecraft/world/storage/WorldInfo$2,net/minecraft/server/v1_12_R1/WorldData$3,,,
bfd$4,net/minecraft/world/storage/WorldInfo$3,net/minecraft/server/v1_12_R1/WorldData$4,,,
bfd$5,net/minecraft/world/storage/WorldInfo$4,net/minecraft/server/v1_12_R1/WorldData$5,,,
bfd$6,net/minecraft/world/storage/WorldInfo$5,net/minecraft/server/v1_12_R1/WorldData$6,,,
bfd$7,net/minecraft/world/storage/WorldInfo$6,net/minecraft/server/v1_12_R1/WorldData$7,,,
bfd$8,net/minecraft/world/storage/WorldInfo$7,net/minecraft/server/v1_12_R1/WorldData$8,,,
bfd$9,net/minecraft/world/storage/WorldInfo$8,net/minecraft/server/v1_12_R1/WorldData$9,,,
bfd,net/minecraft/world/storage/WorldInfo,net/minecraft/server/v1_12_R1/WorldData,,,
bfe,net/minecraft/world/storage/ISaveHandler,net/minecraft/server/v1_12_R1/IDataManager,,,
bfg,net/minecraft/world/storage/ISaveFormat,net/minecraft/server/v1_12_R1/Convertable,,,
bfk,net/minecraft/world/storage/IPlayerFileData,net/minecraft/server/v1_12_R1/IPlayerFileData,,,
bfm,net/minecraft/world/storage/MapStorage,net/minecraft/server/v1_12_R1/PersistentCollection,,,
bfn,net/minecraft/world/storage/loot/LootTableList,net/minecraft/server/v1_12_R1/LootTables,,,
bfo,net/minecraft/world/storage/loot/LootEntryEmpty,net/minecraft/server/v1_12_R1/LootSelectorEmpty,,,
bfp,net/minecraft/world/storage/loot/LootEntryItem,net/minecraft/server/v1_12_R1/LootItem,,,
bfq$a,net/minecraft/world/storage/loot/LootPool$Serializer,net/minecraft/server/v1_12_R1/LootSelector$a,,,
bfq,net/minecraft/world/storage/loot/LootPool,net/minecraft/server/v1_12_R1/LootSelector,,,
bfr$a,net/minecraft/world/storage/loot/LootEntry$Serializer,net/minecraft/server/v1_12_R1/LotoSelectorEntry$a,,,
bfr,net/minecraft/world/storage/loot/LootEntry,net/minecraft/server/v1_12_R1/LotoSelectorEntry,,,
bfs$a,net/minecraft/world/storage/loot/LootTable$Serializer,net/minecraft/server/v1_12_R1/LootTable$a,,,
bfs,net/minecraft/world/storage/loot/LootTable,net/minecraft/server/v1_12_R1/LootTable,,,
bft$a,net/minecraft/world/storage/loot/LootContext$Builder,net/minecraft/server/v1_12_R1/LootTableInfo$a,,,
bft$b$a,net/minecraft/world/storage/loot/LootContext$EntityTarget$Serializer,net/minecraft/server/v1_12_R1/LootTableInfo$EntityTarget$a,,,
bft$b,net/minecraft/world/storage/loot/LootContext$EntityTarget,net/minecraft/server/v1_12_R1/LootTableInfo$EntityTarget,,,
bft,net/minecraft/world/storage/loot/LootContext,net/minecraft/server/v1_12_R1/LootTableInfo,,,
bfu,net/minecraft/world/storage/loot/LootEntryTable,net/minecraft/server/v1_12_R1/LootSelectorLootTable,,,
bfv$a,net/minecraft/world/storage/loot/LootTableManager$Loader,net/minecraft/server/v1_12_R1/LootTableRegistry$a,,,
bfv,net/minecraft/world/storage/loot/LootTableManager,net/minecraft/server/v1_12_R1/LootTableRegistry,,,
bfw$a,net/minecraft/world/storage/loot/RandomValueRange$Serializer,net/minecraft/server/v1_12_R1/LootValueBounds$a,,,
bfw,net/minecraft/world/storage/loot/RandomValueRange,net/minecraft/server/v1_12_R1/LootValueBounds,,,
bfx$a,net/minecraft/world/storage/loot/functions/EnchantRandomly$Serializer,net/minecraft/server/v1_12_R1/LootItemFunctionEnchant$a,,,
bfx,net/minecraft/world/storage/loot/functions/EnchantRandomly,net/minecraft/server/v1_12_R1/LootItemFunctionEnchant,,,
bfy$a,net/minecraft/world/storage/loot/functions/EnchantWithLevels$Serializer,net/minecraft/server/v1_12_R1/LootEnchantLevel$a,,,
bfy,net/minecraft/world/storage/loot/functions/EnchantWithLevels,net/minecraft/server/v1_12_R1/LootEnchantLevel,,,
bfz$a,net/minecraft/world/storage/loot/functions/LootFunction$Serializer,net/minecraft/server/v1_12_R1/LootItemFunction$a,,,
bfz,net/minecraft/world/storage/loot/functions/LootFunction,net/minecraft/server/v1_12_R1/LootItemFunction,,,
bga$a,net/minecraft/world/storage/loot/functions/LootFunctionManager$Serializer,net/minecraft/server/v1_12_R1/LootItemFunctions$a,,,
bga,net/minecraft/world/storage/loot/functions/LootFunctionManager,net/minecraft/server/v1_12_R1/LootItemFunctions,,,
bgb$a,net/minecraft/world/storage/loot/functions/LootingEnchantBonus$Serializer,net/minecraft/server/v1_12_R1/LootEnchantFunction$a,,,
bgb,net/minecraft/world/storage/loot/functions/LootingEnchantBonus,net/minecraft/server/v1_12_R1/LootEnchantFunction,,,
bgc$a,net/minecraft/world/storage/loot/functions/SetAttributes$Modifier,net/minecraft/server/v1_12_R1/LootItemFunctionSetAttribute$a,,,
bgc$b,net/minecraft/world/storage/loot/functions/SetAttributes$Serializer,net/minecraft/server/v1_12_R1/LootItemFunctionSetAttribute$b,,,
bgc,net/minecraft/world/storage/loot/functions/SetAttributes,net/minecraft/server/v1_12_R1/LootItemFunctionSetAttribute,,,
bgd$a,net/minecraft/world/storage/loot/functions/SetCount$Serializer,net/minecraft/server/v1_12_R1/LootItemFunctionSetCount$a,,,
bgd,net/minecraft/world/storage/loot/functions/SetCount,net/minecraft/server/v1_12_R1/LootItemFunctionSetCount,,,
bge$a,net/minecraft/world/storage/loot/functions/SetDamage$Serializer,net/minecraft/server/v1_12_R1/LootItemFunctionSetDamage$a,,,
bge,net/minecraft/world/storage/loot/functions/SetDamage,net/minecraft/server/v1_12_R1/LootItemFunctionSetDamage,,,
bgf$a,net/minecraft/world/storage/loot/functions/SetMetadata$Serializer,net/minecraft/server/v1_12_R1/LootItemFunctionSetData$a,,,
bgf,net/minecraft/world/storage/loot/functions/SetMetadata,net/minecraft/server/v1_12_R1/LootItemFunctionSetData,,,
bgg$a,net/minecraft/world/storage/loot/functions/SetNBT$Serializer,net/minecraft/server/v1_12_R1/LootItemFunctionSetTag$a,,,
bgg,net/minecraft/world/storage/loot/functions/SetNBT,net/minecraft/server/v1_12_R1/LootItemFunctionSetTag,,,
bgh$a,net/minecraft/world/storage/loot/functions/Smelt$Serializer,net/minecraft/server/v1_12_R1/LootItemFunctionSmelt$a,,,
bgh,net/minecraft/world/storage/loot/functions/Smelt,net/minecraft/server/v1_12_R1/LootItemFunctionSmelt,,,
bgk$a,net/minecraft/world/storage/loot/conditions/EntityHasScore$Serializer,net/minecraft/server/v1_12_R1/LootItemConditionEntityScore$a,,,
bgk,net/minecraft/world/storage/loot/conditions/EntityHasScore,net/minecraft/server/v1_12_R1/LootItemConditionEntityScore,,,
bgl$a,net/minecraft/world/storage/loot/conditions/LootCondition$Serializer,net/minecraft/server/v1_12_R1/LootItemCondition$a,,,
bgl,net/minecraft/world/storage/loot/conditions/LootCondition,net/minecraft/server/v1_12_R1/LootItemCondition,,,
bgm$a,net/minecraft/world/storage/loot/conditions/LootConditionManager$Serializer,net/minecraft/server/v1_12_R1/LootItemConditions$a,,,
bgm,net/minecraft/world/storage/loot/conditions/LootConditionManager,net/minecraft/server/v1_12_R1/LootItemConditions,,,
bgn$a,net/minecraft/world/storage/loot/conditions/EntityHasProperty$Serializer,net/minecraft/server/v1_12_R1/LootItemConditionEntityProperty$a,,,
bgn,net/minecraft/world/storage/loot/conditions/EntityHasProperty,net/minecraft/server/v1_12_R1/LootItemConditionEntityProperty,,,
bgo$a,net/minecraft/world/storage/loot/conditions/KilledByPlayer$Serializer,net/minecraft/server/v1_12_R1/LootItemConditionKilledByPlayer$a,,,
bgo,net/minecraft/world/storage/loot/conditions/KilledByPlayer,net/minecraft/server/v1_12_R1/LootItemConditionKilledByPlayer,,,
bgp$a,net/minecraft/world/storage/loot/conditions/RandomChance$Serializer,net/minecraft/server/v1_12_R1/LootItemConditionRandomChance$a,,,
bgp,net/minecraft/world/storage/loot/conditions/RandomChance,net/minecraft/server/v1_12_R1/LootItemConditionRandomChance,,,
bgq$a,net/minecraft/world/storage/loot/conditions/RandomChanceWithLooting$Serializer,net/minecraft/server/v1_12_R1/LootItemConditionRandomChanceWithLooting$a,,,
bgq,net/minecraft/world/storage/loot/conditions/RandomChanceWithLooting,net/minecraft/server/v1_12_R1/LootItemConditionRandomChanceWithLooting,,,
bgs,net/minecraft/world/storage/loot/properties/EntityPropertyManager,net/minecraft/server/v1_12_R1/LootEntityProperties,,,
bgt$a,net/minecraft/world/storage/loot/properties/EntityProperty$Serializer,net/minecraft/server/v1_12_R1/LootEntityProperty$a,,,
bgt,net/minecraft/world/storage/loot/properties/EntityProperty,net/minecraft/server/v1_12_R1/LootEntityProperty,,,
bgu$a,net/minecraft/world/storage/loot/properties/EntityOnFire$Serializer,net/minecraft/server/v1_12_R1/LootEntityPropertyOnFire$a,,,
bgu,net/minecraft/world/storage/loot/properties/EntityOnFire,net/minecraft/server/v1_12_R1/LootEntityPropertyOnFire,,,
bgx,net/minecraft/world/storage/ThreadedFileIOBase,net/minecraft/server/v1_12_R1/FileIOThread,,,
bgy,net/minecraft/world/storage/IThreadedFileIO,net/minecraft/server/v1_12_R1/IAsyncChunkSaver,,,
bh,net/minecraft/command/ICommandListener,net/minecraft/server/v1_12_R1/ICommandDispatcher,,,
bhb,net/minecraft/util/math/AxisAlignedBB,net/minecraft/server/v1_12_R1/AxisAlignedBB,,,
bhc$a,net/minecraft/util/math/RayTraceResult$Type,net/minecraft/server/v1_12_R1/MovingObjectPosition$EnumMovingObjectType,,,
bhc,net/minecraft/util/math/RayTraceResult,net/minecraft/server/v1_12_R1/MovingObjectPosition,,,
bhe,net/minecraft/util/math/Vec3d,net/minecraft/server/v1_12_R1/Vec3D,,,
bhg,net/minecraft/scoreboard/ScoreObjective,net/minecraft/server/v1_12_R1/ScoreboardObjective,,,
bhh,net/minecraft/scoreboard/ScorePlayerTeam,net/minecraft/server/v1_12_R1/ScoreboardTeam,,,
bhi$1,net/minecraft/scoreboard/Score$1,net/minecraft/server/v1_12_R1/ScoreboardScore$1,,,
bhi,net/minecraft/scoreboard/Score,net/minecraft/server/v1_12_R1/ScoreboardScore,,,
bhk,net/minecraft/scoreboard/Scoreboard,net/minecraft/server/v1_12_R1/Scoreboard,,,
bhl,net/minecraft/scoreboard/ScoreboardSaveData,net/minecraft/server/v1_12_R1/PersistentScoreboard,,,
bhm$a,net/minecraft/scoreboard/Team$CollisionRule,net/minecraft/server/v1_12_R1/ScoreboardTeamBase$EnumTeamPush,,,
bhm$b,net/minecraft/scoreboard/Team$EnumVisible,net/minecraft/server/v1_12_R1/ScoreboardTeamBase$EnumNameTagVisibility,,,
bhm,net/minecraft/scoreboard/Team,net/minecraft/server/v1_12_R1/ScoreboardTeamBase,,,
bhn,net/minecraft/scoreboard/ScoreCriteriaColored,net/minecraft/server/v1_12_R1/ScoreboardCriteriaInteger,,,
bho,net/minecraft/scoreboard/ScoreCriteria,net/minecraft/server/v1_12_R1/ScoreboardBaseCriteria,,,
bhp,net/minecraft/scoreboard/ScoreCriteriaHealth,net/minecraft/server/v1_12_R1/ScoreboardHealthCriteria,,,
bhq$a,net/minecraft/scoreboard/IScoreCriteria$EnumRenderType,net/minecraft/server/v1_12_R1/IScoreboardCriteria$EnumScoreboardHealthDisplay,,,
bhq,net/minecraft/scoreboard/IScoreCriteria,net/minecraft/server/v1_12_R1/IScoreboardCriteria,,,
bhr,net/minecraft/scoreboard/ScoreCriteriaReadOnly,net/minecraft/server/v1_12_R1/ScoreboardReadOnlyCriteria,,,
bhs,net/minecraft/scoreboard/ScoreCriteriaStat,net/minecraft/server/v1_12_R1/ScoreboardStatisticCriteria,,,
bi$1,net/minecraft/command/CommandBase$1,net/minecraft/server/v1_12_R1/CommandAbstract$1,,,
bi$2,net/minecraft/command/CommandBase$2,net/minecraft/server/v1_12_R1/CommandAbstract$2,,,
bi$a,net/minecraft/command/CommandBase$CoordinateArg,net/minecraft/server/v1_12_R1/CommandAbstract$CommandNumber,,,
bi,net/minecraft/command/CommandBase,net/minecraft/server/v1_12_R1/CommandAbstract,,,
bj,net/minecraft/command/CommandHandler,net/minecraft/server/v1_12_R1/CommandHandler,,,
bk,net/minecraft/command/ICommand,net/minecraft/server/v1_12_R1/ICommand,,,
bl,net/minecraft/command/ICommandManager,net/minecraft/server/v1_12_R1/ICommandHandler,,,
bm$a,net/minecraft/command/FunctionObject$CacheableFunction,net/minecraft/server/v1_12_R1/CustomFunction$a,,,
bm$b,net/minecraft/command/FunctionObject$CommandEntry,net/minecraft/server/v1_12_R1/CustomFunction$b,,,
bm$c,net/minecraft/command/FunctionObject$Entry,net/minecraft/server/v1_12_R1/CustomFunction$c,,,
bm$d,net/minecraft/command/FunctionObject$FunctionEntry,net/minecraft/server/v1_12_R1/CustomFunction$d,,,
bm,net/minecraft/command/FunctionObject,net/minecraft/server/v1_12_R1/CustomFunction,,,
bn,net/minecraft/command/ICommandSender,net/minecraft/server/v1_12_R1/ICommandListener,,,
bo,net/minecraft/command/CommandSenderWrapper,net/minecraft/server/v1_12_R1/CommandListenerWrapper,,,
bp$1,net/minecraft/command/CommandResultStats$1,net/minecraft/server/v1_12_R1/CommandObjectiveExecutor$1,,,
bp$a,net/minecraft/command/CommandResultStats$Type,net/minecraft/server/v1_12_R1/CommandObjectiveExecutor$EnumCommandResult,,,
bp,net/minecraft/command/CommandResultStats,net/minecraft/server/v1_12_R1/CommandObjectiveExecutor,,,
bq$1,net/minecraft/command/EntitySelector$1,net/minecraft/server/v1_12_R1/PlayerSelector$1,,,
bq$10,net/minecraft/command/EntitySelector$5,net/minecraft/server/v1_12_R1/PlayerSelector$10,,,
bq$11,net/minecraft/command/EntitySelector$6,net/minecraft/server/v1_12_R1/PlayerSelector$11,,,
bq$12,net/minecraft/command/EntitySelector$7,net/minecraft/server/v1_12_R1/PlayerSelector$12,,,
bq$13,net/minecraft/command/EntitySelector$8,net/minecraft/server/v1_12_R1/PlayerSelector$13,,,
bq$14,net/minecraft/command/EntitySelector$9,net/minecraft/server/v1_12_R1/PlayerSelector$14,,,
bq$2,net/minecraft/command/EntitySelector$10,net/minecraft/server/v1_12_R1/PlayerSelector$2,,,
bq$3,net/minecraft/command/EntitySelector$11,net/minecraft/server/v1_12_R1/PlayerSelector$3,,,
bq$4,net/minecraft/command/EntitySelector$12,net/minecraft/server/v1_12_R1/PlayerSelector$4,,,
bq$5,net/minecraft/command/EntitySelector$13,net/minecraft/server/v1_12_R1/PlayerSelector$5,,,
bq$6,net/minecraft/command/EntitySelector$14,net/minecraft/server/v1_12_R1/PlayerSelector$6,,,
bq$7,net/minecraft/command/EntitySelector$2,net/minecraft/server/v1_12_R1/PlayerSelector$7,,,
bq$8,net/minecraft/command/EntitySelector$3,net/minecraft/server/v1_12_R1/PlayerSelector$8,,,
bq$9,net/minecraft/command/EntitySelector$4,net/minecraft/server/v1_12_R1/PlayerSelector$9,,,
bq,net/minecraft/command/EntitySelector,net/minecraft/server/v1_12_R1/PlayerSelector,,,
br$a$1,net/minecraft/command/AdvancementCommand$ActionType$1,net/minecraft/server/v1_12_R1/CommandAdvancement$Action$1,,,
br$a$2,net/minecraft/command/AdvancementCommand$ActionType$2,net/minecraft/server/v1_12_R1/CommandAdvancement$Action$2,,,
br$a,net/minecraft/command/AdvancementCommand$ActionType,net/minecraft/server/v1_12_R1/CommandAdvancement$Action,,,
br$b,net/minecraft/command/AdvancementCommand$Mode,net/minecraft/server/v1_12_R1/CommandAdvancement$Filter,,,
br,net/minecraft/command/AdvancementCommand,net/minecraft/server/v1_12_R1/CommandAdvancement,,,
bs,net/minecraft/command/server/CommandBanIp,net/minecraft/server/v1_12_R1/CommandBanIp,,,
bt,net/minecraft/command/server/CommandListBans,net/minecraft/server/v1_12_R1/CommandBanList,,,
bu,net/minecraft/command/server/CommandBanPlayer,net/minecraft/server/v1_12_R1/CommandBan,,,
bv,net/minecraft/command/CommandBlockData,net/minecraft/server/v1_12_R1/CommandBlockData,,,
bw,net/minecraft/command/CommandClearInventory,net/minecraft/server/v1_12_R1/CommandClear,,,
bx$a,net/minecraft/command/CommandClone$StaticCloneData,net/minecraft/server/v1_12_R1/CommandClone$CommandCloneStoredTileEntity,,,
bx,net/minecraft/command/CommandClone,net/minecraft/server/v1_12_R1/CommandClone,,,
by,net/minecraft/command/server/CommandDeOp,net/minecraft/server/v1_12_R1/CommandDeop,,,
bz,net/minecraft/command/CommandDebug,net/minecraft/server/v1_12_R1/CommandDebug,,,
c$1,net/minecraft/crash/CrashReportCategory$1,net/minecraft/server/v1_12_R1/CrashReportSystemDetails$1,,,
c$2,net/minecraft/crash/CrashReportCategory$2,net/minecraft/server/v1_12_R1/CrashReportSystemDetails$2,,,
c$3,net/minecraft/crash/CrashReportCategory$3,net/minecraft/server/v1_12_R1/CrashReportSystemDetails$3,,,
c$6,net/minecraft/crash/CrashReportCategory$6,net/minecraft/server/v1_12_R1/CrashReportSystemDetails$6,,,
c$7,net/minecraft/crash/CrashReportCategory$7,net/minecraft/server/v1_12_R1/CrashReportSystemDetails$7,,,
c$a,net/minecraft/crash/CrashReportCategory$Entry,net/minecraft/server/v1_12_R1/CrashReportSystemDetails$CrashReportDetail,,,
c,net/minecraft/crash/CrashReportCategory,net/minecraft/server/v1_12_R1/CrashReportSystemDetails,,,
ca,net/minecraft/command/CommandDefaultGameMode,net/minecraft/server/v1_12_R1/CommandGamemodeDefault,,,
cb,net/minecraft/command/CommandEffect,net/minecraft/server/v1_12_R1/CommandEffect,,,
cc,net/minecraft/command/server/CommandEmote,net/minecraft/server/v1_12_R1/CommandMe,,,
cd,net/minecraft/command/CommandEnchant,net/minecraft/server/v1_12_R1/CommandEnchant,,,
ce,net/minecraft/command/CommandEntityData,net/minecraft/server/v1_12_R1/CommandEntityData,,,
cf,net/minecraft/command/CommandExecuteAt,net/minecraft/server/v1_12_R1/CommandExecute,,,
cg,net/minecraft/command/CommandXP,net/minecraft/server/v1_12_R1/CommandXp,,,
ch,net/minecraft/command/CommandFill,net/minecraft/server/v1_12_R1/CommandFill,,,
ci,net/minecraft/command/CommandFunction,net/minecraft/server/v1_12_R1/CommandFunction,,,
cj,net/minecraft/command/CommandDifficulty,net/minecraft/server/v1_12_R1/CommandDifficulty,,,
ck,net/minecraft/command/CommandGameMode,net/minecraft/server/v1_12_R1/CommandGamemode,,,
cl,net/minecraft/command/CommandGameRule,net/minecraft/server/v1_12_R1/CommandGamerule,,,
cm,net/minecraft/command/CommandGive,net/minecraft/server/v1_12_R1/CommandGive,,,
cn,net/minecraft/command/CommandHelp,net/minecraft/server/v1_12_R1/CommandHelp,,,
co,net/minecraft/command/CommandServerKick,net/minecraft/server/v1_12_R1/CommandKick,,,
cp,net/minecraft/command/CommandKill,net/minecraft/server/v1_12_R1/CommandKill,,,
cq,net/minecraft/command/server/CommandListPlayers,net/minecraft/server/v1_12_R1/CommandList,,,
cr,net/minecraft/command/CommandLocate,net/minecraft/server/v1_12_R1/CommandLocate,,,
cs,net/minecraft/command/server/CommandMessage,net/minecraft/server/v1_12_R1/CommandTell,,,
ct,net/minecraft/command/server/CommandOp,net/minecraft/server/v1_12_R1/CommandOp,,,
cu,net/minecraft/command/server/CommandPardonIp,net/minecraft/server/v1_12_R1/CommandPardonIP,,,
cv,net/minecraft/command/server/CommandPardonPlayer,net/minecraft/server/v1_12_R1/CommandPardon,,,
cw,net/minecraft/command/CommandParticle,net/minecraft/server/v1_12_R1/CommandParticle,,,
cx,net/minecraft/command/CommandPlaySound,net/minecraft/server/v1_12_R1/CommandPlaySound,,,
cy,net/minecraft/command/server/CommandPublishLocalServer,net/minecraft/server/v1_12_R1/CommandPublish,,,
cz,net/minecraft/command/RecipeCommand,net/minecraft/server/v1_12_R1/CommandRecipe,,,
d,net/minecraft/crash/ICrashReportDetail,net/minecraft/server/v1_12_R1/CrashReportCallable,,,
da,net/minecraft/command/CommandReload,net/minecraft/server/v1_12_R1/CommandReload,,,
db,net/minecraft/command/CommandReplaceItem,net/minecraft/server/v1_12_R1/CommandReplaceItem,,,
dc,net/minecraft/command/server/CommandSaveAll,net/minecraft/server/v1_12_R1/CommandSaveAll,,,
dd,net/minecraft/command/server/CommandSaveOff,net/minecraft/server/v1_12_R1/CommandSaveOff,,,
de,net/minecraft/command/server/CommandSaveOn,net/minecraft/server/v1_12_R1/CommandSaveOn,,,
df,net/minecraft/command/server/CommandBroadcast,net/minecraft/server/v1_12_R1/CommandSay,,,
dg,net/minecraft/command/server/CommandScoreboard,net/minecraft/server/v1_12_R1/CommandScoreboard,,,
dh,net/minecraft/command/ServerCommandManager,net/minecraft/server/v1_12_R1/CommandDispatcher,,,
di,net/minecraft/command/server/CommandSetBlock,net/minecraft/server/v1_12_R1/CommandSetBlock,,,
dj,net/minecraft/command/CommandSetPlayerTimeout,net/minecraft/server/v1_12_R1/CommandIdleTimeout,,,
dk,net/minecraft/command/CommandSetSpawnpoint,net/minecraft/server/v1_12_R1/CommandSpawnpoint,,,
dl,net/minecraft/command/server/CommandSetDefaultSpawnpoint,net/minecraft/server/v1_12_R1/CommandSetWorldSpawn,,,
dm,net/minecraft/command/CommandShowSeed,net/minecraft/server/v1_12_R1/CommandSeed,,,
dn$a,net/minecraft/command/CommandSpreadPlayers$Position,net/minecraft/server/v1_12_R1/CommandSpreadPlayers$Location2D,,,
dn,net/minecraft/command/CommandSpreadPlayers,net/minecraft/server/v1_12_R1/CommandSpreadPlayers,,,
dp,net/minecraft/command/CommandStats,net/minecraft/server/v1_12_R1/CommandStats,,,
dq,net/minecraft/command/server/CommandStop,net/minecraft/server/v1_12_R1/CommandStop,,,
dr,net/minecraft/command/CommandStopSound,net/minecraft/server/v1_12_R1/CommandStopSound,,,
ds,net/minecraft/command/server/CommandSummon,net/minecraft/server/v1_12_R1/CommandSummon,,,
dt,net/minecraft/command/server/CommandTeleport,net/minecraft/server/v1_12_R1/CommandTeleport,,,
du,net/minecraft/command/server/CommandMessageRaw,net/minecraft/server/v1_12_R1/CommandTellRaw,,,
dw,net/minecraft/command/server/CommandTestForBlock,net/minecraft/server/v1_12_R1/CommandTestForBlock,,,
dx,net/minecraft/command/CommandCompare,net/minecraft/server/v1_12_R1/CommandTestForBlocks,,,
dy,net/minecraft/command/server/CommandTestFor,net/minecraft/server/v1_12_R1/CommandTestFor,,,
dz,net/minecraft/command/CommandTime,net/minecraft/server/v1_12_R1/CommandTime,,,
ea,net/minecraft/command/CommandTitle,net/minecraft/server/v1_12_R1/CommandTitle,,,
eb,net/minecraft/command/CommandToggleDownfall,net/minecraft/server/v1_12_R1/CommandToggleDownfall,,,
ec,net/minecraft/command/CommandTP,net/minecraft/server/v1_12_R1/CommandTp,,,
ed,net/minecraft/command/CommandTrigger,net/minecraft/server/v1_12_R1/CommandTrigger,,,
ee,net/minecraft/command/CommandWeather,net/minecraft/server/v1_12_R1/CommandWeather,,,
ef,net/minecraft/command/server/CommandWhitelist,net/minecraft/server/v1_12_R1/CommandWhitelist,,,
eg,net/minecraft/command/CommandWorldBorder,net/minecraft/server/v1_12_R1/CommandWorldBorder,,,
ei,net/minecraft/command/CommandException,net/minecraft/server/v1_12_R1/CommandException,,,
ej,net/minecraft/command/EntityNotFoundException,net/minecraft/server/v1_12_R1/ExceptionEntityNotFound,,,
ek,net/minecraft/command/InvalidBlockStateException,net/minecraft/server/v1_12_R1/ExceptionInvalidBlockState,,,
el,net/minecraft/command/NumberInvalidException,net/minecraft/server/v1_12_R1/ExceptionInvalidNumber,,,
em,net/minecraft/command/SyntaxErrorException,net/minecraft/server/v1_12_R1/ExceptionInvalidSyntax,,,
en,net/minecraft/command/PlayerNotFoundException,net/minecraft/server/v1_12_R1/ExceptionPlayerNotFound,,,
eo,net/minecraft/command/CommandNotFoundException,net/minecraft/server/v1_12_R1/ExceptionUnknownCommand,,,
ep,net/minecraft/command/WrongUsageException,net/minecraft/server/v1_12_R1/ExceptionUsage,,,
et$1$1,net/minecraft/util/math/BlockPos$1$1,net/minecraft/server/v1_12_R1/BlockPosition$1$1,,,
et$1,net/minecraft/util/math/BlockPos$1,net/minecraft/server/v1_12_R1/BlockPosition$1,,,
et$2$1,net/minecraft/util/math/BlockPos$2$1,net/minecraft/server/v1_12_R1/BlockPosition$2$1,,,
et$2,net/minecraft/util/math/BlockPos$2,net/minecraft/server/v1_12_R1/BlockPosition$2,,,
et$a,net/minecraft/util/math/BlockPos$MutableBlockPos,net/minecraft/server/v1_12_R1/BlockPosition$MutableBlockPosition,,,
et$b,net/minecraft/util/math/BlockPos$PooledMutableBlockPos,net/minecraft/server/v1_12_R1/BlockPosition$PooledBlockPosition,,,
et,net/minecraft/util/math/BlockPos,net/minecraft/server/v1_12_R1/BlockPosition,,,
eu,net/minecraft/dispenser/IBlockSource,net/minecraft/server/v1_12_R1/ISourceBlock,,,
ev,net/minecraft/block/BlockSourceImpl,net/minecraft/server/v1_12_R1/SourceBlock,,,
ew$a,net/minecraft/util/math/Cartesian$GetList,net/minecraft/server/v1_12_R1/IteratorUtils$ArrayToList,,,
ew$b$a,net/minecraft/util/math/Cartesian$Product$ProductIterator,net/minecraft/server/v1_12_R1/IteratorUtils$ClassIterable$ClassIterator,,,
ew$b,net/minecraft/util/math/Cartesian$Product,net/minecraft/server/v1_12_R1/IteratorUtils$ClassIterable,,,
ew,net/minecraft/util/math/Cartesian,net/minecraft/server/v1_12_R1/IteratorUtils,,,
ex,net/minecraft/dispenser/BehaviorDefaultDispenseItem,net/minecraft/server/v1_12_R1/DispenseBehaviorItem,,,
ey,net/minecraft/util/registry/RegistryNamespacedDefaultedByKey,net/minecraft/server/v1_12_R1/RegistryBlocks,,,
ez,net/minecraft/util/registry/RegistryDefaulted,net/minecraft/server/v1_12_R1/RegistryDefault,,,
f,net/minecraft/util/ReportedException,net/minecraft/server/v1_12_R1/ReportedException,,,
fa$a,net/minecraft/util/EnumFacing$Axis,net/minecraft/server/v1_12_R1/EnumDirection$EnumAxis,,,
fa$b,net/minecraft/util/EnumFacing$AxisDirection,net/minecraft/server/v1_12_R1/EnumDirection$EnumAxisDirection,,,
fa$c,net/minecraft/util/EnumFacing$Plane,net/minecraft/server/v1_12_R1/EnumDirection$EnumDirectionLimit,,,
fa,net/minecraft/util/EnumFacing,net/minecraft/server/v1_12_R1/EnumDirection,,,
fb$1,net/minecraft/dispenser/IBehaviorDispenseItem$1,net/minecraft/server/v1_12_R1/IDispenseBehavior$1,,,
fb,net/minecraft/dispenser/IBehaviorDispenseItem,net/minecraft/server/v1_12_R1/IDispenseBehavior,,,
fc,net/minecraft/util/IObjectIntIterable,net/minecraft/server/v1_12_R1/Registry,,,
fd,net/minecraft/util/ObjectIntIdentityMap,net/minecraft/server/v1_12_R1/RegistryBlockID,,,
fe,net/minecraft/dispenser/ILocatableSource,net/minecraft/server/v1_12_R1/ILocationSource,,,
ff,net/minecraft/dispenser/ILocation,net/minecraft/server/v1_12_R1/ISource,,,
fg,net/minecraft/util/MapPopulator,net/minecraft/server/v1_12_R1/MapGeneratorUtils,,,
fh,net/minecraft/util/registry/RegistryNamespaced,net/minecraft/server/v1_12_R1/RegistryMaterials,,,
fi,net/minecraft/util/NonNullList,net/minecraft/server/v1_12_R1/NonNullList,,,
fj,net/minecraft/util/EnumParticleTypes,net/minecraft/server/v1_12_R1/EnumParticle,,,
fk,net/minecraft/dispenser/IPosition,net/minecraft/server/v1_12_R1/IPosition,,,
fl,net/minecraft/dispenser/PositionImpl,net/minecraft/server/v1_12_R1/Position,,,
fm,net/minecraft/util/registry/IRegistry,net/minecraft/server/v1_12_R1/IRegistry,,,
fn,net/minecraft/util/math/Rotations,net/minecraft/server/v1_12_R1/Vector3f,,,
fo,net/minecraft/util/registry/RegistrySimple,net/minecraft/server/v1_12_R1/RegistrySimple,,,
fq,net/minecraft/util/math/Vec3i,net/minecraft/server/v1_12_R1/BaseBlockPosition,,,
ft,net/minecraft/util/text/translation/I18n,net/minecraft/server/v1_12_R1/LocaleI18n,,,
fu,net/minecraft/util/text/translation/LanguageMap,net/minecraft/server/v1_12_R1/LocaleLanguage,,,
fw,net/minecraft/nbt/NBTTagByteArray,net/minecraft/server/v1_12_R1/NBTTagByteArray,,,
fx,net/minecraft/nbt/NBTTagByte,net/minecraft/server/v1_12_R1/NBTTagByte,,,
fy$1,net/minecraft/nbt/NBTTagCompound$1,net/minecraft/server/v1_12_R1/NBTTagCompound$1,,,
fy$2,net/minecraft/nbt/NBTTagCompound$2,net/minecraft/server/v1_12_R1/NBTTagCompound$2,,,
fy,net/minecraft/nbt/NBTTagCompound,net/minecraft/server/v1_12_R1/NBTTagCompound,,,
fz,net/minecraft/nbt/NBTTagDouble,net/minecraft/server/v1_12_R1/NBTTagDouble,,,
g,net/minecraft/util/ChatAllowedCharacters,net/minecraft/server/v1_12_R1/SharedConstants,,,
ga,net/minecraft/nbt/NBTTagEnd,net/minecraft/server/v1_12_R1/NBTTagEnd,,,
gb,net/minecraft/nbt/NBTTagFloat,net/minecraft/server/v1_12_R1/NBTTagFloat,,,
gc,net/minecraft/nbt/NBTTagIntArray,net/minecraft/server/v1_12_R1/NBTTagIntArray,,,
gd,net/minecraft/nbt/NBTTagInt,net/minecraft/server/v1_12_R1/NBTTagInt,,,
ge,net/minecraft/nbt/NBTTagList,net/minecraft/server/v1_12_R1/NBTTagList,,,
gf,net/minecraft/nbt/NBTTagLongArray,net/minecraft/server/v1_12_R1/NBTTagLongArray,,,
gg,net/minecraft/nbt/NBTTagLong,net/minecraft/server/v1_12_R1/NBTTagLong,,,
gh$1,net/minecraft/nbt/NBTSizeTracker$1,net/minecraft/server/v1_12_R1/NBTReadLimiter$1,,,
gh,net/minecraft/nbt/NBTSizeTracker,net/minecraft/server/v1_12_R1/NBTReadLimiter,,,
gi,net/minecraft/nbt/CompressedStreamTools,net/minecraft/server/v1_12_R1/NBTCompressedStreamTools,,,
gj,net/minecraft/nbt/NBTUtil,net/minecraft/server/v1_12_R1/GameProfileSerializer,,,
gk,net/minecraft/nbt/NBTPrimitive,net/minecraft/server/v1_12_R1/NBTNumber,,,
gl,net/minecraft/nbt/NBTTagShort,net/minecraft/server/v1_12_R1/NBTTagShort,,,
gm,net/minecraft/nbt/NBTTagString,net/minecraft/server/v1_12_R1/NBTTagString,,,
gn,net/minecraft/nbt/NBTBase,net/minecraft/server/v1_12_R1/NBTBase,,,
go,net/minecraft/nbt/NBTException,net/minecraft/server/v1_12_R1/MojangsonParseException,,,
gp,net/minecraft/nbt/JsonToNBT,net/minecraft/server/v1_12_R1/MojangsonParser,,,
gr,net/minecraft/network/NettyEncryptionTranslator,net/minecraft/server/v1_12_R1/PacketEncryptionHandler,,,
gs,net/minecraft/network/NettyEncryptingDecoder,net/minecraft/server/v1_12_R1/PacketDecrypter,,,
gt,net/minecraft/network/NettyEncryptingEncoder,net/minecraft/server/v1_12_R1/PacketEncrypter,,,
gu,net/minecraft/network/NettyCompressionDecoder,net/minecraft/server/v1_12_R1/PacketDecompressor,,,
gv,net/minecraft/network/NettyCompressionEncoder,net/minecraft/server/v1_12_R1/PacketCompressor,,,
gw$1,net/minecraft/network/NetworkManager$1,net/minecraft/server/v1_12_R1/NetworkManager$1,,,
gw$2,net/minecraft/network/NetworkManager$2,net/minecraft/server/v1_12_R1/NetworkManager$2,,,
gw$3,net/minecraft/network/NetworkManager$3,net/minecraft/server/v1_12_R1/NetworkManager$3,,,
gw$4,net/minecraft/network/NetworkManager$4,net/minecraft/server/v1_12_R1/NetworkManager$4,,,
gw$a,net/minecraft/network/NetworkManager$InboundHandlerTuplePacketListener,net/minecraft/server/v1_12_R1/NetworkManager$QueuedPacket,,,
gw,net/minecraft/network/NetworkManager,net/minecraft/server/v1_12_R1/NetworkManager,,,
gx$1,net/minecraft/network/EnumConnectionState$1,net/minecraft/server/v1_12_R1/EnumProtocol$1,,,
gx$2,net/minecraft/network/EnumConnectionState$2,net/minecraft/server/v1_12_R1/EnumProtocol$2,,,
gx$3,net/minecraft/network/EnumConnectionState$3,net/minecraft/server/v1_12_R1/EnumProtocol$3,,,
gx$4,net/minecraft/network/EnumConnectionState$4,net/minecraft/server/v1_12_R1/EnumProtocol$4,,,
gx,net/minecraft/network/EnumConnectionState,net/minecraft/server/v1_12_R1/EnumProtocol,,,
gy,net/minecraft/network/PacketBuffer,net/minecraft/server/v1_12_R1/PacketDataSerializer,,,
gz,net/minecraft/network/NettyPacketDecoder,net/minecraft/server/v1_12_R1/PacketDecoder,,,
h,net/minecraft/util/Util,net/minecraft/server/v1_12_R1/SystemUtils,,,
ha,net/minecraft/network/NettyPacketEncoder,net/minecraft/server/v1_12_R1/PacketEncoder,,,
hb,net/minecraft/network/INetHandler,net/minecraft/server/v1_12_R1/PacketListener,,,
hc,net/minecraft/network/NettyVarint21FrameDecoder,net/minecraft/server/v1_12_R1/PacketSplitter,,,
hd,net/minecraft/network/NettyVarint21FrameEncoder,net/minecraft/server/v1_12_R1/PacketPrepender,,,
he$1,net/minecraft/util/text/TextComponentBase$1,net/minecraft/server/v1_12_R1/ChatBaseComponent$1,,,
he$2,net/minecraft/util/text/TextComponentBase$2,net/minecraft/server/v1_12_R1/ChatBaseComponent$2,,,
he,net/minecraft/util/text/TextComponentBase,net/minecraft/server/v1_12_R1/ChatBaseComponent,,,
hf,net/minecraft/util/text/ChatType,net/minecraft/server/v1_12_R1/ChatMessageType,,,
hg$a,net/minecraft/util/text/event/ClickEvent$Action,net/minecraft/server/v1_12_R1/ChatClickable$EnumClickAction,,,
hg,net/minecraft/util/text/event/ClickEvent,net/minecraft/server/v1_12_R1/ChatClickable,,,
hh$a,net/minecraft/util/text/ITextComponent$Serializer,net/minecraft/server/v1_12_R1/IChatBaseComponent$ChatSerializer,,,
hh,net/minecraft/util/text/ITextComponent,net/minecraft/server/v1_12_R1/IChatBaseComponent,,,
hi,net/minecraft/util/text/TextComponentUtils,net/minecraft/server/v1_12_R1/ChatComponentUtils,,,
hj$a,net/minecraft/util/text/event/HoverEvent$Action,net/minecraft/server/v1_12_R1/ChatHoverable$EnumHoverAction,,,
hj,net/minecraft/util/text/event/HoverEvent,net/minecraft/server/v1_12_R1/ChatHoverable,,,
hk,net/minecraft/util/text/TextComponentKeybind,net/minecraft/server/v1_12_R1/ChatComponentKeybind,,,
hl,net/minecraft/util/text/TextComponentScore,net/minecraft/server/v1_12_R1/ChatComponentScore,,,
hm,net/minecraft/util/text/TextComponentSelector,net/minecraft/server/v1_12_R1/ChatComponentSelector,,,
hn$1,net/minecraft/util/text/Style$1,net/minecraft/server/v1_12_R1/ChatModifier$1,,,
hn$a,net/minecraft/util/text/Style$Serializer,net/minecraft/server/v1_12_R1/ChatModifier$ChatModifierSerializer,,,
hn,net/minecraft/util/text/Style,net/minecraft/server/v1_12_R1/ChatModifier,,,
ho,net/minecraft/util/text/TextComponentString,net/minecraft/server/v1_12_R1/ChatComponentText,,,
hp,net/minecraft/util/text/TextComponentTranslation,net/minecraft/server/v1_12_R1/ChatMessage,,,
hq,net/minecraft/util/text/TextComponentTranslationFormatException,net/minecraft/server/v1_12_R1/ChatMessageException,,,
ht,net/minecraft/network/Packet,net/minecraft/server/v1_12_R1/Packet,,,
hu,net/minecraft/network/EnumPacketDirection,net/minecraft/server/v1_12_R1/EnumProtocolDirection,,,
hv$1,net/minecraft/network/PacketThreadUtil$1,net/minecraft/server/v1_12_R1/PlayerConnectionUtils$1,,,
hv,net/minecraft/network/PacketThreadUtil,net/minecraft/server/v1_12_R1/PlayerConnectionUtils,,,
hw,net/minecraft/network/play/INetHandlerPlayClient,net/minecraft/server/v1_12_R1/PacketListenerPlayOut,,,
hx,net/minecraft/network/play/server/SPacketSpawnObject,net/minecraft/server/v1_12_R1/PacketPlayOutSpawnEntity,,,
hy,net/minecraft/network/play/server/SPacketSpawnExperienceOrb,net/minecraft/server/v1_12_R1/PacketPlayOutSpawnEntityExperienceOrb,,,
hz,net/minecraft/network/play/server/SPacketSpawnGlobalEntity,net/minecraft/server/v1_12_R1/PacketPlayOutSpawnEntityWeather,,,
i$a,net/minecraft/advancements/Advancement$Builder,net/minecraft/server/v1_12_R1/Advancement$SerializedAdvancement,,,
i,net/minecraft/advancements/Advancement,net/minecraft/server/v1_12_R1/Advancement,,,
ia,net/minecraft/network/play/server/SPacketSpawnMob,net/minecraft/server/v1_12_R1/PacketPlayOutSpawnEntityLiving,,,
ib,net/minecraft/network/play/server/SPacketSpawnPainting,net/minecraft/server/v1_12_R1/PacketPlayOutSpawnEntityPainting,,,
ic,net/minecraft/network/play/server/SPacketSpawnPlayer,net/minecraft/server/v1_12_R1/PacketPlayOutNamedEntitySpawn,,,
id,net/minecraft/network/play/server/SPacketAnimation,net/minecraft/server/v1_12_R1/PacketPlayOutAnimation,,,
ie,net/minecraft/network/play/server/SPacketStatistics,net/minecraft/server/v1_12_R1/PacketPlayOutStatistic,,,
ig,net/minecraft/network/play/server/SPacketBlockBreakAnim,net/minecraft/server/v1_12_R1/PacketPlayOutBlockBreakAnimation,,,
ih,net/minecraft/network/play/server/SPacketUpdateTileEntity,net/minecraft/server/v1_12_R1/PacketPlayOutTileEntityData,,,
ii,net/minecraft/network/play/server/SPacketBlockAction,net/minecraft/server/v1_12_R1/PacketPlayOutBlockAction,,,
ij,net/minecraft/network/play/server/SPacketBlockChange,net/minecraft/server/v1_12_R1/PacketPlayOutBlockChange,,,
ik$a,net/minecraft/network/play/server/SPacketUpdateBossInfo$Operation,net/minecraft/server/v1_12_R1/PacketPlayOutBoss$Action,,,
ik,net/minecraft/network/play/server/SPacketUpdateBossInfo,net/minecraft/server/v1_12_R1/PacketPlayOutBoss,,,
il,net/minecraft/network/play/server/SPacketServerDifficulty,net/minecraft/server/v1_12_R1/PacketPlayOutServerDifficulty,,,
im,net/minecraft/network/play/server/SPacketTabComplete,net/minecraft/server/v1_12_R1/PacketPlayOutTabComplete,,,
in,net/minecraft/network/play/server/SPacketChat,net/minecraft/server/v1_12_R1/PacketPlayOutChat,,,
io$a,net/minecraft/network/play/server/SPacketMultiBlockChange$BlockUpdateData,net/minecraft/server/v1_12_R1/PacketPlayOutMultiBlockChange$MultiBlockChangeInfo,,,
io,net/minecraft/network/play/server/SPacketMultiBlockChange,net/minecraft/server/v1_12_R1/PacketPlayOutMultiBlockChange,,,
ip,net/minecraft/network/play/server/SPacketConfirmTransaction,net/minecraft/server/v1_12_R1/PacketPlayOutTransaction,,,
iq,net/minecraft/network/play/server/SPacketCloseWindow,net/minecraft/server/v1_12_R1/PacketPlayOutCloseWindow,,,
ir,net/minecraft/network/play/server/SPacketOpenWindow,net/minecraft/server/v1_12_R1/PacketPlayOutOpenWindow,,,
is,net/minecraft/network/play/server/SPacketWindowItems,net/minecraft/server/v1_12_R1/PacketPlayOutWindowItems,,,
it,net/minecraft/network/play/server/SPacketWindowProperty,net/minecraft/server/v1_12_R1/PacketPlayOutWindowData,,,
iu,net/minecraft/network/play/server/SPacketSetSlot,net/minecraft/server/v1_12_R1/PacketPlayOutSetSlot,,,
iv,net/minecraft/network/play/server/SPacketCooldown,net/minecraft/server/v1_12_R1/PacketPlayOutSetCooldown,,,
iw,net/minecraft/network/play/server/SPacketCustomPayload,net/minecraft/server/v1_12_R1/PacketPlayOutCustomPayload,,,
ix,net/minecraft/network/play/server/SPacketCustomSound,net/minecraft/server/v1_12_R1/PacketPlayOutCustomSoundEffect,,,
iy,net/minecraft/network/play/server/SPacketDisconnect,net/minecraft/server/v1_12_R1/PacketPlayOutKickDisconnect,,,
iz,net/minecraft/network/play/server/SPacketEntityStatus,net/minecraft/server/v1_12_R1/PacketPlayOutEntityStatus,,,
j$a,net/minecraft/advancements/AdvancementList$Listener,net/minecraft/server/v1_12_R1/Advancements$a,,,
j,net/minecraft/advancements/AdvancementList,net/minecraft/server/v1_12_R1/Advancements,,,
ja,net/minecraft/network/play/server/SPacketExplosion,net/minecraft/server/v1_12_R1/PacketPlayOutExplosion,,,
jb,net/minecraft/network/play/server/SPacketUnloadChunk,net/minecraft/server/v1_12_R1/PacketPlayOutUnloadChunk,,,
jc,net/minecraft/network/play/server/SPacketChangeGameState,net/minecraft/server/v1_12_R1/PacketPlayOutGameStateChange,,,
jd,net/minecraft/network/play/server/SPacketKeepAlive,net/minecraft/server/v1_12_R1/PacketPlayOutKeepAlive,,,
je,net/minecraft/network/play/server/SPacketChunkData,net/minecraft/server/v1_12_R1/PacketPlayOutMapChunk,,,
jf,net/minecraft/network/play/server/SPacketEffect,net/minecraft/server/v1_12_R1/PacketPlayOutWorldEvent,,,
jg,net/minecraft/network/play/server/SPacketParticles,net/minecraft/server/v1_12_R1/PacketPlayOutWorldParticles,,,
jh,net/minecraft/network/play/server/SPacketJoinGame,net/minecraft/server/v1_12_R1/PacketPlayOutLogin,,,
ji,net/minecraft/network/play/server/SPacketMaps,net/minecraft/server/v1_12_R1/PacketPlayOutMap,,,
jj$a,net/minecraft/network/play/server/SPacketEntity$S15PacketEntityRelMove,net/minecraft/server/v1_12_R1/PacketPlayOutEntity$PacketPlayOutRelEntityMove,,,
jj$b,net/minecraft/network/play/server/SPacketEntity$S17PacketEntityLookMove,net/minecraft/server/v1_12_R1/PacketPlayOutEntity$PacketPlayOutRelEntityMoveLook,,,
jj$c,net/minecraft/network/play/server/SPacketEntity$S16PacketEntityLook,net/minecraft/server/v1_12_R1/PacketPlayOutEntity$PacketPlayOutEntityLook,,,
jj,net/minecraft/network/play/server/SPacketEntity,net/minecraft/server/v1_12_R1/PacketPlayOutEntity,,,
jk,net/minecraft/network/play/server/SPacketMoveVehicle,net/minecraft/server/v1_12_R1/PacketPlayOutVehicleMove,,,
jl,net/minecraft/network/play/server/SPacketSignEditorOpen,net/minecraft/server/v1_12_R1/PacketPlayOutOpenSignEditor,,,
jm,net/minecraft/network/play/server/SPacketPlaceGhostRecipe,net/minecraft/server/v1_12_R1/PacketPlayOutAutoRecipe,,,
jn,net/minecraft/network/play/server/SPacketPlayerAbilities,net/minecraft/server/v1_12_R1/PacketPlayOutAbilities,,,
jo$a,net/minecraft/network/play/server/SPacketCombatEvent$Event,net/minecraft/server/v1_12_R1/PacketPlayOutCombatEvent$EnumCombatEventType,,,
jo,net/minecraft/network/play/server/SPacketCombatEvent,net/minecraft/server/v1_12_R1/PacketPlayOutCombatEvent,,,
jp$a,net/minecraft/network/play/server/SPacketPlayerListItem$Action,net/minecraft/server/v1_12_R1/PacketPlayOutPlayerInfo$EnumPlayerInfoAction,,,
jp$b,net/minecraft/network/play/server/SPacketPlayerListItem$AddPlayerData,net/minecraft/server/v1_12_R1/PacketPlayOutPlayerInfo$PlayerInfoData,,,
jp,net/minecraft/network/play/server/SPacketPlayerListItem,net/minecraft/server/v1_12_R1/PacketPlayOutPlayerInfo,,,
jq$a,net/minecraft/network/play/server/SPacketPlayerPosLook$EnumFlags,net/minecraft/server/v1_12_R1/PacketPlayOutPosition$EnumPlayerTeleportFlags,,,
jq,net/minecraft/network/play/server/SPacketPlayerPosLook,net/minecraft/server/v1_12_R1/PacketPlayOutPosition,,,
jr,net/minecraft/network/play/server/SPacketUseBed,net/minecraft/server/v1_12_R1/PacketPlayOutBed,,,
js$a,net/minecraft/network/play/server/SPacketRecipeBook$State,net/minecraft/server/v1_12_R1/PacketPlayOutRecipes$Action,,,
js,net/minecraft/network/play/server/SPacketRecipeBook,net/minecraft/server/v1_12_R1/PacketPlayOutRecipes,,,
jt,net/minecraft/network/play/server/SPacketDestroyEntities,net/minecraft/server/v1_12_R1/PacketPlayOutEntityDestroy,,,
ju,net/minecraft/network/play/server/SPacketRemoveEntityEffect,net/minecraft/server/v1_12_R1/PacketPlayOutRemoveEntityEffect,,,
jv,net/minecraft/network/play/server/SPacketResourcePackSend,net/minecraft/server/v1_12_R1/PacketPlayOutResourcePackSend,,,
jw,net/minecraft/network/play/server/SPacketRespawn,net/minecraft/server/v1_12_R1/PacketPlayOutRespawn,,,
jx,net/minecraft/network/play/server/SPacketEntityHeadLook,net/minecraft/server/v1_12_R1/PacketPlayOutEntityHeadRotation,,,
jy,net/minecraft/network/play/server/SPacketSelectAdvancementsTab,net/minecraft/server/v1_12_R1/PacketPlayOutSelectAdvancementTab,,,
jz$a,net/minecraft/network/play/server/SPacketWorldBorder$Action,net/minecraft/server/v1_12_R1/PacketPlayOutWorldBorder$EnumWorldBorderAction,,,
jz,net/minecraft/network/play/server/SPacketWorldBorder,net/minecraft/server/v1_12_R1/PacketPlayOutWorldBorder,,,
k$a,net/minecraft/advancements/AdvancementProgress$Serializer,net/minecraft/server/v1_12_R1/AdvancementProgress$a,,,
k,net/minecraft/advancements/AdvancementProgress,net/minecraft/server/v1_12_R1/AdvancementProgress,,,
ka,net/minecraft/network/play/server/SPacketCamera,net/minecraft/server/v1_12_R1/PacketPlayOutCamera,,,
kb,net/minecraft/network/play/server/SPacketHeldItemChange,net/minecraft/server/v1_12_R1/PacketPlayOutHeldItemSlot,,,
kc,net/minecraft/network/play/server/SPacketDisplayObjective,net/minecraft/server/v1_12_R1/PacketPlayOutScoreboardDisplayObjective,,,
kd,net/minecraft/network/play/server/SPacketEntityMetadata,net/minecraft/server/v1_12_R1/PacketPlayOutEntityMetadata,,,
ke,net/minecraft/network/play/server/SPacketEntityAttach,net/minecraft/server/v1_12_R1/PacketPlayOutAttachEntity,,,
kf,net/minecraft/network/play/server/SPacketEntityVelocity,net/minecraft/server/v1_12_R1/PacketPlayOutEntityVelocity,,,
kg,net/minecraft/network/play/server/SPacketEntityEquipment,net/minecraft/server/v1_12_R1/PacketPlayOutEntityEquipment,,,
kh,net/minecraft/network/play/server/SPacketSetExperience,net/minecraft/server/v1_12_R1/PacketPlayOutExperience,,,
ki,net/minecraft/network/play/server/SPacketUpdateHealth,net/minecraft/server/v1_12_R1/PacketPlayOutUpdateHealth,,,
kj,net/minecraft/network/play/server/SPacketScoreboardObjective,net/minecraft/server/v1_12_R1/PacketPlayOutScoreboardObjective,,,
kk,net/minecraft/network/play/server/SPacketSetPassengers,net/minecraft/server/v1_12_R1/PacketPlayOutMount,,,
kl,net/minecraft/network/play/server/SPacketTeams,net/minecraft/server/v1_12_R1/PacketPlayOutScoreboardTeam,,,
km$a,net/minecraft/network/play/server/SPacketUpdateScore$Action,net/minecraft/server/v1_12_R1/PacketPlayOutScoreboardScore$EnumScoreboardAction,,,
km,net/minecraft/network/play/server/SPacketUpdateScore,net/minecraft/server/v1_12_R1/PacketPlayOutScoreboardScore,,,
kn,net/minecraft/network/play/server/SPacketSpawnPosition,net/minecraft/server/v1_12_R1/PacketPlayOutSpawnPosition,,,
ko,net/minecraft/network/play/server/SPacketTimeUpdate,net/minecraft/server/v1_12_R1/PacketPlayOutUpdateTime,,,
kp$a,net/minecraft/network/play/server/SPacketTitle$Type,net/minecraft/server/v1_12_R1/PacketPlayOutTitle$EnumTitleAction,,,
kp,net/minecraft/network/play/server/SPacketTitle,net/minecraft/server/v1_12_R1/PacketPlayOutTitle,,,
kq,net/minecraft/network/play/server/SPacketSoundEffect,net/minecraft/server/v1_12_R1/PacketPlayOutNamedSoundEffect,,,
kr,net/minecraft/network/play/server/SPacketPlayerListHeaderFooter,net/minecraft/server/v1_12_R1/PacketPlayOutPlayerListHeaderFooter,,,
ks,net/minecraft/network/play/server/SPacketCollectItem,net/minecraft/server/v1_12_R1/PacketPlayOutCollect,,,
kt,net/minecraft/network/play/server/SPacketEntityTeleport,net/minecraft/server/v1_12_R1/PacketPlayOutEntityTeleport,,,
ku,net/minecraft/network/play/server/SPacketAdvancementInfo,net/minecraft/server/v1_12_R1/PacketPlayOutAdvancements,,,
kv$a,net/minecraft/network/play/server/SPacketEntityProperties$Snapshot,net/minecraft/server/v1_12_R1/PacketPlayOutUpdateAttributes$AttributeSnapshot,,,
kv,net/minecraft/network/play/server/SPacketEntityProperties,net/minecraft/server/v1_12_R1/PacketPlayOutUpdateAttributes,,,
kw,net/minecraft/network/play/server/SPacketEntityEffect,net/minecraft/server/v1_12_R1/PacketPlayOutEntityEffect,,,
kx,net/minecraft/network/play/INetHandlerPlayServer,net/minecraft/server/v1_12_R1/PacketListenerPlayIn,,,
ky,net/minecraft/network/play/client/CPacketConfirmTeleport,net/minecraft/server/v1_12_R1/PacketPlayInTeleportAccept,,,
kz,net/minecraft/network/play/client/CPacketTabComplete,net/minecraft/server/v1_12_R1/PacketPlayInTabComplete,,,
l$1,net/minecraft/advancements/AdvancementRewards$1,net/minecraft/server/v1_12_R1/AdvancementRewards$1,,,
l$a,net/minecraft/advancements/AdvancementRewards$Deserializer,net/minecraft/server/v1_12_R1/AdvancementRewards$a,,,
l,net/minecraft/advancements/AdvancementRewards,net/minecraft/server/v1_12_R1/AdvancementRewards,,,
la,net/minecraft/network/play/client/CPacketChatMessage,net/minecraft/server/v1_12_R1/PacketPlayInChat,,,
lb$a,net/minecraft/network/play/client/CPacketClientStatus$State,net/minecraft/server/v1_12_R1/PacketPlayInClientCommand$EnumClientCommand,,,
lb,net/minecraft/network/play/client/CPacketClientStatus,net/minecraft/server/v1_12_R1/PacketPlayInClientCommand,,,
lc,net/minecraft/network/play/client/CPacketClientSettings,net/minecraft/server/v1_12_R1/PacketPlayInSettings,,,
ld,net/minecraft/network/play/client/CPacketConfirmTransaction,net/minecraft/server/v1_12_R1/PacketPlayInTransaction,,,
le,net/minecraft/network/play/client/CPacketEnchantItem,net/minecraft/server/v1_12_R1/PacketPlayInEnchantItem,,,
lf,net/minecraft/network/play/client/CPacketClickWindow,net/minecraft/server/v1_12_R1/PacketPlayInWindowClick,,,
lg,net/minecraft/network/play/client/CPacketCloseWindow,net/minecraft/server/v1_12_R1/PacketPlayInCloseWindow,,,
lh,net/minecraft/network/play/client/CPacketCustomPayload,net/minecraft/server/v1_12_R1/PacketPlayInCustomPayload,,,
li$a,net/minecraft/network/play/client/CPacketUseEntity$Action,net/minecraft/server/v1_12_R1/PacketPlayInUseEntity$EnumEntityUseAction,,,
li,net/minecraft/network/play/client/CPacketUseEntity,net/minecraft/server/v1_12_R1/PacketPlayInUseEntity,,,
lj,net/minecraft/network/play/client/CPacketKeepAlive,net/minecraft/server/v1_12_R1/PacketPlayInKeepAlive,,,
lk$a,net/minecraft/network/play/client/CPacketPlayer$Position,net/minecraft/server/v1_12_R1/PacketPlayInFlying$PacketPlayInPosition,,,
lk$b,net/minecraft/network/play/client/CPacketPlayer$PositionRotation,net/minecraft/server/v1_12_R1/PacketPlayInFlying$PacketPlayInPositionLook,,,
lk$c,net/minecraft/network/play/client/CPacketPlayer$Rotation,net/minecraft/server/v1_12_R1/PacketPlayInFlying$PacketPlayInLook,,,
lk,net/minecraft/network/play/client/CPacketPlayer,net/minecraft/server/v1_12_R1/PacketPlayInFlying,,,
ll,net/minecraft/network/play/client/CPacketVehicleMove,net/minecraft/server/v1_12_R1/PacketPlayInVehicleMove,,,
lm,net/minecraft/network/play/client/CPacketSteerBoat,net/minecraft/server/v1_12_R1/PacketPlayInBoatMove,,,
ln,net/minecraft/network/play/client/CPacketPlaceRecipe,net/minecraft/server/v1_12_R1/PacketPlayInAutoRecipe,,,
lo,net/minecraft/network/play/client/CPacketPlayerAbilities,net/minecraft/server/v1_12_R1/PacketPlayInAbilities,,,
lp$a,net/minecraft/network/play/client/CPacketPlayerDigging$Action,net/minecraft/server/v1_12_R1/PacketPlayInBlockDig$EnumPlayerDigType,,,
lp,net/minecraft/network/play/client/CPacketPlayerDigging,net/minecraft/server/v1_12_R1/PacketPlayInBlockDig,,,
lq$a,net/minecraft/network/play/client/CPacketEntityAction$Action,net/minecraft/server/v1_12_R1/PacketPlayInEntityAction$EnumPlayerAction,,,
lq,net/minecraft/network/play/client/CPacketEntityAction,net/minecraft/server/v1_12_R1/PacketPlayInEntityAction,,,
lr,net/minecraft/network/play/client/CPacketInput,net/minecraft/server/v1_12_R1/PacketPlayInSteerVehicle,,,
ls$a,net/minecraft/network/play/client/CPacketRecipeInfo$Purpose,net/minecraft/server/v1_12_R1/PacketPlayInRecipeDisplayed$Status,,,
ls,net/minecraft/network/play/client/CPacketRecipeInfo,net/minecraft/server/v1_12_R1/PacketPlayInRecipeDisplayed,,,
lt$a,net/minecraft/network/play/client/CPacketResourcePackStatus$Action,net/minecraft/server/v1_12_R1/PacketPlayInResourcePackStatus$EnumResourcePackStatus,,,
lt,net/minecraft/network/play/client/CPacketResourcePackStatus,net/minecraft/server/v1_12_R1/PacketPlayInResourcePackStatus,,,
lu$a,net/minecraft/network/play/client/CPacketSeenAdvancements$Action,net/minecraft/server/v1_12_R1/PacketPlayInAdvancements$Status,,,
lu,net/minecraft/network/play/client/CPacketSeenAdvancements,net/minecraft/server/v1_12_R1/PacketPlayInAdvancements,,,
lv,net/minecraft/network/play/client/CPacketHeldItemChange,net/minecraft/server/v1_12_R1/PacketPlayInHeldItemSlot,,,
lw,net/minecraft/network/play/client/CPacketCreativeInventoryAction,net/minecraft/server/v1_12_R1/PacketPlayInSetCreativeSlot,,,
lx,net/minecraft/network/play/client/CPacketUpdateSign,net/minecraft/server/v1_12_R1/PacketPlayInUpdateSign,,,
ly,net/minecraft/network/play/client/CPacketAnimation,net/minecraft/server/v1_12_R1/PacketPlayInArmAnimation,,,
lz,net/minecraft/network/play/client/CPacketSpectate,net/minecraft/server/v1_12_R1/PacketPlayInSpectate,,,
m,net/minecraft/advancements/CriteriaTriggers,net/minecraft/server/v1_12_R1/CriterionTriggers,,,
ma,net/minecraft/network/play/client/CPacketPlayerTryUseItemOnBlock,net/minecraft/server/v1_12_R1/PacketPlayInUseItem,,,
mb,net/minecraft/network/play/client/CPacketPlayerTryUseItem,net/minecraft/server/v1_12_R1/PacketPlayInBlockPlace,,,
md,net/minecraft/network/handshake/client/C00Handshake,net/minecraft/server/v1_12_R1/PacketHandshakingInSetProtocol,,,
me,net/minecraft/network/handshake/INetHandlerHandshakeServer,net/minecraft/server/v1_12_R1/PacketHandshakingInListener,,,
mg,net/minecraft/network/login/INetHandlerLoginClient,net/minecraft/server/v1_12_R1/PacketLoginOutListener,,,
mh,net/minecraft/network/login/server/SPacketLoginSuccess,net/minecraft/server/v1_12_R1/PacketLoginOutSuccess,,,
mi,net/minecraft/network/login/server/SPacketEncryptionRequest,net/minecraft/server/v1_12_R1/PacketLoginOutEncryptionBegin,,,
mj,net/minecraft/network/login/server/SPacketEnableCompression,net/minecraft/server/v1_12_R1/PacketLoginOutSetCompression,,,
mk,net/minecraft/network/login/server/SPacketDisconnect,net/minecraft/server/v1_12_R1/PacketLoginOutDisconnect,,,
ml,net/minecraft/network/login/INetHandlerLoginServer,net/minecraft/server/v1_12_R1/PacketLoginInListener,,,
mm,net/minecraft/network/login/client/CPacketLoginStart,net/minecraft/server/v1_12_R1/PacketLoginInStart,,,
mn,net/minecraft/network/login/client/CPacketEncryptionResponse,net/minecraft/server/v1_12_R1/PacketLoginInEncryptionBegin,,,
mq,net/minecraft/network/status/INetHandlerStatusClient,net/minecraft/server/v1_12_R1/PacketStatusOutListener,,,
mr,net/minecraft/network/status/server/SPacketPong,net/minecraft/server/v1_12_R1/PacketStatusOutPong,,,
ms,net/minecraft/network/status/server/SPacketServerInfo,net/minecraft/server/v1_12_R1/PacketStatusOutServerInfo,,,
mt$a$a,net/minecraft/network/ServerStatusResponse$Players$Serializer,net/minecraft/server/v1_12_R1/ServerPing$ServerPingPlayerSample$Serializer,,,
mt$a,net/minecraft/network/ServerStatusResponse$Players,net/minecraft/server/v1_12_R1/ServerPing$ServerPingPlayerSample,,,
mt$b,net/minecraft/network/ServerStatusResponse$Serializer,net/minecraft/server/v1_12_R1/ServerPing$Serializer,,,
mt$c$a,net/minecraft/network/ServerStatusResponse$Version$Serializer,net/minecraft/server/v1_12_R1/ServerPing$ServerData$Serializer,,,
mt$c,net/minecraft/network/ServerStatusResponse$Version,net/minecraft/server/v1_12_R1/ServerPing$ServerData,,,
mt,net/minecraft/network/ServerStatusResponse,net/minecraft/server/v1_12_R1/ServerPing,,,
mu,net/minecraft/network/status/INetHandlerStatusServer,net/minecraft/server/v1_12_R1/PacketStatusInListener,,,
mv,net/minecraft/network/status/client/CPacketPing,net/minecraft/server/v1_12_R1/PacketStatusInPing,,,
mw,net/minecraft/network/status/client/CPacketServerQuery,net/minecraft/server/v1_12_R1/PacketStatusInStart,,,
my,net/minecraft/network/datasync/DataParameter,net/minecraft/server/v1_12_R1/DataWatcherObject,,,
mz,net/minecraft/network/datasync/DataSerializer,net/minecraft/server/v1_12_R1/DataWatcherSerializer,,,
n,net/minecraft/advancements/Criterion,net/minecraft/server/v1_12_R1/Criterion,,,
na$1,net/minecraft/network/datasync/DataSerializers$1,net/minecraft/server/v1_12_R1/DataWatcherRegistry$1,,,
na$10,net/minecraft/network/datasync/DataSerializers$5,net/minecraft/server/v1_12_R1/DataWatcherRegistry$10,,,
na$11,net/minecraft/network/datasync/DataSerializers$6,net/minecraft/server/v1_12_R1/DataWatcherRegistry$11,,,
na$12,net/minecraft/network/datasync/DataSerializers$7,net/minecraft/server/v1_12_R1/DataWatcherRegistry$12,,,
na$13,net/minecraft/network/datasync/DataSerializers$8,net/minecraft/server/v1_12_R1/DataWatcherRegistry$13,,,
na$14,net/minecraft/network/datasync/DataSerializers$9,net/minecraft/server/v1_12_R1/DataWatcherRegistry$14,,,
na$2,net/minecraft/network/datasync/DataSerializers$10,net/minecraft/server/v1_12_R1/DataWatcherRegistry$2,,,
na$3,net/minecraft/network/datasync/DataSerializers$11,net/minecraft/server/v1_12_R1/DataWatcherRegistry$3,,,
na$4,net/minecraft/network/datasync/DataSerializers$12,net/minecraft/server/v1_12_R1/DataWatcherRegistry$4,,,
na$5,net/minecraft/network/datasync/DataSerializers$13,net/minecraft/server/v1_12_R1/DataWatcherRegistry$5,,,
na$6,net/minecraft/network/datasync/DataSerializers$14,net/minecraft/server/v1_12_R1/DataWatcherRegistry$6,,,
na$7,net/minecraft/network/datasync/DataSerializers$2,net/minecraft/server/v1_12_R1/DataWatcherRegistry$7,,,
na$8,net/minecraft/network/datasync/DataSerializers$3,net/minecraft/server/v1_12_R1/DataWatcherRegistry$8,,,
na$9,net/minecraft/network/datasync/DataSerializers$4,net/minecraft/server/v1_12_R1/DataWatcherRegistry$9,,,
na,net/minecraft/network/datasync/DataSerializers,net/minecraft/server/v1_12_R1/DataWatcherRegistry,,,
nb$a,net/minecraft/network/datasync/EntityDataManager$DataEntry,net/minecraft/server/v1_12_R1/DataWatcher$Item,,,
nb,net/minecraft/network/datasync/EntityDataManager,net/minecraft/server/v1_12_R1/DataWatcher,,,
ne,net/minecraft/util/ServerRecipeBookHelper,net/minecraft/server/v1_12_R1/AutoRecipe,,,
net/minecraft/server/MinecraftServer$1,net/minecraft/server/MinecraftServer$1,net/minecraft/server/v1_12_R1/MinecraftServer$1,,,
net/minecraft/server/MinecraftServer$2,net/minecraft/server/MinecraftServer$2,net/minecraft/server/v1_12_R1/MinecraftServer$2,,,
net/minecraft/server/MinecraftServer$3,net/minecraft/server/MinecraftServer$3,net/minecraft/server/v1_12_R1/MinecraftServer$3,,,
net/minecraft/server/MinecraftServer$4,net/minecraft/server/MinecraftServer$4,net/minecraft/server/v1_12_R1/MinecraftServer$4,,,
net/minecraft/server/MinecraftServer,net/minecraft/server/MinecraftServer,net/minecraft/server/v1_12_R1/MinecraftServer,,,
nf$a,net/minecraft/util/ResourceLocation$Serializer,net/minecraft/server/v1_12_R1/MinecraftKey$a,,,
nf,net/minecraft/util/ResourceLocation,net/minecraft/server/v1_12_R1/MinecraftKey,,,
nh,net/minecraft/dispenser/BehaviorProjectileDispense,net/minecraft/server/v1_12_R1/DispenseBehaviorProjectile,,,
ni$1,net/minecraft/init/Bootstrap$1,net/minecraft/server/v1_12_R1/DispenserRegistry$1,,,
ni$10,net/minecraft/init/Bootstrap$18,net/minecraft/server/v1_12_R1/DispenserRegistry$10,,,
ni$11,net/minecraft/init/Bootstrap$2,net/minecraft/server/v1_12_R1/DispenserRegistry$11,,,
ni$12,net/minecraft/init/Bootstrap$3,net/minecraft/server/v1_12_R1/DispenserRegistry$12,,,
ni$13,net/minecraft/init/Bootstrap$4,net/minecraft/server/v1_12_R1/DispenserRegistry$13,,,
ni$14,net/minecraft/init/Bootstrap$5,net/minecraft/server/v1_12_R1/DispenserRegistry$14,,,
ni$15,net/minecraft/init/Bootstrap$6,net/minecraft/server/v1_12_R1/DispenserRegistry$15,,,
ni$16$1,net/minecraft/init/Bootstrap$7$1,net/minecraft/server/v1_12_R1/DispenserRegistry$16$1,,,
ni$16,net/minecraft/init/Bootstrap$7,net/minecraft/server/v1_12_R1/DispenserRegistry$16,,,
ni$17$1,net/minecraft/init/Bootstrap$8$1,net/minecraft/server/v1_12_R1/DispenserRegistry$17$1,,,
ni$17,net/minecraft/init/Bootstrap$8,net/minecraft/server/v1_12_R1/DispenserRegistry$17,,,
ni$18,net/minecraft/init/Bootstrap$9,net/minecraft/server/v1_12_R1/DispenserRegistry$18,,,
ni$2,net/minecraft/init/Bootstrap$10,net/minecraft/server/v1_12_R1/DispenserRegistry$2,,,
ni$3,net/minecraft/init/Bootstrap$11,net/minecraft/server/v1_12_R1/DispenserRegistry$3,,,
ni$4,net/minecraft/init/Bootstrap$12,net/minecraft/server/v1_12_R1/DispenserRegistry$4,,,
ni$5,net/minecraft/init/Bootstrap$13,net/minecraft/server/v1_12_R1/DispenserRegistry$5,,,
ni$6,net/minecraft/init/Bootstrap$14,net/minecraft/server/v1_12_R1/DispenserRegistry$6,,,
ni$7,net/minecraft/init/Bootstrap$15,net/minecraft/server/v1_12_R1/DispenserRegistry$7,,,
ni$8,net/minecraft/init/Bootstrap$16,net/minecraft/server/v1_12_R1/DispenserRegistry$8,,,
ni$9,net/minecraft/init/Bootstrap$17,net/minecraft/server/v1_12_R1/DispenserRegistry$9,,,
ni$a,net/minecraft/init/Bootstrap$BehaviorDispenseBoat,net/minecraft/server/v1_12_R1/DispenserRegistry$a,,,
ni$b,net/minecraft/init/Bootstrap$BehaviorDispenseOptional,net/minecraft/server/v1_12_R1/DispenserRegistry$b,,,
ni$c,net/minecraft/init/Bootstrap$BehaviorDispenseShulkerBox,net/minecraft/server/v1_12_R1/DispenserRegistry$c,,,
ni,net/minecraft/init/Bootstrap,net/minecraft/server/v1_12_R1/DispenserRegistry,,,
nk,net/minecraft/server/dedicated/PendingCommand,net/minecraft/server/v1_12_R1/ServerCommand,,,
nm,net/minecraft/server/DebugLoggingPrintStream,net/minecraft/server/v1_12_R1/DebugOutputStream,,,
nn,net/minecraft/server/ServerEula,net/minecraft/server/v1_12_R1/EULA,,,
no,net/minecraft/util/LoggingPrintStream,net/minecraft/server/v1_12_R1/RedirectStream,,,
np$1,net/minecraft/advancements/PlayerAdvancements$1,net/minecraft/server/v1_12_R1/AdvancementDataPlayer$1,,,
np,net/minecraft/advancements/PlayerAdvancements,net/minecraft/server/v1_12_R1/AdvancementDataPlayer,,,
nr,net/minecraft/network/ThreadQuickExitException,net/minecraft/server/v1_12_R1/CancelledPacketHandleException,,,
ns$1,net/minecraft/advancements/AdvancementManager$1,net/minecraft/server/v1_12_R1/AdvancementDataWorld$1,,,
ns,net/minecraft/advancements/AdvancementManager,net/minecraft/server/v1_12_R1/AdvancementDataWorld,,,
nt$1,net/minecraft/advancements/FunctionManager$1,net/minecraft/server/v1_12_R1/CustomFunctionData$1,,,
nt$a,net/minecraft/advancements/FunctionManager$QueuedCommand,net/minecraft/server/v1_12_R1/CustomFunctionData$a,,,
nt,net/minecraft/advancements/FunctionManager,net/minecraft/server/v1_12_R1/CustomFunctionData,,,
nu,net/minecraft/network/rcon/IServer,net/minecraft/server/v1_12_R1/IMinecraftServer,,,
nv,net/minecraft/scoreboard/ServerScoreboard,net/minecraft/server/v1_12_R1/ScoreboardServer,,,
nw,net/minecraft/server/dedicated/PropertyManager,net/minecraft/server/v1_12_R1/PropertyManager,,,
nx,net/minecraft/util/ITickable,net/minecraft/server/v1_12_R1/ITickable,,,
ny,net/minecraft/server/dedicated/DedicatedPlayerList,net/minecraft/server/v1_12_R1/DedicatedPlayerList,,,
nz$1,net/minecraft/server/dedicated/DedicatedServer$1,net/minecraft/server/v1_12_R1/DedicatedServer$1,,,
nz$2,net/minecraft/server/dedicated/DedicatedServer$2,net/minecraft/server/v1_12_R1/DedicatedServer$2,,,
nz$3,net/minecraft/server/dedicated/DedicatedServer$3,net/minecraft/server/v1_12_R1/DedicatedServer$3,,,
nz$4,net/minecraft/server/dedicated/DedicatedServer$4,net/minecraft/server/v1_12_R1/DedicatedServer$4,,,
nz,net/minecraft/server/dedicated/DedicatedServer,net/minecraft/server/v1_12_R1/DedicatedServer,,,
o,net/minecraft/advancements/CriterionProgress,net/minecraft/server/v1_12_R1/CriterionProgress,,,
oa$1,net/minecraft/server/dedicated/ServerHangWatchdog$1,net/minecraft/server/v1_12_R1/ThreadWatchdog$1,,,
oa,net/minecraft/server/dedicated/ServerHangWatchdog,net/minecraft/server/v1_12_R1/ThreadWatchdog,,,
oc$1,net/minecraft/server/gui/MinecraftServerGui$1,net/minecraft/server/v1_12_R1/ServerGUI$1,,,
oc$2,net/minecraft/server/gui/MinecraftServerGui$2,net/minecraft/server/v1_12_R1/ServerGUI$2,,,
oc$3,net/minecraft/server/gui/MinecraftServerGui$3,net/minecraft/server/v1_12_R1/ServerGUI$3,,,
oc$4,net/minecraft/server/gui/MinecraftServerGui$4,net/minecraft/server/v1_12_R1/ServerGUI$4,,,
oc$5,net/minecraft/server/gui/MinecraftServerGui$5,net/minecraft/server/v1_12_R1/ServerGUI$5,,,
oc,net/minecraft/server/gui/MinecraftServerGui,net/minecraft/server/v1_12_R1/ServerGUI,,,
od,net/minecraft/server/gui/PlayerListComponent,net/minecraft/server/v1_12_R1/PlayerListBox,,,
oe$1,net/minecraft/server/gui/StatsComponent$1,net/minecraft/server/v1_12_R1/GuiStatsComponent$1,,,
oe,net/minecraft/server/gui/StatsComponent,net/minecraft/server/v1_12_R1/GuiStatsComponent,,,
oi,net/minecraft/world/WorldServerDemo,net/minecraft/server/v1_12_R1/DemoWorldServer,,,
oj,net/minecraft/server/management/DemoPlayerInteractionManager,net/minecraft/server/v1_12_R1/DemoPlayerInteractManager,,,
ok$1,net/minecraft/world/WorldServerMulti$1,net/minecraft/server/v1_12_R1/SecondaryWorldServer$1,,,
ok,net/minecraft/world/WorldServerMulti,net/minecraft/server/v1_12_R1/SecondaryWorldServer,,,
ol$1,net/minecraft/entity/EntityTracker$1,net/minecraft/server/v1_12_R1/EntityTracker$1,,,
ol,net/minecraft/entity/EntityTracker,net/minecraft/server/v1_12_R1/EntityTracker,,,
om,net/minecraft/world/BossInfoServer,net/minecraft/server/v1_12_R1/BossBattleServer,,,
on,net/minecraft/world/gen/ChunkProviderServer,net/minecraft/server/v1_12_R1/ChunkProviderServer,,,
oo$1,net/minecraft/world/WorldServer$1,net/minecraft/server/v1_12_R1/WorldServer$1,,,
oo$a,net/minecraft/world/WorldServer$ServerBlockEventList,net/minecraft/server/v1_12_R1/WorldServer$BlockActionDataList,,,
oo,net/minecraft/world/WorldServer,net/minecraft/server/v1_12_R1/WorldServer,,,
op,net/minecraft/world/ServerWorldEventHandler,net/minecraft/server/v1_12_R1/WorldManager,,,
oq$1,net/minecraft/entity/player/EntityPlayerMP$1,net/minecraft/server/v1_12_R1/EntityPlayer$1,,,
oq,net/minecraft/entity/player/EntityPlayerMP,net/minecraft/server/v1_12_R1/EntityPlayer,,,
or,net/minecraft/server/management/PlayerInteractionManager,net/minecraft/server/v1_12_R1/PlayerInteractManager,,,
os,net/minecraft/entity/EntityTrackerEntry,net/minecraft/server/v1_12_R1/EntityTrackerEntry,,,
ot,net/minecraft/server/management/PlayerChunkMapEntry,net/minecraft/server/v1_12_R1/PlayerChunk,,,
ou$1,net/minecraft/server/management/PlayerChunkMap$1,net/minecraft/server/v1_12_R1/PlayerChunkMap$1,,,
ou$2,net/minecraft/server/management/PlayerChunkMap$2,net/minecraft/server/v1_12_R1/PlayerChunkMap$2,,,
ou$3,net/minecraft/server/management/PlayerChunkMap$3,net/minecraft/server/v1_12_R1/PlayerChunkMap$3,,,
ou$4,net/minecraft/server/management/PlayerChunkMap$4,net/minecraft/server/v1_12_R1/PlayerChunkMap$4,,,
ou$5,net/minecraft/server/management/PlayerChunkMap$5,net/minecraft/server/v1_12_R1/PlayerChunkMap$5,,,
ou,net/minecraft/server/management/PlayerChunkMap,net/minecraft/server/v1_12_R1/PlayerChunkMap,,,
ox,net/minecraft/network/LegacyPingHandler,net/minecraft/server/v1_12_R1/LegacyPingHandler,,,
oz$1,net/minecraft/network/NetworkSystem$1,net/minecraft/server/v1_12_R1/ServerConnection$1,,,
oz$2,net/minecraft/network/NetworkSystem$2,net/minecraft/server/v1_12_R1/ServerConnection$2,,,
oz$3,net/minecraft/network/NetworkSystem$3,net/minecraft/server/v1_12_R1/ServerConnection$3,,,
oz$4,net/minecraft/network/NetworkSystem$4,net/minecraft/server/v1_12_R1/ServerConnection$4,,,
oz$6,net/minecraft/network/NetworkSystem$6,net/minecraft/server/v1_12_R1/ServerConnection$6,,,
oz$7,net/minecraft/network/NetworkSystem$7,net/minecraft/server/v1_12_R1/ServerConnection$7,,,
oz,net/minecraft/network/NetworkSystem,net/minecraft/server/v1_12_R1/ServerConnection,,,
p$a,net/minecraft/advancements/ICriterionTrigger$Listener,net/minecraft/server/v1_12_R1/CriterionTrigger$a,,,
p,net/minecraft/advancements/ICriterionTrigger,net/minecraft/server/v1_12_R1/CriterionTrigger,,,
pa$1,net/minecraft/network/NetHandlerPlayServer$1,net/minecraft/server/v1_12_R1/PlayerConnection$1,,,
pa$2,net/minecraft/network/NetHandlerPlayServer$2,net/minecraft/server/v1_12_R1/PlayerConnection$2,,,
pa$3,net/minecraft/network/NetHandlerPlayServer$3,net/minecraft/server/v1_12_R1/PlayerConnection$3,,,
pa,net/minecraft/network/NetHandlerPlayServer,net/minecraft/server/v1_12_R1/PlayerConnection,,,
pb,net/minecraft/server/network/NetHandlerHandshakeTCP,net/minecraft/server/v1_12_R1/HandshakeListener,,,
pc$1,net/minecraft/server/network/NetHandlerLoginServer$1,net/minecraft/server/v1_12_R1/LoginListener$1,,,
pc$2,net/minecraft/server/network/NetHandlerLoginServer$2,net/minecraft/server/v1_12_R1/LoginListener$2,,,
pc$a,net/minecraft/server/network/NetHandlerLoginServer$LoginState,net/minecraft/server/v1_12_R1/LoginListener$EnumProtocolState,,,
pc,net/minecraft/server/network/NetHandlerLoginServer,net/minecraft/server/v1_12_R1/LoginListener,,,
pd,net/minecraft/server/network/NetHandlerStatusServer,net/minecraft/server/v1_12_R1/PacketStatusListener,,,
pg,net/minecraft/server/management/UserListEntryBan,net/minecraft/server/v1_12_R1/ExpirableListEntry,,,
ph$1,net/minecraft/server/management/PlayerProfileCache$1,net/minecraft/server/v1_12_R1/UserCache$1,,,
ph$2,net/minecraft/server/management/PlayerProfileCache$2,net/minecraft/server/v1_12_R1/UserCache$2,,,
ph$a,net/minecraft/server/management/PlayerProfileCache$ProfileEntry,net/minecraft/server/v1_12_R1/UserCache$UserCacheEntry,,,
ph$b,net/minecraft/server/management/PlayerProfileCache$Serializer,net/minecraft/server/v1_12_R1/UserCache$BanEntrySerializer,,,
ph,net/minecraft/server/management/PlayerProfileCache,net/minecraft/server/v1_12_R1/UserCache,,,
pi,net/minecraft/server/management/UserListIPBans,net/minecraft/server/v1_12_R1/IpBanList,,,
pj,net/minecraft/server/management/UserListIPBansEntry,net/minecraft/server/v1_12_R1/IpBanEntry,,,
pk$1,net/minecraft/server/management/PreYggdrasilConverter$1,net/minecraft/server/v1_12_R1/NameReferencingFileConverter$1,,,
pk$2,net/minecraft/server/management/PreYggdrasilConverter$2,net/minecraft/server/v1_12_R1/NameReferencingFileConverter$2,,,
pk$3,net/minecraft/server/management/PreYggdrasilConverter$3,net/minecraft/server/v1_12_R1/NameReferencingFileConverter$3,,,
pk$4,net/minecraft/server/management/PreYggdrasilConverter$4,net/minecraft/server/v1_12_R1/NameReferencingFileConverter$4,,,
pk$5,net/minecraft/server/management/PreYggdrasilConverter$5,net/minecraft/server/v1_12_R1/NameReferencingFileConverter$5,,,
pk$6,net/minecraft/server/management/PreYggdrasilConverter$6,net/minecraft/server/v1_12_R1/NameReferencingFileConverter$6,,,
pk$a,net/minecraft/server/management/PreYggdrasilConverter$ConversionError,net/minecraft/server/v1_12_R1/NameReferencingFileConverter$FileConversionException,,,
pk,net/minecraft/server/management/PreYggdrasilConverter,net/minecraft/server/v1_12_R1/NameReferencingFileConverter,,,
pl$1,net/minecraft/server/management/PlayerList$1,net/minecraft/server/v1_12_R1/PlayerList$1,,,
pl,net/minecraft/server/management/PlayerList,net/minecraft/server/v1_12_R1/PlayerList,,,
pm,net/minecraft/server/management/UserListOps,net/minecraft/server/v1_12_R1/OpList,,,
pn,net/minecraft/server/management/UserListOpsEntry,net/minecraft/server/v1_12_R1/OpListEntry,,,
po,net/minecraft/server/management/UserListEntry,net/minecraft/server/v1_12_R1/JsonListEntry,,,
pp$1,net/minecraft/server/management/UserList$1,net/minecraft/server/v1_12_R1/JsonList$1,,,
pp$a,net/minecraft/server/management/UserList$Serializer,net/minecraft/server/v1_12_R1/JsonList$JsonListEntrySerializer,,,
pp,net/minecraft/server/management/UserList,net/minecraft/server/v1_12_R1/JsonList,,,
pq,net/minecraft/server/management/UserListBans,net/minecraft/server/v1_12_R1/GameProfileBanList,,,
pr,net/minecraft/server/management/UserListBansEntry,net/minecraft/server/v1_12_R1/GameProfileBanEntry,,,
ps,net/minecraft/server/management/UserListWhitelist,net/minecraft/server/v1_12_R1/WhiteList,,,
pt,net/minecraft/server/management/UserListWhitelistEntry,net/minecraft/server/v1_12_R1/WhiteListEntry,,,
pv,net/minecraft/network/rcon/RConOutputStream,net/minecraft/server/v1_12_R1/RemoteStatusReply,,,
pw,net/minecraft/network/rcon/RConUtils,net/minecraft/server/v1_12_R1/StatusChallengeUtils,,,
px,net/minecraft/network/rcon/RConConsoleSource,net/minecraft/server/v1_12_R1/RemoteControlCommandListener,,,
pz,net/minecraft/network/rcon/RConThreadBase,net/minecraft/server/v1_12_R1/RemoteConnectionThread,,,
q,net/minecraft/advancements/ICriterionInstance,net/minecraft/server/v1_12_R1/CriterionInstance,,,
qa$a,net/minecraft/network/rcon/RConThreadQuery$Auth,net/minecraft/server/v1_12_R1/RemoteStatusListener$RemoteStatusChallenge,,,
qa,net/minecraft/network/rcon/RConThreadQuery,net/minecraft/server/v1_12_R1/RemoteStatusListener,,,
qb,net/minecraft/network/rcon/RConThreadClient,net/minecraft/server/v1_12_R1/RemoteControlSession,,,
qc,net/minecraft/network/rcon/RConThreadMain,net/minecraft/server/v1_12_R1/RemoteControlListener,,,
qe,net/minecraft/util/SoundEvent,net/minecraft/server/v1_12_R1/SoundEffect,,,
qf,net/minecraft/init/SoundEvents,net/minecraft/server/v1_12_R1/SoundEffects,,,
qg,net/minecraft/util/SoundCategory,net/minecraft/server/v1_12_R1/SoundCategory,,,
qj,net/minecraft/stats/StatBasic,net/minecraft/server/v1_12_R1/CounterStatistic,,,
qk,net/minecraft/stats/StatCrafting,net/minecraft/server/v1_12_R1/CraftingStatistic,,,
ql,net/minecraft/stats/RecipeBook,net/minecraft/server/v1_12_R1/RecipeBook,,,
qm,net/minecraft/stats/RecipeBookServer,net/minecraft/server/v1_12_R1/RecipeBookServer,,,
qn,net/minecraft/stats/StatisticsManagerServer,net/minecraft/server/v1_12_R1/ServerStatisticManager#,,,
qo$1,net/minecraft/stats/StatBase$1,net/minecraft/server/v1_12_R1/Statistic$1,,,
qo$2,net/minecraft/stats/StatBase$2,net/minecraft/server/v1_12_R1/Statistic$2,,,
qo$3,net/minecraft/stats/StatBase$3,net/minecraft/server/v1_12_R1/Statistic$3,,,
qo$4,net/minecraft/stats/StatBase$4,net/minecraft/server/v1_12_R1/Statistic$4,,,
qo,net/minecraft/stats/StatBase,net/minecraft/server/v1_12_R1/Statistic,,,
qp,net/minecraft/stats/IStatType,net/minecraft/server/v1_12_R1/Counter,,,
qq,net/minecraft/util/TupleIntJsonSerializable,net/minecraft/server/v1_12_R1/StatisticWrapper,,,
qr,net/minecraft/util/IJsonSerializable,net/minecraft/server/v1_12_R1/IJsonStatistic,,,
qs,net/minecraft/stats/StatList,net/minecraft/server/v1_12_R1/StatisticList,,,
qt,net/minecraft/stats/StatisticsManager,net/minecraft/server/v1_12_R1/StatisticManager,,,
qw,net/minecraft/util/BitArray,net/minecraft/server/v1_12_R1/DataBits,,,
qx$1,net/minecraft/util/ClassInheritanceMultiMap$1,net/minecraft/server/v1_12_R1/EntitySlice$1,,,
qx,net/minecraft/util/ClassInheritanceMultiMap,net/minecraft/server/v1_12_R1/EntitySlice,,,
qz,net/minecraft/util/IntIdentityHashBiMap,net/minecraft/server/v1_12_R1/RegistryID,,,
r,net/minecraft/advancements/DisplayInfo,net/minecraft/server/v1_12_R1/AdvancementDisplay,,,
ra,net/minecraft/util/CryptManager,net/minecraft/server/v1_12_R1/MinecraftEncryption,,,
rc,net/minecraft/util/JsonUtils,net/minecraft/server/v1_12_R1/ChatDeserializer,,,
rd,net/minecraft/util/HttpUtil,net/minecraft/server/v1_12_R1/HttpUtilities,,,
re,net/minecraft/util/LowerStringMap,net/minecraft/server/v1_12_R1/InsensitiveStringMap,,,
rg$a,net/minecraft/util/IntHashMap$Entry,net/minecraft/server/v1_12_R1/IntHashMap$IntHashMapEntry,,,
rg,net/minecraft/util/IntHashMap,net/minecraft/server/v1_12_R1/IntHashMap,,,
rh,net/minecraft/util/LazyLoadBase,net/minecraft/server/v1_12_R1/LazyInitVar,,,
rj$1,net/minecraft/util/EnumTypeAdapterFactory$1,net/minecraft/server/v1_12_R1/ChatTypeAdapterFactory$1,,,
rj,net/minecraft/util/EnumTypeAdapterFactory,net/minecraft/server/v1_12_R1/ChatTypeAdapterFactory,,,
rk,net/minecraft/util/math/MathHelper,net/minecraft/server/v1_12_R1/MathHelper,,,
rl$a,net/minecraft/profiler/Profiler$Result,net/minecraft/server/v1_12_R1/MethodProfiler$ProfilerInfo,,,
rl,net/minecraft/profiler/Profiler,net/minecraft/server/v1_12_R1/MethodProfiler,,,
rm,net/minecraft/util/IProgressUpdate,net/minecraft/server/v1_12_R1/IProgressUpdate,,,
ro,net/minecraft/util/IStringSerializable,net/minecraft/server/v1_12_R1/INamable,,,
rp,net/minecraft/util/StringUtils,net/minecraft/server/v1_12_R1/UtilColor,,,
rr,net/minecraft/util/Tuple,net/minecraft/server/v1_12_R1/Tuple,,,
rs$a,net/minecraft/util/WeightedRandom$Item,net/minecraft/server/v1_12_R1/WeightedRandom$WeightedRandomChoice,,,
rs,net/minecraft/util/WeightedRandom,net/minecraft/server/v1_12_R1/WeightedRandom,,,
ru,net/minecraft/util/datafix/IFixableData,net/minecraft/server/v1_12_R1/IDataConverter,,,
rv,net/minecraft/util/datafix/IFixType,net/minecraft/server/v1_12_R1/DataConverterType,,,
rw,net/minecraft/util/datafix/FixTypes,net/minecraft/server/v1_12_R1/DataConverterTypes,,,
rx,net/minecraft/util/datafix/IDataFixer,net/minecraft/server/v1_12_R1/DataConverter,,,
ry,net/minecraft/util/datafix/DataFixer,net/minecraft/server/v1_12_R1/DataConverterManager,,,
rz,net/minecraft/util/datafix/DataFixesManager,net/minecraft/server/v1_12_R1/DataConverterRegistry,,,
s,net/minecraft/advancements/FrameType,net/minecraft/server/v1_12_R1/AdvancementFrameType,,,
sa,net/minecraft/util/datafix/IDataWalker,net/minecraft/server/v1_12_R1/DataInspector,,,
sb,net/minecraft/util/datafix/fixes/AddBedTileEntity,net/minecraft/server/v1_12_R1/DataConverterBedBlock,,,
sc,net/minecraft/util/datafix/fixes/BedItemColor,net/minecraft/server/v1_12_R1/DataConverterBedItem,,,
sd,net/minecraft/util/datafix/fixes/TileEntityId,net/minecraft/server/v1_12_R1/DataConverterTileEntity,,,
se,net/minecraft/util/datafix/fixes/SpawnerEntityTypes,net/minecraft/server/v1_12_R1/DataConverterMobSpawner,,,
sf,net/minecraft/util/datafix/fixes/ShulkerBoxTileColor,net/minecraft/server/v1_12_R1/DataConverterShulkerBoxBlock,,,
sg$1,net/minecraft/util/datafix/fixes/SignStrictJSON$1,net/minecraft/server/v1_12_R1/DataConverterSignText$1,,,
sg,net/minecraft/util/datafix/fixes/SignStrictJSON,net/minecraft/server/v1_12_R1/DataConverterSignText,,,
sh,net/minecraft/util/datafix/fixes/ArmorStandSilent,net/minecraft/server/v1_12_R1/DataConverterArmorStand,,,
si,net/minecraft/util/datafix/fixes/ElderGuardianSplit,net/minecraft/server/v1_12_R1/DataConverterGuardian,,,
sj,net/minecraft/util/datafix/fixes/EntityArmorAndHeld,net/minecraft/server/v1_12_R1/DataConverterEquipment,,,
sk,net/minecraft/util/datafix/fixes/EntityHealth,net/minecraft/server/v1_12_R1/DataConverterHealth,,,
sl,net/minecraft/util/datafix/fixes/HorseSaddle,net/minecraft/server/v1_12_R1/DataConverterSaddle,,,
sm,net/minecraft/util/datafix/fixes/HorseSplit,net/minecraft/server/v1_12_R1/DataConverterHorse,,,
sn,net/minecraft/util/datafix/fixes/EntityId,net/minecraft/server/v1_12_R1/DataConverterEntity,,,
so,net/minecraft/util/datafix/fixes/MinecartEntityTypes,net/minecraft/server/v1_12_R1/DataConverterMinecart,,,
sp,net/minecraft/util/datafix/fixes/PaintingDirection,net/minecraft/server/v1_12_R1/DataConverterHanging,,,
sq,net/minecraft/util/datafix/fixes/RedundantChanceTags,net/minecraft/server/v1_12_R1/DataConverterDropChances,,,
sr,net/minecraft/util/datafix/fixes/RidingToPassengers,net/minecraft/server/v1_12_R1/DataConverterRiding,,,
ss,net/minecraft/util/datafix/fixes/ShulkerBoxEntityColor,net/minecraft/server/v1_12_R1/DataConverterShulker,,,
st,net/minecraft/util/datafix/fixes/SkeletonSplit,net/minecraft/server/v1_12_R1/DataConverterSkeleton,,,
su,net/minecraft/util/datafix/fixes/StringToUUID,net/minecraft/server/v1_12_R1/DataConverterUUID,,,
sv,net/minecraft/util/datafix/fixes/ZombieSplit,net/minecraft/server/v1_12_R1/DataConverterZombieType,,,
sw,net/minecraft/util/datafix/fixes/ZombieProfToType,net/minecraft/server/v1_12_R1/DataConverterZombie,,,
sx,net/minecraft/util/datafix/fixes/BannerItemColor,net/minecraft/server/v1_12_R1/DataConverterBanner,,,
sy,net/minecraft/util/datafix/fixes/CookedFishIDTypo,net/minecraft/server/v1_12_R1/DataConverterCookedFish,,,
sz,net/minecraft/util/datafix/fixes/ItemIntIDToString,net/minecraft/server/v1_12_R1/DataConverterMaterialId,,,
t,net/minecraft/advancements/AdvancementTreeNode,net/minecraft/server/v1_12_R1/AdvancementTree,,,
ta,net/minecraft/util/datafix/fixes/PotionItems,net/minecraft/server/v1_12_R1/DataConverterPotionId,,,
tb,net/minecraft/util/datafix/fixes/ShulkerBoxItemColor,net/minecraft/server/v1_12_R1/DataConverterShulkerBoxItem,,,
tc,net/minecraft/util/datafix/fixes/SpawnEggNames,net/minecraft/server/v1_12_R1/DataConverterSpawnEgg,,,
td,net/minecraft/util/datafix/fixes/TotemItemRename,net/minecraft/server/v1_12_R1/DataConverterTotem,,,
te,net/minecraft/util/datafix/fixes/PotionWater,net/minecraft/server/v1_12_R1/DataConverterPotionWater,,,
tf,net/minecraft/util/datafix/fixes/BookPagesStrictJSON,net/minecraft/server/v1_12_R1/DataConverterBook,,,
tg,net/minecraft/util/datafix/fixes/ForceVBOOn,net/minecraft/server/v1_12_R1/DataConverterVBO,,,
th,net/minecraft/util/datafix/fixes/OptionsLowerCaseLanguage,net/minecraft/server/v1_12_R1/DataConverterLang,,,
tk,net/minecraft/util/datafix/walkers/ItemStackData,net/minecraft/server/v1_12_R1/DataInspectorItem,,,
tl,net/minecraft/util/datafix/walkers/BlockEntityTag,net/minecraft/server/v1_12_R1/DataInspectorBlockEntity,,,
tm,net/minecraft/util/datafix/walkers/EntityTag,net/minecraft/server/v1_12_R1/DataInspectorEntity,,,
tn,net/minecraft/util/datafix/walkers/ItemStackDataLists,net/minecraft/server/v1_12_R1/DataInspectorItemList,,,
to,net/minecraft/util/datafix/walkers/Filtered,net/minecraft/server/v1_12_R1/DataInspectorTagged,,,
tr,net/minecraft/util/IThreadListener,net/minecraft/server/v1_12_R1/IAsyncTaskHandler,,,
tt$a,net/minecraft/world/BossInfo$Color,net/minecraft/server/v1_12_R1/BossBattle$BarColor,,,
tt$b,net/minecraft/world/BossInfo$Overlay,net/minecraft/server/v1_12_R1/BossBattle$BarStyle,,,
tt,net/minecraft/world/BossInfo,net/minecraft/server/v1_12_R1/BossBattle,,,
tu,net/minecraft/inventory/InventoryLargeChest,net/minecraft/server/v1_12_R1/InventoryLargeChest,,,
tv,net/minecraft/inventory/IInventory,net/minecraft/server/v1_12_R1/IInventory,,,
tw,net/minecraft/inventory/ItemStackHelper,net/minecraft/server/v1_12_R1/ContainerUtil,,,
tx,net/minecraft/inventory/IInventoryChangedListener,net/minecraft/server/v1_12_R1/IInventoryListener,,,
ty,net/minecraft/inventory/InventoryHelper,net/minecraft/server/v1_12_R1/InventoryUtils,,,
tz,net/minecraft/world/EnumDifficulty,net/minecraft/server/v1_12_R1/EnumDifficulty,,,
u,net/minecraft/advancements/critereon/AbstractCriterionInstance,net/minecraft/server/v1_12_R1/CriterionInstanceAbstract,,,
ua,net/minecraft/world/DifficultyInstance,net/minecraft/server/v1_12_R1/DifficultyDamageScaler,,,
ub,net/minecraft/util/EnumHand,net/minecraft/server/v1_12_R1/EnumHand,,,
uc,net/minecraft/world/IInteractionObject,net/minecraft/server/v1_12_R1/ITileEntityContainer,,,
ud,net/minecraft/util/EnumActionResult,net/minecraft/server/v1_12_R1/EnumInteractionResult,,,
ue,net/minecraft/util/ActionResult,net/minecraft/server/v1_12_R1/InteractionResultWrapper,,,
ug,net/minecraft/world/LockCode,net/minecraft/server/v1_12_R1/ChestLock,,,
uh,net/minecraft/world/ILockableContainer,net/minecraft/server/v1_12_R1/ITileInventory,,,
ui,net/minecraft/world/IWorldNameable,net/minecraft/server/v1_12_R1/INamableTileEntity,,,
uj,net/minecraft/world/storage/loot/ILootContainer,net/minecraft/server/v1_12_R1/ILootable,,,
uk,net/minecraft/inventory/InventoryBasic,net/minecraft/server/v1_12_R1/InventorySubcontainer,,,
ul$1,net/minecraft/profiler/Snooper$1,net/minecraft/server/v1_12_R1/MojangStatisticsGenerator$1,,,
ul,net/minecraft/profiler/Snooper,net/minecraft/server/v1_12_R1/MojangStatisticsGenerator,,,
um,net/minecraft/profiler/ISnooperInfo,net/minecraft/server/v1_12_R1/IMojangStatistics,,,
un,net/minecraft/inventory/ISidedInventory,net/minecraft/server/v1_12_R1/IWorldInventory,,,
uo,net/minecraft/util/CombatEntry,net/minecraft/server/v1_12_R1/CombatEntry,,,
up,net/minecraft/util/CombatRules,net/minecraft/server/v1_12_R1/CombatMath,,,
uq,net/minecraft/util/CombatTracker,net/minecraft/server/v1_12_R1/CombatTracker,,,
ur,net/minecraft/util/DamageSource,net/minecraft/server/v1_12_R1/DamageSource,,,
us,net/minecraft/util/EntityDamageSource,net/minecraft/server/v1_12_R1/EntityDamageSource,,,
ut,net/minecraft/util/EntityDamageSourceIndirect,net/minecraft/server/v1_12_R1/EntityDamageSourceIndirect,,,
uv,net/minecraft/potion/PotionAbsorption,net/minecraft/server/v1_12_R1/MobEffectAbsorption,,,
uw,net/minecraft/potion/PotionAttackDamage,net/minecraft/server/v1_12_R1/MobEffectAttackDamage,,,
ux,net/minecraft/potion/PotionHealthBoost,net/minecraft/server/v1_12_R1/MobEffectHealthBoost,,,
uy,net/minecraft/potion/PotionHealth,net/minecraft/server/v1_12_R1/InstantMobEffect,,,
uz,net/minecraft/potion/Potion,net/minecraft/server/v1_12_R1/MobEffectList,,,
v$a,net/minecraft/advancements/critereon/BredAnimalsTrigger$Listeners,net/minecraft/server/v1_12_R1/CriterionTriggerBredAnimals$a,,,
v$b,net/minecraft/advancements/critereon/BredAnimalsTrigger$Instance,net/minecraft/server/v1_12_R1/CriterionTriggerBredAnimals$b,,,
v,net/minecraft/advancements/critereon/BredAnimalsTrigger,net/minecraft/server/v1_12_R1/CriterionTriggerBredAnimals,,,
va,net/minecraft/potion/PotionEffect,net/minecraft/server/v1_12_R1/MobEffect,,,
vb,net/minecraft/init/MobEffects,net/minecraft/server/v1_12_R1/MobEffects,,,
vd,net/minecraft/entity/EntityAgeable,net/minecraft/server/v1_12_R1/EntityAgeable,,,
ve,net/minecraft/entity/EntityAreaEffectCloud,net/minecraft/server/v1_12_R1/EntityAreaEffectCloud,,,
vf,net/minecraft/entity/passive/IAnimals,net/minecraft/server/v1_12_R1/IAnimal,,,
vg$1,net/minecraft/entity/Entity$1,net/minecraft/server/v1_12_R1/Entity$1,,,
vg$2,net/minecraft/entity/Entity$2,net/minecraft/server/v1_12_R1/Entity$2,,,
vg$3,net/minecraft/entity/Entity$3,net/minecraft/server/v1_12_R1/Entity$3,,,
vg$4,net/minecraft/entity/Entity$4,net/minecraft/server/v1_12_R1/Entity$4,,,
vg$5,net/minecraft/entity/Entity$5,net/minecraft/server/v1_12_R1/Entity$5,,,
vg,net/minecraft/entity/Entity,net/minecraft/server/v1_12_R1/Entity,,,
vi$a,net/minecraft/entity/EntityList$EntityEggInfo,net/minecraft/server/v1_12_R1/EntityTypes$MonsterEggInfo,,,
vi,net/minecraft/entity/EntityList,net/minecraft/server/v1_12_R1/EntityTypes,,,
vk$1,net/minecraft/util/EntitySelectors$1,net/minecraft/server/v1_12_R1/IEntitySelector$1,,,
vk$2,net/minecraft/util/EntitySelectors$2,net/minecraft/server/v1_12_R1/IEntitySelector$2,,,
vk$3,net/minecraft/util/EntitySelectors$3,net/minecraft/server/v1_12_R1/IEntitySelector$3,,,
vk$4,net/minecraft/util/EntitySelectors$4,net/minecraft/server/v1_12_R1/IEntitySelector$4,,,
vk$5,net/minecraft/util/EntitySelectors$5,net/minecraft/server/v1_12_R1/IEntitySelector$5,,,
vk$6,net/minecraft/util/EntitySelectors$6,net/minecraft/server/v1_12_R1/IEntitySelector$6,,,
vk$7,net/minecraft/util/EntitySelectors$7,net/minecraft/server/v1_12_R1/IEntitySelector$7,,,
vk$8,net/minecraft/util/EntitySelectors$8,net/minecraft/server/v1_12_R1/IEntitySelector$8,,,
vk$a,net/minecraft/util/EntitySelectors$ArmoredMob,net/minecraft/server/v1_12_R1/IEntitySelector$EntitySelectorEquipable,,,
vk,net/minecraft/util/EntitySelectors,net/minecraft/server/v1_12_R1/IEntitySelector,,,
vl$a,net/minecraft/inventory/EntityEquipmentSlot$Type,net/minecraft/server/v1_12_R1/EnumItemSlot$Function,,,
vl,net/minecraft/inventory/EntityEquipmentSlot,net/minecraft/server/v1_12_R1/EnumItemSlot,,,
vm,net/minecraft/entity/item/EntityXPOrb,net/minecraft/server/v1_12_R1/EntityExperienceOrb,,,
vn,net/minecraft/entity/EntityFlying,net/minecraft/server/v1_12_R1/EntityFlying,,,
vo,net/minecraft/util/EnumHandSide,net/minecraft/server/v1_12_R1/EnumMainHand,,,
vp,net/minecraft/entity/EntityLivingBase,net/minecraft/server/v1_12_R1/EntityLiving,,,
vq$a,net/minecraft/entity/EntityLiving$SpawnPlacementType,net/minecraft/server/v1_12_R1/EntityInsentient$EnumEntityPositionType,,,
vq,net/minecraft/entity/EntityLiving,net/minecraft/server/v1_12_R1/EntityInsentient,,,
vr,net/minecraft/entity/EnumCreatureType,net/minecraft/server/v1_12_R1/EnumCreatureType,,,
vs,net/minecraft/entity/IEntityLivingData,net/minecraft/server/v1_12_R1/GroupDataEntity,,,
vt,net/minecraft/entity/EntitySpawnPlacementRegistry,net/minecraft/server/v1_12_R1/EntityPositionTypes,,,
vu,net/minecraft/entity/EnumCreatureAttribute,net/minecraft/server/v1_12_R1/EnumMonsterType,,,
vv,net/minecraft/entity/MoverType,net/minecraft/server/v1_12_R1/EnumMoveType,,,
vw,net/minecraft/entity/IEntityOwnable,net/minecraft/server/v1_12_R1/EntityOwnable,,,
vx,net/minecraft/entity/EntityCreature,net/minecraft/server/v1_12_R1/EntityCreature,,,
vz,net/minecraft/entity/IJumpingMount,net/minecraft/server/v1_12_R1/IJumpable,,,
w$a,net/minecraft/advancements/critereon/BrewedPotionTrigger$Listeners,net/minecraft/server/v1_12_R1/CriterionTriggerBrewedPotion$a,,,
w$b,net/minecraft/advancements/critereon/BrewedPotionTrigger$Instance,net/minecraft/server/v1_12_R1/CriterionTriggerBrewedPotion$b,,,
w,net/minecraft/advancements/critereon/BrewedPotionTrigger,net/minecraft/server/v1_12_R1/CriterionTriggerBrewedPotion,,,
wb,net/minecraft/entity/passive/EntityTameable,net/minecraft/server/v1_12_R1/EntityTameableAnimal,,,
wc,net/minecraft/entity/ai/attributes/IAttribute,net/minecraft/server/v1_12_R1/IAttribute,,,
wd,net/minecraft/entity/ai/attributes/IAttributeInstance,net/minecraft/server/v1_12_R1/AttributeInstance,,,
we,net/minecraft/entity/ai/attributes/AttributeModifier,net/minecraft/server/v1_12_R1/AttributeModifier,,,
wf,net/minecraft/entity/ai/attributes/BaseAttribute,net/minecraft/server/v1_12_R1/AttributeBase,,,
wg,net/minecraft/entity/ai/attributes/AbstractAttributeMap,net/minecraft/server/v1_12_R1/AttributeMapBase,,,
wh,net/minecraft/entity/ai/attributes/ModifiableAttributeInstance,net/minecraft/server/v1_12_R1/AttributeModifiable,,,
wi,net/minecraft/entity/ai/attributes/AttributeMap,net/minecraft/server/v1_12_R1/AttributeMapServer,,,
wj,net/minecraft/entity/ai/attributes/RangedAttribute,net/minecraft/server/v1_12_R1/AttributeRanged,,,
wl,net/minecraft/entity/EntityBodyHelper,net/minecraft/server/v1_12_R1/EntityAIBodyControl,,,
wn,net/minecraft/entity/ai/EntityFlyHelper,net/minecraft/server/v1_12_R1/ControllerMoveFlying,,,
wo,net/minecraft/entity/ai/EntityJumpHelper,net/minecraft/server/v1_12_R1/ControllerJump,,,
wp,net/minecraft/entity/ai/EntityLookHelper,net/minecraft/server/v1_12_R1/ControllerLook,,,
wq$a,net/minecraft/entity/ai/EntityMoveHelper$Action,net/minecraft/server/v1_12_R1/ControllerMove$Operation,,,
wq,net/minecraft/entity/ai/EntityMoveHelper,net/minecraft/server/v1_12_R1/ControllerMove,,,
ws$1,net/minecraft/entity/ai/EntityAIAvoidEntity$1,net/minecraft/server/v1_12_R1/PathfinderGoalAvoidTarget$1,,,
ws,net/minecraft/entity/ai/EntityAIAvoidEntity,net/minecraft/server/v1_12_R1/PathfinderGoalAvoidTarget,,,
wt,net/minecraft/entity/ai/EntityAIBeg,net/minecraft/server/v1_12_R1/PathfinderGoalBeg,,,
wu,net/minecraft/entity/ai/EntityAIBreakDoor,net/minecraft/server/v1_12_R1/PathfinderGoalBreakDoor,,,
wv,net/minecraft/entity/ai/EntityAIMate,net/minecraft/server/v1_12_R1/PathfinderGoalBreed,,,
ww,net/minecraft/entity/ai/EntityAIDoorInteract,net/minecraft/server/v1_12_R1/PathfinderGoalDoorInteract,,,
wx,net/minecraft/entity/ai/EntityAIEatGrass,net/minecraft/server/v1_12_R1/PathfinderGoalEatTile,,,
wy,net/minecraft/entity/ai/EntityAIFleeSun,net/minecraft/server/v1_12_R1/PathfinderGoalFleeSun,,,
wz,net/minecraft/entity/ai/EntityAISwimming,net/minecraft/server/v1_12_R1/PathfinderGoalFloat,,,
x$a,net/minecraft/advancements/critereon/ChangeDimensionTrigger$Listeners,net/minecraft/server/v1_12_R1/CriterionTriggerChangedDimension$a,,,
x$b,net/minecraft/advancements/critereon/ChangeDimensionTrigger$Instance,net/minecraft/server/v1_12_R1/CriterionTriggerChangedDimension$b,,,
x,net/minecraft/advancements/critereon/ChangeDimensionTrigger,net/minecraft/server/v1_12_R1/CriterionTriggerChangedDimension,,,
xa$1,net/minecraft/entity/ai/EntityAIFollow$1,net/minecraft/server/v1_12_R1/PathfinderGoalFollowEntity$1,,,
xa,net/minecraft/entity/ai/EntityAIFollow,net/minecraft/server/v1_12_R1/PathfinderGoalFollowEntity,,,
xb,net/minecraft/entity/ai/EntityAIFollowOwnerFlying,net/minecraft/server/v1_12_R1/PathfinderGoalFollowOwnerParrot,,,
xc,net/minecraft/entity/ai/EntityAIFollowOwner,net/minecraft/server/v1_12_R1/PathfinderGoalFollowOwner,,,
xd,net/minecraft/entity/ai/EntityAIFollowParent,net/minecraft/server/v1_12_R1/PathfinderGoalFollowParent,,,
xe,net/minecraft/entity/ai/EntityAIBase,net/minecraft/server/v1_12_R1/PathfinderGoal,,,
xf$a,net/minecraft/entity/ai/EntityAITasks$EntityAITaskEntry,net/minecraft/server/v1_12_R1/PathfinderGoalSelector$PathfinderGoalSelectorItem,,,
xf,net/minecraft/entity/ai/EntityAITasks,net/minecraft/server/v1_12_R1/PathfinderGoalSelector,,,
xg,net/minecraft/entity/ai/EntityAIHarvestFarmland,net/minecraft/server/v1_12_R1/PathfinderGoalVillagerFarm,,,
xh,net/minecraft/entity/ai/EntityAIWatchClosest2,net/minecraft/server/v1_12_R1/PathfinderGoalInteract,,,
xi,net/minecraft/entity/ai/EntityAILandOnOwnersShoulder,net/minecraft/server/v1_12_R1/PathfinderGoalPerch,,,
xj,net/minecraft/entity/ai/EntityAILeapAtTarget,net/minecraft/server/v1_12_R1/PathfinderGoalLeapAtTarget,,,
xk,net/minecraft/entity/ai/EntityAILlamaFollowCaravan,net/minecraft/server/v1_12_R1/PathfinderGoalLlamaFollow,,,
xl,net/minecraft/entity/ai/EntityAIWatchClosest,net/minecraft/server/v1_12_R1/PathfinderGoalLookAtPlayer,,,
xm,net/minecraft/entity/ai/EntityAILookAtTradePlayer,net/minecraft/server/v1_12_R1/PathfinderGoalLookAtTradingPlayer,,,
xn,net/minecraft/entity/ai/EntityAIVillagerMate,net/minecraft/server/v1_12_R1/PathfinderGoalMakeLove,,,
xo,net/minecraft/entity/ai/EntityAIAttackMelee,net/minecraft/server/v1_12_R1/PathfinderGoalMeleeAttack,,,
xp,net/minecraft/entity/ai/EntityAIMoveIndoors,net/minecraft/server/v1_12_R1/PathfinderGoalMoveIndoors,,,
xq,net/minecraft/entity/ai/EntityAIMoveThroughVillage,net/minecraft/server/v1_12_R1/PathfinderGoalMoveThroughVillage,,,
xr,net/minecraft/entity/ai/EntityAIMoveToBlock,net/minecraft/server/v1_12_R1/PathfinderGoalGotoTarget,,,
xs,net/minecraft/entity/ai/EntityAIMoveTowardsRestriction,net/minecraft/server/v1_12_R1/PathfinderGoalMoveTowardsRestriction,,,
xt,net/minecraft/entity/ai/EntityAIMoveTowardsTarget,net/minecraft/server/v1_12_R1/PathfinderGoalMoveTowardsTarget,,,
xu,net/minecraft/entity/ai/EntityAIOcelotAttack,net/minecraft/server/v1_12_R1/PathfinderGoalOcelotAttack,,,
xv,net/minecraft/entity/ai/EntityAIOcelotSit,net/minecraft/server/v1_12_R1/PathfinderGoalJumpOnBlock,,,
xw,net/minecraft/entity/ai/EntityAILookAtVillager,net/minecraft/server/v1_12_R1/PathfinderGoalOfferFlower,,,
xx,net/minecraft/entity/ai/EntityAIOpenDoor,net/minecraft/server/v1_12_R1/PathfinderGoalOpenDoor,,,
xy,net/minecraft/entity/ai/EntityAIPanic,net/minecraft/server/v1_12_R1/PathfinderGoalPanic,,,
xz,net/minecraft/entity/ai/EntityAIPlay,net/minecraft/server/v1_12_R1/PathfinderGoalPlay,,,
y$a,net/minecraft/advancements/critereon/ConstructBeaconTrigger$Listeners,net/minecraft/server/v1_12_R1/CriterionTriggerConstructBeacon$a,,,
y$b,net/minecraft/advancements/critereon/ConstructBeaconTrigger$Instance,net/minecraft/server/v1_12_R1/CriterionTriggerConstructBeacon$b,,,
y,net/minecraft/advancements/critereon/ConstructBeaconTrigger,net/minecraft/server/v1_12_R1/CriterionTriggerConstructBeacon,,,
yb,net/minecraft/entity/ai/EntityAILookIdle,net/minecraft/server/v1_12_R1/PathfinderGoalRandomLookaround,,,
yc,net/minecraft/entity/ai/EntityAIWander,net/minecraft/server/v1_12_R1/PathfinderGoalRandomStroll,,,
yd,net/minecraft/entity/ai/EntityAIAttackRanged,net/minecraft/server/v1_12_R1/PathfinderGoalArrowAttack,,,
ye,net/minecraft/entity/ai/EntityAIAttackRangedBow,net/minecraft/server/v1_12_R1/PathfinderGoalBowShoot,,,
yf,net/minecraft/entity/ai/EntityAIRestrictOpenDoor,net/minecraft/server/v1_12_R1/PathfinderGoalRestrictOpenDoor,,,
yg,net/minecraft/entity/ai/EntityAIRestrictSun,net/minecraft/server/v1_12_R1/PathfinderGoalRestrictSun,,,
yh,net/minecraft/entity/ai/EntityAIRunAroundLikeCrazy,net/minecraft/server/v1_12_R1/PathfinderGoalTame,,,
yi,net/minecraft/entity/ai/EntityAISit,net/minecraft/server/v1_12_R1/PathfinderGoalSit,,,
yj,net/minecraft/entity/ai/EntityAICreeperSwell,net/minecraft/server/v1_12_R1/PathfinderGoalSwell,,,
yk,net/minecraft/entity/ai/EntityAIFollowGolem,net/minecraft/server/v1_12_R1/PathfinderGoalTakeFlower,,,
yl,net/minecraft/entity/ai/EntityAITempt,net/minecraft/server/v1_12_R1/PathfinderGoalTempt,,,
ym,net/minecraft/entity/ai/EntityAITradePlayer,net/minecraft/server/v1_12_R1/PathfinderGoalTradeWithPlayer,,,
yn,net/minecraft/entity/ai/EntityAIVillagerInteract,net/minecraft/server/v1_12_R1/PathfinderGoalInteractVillagers,,,
yo,net/minecraft/entity/ai/EntityAIWanderAvoidWaterFlying,net/minecraft/server/v1_12_R1/PathfinderGoalRandomFly,,,
yp,net/minecraft/entity/ai/EntityAIWanderAvoidWater,net/minecraft/server/v1_12_R1/PathfinderGoalRandomStrollLand,,,
yq,net/minecraft/entity/ai/EntityAIZombieAttack,net/minecraft/server/v1_12_R1/PathfinderGoalZombieAttack,,,
ys,net/minecraft/entity/ai/EntityAIDefendVillage,net/minecraft/server/v1_12_R1/PathfinderGoalDefendVillage,,,
yt,net/minecraft/entity/ai/EntityAIHurtByTarget,net/minecraft/server/v1_12_R1/PathfinderGoalHurtByTarget,,,
yu$1,net/minecraft/entity/ai/EntityAIFindEntityNearest$1,net/minecraft/server/v1_12_R1/PathfinderGoalNearestAttackableTargetInsentient$1,,,
yu,net/minecraft/entity/ai/EntityAIFindEntityNearest,net/minecraft/server/v1_12_R1/PathfinderGoalNearestAttackableTargetInsentient,,,
yv$1,net/minecraft/entity/ai/EntityAIFindEntityNearestPlayer$1,net/minecraft/server/v1_12_R1/PathfinderGoalTargetNearestPlayer$1,,,
yv,net/minecraft/entity/ai/EntityAIFindEntityNearestPlayer,net/minecraft/server/v1_12_R1/PathfinderGoalTargetNearestPlayer,,,
yw$1,net/minecraft/entity/ai/EntityAINearestAttackableTarget$1,net/minecraft/server/v1_12_R1/PathfinderGoalNearestAttackableTarget$1,,,
yw$2,net/minecraft/entity/ai/EntityAINearestAttackableTarget$2,net/minecraft/server/v1_12_R1/PathfinderGoalNearestAttackableTarget$2,,,
yw$a,net/minecraft/entity/ai/EntityAINearestAttackableTarget$Sorter,net/minecraft/server/v1_12_R1/PathfinderGoalNearestAttackableTarget$DistanceComparator,,,
yw,net/minecraft/entity/ai/EntityAINearestAttackableTarget,net/minecraft/server/v1_12_R1/PathfinderGoalNearestAttackableTarget,,,
yx,net/minecraft/entity/ai/EntityAITargetNonTamed,net/minecraft/server/v1_12_R1/PathfinderGoalRandomTargetNonTamed,,,
yy,net/minecraft/entity/ai/EntityAIOwnerHurtByTarget,net/minecraft/server/v1_12_R1/PathfinderGoalOwnerHurtByTarget,,,
yz,net/minecraft/entity/ai/EntityAIOwnerHurtTarget,net/minecraft/server/v1_12_R1/PathfinderGoalOwnerHurtTarget,,,
z$a,net/minecraft/advancements/critereon/ConsumeItemTrigger$Listeners,net/minecraft/server/v1_12_R1/CriterionTriggerConsumeItem$a,,,
z$b,net/minecraft/advancements/critereon/ConsumeItemTrigger$Instance,net/minecraft/server/v1_12_R1/CriterionTriggerConsumeItem$b,,,
z,net/minecraft/advancements/critereon/ConsumeItemTrigger,net/minecraft/server/v1_12_R1/CriterionTriggerConsumeItem,,,
za,net/minecraft/entity/ai/EntityAITarget,net/minecraft/server/v1_12_R1/PathfinderGoalTarget,,,
zc,net/minecraft/pathfinding/PathNavigateFlying,net/minecraft/server/v1_12_R1/NavigationFlying,,,
zd,net/minecraft/pathfinding/PathNavigateGround,net/minecraft/server/v1_12_R1/Navigation,,,
ze,net/minecraft/pathfinding/PathNavigate,net/minecraft/server/v1_12_R1/NavigationAbstract,,,
zf,net/minecraft/pathfinding/PathWorldListener,net/minecraft/server/v1_12_R1/NavigationListener,,,
zg,net/minecraft/pathfinding/PathNavigateClimber,net/minecraft/server/v1_12_R1/NavigationSpider,,,
zh,net/minecraft/pathfinding/PathNavigateSwimmer,net/minecraft/server/v1_12_R1/NavigationGuardian,,,
zj,net/minecraft/entity/ai/EntitySenses,net/minecraft/server/v1_12_R1/EntitySenses,,,
zl,net/minecraft/entity/ai/RandomPositionGenerator,net/minecraft/server/v1_12_R1/RandomPositionGenerator,,,
zn,net/minecraft/village/VillageDoorInfo,net/minecraft/server/v1_12_R1/VillageDoor,,,
zo$a,net/minecraft/village/Village$VillageAggressor,net/minecraft/server/v1_12_R1/Village$Aggressor,,,
zo,net/minecraft/village/Village,net/minecraft/server/v1_12_R1/Village,,,
zp,net/minecraft/village/VillageSiege,net/minecraft/server/v1_12_R1/VillageSiege,,,
zq,net/minecraft/village/VillageCollection,net/minecraft/server/v1_12_R1/PersistentVillage,,,
zs,net/minecraft/entity/passive/EntityAmbientCreature,net/minecraft/server/v1_12_R1/EntityAmbient,,,
zt,net/minecraft/entity/passive/EntityBat,net/minecraft/server/v1_12_R1/EntityBat,,,
zv,net/minecraft/entity/passive/EntityAnimal,net/minecraft/server/v1_12_R1/EntityAnimal,,,
zw,net/minecraft/entity/passive/EntityChicken,net/minecraft/server/v1_12_R1/EntityChicken,,,
zx,net/minecraft/entity/passive/EntityCow,net/minecraft/server/v1_12_R1/EntityCow,,,
zy,net/minecraft/entity/passive/EntityFlying,net/minecraft/server/v1_12_R1/EntityBird,,,
zz,net/minecraft/entity/monster/EntityGolem,net/minecraft/server/v1_12_R1/EntityGolem,,,
net/minecraft/realms/RealmsEditBox,net/minecraft/realms/RealmsEditBox,,,,
net/minecraft/realms/DisconnectedRealmsScreen,net/minecraft/realms/DisconnectedRealmsScreen,,,,
net/minecraft/realms/RealmsVertexFormatElement,net/minecraft/realms/RealmsVertexFormatElement,,,,
net/minecraft/realms/RealmsMth,net/minecraft/realms/RealmsMth,,,,
net/minecraft/realms/RealmsBufferBuilder,net/minecraft/realms/RealmsBufferBuilder,,,,
net/minecraft/realms/RealmsSliderButton,net/minecraft/realms/RealmsSliderButton,,,,
net/minecraft/realms/RealmsDefaultVertexFormat,net/minecraft/realms/RealmsDefaultVertexFormat,,,,
net/minecraft/realms/RealmsClickableScrolledSelectionList,net/minecraft/realms/RealmsClickableScrolledSelectionList,,,,
net/minecraft/realms/RealmsConnect$1,net/minecraft/realms/RealmsConnect$1,,,,
net/minecraft/realms/RealmsScrolledSelectionList,net/minecraft/realms/RealmsScrolledSelectionList,,,,
net/minecraft/realms/RealmsBridge,net/minecraft/realms/RealmsBridge,,,,
net/minecraft/realms/RealmsLevelSummary,net/minecraft/realms/RealmsLevelSummary,,,,
net/minecraft/realms/RealmsServerAddress,net/minecraft/realms/RealmsServerAddress,,,,
net/minecraft/realms/Realms,net/minecraft/realms/Realms,,,,
net/minecraft/realms/RealmsConnect,net/minecraft/realms/RealmsConnect,,,,
net/minecraft/realms/Tezzelator,net/minecraft/realms/Tezzelator,,,,
net/minecraft/realms/RealmsVertexFormat,net/minecraft/realms/RealmsVertexFormat,,,,
net/minecraft/realms/RealmsSharedConstants,net/minecraft/realms/RealmsSharedConstants,,,,
net/minecraft/realms/RealmsSimpleScrolledSelectionList,net/minecraft/realms/RealmsSimpleScrolledSelectionList,,,,
net/minecraft/realms/RealmsButton,net/minecraft/realms/RealmsButton,,,,
net/minecraft/realms/RealmsAnvilLevelStorageSource,net/minecraft/realms/RealmsAnvilLevelStorageSource,,,,
net/minecraft/realms/RealmsScreen,net/minecraft/realms/RealmsScreen,,,,
bid$1,net/minecraft/client/settings/GameSettings$1,,,,
bib,net/minecraft/client/Minecraft,,,,
brx$1,net/minecraft/client/multiplayer/ChunkProviderClient$1,,,,
bry,net/minecraft/client/network/NetHandlerLoginClient,,,,
bsb$1,net/minecraft/client/multiplayer/WorldClient$1,,,,
bsg,net/minecraft/client/network/ServerPinger,,,,
bse$a,net/minecraft/client/multiplayer/ServerData$ServerResourceMode,,,,
brw$a,net/minecraft/client/multiplayer/ClientAdvancementManager$IListener,,,,
bry$1,net/minecraft/client/network/NetHandlerLoginClient$1,,,,
brz$1$1,net/minecraft/client/network/NetHandlerPlayClient$1$1,,,,
bsa,net/minecraft/client/multiplayer/PlayerControllerMP,,,,
bsb$3,net/minecraft/client/multiplayer/WorldClient$3,,,,
bsb$2,net/minecraft/client/multiplayer/WorldClient$2,,,,
bsd,net/minecraft/client/multiplayer/ServerAddress,,,,
bsg$1,net/minecraft/client/network/ServerPinger$1,,,,
brz,net/minecraft/client/network/NetHandlerPlayClient,,,,
bsc,net/minecraft/client/network/NetworkPlayerInfo,,,,
bsf,net/minecraft/client/multiplayer/ServerList,,,,
brx,net/minecraft/client/multiplayer/ChunkProviderClient,,,,
brz$1,net/minecraft/client/network/NetHandlerPlayClient$1,,,,
bse,net/minecraft/client/multiplayer/ServerData,,,,
bsc$1,net/minecraft/client/network/NetworkPlayerInfo$1,,,,
brz$2,net/minecraft/client/network/NetHandlerPlayClient$2,,,,
bsb,net/minecraft/client/multiplayer/WorldClient,,,,
bsb$4,net/minecraft/client/multiplayer/WorldClient$4,,,,
brw,net/minecraft/client/multiplayer/ClientAdvancementManager,,,,
bsg$2$1,net/minecraft/client/network/ServerPinger$2$1,,,,
bsg$2,net/minecraft/client/network/ServerPinger$2,,,,
bib$2,net/minecraft/client/Minecraft$10,,,,
cgx$a,net/minecraft/client/util/SearchTreeManager$Key,,,,
cgz$1,net/minecraft/client/util/SuffixArray$1,,,,
cgy,net/minecraft/client/util/ISearchTree,,,,
cgw,net/minecraft/client/util/SearchTree,,,,
cgx,net/minecraft/client/util/SearchTreeManager,,,,
cgw$a,net/minecraft/client/util/SearchTree$MergingIterator,,,,
cgz,net/minecraft/client/util/SuffixArray,,,,
bie,net/minecraft/client/LoadingScreenRenderer,,,,
chv,net/minecraft/client/tutorial/FindTreeStep,,,,
cia,net/minecraft/client/tutorial/ITutorialStep,,,,
chw,net/minecraft/client/tutorial/MovementStep,,,,
chz,net/minecraft/client/tutorial/Tutorial,,,,
cht,net/minecraft/client/tutorial/CompletedTutorialStep,,,,
chy,net/minecraft/client/tutorial/PunchTreeStep,,,,
cib,net/minecraft/client/tutorial/TutorialSteps,,,,
chx,net/minecraft/client/tutorial/OpenInventoryStep,,,,
chu,net/minecraft/client/tutorial/CraftPlanksStep,,,,
bix,net/minecraft/client/gui/chat/NormalChatListener,,,,
biv,net/minecraft/client/gui/chat/NarratorChatListener,,,,
biu,net/minecraft/client/gui/chat/IChatListener,,,,
biw,net/minecraft/client/gui/chat/OverlayChatListener,,,,
bis$a,net/minecraft/client/gui/MapItemRenderer$Instance,,,,
bkj,net/minecraft/client/gui/GuiSlotRealmsProxy,,,,
bkk,net/minecraft/client/gui/GuiSimpleScrolledSelectionListProxy,,,,
bkg,net/minecraft/client/gui/GuiButtonRealmsProxy,,,,
bkh,net/minecraft/client/gui/GuiClickableScrolledSelectionListProxy,,,,
bki,net/minecraft/client/gui/GuiScreenRealmsProxy,,,,
bip,net/minecraft/client/gui/FontRenderer,,,,
blp,net/minecraft/util/ITabCompleter,,,,
bkx,net/minecraft/client/gui/GuiScreenServerList,,,,
bok,net/minecraft/client/gui/GuiWorldSelection,,,,
bol$2,net/minecraft/client/gui/GuiListWorldSelectionEntry$2,,,,
boi,net/minecraft/client/gui/GuiCreateWorld,,,,
bom,net/minecraft/client/gui/GuiListWorldSelection,,,,
bol$1,net/minecraft/client/gui/GuiListWorldSelectionEntry$1,,,,
boj,net/minecraft/client/gui/GuiWorldEdit,,,,
bol,net/minecraft/client/gui/GuiListWorldSelectionEntry,,,,
bkz,net/minecraft/client/gui/GuiScreenAddServer,,,,
blc,net/minecraft/client/gui/GuiLanguage,,,,
blj,net/minecraft/client/gui/GuiDownloadTerrain,,,,
blo,net/minecraft/client/gui/GuiScreenOptionsSounds,,,,
bnh,net/minecraft/client/gui/ServerListEntryLanDetected,,,,
bng,net/minecraft/client/gui/ServerListEntryLanScan,,,,
bnf,net/minecraft/client/gui/GuiMultiplayer,,,,
bnj,net/minecraft/client/gui/ServerSelectionList,,,,
bni,net/minecraft/client/gui/ServerListEntryNormal,,,,
bni$1,net/minecraft/client/gui/ServerListEntryNormal$1,,,,
bkr$1,net/minecraft/client/multiplayer/GuiConnecting$1,,,,
bky,net/minecraft/client/gui/GuiDisconnected,,,,
blm,net/minecraft/client/gui/GuiCustomizeSkin,,,,
bkv,net/minecraft/client/gui/GuiGameOver,,,,
bnb,net/minecraft/client/gui/inventory/GuiEditSign,,,,
bmy$a,net/minecraft/client/gui/GuiMerchant$MerchantButton,,,,
bmv,net/minecraft/client/gui/GuiHopper,,,,
bmj,net/minecraft/client/gui/GuiScreenBook,,,,
bml$1,net/minecraft/client/gui/GuiCommandBlock$1,,,,
bmp$a,net/minecraft/client/gui/inventory/GuiContainerCreative$LockedSlot,,,,
bmi$a,net/minecraft/client/gui/inventory/GuiBeacon$CancelButton,,,,
bmp,net/minecraft/client/gui/inventory/GuiContainerCreative,,,,
bmw,net/minecraft/client/gui/inventory/GuiScreenHorseInventory,,,,
bmp$b,net/minecraft/client/gui/inventory/GuiContainerCreative$ContainerCreative,,,,
bmo,net/minecraft/client/gui/inventory/CreativeCrafting,,,,
bmr,net/minecraft/client/renderer/InventoryEffectRenderer,,,,
bmj$a,net/minecraft/client/gui/GuiScreenBook$NextPageButton,,,,
bmi$b,net/minecraft/client/gui/inventory/GuiBeacon$ConfirmButton,,,,
bmi$d,net/minecraft/client/gui/inventory/GuiBeacon$Button,,,,
bmz$1,net/minecraft/client/gui/inventory/GuiEditCommandBlockMinecart$1,,,,
bmp$c,net/minecraft/client/gui/inventory/GuiContainerCreative$CreativeSlot,,,,
bmi$c,net/minecraft/client/gui/inventory/GuiBeacon$PowerButton,,,,
bmm,net/minecraft/client/gui/inventory/GuiChest,,,,
bml,net/minecraft/client/gui/GuiCommandBlock,,,,
bmx,net/minecraft/client/gui/inventory/GuiInventory,,,,
bmi,net/minecraft/client/gui/inventory/GuiBeacon,,,,
bna,net/minecraft/client/gui/inventory/GuiShulkerBox,,,,
bmt,net/minecraft/client/gui/GuiEnchantment,,,,
bmh,net/minecraft/client/gui/GuiRepair,,,,
bmn,net/minecraft/client/gui/inventory/GuiCrafting,,,,
bmy,net/minecraft/client/gui/GuiMerchant,,,,
bnc,net/minecraft/client/gui/inventory/GuiEditStructure,,,,
bmz,net/minecraft/client/gui/inventory/GuiEditCommandBlockMinecart,,,,
bmg,net/minecraft/client/gui/inventory/GuiContainer,,,,
bmu,net/minecraft/client/gui/inventory/GuiFurnace,,,,
bms,net/minecraft/util/EnchantmentNameParts,,,,
bmq,net/minecraft/client/gui/inventory/GuiDispenser,,,,
bmk,net/minecraft/client/gui/inventory/GuiBrewingStand,,,,
bln$a,net/minecraft/client/gui/GuiSnooper$List,,,,
blx,net/minecraft/client/gui/advancements/GuiAdvancementTab,,,,
bly,net/minecraft/client/gui/advancements/AdvancementTabType,,,,
bmb,net/minecraft/client/gui/advancements/GuiScreenAdvancements,,,,
bma,net/minecraft/client/gui/advancements/AdvancementState,,,,
blz,net/minecraft/client/gui/advancements/GuiAdvancement,,,,
bks,net/minecraft/client/gui/GuiCreateFlatWorld,,,,
blc$a,net/minecraft/client/gui/GuiLanguage$List,,,,
ble,net/minecraft/client/gui/GuiOptions,,,,
bku$1,net/minecraft/client/gui/GuiCustomizeWorldScreen$1,,,,
bkm,net/minecraft/client/gui/ScreenChatOptions,,,,
bkq,net/minecraft/client/gui/GuiYesNo,,,,
blf,net/minecraft/client/gui/GuiMemoryErrorScreen,,,,
bkn$a,net/minecraft/client/gui/GuiChat$ChatTabCompleter,,,,
blo$a,net/minecraft/client/gui/GuiScreenOptionsSounds$Button,,,,
blt,net/minecraft/client/gui/GuiWinGame,,,,
bli,net/minecraft/client/gui/GuiScreenWorking,,,,
bll,net/minecraft/client/gui/GuiShareToLan,,,,
bla,net/minecraft/client/gui/GuiErrorScreen,,,,
bkt,net/minecraft/client/gui/GuiScreenCustomizePresets,,,,
bkp,net/minecraft/client/gui/GuiYesNoCallback,,,,
blk,net/minecraft/client/gui/GuiScreen,,,,
blb,net/minecraft/client/gui/GuiSleepMP,,,,
blh$b,net/minecraft/client/gui/GuiFlatPresets$ListSlot,,,,
bkn,net/minecraft/client/gui/GuiChat,,,,
bmd$a,net/minecraft/client/gui/GuiKeyBindingList$CategoryEntry,,,,
bme,net/minecraft/client/gui/GuiControls,,,,
bmd,net/minecraft/client/gui/GuiKeyBindingList,,,,
bmd$b,net/minecraft/client/gui/GuiKeyBindingList$KeyEntry,,,,
blr,net/minecraft/client/gui/GuiMainMenu,,,,
bnu,net/minecraft/client/gui/recipebook/IRecipeShownListener,,,,
bnn,net/minecraft/client/gui/recipebook/GuiRecipeOverlay,,,,
bnm,net/minecraft/client/gui/recipebook/GhostRecipe,,,,
bns,net/minecraft/client/gui/recipebook/RecipeList,,,,
bno,net/minecraft/client/gui/recipebook/GuiRecipeBook,,,,
bnm$a,net/minecraft/client/gui/recipebook/GhostRecipe$GhostIngredient,,,,
bnq,net/minecraft/client/gui/recipebook/GuiButtonRecipeTab,,,,
bnp,net/minecraft/client/gui/recipebook/RecipeBookPage,,,,
bnr,net/minecraft/client/gui/recipebook/GuiButtonRecipe,,,,
bnt,net/minecraft/client/gui/recipebook/IRecipeUpdateListener,,,,
bnn$a,net/minecraft/client/gui/recipebook/GuiRecipeOverlay$Button,,,,
bln,net/minecraft/client/gui/GuiSnooper,,,,
bks$a,net/minecraft/client/gui/GuiCreateFlatWorld$Details,,,,
bkz$1,net/minecraft/client/gui/GuiScreenAddServer$1,,,,
bkt$b,net/minecraft/client/gui/GuiScreenCustomizePresets$ListPreset,,,,
blg,net/minecraft/client/gui/GuiIngameMenu,,,,
bkt$a,net/minecraft/client/gui/GuiScreenCustomizePresets$Info,,,,
blm$a,net/minecraft/client/gui/GuiCustomizeSkin$ButtonPart,,,,
blu$c,net/minecraft/client/gui/achievement/GuiStats$StatsItem,,,,
blu$a,net/minecraft/client/gui/achievement/GuiStats$StatsBlock,,,,
blu$d,net/minecraft/client/gui/achievement/GuiStats$StatsMobsList,,,,
blu$e,net/minecraft/client/gui/achievement/GuiStats$Stats,,,,
blu$a$1,net/minecraft/client/gui/achievement/GuiStats$StatsBlock$1,,,,
blu$c$1,net/minecraft/client/gui/achievement/GuiStats$StatsItem$1,,,,
blu,net/minecraft/client/gui/achievement/GuiStats,,,,
blu$b,net/minecraft/client/gui/achievement/GuiStats$StatsGeneral,,,,
blv,net/minecraft/client/gui/IProgressMeter,,,,
bko,net/minecraft/client/gui/GuiConfirmOpenLink,,,,
blh,net/minecraft/client/gui/GuiFlatPresets,,,,
bkr,net/minecraft/client/multiplayer/GuiConnecting,,,,
blq,net/minecraft/util/TabCompleter,,,,
bls,net/minecraft/client/gui/GuiVideoSettings,,,,
blh$a,net/minecraft/client/gui/GuiFlatPresets$LayerItem,,,,
bku,net/minecraft/client/gui/GuiCustomizeWorldScreen,,,,
bnw,net/minecraft/client/gui/GuiScreenResourcePacks,,,,
boe,net/minecraft/client/gui/GuiResourcePackSelected,,,,
boc,net/minecraft/client/gui/GuiResourcePackAvailable,,,,
bod,net/minecraft/client/gui/GuiResourcePackList,,,,
bnx$1,net/minecraft/client/resources/ResourcePackListEntry$1,,,,
boa,net/minecraft/client/resources/ResourcePackListEntryServer,,,,
bny,net/minecraft/client/resources/ResourcePackListEntryDefault,,,,
bnx,net/minecraft/client/resources/ResourcePackListEntry,,,,
bnz,net/minecraft/client/resources/ResourcePackListEntryFound,,,,
bkw,net/minecraft/client/gui/GuiScreenDemo,,,,
bir,net/minecraft/client/gui/Gui,,,,
biq$1,net/minecraft/client/gui/GuiIngame$1,,,,
biq,net/minecraft/client/gui/GuiIngame,,,,
bis,net/minecraft/client/gui/MapItemRenderer,,,,
bjp$a,net/minecraft/client/gui/GuiPageButtonList$GuiButtonEntry,,,,
bjf$a,net/minecraft/client/gui/GuiSlider$FormatHelper,,,,
bjp$g,net/minecraft/client/gui/GuiPageButtonList$GuiSlideEntry,,,,
bjp$e,net/minecraft/client/gui/GuiPageButtonList$GuiLabelEntry,,,,
bjm$a,net/minecraft/client/gui/GuiListExtended$IGuiListEntry,,,,
bjo,net/minecraft/client/gui/GuiOptionsRowList,,,,
bji,net/minecraft/client/gui/GuiButtonLanguage,,,,
bjl,net/minecraft/client/gui/GuiLockIconButton,,,,
bjn,net/minecraft/client/gui/GuiOptionButton,,,,
bjp$f,net/minecraft/client/gui/GuiPageButtonList$GuiListEntry,,,,
bjm,net/minecraft/client/gui/GuiListExtended,,,,
bjq,net/minecraft/client/gui/GuiPlayerTabOverlay,,,,
bjp,net/minecraft/client/gui/GuiPageButtonList,,,,
bju,net/minecraft/client/gui/GuiSubtitleOverlay,,,,
bjd,net/minecraft/client/gui/GuiOverlayDebug,,,,
bjk,net/minecraft/client/gui/GuiListButton,,,,
bjh,net/minecraft/client/gui/GuiLabel,,,,
biz,net/minecraft/client/gui/GuiBossOverlay,,,,
bju$a,net/minecraft/client/gui/GuiSubtitleOverlay$Subtitle,,,,
bjp$d,net/minecraft/client/gui/GuiPageButtonList$GuiEntry,,,,
bjg,net/minecraft/client/gui/GuiButtonImage,,,,
bjt,net/minecraft/client/gui/GuiButtonToggle,,,,
bjo$a,net/minecraft/client/gui/GuiOptionsRowList$Row,,,,
bjj,net/minecraft/client/gui/BossInfoClient,,,,
bjr,net/minecraft/client/gui/GuiSlot,,,,
bjl$a,net/minecraft/client/gui/GuiLockIconButton$Icon,,,,
bjb,net/minecraft/client/gui/GuiNewChat,,,,
bja,net/minecraft/client/gui/GuiButton,,,,
bje,net/minecraft/client/gui/GuiTextField,,,,
bjp$c,net/minecraft/client/gui/GuiPageButtonList$EditBoxEntry,,,,
bjs,net/minecraft/client/gui/GuiOptionSlider,,,,
bjf,net/minecraft/client/gui/GuiSlider,,,,
bjw,net/minecraft/client/gui/GuiSpectator,,,,
bjp$b,net/minecraft/client/gui/GuiPageButtonList$GuiResponder,,,,
bkc$a,net/minecraft/client/gui/toasts/GuiToast$ToastInstance,,,,
bka,net/minecraft/client/gui/toasts/SystemToast,,,,
bka$a,net/minecraft/client/gui/toasts/SystemToast$Type,,,,
bkb$a,net/minecraft/client/gui/toasts/IToast$Visibility,,,,
bjz,net/minecraft/client/gui/toasts/RecipeToast,,,,
bkd$a,net/minecraft/client/gui/toasts/TutorialToast$Icons,,,,
bkd,net/minecraft/client/gui/toasts/TutorialToast,,,,
bjy,net/minecraft/client/gui/toasts/AdvancementToast,,,,
bkc,net/minecraft/client/gui/toasts/GuiToast,,,,
bkb,net/minecraft/client/gui/toasts/IToast,,,,
bjq$a,net/minecraft/client/gui/GuiPlayerTabOverlay$PlayerComparator,,,,
bjc,net/minecraft/client/gui/GuiUtilRenderComponents,,,,
bou,net/minecraft/client/gui/spectator/categories/SpectatorDetails,,,,
bow$a,net/minecraft/client/gui/spectator/categories/TeleportToTeam$TeamSelectionObject,,,,
bov$1,net/minecraft/client/gui/spectator/categories/TeleportToPlayer$1,,,,
bov,net/minecraft/client/gui/spectator/categories/TeleportToPlayer,,,,
bow,net/minecraft/client/gui/spectator/categories/TeleportToTeam,,,,
bop,net/minecraft/client/gui/spectator/BaseSpectatorGroup,,,,
boq$1,net/minecraft/client/gui/spectator/SpectatorMenu$1,,,,
boq,net/minecraft/client/gui/spectator/SpectatorMenu,,,,
boq$b,net/minecraft/client/gui/spectator/SpectatorMenu$MoveMenuObject,,,,
bos,net/minecraft/client/gui/spectator/ISpectatorMenuObject,,,,
boq$a,net/minecraft/client/gui/spectator/SpectatorMenu$EndSpectatorObject,,,,
bot,net/minecraft/client/gui/spectator/ISpectatorMenuRecipient,,,,
boo,net/minecraft/client/gui/spectator/PlayerMenuObject,,,,
bor,net/minecraft/client/gui/spectator/ISpectatorMenuView,,,,
bit,net/minecraft/client/gui/ScaledResolution,,,,
bib$9,net/minecraft/client/Minecraft$2,,,,
bhx,net/minecraft/client/gui/ChatLine,,,,
bhv,net/minecraft/client/renderer/ActiveRenderInfo,,,,
bib$3,net/minecraft/client/Minecraft$11,,,,
cie,net/minecraft/client/renderer/Vector3d,,,,
cid,net/minecraft/client/renderer/Matrix4f,,,,
brn,net/minecraft/client/model/ModelDragon,,,,
brm,net/minecraft/client/model/ModelDragonHead,,,,
bro,net/minecraft/client/model/ModelEnderCrystal,,,,
bqz,net/minecraft/client/model/ModelSnowMan,,,,
bps,net/minecraft/client/model/ModelEvokerFangs,,,,
bpx$a,net/minecraft/client/model/ModelBiped$ArmPose,,,,
bre,net/minecraft/client/model/ModelVex,,,,
bqo,net/minecraft/client/model/ModelSheep1,,,,
bqm,net/minecraft/client/model/ModelQuadruped,,,,
brd,net/minecraft/client/model/PositionTextureVertex,,,,
bri,net/minecraft/client/model/ModelWitch,,,,
bqy,net/minecraft/client/model/ModelSlime,,,,
bra,net/minecraft/client/model/ModelSpider,,,,
bpx,net/minecraft/client/model/ModelBiped,,,,
bpg,net/minecraft/client/model/ModelBat,,,,
bqp,net/minecraft/client/model/ModelSheep2,,,,
bpd,net/minecraft/client/model/ModelArmorStandArmor,,,,
bqh,net/minecraft/client/model/ModelParrot,,,,
brg,net/minecraft/client/model/ModelVillager,,,,
bpz,net/minecraft/client/model/ModelLargeChest,,,,
bpq,net/minecraft/client/model/ModelEnderman,,,,
bqg,net/minecraft/client/model/ModelOcelot,,,,
bpk,net/minecraft/client/model/ModelBook,,,,
bpm,net/minecraft/client/model/ModelChicken,,,,
bqe,net/minecraft/client/model/ModelMinecart,,,,
bpy,net/minecraft/client/model/ModelIllager,,,,
bqf,net/minecraft/client/model/ModelBase,,,,
bqd,net/minecraft/client/model/ModelLlamaSpit,,,,
bpw,net/minecraft/client/model/ModelHumanoidHead,,,,
bph,net/minecraft/client/model/ModelBed,,,,
bqt,net/minecraft/client/model/ModelSign,,,,
bpn,net/minecraft/client/model/ModelCow,,,,
brt,net/minecraft/client/model/TextureOffset,,,,
brs,net/minecraft/client/model/ModelRenderer,,,,
brq,net/minecraft/client/model/ModelBox,,,,
brk,net/minecraft/client/model/ModelWolf,,,,
bqi,net/minecraft/client/model/ModelPig,,,,
brj,net/minecraft/client/model/ModelWither,,,,
bqq,net/minecraft/client/model/ModelShield,,,,
bqj,net/minecraft/client/model/ModelPlayer,,,,
brb,net/minecraft/client/model/ModelSquid,,,,
bqr,net/minecraft/client/model/ModelShulkerBullet,,,,
bpv,net/minecraft/client/model/ModelHorse,,,,
bpf,net/minecraft/client/model/ModelBanner,,,,
bpr,net/minecraft/client/model/ModelEnderMite,,,,
bqa,net/minecraft/client/model/ModelMagmaCube,,,,
bpo,net/minecraft/client/model/ModelCreeper,,,,
bqb,net/minecraft/client/model/ModelLeashKnot,,,,
brc,net/minecraft/client/model/IMultipassModel,,,,
bqh$a,net/minecraft/client/model/ModelParrot$State,,,,
bqv,net/minecraft/client/model/ModelSkeletonHead,,,,
bqk,net/minecraft/client/model/ModelPolarBear,,,,
bpe,net/minecraft/client/model/ModelArmorStand,,,,
bpt,net/minecraft/client/model/ModelGhast,,,,
bqw,net/minecraft/client/model/ModelSkeleton,,,,
bqc,net/minecraft/client/model/ModelLlama,,,,
bqs,net/minecraft/client/model/ModelShulker,,,,
bpi,net/minecraft/client/model/ModelBlaze,,,,
bqn,net/minecraft/client/model/ModelRabbit,,,,
brf,net/minecraft/client/model/ModelIronGolem,,,,
bpl,net/minecraft/client/model/ModelChest,,,,
bpu,net/minecraft/client/model/ModelGuardian,,,,
bpp,net/minecraft/client/model/ModelElytra,,,,
bql,net/minecraft/client/model/TexturedQuad,,,,
bqu,net/minecraft/client/model/ModelSilverfish,,,,
brh,net/minecraft/client/model/ModelZombieVillager,,,,
brl,net/minecraft/client/model/ModelZombie,,,,
bpj,net/minecraft/client/model/ModelBoat,,,,
bif,net/minecraft/util/ScreenShotHelper,,,,
bhz,net/minecraft/client/renderer/RenderHelper,,,,
bib$10,net/minecraft/client/Minecraft$3,,,,
bid,net/minecraft/client/settings/GameSettings,,,,
big,net/minecraft/util/MinecraftError,,,,
bii,net/minecraft/util/Session,,,,
bib$11,net/minecraft/client/Minecraft$4,,,,
chm$2,net/minecraft/client/audio/SoundManager$2,,,,
chl,net/minecraft/client/audio/MusicTicker,,,,
chp,net/minecraft/client/audio/SoundRegistry,,,,
chm$2$1,net/minecraft/client/audio/SoundManager$2$1,,,,
chm,net/minecraft/client/audio/SoundManager,,,,
chm$1$1,net/minecraft/client/audio/SoundManager$1$1,,,,
cho$2,net/minecraft/client/audio/SoundHandler$2,,,,
chq,net/minecraft/client/audio/SoundEventAccessor,,,,
chm$a,net/minecraft/client/audio/SoundManager$SoundSystemStarterThread,,,,
cho$1,net/minecraft/client/audio/SoundHandler$1,,,,
chn,net/minecraft/client/audio/ISoundEventListener,,,,
chm$1,net/minecraft/client/audio/SoundManager$1,,,,
chl$a,net/minecraft/client/audio/MusicTicker$MusicType,,,,
chr,net/minecraft/client/audio/ISoundEventAccessor,,,,
cho,net/minecraft/client/audio/SoundHandler,,,,
bik$2,net/minecraft/client/renderer/color/BlockColors$10,,,,
bik$10,net/minecraft/client/renderer/color/BlockColors$7,,,,
bik$1,net/minecraft/client/renderer/color/BlockColors$1,,,,
bij,net/minecraft/client/renderer/color/IBlockColor,,,,
bik$11,net/minecraft/client/renderer/color/BlockColors$8,,,,
bik$3,net/minecraft/client/renderer/color/BlockColors$11,,,,
bik$6,net/minecraft/client/renderer/color/BlockColors$3,,,,
bik$7,net/minecraft/client/renderer/color/BlockColors$4,,,,
bik,net/minecraft/client/renderer/color/BlockColors,,,,
bik$12,net/minecraft/client/renderer/color/BlockColors$9,,,,
bik$8,net/minecraft/client/renderer/color/BlockColors$5,,,,
bik$9,net/minecraft/client/renderer/color/BlockColors$6,,,,
bik$5,net/minecraft/client/renderer/color/BlockColors$2,,,,
bik$4,net/minecraft/client/renderer/color/BlockColors$12,,,,
bin$7,net/minecraft/client/renderer/color/ItemColors$7,,,,
bin$1,net/minecraft/client/renderer/color/ItemColors$1,,,,
bin$6,net/minecraft/client/renderer/color/ItemColors$6,,,,
bim,net/minecraft/client/renderer/color/IItemColor,,,,
bin$2,net/minecraft/client/renderer/color/ItemColors$2,,,,
bin$5,net/minecraft/client/renderer/color/ItemColors$5,,,,
bin$8,net/minecraft/client/renderer/color/ItemColors$8,,,,
bin$4,net/minecraft/client/renderer/color/ItemColors$4,,,,
bin,net/minecraft/client/renderer/color/ItemColors,,,,
bin$3,net/minecraft/client/renderer/color/ItemColors$3,,,,
bud,net/minecraft/client/entity/EntityPlayerSP,,,,
buf,net/minecraft/client/settings/HotbarSnapshot,,,,
bug,net/minecraft/client/player/inventory/LocalBlockIntercommunication,,,,
buh,net/minecraft/client/player/inventory/ContainerLocalMenu,,,,
bub,net/minecraft/util/MovementInput,,,,
bue,net/minecraft/client/entity/EntityOtherPlayerMP,,,,
buc,net/minecraft/util/MovementInputFromOptions,,,,
bua,net/minecraft/client/entity/AbstractClientPlayer,,,,
bib$7,net/minecraft/client/Minecraft$15,,,,
cei$a,net/minecraft/client/resources/FallbackResourceManager$InputStreamLeakedResourceLogger,,,,
cfb,net/minecraft/client/resources/Locale,,,,
cfa,net/minecraft/client/resources/LanguageManager,,,,
cey,net/minecraft/client/resources/I18n,,,,
cez,net/minecraft/client/resources/Language,,,,
cef,net/minecraft/client/resources/DefaultPlayerSkin,,,,
cej,net/minecraft/client/resources/FileResourcePack,,,,
cer,net/minecraft/client/resources/IResourcePack,,,,
ceu$3,net/minecraft/client/resources/ResourcePackRepository$3,,,,
cel,net/minecraft/client/resources/FoliageColorReloadListener,,,,
ceu,net/minecraft/client/resources/ResourcePackRepository,,,,
ceu$a,net/minecraft/client/resources/ResourcePackRepository$Entry,,,,
cfp,net/minecraft/client/resources/data/LanguageMetadataSectionSerializer,,,,
cfo,net/minecraft/client/resources/data/LanguageMetadataSection,,,,
cfh,net/minecraft/client/resources/data/AnimationFrame,,,,
cfj,net/minecraft/client/resources/data/AnimationMetadataSectionSerializer,,,,
cfi,net/minecraft/client/resources/data/AnimationMetadataSection,,,,
cfm,net/minecraft/client/resources/data/FontMetadataSectionSerializer,,,,
cfl,net/minecraft/client/resources/data/FontMetadataSection,,,,
cff,net/minecraft/client/resources/data/IMetadataSectionSerializer,,,,
cfv,net/minecraft/client/resources/data/TextureMetadataSection,,,,
cfw,net/minecraft/client/resources/data/TextureMetadataSectionSerializer,,,,
cfe,net/minecraft/client/resources/data/IMetadataSection,,,,
cfg,net/minecraft/client/resources/data/MetadataSerializer,,,,
cfr,net/minecraft/client/resources/data/PackMetadataSection,,,,
cfs,net/minecraft/client/resources/data/PackMetadataSectionSerializer,,,,
cfd,net/minecraft/client/resources/data/BaseMetadataSectionSerializer,,,,
cfg$a,net/minecraft/client/resources/data/MetadataSerializer$Registration,,,,
cge$a,net/minecraft/client/renderer/block/model/MultipartBakedModel$Builder,,,,
cga,net/minecraft/client/renderer/block/model/BuiltInModel,,,,
cgf,net/minecraft/client/renderer/block/model/SimpleBakedModel,,,,
cgg$b,net/minecraft/client/renderer/block/model/WeightedBakedModel$WeightedModel,,,,
cgb,net/minecraft/client/renderer/block/model/ModelBakery,,,,
cgb$2,net/minecraft/client/renderer/block/model/ModelBakery$2,,,,
cfz,net/minecraft/client/renderer/block/model/ModelRotation,,,,
cgb$3,net/minecraft/client/renderer/block/model/ModelBakery$3,,,,
cfy,net/minecraft/client/renderer/block/model/IBakedModel,,,,
cge,net/minecraft/client/renderer/block/model/MultipartBakedModel,,,,
cgb$1,net/minecraft/client/renderer/block/model/ModelBakery$1,,,,
cgd,net/minecraft/client/renderer/block/model/ModelResourceLocation,,,,
cgf$a,net/minecraft/client/renderer/block/model/SimpleBakedModel$Builder,,,,
cgg$a,net/minecraft/client/renderer/block/model/WeightedBakedModel$Builder,,,,
cgg,net/minecraft/client/renderer/block/model/WeightedBakedModel,,,,
cgc,net/minecraft/client/renderer/block/model/ModelManager,,,,
cev,net/minecraft/client/resources/SimpleReloadableResourceManager,,,,
cep,net/minecraft/client/resources/IResourceManager,,,,
ces,net/minecraft/client/resources/LegacyV2Adapter,,,,
cex$1,net/minecraft/client/resources/SkinManager$1,,,,
cex$3$1,net/minecraft/client/resources/SkinManager$3$1,,,,
cek,net/minecraft/client/resources/FolderResourcePack,,,,
ced,net/minecraft/client/resources/AbstractResourcePack,,,,
ceu$1,net/minecraft/client/resources/ResourcePackRepository$1,,,,
cee,net/minecraft/client/resources/ResourceIndex,,,,
ceq,net/minecraft/client/resources/IResourceManagerReloadListener,,,,
cgq$a,net/minecraft/client/audio/Sound$Type,,,,
cgp,net/minecraft/client/audio/PositionedSoundRecord,,,,
cgs,net/minecraft/client/audio/SoundListSerializer,,,,
cgq,net/minecraft/client/audio/Sound,,,,
cgk,net/minecraft/client/audio/MovingSound,,,,
cgm,net/minecraft/client/audio/GuardianSound,,,,
cgo,net/minecraft/client/audio/MovingSoundMinecartRiding,,,,
cgr,net/minecraft/client/audio/SoundList,,,,
cgj,net/minecraft/client/audio/PositionedSound,,,,
cgl,net/minecraft/client/audio/ElytraSound,,,,
cgt$a,net/minecraft/client/audio/ISound$AttenuationType,,,,
cgt,net/minecraft/client/audio/ISound,,,,
cgn,net/minecraft/client/audio/MovingSoundMinecart,,,,
cgu,net/minecraft/client/audio/ITickableSound,,,,
ceh,net/minecraft/client/resources/ResourceIndexFolder,,,,
cex$3,net/minecraft/client/resources/SkinManager$3,,,,
cev$1,net/minecraft/client/resources/SimpleReloadableResourceManager$1,,,,
cei,net/minecraft/client/resources/FallbackResourceManager,,,,
ceu$2,net/minecraft/client/resources/ResourcePackRepository$2,,,,
ceg,net/minecraft/client/resources/DefaultResourcePack,,,,
cex$2,net/minecraft/client/resources/SkinManager$2,,,,
cew,net/minecraft/client/resources/SimpleResource,,,,
ces$1,net/minecraft/client/resources/LegacyV2Adapter$1,,,,
cex,net/minecraft/client/resources/SkinManager,,,,
cex$a,net/minecraft/client/resources/SkinManager$SkinAvailableCallback,,,,
ceo,net/minecraft/client/resources/IResource,,,,
cem,net/minecraft/client/resources/GrassColorReloadListener,,,,
cet,net/minecraft/client/resources/ResourcePackFileNotFoundException,,,,
cen,net/minecraft/client/resources/IReloadableResourceManager,,,,
bih,net/minecraft/util/Timer,,,,
bhy,net/minecraft/client/settings/KeyBinding,,,,
net/minecraft/client/ClientBrandRetriever,net/minecraft/client/ClientBrandRetriever,,,,
bib$12,net/minecraft/client/Minecraft$5,,,,
bib$4,net/minecraft/client/Minecraft$12,,,,
bii$a,net/minecraft/util/Session$Type,,,,
bia,net/minecraft/client/renderer/GLAllocation,,,,
bib$16,net/minecraft/client/Minecraft$9,,,,
bib$14,net/minecraft/client/Minecraft$7,,,,
bib$5,net/minecraft/client/Minecraft$13,,,,
bus$u,net/minecraft/client/renderer/GlStateManager$TexGen,,,,
bus$m,net/minecraft/client/renderer/GlStateManager$FogMode,,,,
bxc,net/minecraft/client/renderer/tileentity/TileEntityMobSpawnerRenderer,,,,
bxg,net/minecraft/client/renderer/tileentity/TileEntitySkullRenderer,,,,
bww,net/minecraft/client/renderer/tileentity/TileEntityBedRenderer,,,,
bwz,net/minecraft/client/renderer/tileentity/TileEntityChestRenderer,,,,
bwu,net/minecraft/client/renderer/tileentity/TileEntityBannerRenderer,,,,
bxb,net/minecraft/client/renderer/tileentity/TileEntityEnderChestRenderer,,,,
bxf,net/minecraft/client/renderer/tileentity/TileEntitySignRenderer,,,,
bxe,net/minecraft/client/renderer/tileentity/TileEntityShulkerBoxRenderer,,,,
bxa,net/minecraft/client/renderer/tileentity/TileEntityEnchantmentTableRenderer,,,,
bxh,net/minecraft/client/renderer/tileentity/TileEntityStructureRenderer,,,,
bxj,net/minecraft/client/renderer/tileentity/TileEntityEndPortalRenderer,,,,
bwx,net/minecraft/client/renderer/tileentity/TileEntityRendererDispatcher,,,,
bxi,net/minecraft/client/renderer/tileentity/TileEntityEndGatewayRenderer,,,,
bxd,net/minecraft/client/renderer/tileentity/TileEntityPistonRenderer,,,,
bwy,net/minecraft/client/renderer/tileentity/TileEntitySpecialRenderer,,,,
bwv,net/minecraft/client/renderer/tileentity/TileEntityBeaconRenderer,,,,
buy$1,net/minecraft/client/renderer/RenderGlobal$1,,,,
bus$c,net/minecraft/client/renderer/GlStateManager$BooleanState,,,,
buw,net/minecraft/client/renderer/ItemMeshDefinition,,,,
but,net/minecraft/client/renderer/IImageBuffer,,,,
byg,net/minecraft/client/renderer/debug/DebugRenderer,,,,
byj,net/minecraft/client/renderer/debug/DebugRendererPathfinding,,,,
byg$a,net/minecraft/client/renderer/debug/DebugRenderer$IDebugRenderer,,,,
byf,net/minecraft/client/renderer/debug/DebugRendererCollisionBox,,,,
byk,net/minecraft/client/renderer/debug/DebugRendererSolidFace,,,,
bye,net/minecraft/client/renderer/debug/DebugRendererChunkBorder,,,,
byl,net/minecraft/client/renderer/debug/DebugRendererWater,,,,
byh,net/minecraft/client/renderer/debug/DebugRendererHeightMap,,,,
byi,net/minecraft/client/renderer/debug/DebugRendererNeighborsUpdate,,,,
buq$2,net/minecraft/client/renderer/EntityRenderer$2,,,,
bus$w,net/minecraft/client/renderer/GlStateManager$TexGenState,,,,
bus$b,net/minecraft/client/renderer/GlStateManager$BlendState,,,,
buz,net/minecraft/client/renderer/ImageBufferDownload,,,,
bus$q,net/minecraft/client/renderer/GlStateManager$Profile,,,,
bus$k,net/minecraft/client/renderer/GlStateManager$DepthState,,,,
bvi$b,net/minecraft/client/renderer/BannerTextures$CacheEntry,,,,
bvi,net/minecraft/client/renderer/BannerTextures,,,,
bvi$a,net/minecraft/client/renderer/BannerTextures$Cache,,,,
bve,net/minecraft/client/renderer/Tessellator,,,,
bus$h,net/minecraft/client/renderer/GlStateManager$ColorMaterialState,,,,
buk$1,net/minecraft/client/renderer/BufferBuilder$1,,,,
bvg,net/minecraft/client/renderer/VertexBufferUploader,,,,
bus$f,net/minecraft/client/renderer/GlStateManager$ColorLogicState,,,,
buo,net/minecraft/client/renderer/tileentity/TileEntityItemStackRenderer,,,,
bus$o,net/minecraft/client/renderer/GlStateManager$LogicOp,,,,
bus$i,net/minecraft/client/renderer/GlStateManager$CullFace,,,,
bum,net/minecraft/client/renderer/RegionRenderCacheBuilder,,,,
bus$x,net/minecraft/client/renderer/GlStateManager$TextureState,,,,
bus$d,net/minecraft/client/renderer/GlStateManager$ClearState,,,,
bup,net/minecraft/client/renderer/EnumFaceDirection,,,,
bus$q$3,net/minecraft/client/renderer/GlStateManager$Profile$3,,,,
bus$j,net/minecraft/client/renderer/GlStateManager$CullState,,,,
buv,net/minecraft/client/renderer/ItemModelMesher,,,,
cbp,net/minecraft/client/renderer/entity/layers/LayerArmorBase,,,,
ccc,net/minecraft/client/renderer/entity/layers/LayerHeldItem,,,,
cbu,net/minecraft/client/renderer/entity/layers/LayerCustomHead,,,,
cck,net/minecraft/client/renderer/entity/layers/LayerSpiderEyes,,,,
cbv,net/minecraft/client/renderer/entity/layers/LayerDeadmau5Head,,,,
ccq,net/minecraft/client/renderer/entity/layers/LayerWolfCollar,,,,
ccd,net/minecraft/client/renderer/entity/layers/LayerLlamaDecor,,,,
ccp,net/minecraft/client/renderer/entity/layers/LayerWitherAura,,,,
ccg,net/minecraft/client/renderer/entity/layers/LayerRenderer,,,,
ccj,net/minecraft/client/renderer/entity/layers/LayerSnowmanHead,,,,
cca,net/minecraft/client/renderer/entity/layers/LayerEntityOnShoulder,,,,
cbw,net/minecraft/client/renderer/entity/layers/LayerElytra,,,,
ccn,net/minecraft/client/renderer/entity/layers/LayerIronGolemFlower,,,,
ccf,net/minecraft/client/renderer/entity/layers/LayerSaddle,,,,
ccm,net/minecraft/client/renderer/entity/layers/LayerVillagerArmor,,,,
cci,net/minecraft/client/renderer/entity/layers/LayerSlimeGel,,,,
cco,net/minecraft/client/renderer/entity/layers/LayerHeldItemWitch,,,,
cbt,net/minecraft/client/renderer/entity/layers/LayerCreeperCharge,,,,
cby,net/minecraft/client/renderer/entity/layers/LayerEnderDragonEyes,,,,
cbz,net/minecraft/client/renderer/entity/layers/LayerEndermanEyes,,,,
cbs,net/minecraft/client/renderer/entity/layers/LayerHeldBlock,,,,
ccb,net/minecraft/client/renderer/entity/layers/LayerBipedArmor,,,,
cbr,net/minecraft/client/renderer/entity/layers/LayerCape,,,,
cce,net/minecraft/client/renderer/entity/layers/LayerMooshroomMushroom,,,,
cbq,net/minecraft/client/renderer/entity/layers/LayerArrow,,,,
cbx,net/minecraft/client/renderer/entity/layers/LayerEnderDragonDeath,,,,
cch,net/minecraft/client/renderer/entity/layers/LayerSheepWool,,,,
cca$a,net/minecraft/client/renderer/entity/layers/LayerEntityOnShoulder$DataHolder,,,,
ccl,net/minecraft/client/renderer/entity/layers/LayerStrayClothing,,,,
byy,net/minecraft/client/renderer/entity/RenderEntity,,,,
bzo,net/minecraft/client/renderer/entity/RenderGiantZombie,,,,
bzw$1,net/minecraft/client/renderer/RenderItem$1,,,,
cbn$1,net/minecraft/client/renderer/entity/RenderZombie$1,,,,
bzw,net/minecraft/client/renderer/RenderItem,,,,
bzw$9,net/minecraft/client/renderer/RenderItem$8,,,,
bzq,net/minecraft/client/renderer/entity/RenderHorse,,,,
byv,net/minecraft/client/renderer/entity/RenderChicken,,,,
bzp,net/minecraft/client/renderer/entity/RenderGuardian,,,,
cbo,net/minecraft/client/renderer/entity/RenderZombieVillager,,,,
bzm,net/minecraft/client/renderer/entity/RenderFish,,,,
bzw$7,net/minecraft/client/renderer/RenderItem$6,,,,
bzs,net/minecraft/client/renderer/entity/RenderHusk,,,,
bza,net/minecraft/client/renderer/entity/RenderElderGuardian,,,,
caq$a,net/minecraft/client/renderer/entity/RenderShulker$HeadLayer,,,,
cas,net/minecraft/client/renderer/entity/RenderSkeleton,,,,
cbg,net/minecraft/client/renderer/entity/RenderVillager,,,,
byp$1,net/minecraft/client/renderer/entity/RenderArmorStand$1,,,,
cag,net/minecraft/client/renderer/entity/RenderMooshroom,,,,
cal,net/minecraft/client/renderer/entity/RenderPigZombie,,,,
cak,net/minecraft/client/renderer/entity/RenderPig,,,,
cat,net/minecraft/client/renderer/entity/RenderSlime,,,,
cau,net/minecraft/client/renderer/entity/RenderSnowMan,,,,
bzw$3,net/minecraft/client/renderer/RenderItem$2,,,,
cbc,net/minecraft/client/renderer/entity/RenderTntMinecart,,,,
byq,net/minecraft/client/renderer/entity/RenderArrow,,,,
byn,net/minecraft/client/renderer/entity/RenderAbstractHorse,,,,
cab,net/minecraft/client/renderer/entity/RenderLlama,,,,
bzw$5,net/minecraft/client/renderer/RenderItem$4,,,,
bzw$4,net/minecraft/client/renderer/RenderItem$3,,,,
cas$1,net/minecraft/client/renderer/entity/RenderSkeleton$1,,,,
cax,net/minecraft/client/renderer/entity/RenderSquid,,,,
cah,net/minecraft/client/renderer/entity/RenderOcelot,,,,
bzw$2,net/minecraft/client/renderer/RenderItem$10,,,,
bys,net/minecraft/client/renderer/entity/RenderBlaze,,,,
bzz,net/minecraft/client/renderer/entity/RenderLightningBolt,,,,
bzf,net/minecraft/client/renderer/entity/RenderManager,,,,
cbi,net/minecraft/client/renderer/entity/RenderWitch,,,,
caf,net/minecraft/client/renderer/entity/RenderLiving,,,,
cam,net/minecraft/client/renderer/entity/RenderPolarBear,,,,
bzg,net/minecraft/client/renderer/entity/Render,,,,
cap,net/minecraft/client/renderer/entity/RenderShulkerBullet,,,,
bzc,net/minecraft/client/renderer/entity/RenderDragon,,,,
caw,net/minecraft/client/renderer/entity/RenderSpider,,,,
bzr,net/minecraft/client/renderer/entity/RenderBiped,,,,
cbf,net/minecraft/client/renderer/entity/RenderIronGolem,,,,
cbk,net/minecraft/client/renderer/entity/RenderWitherSkeleton,,,,
cbm,net/minecraft/client/renderer/entity/RenderWolf,,,,
cbh$1,net/minecraft/client/renderer/entity/RenderVindicator$1,,,,
byz,net/minecraft/client/renderer/entity/RenderDragonFireball,,,,
bzo$1,net/minecraft/client/renderer/entity/RenderGiantZombie$1,,,,
caj,net/minecraft/client/renderer/entity/RenderParrot,,,,
cct,net/minecraft/client/renderer/entity/RenderPlayer,,,,
bzw$6,net/minecraft/client/renderer/RenderItem$5,,,,
cai,net/minecraft/client/renderer/entity/RenderPainting,,,,
cbl,net/minecraft/client/renderer/entity/RenderWitherSkull,,,,
bzt,net/minecraft/client/renderer/entity/RenderIllusionIllager,,,,
car,net/minecraft/client/renderer/entity/RenderSilverfish,,,,
bzl,net/minecraft/client/renderer/entity/RenderFireball,,,,
cal$1,net/minecraft/client/renderer/entity/RenderPigZombie$1,,,,
bzu,net/minecraft/client/renderer/entity/RenderEntityItem,,,,
cac,net/minecraft/client/renderer/entity/RenderLlamaSpit,,,,
cba,net/minecraft/client/renderer/entity/RenderPotion,,,,
cae,net/minecraft/client/renderer/entity/RenderMinecartMobSpawner,,,,
caz,net/minecraft/client/renderer/entity/RenderSnowball,,,,
bze,net/minecraft/client/renderer/entity/RenderEndermite,,,,
bzw$10,net/minecraft/client/renderer/RenderItem$9,,,,
bzn,net/minecraft/client/renderer/entity/RenderGhast,,,,
cay,net/minecraft/client/renderer/entity/RenderStray,,,,
cbn,net/minecraft/client/renderer/entity/RenderZombie,,,,
caa,net/minecraft/client/renderer/entity/RenderLivingBase,,,,
byu,net/minecraft/client/renderer/entity/RenderCaveSpider,,,,
bzh,net/minecraft/client/renderer/entity/RenderEvokerFangs,,,,
byp,net/minecraft/client/renderer/entity/RenderArmorStand,,,,
bzy,net/minecraft/client/renderer/entity/RenderLeashKnot,,,,
cbe,net/minecraft/client/renderer/entity/RenderVex,,,,
bzd,net/minecraft/client/renderer/entity/RenderEnderman,,,,
bzt$1,net/minecraft/client/renderer/entity/RenderIllusionIllager$1,,,,
cad,net/minecraft/client/renderer/entity/RenderMinecart,,,,
bzj,net/minecraft/client/renderer/entity/RenderXPOrb,,,,
byr,net/minecraft/client/renderer/entity/RenderBat,,,,
cbb,net/minecraft/client/renderer/entity/RenderTippedArrow,,,,
bzb,net/minecraft/client/renderer/entity/RenderEnderCrystal,,,,
cao,net/minecraft/client/renderer/entity/RenderSheep,,,,
cbj,net/minecraft/client/renderer/entity/RenderWither,,,,
bzi$1,net/minecraft/client/renderer/entity/RenderEvoker$1,,,,
byo,net/minecraft/client/renderer/entity/RenderAreaEffectCloud,,,,
cav,net/minecraft/client/renderer/entity/RenderSpectralArrow,,,,
bzk,net/minecraft/client/renderer/entity/RenderFallingBlock,,,,
caq,net/minecraft/client/renderer/entity/RenderShulker,,,,
bzi,net/minecraft/client/renderer/entity/RenderEvoker,,,,
bzw$8,net/minecraft/client/renderer/RenderItem$7,,,,
byx,net/minecraft/client/renderer/entity/RenderCreeper,,,,
bzx,net/minecraft/client/renderer/entity/RenderMagmaCube,,,,
bzv,net/minecraft/client/renderer/entity/RenderItemFrame,,,,
byt,net/minecraft/client/renderer/entity/RenderBoat,,,,
cbh,net/minecraft/client/renderer/entity/RenderVindicator,,,,
can,net/minecraft/client/renderer/entity/RenderRabbit,,,,
cbd,net/minecraft/client/renderer/entity/RenderTNTPrimed,,,,
byw,net/minecraft/client/renderer/entity/RenderCow,,,,
bul,net/minecraft/client/renderer/WorldVertexBufferUploader,,,,
bus$g,net/minecraft/client/renderer/GlStateManager$ColorMask,,,,
bus$e,net/minecraft/client/renderer/GlStateManager$Color,,,,
bus$r,net/minecraft/client/renderer/GlStateManager$SourceFactor,,,,
bus,net/minecraft/client/renderer/GlStateManager,,,,
buk,net/minecraft/client/renderer/BufferBuilder,,,,
buy$a,net/minecraft/client/renderer/RenderGlobal$ContainerLocalRenderInformation,,,,
cdn$a,net/minecraft/client/renderer/texture/Stitcher$Holder,,,,
cdh$1,net/minecraft/client/renderer/ThreadDownloadImageData$1,,,,
cdn,net/minecraft/client/renderer/texture/Stitcher,,,,
cdr,net/minecraft/client/renderer/texture/TextureManager,,,,
cdp$1,net/minecraft/client/renderer/texture/TextureMap$1,,,,
cdj,net/minecraft/client/renderer/texture/LayeredColorMaskTexture,,,,
cdf,net/minecraft/client/renderer/texture/AbstractTexture,,,,
cdv,net/minecraft/client/renderer/texture/ITickableTextureObject,,,,
cdh,net/minecraft/client/renderer/ThreadDownloadImageData,,,,
cdr$1,net/minecraft/client/renderer/texture/TextureManager$1,,,,
cdi,net/minecraft/client/renderer/texture/ITextureMapPopulator,,,,
cdq,net/minecraft/client/renderer/texture/TextureAtlasSprite,,,,
cdp,net/minecraft/client/renderer/texture/TextureMap,,,,
cdp$2,net/minecraft/client/renderer/texture/TextureMap$2,,,,
cdm,net/minecraft/client/renderer/texture/SimpleTexture,,,,
cdu,net/minecraft/client/renderer/texture/ITickable,,,,
cdo,net/minecraft/client/renderer/StitcherException,,,,
cdg,net/minecraft/client/renderer/texture/DynamicTexture,,,,
cdl,net/minecraft/client/renderer/texture/PngSizeInfo,,,,
cdk,net/minecraft/client/renderer/texture/LayeredTexture,,,,
cds,net/minecraft/client/renderer/texture/ITextureObject,,,,
cdn$b,net/minecraft/client/renderer/texture/Stitcher$Slot,,,,
cdp$3,net/minecraft/client/renderer/texture/TextureMap$3,,,,
cdt,net/minecraft/client/renderer/texture/TextureUtil,,,,
cdq$1,net/minecraft/client/renderer/texture/TextureAtlasSprite$1,,,,
bus$p,net/minecraft/client/renderer/GlStateManager$PolygonOffsetState,,,,
byb,net/minecraft/client/renderer/culling/ClippingHelper,,,,
bxz,net/minecraft/client/renderer/culling/ClippingHelperImpl,,,,
bya,net/minecraft/client/renderer/culling/Frustum,,,,
bxy,net/minecraft/client/renderer/culling/ICamera,,,,
buq$1,net/minecraft/client/renderer/EntityRenderer$1,,,,
buq$4,net/minecraft/client/renderer/EntityRenderer$4,,,,
bus$t,net/minecraft/client/renderer/GlStateManager$StencilState,,,,
bus$s,net/minecraft/client/renderer/GlStateManager$StencilFunc,,,,
bus$q$2,net/minecraft/client/renderer/GlStateManager$Profile$2,,,,
bvh,net/minecraft/client/renderer/ViewFrustum,,,,
bus$v,net/minecraft/client/renderer/GlStateManager$TexGenCoord,,,,
buk$a,net/minecraft/client/renderer/BufferBuilder$State,,,,
bus$l,net/minecraft/client/renderer/GlStateManager$DestFactor,,,,
cda,net/minecraft/client/shader/ShaderLoader,,,,
ccw,net/minecraft/client/shader/ShaderDefault,,,,
cdb,net/minecraft/client/shader/ShaderLinkHelper,,,,
cdc,net/minecraft/client/shader/ShaderUniform,,,,
ccy,net/minecraft/client/shader/ShaderGroup,,,,
ccz,net/minecraft/client/shader/Shader,,,,
ccv,net/minecraft/client/util/JsonBlendingMode,,,,
cda$a,net/minecraft/client/shader/ShaderLoader$ShaderType,,,,
ccx,net/minecraft/client/shader/ShaderManager,,,,
bus$q$1,net/minecraft/client/renderer/GlStateManager$Profile$1,,,,
bvd,net/minecraft/client/shader/Framebuffer,,,,
bvo$c,net/minecraft/client/renderer/BlockModelRenderer$VertexTranslations,,,,
bvo$b,net/minecraft/client/renderer/BlockModelRenderer$AmbientOcclusionFace,,,,
bvl$4,net/minecraft/client/renderer/BlockModelShapes$4,,,,
bvm,net/minecraft/client/renderer/BlockRendererDispatcher,,,,
bwr$a,net/minecraft/client/renderer/block/statemap/StateMap$Builder,,,,
bwp,net/minecraft/client/renderer/block/statemap/BlockStateMapper,,,,
bwr,net/minecraft/client/renderer/block/statemap/StateMap,,,,
bwq,net/minecraft/client/renderer/block/statemap/DefaultStateMapper,,,,
bwo,net/minecraft/client/renderer/block/statemap/StateMapperBase,,,,
bws,net/minecraft/client/renderer/block/statemap/IStateMapper,,,,
bvz,net/minecraft/client/renderer/block/model/ItemOverride,,,,
bwd$a,net/minecraft/client/renderer/block/model/VariantList$Deserializer,,,,
bvy$a,net/minecraft/client/renderer/block/model/ItemModelGenerator$Span,,,,
bvx$a,net/minecraft/client/renderer/block/model/FaceBakery$Rotation,,,,
bvy,net/minecraft/client/renderer/block/model/ItemModelGenerator,,,,
bwe,net/minecraft/client/renderer/block/model/Variant,,,,
bwe$a,net/minecraft/client/renderer/block/model/Variant$Deserializer,,,,
bvu,net/minecraft/client/renderer/block/model/ModelBlock,,,,
bwg$1,net/minecraft/client/renderer/block/model/multipart/ICondition$1,,,,
bwg$1$1,net/minecraft/client/renderer/block/model/multipart/ICondition$1$1,,,,
bwh$2,net/minecraft/client/renderer/block/model/multipart/ConditionPropertyValue$2,,,,
bwf$1,net/minecraft/client/renderer/block/model/multipart/ConditionAnd$1,,,,
bwk$a,net/minecraft/client/renderer/block/model/multipart/Selector$Deserializer,,,,
bwj,net/minecraft/client/renderer/block/model/multipart/ConditionOr,,,,
bwk$a$2,net/minecraft/client/renderer/block/model/multipart/Selector$Deserializer$2,,,,
bwg$2,net/minecraft/client/renderer/block/model/multipart/ICondition$2,,,,
bwk$a$1,net/minecraft/client/renderer/block/model/multipart/Selector$Deserializer$1,,,,
bwg$2$1,net/minecraft/client/renderer/block/model/multipart/ICondition$2$1,,,,
bwh$1,net/minecraft/client/renderer/block/model/multipart/ConditionPropertyValue$1,,,,
bwg,net/minecraft/client/renderer/block/model/multipart/ICondition,,,,
bwh,net/minecraft/client/renderer/block/model/multipart/ConditionPropertyValue,,,,
bwj$1,net/minecraft/client/renderer/block/model/multipart/ConditionOr$1,,,,
bwk,net/minecraft/client/renderer/block/model/multipart/Selector,,,,
bwi,net/minecraft/client/renderer/block/model/multipart/Multipart,,,,
bwi$a,net/minecraft/client/renderer/block/model/multipart/Multipart$Deserializer,,,,
bwf,net/minecraft/client/renderer/block/model/multipart/ConditionAnd,,,,
bvq,net/minecraft/client/renderer/block/model/BlockPart,,,,
bwc$b,net/minecraft/client/renderer/block/model/ItemCameraTransforms$TransformType,,,,
bvu$b,net/minecraft/client/renderer/block/model/ModelBlock$Deserializer,,,,
bwb$a,net/minecraft/client/renderer/block/model/ItemTransformVec3f$Deserializer,,,,
bwc$a,net/minecraft/client/renderer/block/model/ItemCameraTransforms$Deserializer,,,,
bvv,net/minecraft/client/renderer/block/model/ModelBlockDefinition,,,,
bvt,net/minecraft/client/renderer/block/model/BlockFaceUV,,,,
bvy$b,net/minecraft/client/renderer/block/model/ItemModelGenerator$SpanFacing,,,,
bwb,net/minecraft/client/renderer/block/model/ItemTransformVec3f,,,,
bvx$2,net/minecraft/client/renderer/block/model/FaceBakery$2,,,,
bvx,net/minecraft/client/renderer/block/model/FaceBakery,,,,
bwd,net/minecraft/client/renderer/block/model/VariantList,,,,
bvs,net/minecraft/client/renderer/block/model/BlockPartRotation,,,,
bvr,net/minecraft/client/renderer/block/model/BlockPartFace,,,,
bwc,net/minecraft/client/renderer/block/model/ItemCameraTransforms,,,,
bvu$a,net/minecraft/client/renderer/block/model/ModelBlock$Bookkeep,,,,
bvw,net/minecraft/client/renderer/block/model/BakedQuadRetextured,,,,
bvx$3,net/minecraft/client/renderer/block/model/FaceBakery$3,,,,
bvu$c,net/minecraft/client/renderer/block/model/ModelBlock$LoopException,,,,
bwa,net/minecraft/client/renderer/block/model/ItemOverrideList,,,,
bvv$a,net/minecraft/client/renderer/block/model/ModelBlockDefinition$Deserializer,,,,
bvq$a,net/minecraft/client/renderer/block/model/BlockPart$Deserializer,,,,
bvx$4,net/minecraft/client/renderer/block/model/FaceBakery$4,,,,
bvv$b,net/minecraft/client/renderer/block/model/ModelBlockDefinition$MissingVariantException,,,,
bvz$a,net/minecraft/client/renderer/block/model/ItemOverride$Deserializer,,,,
bvt$a,net/minecraft/client/renderer/block/model/BlockFaceUV$Deserializer,,,,
bvx$1,net/minecraft/client/renderer/block/model/FaceBakery$1,,,,
bvr$a,net/minecraft/client/renderer/block/model/BlockPartFace$Deserializer,,,,
bvp,net/minecraft/client/renderer/block/model/BakedQuad,,,,
bvl$6,net/minecraft/client/renderer/BlockModelShapes$6,,,,
bvo$d,net/minecraft/client/renderer/BlockModelRenderer$Orientation,,,,
bvl,net/minecraft/client/renderer/BlockModelShapes,,,,
bvn,net/minecraft/client/renderer/BlockFluidRenderer,,,,
bvk,net/minecraft/client/renderer/ChestRenderer,,,,
bvl$3,net/minecraft/client/renderer/BlockModelShapes$3,,,,
bvl$5,net/minecraft/client/renderer/BlockModelShapes$5,,,,
bvl$2,net/minecraft/client/renderer/BlockModelShapes$2,,,,
bvl$7,net/minecraft/client/renderer/BlockModelShapes$7,,,,
bvo$a,net/minecraft/client/renderer/BlockModelRenderer$EnumNeighborInfo,,,,
bvo,net/minecraft/client/renderer/BlockModelRenderer,,,,
bvl$1,net/minecraft/client/renderer/BlockModelShapes$1,,,,
bvf,net/minecraft/client/renderer/VboRenderList,,,,
bup$a,net/minecraft/client/renderer/EnumFaceDirection$Constants,,,,
buy,net/minecraft/client/renderer/RenderGlobal,,,,
bva,net/minecraft/client/renderer/RenderList,,,,
buq,net/minecraft/client/renderer/EntityRenderer,,,,
buu,net/minecraft/client/renderer/ItemRenderer,,,,
bus$n,net/minecraft/client/renderer/GlStateManager$FogState,,,,
ceb$a,net/minecraft/client/renderer/vertex/VertexFormatElement$EnumType,,,,
ceb,net/minecraft/client/renderer/vertex/VertexFormatElement,,,,
cea,net/minecraft/client/renderer/vertex/VertexFormat,,,,
cdz,net/minecraft/client/renderer/vertex/VertexBuffer,,,,
cdy,net/minecraft/client/renderer/vertex/DefaultVertexFormats,,,,
ceb$b,net/minecraft/client/renderer/vertex/VertexFormatElement$EnumUsage,,,,
bus$a,net/minecraft/client/renderer/GlStateManager$AlphaState,,,,
bun,net/minecraft/client/renderer/ChunkRenderContainer,,,,
bup$b,net/minecraft/client/renderer/EnumFaceDirection$VertexInformation,,,,
bxt,net/minecraft/client/renderer/chunk/VboChunkFactory,,,,
bxq,net/minecraft/client/renderer/chunk/ListedRenderChunk,,,,
bxm$a,net/minecraft/client/renderer/chunk/ChunkRenderDispatcher$PendingUpload,,,,
bxm,net/minecraft/client/renderer/chunk/ChunkRenderDispatcher,,,,
bxv,net/minecraft/client/renderer/chunk/SetVisibility,,,,
bxm$3,net/minecraft/client/renderer/chunk/ChunkRenderDispatcher$3,,,,
bxl$b,net/minecraft/client/renderer/chunk/ChunkCompileTaskGenerator$Type,,,,
bxn,net/minecraft/client/renderer/chunk/ChunkRenderWorker,,,,
bxl,net/minecraft/client/renderer/chunk/ChunkCompileTaskGenerator,,,,
bxu,net/minecraft/client/renderer/chunk/VisGraph,,,,
bxo$1,net/minecraft/client/renderer/chunk/CompiledChunk$1,,,,
bxn$1,net/minecraft/client/renderer/chunk/ChunkRenderWorker$1,,,,
bxp,net/minecraft/client/renderer/chunk/ListChunkFactory,,,,
bxo,net/minecraft/client/renderer/chunk/CompiledChunk,,,,
bxr,net/minecraft/client/renderer/chunk/RenderChunk,,,,
bxm$1,net/minecraft/client/renderer/chunk/ChunkRenderDispatcher$1,,,,
bxl$a,net/minecraft/client/renderer/chunk/ChunkCompileTaskGenerator$Status,,,,
bxn$2,net/minecraft/client/renderer/chunk/ChunkRenderWorker$2,,,,
bxs,net/minecraft/client/renderer/chunk/IRenderChunkFactory,,,,
bxm$2,net/minecraft/client/renderer/chunk/ChunkRenderDispatcher$2,,,,
buq$3,net/minecraft/client/renderer/EntityRenderer$3,,,,
chh,net/minecraft/client/multiplayer/ThreadLanServerPing,,,,
chg$a,net/minecraft/client/network/LanServerDetector$ThreadLanServerFind,,,,
chg$b,net/minecraft/client/network/LanServerDetector$LanServerList,,,,
chd$1,net/minecraft/server/integrated/IntegratedServer$1,,,,
chd$3,net/minecraft/server/integrated/IntegratedServer$3,,,,
chf,net/minecraft/client/network/LanServerInfo,,,,
chd,net/minecraft/server/integrated/IntegratedServer,,,,
chc,net/minecraft/server/integrated/IntegratedPlayerList,,,,
che,net/minecraft/server/integrated/IntegratedServerCommandManager,,,,
chg,net/minecraft/client/network/LanServerDetector,,,,
chd$2,net/minecraft/server/integrated/IntegratedServer$2,,,,
bhw,net/minecraft/client/settings/CreativeSettings,,,,
bib$13,net/minecraft/client/Minecraft$6,,,,
bib$1,net/minecraft/client/Minecraft$1,,,,
boz$d,net/minecraft/client/main/GameConfiguration$ServerInformation,,,,
boz$a,net/minecraft/client/main/GameConfiguration$DisplayInformation,,,,
boz,net/minecraft/client/main/GameConfiguration,,,,
boz$b,net/minecraft/client/main/GameConfiguration$FolderInformation,,,,
net/minecraft/client/main/Main$1,net/minecraft/client/main/Main$1,,,,
boz$e,net/minecraft/client/main/GameConfiguration$UserInformation,,,,
boz$c,net/minecraft/client/main/GameConfiguration$GameInformation,,,,
net/minecraft/client/main/Main,net/minecraft/client/main/Main,,,,
net/minecraft/client/main/Main$2,net/minecraft/client/main/Main$2,,,,
bib$6,net/minecraft/client/Minecraft$14,,,,
bid$a,net/minecraft/client/settings/GameSettings$Options,,,,
bss,net/minecraft/client/particle/ParticleExplosion,,,,
bsr$a,net/minecraft/client/particle/ParticleEndRod$Factory,,,,
btc,net/minecraft/client/particle/ParticleLava,,,,
btg$2,net/minecraft/client/particle/ParticleManager$2,,,,
bsj$a,net/minecraft/client/particle/ParticleSweepAttack$Factory,,,,
bsv$a,net/minecraft/client/particle/ParticleFlame$Factory,,,,
btv,net/minecraft/client/particle/ParticleTotem,,,,
bts$a,net/minecraft/client/particle/ParticleSuspendedTown$HappyVillagerFactory,,,,
btm$a,net/minecraft/client/particle/ParticleSmokeNormal$Factory,,,,
bts$b,net/minecraft/client/particle/ParticleSuspendedTown$Factory,,,,
bsl$a,net/minecraft/client/particle/ParticleBreaking$Factory,,,,
btu,net/minecraft/client/particle/ParticleDigging,,,,
bsn$a,net/minecraft/client/particle/ParticleCrit$DamageIndicatorFactory,,,,
bty$a,net/minecraft/client/particle/ParticleRain$Factory,,,,
bsn$b,net/minecraft/client/particle/ParticleCrit$MagicFactory,,,,
bsl$b,net/minecraft/client/particle/ParticleBreaking$SlimeFactory,,,,
bsy$a,net/minecraft/client/particle/ParticleExplosionLarge$Factory,,,,
bti,net/minecraft/client/particle/ParticleCloud,,,,
bsm$a,net/minecraft/client/particle/ParticleBubble$Factory,,,,
bsx$b,net/minecraft/client/particle/ParticleHeart$Factory,,,,
bto$b,net/minecraft/client/particle/ParticleSpell$InstantFactory,,,,
bsv,net/minecraft/client/particle/ParticleFlame,,,,
bta,net/minecraft/client/particle/ParticleItemPickup,,,,
bsm,net/minecraft/client/particle/ParticleBubble,,,,
btq$a,net/minecraft/client/particle/ParticleSplash$Factory,,,,
bth,net/minecraft/client/particle/IParticleFactory,,,,
btx$a,net/minecraft/client/particle/ParticleWaterWake$Factory,,,,
btj,net/minecraft/client/particle/ParticlePortal,,,,
btr,net/minecraft/client/particle/ParticleSuspend,,,,
bsu$b,net/minecraft/client/particle/ParticleFirework$Spark,,,,
bsw,net/minecraft/client/particle/ParticleFootStep,,,,
btt$a,net/minecraft/client/particle/ParticleBlockDust$Factory,,,,
btl,net/minecraft/client/particle/ParticleSimpleAnimated,,,,
bsx$a,net/minecraft/client/particle/ParticleHeart$AngryVillagerFactory,,,,
btv$a,net/minecraft/client/particle/ParticleTotem$Factory,,,,
bto$a,net/minecraft/client/particle/ParticleSpell$AmbientMobFactory,,,,
bss$a,net/minecraft/client/particle/ParticleExplosion$Factory,,,,
bsl,net/minecraft/client/particle/ParticleBreaking,,,,
bsp,net/minecraft/client/particle/ParticleDrip,,,,
bsp$a,net/minecraft/client/particle/ParticleDrip$LavaFactory,,,,
bsr,net/minecraft/client/particle/ParticleEndRod,,,,
bsk$a,net/minecraft/client/particle/Barrier$Factory,,,,
bso,net/minecraft/client/particle/ParticleDragonBreath,,,,
bsj,net/minecraft/client/particle/ParticleSweepAttack,,,,
bsn,net/minecraft/client/particle/ParticleCrit,,,,
bto$c,net/minecraft/client/particle/ParticleSpell$MobFactory,,,,
bst,net/minecraft/client/particle/ParticleFallingDust,,,,
bty,net/minecraft/client/particle/ParticleRain,,,,
bts,net/minecraft/client/particle/ParticleSuspendedTown,,,,
bsz$a,net/minecraft/client/particle/ParticleExplosionHuge$Factory,,,,
bsx,net/minecraft/client/particle/ParticleHeart,,,,
btb$a,net/minecraft/client/particle/ParticleSmokeLarge$Factory,,,,
btj$a,net/minecraft/client/particle/ParticlePortal$Factory,,,,
btg$1,net/minecraft/client/particle/ParticleManager$1,,,,
bti$a,net/minecraft/client/particle/ParticleCloud$Factory,,,,
bsq$a,net/minecraft/client/particle/ParticleEnchantmentTable$EnchantmentTable,,,,
bte$a,net/minecraft/client/particle/ParticleNote$Factory,,,,
btx,net/minecraft/client/particle/ParticleWaterWake,,,,
bsu,net/minecraft/client/particle/ParticleFirework,,,,
bto$e,net/minecraft/client/particle/ParticleSpell$WitchFactory,,,,
btn,net/minecraft/client/particle/ParticleSnowShovel,,,,
btp$a,net/minecraft/client/particle/ParticleSpit$Factory,,,,
bsn$c,net/minecraft/client/particle/ParticleCrit$Factory,,,,
bto,net/minecraft/client/particle/ParticleSpell,,,,
btb,net/minecraft/client/particle/ParticleSmokeLarge,,,,
bsq,net/minecraft/client/particle/ParticleEnchantmentTable,,,,
bsp$b,net/minecraft/client/particle/ParticleDrip$WaterFactory,,,,
btf,net/minecraft/client/particle/Particle,,,,
btp,net/minecraft/client/particle/ParticleSpit,,,,
btk,net/minecraft/client/particle/ParticleRedstone,,,,
bso$a,net/minecraft/client/particle/ParticleDragonBreath$Factory,,,,
btn$a,net/minecraft/client/particle/ParticleSnowShovel$Factory,,,,
btm,net/minecraft/client/particle/ParticleSmokeNormal,,,,
btk$a,net/minecraft/client/particle/ParticleRedstone$Factory,,,,
bsw$a,net/minecraft/client/particle/ParticleFootStep$Factory,,,,
bsu$c,net/minecraft/client/particle/ParticleFirework$Starter,,,,
bsy,net/minecraft/client/particle/ParticleExplosionLarge,,,,
bsl$c,net/minecraft/client/particle/ParticleBreaking$SnowballFactory,,,,
bsk,net/minecraft/client/particle/Barrier,,,,
bsz,net/minecraft/client/particle/ParticleExplosionHuge,,,,
btq,net/minecraft/client/particle/ParticleSplash,,,,
bsu$a,net/minecraft/client/particle/ParticleFirework$Overlay,,,,
btg,net/minecraft/client/particle/ParticleManager,,,,
btd$a,net/minecraft/client/particle/ParticleMobAppearance$Factory,,,,
bte,net/minecraft/client/particle/ParticleNote,,,,
bst$a,net/minecraft/client/particle/ParticleFallingDust$Factory,,,,
btg$4,net/minecraft/client/particle/ParticleManager$4,,,,
btt,net/minecraft/client/particle/ParticleBlockDust,,,,
btg$3,net/minecraft/client/particle/ParticleManager$3,,,,
bsu$d,net/minecraft/client/particle/ParticleFirework$Factory,,,,
btw,net/minecraft/client/particle/ParticleEmitter,,,,
btr$a,net/minecraft/client/particle/ParticleSuspend$Factory,,,,
btu$a,net/minecraft/client/particle/ParticleDigging$Factory,,,,
btd,net/minecraft/client/particle/ParticleMobAppearance,,,,
bto$d,net/minecraft/client/particle/ParticleSpell$Factory,,,,
btc$a,net/minecraft/client/particle/ParticleLava$Factory,,,,
bib$15,net/minecraft/client/Minecraft$8,,,,
bic,net/minecraft/util/MouseHelper,,,,
cih,net/minecraft/client/util/RecipeBookClient,,,,
cii$a,net/minecraft/client/renderer/OpenGlHelper$FboMode,,,,
cii,net/minecraft/client/renderer/OpenGlHelper,,,,
h$a,net/minecraft/util/Util$EnumOS,net/minecraft/server/v1_12_R1/SystemUtils$a,,,
gw$5,net/minecraft/network/NetworkManager$5,net/minecraft/server/v1_12_R1/NetworkManager$5,,,
gw$6,net/minecraft/network/NetworkManager$6,net/minecraft/server/v1_12_R1/NetworkManager$6,,,
nj$a,net/minecraft/client/util/JsonException$Entry,,,,
nj,net/minecraft/client/util/JsonException,,,,
oh,net/minecraft/client/renderer/DestroyBlockProgress,,,,
oy,net/minecraft/client/network/NetHandlerHandshakeMemory,,,,
oz$5,net/minecraft/network/NetworkSystem$5,net/minecraft/server/v1_12_R1/ServerConnection$5,,,
rb,net/minecraft/util/FrameTimer,,,,
rd$1,net/minecraft/util/HttpUtil$1,net/minecraft/server/v1_12_R1/HttpUtilities$1,,,
rf,net/minecraft/util/IntegerCache,,,,
rn,net/minecraft/util/MouseFilter,,,,
aco$a,net/minecraft/entity/monster/AbstractIllager$IllagerArmPose,net/minecraft/server/v1_12_R1/EntityIllagerAbstract$a,,,
adw,net/minecraft/entity/NpcMerchant,,,,
aee,net/minecraft/entity/player/EnumPlayerModelParts,,,,
akb$a,net/minecraft/client/util/ITooltipFlag$TooltipFlags,,,,
akb,net/minecraft/client/util/ITooltipFlag,,,,
amm,net/minecraft/util/BlockRenderLayer,,,,
amq,net/minecraft/world/ColorizerFoliage,,,,
amt,net/minecraft/world/ColorizerGrass,,,,
anj$1,net/minecraft/world/biome/BiomeColorHelper$1,,,,
anj$2,net/minecraft/world/biome/BiomeColorHelper$2,,,,
anj$3,net/minecraft/world/biome/BiomeColorHelper$3,,,,
anj$a,net/minecraft/world/biome/BiomeColorHelper$ColorResolver,,,,
anj,net/minecraft/world/biome/BiomeColorHelper,,,,
axt,net/minecraft/world/chunk/EmptyChunk,,,,
bff,net/minecraft/client/AnvilConverterException,,,,
bfh,net/minecraft/world/storage/WorldSummary,,,,
bfj,net/minecraft/world/storage/SaveHandlerMP,,,,
bfl,net/minecraft/world/storage/SaveDataMemoryStorage,,,,
bhd,net/minecraft/util/math/Vec2f,,,,
