owner_obf,混淆的,Searge,Spigot,Mojang,Yarn,Intermediary,kind,type
a,a,BLACK,BLACK,,,,enum,
a,b,DARK_BLUE,DARK_BLUE,,,,enum,
a,c,DARK_GREEN,DARK_GREEN,,,,enum,
a,d,DARK_AQUA,DARK_AQUA,,,,enum,
a,e,DARK_RED,DARK_RED,,,,enum,
a,f,DARK_PURPLE,DARK_PURPLE,,,,enum,
a,g,GOLD,GOLD,,,,enum,
a,h,GRAY,GRAY,,,,enum,
a,i,DARK_GRAY,DARK_GRAY,,,,enum,
a,j,BLUE,BLUE,,,,enum,
a,k,GREEN,GREEN,,,,enum,
a,l,AQUA,AQUA,,,,enum,
a,m,RED,RED,,,,enum,
a,n,LIGHT_PURPLE,LIGHT_PURPLE,,,,enum,
a,o,YELLOW,YELLOW,,,,enum,
a,p,WHITE,WHITE,,,,enum,
a,q,OBFUSCATED,OBFUSCATED,,,,enum,
a,r,BOLD,BOLD,,,,enum,
a,s,STRIKETHROUGH,STRIKETHROUGH,,,,enum,
a,t,UNDERLINE,UNDERLINE,,,,enum,
a,u,ITALIC,ITALIC,,,,enum,
a,v,RESET,RESET,,,,enum,
a,w,field_96331_x,,,,,field,"private static final Map<String, EnumChatFormat>"
a,x,field_96330_y,,,,,field,private static final Pattern
a,y,field_175748_y,,,,,field,private final String
a,z,field_96329_z,character,,,,field,private final char
a,A,field_96303_A,,,,,field,private final boolean
a,B,field_96304_B,,,,,field,private final String
a,C,field_175747_C,,,,,field,private final int
aa$a,a,field_192362_a,,,,,field,private final AdvancementDataPlayer
aa$a,b,field_192363_b,,,,,field,private final Set<CriterionTrigger$a<CriterionTriggerCuredZombieVillager$b>>
aa$b,a,field_192255_a,,,,,field,private final CriterionConditionEntity
aa$b,b,field_192256_b,,,,,field,private final CriterionConditionEntity
aa,a,field_192186_a,,,,,field,private static final MinecraftKey
aa,b,field_192187_b,,,,,field,"private final Map<AdvancementDataPlayer, CriterionTriggerCuredZombieVillager$a>"
aaa,bG,field_192013_bG,,,,,field,private static final DataWatcherObject<Integer>
aaa,bH,field_192014_bH,,,,,field,private static final com.google.common.base.Predicate<EntityInsentient>
aaa,bI,field_192015_bI,,,,,field,private static final Item
aaa,bJ,field_192016_bJ,,,,,field,private static final Set<Item>
aaa,bK,field_192017_bK,,,,,field,private static final it.unimi.dsi.fastutil.ints.Int2ObjectMap<SoundEffect>
aaa,bB,field_192008_bB,,,,,field,public float
aaa,bC,field_192009_bC,,,,,field,public float
aaa,bD,field_192010_bD,,,,,field,public float
aaa,bE,field_192011_bE,,,,,field,public float
aaa,bF,field_192012_bF,,,,,field,public float
aaa,bL,field_192018_bL,,,,,field,private boolean
aaa,bM,field_192019_bM,,,,,field,private BlockPosition
aab,bx,field_184763_bv,,,,,field,private static final DataWatcherObject<Boolean>
aab,by,field_191520_bx,,,,,field,private static final DataWatcherObject<Integer>
aab,bz,field_184764_bw,,,,,field,private static final Set<Item>
aab,bB,field_184765_bx,,,,,field,private boolean
aab,bC,field_184766_bz,,,,,field,private int
aab,bD,field_184767_bA,,,,,field,private int
aac$b,a,field_190101_a,,,,,field,public boolean
aac,bx,field_189798_bx,,,,,field,private static final DataWatcherObject<Boolean>
aac,by,field_189799_by,,,,,field,private float
aac,bz,field_189800_bz,,,,,field,private float
aac,bB,field_189797_bB,,,,,field,private int
aad$b,c,field_179511_d,,,,,field,private final EntityRabbit
aad$c,a,field_179427_a,,,,,field,public int
aad$d,c,field_180070_c,,,,,field,private final EntityRabbit
aad$d,d,field_180068_d,,,,,field,private boolean
aad$e,i,field_179929_g,,,,,field,private final EntityRabbit
aad$e,j,field_188492_j,,,,,field,private double
aad$f,f,field_179486_b,,,,,field,private final EntityRabbit
aad$g,c,field_179500_c,,,,,field,private final EntityRabbit
aad$g,d,field_179498_d,,,,,field,private boolean
aad$g,e,field_179499_e,,,,,field,private boolean
aad,bx,field_184773_bv,,,,,field,private static final DataWatcherObject<Integer>
aad,by,field_175540_bm,,,,,field,private int
aad,bz,field_175535_bn,,,,,field,private int
aad,bB,field_175537_bp,,,,,field,private boolean
aad,bC,field_175538_bq,,,,,field,private int
aad,bD,field_175541_bs,,,,,field,private int
aae,bx,field_184774_bv,,,,,field,private static final DataWatcherObject<Byte>
aae,by,field_90016_e,container,,,,field,private final InventoryCrafting
aae,bz,field_175514_bm,,,,,field,"private static final Map<EnumColor, float[]>"
aae,bB,field_70899_e,,,,,field,private int
aae,bC,field_146087_bs,,,,,field,private PathfinderGoalEatTile
aaf,bB,field_191996_bB,,,,,field,private int
aag,a,field_184749_a,,,,,field,private static final DataWatcherObject<Byte>
aah$a,a,field_179476_a,,,,,field,private final EntitySquid
aah,a,field_70861_d,,,,,field,public float
aah,b,field_70862_e,,,,,field,public float
aah,c,field_70859_f,,,,,field,public float
aah,bv,field_70860_g,,,,,field,public float
aah,bw,field_70867_h,,,,,field,public float
aah,bx,field_70868_i,,,,,field,public float
aah,by,field_70866_j,,,,,field,public float
aah,bz,field_70865_by,,,,,field,public float
aah,bA,field_70863_bz,,,,,field,private float
aah,bB,field_70864_bA,,,,,field,private float
aah,bC,field_70871_bB,,,,,field,private float
aah,bD,field_70872_bC,,,,,field,private float
aah,bE,field_70869_bD,,,,,field,private float
aah,bF,field_70870_bE,,,,,field,private float
aai,a,field_184750_a,,,,,field,protected static final DataWatcherObject<Byte>
aai,c,field_70858_e,,,,,field,private int
aai,b,field_70857_d,,,,,field,Village
aai,bx,field_70855_f,,,,,field,private int
aai,by,field_70856_g,,,,,field,private int
aak$a,d,field_190856_d,,,,,field,private final EntityWolf
aak,bB,field_184759_bz,DATA_HEALTH,,,,field,private static final DataWatcherObject<Float>
aak,bC,field_184760_bA,,,,,field,private static final DataWatcherObject<Boolean>
aak,bD,field_184758_bB,,,,,field,private static final DataWatcherObject<Integer>
aak,bE,field_70926_e,,,,,field,private float
aak,bF,field_70924_f,,,,,field,private float
aak,bG,field_70925_g,,,,,field,private boolean
aak,bH,field_70928_h,,,,,field,private boolean
aak,bI,field_70929_i,,,,,field,private float
aak,bJ,field_70927_j,,,,,field,private float
aal,bH,field_190698_bG,,,,,field,private static final DataWatcherObject<Boolean>
aam,bH,field_110276_bu,,,,,field,private static final com.google.common.base.Predicate<Entity>
aam,bx,field_110271_bv,attributeJumpStrength,,,,field,protected static final IAttribute
aam,bI,field_184787_bE,,,,,field,private static final DataWatcherObject<Byte>
aam,bJ,field_184790_bH,,,,,field,private static final DataWatcherObject<com.google.common.base.Optional<UUID>>
aam,bK,field_190689_bJ,,,,,field,private int
aam,bL,field_110290_bE,,,,,field,private int
aam,bM,field_110295_bF,,,,,field,private int
aam,by,field_110278_bp,,,,,field,public int
aam,bz,field_110279_bq,,,,,field,public int
aam,bB,field_110275_br,,,,,field,protected boolean
aam,bC,field_110296_bG,inventoryChest,,,,field,protected InventoryHorseChest
aam,bD,field_110274_bs,,,,,field,protected int
aam,bE,field_110277_bt,jumpPower,,,,field,protected float
aam,bN,field_110294_bI,canSlide,,,,field,private boolean
aam,bO,field_110283_bJ,,,,,field,private float
aam,bP,field_110284_bK,,,,,field,private float
aam,bQ,field_110281_bL,,,,,field,private float
aam,bR,field_110282_bM,,,,,field,private float
aam,bS,field_110287_bN,,,,,field,private float
aam,bT,field_110288_bO,,,,,field,private float
aam,bF,field_190688_bE,,,,,field,protected boolean
aam,bG,field_110285_bP,,,,,field,protected int
aao$a,a,field_190885_a,,,,,field,public int
aao,bH,field_184786_bD,,,,,field,private static final UUID
aao,bI,field_184789_bG,,,,,field,private static final DataWatcherObject<Integer>
aao,bJ,field_184791_bI,,,,,field,private static final DataWatcherObject<Integer>
aao,bK,field_110268_bz,,,,,field,private static final String[]
aao,bL,field_110269_bA,,,,,field,private static final String[]
aao,bM,field_110291_bB,,,,,field,private static final String[]
aao,bN,field_110292_bC,,,,,field,private static final String[]
aao,bO,field_110286_bQ,,,,,field,private String
aao,bP,field_110280_bR,,,,,field,private final String[]
aap,a,NONE,NONE,,,,enum,
aap,b,IRON,IRON,,,,enum,
aap,c,GOLD,GOLD,,,,enum,
aap,d,DIAMOND,DIAMOND,,,,enum,
aap,e,field_188586_e,,,,,field,private final String
aap,f,field_188587_f,,,,,field,private final String
aap,g,field_188588_g,,,,,field,private final int
aaq$b,a,field_190886_a,,,,,field,public int
aaq,bH,field_190720_bG,,,,,field,private static final DataWatcherObject<Integer>
aaq,bI,field_190721_bH,,,,,field,private static final DataWatcherObject<Integer>
aaq,bJ,field_190722_bI,,,,,field,private static final DataWatcherObject<Integer>
aaq,bK,field_190723_bJ,,,,,field,private boolean
aaq,bL,field_190724_bK,,,,,field,private EntityLlama
aaq,bM,field_190725_bL,,,,,field,private EntityLlama
aas,bH,field_184792_bN,,,,,field,private final PathfinderGoalHorseTrap
aas,bI,field_184793_bU,,,,,field,private boolean
aas,bJ,field_184794_bV,,,,,field,private int
aat,a,field_188516_a,,,,,field,private final EntityHorseSkeleton
aaz,a,field_70259_a,owner,,,,field,public final IComplex
aaz,b,field_146032_b,,,,,field,public final String
ab,a,field_192366_a,,,,,field,public static CriterionConditionDamage
ab,b,field_192367_b,,,,,field,private final CriterionConditionValue
ab,c,field_192368_c,,,,,field,private final CriterionConditionValue
ab,d,field_192369_d,,,,,field,private final CriterionConditionEntity
ab,e,field_192370_e,,,,,field,private final Boolean
ab,f,field_192371_f,,,,,field,private final CriterionConditionDamageSource
aba,b,field_184521_b,,,,,field,private static final DataWatcherObject<com.google.common.base.Optional<BlockPosition>>
aba,c,field_184522_c,,,,,field,private static final DataWatcherObject<Boolean>
aba,a,field_70261_a,,,,,field,public int
abb,bJ,field_184675_bH,,,,,field,private static final org.apache.logging.log4j.Logger
abb,a,field_184674_a,PHASE,,,,field,public static final DataWatcherObject<Integer>
abb,b,field_70979_e,,,,,field,public double[][]
abb,c,field_70976_f,,,,,field,public int
abb,bv,field_70977_g,children,,,,field,public EntityComplexPart[]
abb,bw,field_70986_h,,,,,field,public EntityComplexPart
abb,bx,field_184673_bv,,,,,field,public EntityComplexPart
abb,by,field_70987_i,,,,,field,public EntityComplexPart
abb,bz,field_70985_j,,,,,field,public EntityComplexPart
abb,bA,field_70984_by,,,,,field,public EntityComplexPart
abb,bB,field_70982_bz,,,,,field,public EntityComplexPart
abb,bC,field_70983_bA,,,,,field,public EntityComplexPart
abb,bD,field_70990_bB,,,,,field,public EntityComplexPart
abb,bE,field_70991_bC,,,,,field,public float
abb,bF,field_70988_bD,,,,,field,public float
abb,bG,field_70994_bF,,,,,field,public boolean
abb,bH,field_70995_bG,,,,,field,public int
abb,bI,field_70992_bH,currentEnderCrystal,,,,field,public EntityEnderCrystal
abb,bK,field_184676_bI,,,,,field,private final EnderDragonBattle
abb,bL,field_184677_bJ,,,,,field,private final DragonControllerManager
abb,bM,field_184678_bK,,,,,field,private int
abb,bN,field_184679_bL,,,,,field,private int
abb,bO,field_184680_bM,,,,,field,private final PathPoint[]
abb,bP,field_184681_bN,,,,,field,private final int[]
abb,bQ,field_184682_bO,,,,,field,private final Path
abd,a,field_188661_a,,,,,field,protected final EntityEnderDragon
abf,b,field_188669_b,,,,,field,private static final org.apache.logging.log4j.Logger
abf,c,field_188670_c,,,,,field,private Vec3D
abf,d,field_188671_d,,,,,field,private int
abg,b,field_188672_b,,,,,field,private Vec3D
abg,c,field_188673_c,,,,,field,private int
abh,b,field_188677_b,,,,,field,private PathEntity
abh,c,field_188678_c,,,,,field,private Vec3D
abh,d,field_188679_d,,,,,field,private boolean
abi,b,field_188680_b,,,,,field,private Vec3D
abj,b,field_188683_b,,,,,field,private PathEntity
abj,c,field_188684_c,,,,,field,private Vec3D
abk,b,field_188685_b,,,,,field,private Vec3D
abm,b,field_188662_b,,,,,field,private int
abn,b,field_188664_b,,,,,field,private int
abn,c,field_188665_c,,,,,field,private int
abn,d,field_188666_d,,,,,field,private EntityAreaEffectCloud
abo,b,field_188667_b,,,,,field,private int
abp,b,field_188689_b,,,,,field,private static final org.apache.logging.log4j.Logger
abp,c,field_188690_c,,,,,field,private int
abp,d,field_188691_d,,,,,field,private PathEntity
abp,e,field_188692_e,,,,,field,private Vec3D
abp,f,field_188693_f,,,,,field,private EntityLiving
abp,g,field_188694_g,,,,,field,private boolean
abq,b,field_188697_b,,,,,field,private boolean
abq,c,field_188698_c,,,,,field,private PathEntity
abq,d,field_188699_d,,,,,field,private Vec3D
abr,l,field_188752_l,,,,,field,private static DragonControllerPhase<?>[]
abr,a,field_188741_a,,,,,field,public static final DragonControllerPhase<DragonControllerHold>
abr,b,field_188742_b,,,,,field,public static final DragonControllerPhase<DragonControllerStrafe>
abr,c,field_188743_c,,,,,field,public static final DragonControllerPhase<DragonControllerLandingFly>
abr,d,field_188744_d,,,,,field,public static final DragonControllerPhase<DragonControllerLanding>
abr,e,field_188745_e,,,,,field,public static final DragonControllerPhase<DragonControllerFly>
abr,f,field_188746_f,,,,,field,public static final DragonControllerPhase<DragonControllerLandedFlame>
abr,g,field_188747_g,,,,,field,public static final DragonControllerPhase<DragonControllerLandedSearch>
abr,h,field_188748_h,,,,,field,public static final DragonControllerPhase<DragonControllerLandedAttack>
abr,i,field_188749_i,,,,,field,public static final DragonControllerPhase<DragonControllerCharge>
abr,j,field_188750_j,,,,,field,public static final DragonControllerPhase<DragonControllerDying>
abr,k,field_188751_k,,,,,field,public static final DragonControllerPhase<DragonControllerHover>
abr,m,field_188753_m,,,,,field,private final Class<? extends IDragonController>
abr,n,field_188754_n,,,,,field,private final int
abr,o,field_188755_o,,,,,field,private final String
abs,a,field_188759_a,,,,,field,private static final org.apache.logging.log4j.Logger
abs,b,field_188760_b,enderDragon,,,,field,private final EntityEnderDragon
abs,c,field_188761_c,dragonControllers,,,,field,private final IDragonController[]
abs,d,field_188762_d,currentDragonController,,,,field,private IDragonController
abv,a,field_184741_a,,,,,field,private static final DataWatcherObject<Integer>
abv,b,field_184742_b,,,,,field,private static final DataWatcherObject<Integer>
abv,c,field_184743_c,,,,,field,private static final DataWatcherObject<Integer>
abv,bx,field_184745_bv,,,,,field,private static final DataWatcherObject<Integer>[]
abv,by,field_184746_bw,,,,,field,private static final DataWatcherObject<Integer>
abv,bz,field_82220_d,,,,,field,private final float[]
abv,bA,field_82221_e,,,,,field,private final float[]
abv,bB,field_82217_f,,,,,field,private final float[]
abv,bC,field_82218_g,,,,,field,private final float[]
abv,bD,field_82223_h,,,,,field,private final int[]
abv,bE,field_82224_i,,,,,field,private final int[]
abv,bF,field_82222_j,,,,,field,private int
abv,bG,field_184744_bE,,,,,field,private final BossBattleServer
abv,bH,field_82219_bJ,,,,,field,private static final com.google.common.base.Predicate<Entity>
abx,br,field_175435_a,,,,,field,private static final Vector3f
abx,bs,field_175433_b,,,,,field,private static final Vector3f
abx,bt,field_175434_c,,,,,field,private static final Vector3f
abx,bu,field_175431_d,,,,,field,private static final Vector3f
abx,bv,field_175432_e,,,,,field,private static final Vector3f
abx,bw,field_175429_f,,,,,field,private static final Vector3f
abx,a,field_184801_a,,,,,field,public static final DataWatcherObject<Byte>
abx,b,field_184802_b,,,,,field,public static final DataWatcherObject<Vector3f>
abx,c,field_184803_c,,,,,field,public static final DataWatcherObject<Vector3f>
abx,d,field_184804_d,,,,,field,public static final DataWatcherObject<Vector3f>
abx,e,field_184805_e,,,,,field,public static final DataWatcherObject<Vector3f>
abx,f,field_184806_f,,,,,field,public static final DataWatcherObject<Vector3f>
abx,g,field_184807_g,,,,,field,public static final DataWatcherObject<Vector3f>
abx,bx,field_184798_bv,,,,,field,private static final com.google.common.base.Predicate<Entity>
abx,by,field_184799_bw,,,,,field,private final NonNullList<ItemStack>
abx,bz,field_184800_bx,,,,,field,private final NonNullList<ItemStack>
abx,bA,field_175436_h,,,,,field,private boolean
abx,h,field_175437_i,,,,,field,public long
abx,bB,field_175442_bg,,,,,field,private int
abx,bC,field_181028_bj,,,,,field,private boolean
abx,bD,field_175443_bh,headPose,,,,field,private Vector3f
abx,bE,field_175444_bi,bodyPose,,,,field,private Vector3f
abx,bF,field_175438_bj,leftArmPose,,,,field,private Vector3f
abx,bG,field_175439_bk,rightArmPose,,,,field,private Vector3f
abx,bH,field_175440_bl,leftLegPose,,,,field,private Vector3f
abx,bI,field_175441_bm,rightLegPose,,,,field,private Vector3f
aby,c,field_184524_c,,,,,field,private static final com.google.common.base.Predicate<Entity>
aby,d,field_70520_f,,,,,field,private int
aby,a,field_174861_a,blockPosition,,,,field,protected BlockPosition
aby,b,field_174860_b,direction,,,,field,public EnumDirection
abz,c,field_184525_c,,,,,field,private static final DataWatcherObject<ItemStack>
abz,d,field_184526_d,,,,,field,private static final DataWatcherObject<Integer>
abz,e,field_82337_e,,,,,field,private float
ac,a,field_192449_a,,,,,field,public static CriterionConditionDamageSource
ac,b,field_192450_b,,,,,field,private final Boolean
ac,c,field_192451_c,,,,,field,private final Boolean
ac,d,field_192452_d,,,,,field,private final Boolean
ac,e,field_192453_e,,,,,field,private final Boolean
ac,f,field_192454_f,,,,,field,private final Boolean
ac,g,field_192455_g,,,,,field,private final Boolean
ac,h,field_192456_h,,,,,field,private final Boolean
ac,i,field_193419_i,,,,,field,private final CriterionConditionEntity
ac,j,field_193420_j,,,,,field,private final CriterionConditionEntity
acb$a,a,KEBAB,KEBAB,,,,enum,
acb$a,b,AZTEC,AZTEC,,,,enum,
acb$a,c,ALBAN,ALBAN,,,,enum,
acb$a,d,AZTEC_2,AZTEC_2,,,,enum,
acb$a,e,BOMB,BOMB,,,,enum,
acb$a,f,PLANT,PLANT,,,,enum,
acb$a,g,WASTELAND,WASTELAND,,,,enum,
acb$a,h,POOL,POOL,,,,enum,
acb$a,i,COURBET,COURBET,,,,enum,
acb$a,j,SEA,SEA,,,,enum,
acb$a,k,SUNSET,SUNSET,,,,enum,
acb$a,l,CREEBET,CREEBET,,,,enum,
acb$a,m,WANDERER,WANDERER,,,,enum,
acb$a,n,GRAHAM,GRAHAM,,,,enum,
acb$a,o,MATCH,MATCH,,,,enum,
acb$a,p,BUST,BUST,,,,enum,
acb$a,q,STAGE,STAGE,,,,enum,
acb$a,r,VOID,VOID,,,,enum,
acb$a,s,SKULL_AND_ROSES,SKULL_AND_ROSES,,,,enum,
acb$a,t,WITHER,WITHER,,,,enum,
acb$a,u,FIGHTERS,FIGHTERS,,,,enum,
acb$a,v,POINTER,POINTER,,,,enum,
acb$a,w,PIGSCENE,PIGSCENE,,,,enum,
acb$a,x,BURNING_SKULL,BURNING_SKULL,,,,enum,
acb$a,y,SKELETON,SKELETON,,,,enum,
acb$a,z,DONKEY_KONG,DONKEY_KONG,,,,enum,
acb$a,A,field_180001_A,,,,,field,public static final int
acb$a,B,field_75702_A,,,,,field,public final String
acb$a,C,field_75703_B,,,,,field,public final int
acb$a,D,field_75704_C,,,,,field,public final int
acb$a,E,field_75699_D,,,,,field,public final int
acb$a,F,field_75700_E,,,,,field,public final int
acb,c,field_70522_e,art,,,,field,public EntityPainting$EnumArt
acd$a,a,FLYING,FLYING,,,,enum,
acd$a,b,HOOKED_IN_ENTITY,HOOKED_IN_ENTITY,,,,enum,
acd$a,c,BOBBING,BOBBING,,,,enum,
acd,b,field_184528_c,,,,,field,private static final DataWatcherObject<Integer>
acd,c,field_146051_au,isInGround,,,,field,private boolean
acd,d,field_146049_av,,,,,field,private int
acd,e,field_146042_b,owner,,,,field,private EntityHuman
acd,f,field_146047_aw,,,,,field,private int
acd,g,field_146045_ax,,,,,field,private int
acd,h,field_146040_ay,,,,,field,private int
acd,at,field_146038_az,,,,,field,private int
acd,au,field_146054_aA,,,,,field,private float
acd,a,field_146043_c,hooked,,,,field,public Entity
acd,av,field_190627_av,,,,,field,private EntityFishingHook$HookState
acd,aw,field_191518_aw,,,,,field,private int
acd,ax,field_191519_ax,,,,,field,private int
acg,b,field_70262_b,lifeTicks,,,,field,private int
acg,a,field_70264_a,,,,,field,public long
acg,c,field_70263_c,,,,,field,private int
acg,d,field_184529_d,,,,,field,private final boolean
aci,e,field_175132_d,block,,,,field,private IBlockData
aci,a,field_145812_b,ticksLived,,,,field,public int
aci,b,field_145813_c,dropItem,,,,field,public boolean
aci,f,field_145808_f,,,,,field,private boolean
aci,g,field_145809_g,hurtEntities,,,,field,private boolean
aci,h,field_145815_h,fallHurtMax,,,,field,private int
aci,at,field_145816_i,fallHurtAmount,,,,field,private float
aci,c,field_145810_d,tileEntityData,,,,field,public NBTTagCompound
aci,d,field_184532_d,,,,,field,protected static final DataWatcherObject<BlockPosition>
acj,b,field_145803_d,,,,,field,private static final org.apache.logging.log4j.Logger
acj,c,field_184533_c,,,,,field,private static final DataWatcherObject<ItemStack>
acj,d,field_70292_b,age,,,,field,private int
acj,e,field_145804_b,pickupDelay,,,,field,private int
acj,f,field_70291_e,,,,,field,private int
acj,g,field_145801_f,,,,,field,private String
acj,h,field_145802_g,,,,,field,private String
acj,a,field_70290_d,,,,,field,public float
ack,a,field_184537_a,FUSE_TICKS,,,,field,private static final DataWatcherObject<Integer>
ack,b,field_94084_b,source,,,,field,private EntityLiving
ack,c,field_70516_a,,,,,field,private int
acm,a,field_193080_a,,,,,field,protected static final DataWatcherObject<Byte>
acn,a,field_184728_b,,,,,field,private static final DataWatcherObject<Boolean>
acn,b,field_85037_d,,,,,field,private final PathfinderGoalBowShoot<EntitySkeletonAbstract>
acn,c,field_85038_e,,,,,field,private final PathfinderGoalMeleeAttack
aco$a,a,field_179469_a,,,,,field,private final EntityBlaze
aco$a,b,field_179467_b,,,,,field,private int
aco$a,c,field_179468_c,,,,,field,private int
aco,a,field_70847_d,,,,,field,private float
aco,b,field_70848_e,,,,,field,private int
aco,c,field_184712_c,,,,,field,private static final DataWatcherObject<Byte>
acq,a,field_184713_a,,,,,field,private static final DataWatcherObject<Integer>
acq,b,field_184714_b,,,,,field,private static final DataWatcherObject<Boolean>
acq,c,field_184715_c,,,,,field,private static final DataWatcherObject<Boolean>
acq,bx,field_70834_e,,,,,field,private int
acq,by,field_70833_d,fuseTicks,,,,field,private int
acq,bz,field_82225_f,maxFuseTicks,,,,field,private int
acq,bA,field_82226_g,explosionRadius,,,,field,private int
acq,bB,field_175494_bm,,,,,field,private int
acs$a,a,field_179475_a,,,,,field,private final EntityEnderman
acs$b,i,field_179449_j,,,,,field,private final EntityEnderman
acs$b,j,field_179448_g,,,,,field,private EntityHuman
acs$b,k,field_179450_h,,,,,field,private int
acs$b,l,field_179451_i,,,,,field,private int
acs$c,a,field_179473_a,enderman,,,,field,private final EntityEnderman
acs,a,field_110192_bp,,,,,field,private static final UUID
acs,b,field_110193_bq,,,,,field,private static final AttributeModifier
acs,c,field_70827_d,,,,,field,private static final Set<Block>
acs,bx,field_184718_bv,,,,,field,private static final DataWatcherObject<com.google.common.base.Optional<IBlockData>>
acs,by,field_184719_bw,,,,,field,private static final DataWatcherObject<Boolean>
acs,bz,field_184720_bx,,,,,field,private int
acs,bA,field_184721_by,,,,,field,private int
act,a,field_175497_b,,,,,field,private int
act,b,field_175498_c,,,,,field,private boolean
acu,d,field_82192_a,,,,,field,com.google.common.base.Predicate<Entity>
acu,e,field_175450_e,,,,,field,com.google.common.base.Predicate<Entity>
acv$d,a,field_190879_a,,,,,field,final com.google.common.base.Predicate<EntitySheep>
acv,c,field_190763_bw,,,,,field,private EntitySheep
acw$a,a,field_179472_a,,,,,field,private final EntityGhast
acw$b,i,field_179927_g,,,,,field,private final EntityGhast
acw$b,j,field_179928_h,,,,,field,private int
acw$c,b,field_179470_b,ghast,,,,field,private final EntityGhast
acw$c,a,field_179471_a,,,,,field,public int
acw$d,a,field_179454_a,,,,,field,private final EntityGhast
acw,a,field_184683_a,,,,,field,private static final DataWatcherObject<Boolean>
acw,b,field_92014_j,,,,,field,private int
acy$a,a,field_179456_a,,,,,field,private final EntityGuardian
acy$a,b,field_179455_b,,,,,field,private int
acy$a,c,field_190881_c,,,,,field,private final boolean
acy$b,a,field_179916_a,,,,,field,private final EntityGuardian
acy$c,i,field_179930_g,,,,,field,private final EntityGuardian
acy,bA,field_190766_bz,,,,,field,private static final DataWatcherObject<Boolean>
acy,bB,field_184723_b,,,,,field,private static final DataWatcherObject<Integer>
acy,a,field_175482_b,,,,,field,protected float
acy,b,field_175484_c,,,,,field,protected float
acy,c,field_175483_bk,,,,,field,protected float
acy,bx,field_175485_bl,,,,,field,protected float
acy,by,field_175486_bm,,,,,field,protected float
acy,bC,field_175478_bn,,,,,field,private EntityLiving
acy,bD,field_175479_bo,,,,,field,private int
acy,bE,field_175480_bp,,,,,field,private boolean
acy,bz,field_175481_bq,goalRandomStroll,,,,field,protected PathfinderGoalRandomStroll
ad,a,field_193423_a,,,,,field,public static final CriterionConditionDistance
ad,b,field_193424_b,,,,,field,private final CriterionConditionValue
ad,c,field_193425_c,,,,,field,private final CriterionConditionValue
ad,d,field_193426_d,,,,,field,private final CriterionConditionValue
ad,e,field_193427_e,,,,,field,private final CriterionConditionValue
ad,f,field_193428_f,,,,,field,private final CriterionConditionValue
ada$a,b,field_193325_b,,,,,field,private int
ada,c,field_193099_c,,,,,field,private int
ada,bx,field_193100_bx,,,,,field,private final Vec3D[][]
add,b,field_110189_bq,,,,,field,private static final UUID
add,c,field_110190_br,,,,,field,private static final AttributeModifier
add,bx,field_70837_d,angerLevel,,,,field,private int
add,by,field_70838_e,soundDelay,,,,field,private int
add,bz,field_175459_bn,hurtBy,,,,field,private UUID
adf,k,field_151476_f,,,,,field,private static final org.apache.logging.log4j.Logger
adf,a,field_111267_a,maxHealth,,,,field,public static final IAttribute
adf,b,field_111265_b,FOLLOW_RANGE,,,,field,public static final IAttribute
adf,c,field_111266_c,,,,,field,public static final IAttribute
adf,d,field_111263_d,MOVEMENT_SPEED,,,,field,public static final IAttribute
adf,e,field_193334_e,,,,,field,public static final IAttribute
adf,f,field_111264_e,ATTACK_DAMAGE,,,,field,public static final IAttribute
adf,g,field_188790_f,,,,,field,public static final IAttribute
adf,h,field_188791_g,,,,,field,public static final IAttribute
adf,i,field_189429_h,,,,,field,public static final IAttribute
adf,j,field_188792_h,,,,,field,public static final IAttribute
adg$a,b,field_188520_b,,,,,field,private int
adg$e,b,field_188522_b,,,,,field,private int
adg,bz,field_184703_bv,,,,,field,private static final UUID
adg,bA,field_184704_bw,,,,,field,private static final AttributeModifier
adg,a,field_184700_a,,,,,field,protected static final DataWatcherObject<EnumDirection>
adg,b,field_184701_b,,,,,field,protected static final DataWatcherObject<com.google.common.base.Optional<BlockPosition>>
adg,c,field_184702_c,,,,,field,protected static final DataWatcherObject<Byte>
adg,bx,field_190770_bw,COLOR,,,,field,protected static final DataWatcherObject<Byte>
adg,by,field_190771_bx,,,,,field,public static final EnumColor
adg,bB,field_184705_bx,,,,,field,private float
adg,bC,field_184706_by,,,,,field,private float
adg,bD,field_184707_bz,,,,,field,private BlockPosition
adg,bE,field_184708_bA,,,,,field,private int
adh$a,h,field_179483_b,,,,,field,private EnumDirection
adh$a,i,field_179484_c,,,,,field,private boolean
adh$b,a,field_179464_a,silverfish,,,,field,private final EntitySilverfish
adh$b,b,field_179463_b,,,,,field,private int
adh,a,field_175460_b,,,,,field,private EntitySilverfish$PathfinderGoalSilverfishWakeOthers
adj$a,a,field_179466_a,,,,,field,private final EntitySlime
adj$a,b,field_179465_b,,,,,field,private int
adj$b,a,field_179457_a,,,,,field,private final EntitySlime
adj$c,a,field_179458_a,,,,,field,private final EntitySlime
adj$d,i,field_179922_g,,,,,field,private float
adj$d,j,field_179924_h,,,,,field,private int
adj$d,k,field_179925_i,,,,,field,private final EntitySlime
adj$d,l,field_179923_j,,,,,field,private boolean
adj$e,a,field_179461_a,,,,,field,private final EntitySlime
adj$e,b,field_179459_b,,,,,field,private float
adj$e,c,field_179460_c,,,,,field,private int
adj,bv,field_184711_bt,,,,,field,private static final DataWatcherObject<Integer>
adj,a,field_70813_a,,,,,field,public float
adj,b,field_70811_b,,,,,field,public float
adj,c,field_70812_c,,,,,field,public float
adj,bw,field_175452_bi,,,,,field,private boolean
adk$a,a,NONE,NONE,,,,enum,
adk$a,b,SUMMON_VEX,SUMMON_VEX,,,,enum,
adk$a,c,FANGS,FANGS,,,,enum,
adk$a,d,WOLOLO,WOLOLO,,,,enum,
adk$a,e,DISAPPEAR,DISAPPEAR,,,,enum,
adk$a,f,BLINDNESS,BLINDNESS,,,,enum,
adk$a,g,field_193345_g,,,,,field,private final int
adk$a,h,field_193346_h,,,,,field,private final double[]
adk$c,c,field_193321_c,,,,,field,protected int
adk$c,d,field_193322_d,,,,,field,protected int
adk,c,field_193088_c,,,,,field,private static final DataWatcherObject<Byte>
adk,b,field_193087_b,,,,,field,protected int
adk,bx,field_193089_bx,,,,,field,private EntityIllagerWizard$Spell
adl$b,a,field_188478_a,,,,,field,public MobEffectList
adl,a,field_184729_a,,,,,field,private static final DataWatcherObject<Byte>
adn,a,field_190664_a,,,,,field,protected static final DataWatcherObject<Byte>
adn,b,field_190665_b,,,,,field,private EntityInsentient
adn,c,field_190666_c,,,,,field,private BlockPosition
adn,bx,field_190667_bw,,,,,field,private boolean
adn,by,field_190668_bx,,,,,field,private int
ado,b,field_190643_b,,,,,field,private boolean
ado,c,field_190644_c,,,,,field,private static final com.google.common.base.Predicate<Entity>
adp,a,field_110184_bp,,,,,field,private static final UUID
adp,b,field_110185_bq,,,,,field,private static final AttributeModifier
adp,c,field_184731_c,,,,,field,private static final DataWatcherObject<Boolean>
adp,bx,field_82200_e,,,,,field,private int
adr$a,a,field_142048_a,,,,,field,public boolean
adr,a,field_110186_bp,,,,,field,protected static final IAttribute
adr,b,field_110187_bq,,,,,field,private static final UUID
adr,c,field_110188_br,,,,,field,private static final AttributeModifier
adr,bx,field_184737_bv,,,,,field,private static final DataWatcherObject<Boolean>
adr,by,field_184738_bw,,,,,field,private static final DataWatcherObject<Integer>
adr,bz,field_184740_by,,,,,field,private static final DataWatcherObject<Boolean>
adr,bA,field_146075_bs,,,,,field,private final PathfinderGoalBreakDoor
adr,bB,field_146076_bu,,,,,field,private boolean
adr,bC,field_146074_bv,,,,,field,private float
adr,bD,field_146073_bw,,,,,field,private float
ads,b,field_184739_bx,,,,,field,private static final DataWatcherObject<Boolean>
ads,c,field_190739_c,,,,,field,private static final DataWatcherObject<Integer>
ads,bx,field_82234_d,conversionTime,,,,field,private int
ads,by,field_191992_by,,,,,field,private UUID
adw$a,a,field_179405_a,,,,,field,public Item
adw$a,b,field_179404_b,,,,,field,public EntityVillager$MerchantOptionRandomRange
adw$c,a,field_179407_a,,,,,field,public ItemStack
adw$c,b,field_179406_b,,,,,field,public EntityVillager$MerchantOptionRandomRange
adw$d,a,field_179411_a,,,,,field,public ItemStack
adw$d,b,field_179409_b,,,,,field,public EntityVillager$MerchantOptionRandomRange
adw$d,c,field_179410_c,,,,,field,public ItemStack
adw$d,d,field_179408_d,,,,,field,public EntityVillager$MerchantOptionRandomRange
adw$e,a,field_179403_a,,,,,field,public ItemStack
adw$e,b,field_179402_b,,,,,field,public EntityVillager$MerchantOptionRandomRange
adw$h,a,field_190889_a,,,,,field,public EntityVillager$MerchantOptionRandomRange
adw$h,b,field_190890_b,,,,,field,public String
adw$h,c,field_190891_c,,,,,field,public MapIcon$Type
adw,by,field_190674_bx,,,,,field,private static final org.apache.logging.log4j.Logger
adw,bz,field_184752_bw,,,,,field,private static final DataWatcherObject<Integer>
adw,bA,field_70955_e,profession,,,,field,private int
adw,bB,field_70952_f,,,,,field,private boolean
adw,bC,field_70953_g,,,,,field,private boolean
adw,bx,field_70954_d,village,,,,field,Village
adw,bD,field_70962_h,tradingPlayer,,,,field,private EntityHuman
adw,bE,field_70963_i,trades,,,,field,private MerchantRecipeList
adw,bF,field_70961_j,,,,,field,private int
adw,bG,field_70959_by,,,,,field,private boolean
adw,bH,field_175565_bs,,,,,field,private boolean
adw,bI,field_70956_bz,riches,,,,field,private int
adw,bJ,field_82189_bL,,,,,field,private String
adw,bK,field_175563_bv,,,,,field,private int
adw,bL,field_175562_bw,,,,,field,private int
adw,bM,field_82190_bM,,,,,field,private boolean
adw,bN,field_175564_by,,,,,field,private boolean
adw,bO,field_175560_bz,inventory,,,,field,private final InventorySubcontainer
adw,bP,field_175561_bA,,,,,field,private static final EntityVillager$IMerchantRecipeOption[][][][]
adz,a,field_75102_a,isInvulnerable,,,,field,public boolean
adz,b,field_75100_b,isFlying,,,,field,public boolean
adz,c,field_75101_c,canFly,,,,field,public boolean
adz,d,field_75098_d,canInstantlyBuild,,,,field,public boolean
adz,e,field_75099_e,mayBuild,,,,field,public boolean
adz,f,field_75096_f,flySpeed,,,,field,private float
adz,g,field_75097_g,walkSpeed,,,,field,private float
ae$a,a,field_193433_a,,,,,field,private final AdvancementDataPlayer
ae$a,b,field_193434_b,,,,,field,private final Set<CriterionTrigger$a<CriterionTriggerEffectsChanged$b>>
ae$b,a,field_193196_a,,,,,field,private final CriterionConditionMobEffect
ae,a,field_193154_a,,,,,field,private static final MinecraftKey
ae,b,field_193155_b,,,,,field,"private final Map<AdvancementDataPlayer, CriterionTriggerEffectsChanged$a>"
aea,a,field_70462_a,items,,,,field,public final NonNullList<ItemStack>
aea,b,field_70460_b,armor,,,,field,public final NonNullList<ItemStack>
aea,c,field_184439_c,extraSlots,,,,field,public final NonNullList<ItemStack>
aea,f,field_184440_g,,,,,field,private final List<NonNullList<ItemStack>>
aea,d,field_70461_c,itemInHandIndex,,,,field,public int
aea,e,field_70458_d,player,,,,field,public EntityHuman
aea,g,field_70457_g,carried,,,,field,private ItemStack
aea,h,field_194017_h,,,,,field,private int
aeb$a,a,OK,OK,,,,enum,
aeb$a,b,NOT_POSSIBLE_HERE,NOT_POSSIBLE_HERE,,,,enum,
aeb$a,c,NOT_POSSIBLE_NOW,NOT_POSSIBLE_NOW,,,,enum,
aeb$a,d,TOO_FAR_AWAY,TOO_FAR_AWAY,,,,enum,
aeb$a,e,OTHER_PROBLEM,OTHER_PROBLEM,,,,enum,
aeb$a,f,NOT_SAFE,NOT_SAFE,,,,enum,
aeb$b,a,FULL,FULL,,,,enum,
aeb$b,b,SYSTEM,SYSTEM,,,,enum,
aeb$b,c,HIDDEN,HIDDEN,,,,enum,
aeb$b,d,field_151432_d,,,,,field,private static final EntityHuman$EnumChatVisibility[]
aeb$b,e,field_151433_e,,,,,field,private final int
aeb$b,f,field_151430_f,,,,,field,private final String
aeb$c,a,field_192387_a,,,,,field,private final EntityHuman
aeb,a,field_184829_a,,,,,field,private static final DataWatcherObject<Float>
aeb,b,field_184830_b,,,,,field,private static final DataWatcherObject<Integer>
aeb,br,field_184827_bp,,,,,field,protected static final DataWatcherObject<Byte>
aeb,bs,field_184828_bq,,,,,field,protected static final DataWatcherObject<Byte>
aeb,bt,field_192032_bt,,,,,field,protected static final DataWatcherObject<NBTTagCompound>
aeb,bu,field_192033_bu,,,,,field,protected static final DataWatcherObject<NBTTagCompound>
aeb,bv,field_71071_by,inventory,,,,field,public PlayerInventory
aeb,bw,field_71078_a,enderChest,,,,field,protected InventoryEnderChest
aeb,bx,field_71069_bz,defaultContainer,,,,field,public Container
aeb,by,field_71070_bA,activeContainer,,,,field,public Container
aeb,bz,field_71100_bB,foodData,,,,field,protected FoodMetaData
aeb,bA,field_71101_bC,,,,,field,protected int
aeb,bB,field_71107_bF,,,,,field,public float
aeb,bC,field_71109_bG,,,,,field,public float
aeb,bD,field_71090_bL,,,,,field,public int
aeb,bE,field_71091_bM,,,,,field,public double
aeb,bF,field_71096_bN,,,,,field,public double
aeb,bG,field_71097_bO,,,,,field,public double
aeb,bH,field_71094_bP,,,,,field,public double
aeb,bI,field_71095_bQ,,,,,field,public double
aeb,bJ,field_71085_bR,,,,,field,public double
aeb,bK,field_71083_bS,sleeping,,,,field,protected boolean
aeb,bL,field_71081_bT,bedPosition,,,,field,public BlockPosition
aeb,c,field_71076_b,sleepTicks,,,,field,private int
aeb,bM,field_71079_bU,,,,,field,public float
aeb,bN,field_71089_bV,,,,,field,public float
aeb,d,field_71077_c,,,,,field,private BlockPosition
aeb,e,field_82248_d,,,,,field,private boolean
aeb,bO,field_71075_bZ,abilities,,,,field,public PlayerAbilities
aeb,bP,field_71068_ca,expLevel,,,,field,public int
aeb,bQ,field_71067_cb,expTotal,,,,field,public int
aeb,bR,field_71106_cc,exp,,,,field,public float
aeb,bS,field_175152_f,,,,,field,protected int
aeb,bT,field_71102_ce,,,,,field,protected float
aeb,f,field_82249_h,,,,,field,private int
aeb,g,field_146106_i,,,,,field,private final com.mojang.authlib.GameProfile
aeb,bV,field_184831_bT,,,,,field,private ItemStack
aeb,bW,field_184832_bU,,,,,field,private final ItemCooldown
aeb,bU,field_71104_cf,hookedFish,,,,field,public EntityFishingHook
aeb,cx,field_71082_cx,,,,,field,public float
aeb,h,field_175153_bG,,,,,field,private boolean
aef$a,a,DISALLOWED,DISALLOWED,,,,enum,
aef$a,b,ALLOWED,ALLOWED,,,,enum,
aef$a,c,CREATIVE_ONLY,CREATIVE_ONLY,,,,enum,
aef,f,field_184553_f,,,,,field,private static final com.google.common.base.Predicate<Entity>
aef,g,field_184554_g,,,,,field,private static final DataWatcherObject<Byte>
aef,h,field_145791_d,,,,,field,private int
aef,at,field_145792_e,,,,,field,private int
aef,au,field_145789_f,,,,,field,private int
aef,av,field_145790_g,,,,,field,private Block
aef,aw,field_70253_h,,,,,field,private int
aef,a,field_70254_i,inGround,,,,field,protected boolean
aef,b,field_184552_b,,,,,field,protected int
aef,c,field_70251_a,fromPlayer,,,,field,public EntityArrow$PickupStatus
aef,d,field_70249_b,shake,,,,field,public int
aef,e,field_70250_c,shooter,,,,field,public Entity
aef,ax,field_70252_j,,,,,field,private int
aef,ay,field_70257_an,,,,,field,private int
aef,az,field_70255_ao,damage,,,,field,private double
aef,aA,field_70256_ap,knockbackStrength,,,,field,private int
aeh,a,field_190553_a,,,,,field,private int
aeh,b,field_190554_b,,,,,field,private boolean
aeh,c,field_190555_c,,,,,field,private int
aeh,d,field_190556_d,,,,,field,private boolean
aeh,e,field_190557_e,,,,,field,private EntityLiving
aeh,f,field_190558_f,,,,,field,private UUID
aei,a,field_70224_b,,,,,field,private double
aei,b,field_70225_c,,,,,field,private double
aei,c,field_70222_d,,,,,field,private double
aei,d,field_70223_e,,,,,field,private int
aei,e,field_70221_f,,,,,field,private boolean
aej,a,field_70235_a,shooter,,,,field,public EntityLiving
aej,e,field_70236_j,,,,,field,private int
aej,f,field_70234_an,,,,,field,private int
aej,b,field_70232_b,dirX,,,,field,public double
aej,c,field_70233_c,dirY,,,,field,public double
aej,d,field_70230_d,dirZ,,,,field,public double
aek,a,field_184566_a,FIREWORK_ITEM,,,,field,private static final DataWatcherObject<ItemStack>
aek,b,field_191512_b,,,,,field,private static final DataWatcherObject<Integer>
aek,c,field_92056_a,ticksFlown,,,,field,private int
aek,d,field_92055_b,expectedLifespan,,,,field,private int
aek,e,field_191513_e,,,,,field,private EntityLiving
ael,e,field_92057_e,yield,,,,field,public int
aem,a,field_190539_a,shooter,,,,field,public EntityLlama
aem,b,field_190540_b,,,,,field,private NBTTagCompound
aep,a,field_184570_a,shooter,,,,field,private EntityLiving
aep,b,field_184571_b,target,,,,field,private Entity
aep,c,field_184573_c,,,,,field,private EnumDirection
aep,d,field_184575_d,,,,,field,private int
aep,e,field_184577_e,,,,,field,private double
aep,f,field_184578_f,,,,,field,private double
aep,g,field_184579_g,,,,,field,private double
aep,h,field_184580_h,,,,,field,private UUID
aep,at,field_184572_as,,,,,field,private BlockPosition
aep,au,field_184574_at,,,,,field,private UUID
aep,av,field_184576_au,,,,,field,private BlockPosition
aes,f,field_184562_f,duration,,,,field,private int
aet,d,field_145788_c,blockX,,,,field,private int
aet,e,field_145786_d,blockY,,,,field,private int
aet,f,field_145787_e,blockZ,,,,field,private int
aet,g,field_174853_f,inBlockId,,,,field,private Block
aet,a,field_174854_a,inGround,,,,field,protected boolean
aet,b,field_70191_b,shake,,,,field,public int
aet,h,field_70192_c,shooter,,,,field,private EntityLiving
aet,at,field_85053_h,shooterName,,,,field,private String
aet,au,field_70194_h,,,,,field,private int
aet,av,field_70195_i,,,,,field,private int
aet,c,field_184539_c,,,,,field,public Entity
aet,aw,field_184540_av,,,,,field,private int
aev,d,field_181555_c,,,,,field,private EntityLiving
aex,e,field_184545_d,,,,,field,private static final DataWatcherObject<ItemStack>
aex,f,field_184546_e,,,,,field,private static final org.apache.logging.log4j.Logger
aex,d,field_190546_d,,,,,field,public static final com.google.common.base.Predicate<EntityLiving>
aey,f,field_184559_f,,,,,field,private static final DataWatcherObject<Integer>
aey,g,field_184560_g,potionRegistry,,,,field,private PotionRegistry
aey,h,field_184561_h,effects,,,,field,private final Set<MobEffect>
aey,at,field_191509_at,hasColor,,,,field,private boolean
aez,e,field_184565_e,,,,,field,private static final DataWatcherObject<Boolean>
af$a,a,field_192461_a,,,,,field,private final AdvancementDataPlayer
af$a,b,field_192462_b,,,,,field,private final Set<CriterionTrigger$a<CriterionTriggerEnchantedItem$b>>
af$b,a,field_192258_a,,,,,field,private final CriterionConditionItem
af$b,b,field_192259_b,,,,,field,private final CriterionConditionValue
af,a,field_192191_a,,,,,field,private static final MinecraftKey
af,b,field_192192_b,,,,,field,"private final Map<AdvancementDataPlayer, CriterionTriggerEnchantedItem$a>"
afb$a,a,IN_WATER,IN_WATER,,,,enum,
afb$a,b,UNDER_WATER,UNDER_WATER,,,,enum,
afb$a,c,UNDER_FLOWING_WATER,UNDER_FLOWING_WATER,,,,enum,
afb$a,d,ON_LAND,ON_LAND,,,,enum,
afb$a,e,IN_AIR,IN_AIR,,,,enum,
afb$b,a,OAK,OAK,,,,enum,
afb$b,b,SPRUCE,SPRUCE,,,,enum,
afb$b,c,BIRCH,BIRCH,,,,enum,
afb$b,d,JUNGLE,JUNGLE,,,,enum,
afb$b,e,ACACIA,ACACIA,,,,enum,
afb$b,f,DARK_OAK,DARK_OAK,,,,enum,
afb$b,g,field_184990_g,,,,,field,private final String
afb$b,h,field_184991_h,,,,,field,private final int
afb,a,field_184460_a,,,,,field,private static final DataWatcherObject<Integer>
afb,b,field_184462_b,,,,,field,private static final DataWatcherObject<Integer>
afb,c,field_184464_c,,,,,field,private static final DataWatcherObject<Float>
afb,d,field_184466_d,,,,,field,private static final DataWatcherObject<Integer>
afb,e,field_184468_e,,,,,field,private static final DataWatcherObject<Boolean>[]
afb,f,field_184470_f,,,,,field,private final float[]
afb,g,field_184472_g,,,,,field,private float
afb,h,field_184474_h,,,,,field,private float
afb,at,field_184475_as,,,,,field,private float
afb,au,field_184476_at,,,,,field,private int
afb,av,field_70281_h,,,,,field,private double
afb,aw,field_184477_av,,,,,field,private double
afb,ax,field_184478_aw,,,,,field,private double
afb,ay,field_70273_g,,,,,field,private double
afb,az,field_184479_ay,,,,,field,private double
afb,aA,field_184480_az,,,,,field,private boolean
afb,aB,field_184459_aA,,,,,field,private boolean
afb,aC,field_184461_aB,,,,,field,private boolean
afb,aD,field_184463_aC,,,,,field,private boolean
afb,aE,field_184465_aD,,,,,field,private double
afb,aF,field_184467_aE,,,,,field,private float
afb,aG,field_184469_aF,,,,,field,private EntityBoat$EnumStatus
afb,aH,field_184471_aG,,,,,field,private EntityBoat$EnumStatus
afb,aI,field_184473_aH,,,,,field,private double
afc$a,a,RIDEABLE,RIDEABLE,,,,enum,
afc$a,b,CHEST,CHEST,,,,enum,
afc$a,c,FURNACE,FURNACE,,,,enum,
afc$a,d,TNT,TNT,,,,enum,
afc$a,e,SPAWNER,SPAWNER,,,,enum,
afc$a,f,HOPPER,HOPPER,,,,enum,
afc$a,g,COMMAND_BLOCK,COMMAND_BLOCK,,,,enum,
afc$a,h,field_184965_h,,,,,field,"private static final Map<Integer, EntityMinecartAbstract$EnumMinecartType>"
afc$a,i,field_184966_i,,,,,field,private final int
afc$a,j,field_184967_j,,,,,field,private final String
afc,a,field_184265_a,,,,,field,private static final DataWatcherObject<Integer>
afc,b,field_184266_b,,,,,field,private static final DataWatcherObject<Integer>
afc,c,field_184267_c,,,,,field,private static final DataWatcherObject<Float>
afc,d,field_184268_d,,,,,field,private static final DataWatcherObject<Integer>
afc,e,field_184269_e,,,,,field,private static final DataWatcherObject<Integer>
afc,f,field_184270_f,,,,,field,private static final DataWatcherObject<Boolean>
afc,g,field_70499_f,,,,,field,private boolean
afc,h,field_70500_g,,,,,field,private static final int[][][]
afc,at,field_70510_h,,,,,field,private int
afc,au,field_70511_i,,,,,field,private double
afc,av,field_70509_j,,,,,field,private double
afc,aw,field_70514_an,,,,,field,private double
afc,ax,field_70512_ao,,,,,field,private double
afc,ay,field_70513_ap,,,,,field,private double
afc,az,field_70508_aq,,,,,field,private double
afc,aA,field_70507_ar,,,,,field,private double
afc,aB,field_70506_as,,,,,field,private double
afe,a,field_184273_a,COMMAND,,,,field,private static final DataWatcherObject<String>
afe,b,field_184274_b,,,,,field,private static final DataWatcherObject<IChatBaseComponent>
afe,c,field_145824_a,,,,,field,private final CommandBlockListenerAbstract
afe,d,field_145823_b,,,,,field,private int
aff,a,field_94113_a,items,,,,field,private NonNullList<ItemStack>
aff,b,field_94112_b,,,,,field,private boolean
aff,c,field_184290_c,,,,,field,private MinecraftKey
aff,d,field_184291_d,,,,,field,private long
afg,c,field_184275_c,,,,,field,private static final DataWatcherObject<Boolean>
afg,d,field_94110_c,,,,,field,private int
afg,a,field_94111_a,,,,,field,public double
afg,b,field_94109_b,,,,,field,public double
afh,a,field_96113_a,,,,,field,private boolean
afh,b,field_98044_b,,,,,field,private int
afh,c,field_174900_c,,,,,field,private final BlockPosition
afj,a,field_98040_a,,,,,field,private final MobSpawnerAbstract
afk,a,field_94106_a,,,,,field,private int
afn,a,field_75127_a,foodLevel,,,,field,private int
afn,b,field_75125_b,saturationLevel,,,,field,private float
afn,c,field_75126_c,exhaustionLevel,,,,field,private float
afn,d,field_75123_d,foodTickTimer,,,,field,private int
afn,e,field_75124_e,,,,,field,private int
afp,b,field_75153_a,,,,,field,public NonNullList<ItemStack>
afp,c,field_75151_b,,,,,field,public List<Slot>
afp,d,field_75152_c,windowId,,,,field,public int
afp,f,field_94535_f,dragType,,,,field,private int
afp,g,field_94536_g,,,,,field,private int
afp,h,field_94537_h,,,,,field,private final Set<Slot>
afp,e,field_75149_d,listeners,,,,field,protected List<ICrafting>
afp,i,field_75148_f,,,,,field,private final Set<EntityHuman>
afp,a,field_75150_e,,,,,field,private short
afq,f,field_148326_f,,,,,field,private static final org.apache.logging.log4j.Logger
afq,g,field_82852_f,,,,,field,private final IInventory
afq,h,field_82853_g,,,,,field,private final IInventory
afq,i,field_82860_h,,,,,field,private final World
afq,j,field_178156_j,,,,,field,private final BlockPosition
afq,a,field_82854_e,levelCost,,,,field,public int
afq,k,field_82856_l,,,,,field,private int
afq,l,field_82857_m,renameText,,,,field,private String
afq,m,field_82855_n,,,,,field,private final EntityHuman
afr,a,field_82866_e,beacon,,,,field,private final IInventory
afr,f,field_82864_f,,,,,field,private final ContainerBeacon$SlotBeacon
afs,a,field_75188_e,brewingStand,,,,field,private final IInventory
afs,f,field_75186_f,,,,,field,private final Slot
afs,g,field_184998_g,,,,,field,private int
afs,h,field_184999_h,,,,,field,private int
aft,a,field_75155_e,container,,,,field,private final IInventory
aft,f,field_75154_f,,,,,field,private final int
afu,a,PICKUP,PICKUP,,,,enum,
afu,b,QUICK_MOVE,QUICK_MOVE,,,,enum,
afu,c,SWAP,SWAP,,,,enum,
afu,d,CLONE,CLONE,,,,enum,
afu,e,THROW,THROW,,,,enum,
afu,f,QUICK_CRAFT,QUICK_CRAFT,,,,enum,
afu,g,PICKUP_ALL,PICKUP_ALL,,,,enum,
afw,a,field_70466_a,items,,,,field,private final NonNullList<ItemStack>
afw,b,field_70464_b,,,,,field,private final int
afw,c,field_174924_c,,,,,field,private final int
afw,d,field_70465_c,container,,,,field,private final Container
afx,a,field_75162_e,craftInventory,,,,field,public InventoryCrafting
afx,f,field_75160_f,resultInventory,,,,field,public InventoryCraftResult
afx,g,field_75161_g,,,,,field,private final World
afx,h,field_178145_h,,,,,field,private final BlockPosition
afx,i,field_192390_i,,,,,field,private final EntityHuman
afy,a,field_178146_a,items,,,,field,private final IInventory
afz,a,field_75168_e,enchantSlots,,,,field,public IInventory
afz,j,field_75172_h,world,,,,field,private final World
afz,k,field_178150_j,position,,,,field,private final BlockPosition
afz,l,field_75169_l,,,,,field,private final Random
afz,f,field_178149_f,,,,,field,public int
afz,g,field_75167_g,costs,,,,field,public int[]
afz,h,field_185001_h,,,,,field,public int[]
afz,i,field_185002_i,,,,,field,public int[]
ag,a,field_192466_a,,,,,field,public static final CriterionConditionEnchantments
ag,b,field_192467_b,,,,,field,private final Enchantment
ag,c,field_192468_c,,,,,field,private final CriterionConditionValue
agb,a,field_75158_e,furnace,,,,field,private final IInventory
agb,f,field_178152_f,,,,,field,private int
agb,g,field_178153_g,,,,,field,private int
agb,h,field_178154_h,,,,,field,private int
agb,i,field_178155_i,,,,,field,private int
agc,a,field_75229_a,,,,,field,private final EntityHuman
agc,b,field_75228_b,,,,,field,private int
agd,a,field_94538_a,hopper,,,,field,private final IInventory
agf,a,field_111243_a,,,,,field,private final IInventory
agf,f,field_111242_f,,,,,field,private final EntityHorseAbstract
agg,h,field_185003_h,,,,,field,private static final EnumItemSlot[]
agg,a,field_75181_e,craftInventory,,,,field,public InventoryCrafting
agg,f,field_75179_f,resultInventory,,,,field,public InventoryCraftResult
agg,g,field_75180_g,,,,,field,public boolean
agg,i,field_82862_h,owner,,,,field,private final EntityHuman
agh,a,field_70476_a,merchant,,,,field,private final IMerchant
agh,b,field_70474_b,itemsInSlots,,,,field,private final NonNullList<ItemStack>
agh,c,field_70475_c,player,,,,field,private final EntityHuman
agh,d,field_70472_d,recipe,,,,field,private MerchantRecipe
agh,e,field_70473_e,selectedIndex,,,,field,private int
agi,a,field_75178_e,merchant,,,,field,private final IMerchant
agi,f,field_75176_f,,,,,field,private final InventoryMerchant
agi,g,field_75177_g,,,,,field,private final World
agj,a,field_75233_a,,,,,field,private final InventoryMerchant
agj,b,field_75232_b,,,,,field,private final EntityHuman
agj,c,field_75231_g,,,,,field,private int
agj,h,field_75234_h,,,,,field,private final IMerchant
agk,a,field_70488_a,,,,,field,private TileEntityEnderChest
agl,a,field_70467_a,items,,,,field,private final NonNullList<ItemStack>
agl,b,field_193057_b,,,,,field,private IRecipe
agm,a,field_75239_a,,,,,field,private final InventoryCrafting
agm,b,field_75238_b,,,,,field,private final EntityHuman
agm,c,field_75237_g,,,,,field,private int
agn,a,field_190899_a,,,,,field,private final IInventory
agp,a,field_75225_a,index,,,,field,private final int
agp,d,field_75224_c,inventory,,,,field,public final IInventory
agp,e,field_75222_d,rawSlotIndex,,,,field,public int
agp,f,field_75223_e,,,,,field,public int
agp,g,field_75221_f,,,,,field,public int
agr,a,field_190904_a,,,,,field,private final Block
agt$a,a,LEATHER,LEATHER,,,,enum,
agt$a,b,CHAIN,CHAIN,,,,enum,
agt$a,c,IRON,IRON,,,,enum,
agt$a,d,GOLD,GOLD,,,,enum,
agt$a,e,DIAMOND,DIAMOND,,,,enum,
agt$a,f,field_179243_f,,,,,field,private final String
agt$a,g,field_78048_f,,,,,field,private final int
agt$a,h,field_78049_g,,,,,field,private final int[]
agt$a,i,field_78055_h,,,,,field,private final int
agt$a,j,field_185020_j,,,,,field,private final SoundEffect
agt$a,k,field_189417_k,,,,,field,private final float
agt,n,field_77882_bY,,,,,field,private static final int[]
agt,o,field_185084_n,,,,,field,private static final UUID[]
agt,a,field_94603_a,,,,,field,public static final String[]
agt,b,field_96605_cw,,,,,field,public static final IDispenseBehavior
agt,c,field_77881_a,,,,,field,public final EnumItemSlot
agt,d,field_77879_b,,,,,field,public final int
agt,e,field_189415_e,,,,,field,public final float
agt,f,field_77880_c,,,,,field,public final int
agt,p,field_77878_bZ,,,,,field,private final ItemArmor$EnumArmorMaterial
agw,e,field_150917_c,,,,,field,private static final Set<Block>
agw,f,field_185066_m,,,,,field,private static final float[]
agw,n,field_185067_n,,,,,field,private static final float[]
agz,a,field_150939_a,,,,,field,protected final Block
ah$a,a,field_192473_a,,,,,field,private final AdvancementDataPlayer
ah$a,b,field_192474_b,,,,,field,private final Set<CriterionTrigger$a<CriterionTriggerEnterBlock$b>>
ah$b,a,field_192261_a,,,,,field,private final Block
ah$b,b,field_192262_b,,,,,field,"private final Map<IBlockState<?>, Object>"
ah,a,field_192196_a,,,,,field,private static final MinecraftKey
ah,b,field_192197_b,,,,,field,"private final Map<AdvancementDataPlayer, CriterionTriggerEnterBlock$a>"
aha,a,field_150935_a,,,,,field,private final Block
ahb,a,field_185057_a,,,,,field,private final EntityBoat$EnumBoatType
ahg,a,field_77876_a,,,,,field,private final Block
ahj$1,a,field_185088_a,,,,,field,double
ahj$1,b,field_185089_b,,,,,field,double
ahj$1,c,field_185090_c,,,,,field,long
ahl$1,a,field_185095_a,,,,,field,double
ahl$1,b,field_185096_b,,,,,field,double
ahl$1,c,field_185097_c,,,,,field,long
ahn,a,field_78032_a,,,,,field,public static final CreativeModeTab[]
ahn,b,field_78030_b,,,,,field,public static final CreativeModeTab
ahn,c,field_78031_c,,,,,field,public static final CreativeModeTab
ahn,d,field_78028_d,,,,,field,public static final CreativeModeTab
ahn,e,field_78029_e,,,,,field,public static final CreativeModeTab
ahn,f,field_78026_f,,,,,field,public static final CreativeModeTab
ahn,g,field_78027_g,,,,,field,public static final CreativeModeTab
ahn,h,field_78039_h,,,,,field,public static final CreativeModeTab
ahn,i,field_78040_i,,,,,field,public static final CreativeModeTab
ahn,j,field_78037_j,,,,,field,public static final CreativeModeTab
ahn,k,field_78038_k,,,,,field,public static final CreativeModeTab
ahn,l,field_78035_l,,,,,field,public static final CreativeModeTab
ahn,m,field_192395_m,,,,,field,public static final CreativeModeTab
ahn,n,field_78036_m,,,,,field,public static final CreativeModeTab
ahn,o,field_78033_n,,,,,field,private final int
ahn,p,field_78034_o,,,,,field,private final String
ahn,q,field_78043_p,,,,,field,private String
ahn,r,field_78042_q,,,,,field,private boolean
ahn,s,field_78041_r,,,,,field,private boolean
ahn,t,field_111230_s,,,,,field,private EnchantmentSlotType[]
ahn,u,field_151245_t,,,,,field,private ItemStack
aho,e,field_150914_c,,,,,field,private final Set<Block>
aho,a,field_77864_a,,,,,field,protected float
aho,b,field_77865_bY,,,,,field,protected float
aho,c,field_185065_c,,,,,field,protected float
aho,d,field_77862_b,,,,,field,protected Item$EnumToolMaterial
ahp,a,field_179236_a,,,,,field,private final Block
ahq,a,WHITE,WHITE,,,,enum,
ahq,b,ORANGE,ORANGE,,,,enum,
ahq,c,MAGENTA,MAGENTA,,,,enum,
ahq,d,LIGHT_BLUE,LIGHT_BLUE,,,,enum,
ahq,e,YELLOW,YELLOW,,,,enum,
ahq,f,LIME,LIME,,,,enum,
ahq,g,PINK,PINK,,,,enum,
ahq,h,GRAY,GRAY,,,,enum,
ahq,i,SILVER,SILVER,,,,enum,
ahq,j,CYAN,CYAN,,,,enum,
ahq,k,PURPLE,PURPLE,,,,enum,
ahq,l,BLUE,BLUE,,,,enum,
ahq,m,BROWN,BROWN,,,,enum,
ahq,n,GREEN,GREEN,,,,enum,
ahq,o,RED,RED,,,,enum,
ahq,p,BLACK,BLACK,,,,enum,
ahq,q,field_176790_q,,,,,field,private static final EnumColor[]
ahq,r,field_176789_r,,,,,field,private static final EnumColor[]
ahq,s,field_176788_s,,,,,field,private final int
ahq,t,field_176787_t,,,,,field,private final int
ahq,u,field_176786_u,,,,,field,private final String
ahq,v,field_176785_v,,,,,field,private final String
ahq,w,field_193351_w,,,,,field,private final int
ahq,x,field_193352_x,,,,,field,private final float[]
ahq,y,field_176793_x,,,,,field,private final EnumChatFormat
ahr,a,field_150922_c,,,,,field,public static final int[]
ai$a,a,field_192479_a,,,,,field,private final AdvancementDataPlayer
ai$a,b,field_192480_b,,,,,field,private final Set<CriterionTrigger$a<CriterionTriggerEntityHurtPlayer$b>>
ai$b,a,field_192264_a,,,,,field,private final CriterionConditionDamage
ai,a,field_192201_a,,,,,field,private static final MinecraftKey
ai,b,field_192202_b,,,,,field,"private final Map<AdvancementDataPlayer, CriterionTriggerEntityHurtPlayer$a>"
aie$a,a,COD,COD,,,,enum,
aie$a,b,SALMON,SALMON,,,,enum,
aie$a,c,CLOWNFISH,CLOWNFISH,,,,enum,
aie$a,d,PUFFERFISH,PUFFERFISH,,,,enum,
aie$a,e,field_150983_e,,,,,field,"private static final Map<Integer, ItemFish$EnumFish>"
aie$a,f,field_150980_f,,,,,field,private final int
aie$a,g,field_150981_g,,,,,field,private final String
aie$a,h,field_150991_j,,,,,field,private final int
aie$a,i,field_150992_k,,,,,field,private final float
aie$a,j,field_150989_l,,,,,field,private final int
aie$a,k,field_150990_m,,,,,field,private final float
aie$a,l,field_150987_n,,,,,field,private final boolean
aie,b,field_150907_b,,,,,field,private final boolean
aih,a,field_77855_a,,,,,field,public final int
aih,b,field_77853_b,,,,,field,private final int
aih,c,field_77854_c,,,,,field,private final float
aih,d,field_77856_bY,,,,,field,private final boolean
aih,e,field_77852_bZ,,,,,field,private boolean
aih,f,field_77851_ca,,,,,field,private MobEffect
aih,n,field_77858_cd,,,,,field,private float
aij,a,field_82811_a,,,,,field,private final Class<? extends EntityHanging>
aik,b,field_185072_b,,,,,field,private final float
aik,a,field_77843_a,,,,,field,protected Item$EnumToolMaterial
ail$a,a,WOOD,WOOD,,,,enum,
ail$a,b,STONE,STONE,,,,enum,
ail$a,c,IRON,IRON,,,,enum,
ail$a,d,DIAMOND,DIAMOND,,,,enum,
ail$a,e,GOLD,GOLD,,,,enum,
ail$a,f,field_78001_f,,,,,field,private final int
ail$a,g,field_78002_g,,,,,field,private final int
ail$a,h,field_78010_h,,,,,field,private final float
ail$a,i,field_78011_i,,,,,field,private final float
ail$a,j,field_78008_j,,,,,field,private final int
ail,g,field_150901_e,REGISTRY,,,,field,"public static final RegistryMaterials<MinecraftKey, Item>"
ail,a,field_179220_a,,,,,field,"private static final Map<Block, Item>"
ail,b,field_185046_b,,,,,field,private static final IDynamicTexture
ail,c,field_185047_c,,,,,field,private static final IDynamicTexture
ail,d,field_185048_d,,,,,field,private static final IDynamicTexture
ail,e,field_185049_e,,,,,field,private static final IDynamicTexture
ail,f,field_185051_m,,,,,field,"private final IRegistry<MinecraftKey, IDynamicTexture>"
ail,h,field_111210_e,,,,,field,protected static final UUID
ail,i,field_185050_h,,,,,field,protected static final UUID
ail,n,field_77701_a,,,,,field,private CreativeModeTab
ail,j,field_77697_d,,,,,field,protected static Random
ail,k,field_77777_bU,maxStackSize,,,,field,protected int
ail,o,field_77699_b,durability,,,,field,private int
ail,l,field_77789_bW,,,,,field,protected boolean
ail,m,field_77787_bX,,,,,field,protected boolean
ail,p,field_77700_c,craftingResult,,,,field,private Item
ail,q,field_77774_bZ,name,,,,field,private String
aim$a,a,field_185137_a,,,,,field,final int
aim$a,b,field_185138_b,endTick,,,,field,final int
aim,a,field_185147_a,cooldowns,,,,field,"private final Map<Item, ItemCooldown$Info>"
aim,b,field_185148_b,currentTick,,,,field,private int
ain,a,field_190927_a,,,,,field,public static final ItemStack
ain,b,field_111284_a,,,,,field,public static final DecimalFormat
ain,c,field_77994_a,count,,,,field,private int
ain,d,field_77992_b,,,,,field,private int
ain,e,field_151002_e,item,,,,field,private final Item
ain,f,field_77990_d,tag,,,,field,private NBTTagCompound
ain,g,field_190928_g,,,,,field,private boolean
ain,h,field_77991_e,damage,,,,field,private int
ain,i,field_82843_f,,,,,field,private EntityItemFrame
ain,j,field_179552_h,,,,,field,private Block
ain,k,field_179553_i,,,,,field,private boolean
ain,l,field_179550_j,,,,,field,private Block
ain,m,field_179551_k,,,,,field,private boolean
aip,a,field_190931_a,,,,,field,public static final Item
aip,b,field_151037_a,IRON_SHOVEL,,,,field,public static final Item
aip,c,field_151035_b,IRON_PICKAXE,,,,field,public static final Item
aip,d,field_151036_c,IRON_AXE,,,,field,public static final Item
aip,e,field_151033_d,FLINT_AND_STEEL,,,,field,public static final Item
aip,f,field_151034_e,APPLE,,,,field,public static final Item
aip,g,field_151031_f,BOW,,,,field,public static final ItemBow
aip,h,field_151032_g,ARROW,,,,field,public static final Item
aip,i,field_185166_h,SPECTRAL_ARROW,,,,field,public static final Item
aip,j,field_185167_i,TIPPED_ARROW,,,,field,public static final Item
aip,k,field_151044_h,COAL,,,,field,public static final Item
aip,l,field_151045_i,DIAMOND,,,,field,public static final Item
aip,m,field_151042_j,IRON_INGOT,,,,field,public static final Item
aip,n,field_151043_k,GOLD_INGOT,,,,field,public static final Item
aip,o,field_151040_l,IRON_SWORD,,,,field,public static final Item
aip,p,field_151041_m,WOODEN_SWORD,,,,field,public static final Item
aip,q,field_151038_n,WOODEN_SHOVEL,,,,field,public static final Item
aip,r,field_151039_o,WOODEN_PICKAXE,,,,field,public static final Item
aip,s,field_151053_p,WOODEN_AXE,,,,field,public static final Item
aip,t,field_151052_q,STONE_SWORD,,,,field,public static final Item
aip,u,field_151051_r,STONE_SHOVEL,,,,field,public static final Item
aip,v,field_151050_s,STONE_PICKAXE,,,,field,public static final Item
aip,w,field_151049_t,STONE_AXE,,,,field,public static final Item
aip,x,field_151048_u,DIAMOND_SWORD,,,,field,public static final Item
aip,y,field_151047_v,DIAMOND_SHOVEL,,,,field,public static final Item
aip,z,field_151046_w,DIAMOND_PICKAXE,,,,field,public static final Item
aip,A,field_151056_x,DIAMOND_AXE,,,,field,public static final Item
aip,B,field_151055_y,STICK,,,,field,public static final Item
aip,C,field_151054_z,BOWL,,,,field,public static final Item
aip,D,field_151009_A,MUSHROOM_STEW,,,,field,public static final Item
aip,E,field_151010_B,GOLDEN_SWORD,,,,field,public static final Item
aip,F,field_151011_C,GOLDEN_SHOVEL,,,,field,public static final Item
aip,G,field_151005_D,GOLDEN_PICKAXE,,,,field,public static final Item
aip,H,field_151006_E,GOLDEN_AXE,,,,field,public static final Item
aip,I,field_151007_F,STRING,,,,field,public static final Item
aip,J,field_151008_G,FEATHER,,,,field,public static final Item
aip,K,field_151016_H,GUNPOWDER,,,,field,public static final Item
aip,L,field_151017_I,WOODEN_HOE,,,,field,public static final Item
aip,M,field_151018_J,STONE_HOE,,,,field,public static final Item
aip,N,field_151019_K,IRON_HOE,,,,field,public static final Item
aip,O,field_151012_L,DIAMOND_HOE,,,,field,public static final Item
aip,P,field_151013_M,GOLDEN_HOE,,,,field,public static final Item
aip,Q,field_151014_N,WHEAT_SEEDS,,,,field,public static final Item
aip,R,field_151015_O,WHEAT,,,,field,public static final Item
aip,S,field_151025_P,BREAD,,,,field,public static final Item
aip,T,field_151024_Q,LEATHER_HELMET,,,,field,public static final ItemArmor
aip,U,field_151027_R,LEATHER_CHESTPLATE,,,,field,public static final ItemArmor
aip,V,field_151026_S,LEATHER_LEGGINGS,,,,field,public static final ItemArmor
aip,W,field_151021_T,LEATHER_BOOTS,,,,field,public static final ItemArmor
aip,X,field_151020_U,CHAINMAIL_HELMET,,,,field,public static final ItemArmor
aip,Y,field_151023_V,CHAINMAIL_CHESTPLATE,,,,field,public static final ItemArmor
aip,Z,field_151022_W,CHAINMAIL_LEGGINGS,,,,field,public static final ItemArmor
aip,aa,field_151029_X,CHAINMAIL_BOOTS,,,,field,public static final ItemArmor
aip,ab,field_151028_Y,IRON_HELMET,,,,field,public static final ItemArmor
aip,ac,field_151030_Z,IRON_CHESTPLATE,,,,field,public static final ItemArmor
aip,ad,field_151165_aa,IRON_LEGGINGS,,,,field,public static final ItemArmor
aip,ae,field_151167_ab,IRON_BOOTS,,,,field,public static final ItemArmor
aip,af,field_151161_ac,DIAMOND_HELMET,,,,field,public static final ItemArmor
aip,ag,field_151163_ad,DIAMOND_CHESTPLATE,,,,field,public static final ItemArmor
aip,ah,field_151173_ae,DIAMOND_LEGGINGS,,,,field,public static final ItemArmor
aip,ai,field_151175_af,DIAMOND_BOOTS,,,,field,public static final ItemArmor
aip,aj,field_151169_ag,GOLDEN_HELMET,,,,field,public static final ItemArmor
aip,ak,field_151171_ah,GOLDEN_CHESTPLATE,,,,field,public static final ItemArmor
aip,al,field_151149_ai,GOLDEN_LEGGINGS,,,,field,public static final ItemArmor
aip,am,field_151151_aj,GOLDEN_BOOTS,,,,field,public static final ItemArmor
aip,an,field_151145_ak,FLINT,,,,field,public static final Item
aip,ao,field_151147_al,PORKCHOP,,,,field,public static final Item
aip,ap,field_151157_am,COOKED_PORKCHOP,,,,field,public static final Item
aip,aq,field_151159_an,PAINTING,,,,field,public static final Item
aip,ar,field_151153_ao,GOLDEN_APPLE,,,,field,public static final Item
aip,as,field_151155_ap,SIGN,,,,field,public static final Item
aip,at,field_179570_aq,WOODEN_DOOR,,,,field,public static final Item
aip,au,field_179569_ar,SPRUCE_DOOR,,,,field,public static final Item
aip,av,field_179568_as,BIRCH_DOOR,,,,field,public static final Item
aip,aw,field_179567_at,JUNGLE_DOOR,,,,field,public static final Item
aip,ax,field_179572_au,ACACIA_DOOR,,,,field,public static final Item
aip,ay,field_179571_av,DARK_OAK_DOOR,,,,field,public static final Item
aip,az,field_151133_ar,BUCKET,,,,field,public static final Item
aip,aA,field_151131_as,WATER_BUCKET,,,,field,public static final Item
aip,aB,field_151129_at,LAVA_BUCKET,,,,field,public static final Item
aip,aC,field_151143_au,MINECART,,,,field,public static final Item
aip,aD,field_151141_av,SADDLE,,,,field,public static final Item
aip,aE,field_151139_aw,IRON_DOOR,,,,field,public static final Item
aip,aF,field_151137_ax,REDSTONE,,,,field,public static final Item
aip,aG,field_151126_ay,SNOWBALL,,,,field,public static final Item
aip,aH,field_151124_az,,,,,field,public static final Item
aip,aI,field_185150_aH,,,,,field,public static final Item
aip,aJ,field_185151_aI,,,,,field,public static final Item
aip,aK,field_185152_aJ,,,,,field,public static final Item
aip,aL,field_185153_aK,,,,,field,public static final Item
aip,aM,field_185154_aL,,,,,field,public static final Item
aip,aN,field_151116_aA,LEATHER,,,,field,public static final Item
aip,aO,field_151117_aB,MILK_BUCKET,,,,field,public static final Item
aip,aP,field_151118_aC,BRICK,,,,field,public static final Item
aip,aQ,field_151119_aD,CLAY_BALL,,,,field,public static final Item
aip,aR,field_151120_aE,REEDS,,,,field,public static final Item
aip,aS,field_151121_aF,PAPER,,,,field,public static final Item
aip,aT,field_151122_aG,BOOK,,,,field,public static final Item
aip,aU,field_151123_aH,SLIME,,,,field,public static final Item
aip,aV,field_151108_aI,CHEST_MINECART,,,,field,public static final Item
aip,aW,field_151109_aJ,FURNACE_MINECART,,,,field,public static final Item
aip,aX,field_151110_aK,EGG,,,,field,public static final Item
aip,aY,field_151111_aL,COMPASS,,,,field,public static final Item
aip,aZ,field_151112_aM,FISHING_ROD,,,,field,public static final ItemFishingRod
aip,ba,field_151113_aN,CLOCK,,,,field,public static final Item
aip,bb,field_151114_aO,GLOWSTONE_DUST,,,,field,public static final Item
aip,bc,field_151115_aP,FISH,,,,field,public static final Item
aip,bd,field_179566_aV,COOKED_FISH,,,,field,public static final Item
aip,be,field_151100_aR,DYE,,,,field,public static final Item
aip,bf,field_151103_aS,BONE,,,,field,public static final Item
aip,bg,field_151102_aT,SUGAR,,,,field,public static final Item
aip,bh,field_151105_aU,CAKE,,,,field,public static final Item
aip,bi,field_151104_aV,BED,,,,field,public static final Item
aip,bj,field_151107_aW,REPEATER,,,,field,public static final Item
aip,bk,field_151106_aX,COOKIE,,,,field,public static final Item
aip,bl,field_151098_aY,FILLED_MAP,,,,field,public static final ItemWorldMap
aip,bm,field_151097_aZ,SHEARS,,,,field,public static final ItemShears
aip,bn,field_151127_ba,MELON,,,,field,public static final Item
aip,bo,field_151080_bb,PUMPKIN_SEEDS,,,,field,public static final Item
aip,bp,field_151081_bc,MELON_SEEDS,,,,field,public static final Item
aip,bq,field_151082_bd,BEEF,,,,field,public static final Item
aip,br,field_151083_be,COOKED_BEEF,,,,field,public static final Item
aip,bs,field_151076_bf,CHICKEN,,,,field,public static final Item
aip,bt,field_151077_bg,COOKED_CHICKEN,,,,field,public static final Item
aip,bu,field_179561_bm,MUTTON,,,,field,public static final Item
aip,bv,field_179557_bn,COOKED_MUTTON,,,,field,public static final Item
aip,bw,field_179558_bo,RABBIT,,,,field,public static final Item
aip,bx,field_179559_bp,COOKED_RABBIT,,,,field,public static final Item
aip,by,field_179560_bq,RABBIT_STEW,,,,field,public static final Item
aip,bz,field_179556_br,RABBIT_FOOT,,,,field,public static final Item
aip,bA,field_179555_bs,RABBIT_HIDE,,,,field,public static final Item
aip,bB,field_151078_bh,ROTTEN_FLESH,,,,field,public static final Item
aip,bC,field_151079_bi,ENDER_PEARL,,,,field,public static final Item
aip,bD,field_151072_bj,BLAZE_ROD,,,,field,public static final Item
aip,bE,field_151073_bk,GHAST_TEAR,,,,field,public static final Item
aip,bF,field_151074_bl,GOLD_NUGGET,,,,field,public static final Item
aip,bG,field_151075_bm,NETHER_WART,,,,field,public static final Item
aip,bH,field_151068_bn,POTION,,,,field,public static final ItemPotion
aip,bI,field_185155_bH,SPLASH_POTION,,,,field,public static final ItemPotion
aip,bJ,field_185156_bI,LINGERING_POTION,,,,field,public static final ItemPotion
aip,bK,field_151069_bo,GLASS_BOTTLE,,,,field,public static final Item
aip,bL,field_185157_bK,DRAGON_BREATH,,,,field,public static final Item
aip,bM,field_151070_bp,SPIDER_EYE,,,,field,public static final Item
aip,bN,field_151071_bq,FERMENTED_SPIDER_EYE,,,,field,public static final Item
aip,bO,field_151065_br,BLAZE_POWDER,,,,field,public static final Item
aip,bP,field_151064_bs,MAGMA_CREAM,,,,field,public static final Item
aip,bQ,field_151067_bt,BREWING_STAND,,,,field,public static final Item
aip,bR,field_151066_bu,CAULDRON,,,,field,public static final Item
aip,bS,field_151061_bv,ENDER_EYE,,,,field,public static final Item
aip,bT,field_151060_bw,SPECKLED_MELON,,,,field,public static final Item
aip,bU,field_151063_bx,SPAWN_EGG,,,,field,public static final Item
aip,bV,field_151062_by,EXPERIENCE_BOTTLE,,,,field,public static final Item
aip,bW,field_151059_bz,FIRE_CHARGE,,,,field,public static final Item
aip,bX,field_151099_bA,WRITABLE_BOOK,,,,field,public static final Item
aip,bY,field_151164_bB,WRITTEN_BOOK,,,,field,public static final Item
aip,bZ,field_151166_bC,EMERALD,,,,field,public static final Item
aip,ca,field_151160_bD,ITEM_FRAME,,,,field,public static final Item
aip,cb,field_151162_bE,FLOWER_POT,,,,field,public static final Item
aip,cc,field_151172_bF,CARROT,,,,field,public static final Item
aip,cd,field_151174_bG,POTATO,,,,field,public static final Item
aip,ce,field_151168_bH,BAKED_POTATO,,,,field,public static final Item
aip,cf,field_151170_bI,POISONOUS_POTATO,,,,field,public static final Item
aip,cg,field_151148_bJ,MAP,,,,field,public static final ItemMapEmpty
aip,ch,field_151150_bK,GOLDEN_CARROT,,,,field,public static final Item
aip,ci,field_151144_bL,SKULL,,,,field,public static final Item
aip,cj,field_151146_bM,CARROT_ON_A_STICK,,,,field,public static final Item
aip,ck,field_151156_bN,NETHER_STAR,,,,field,public static final Item
aip,cl,field_151158_bO,PUMPKIN_PIE,,,,field,public static final Item
aip,cm,field_151152_bP,FIREWORKS,,,,field,public static final Item
aip,cn,field_151154_bQ,FIREWORK_CHARGE,,,,field,public static final Item
aip,co,field_151134_bR,ENCHANTED_BOOK,,,,field,public static final Item
aip,cp,field_151132_bS,COMPARATOR,,,,field,public static final Item
aip,cq,field_151130_bT,NETHERBRICK,,,,field,public static final Item
aip,cr,field_151128_bU,QUARTZ,,,,field,public static final Item
aip,cs,field_151142_bV,TNT_MINECART,,,,field,public static final Item
aip,ct,field_151140_bW,HOPPER_MINECART,,,,field,public static final Item
aip,cu,field_179565_cj,ARMOR_STAND,,,,field,public static final ItemArmorStand
aip,cv,field_151138_bX,IRON_HORSE_ARMOR,,,,field,public static final Item
aip,cw,field_151136_bY,GOLDEN_HORSE_ARMOR,,,,field,public static final Item
aip,cx,field_151125_bZ,DIAMOND_HORSE_ARMOR,,,,field,public static final Item
aip,cy,field_151058_ca,LEAD,,,,field,public static final Item
aip,cz,field_151057_cb,NAME_TAG,,,,field,public static final Item
aip,cA,field_151095_cc,COMMAND_BLOCK_MINECART,,,,field,public static final Item
aip,cB,field_151096_cd,RECORD_13,,,,field,public static final Item
aip,cC,field_151093_ce,RECORD_CAT,,,,field,public static final Item
aip,cD,field_151094_cf,RECORD_BLOCKS,,,,field,public static final Item
aip,cE,field_151091_cg,RECORD_CHIRP,,,,field,public static final Item
aip,cF,field_151092_ch,RECORD_FAR,,,,field,public static final Item
aip,cG,field_151089_ci,RECORD_MALL,,,,field,public static final Item
aip,cH,field_151090_cj,RECORD_MELLOHI,,,,field,public static final Item
aip,cI,field_151087_ck,RECORD_STAL,,,,field,public static final Item
aip,cJ,field_151088_cl,RECORD_STRAD,,,,field,public static final Item
aip,cK,field_151085_cm,RECORD_WARD,,,,field,public static final Item
aip,cL,field_151086_cn,RECORD_11,,,,field,public static final Item
aip,cM,field_151084_co,RECORD_WAIT,,,,field,public static final Item
aip,cN,field_179562_cC,PRISMARINE_SHARD,,,,field,public static final Item
aip,cO,field_179563_cD,PRISMARINE_CRYSTALS,,,,field,public static final Item
aip,cP,field_179564_cE,BANNER,,,,field,public static final Item
aip,cQ,field_185158_cP,,,,,field,public static final Item
aip,cR,field_185159_cQ,SHIELD,,,,field,public static final Item
aip,cS,field_185160_cR,,,,,field,public static final Item
aip,cT,field_185161_cS,CHORUS_FRUIT,,,,field,public static final Item
aip,cU,field_185162_cT,CHORUS_FRUIT_POPPED,,,,field,public static final Item
aip,cV,field_185163_cU,BEETROOT_SEEDS,,,,field,public static final Item
aip,cW,field_185164_cV,BEETROOT,,,,field,public static final Item
aip,cX,field_185165_cW,BEETROOT_SOUP,,,,field,public static final Item
aip,cY,field_190929_cY,,,,,field,public static final Item
aip,cZ,field_190930_cZ,,,,,field,public static final Item
aip,da,field_191525_da,,,,,field,public static final Item
aip,db,field_192397_db,,,,,field,public static final Item
aiq,a,field_194126_a,,,,,field,private static final org.apache.logging.log4j.Logger
ais,b,field_150940_b,,,,,field,private final BlockLeaves
aiw$1,b,field_96465_b,,,,,field,private final DispenseBehaviorItem
aiw,a,field_96602_b,,,,,field,private static final IDispenseBehavior
aiw,b,field_77841_a,,,,,field,private final EntityMinecartAbstract$EnumMinecartType
aix,b,field_179227_b,,,,,field,protected final Block
aix,c,field_179228_c,,,,,field,protected final ItemMultiTexture$a
aiz,e,field_150915_c,,,,,field,private static final Set<Block>
aj,a,field_192483_a,,,,,field,public static final CriterionConditionEntity
aj,b,field_192484_b,,,,,field,private final MinecraftKey
aj,c,field_192485_c,,,,,field,private final CriterionConditionDistance
aj,d,field_193435_d,,,,,field,private final CriterionConditionLocation
aj,e,field_193436_e,,,,,field,private final CriterionConditionMobEffect
aj,f,field_193437_f,,,,,field,private final CriterionConditionNBT
ajc,a,COMMON,COMMON,,,,enum,
ajc,b,UNCOMMON,UNCOMMON,,,,enum,
ajc,c,RARE,RARE,,,,enum,
ajc,d,EPIC,EPIC,,,,enum,
ajc,e,field_77937_e,,,,,field,public final EnumChatFormat
ajc,f,field_77934_f,,,,,field,public final String
ajd,a,field_150928_b,,,,,field,"private static final Map<SoundEffect, ItemRecord>"
ajd,b,field_185076_b,,,,,field,private final SoundEffect
ajd,c,field_185077_c,,,,,field,private final String
ajg,b,field_150908_b,,,,,field,private final Block
ajg,c,field_82809_c,,,,,field,private final Block
ajh,a,field_150925_a,,,,,field,private final Block
ajh,b,field_77838_b,,,,,field,private final Block
aji,a,field_185149_a,,,,,field,private final EntityPlayer
ajl,e,field_150916_c,,,,,field,private static final Set<Block>
ajp,a,field_82807_a,,,,,field,private static final String[]
ajq,b,field_150949_c,,,,,field,private final BlockStepAbstract
ajq,c,field_179226_c,,,,,field,private final BlockStepAbstract
ajw,a,field_150934_a,,,,,field,private final float
ajw,b,field_150933_b,,,,,field,private final Item$EnumToolMaterial
ajx,b,field_150945_c,,,,,field,private String[]
ak,a,field_192205_a,,,,,field,private static final MinecraftKey
aka,a,NONE,NONE,,,,enum,
aka,b,EAT,EAT,,,,enum,
aka,c,DRINK,DRINK,,,,enum,
aka,d,BLOCK,BLOCK,,,,enum,
aka,e,BOW,BOW,,,,enum,
ake,b,field_185177_b,,,,,field,private static final MinecraftKey
ake,a,field_185176_a,,,,,field,"public static final RegistryBlocks<MinecraftKey, PotionRegistry>"
ake,c,field_185178_c,,,,,field,private static int
ake,d,field_185179_d,,,,,field,private final String
ake,e,field_185180_e,,,,,field,private final com.google.common.collect.ImmutableList<MobEffect>
akf$a,a,field_185198_a,,,,,field,final T
akf$a,b,field_185199_b,,,,,field,final RecipeItemStack
akf$a,c,field_185200_c,,,,,field,final T
akf,a,field_185213_a,,,,,field,private static final List<PotionBrewer$PredicatedCombination<PotionRegistry>>
akf,b,field_185214_b,,,,,field,private static final List<PotionBrewer$PredicatedCombination<Item>>
akf,c,field_185215_c,,,,,field,private static final List<RecipeItemStack>
akf,d,field_185216_d,,,,,field,private static final com.google.common.base.Predicate<ItemStack>
akh,K,field_185228_K,,,,,field,private static final Set<PotionRegistry>
akh,a,field_185229_a,EMPTY,,,,field,public static final PotionRegistry
akh,b,field_185230_b,,,,,field,public static final PotionRegistry
akh,c,field_185231_c,,,,,field,public static final PotionRegistry
akh,d,field_185232_d,,,,,field,public static final PotionRegistry
akh,e,field_185233_e,,,,,field,public static final PotionRegistry
akh,f,field_185234_f,,,,,field,public static final PotionRegistry
akh,g,field_185235_g,,,,,field,public static final PotionRegistry
akh,h,field_185236_h,,,,,field,public static final PotionRegistry
akh,i,field_185237_i,,,,,field,public static final PotionRegistry
akh,j,field_185238_j,,,,,field,public static final PotionRegistry
akh,k,field_185239_k,,,,,field,public static final PotionRegistry
akh,l,field_185240_l,,,,,field,public static final PotionRegistry
akh,m,field_185241_m,,,,,field,public static final PotionRegistry
akh,n,field_185242_n,,,,,field,public static final PotionRegistry
akh,o,field_185243_o,,,,,field,public static final PotionRegistry
akh,p,field_185244_p,,,,,field,public static final PotionRegistry
akh,q,field_185245_q,,,,,field,public static final PotionRegistry
akh,r,field_185246_r,,,,,field,public static final PotionRegistry
akh,s,field_185247_s,,,,,field,public static final PotionRegistry
akh,t,field_185248_t,,,,,field,public static final PotionRegistry
akh,u,field_185249_u,,,,,field,public static final PotionRegistry
akh,v,field_185250_v,,,,,field,public static final PotionRegistry
akh,w,field_185251_w,,,,,field,public static final PotionRegistry
akh,x,field_185252_x,,,,,field,public static final PotionRegistry
akh,y,field_185253_y,,,,,field,public static final PotionRegistry
akh,z,field_185254_z,,,,,field,public static final PotionRegistry
akh,A,field_185218_A,,,,,field,public static final PotionRegistry
akh,B,field_185219_B,,,,,field,public static final PotionRegistry
akh,C,field_185220_C,,,,,field,public static final PotionRegistry
akh,D,field_185221_D,,,,,field,public static final PotionRegistry
akh,E,field_185222_E,,,,,field,public static final PotionRegistry
akh,F,field_185223_F,,,,,field,public static final PotionRegistry
akh,G,field_185224_G,,,,,field,public static final PotionRegistry
akh,H,field_185225_H,,,,,field,public static final PotionRegistry
akh,I,field_185226_I,,,,,field,public static final PotionRegistry
akh,J,field_185227_J,,,,,field,public static final PotionRegistry
akm,a,field_92102_a,,,,,field,private ItemStack
akn,a,field_77606_a,,,,,field,private static final RecipesFurnace
akn,b,field_77604_b,recipes,,,,field,"private final Map<ItemStack, ItemStack>"
akn,c,field_77605_c,experience,,,,field,"private final Map<ItemStack, Float>"
ako,a,field_193370_a,,,,,field,public static final RecipeItemStack
ako,b,field_193371_b,choices,,,,field,private final ItemStack[]
ako,c,field_194140_c,,,,,field,private it.unimi.dsi.fastutil.ints.IntList
aks,b,field_192422_a,,,,,field,private static final org.apache.logging.log4j.Logger
aks,c,field_193381_c,,,,,field,private static int
aks,a,field_193380_a,recipes,,,,field,"public static final RegistryMaterials<MinecraftKey, IRecipe>"
aku,a,field_77576_b,width,,,,field,private final int
aku,b,field_77577_c,height,,,,field,private final int
aku,c,field_77574_d,items,,,,field,private final NonNullList<RecipeItemStack>
aku,d,field_77575_e,result,,,,field,private final ItemStack
aku,e,field_194137_e,,,,,field,private final String
akv,a,field_77580_a,result,,,,field,private final ItemStack
akv,b,field_77579_b,ingredients,,,,field,private final NonNullList<RecipeItemStack>
akv,c,field_194138_c,,,,,field,private final String
al$a,a,field_192490_a,,,,,field,private final AdvancementDataPlayer
al$a,b,field_192491_b,,,,,field,private final Set<CriterionTrigger$a<CriterionTriggerInventoryChanged$b>>
al$b,a,field_192266_a,,,,,field,private final CriterionConditionValue
al$b,b,field_192267_b,,,,,field,private final CriterionConditionValue
al$b,c,field_192268_c,,,,,field,private final CriterionConditionValue
al$b,d,field_192269_d,,,,,field,private final CriterionConditionItem[]
al,a,field_192209_a,,,,,field,private static final MinecraftKey
al,b,field_192210_b,,,,,field,"private final Map<AdvancementDataPlayer, CriterionTriggerInventoryChanged$a>"
alf,e,field_77359_A,,,,,field,private static final String[]
alf,f,field_77360_B,,,,,field,private static final int[]
alf,g,field_77362_C,,,,,field,private static final int[]
alf,h,field_77358_D,,,,,field,private static final int[]
alf,a,field_77361_a,,,,,field,public final int
ali$a,a,COMMON,COMMON,,,,enum,
ali$a,b,UNCOMMON,UNCOMMON,,,,enum,
ali$a,c,RARE,RARE,,,,enum,
ali$a,d,VERY_RARE,VERY_RARE,,,,enum,
ali$a,e,field_185275_e,,,,,field,private final int
ali,b,field_185264_b,enchantments,,,,field,"public static final RegistryMaterials<MinecraftKey, Enchantment>"
ali,a,field_185263_a,,,,,field,private final EnumItemSlot[]
ali,e,field_77333_a,,,,,field,private final Enchantment$Rarity
ali,c,field_77351_y,itemTarget,,,,field,public EnchantmentSlotType
ali,d,field_77350_z,,,,,field,protected String
alj,a,ALL,ALL,,,,enum,
alj,b,ARMOR,ARMOR,,,,enum,
alj,c,ARMOR_FEET,ARMOR_FEET,,,,enum,
alj,d,ARMOR_LEGS,ARMOR_LEGS,,,,enum,
alj,e,ARMOR_CHEST,ARMOR_CHEST,,,,enum,
alj,f,ARMOR_HEAD,ARMOR_HEAD,,,,enum,
alj,g,WEAPON,WEAPON,,,,enum,
alj,h,DIGGER,DIGGER,,,,enum,
alj,i,FISHING_ROD,FISHING_ROD,,,,enum,
alj,j,BREAKABLE,BREAKABLE,,,,enum,
alj,k,BOW,BOW,,,,enum,
alj,l,WEARABLE,WEARABLE,,,,enum,
alk$a,a,field_151366_a,,,,,field,public EntityLiving
alk$a,b,field_151365_b,,,,,field,public Entity
alk$b,a,field_151364_a,,,,,field,public EntityLiving
alk$b,b,field_151363_b,,,,,field,public Entity
alk$d,a,field_77495_a,,,,,field,public float
alk$d,b,field_77494_b,,,,,field,public EnumMonsterType
alk$e,a,field_77497_a,,,,,field,public int
alk$e,b,field_77496_b,,,,,field,public DamageSource
alk,a,field_77520_b,,,,,field,private static final EnchantmentManager$EnchantmentModifierProtection
alk,b,field_77521_c,,,,,field,private static final EnchantmentManager$EnchantmentModifierDamage
alk,c,field_151388_d,,,,,field,private static final EnchantmentManager$EnchantmentModifierThorns
alk,d,field_151389_e,,,,,field,private static final EnchantmentManager$EnchantmentModifierArthropods
all,b,field_76302_b,enchantment,,,,field,public final Enchantment
all,c,field_76303_c,level,,,,field,public final int
alm,a,field_180310_c,PROTECTION_ENVIRONMENTAL,,,,field,public static final Enchantment
alm,b,field_77329_d,PROTECTION_FIRE,,,,field,public static final Enchantment
alm,c,field_180309_e,PROTECTION_FALL,,,,field,public static final Enchantment
alm,d,field_185297_d,PROTECTION_EXPLOSIONS,,,,field,public static final Enchantment
alm,e,field_180308_g,PROTECTION_PROJECTILE,,,,field,public static final Enchantment
alm,f,field_185298_f,OXYGEN,,,,field,public static final Enchantment
alm,g,field_185299_g,WATER_WORKER,,,,field,public static final Enchantment
alm,h,field_92091_k,THORNS,,,,field,public static final Enchantment
alm,i,field_185300_i,DEPTH_STRIDER,,,,field,public static final Enchantment
alm,j,field_185301_j,,,,,field,public static final Enchantment
alm,k,field_190941_k,,,,,field,public static final Enchantment
alm,l,field_185302_k,DAMAGE_ALL,,,,field,public static final Enchantment
alm,m,field_185303_l,DAMAGE_UNDEAD,,,,field,public static final Enchantment
alm,n,field_180312_n,DAMAGE_ARTHROPODS,,,,field,public static final Enchantment
alm,o,field_180313_o,KNOCKBACK,,,,field,public static final Enchantment
alm,p,field_77334_n,FIRE_ASPECT,,,,field,public static final Enchantment
alm,q,field_185304_p,LOOT_BONUS_MOBS,,,,field,public static final Enchantment
alm,r,field_191530_r,,,,,field,public static final Enchantment
alm,s,field_185305_q,DIG_SPEED,,,,field,public static final Enchantment
alm,t,field_185306_r,SILK_TOUCH,,,,field,public static final Enchantment
alm,u,field_185307_s,DURABILITY,,,,field,public static final Enchantment
alm,v,field_185308_t,LOOT_BONUS_BLOCKS,,,,field,public static final Enchantment
alm,w,field_185309_u,ARROW_DAMAGE,,,,field,public static final Enchantment
alm,x,field_185310_v,ARROW_KNOCKBACK,,,,field,public static final Enchantment
alm,y,field_185311_w,ARROW_FIRE,,,,field,public static final Enchantment
alm,z,field_185312_x,ARROW_INFINITE,,,,field,public static final Enchantment
alm,A,field_151370_z,LUCK,,,,field,public static final Enchantment
alm,B,field_151369_A,LURE,,,,field,public static final Enchantment
alm,C,field_185296_A,,,,,field,public static final Enchantment
alm,D,field_190940_C,,,,,field,public static final Enchantment
alu$a,a,ALL,ALL,,,,enum,
alu$a,b,FIRE,FIRE,,,,enum,
alu$a,c,FALL,FALL,,,,enum,
alu$a,d,EXPLOSION,EXPLOSION,,,,enum,
alu$a,e,PROJECTILE,PROJECTILE,,,,enum,
alu$a,f,field_185322_f,,,,,field,private final String
alu$a,g,field_185323_g,,,,,field,private final int
alu$a,h,field_185324_h,,,,,field,private final int
alu$a,i,field_185325_i,,,,,field,private final int
alu,a,field_77356_a,,,,,field,public final EnchantmentProtection$DamageType
am$a,a,field_193442_a,,,,,field,private final AdvancementDataPlayer
am$a,b,field_193443_b,,,,,field,private final Set<CriterionTrigger$a<CriterionTriggerItemDurabilityChanged$b>>
am$b,a,field_193198_a,,,,,field,private final CriterionConditionItem
am$b,b,field_193199_b,,,,,field,private final CriterionConditionValue
am$b,c,field_193200_c,,,,,field,private final CriterionConditionValue
am,a,field_193159_a,,,,,field,private static final MinecraftKey
am,b,field_193160_b,,,,,field,"private final Map<AdvancementDataPlayer, CriterionTriggerItemDurabilityChanged$a>"
ame,a,field_77403_a,buyingItem1,,,,field,private ItemStack
ame,b,field_77401_b,buyingItem2,,,,field,private ItemStack
ame,c,field_77402_c,sellingItem,,,,field,private ItemStack
ame,d,field_77400_d,uses,,,,field,private int
ame,e,field_82786_e,maxUses,,,,field,private int
ame,f,field_180323_f,rewardExp,,,,field,private boolean
amh,a,field_145766_a,,,,,field,private static final SimpleDateFormat
amh,b,field_193041_b,,,,,field,private long
amh,c,field_193042_c,,,,,field,private boolean
amh,d,field_145764_b,,,,,field,private int
amh,e,field_145765_c,,,,,field,private boolean
amh,f,field_145762_d,,,,,field,private IChatBaseComponent
amh,g,field_145763_e,,,,,field,private String
amh,h,field_145761_f,,,,,field,private String
amh,i,field_175575_g,,,,,field,private final CommandObjectiveExecutor
ami,a,field_98286_b,spawnDelay,,,,field,private int
ami,b,field_98285_e,mobs,,,,field,private final List<MobSpawnerData>
ami,c,field_98282_f,spawnData,,,,field,private MobSpawnerData
ami,d,field_98287_c,,,,,field,private double
ami,e,field_98284_d,,,,,field,private double
ami,f,field_98283_g,minSpawnDelay,,,,field,private int
ami,g,field_98293_h,maxSpawnDelay,,,,field,private int
ami,h,field_98294_i,spawnCount,,,,field,private int
ami,i,field_98291_j,,,,,field,private Entity
ami,j,field_98292_k,maxNearbyEntities,,,,field,private int
ami,k,field_98289_l,requiredPlayerRange,,,,field,private int
ami,l,field_98290_m,spawnRange,,,,field,private int
amj,a,field_180329_a,,,,,field,private final BlockPosition
amj,b,field_151344_d,,,,,field,private final Block
amj,c,field_151345_e,,,,,field,private final int
amj,d,field_151343_f,,,,,field,private final int
aml,a,field_77276_a,x,,,,field,public final int
aml,b,field_77275_b,z,,,,field,public final int
amn,a,field_77286_a,,,,,field,private final boolean
amn,b,field_82755_b,,,,,field,private final boolean
amn,c,field_77290_i,,,,,field,private final Random
amn,d,field_77287_j,world,,,,field,private final World
amn,e,field_77284_b,posX,,,,field,private final double
amn,f,field_77285_c,posY,,,,field,private final double
amn,g,field_77282_d,posZ,,,,field,private final double
amn,h,field_77283_e,source,,,,field,private final Entity
amn,i,field_77280_f,size,,,,field,private final float
amn,j,field_77281_g,blocks,,,,field,private final List<BlockPosition>
amn,k,field_77288_k,,,,,field,"private final Map<EntityHuman, Vec3D>"
amp$a,a,field_82762_a,,,,,field,private String
amp$a,b,field_82760_b,,,,,field,private boolean
amp$a,c,field_82761_c,,,,,field,private int
amp$a,d,field_82759_d,,,,,field,private double
amp$a,e,field_180256_e,,,,,field,private final GameRules$EnumGameRuleType
amp$b,a,ANY_VALUE,ANY_VALUE,,,,enum,
amp$b,b,BOOLEAN_VALUE,BOOLEAN_VALUE,,,,enum,
amp$b,c,NUMERICAL_VALUE,NUMERICAL_VALUE,,,,enum,
amp$b,d,FUNCTION,FUNCTION,,,,enum,
amp,a,field_82771_a,,,,,field,"private final TreeMap<String, GameRules$GameRuleValue>"
amq,a,NOT_SET,NOT_SET,,,,enum,
amq,b,SURVIVAL,SURVIVAL,,,,enum,
amq,c,CREATIVE,CREATIVE,,,,enum,
amq,d,ADVENTURE,ADVENTURE,,,,enum,
amq,e,SPECTATOR,SPECTATOR,,,,enum,
amq,f,field_77154_e,,,,,field,int
amq,g,field_77151_f,,,,,field,String
amq,h,field_185330_h,,,,,field,String
ams,a,field_181546_a,,,,,field,private int
ams,d,field_72999_e,,,,,field,protected boolean
ams,e,field_72996_f,entityList,,,,field,public final List<Entity>
ams,f,field_72997_g,,,,,field,protected final List<Entity>
ams,g,field_147482_g,tileEntityList,,,,field,public final List<TileEntity>
ams,h,field_175730_i,tileEntityListTick,,,,field,public final List<TileEntity>
ams,b,field_147484_a,,,,,field,private final List<TileEntity>
ams,c,field_147483_b,tileEntityListUnload,,,,field,private final List<TileEntity>
ams,i,field_73010_i,players,,,,field,public final List<EntityHuman>
ams,j,field_73007_j,,,,,field,public final List<Entity>
ams,k,field_175729_l,entitiesById,,,,field,protected final IntHashMap<Entity>
ams,K,field_73001_c,,,,,field,private final long
ams,L,field_73008_k,,,,,field,private int
ams,l,field_73005_l,,,,,field,protected int
ams,m,field_73006_m,,,,,field,protected final int
ams,n,field_73003_n,,,,,field,protected float
ams,o,field_73004_o,,,,,field,protected float
ams,p,field_73018_p,,,,,field,protected float
ams,q,field_73017_q,,,,,field,protected float
ams,M,field_73016_r,,,,,field,private int
ams,r,field_73012_v,random,,,,field,public final Random
ams,s,field_73011_w,worldProvider,,,,field,public final WorldProvider
ams,t,field_184152_t,,,,,field,protected NavigationListener
ams,u,field_73021_x,,,,,field,protected List<IWorldAccess>
ams,v,field_73020_y,chunkProvider,,,,field,protected IChunkProvider
ams,w,field_73019_z,dataManager,,,,field,protected final IDataManager
ams,x,field_72986_A,worldData,,,,field,protected WorldData
ams,y,field_72987_B,isLoading,,,,field,protected boolean
ams,z,field_72988_C,worldMaps,,,,field,protected PersistentCollection
ams,A,field_72982_D,villages,,,,field,protected PersistentVillage
ams,B,field_184151_B,,,,,field,protected LootTableRegistry
ams,C,field_191951_C,,,,,field,protected AdvancementDataWorld
ams,D,field_193036_D,,,,,field,protected CustomFunctionData
ams,E,field_72984_F,methodProfiler,,,,field,public final MethodProfiler
ams,N,field_83016_L,,,,,field,private final Calendar
ams,F,field_96442_D,scoreboard,,,,field,protected Scoreboard
ams,G,field_72995_K,isClientSide,,,,field,public final boolean
ams,H,field_72985_G,allowMonsters,,,,field,protected boolean
ams,I,field_72992_H,allowAnimals,,,,field,protected boolean
ams,O,field_147481_N,,,,,field,private boolean
ams,P,field_175728_M,,,,,field,private final WorldBorder
ams,J,field_72994_J,,,,,field,int[]
amv,a,field_77174_a,,,,,field,private final long
amv,b,field_77172_b,,,,,field,private final EnumGamemode
amv,c,field_77173_c,,,,,field,private final boolean
amv,d,field_77170_d,,,,,field,private final boolean
amv,e,field_77171_e,,,,,field,private final WorldType
amv,f,field_77168_f,,,,,field,private boolean
amv,g,field_77169_g,,,,,field,private boolean
amv,h,field_82751_h,,,,,field,private String
amx,a,field_77139_a,types,,,,field,public static final WorldType[]
amx,b,field_77137_b,NORMAL,,,,field,public static final WorldType
amx,c,field_77138_c,FLAT,,,,field,public static final WorldType
amx,d,field_77135_d,LARGE_BIOMES,,,,field,public static final WorldType
amx,e,field_151360_e,AMPLIFIED,,,,field,public static final WorldType
amx,f,field_180271_f,CUSTOMIZED,,,,field,public static final WorldType
amx,g,field_180272_g,DEBUG_ALL_BLOCK_STATES,,,,field,public static final WorldType
amx,h,field_77136_e,NORMAL_1_1,,,,field,public static final WorldType
amx,i,field_82748_f,,,,,field,private final int
amx,j,field_77133_f,name,,,,field,private final String
amx,k,field_77134_g,version,,,,field,private final int
amx,l,field_77140_h,,,,,field,private boolean
amx,m,field_77141_i,,,,,field,private boolean
amx,n,field_151361_l,,,,,field,private boolean
amy,a,SKY,SKY,,,,enum,
amy,b,BLOCK,BLOCK,,,,enum,
amy,c,field_77198_c,,,,,field,public final int
amz,a,field_180268_a,,,,,field,private static final int
amz,b,field_77193_b,,,,,field,private final Set<ChunkCoordIntPair>
an,a,field_192495_a,,,,,field,public static final CriterionConditionItem
an,b,field_192496_b,,,,,field,private final Item
an,c,field_192497_c,,,,,field,private final Integer
an,d,field_192498_d,,,,,field,private final CriterionConditionValue
an,e,field_193444_e,,,,,field,private final CriterionConditionValue
an,f,field_192499_e,,,,,field,private final CriterionConditionEnchantments[]
an,g,field_192500_f,,,,,field,private final PotionRegistry
an,h,field_193445_h,,,,,field,private final CriterionConditionNBT
ana$a,b,field_85087_d,,,,,field,public long
ana,a,field_85192_a,world,,,,field,private final WorldServer
ana,b,field_77187_a,,,,,field,private final Random
ana,c,field_85191_c,,,,,field,private final it.unimi.dsi.fastutil.longs.Long2ObjectMap<PortalTravelAgent$ChunkCoordinatesPortal>
anb,a,field_72818_a,,,,,field,protected int
anb,b,field_72816_b,,,,,field,protected int
anb,c,field_72817_c,,,,,field,protected Chunk[][]
anb,d,field_72814_d,,,,,field,protected boolean
anb,e,field_72815_e,,,,,field,protected World
anc,b,field_185279_b,,,,,field,private final NBTTagCompound
and,d,field_77177_f,,,,,field,private static long
and,e,field_151352_g,,,,,field,private final Block
and,a,field_180282_a,,,,,field,public final BlockPosition
and,b,field_77180_e,,,,,field,public long
and,c,field_82754_f,,,,,field,public int
and,f,field_77178_g,,,,,field,private final long
anf$a,a,field_185412_a,,,,,field,private final String
anf$a,b,field_185413_b,,,,,field,private float
anf$a,c,field_185414_c,,,,,field,private float
anf$a,d,field_185415_d,,,,,field,private float
anf$a,e,field_185416_e,,,,,field,private float
anf$a,f,field_185417_f,,,,,field,private int
anf$a,g,field_185418_g,,,,,field,private boolean
anf$a,h,field_185419_h,,,,,field,private boolean
anf$a,i,field_185420_i,,,,,field,private String
anf$b,a,OCEAN,OCEAN,,,,enum,
anf$b,b,COLD,COLD,,,,enum,
anf$b,c,MEDIUM,MEDIUM,,,,enum,
anf$b,d,WARM,WARM,,,,enum,
anf$c,b,field_76300_b,,,,,field,public Class<? extends EntityInsentient>
anf$c,c,field_76301_c,,,,,field,public int
anf$c,d,field_76299_d,,,,,field,public int
anf,x,field_150586_aC,,,,,field,private static final org.apache.logging.log4j.Logger
anf,a,field_185365_a,,,,,field,protected static final IBlockData
anf,b,field_185366_b,,,,,field,protected static final IBlockData
anf,c,field_185367_c,,,,,field,protected static final IBlockData
anf,d,field_185368_d,,,,,field,protected static final IBlockData
anf,e,field_185369_e,,,,,field,protected static final IBlockData
anf,f,field_185370_f,,,,,field,protected static final IBlockData
anf,g,field_185371_g,,,,,field,protected static final IBlockData
anf,h,field_185372_h,,,,,field,protected static final IBlockData
anf,i,field_185373_j,,,,,field,public static final RegistryBlockID<BiomeBase>
anf,j,field_150605_ac,,,,,field,protected static final NoiseGenerator3
anf,k,field_180281_af,,,,,field,protected static final NoiseGenerator3
anf,l,field_180280_ag,,,,,field,protected static final WorldGenTallPlant
anf,m,field_76757_N,,,,,field,protected static final WorldGenTrees
anf,n,field_76758_O,,,,,field,protected static final WorldGenBigTree
anf,o,field_76763_Q,,,,,field,protected static final WorldGenSwampTree
anf,p,field_185377_q,REGISTRY_ID,,,,field,"public static final RegistryMaterials<MinecraftKey, BiomeBase>"
anf,y,field_76791_y,,,,,field,private final String
anf,z,field_76748_D,,,,,field,private final float
anf,A,field_76749_E,,,,,field,private final float
anf,B,field_76750_F,,,,,field,private final float
anf,C,field_76751_G,,,,,field,private final float
anf,D,field_76759_H,,,,,field,private final int
anf,E,field_76766_R,,,,,field,private final boolean
anf,F,field_76765_S,,,,,field,private final boolean
anf,G,field_185364_H,,,,,field,private final String
anf,q,field_76752_A,,,,,field,public IBlockData
anf,r,field_76753_B,,,,,field,public IBlockData
anf,s,field_76760_I,,,,,field,public BiomeDecorator
anf,t,field_76761_J,,,,,field,protected List<BiomeBase$BiomeMeta>
anf,u,field_76762_K,,,,,field,protected List<BiomeBase$BiomeMeta>
anf,v,field_76755_L,,,,,field,protected List<BiomeBase$BiomeMeta>
anf,w,field_82914_M,,,,,field,protected List<BiomeBase$BiomeMeta>
ang$a,a,field_76891_c,,,,,field,public BiomeBase[]
ang$a,b,field_76888_d,,,,,field,public int
ang$a,c,field_76889_e,,,,,field,public int
ang$a,d,field_76886_f,,,,,field,public long
ang,a,field_76844_a,,,,,field,private final WorldChunkManager
ang,b,field_76842_b,,,,,field,private long
ang,c,field_76843_c,,,,,field,private final it.unimi.dsi.fastutil.longs.Long2ObjectMap<BiomeCache$a>
ang,d,field_76841_d,,,,,field,private final List<BiomeCache$a>
ani,a,field_185425_a,,,,,field,protected boolean
ani,b,field_180294_c,,,,,field,protected BlockPosition
ani,c,field_180293_d,,,,,field,protected CustomWorldSettingsFinal
ani,d,field_76809_f,,,,,field,protected WorldGenerator
ani,e,field_76810_g,,,,,field,protected WorldGenerator
ani,f,field_76822_h,,,,,field,protected WorldGenerator
ani,g,field_76823_i,,,,,field,protected WorldGenerator
ani,h,field_76820_j,,,,,field,protected WorldGenerator
ani,i,field_180296_j,,,,,field,protected WorldGenerator
ani,j,field_180297_k,,,,,field,protected WorldGenerator
ani,k,field_180295_l,,,,,field,protected WorldGenerator
ani,l,field_76821_k,,,,,field,protected WorldGenerator
ani,m,field_76818_l,,,,,field,protected WorldGenerator
ani,n,field_76819_m,,,,,field,protected WorldGenerator
ani,o,field_180299_p,,,,,field,protected WorldGenerator
ani,p,field_180298_q,,,,,field,protected WorldGenerator
ani,q,field_76831_p,,,,,field,protected WorldGenerator
ani,r,field_150514_p,,,,,field,protected WorldGenFlowers
ani,s,field_76828_s,,,,,field,protected WorldGenerator
ani,t,field_76827_t,,,,,field,protected WorldGenerator
ani,u,field_76826_u,,,,,field,protected WorldGenerator
ani,v,field_76825_v,,,,,field,protected WorldGenerator
ani,w,field_76824_w,,,,,field,protected WorldGenerator
ani,x,field_76834_x,,,,,field,protected WorldGenerator
ani,y,field_76833_y,,,,,field,protected int
ani,z,field_76832_z,,,,,field,protected int
ani,A,field_189870_A,,,,,field,protected float
ani,B,field_76802_A,,,,,field,protected int
ani,C,field_76803_B,,,,,field,protected int
ani,D,field_76804_C,,,,,field,protected int
ani,E,field_76798_D,,,,,field,protected int
ani,F,field_76799_E,,,,,field,protected int
ani,G,field_76800_F,,,,,field,protected int
ani,H,field_76801_G,,,,,field,protected int
ani,I,field_76805_H,,,,,field,protected int
ani,J,field_76806_I,,,,,field,protected int
ani,K,field_76807_J,,,,,field,protected int
ani,L,field_76808_K,,,,,field,public boolean
anj,a,field_190945_a,,,,,field,private CustomWorldSettingsFinal
anj,b,field_76944_d,,,,,field,private GenLayer
anj,c,field_76945_e,,,,,field,private GenLayer
anj,d,field_76942_f,,,,,field,private final BiomeCache
anj,e,field_76943_g,,,,,field,private final List<BiomeBase>
ank,a,field_76771_b,,,,,field,public static final BiomeBase
ank,b,field_180279_ad,,,,,field,public static final BiomeBase
ank,c,field_76772_c,,,,,field,public static final BiomeBase
ank,d,field_76769_d,,,,,field,public static final BiomeBase
ank,e,field_76770_e,,,,,field,public static final BiomeBase
ank,f,field_76767_f,,,,,field,public static final BiomeBase
ank,g,field_76768_g,,,,,field,public static final BiomeBase
ank,h,field_76780_h,,,,,field,public static final BiomeBase
ank,i,field_76781_i,,,,,field,public static final BiomeBase
ank,j,field_76778_j,,,,,field,public static final BiomeBase
ank,k,field_76779_k,,,,,field,public static final BiomeBase
ank,l,field_76776_l,,,,,field,public static final BiomeBase
ank,m,field_76777_m,,,,,field,public static final BiomeBase
ank,n,field_76774_n,,,,,field,public static final BiomeBase
ank,o,field_76775_o,,,,,field,public static final BiomeBase
ank,p,field_76789_p,,,,,field,public static final BiomeBase
ank,q,field_76788_q,,,,,field,public static final BiomeBase
ank,r,field_76787_r,,,,,field,public static final BiomeBase
ank,s,field_76786_s,,,,,field,public static final BiomeBase
ank,t,field_76785_t,,,,,field,public static final BiomeBase
ank,u,field_76784_u,,,,,field,public static final BiomeBase
ank,v,field_76783_v,,,,,field,public static final BiomeBase
ank,w,field_76782_w,,,,,field,public static final BiomeBase
ank,x,field_76792_x,,,,,field,public static final BiomeBase
ank,y,field_150574_L,,,,,field,public static final BiomeBase
ank,z,field_150575_M,,,,,field,public static final BiomeBase
ank,A,field_150576_N,,,,,field,public static final BiomeBase
ank,B,field_150577_O,,,,,field,public static final BiomeBase
ank,C,field_150583_P,,,,,field,public static final BiomeBase
ank,D,field_150582_Q,,,,,field,public static final BiomeBase
ank,E,field_150585_R,,,,,field,public static final BiomeBase
ank,F,field_150584_S,,,,,field,public static final BiomeBase
ank,G,field_150579_T,,,,,field,public static final BiomeBase
ank,H,field_150578_U,,,,,field,public static final BiomeBase
ank,I,field_150581_V,,,,,field,public static final BiomeBase
ank,J,field_150580_W,,,,,field,public static final BiomeBase
ank,K,field_150588_X,,,,,field,public static final BiomeBase
ank,L,field_150587_Y,,,,,field,public static final BiomeBase
ank,M,field_150589_Z,,,,,field,public static final BiomeBase
ank,N,field_150607_aa,,,,,field,public static final BiomeBase
ank,O,field_150608_ab,,,,,field,public static final BiomeBase
ank,P,field_185440_P,,,,,field,public static final BiomeBase
ank,Q,field_185441_Q,,,,,field,public static final BiomeBase
ank,R,field_185442_R,,,,,field,public static final BiomeBase
ank,S,field_185443_S,,,,,field,public static final BiomeBase
ank,T,field_185444_T,,,,,field,public static final BiomeBase
ank,U,field_150590_f,,,,,field,public static final BiomeBase
ank,V,field_150599_m,,,,,field,public static final BiomeBase
ank,W,field_185445_W,,,,,field,public static final BiomeBase
ank,X,field_185446_X,,,,,field,public static final BiomeBase
ank,Y,field_185447_Y,,,,,field,public static final BiomeBase
ank,Z,field_185448_Z,,,,,field,public static final BiomeBase
ank,aa,field_185429_aa,,,,,field,public static final BiomeBase
ank,ab,field_185430_ab,,,,,field,public static final BiomeBase
ank,ac,field_185431_ac,,,,,field,public static final BiomeBase
ank,ad,field_185432_ad,,,,,field,public static final BiomeBase
ank,ae,field_185433_ae,,,,,field,public static final BiomeBase
ank,af,field_185434_af,,,,,field,public static final BiomeBase
ank,ag,field_185435_ag,,,,,field,public static final BiomeBase
ank,ah,field_185436_ah,,,,,field,public static final BiomeBase
ank,ai,field_185437_ai,,,,,field,public static final BiomeBase
ank,aj,field_185438_aj,,,,,field,public static final BiomeBase
ank,ak,field_185439_ak,,,,,field,public static final BiomeBase
ann$a,a,NORMAL,NORMAL,,,,enum,
ann$a,b,EXTRA_TREES,EXTRA_TREES,,,,enum,
ann$a,c,MUTATED,MUTATED,,,,enum,
ann,x,field_82915_S,,,,,field,private final WorldGenerator
ann,y,field_150634_aD,,,,,field,private final WorldGenTaiga2
ann,z,field_150638_aH,,,,,field,private final BiomeBigHills$Type
ano,a,field_76947_d,,,,,field,private final BiomeBase
anp$a,a,NORMAL,NORMAL,,,,enum,
anp$a,b,FLOWER,FLOWER,,,,enum,
anp$a,c,BIRCH,BIRCH,,,,enum,
anp$a,d,ROOFED,ROOFED,,,,enum,
anp,x,field_150629_aC,,,,,field,protected static final WorldGenForest
anp,y,field_150630_aD,,,,,field,protected static final WorldGenForest
anp,z,field_150631_aE,,,,,field,protected static final WorldGenForestTree
anp,A,field_150632_aF,,,,,field,private final BiomeForest$Type
ans,x,field_150615_aC,,,,,field,private final boolean
ans,y,field_150616_aD,,,,,field,private final WorldGenPackedIce2
ans,z,field_150617_aE,,,,,field,private final WorldGenPackedIce1
ant,x,field_150614_aC,,,,,field,private final boolean
ant,y,field_181620_aE,,,,,field,private static final IBlockData
ant,z,field_181621_aF,,,,,field,private static final IBlockData
ant,A,field_181622_aG,,,,,field,private static final IBlockData
anu,x,field_185385_y,,,,,field,protected static final IBlockData
anu,y,field_185386_z,,,,,field,protected static final IBlockData
anu,z,field_185381_A,,,,,field,protected static final IBlockData
anu,A,field_185382_B,,,,,field,protected static final IBlockData
anu,B,field_185383_C,,,,,field,protected static final IBlockData
anu,C,field_185384_D,,,,,field,protected static final IBlockData
anu,D,field_150621_aC,,,,,field,private IBlockData[]
anu,E,field_150622_aD,,,,,field,private long
anu,F,field_150623_aE,,,,,field,private NoiseGenerator3
anu,G,field_150624_aF,,,,,field,private NoiseGenerator3
anu,H,field_150625_aG,,,,,field,private NoiseGenerator3
anu,I,field_150626_aH,,,,,field,private final boolean
anu,J,field_150620_aI,,,,,field,private final boolean
anz,x,field_150628_aC,,,,,field,protected boolean
ao$a,a,field_192505_a,,,,,field,private final AdvancementDataPlayer
ao$a,b,field_192506_b,,,,,field,private final Set<CriterionTrigger$a<CriterionTriggerKilled$b>>
ao$b,a,field_192271_a,,,,,field,private final CriterionConditionEntity
ao$b,b,field_192272_b,,,,,field,private final CriterionConditionDamageSource
ao,a,field_192213_a,,,,,field,"private final Map<AdvancementDataPlayer, CriterionTriggerKilled$a>"
ao,b,field_192214_b,,,,,field,private final MinecraftKey
aob,x,field_150627_aC,,,,,field,private static final WorldGenAcaciaTree
aod,x,field_185387_y,,,,,field,protected static final IBlockData
aoe$a,a,NORMAL,NORMAL,,,,enum,
aoe$a,b,MEGA,MEGA,,,,enum,
aoe$a,c,MEGA_SPRUCE,MEGA_SPRUCE,,,,enum,
aoe,x,field_150639_aC,,,,,field,private static final WorldGenTaiga1
aoe,y,field_150640_aD,,,,,field,private static final WorldGenTaiga2
aoe,z,field_150641_aE,,,,,field,private static final WorldGenMegaTree
aoe,A,field_150642_aF,,,,,field,private static final WorldGenMegaTree
aoe,B,field_150643_aG,,,,,field,private static final WorldGenTaigaStructure
aoe,C,field_150644_aH,,,,,field,private final BiomeTaiga$Type
aog,M,field_185427_L,,,,,field,"private static final com.google.common.cache.LoadingCache<Long, WorldGenEnder$Spike[]>"
aog,N,field_76835_L,,,,,field,private final WorldGenEnder
aol$a,a,field_175130_a,,,,,field,private final World
aol$a,b,field_175129_b,,,,,field,private final BlockPosition
aol,a,field_176506_a,FACING,,,,field,public static final BlockStateDirection
aol,b,field_176505_b,DAMAGE,,,,field,public static final BlockStateInteger
aol,c,field_185760_c,,,,,field,protected static final AxisAlignedBB
aol,d,field_185761_d,,,,,field,protected static final AxisAlignedBB
aol,e,field_185762_e,,,,,field,protected static final org.apache.logging.log4j.Logger
aom$b,d,field_185551_d,,,,,field,protected static final AxisAlignedBB
aom$b,e,field_185552_e,,,,,field,protected static final AxisAlignedBB
aom$b,f,field_185553_f,,,,,field,protected static final AxisAlignedBB
aom$b,g,field_185554_g,,,,,field,protected static final AxisAlignedBB
aom,a,field_176449_a,FACING,,,,field,public static final BlockStateDirection
aom,b,field_176448_b,ROTATION,,,,field,public static final BlockStateInteger
aom,c,field_185550_c,,,,,field,protected static final AxisAlignedBB
aop,a,field_185509_a,,,,,field,protected static final AxisAlignedBB
aop,b,field_185510_b,,,,,field,protected static final AxisAlignedBB
aop,c,field_185511_c,,,,,field,protected static final AxisAlignedBB
aoq$a,b,field_150660_b,,,,,field,private final World
aoq$a,c,field_180367_c,,,,,field,private final BlockPosition
aoq$a,d,field_180365_d,,,,,field,private final BlockMinecartTrackAbstract
aoq$a,e,field_180366_e,,,,,field,private IBlockData
aoq$a,f,field_150656_f,,,,,field,private final boolean
aoq$a,g,field_150657_g,,,,,field,private final List<BlockPosition>
aoq$b,a,NORTH_SOUTH,NORTH_SOUTH,,,,enum,
aoq$b,b,EAST_WEST,EAST_WEST,,,,enum,
aoq$b,c,ASCENDING_EAST,ASCENDING_EAST,,,,enum,
aoq$b,d,ASCENDING_WEST,ASCENDING_WEST,,,,enum,
aoq$b,e,ASCENDING_NORTH,ASCENDING_NORTH,,,,enum,
aoq$b,f,ASCENDING_SOUTH,ASCENDING_SOUTH,,,,enum,
aoq$b,g,SOUTH_EAST,SOUTH_EAST,,,,enum,
aoq$b,h,SOUTH_WEST,SOUTH_WEST,,,,enum,
aoq$b,i,NORTH_WEST,NORTH_WEST,,,,enum,
aoq$b,j,NORTH_EAST,NORTH_EAST,,,,enum,
aoq$b,k,field_177030_k,,,,,field,private static final BlockMinecartTrackAbstract$EnumTrackPosition[]
aoq$b,l,field_177027_l,,,,,field,private final int
aoq$b,m,field_177028_m,,,,,field,private final String
aoq,a,field_185590_a,,,,,field,protected static final AxisAlignedBB
aoq,b,field_190959_b,,,,,field,protected static final AxisAlignedBB
aoq,c,field_150053_a,,,,,field,protected final boolean
aos$a,a,HEAD,HEAD,,,,enum,
aos$a,b,FOOT,FOOT,,,,enum,
aos$a,c,field_177036_c,,,,,field,private final String
aos,a,field_176472_a,PART,,,,field,public static final BlockStateEnum<BlockBed$EnumBedPart>
aos,b,field_176471_b,OCCUPIED,,,,field,public static final BlockStateBoolean
aos,c,field_185513_c,,,,,field,protected static final AxisAlignedBB
aot,a,field_185531_a,,,,,field,public static final BlockStateInteger
aot,d,field_185532_d,,,,,field,private static final AxisAlignedBB[]
aou$a,a,NONE,NONE,,,,enum,
aou$a,b,XZ,XZ,,,,enum,
aou$a,c,XYZ,XYZ,,,,enum,
aou,a,field_176230_a,,,,,field,private static final MinecraftKey
aou,h,field_149771_c,REGISTRY,,,,field,"public static final RegistryBlocks<MinecraftKey, Block>"
aou,i,field_176229_d,REGISTRY_ID,,,,field,public static final RegistryBlockID<IBlockData>
aou,j,field_185505_j,,,,,field,public static final AxisAlignedBB
aou,k,field_185506_k,,,,,field,public static final AxisAlignedBB
aou,b,field_149772_a,creativeTab,,,,field,private CreativeModeTab
aou,l,field_149787_q,,,,,field,protected boolean
aou,m,field_149786_r,,,,,field,protected int
aou,n,field_149785_s,,,,,field,protected boolean
aou,o,field_149784_t,,,,,field,protected int
aou,p,field_149783_u,,,,,field,protected boolean
aou,q,field_149782_v,strength,,,,field,protected float
aou,r,field_149781_w,durability,,,,field,protected float
aou,s,field_149790_y,,,,,field,protected boolean
aou,t,field_149789_z,,,,,field,protected boolean
aou,u,field_149758_A,isTileEntity,,,,field,protected boolean
aou,v,field_149762_H,stepSound,,,,field,protected SoundEffectType
aou,w,field_149763_I,,,,,field,public float
aou,x,field_149764_J,material,,,,field,protected final Material
aou,y,field_181083_K,,,,,field,protected final MaterialMapColor
aou,z,field_149765_K,frictionFactor,,,,field,public float
aou,A,field_176227_L,blockStateList,,,,field,protected final BlockStateList
aou,c,field_176228_M,blockData,,,,field,private IBlockData
aou,d,field_149770_b,name,,,,field,private String
aov,dU,field_185780_dg,,,,,field,private static final Set<Block>
aov,a,field_150350_a,AIR,,,,field,public static final Block
aov,b,field_150348_b,STONE,,,,field,public static final Block
aov,c,field_150349_c,GRASS,,,,field,public static final BlockGrass
aov,d,field_150346_d,DIRT,,,,field,public static final Block
aov,e,field_150347_e,COBBLESTONE,,,,field,public static final Block
aov,f,field_150344_f,PLANKS,,,,field,public static final Block
aov,g,field_150345_g,SAPLING,,,,field,public static final Block
aov,h,field_150357_h,BEDROCK,,,,field,public static final Block
aov,i,field_150358_i,FLOWING_WATER,,,,field,public static final BlockFlowing
aov,j,field_150355_j,WATER,,,,field,public static final BlockStationary
aov,k,field_150356_k,FLOWING_LAVA,,,,field,public static final BlockFlowing
aov,l,field_150353_l,LAVA,,,,field,public static final BlockStationary
aov,m,field_150354_m,SAND,,,,field,public static final BlockSand
aov,n,field_150351_n,GRAVEL,,,,field,public static final Block
aov,o,field_150352_o,GOLD_ORE,,,,field,public static final Block
aov,p,field_150366_p,IRON_ORE,,,,field,public static final Block
aov,q,field_150365_q,COAL_ORE,,,,field,public static final Block
aov,r,field_150364_r,LOG,,,,field,public static final Block
aov,s,field_150363_s,LOG2,,,,field,public static final Block
aov,t,field_150362_t,LEAVES,,,,field,public static final BlockLeaves
aov,u,field_150361_u,LEAVES2,,,,field,public static final BlockLeaves
aov,v,field_150360_v,SPONGE,,,,field,public static final Block
aov,w,field_150359_w,GLASS,,,,field,public static final Block
aov,x,field_150369_x,LAPIS_ORE,,,,field,public static final Block
aov,y,field_150368_y,LAPIS_BLOCK,,,,field,public static final Block
aov,z,field_150367_z,DISPENSER,,,,field,public static final Block
aov,A,field_150322_A,SANDSTONE,,,,field,public static final Block
aov,B,field_150323_B,NOTEBLOCK,,,,field,public static final Block
aov,C,field_150324_C,BED,,,,field,public static final Block
aov,D,field_150318_D,GOLDEN_RAIL,,,,field,public static final Block
aov,E,field_150319_E,DETECTOR_RAIL,,,,field,public static final Block
aov,F,field_150320_F,STICKY_PISTON,,,,field,public static final BlockPiston
aov,G,field_150321_G,WEB,,,,field,public static final Block
aov,H,field_150329_H,TALLGRASS,,,,field,public static final BlockLongGrass
aov,I,field_150330_I,DEADBUSH,,,,field,public static final BlockDeadBush
aov,J,field_150331_J,PISTON,,,,field,public static final BlockPiston
aov,K,field_150332_K,PISTON_HEAD,,,,field,public static final BlockPistonExtension
aov,L,field_150325_L,WOOL,,,,field,public static final Block
aov,M,field_180384_M,PISTON_EXTENSION,,,,field,public static final BlockPistonMoving
aov,N,field_150327_N,YELLOW_FLOWER,,,,field,public static final BlockFlowers
aov,O,field_150328_O,RED_FLOWER,,,,field,public static final BlockFlowers
aov,P,field_150338_P,BROWN_MUSHROOM,,,,field,public static final BlockPlant
aov,Q,field_150337_Q,RED_MUSHROOM,,,,field,public static final BlockPlant
aov,R,field_150340_R,GOLD_BLOCK,,,,field,public static final Block
aov,S,field_150339_S,IRON_BLOCK,,,,field,public static final Block
aov,T,field_150334_T,DOUBLE_STONE_SLAB,,,,field,public static final BlockStepAbstract
aov,U,field_150333_U,STONE_SLAB,,,,field,public static final BlockStepAbstract
aov,V,field_150336_V,BRICK_BLOCK,,,,field,public static final Block
aov,W,field_150335_W,TNT,,,,field,public static final Block
aov,X,field_150342_X,BOOKSHELF,,,,field,public static final Block
aov,Y,field_150341_Y,MOSSY_COBBLESTONE,,,,field,public static final Block
aov,Z,field_150343_Z,OBSIDIAN,,,,field,public static final Block
aov,aa,field_150478_aa,TORCH,,,,field,public static final Block
aov,ab,field_150480_ab,FIRE,,,,field,public static final BlockFire
aov,ac,field_150474_ac,MOB_SPAWNER,,,,field,public static final Block
aov,ad,field_150476_ad,OAK_STAIRS,,,,field,public static final Block
aov,ae,field_150486_ae,CHEST,,,,field,public static final BlockChest
aov,af,field_150488_af,REDSTONE_WIRE,,,,field,public static final BlockRedstoneWire
aov,ag,field_150482_ag,DIAMOND_ORE,,,,field,public static final Block
aov,ah,field_150484_ah,DIAMOND_BLOCK,,,,field,public static final Block
aov,ai,field_150462_ai,CRAFTING_TABLE,,,,field,public static final Block
aov,aj,field_150464_aj,WHEAT,,,,field,public static final Block
aov,ak,field_150458_ak,FARMLAND,,,,field,public static final Block
aov,al,field_150460_al,FURNACE,,,,field,public static final Block
aov,am,field_150470_am,LIT_FURNACE,,,,field,public static final Block
aov,an,field_150472_an,STANDING_SIGN,,,,field,public static final Block
aov,ao,field_180413_ao,WOODEN_DOOR,,,,field,public static final BlockDoor
aov,ap,field_180414_ap,SPRUCE_DOOR,,,,field,public static final BlockDoor
aov,aq,field_180412_aq,BIRCH_DOOR,,,,field,public static final BlockDoor
aov,ar,field_180411_ar,JUNGLE_DOOR,,,,field,public static final BlockDoor
aov,as,field_180410_as,ACACIA_DOOR,,,,field,public static final BlockDoor
aov,at,field_180409_at,DARK_OAK_DOOR,,,,field,public static final BlockDoor
aov,au,field_150468_ap,LADDER,,,,field,public static final Block
aov,av,field_150448_aq,RAIL,,,,field,public static final Block
aov,aw,field_150446_ar,STONE_STAIRS,,,,field,public static final Block
aov,ax,field_150444_as,WALL_SIGN,,,,field,public static final Block
aov,ay,field_150442_at,LEVER,,,,field,public static final Block
aov,az,field_150456_au,STONE_PRESSURE_PLATE,,,,field,public static final Block
aov,aA,field_150454_av,IRON_DOOR,,,,field,public static final BlockDoor
aov,aB,field_150452_aw,WOODEN_PRESSURE_PLATE,,,,field,public static final Block
aov,aC,field_150450_ax,REDSTONE_ORE,,,,field,public static final Block
aov,aD,field_150439_ay,LIT_REDSTONE_ORE,,,,field,public static final Block
aov,aE,field_150437_az,UNLIT_REDSTONE_TORCH,,,,field,public static final Block
aov,aF,field_150429_aA,REDSTONE_TORCH,,,,field,public static final Block
aov,aG,field_150430_aB,STONE_BUTTON,,,,field,public static final Block
aov,aH,field_150431_aC,SNOW_LAYER,,,,field,public static final Block
aov,aI,field_150432_aD,ICE,,,,field,public static final Block
aov,aJ,field_150433_aE,SNOW,,,,field,public static final Block
aov,aK,field_150434_aF,CACTUS,,,,field,public static final BlockCactus
aov,aL,field_150435_aG,CLAY,,,,field,public static final Block
aov,aM,field_150436_aH,REEDS,,,,field,public static final BlockReed
aov,aN,field_150421_aI,JUKEBOX,,,,field,public static final Block
aov,aO,field_180407_aO,FENCE,,,,field,public static final Block
aov,aP,field_180408_aP,SPRUCE_FENCE,,,,field,public static final Block
aov,aQ,field_180404_aQ,BIRCH_FENCE,,,,field,public static final Block
aov,aR,field_180403_aR,JUNGLE_FENCE,,,,field,public static final Block
aov,aS,field_180406_aS,DARK_OAK_FENCE,,,,field,public static final Block
aov,aT,field_180405_aT,ACACIA_FENCE,,,,field,public static final Block
aov,aU,field_150423_aK,PUMPKIN,,,,field,public static final Block
aov,aV,field_150424_aL,NETHERRACK,,,,field,public static final Block
aov,aW,field_150425_aM,SOUL_SAND,,,,field,public static final Block
aov,aX,field_150426_aN,GLOWSTONE,,,,field,public static final Block
aov,aY,field_150427_aO,PORTAL,,,,field,public static final BlockPortal
aov,aZ,field_150428_aP,LIT_PUMPKIN,,,,field,public static final Block
aov,ba,field_150414_aQ,CAKE,,,,field,public static final Block
aov,bb,field_150413_aR,UNPOWERED_REPEATER,,,,field,public static final BlockRepeater
aov,bc,field_150416_aS,POWERED_REPEATER,,,,field,public static final BlockRepeater
aov,bd,field_150415_aT,TRAPDOOR,,,,field,public static final Block
aov,be,field_150418_aU,MONSTER_EGG,,,,field,public static final Block
aov,bf,field_150417_aV,STONEBRICK,,,,field,public static final Block
aov,bg,field_150420_aW,BROWN_MUSHROOM_BLOCK,,,,field,public static final Block
aov,bh,field_150419_aX,RED_MUSHROOM_BLOCK,,,,field,public static final Block
aov,bi,field_150411_aY,IRON_BARS,,,,field,public static final Block
aov,bj,field_150410_aZ,GLASS_PANE,,,,field,public static final Block
aov,bk,field_150440_ba,MELON_BLOCK,,,,field,public static final Block
aov,bl,field_150393_bb,PUMPKIN_STEM,,,,field,public static final Block
aov,bm,field_150394_bc,MELON_STEM,,,,field,public static final Block
aov,bn,field_150395_bd,VINE,,,,field,public static final Block
aov,bo,field_180390_bo,FENCE_GATE,,,,field,public static final Block
aov,bp,field_180391_bp,SPRUCE_FENCE_GATE,,,,field,public static final Block
aov,bq,field_180392_bq,BIRCH_FENCE_GATE,,,,field,public static final Block
aov,br,field_180386_br,JUNGLE_FENCE_GATE,,,,field,public static final Block
aov,bs,field_180385_bs,DARK_OAK_FENCE_GATE,,,,field,public static final Block
aov,bt,field_180387_bt,ACACIA_FENCE_GATE,,,,field,public static final Block
aov,bu,field_150389_bf,BRICK_STAIRS,,,,field,public static final Block
aov,bv,field_150390_bg,STONE_BRICK_STAIRS,,,,field,public static final Block
aov,bw,field_150391_bh,MYCELIUM,,,,field,public static final BlockMycel
aov,bx,field_150392_bi,WATERLILY,,,,field,public static final Block
aov,by,field_150385_bj,NETHER_BRICK,,,,field,public static final Block
aov,bz,field_150386_bk,NETHER_BRICK_FENCE,,,,field,public static final Block
aov,bA,field_150387_bl,NETHER_BRICK_STAIRS,,,,field,public static final Block
aov,bB,field_150388_bm,NETHER_WART,,,,field,public static final Block
aov,bC,field_150381_bn,ENCHANTING_TABLE,,,,field,public static final Block
aov,bD,field_150382_bo,BREWING_STAND,,,,field,public static final Block
aov,bE,field_150383_bp,cauldron,,,,field,public static final BlockCauldron
aov,bF,field_150384_bq,END_PORTAL,,,,field,public static final Block
aov,bG,field_150378_br,END_PORTAL_FRAME,,,,field,public static final Block
aov,bH,field_150377_bs,END_STONE,,,,field,public static final Block
aov,bI,field_150380_bt,DRAGON_EGG,,,,field,public static final Block
aov,bJ,field_150379_bu,REDSTONE_LAMP,,,,field,public static final Block
aov,bK,field_150374_bv,LIT_REDSTONE_LAMP,,,,field,public static final Block
aov,bL,field_150373_bw,DOUBLE_WOODEN_SLAB,,,,field,public static final BlockStepAbstract
aov,bM,field_150376_bx,WOODEN_SLAB,,,,field,public static final BlockStepAbstract
aov,bN,field_150375_by,COCOA,,,,field,public static final Block
aov,bO,field_150372_bz,SANDSTONE_STAIRS,,,,field,public static final Block
aov,bP,field_150412_bA,EMERALD_ORE,,,,field,public static final Block
aov,bQ,field_150477_bB,ENDER_CHEST,,,,field,public static final Block
aov,bR,field_150479_bC,TRIPWIRE_HOOK,,,,field,public static final BlockTripwireHook
aov,bS,field_150473_bD,TRIPWIRE,,,,field,public static final Block
aov,bT,field_150475_bE,EMERALD_BLOCK,,,,field,public static final Block
aov,bU,field_150485_bF,SPRUCE_STAIRS,,,,field,public static final Block
aov,bV,field_150487_bG,BIRCH_STAIRS,,,,field,public static final Block
aov,bW,field_150481_bH,JUNGLE_STAIRS,,,,field,public static final Block
aov,bX,field_150483_bI,COMMAND_BLOCK,,,,field,public static final Block
aov,bY,field_150461_bJ,BEACON,,,,field,public static final BlockBeacon
aov,bZ,field_150463_bK,COBBLESTONE_WALL,,,,field,public static final Block
aov,ca,field_150457_bL,FLOWER_POT,,,,field,public static final Block
aov,cb,field_150459_bM,CARROTS,,,,field,public static final Block
aov,cc,field_150469_bN,POTATOES,,,,field,public static final Block
aov,cd,field_150471_bO,WOODEN_BUTTON,,,,field,public static final Block
aov,ce,field_150465_bP,SKULL,,,,field,public static final BlockSkull
aov,cf,field_150467_bQ,ANVIL,,,,field,public static final Block
aov,cg,field_150447_bR,TRAPPED_CHEST,,,,field,public static final Block
aov,ch,field_150445_bS,LIGHT_WEIGHTED_PRESSURE_PLATE,,,,field,public static final Block
aov,ci,field_150443_bT,HEAVY_WEIGHTED_PRESSURE_PLATE,,,,field,public static final Block
aov,cj,field_150441_bU,UNPOWERED_COMPARATOR,,,,field,public static final BlockRedstoneComparator
aov,ck,field_150455_bV,POWERED_COMPARATOR,,,,field,public static final BlockRedstoneComparator
aov,cl,field_150453_bW,DAYLIGHT_DETECTOR,,,,field,public static final BlockDaylightDetector
aov,cm,field_180402_cm,DAYLIGHT_DETECTOR_INVERTED,,,,field,public static final BlockDaylightDetector
aov,cn,field_150451_bX,REDSTONE_BLOCK,,,,field,public static final Block
aov,co,field_150449_bY,QUARTZ_ORE,,,,field,public static final Block
aov,cp,field_150438_bZ,HOPPER,,,,field,public static final BlockHopper
aov,cq,field_150371_ca,QUARTZ_BLOCK,,,,field,public static final Block
aov,cr,field_150370_cb,QUARTZ_STAIRS,,,,field,public static final Block
aov,cs,field_150408_cc,ACTIVATOR_RAIL,,,,field,public static final Block
aov,ct,field_150409_cd,DROPPER,,,,field,public static final Block
aov,cu,field_150406_ce,STAINED_HARDENED_CLAY,,,,field,public static final Block
aov,cv,field_180401_cv,BARRIER,,,,field,public static final Block
aov,cw,field_180400_cw,IRON_TRAPDOOR,,,,field,public static final Block
aov,cx,field_150407_cf,HAY_BLOCK,,,,field,public static final Block
aov,cy,field_150404_cg,CARPET,,,,field,public static final Block
aov,cz,field_150405_ch,HARDENED_CLAY,,,,field,public static final Block
aov,cA,field_150402_ci,COAL_BLOCK,,,,field,public static final Block
aov,cB,field_150403_cj,PACKED_ICE,,,,field,public static final Block
aov,cC,field_150400_ck,ACACIA_STAIRS,,,,field,public static final Block
aov,cD,field_150401_cl,DARK_OAK_STAIRS,,,,field,public static final Block
aov,cE,field_180399_cE,SLIME,,,,field,public static final Block
aov,cF,field_150398_cm,DOUBLE_PLANT,,,,field,public static final BlockTallPlant
aov,cG,field_150399_cn,STAINED_GLASS,,,,field,public static final BlockStainedGlass
aov,cH,field_150397_co,STAINED_GLASS_PANE,,,,field,public static final BlockStainedGlassPane
aov,cI,field_180397_cI,PRISMARINE,,,,field,public static final Block
aov,cJ,field_180398_cJ,SEA_LANTERN,,,,field,public static final Block
aov,cK,field_180393_cK,STANDING_BANNER,,,,field,public static final Block
aov,cL,field_180394_cL,WALL_BANNER,,,,field,public static final Block
aov,cM,field_180395_cM,RED_SANDSTONE,,,,field,public static final Block
aov,cN,field_180396_cN,RED_SANDSTONE_STAIRS,,,,field,public static final Block
aov,cO,field_180388_cO,DOUBLE_STONE_SLAB2,,,,field,public static final BlockStepAbstract
aov,cP,field_180389_cP,STONE_SLAB2,,,,field,public static final BlockStepAbstract
aov,cQ,field_185764_cQ,END_ROD,,,,field,public static final Block
aov,cR,field_185765_cR,CHORUS_PLANT,,,,field,public static final Block
aov,cS,field_185766_cS,CHORUS_FLOWER,,,,field,public static final Block
aov,cT,field_185767_cT,PURPUR_BLOCK,,,,field,public static final Block
aov,cU,field_185768_cU,PURPUR_PILLAR,,,,field,public static final Block
aov,cV,field_185769_cV,PURPUR_STAIRS,,,,field,public static final Block
aov,cW,field_185770_cW,PURPUR_DOUBLE_SLAB,,,,field,public static final BlockStepAbstract
aov,cX,field_185771_cX,PURPUR_SLAB,,,,field,public static final BlockStepAbstract
aov,cY,field_185772_cY,END_BRICKS,,,,field,public static final Block
aov,cZ,field_185773_cZ,BEETROOT,,,,field,public static final Block
aov,da,field_185774_da,GRASS_PATH,,,,field,public static final Block
aov,db,field_185775_db,END_GATEWAY,,,,field,public static final Block
aov,dc,field_185776_dc,,,,,field,public static final Block
aov,dd,field_185777_dd,,,,,field,public static final Block
aov,de,field_185778_de,FROSTED_ICE,,,,field,public static final Block
aov,df,field_189877_df,,,,,field,public static final Block
aov,dg,field_189878_dg,,,,,field,public static final Block
aov,dh,field_189879_dh,,,,,field,public static final Block
aov,di,field_189880_di,,,,,field,public static final Block
aov,dj,field_189881_dj,,,,,field,public static final Block
aov,dk,field_190976_dk,,,,,field,public static final Block
aov,dl,field_190977_dl,WHITE_SHULKER_BOX,,,,field,public static final Block
aov,dm,field_190978_dm,,,,,field,public static final Block
aov,dn,field_190979_dn,,,,,field,public static final Block
aov,do,field_190980_do,LIGHT_BLUE_SHULKER_BOX,,,,field,public static final Block
aov,dp,field_190981_dp,,,,,field,public static final Block
aov,dq,field_190982_dq,,,,,field,public static final Block
aov,dr,field_190983_dr,,,,,field,public static final Block
aov,ds,field_190984_ds,,,,,field,public static final Block
aov,dt,field_190985_dt,,,,,field,public static final Block
aov,du,field_190986_du,,,,,field,public static final Block
aov,dv,field_190987_dv,,,,,field,public static final Block
aov,dw,field_190988_dw,,,,,field,public static final Block
aov,dx,field_190989_dx,,,,,field,public static final Block
aov,dy,field_190990_dy,,,,,field,public static final Block
aov,dz,field_190991_dz,,,,,field,public static final Block
aov,dA,field_190975_dA,,,,,field,public static final Block
aov,dB,field_192427_dB,,,,,field,public static final Block
aov,dC,field_192428_dC,,,,,field,public static final Block
aov,dD,field_192429_dD,,,,,field,public static final Block
aov,dE,field_192430_dE,,,,,field,public static final Block
aov,dF,field_192431_dF,,,,,field,public static final Block
aov,dG,field_192432_dG,,,,,field,public static final Block
aov,dH,field_192433_dH,,,,,field,public static final Block
aov,dI,field_192434_dI,,,,,field,public static final Block
aov,dJ,field_192435_dJ,,,,,field,public static final Block
aov,dK,field_192436_dK,,,,,field,public static final Block
aov,dL,field_192437_dL,,,,,field,public static final Block
aov,dM,field_192438_dM,,,,,field,public static final Block
aov,dN,field_192439_dN,,,,,field,public static final Block
aov,dO,field_192440_dO,,,,,field,public static final Block
aov,dP,field_192441_dP,,,,,field,public static final Block
aov,dQ,field_192442_dQ,,,,,field,public static final Block
aov,dR,field_192443_dR,,,,,field,public static final Block
aov,dS,field_192444_dS,,,,,field,public static final Block
aov,dT,field_185779_df,STRUCTURE_BLOCK,,,,field,public static final Block
aoz,a,field_176451_a,HAS_BOTTLE,,,,field,public static final BlockStateBoolean[]
aoz,b,field_185555_b,,,,,field,protected static final AxisAlignedBB
aoz,c,field_185556_c,,,,,field,protected static final AxisAlignedBB
ap$a,a,field_193450_a,,,,,field,private final AdvancementDataPlayer
ap$a,b,field_193451_b,,,,,field,private final Set<CriterionTrigger$a<CriterionTriggerLevitation$b>>
ap$b,a,field_193202_a,,,,,field,private final CriterionConditionDistance
ap$b,b,field_193203_b,,,,,field,private final CriterionConditionValue
ap,a,field_193164_a,,,,,field,private static final MinecraftKey
ap,b,field_193165_b,,,,,field,"private final Map<AdvancementDataPlayer, CriterionTriggerLevitation$a>"
apa,b,field_185515_b,,,,,field,protected static final AxisAlignedBB
apb,a,field_176584_b,POWERED,,,,field,public static final BlockStateBoolean
apb,b,field_185618_b,,,,,field,protected static final AxisAlignedBB
apb,c,field_185620_c,,,,,field,protected static final AxisAlignedBB
apb,d,field_185622_d,,,,,field,protected static final AxisAlignedBB
apb,e,field_185624_e,,,,,field,protected static final AxisAlignedBB
apb,f,field_185626_f,,,,,field,protected static final AxisAlignedBB
apb,g,field_185628_g,,,,,field,protected static final AxisAlignedBB
apb,B,field_185619_B,,,,,field,protected static final AxisAlignedBB
apb,C,field_185621_C,,,,,field,protected static final AxisAlignedBB
apb,D,field_185623_D,,,,,field,protected static final AxisAlignedBB
apb,E,field_185625_E,,,,,field,protected static final AxisAlignedBB
apb,F,field_185627_F,,,,,field,protected static final AxisAlignedBB
apb,G,field_185629_G,,,,,field,protected static final AxisAlignedBB
apb,I,field_150047_a,,,,,field,private final boolean
apc,a,field_176587_a,AGE,,,,field,public static final BlockStateInteger
apc,b,field_185593_b,,,,,field,protected static final AxisAlignedBB
apc,c,field_185594_c,,,,,field,protected static final AxisAlignedBB
apd,a,field_176589_a,BITES,,,,field,public static final BlockStateInteger
apd,b,field_185595_b,,,,,field,protected static final AxisAlignedBB[]
ape,a,field_185533_a,,,,,field,private static final AxisAlignedBB[]
apf,a,field_176591_a,LEVEL,,,,field,public static final BlockStateInteger
apf,b,field_185596_b,,,,,field,protected static final AxisAlignedBB
apf,c,field_185597_c,,,,,field,protected static final AxisAlignedBB
apf,d,field_185598_d,,,,,field,protected static final AxisAlignedBB
apf,e,field_185599_e,,,,,field,protected static final AxisAlignedBB
apf,f,field_185600_f,,,,,field,protected static final AxisAlignedBB
apg$a,a,BASIC,BASIC,,,,enum,
apg$a,b,TRAP,TRAP,,,,enum,
apg,a,field_176459_a,FACING,,,,field,public static final BlockStateDirection
apg,b,field_185557_b,,,,,field,protected static final AxisAlignedBB
apg,c,field_185558_c,,,,,field,protected static final AxisAlignedBB
apg,d,field_185559_d,,,,,field,protected static final AxisAlignedBB
apg,e,field_185560_e,,,,,field,protected static final AxisAlignedBB
apg,f,field_185561_f,,,,,field,protected static final AxisAlignedBB
apg,g,field_149956_a,,,,,field,public final BlockChest$Type
aph,a,field_185607_a,AGE,,,,field,public static final BlockStateInteger
api,a,field_185609_a,,,,,field,public static final BlockStateBoolean
api,b,field_185610_b,,,,,field,public static final BlockStateBoolean
api,c,field_185611_c,,,,,field,public static final BlockStateBoolean
api,d,field_185612_d,,,,,field,public static final BlockStateBoolean
api,e,field_185613_e,,,,,field,public static final BlockStateBoolean
api,f,field_185614_f,,,,,field,public static final BlockStateBoolean
apk,a,field_176501_a,AGE,,,,field,public static final BlockStateInteger
apk,b,field_185535_b,,,,,field,protected static final AxisAlignedBB[]
apk,c,field_185536_c,,,,,field,protected static final AxisAlignedBB[]
apk,d,field_185537_d,,,,,field,protected static final AxisAlignedBB[]
apk,e,field_185538_e,,,,,field,protected static final AxisAlignedBB[]
apl,a,field_176581_a,COLOR,,,,field,public static final BlockStateEnum<EnumColor>
apm,c,field_193388_c,,,,,field,private static final org.apache.logging.log4j.Logger
apm,a,field_185564_a,,,,,field,public static final BlockStateDirection
apm,b,field_185565_b,,,,,field,public static final BlockStateBoolean
apn$a,a,COMPARE,COMPARE,,,,enum,
apn$a,b,SUBTRACT,SUBTRACT,,,,enum,
apn$a,c,field_177041_c,,,,,field,private final String
apn,a,field_176464_a,POWERED,,,,field,public static final BlockStateBoolean
apn,b,field_176463_b,MODE,,,,field,public static final BlockStateEnum<BlockRedstoneComparator$EnumComparatorMode>
apo,a,field_192426_a,,,,,field,public static final BlockStateEnum<EnumColor>
app$a,a,field_175128_a,,,,,field,private final World
app$a,b,field_175127_b,,,,,field,private final BlockPosition
apq,c,field_176488_a,AGE,,,,field,public static final BlockStateInteger
apq,a,field_185530_a,,,,,field,private static final AxisAlignedBB[]
apr,a,field_176436_a,POWER,,,,field,public static final BlockStateInteger
apr,b,field_185566_b,,,,,field,protected static final AxisAlignedBB
apr,c,field_176435_b,,,,,field,private final boolean
aps,a,field_185516_a,,,,,field,protected static final AxisAlignedBB
apt,d,field_176573_b,SHAPE,,,,field,public static final BlockStateEnum<BlockMinecartTrackAbstract$EnumTrackPosition>
apt,e,field_176574_M,POWERED,,,,field,public static final BlockStateBoolean
apu,c,field_185548_c,,,,,field,protected static final AxisAlignedBB
apu,d,field_149914_a,,,,,field,protected final boolean
apv,H,field_176387_N,FACING,,,,field,public static final BlockStateDirection
apw$a,a,DIRT,DIRT,,,,enum,
apw$a,b,COARSE_DIRT,COARSE_DIRT,,,,enum,
apw$a,c,PODZOL,PODZOL,,,,enum,
apw$a,d,field_176930_d,,,,,field,private static final BlockDirt$EnumDirtVariant[]
apw$a,e,field_176931_e,,,,,field,private final int
apw$a,f,field_176928_f,,,,,field,private final String
apw$a,g,field_176929_g,,,,,field,private final String
apw$a,h,field_181067_h,,,,,field,private final MaterialMapColor
apw,a,field_176386_a,VARIANT,,,,field,public static final BlockStateEnum<BlockDirt$EnumDirtVariant>
apw,b,field_176385_b,SNOWY,,,,field,public static final BlockStateBoolean
apx,a,field_176441_a,FACING,,,,field,public static final BlockStateDirection
apx,b,field_176440_b,TRIGGERED,,,,field,public static final BlockStateBoolean
apx,c,field_149943_a,REGISTRY,,,,field,"public static final RegistryDefault<Item, IDispenseBehavior>"
apx,d,field_149942_b,,,,,field,protected Random
apy$a,a,UPPER,UPPER,,,,enum,
apy$a,b,LOWER,LOWER,,,,enum,
apy$b,a,LEFT,LEFT,,,,enum,
apy$b,b,RIGHT,RIGHT,,,,enum,
apy,a,field_176520_a,FACING,,,,field,public static final BlockStateDirection
apy,b,field_176519_b,OPEN,,,,field,public static final BlockStateBoolean
apy,c,field_176521_M,HINGE,,,,field,public static final BlockStateEnum<BlockDoor$EnumDoorHinge>
apy,d,field_176522_N,POWERED,,,,field,public static final BlockStateBoolean
apy,e,field_176523_O,HALF,,,,field,public static final BlockStateEnum<BlockDoor$EnumDoorHalf>
apy,f,field_185658_f,,,,,field,protected static final AxisAlignedBB
apy,g,field_185659_g,,,,,field,protected static final AxisAlignedBB
apy,B,field_185656_B,,,,,field,protected static final AxisAlignedBB
apy,C,field_185657_C,,,,,field,protected static final AxisAlignedBB
apz$a,a,UPPER,UPPER,,,,enum,
apz$a,b,LOWER,LOWER,,,,enum,
apz$b,a,SUNFLOWER,SUNFLOWER,,,,enum,
apz$b,b,SYRINGA,SYRINGA,,,,enum,
apz$b,c,GRASS,GRASS,,,,enum,
apz$b,d,FERN,FERN,,,,enum,
apz$b,e,ROSE,ROSE,,,,enum,
apz$b,f,PAEONIA,PAEONIA,,,,enum,
apz$b,g,field_176941_g,,,,,field,private static final BlockTallPlant$EnumTallFlowerVariants[]
apz$b,h,field_176949_h,,,,,field,private final int
apz$b,i,field_176950_i,,,,,field,private final String
apz$b,j,field_176947_j,,,,,field,private final String
apz,a,field_176493_a,VARIANT,,,,field,public static final BlockStateEnum<BlockTallPlant$EnumTallFlowerVariants>
apz,c,field_176492_b,HALF,,,,field,public static final BlockStateEnum<BlockTallPlant$EnumTallPlantHalf>
apz,d,field_181084_N,,,,,field,public static final BlockStateEnum<EnumDirection>
aq,a,field_193455_a,,,,,field,public static CriterionConditionLocation
aq,c,field_193457_c,,,,,field,private final CriterionConditionValue
aq,d,field_193458_d,,,,,field,private final CriterionConditionValue
aq,e,field_193459_e,,,,,field,private final CriterionConditionValue
aq,b,field_193456_b,,,,,field,final BiomeBase
aq,f,field_193460_f,,,,,field,private final String
aq,g,field_193461_g,,,,,field,private final DimensionManager
aqa,a,field_185660_a,,,,,field,protected static final AxisAlignedBB
aqb,e,field_149947_P,,,,,field,private final IDispenseBehavior
aqc,a,field_149815_a,,,,,field,int
aqd,a,field_185567_a,,,,,field,protected static final AxisAlignedBB
aqf,a,field_185568_a,,,,,field,protected static final AxisAlignedBB
aqg,a,field_176508_a,FACING,,,,field,public static final BlockStateDirection
aqg,b,field_176507_b,EYE,,,,field,public static final BlockStateBoolean
aqg,c,field_185662_c,,,,,field,protected static final AxisAlignedBB
aqg,d,field_185663_d,,,,,field,protected static final AxisAlignedBB
aqg,e,field_185664_e,,,,,field,private static ShapeDetector
aqh,a,field_185630_a,,,,,field,protected static final AxisAlignedBB
aqh,b,field_185631_b,,,,,field,protected static final AxisAlignedBB
aqh,c,field_185632_c,,,,,field,protected static final AxisAlignedBB
aqi,a,field_176437_a,FACING,,,,field,public static final BlockStateDirection
aqi,b,field_185569_b,,,,,field,protected static final AxisAlignedBB
aqk,f,field_149832_M,instaFall,,,,field,public static boolean
aql,a,field_176531_a,MOISTURE,,,,field,public static final BlockStateInteger
aql,b,field_185665_b,,,,,field,protected static final AxisAlignedBB
aqm,a,field_176526_a,NORTH,,,,field,public static final BlockStateBoolean
aqm,b,field_176525_b,EAST,,,,field,public static final BlockStateBoolean
aqm,c,field_176527_M,SOUTH,,,,field,public static final BlockStateBoolean
aqm,d,field_176528_N,WEST,,,,field,public static final BlockStateBoolean
aqm,e,field_185670_e,,,,,field,protected static final AxisAlignedBB[]
aqm,f,field_185671_f,,,,,field,public static final AxisAlignedBB
aqm,g,field_185672_g,,,,,field,public static final AxisAlignedBB
aqm,B,field_185667_B,,,,,field,public static final AxisAlignedBB
aqm,C,field_185668_C,,,,,field,public static final AxisAlignedBB
aqm,D,field_185669_D,,,,,field,public static final AxisAlignedBB
aqn,a,field_176466_a,OPEN,,,,field,public static final BlockStateBoolean
aqn,b,field_176465_b,POWERED,,,,field,public static final BlockStateBoolean
aqn,c,field_176467_M,IN_WALL,,,,field,public static final BlockStateBoolean
aqn,d,field_185541_d,,,,,field,protected static final AxisAlignedBB
aqn,e,field_185542_e,,,,,field,protected static final AxisAlignedBB
aqn,f,field_185543_f,,,,,field,protected static final AxisAlignedBB
aqn,g,field_185544_g,,,,,field,protected static final AxisAlignedBB
aqn,B,field_185539_B,,,,,field,protected static final AxisAlignedBB
aqn,C,field_185540_C,,,,,field,protected static final AxisAlignedBB
aqo,a,field_176543_a,AGE,,,,field,public static final BlockStateInteger
aqo,b,field_176545_N,NORTH,,,,field,public static final BlockStateBoolean
aqo,c,field_176546_O,EAST,,,,field,public static final BlockStateBoolean
aqo,d,field_176541_P,SOUTH,,,,field,public static final BlockStateBoolean
aqo,e,field_176539_Q,WEST,,,,field,public static final BlockStateBoolean
aqo,f,field_176542_R,UPPER,,,,field,public static final BlockStateBoolean
aqo,g,field_149849_a,flameChances,,,,field,"private final Map<Block, Integer>"
aqo,B,field_149848_b,,,,,field,"private final Map<Block, Integer>"
aqp$a,a,DANDELION,DANDELION,,,,enum,
aqp$a,b,POPPY,POPPY,,,,enum,
aqp$a,c,BLUE_ORCHID,BLUE_ORCHID,,,,enum,
aqp$a,d,ALLIUM,ALLIUM,,,,enum,
aqp$a,e,HOUSTONIA,HOUSTONIA,,,,enum,
aqp$a,f,RED_TULIP,RED_TULIP,,,,enum,
aqp$a,g,ORANGE_TULIP,ORANGE_TULIP,,,,enum,
aqp$a,h,WHITE_TULIP,WHITE_TULIP,,,,enum,
aqp$a,i,PINK_TULIP,PINK_TULIP,,,,enum,
aqp$a,j,OXEYE_DAISY,OXEYE_DAISY,,,,enum,
aqp$a,k,field_176981_k,,,,,field,private static final BlockFlowers$EnumFlowerVarient[][]
aqp$a,l,field_176978_l,,,,,field,private final BlockFlowers$EnumFlowerType
aqp$a,m,field_176979_m,,,,,field,private final int
aqp$a,n,field_176976_n,,,,,field,private final String
aqp$a,o,field_176977_o,,,,,field,private final String
aqp$b,a,YELLOW,YELLOW,,,,enum,
aqp$b,b,RED,RED,,,,enum,
aqp,a,field_176496_a,TYPE,,,,field,protected BlockStateEnum<BlockFlowers$EnumFlowerVarient>
aqq$a,a,EMPTY,EMPTY,,,,enum,
aqq$a,b,POPPY,POPPY,,,,enum,
aqq$a,c,BLUE_ORCHID,BLUE_ORCHID,,,,enum,
aqq$a,d,ALLIUM,ALLIUM,,,,enum,
aqq$a,e,HOUSTONIA,HOUSTONIA,,,,enum,
aqq$a,f,RED_TULIP,RED_TULIP,,,,enum,
aqq$a,g,ORANGE_TULIP,ORANGE_TULIP,,,,enum,
aqq$a,h,WHITE_TULIP,WHITE_TULIP,,,,enum,
aqq$a,i,PINK_TULIP,PINK_TULIP,,,,enum,
aqq$a,j,OXEYE_DAISY,OXEYE_DAISY,,,,enum,
aqq$a,k,DANDELION,DANDELION,,,,enum,
aqq$a,l,OAK_SAPLING,OAK_SAPLING,,,,enum,
aqq$a,m,SPRUCE_SAPLING,SPRUCE_SAPLING,,,,enum,
aqq$a,n,BIRCH_SAPLING,BIRCH_SAPLING,,,,enum,
aqq$a,o,JUNGLE_SAPLING,JUNGLE_SAPLING,,,,enum,
aqq$a,p,ACACIA_SAPLING,ACACIA_SAPLING,,,,enum,
aqq$a,q,DARK_OAK_SAPLING,DARK_OAK_SAPLING,,,,enum,
aqq$a,r,MUSHROOM_RED,MUSHROOM_RED,,,,enum,
aqq$a,s,MUSHROOM_BROWN,MUSHROOM_BROWN,,,,enum,
aqq$a,t,DEAD_BUSH,DEAD_BUSH,,,,enum,
aqq$a,u,FERN,FERN,,,,enum,
aqq$a,v,CACTUS,CACTUS,,,,enum,
aqq$a,w,field_177006_w,,,,,field,private final String
aqq,a,field_176444_a,LEGACY_DATA,,,,field,public static final BlockStateInteger
aqq,b,field_176443_b,CONTENTS,,,,field,public static final BlockStateEnum<BlockFlowerPot$EnumFlowerPotContents>
aqq,c,field_185570_c,,,,,field,protected static final AxisAlignedBB
aqr,a,field_185682_a,,,,,field,public static final BlockStateInteger
aqv,a,field_176447_a,FACING,,,,field,public static final BlockStateDirection
aqv,b,field_149932_b,,,,,field,private final boolean
aqv,c,field_149934_M,,,,,field,private static boolean
aqz,a,field_176498_a,SNOWY,,,,field,public static final BlockStateBoolean
ar$a,a,field_192511_a,,,,,field,private final AdvancementDataPlayer
ar$a,b,field_192512_b,,,,,field,private final Set<CriterionTrigger$a<CriterionTriggerLocation$b>>
ar$b,a,field_193205_a,,,,,field,private final CriterionConditionLocation
ar,a,field_192217_a,,,,,field,private final MinecraftKey
ar,b,field_192218_b,,,,,field,"private final Map<AdvancementDataPlayer, CriterionTriggerLocation$a>"
ara,a,field_185673_a,,,,,field,protected static final AxisAlignedBB
ard$a,a,TOP,TOP,,,,enum,
ard$a,b,BOTTOM,BOTTOM,,,,enum,
ard$a,c,field_176988_c,,,,,field,private final String
ard,a,field_176554_a,HALF,,,,field,public static final BlockStateEnum<BlockStepAbstract$EnumSlabHalf>
ard,b,field_185676_b,,,,,field,protected static final AxisAlignedBB
ard,c,field_185677_c,,,,,field,protected static final AxisAlignedBB
arf,a,field_149996_a,,,,,field,private final boolean
arj,a,field_176430_a,FACING,,,,field,public static final BlockStateDirection
arj,b,field_176429_b,ENABLED,,,,field,public static final BlockStateBoolean
arj,c,field_185571_c,,,,,field,protected static final AxisAlignedBB
arj,d,field_185572_d,,,,,field,protected static final AxisAlignedBB
arj,e,field_185573_e,,,,,field,protected static final AxisAlignedBB
arj,f,field_185574_f,,,,,field,protected static final AxisAlignedBB
arj,g,field_185575_g,,,,,field,protected static final AxisAlignedBB
ark,D,field_185512_D,FACING,,,,field,public static final BlockStateDirection
arl$a,a,NORTH_WEST,NORTH_WEST,,,,enum,
arl$a,b,NORTH,NORTH,,,,enum,
arl$a,c,NORTH_EAST,NORTH_EAST,,,,enum,
arl$a,d,WEST,WEST,,,,enum,
arl$a,e,CENTER,CENTER,,,,enum,
arl$a,f,EAST,EAST,,,,enum,
arl$a,g,SOUTH_WEST,SOUTH_WEST,,,,enum,
arl$a,h,SOUTH,SOUTH,,,,enum,
arl$a,i,SOUTH_EAST,SOUTH_EAST,,,,enum,
arl$a,j,STEM,STEM,,,,enum,
arl$a,k,ALL_INSIDE,ALL_INSIDE,,,,enum,
arl$a,l,ALL_OUTSIDE,ALL_OUTSIDE,,,,enum,
arl$a,m,ALL_STEM,ALL_STEM,,,,enum,
arl$a,n,field_176905_n,,,,,field,private static final BlockHugeMushroom$EnumHugeMushroomVariant[]
arl$a,o,field_176906_o,,,,,field,private final int
arl$a,p,field_176914_p,,,,,field,private final String
arl,a,field_176380_a,VARIANT,,,,field,public static final BlockStateEnum<BlockHugeMushroom$EnumHugeMushroomVariant>
arl,b,field_176379_b,,,,,field,private final Block
arn$a,a,field_145858_a,record,,,,field,private ItemStack
arn,a,field_176432_a,HAS_RECORD,,,,field,public static final BlockStateBoolean
aro,a,field_176382_a,FACING,,,,field,public static final BlockStateDirection
aro,b,field_185687_b,,,,,field,protected static final AxisAlignedBB
aro,c,field_185688_c,,,,,field,protected static final AxisAlignedBB
aro,d,field_185689_d,,,,,field,protected static final AxisAlignedBB
aro,e,field_185690_e,,,,,field,protected static final AxisAlignedBB
arp,a,field_176237_a,DECAYABLE,,,,field,public static final BlockStateBoolean
arp,b,field_176236_b,CHECK_DECAY,,,,field,public static final BlockStateBoolean
arp,c,field_185686_c,,,,,field,protected boolean
arp,d,field_150128_a,,,,,field,int[]
arr$a,a,DOWN_X,DOWN_X,,,,enum,
arr$a,b,EAST,EAST,,,,enum,
arr$a,c,WEST,WEST,,,,enum,
arr$a,d,SOUTH,SOUTH,,,,enum,
arr$a,e,NORTH,NORTH,,,,enum,
arr$a,f,UP_Z,UP_Z,,,,enum,
arr$a,g,UP_X,UP_X,,,,enum,
arr$a,h,DOWN_Z,DOWN_Z,,,,enum,
arr$a,i,field_176869_i,,,,,field,private static final BlockLever$EnumLeverPosition[]
arr$a,j,field_176866_j,,,,,field,private final int
arr$a,k,field_176867_k,,,,,field,private final String
arr$a,l,field_176864_l,,,,,field,private final EnumDirection
arr,a,field_176360_a,FACING,,,,field,public static final BlockStateEnum<BlockLever$EnumLeverPosition>
arr,b,field_176359_b,POWERED,,,,field,public static final BlockStateBoolean
arr,c,field_185692_c,,,,,field,protected static final AxisAlignedBB
arr,d,field_185693_d,,,,,field,protected static final AxisAlignedBB
arr,e,field_185694_e,,,,,field,protected static final AxisAlignedBB
arr,f,field_185695_f,,,,,field,protected static final AxisAlignedBB
arr,g,field_185696_g,,,,,field,protected static final AxisAlignedBB
arr,B,field_185691_B,,,,,field,protected static final AxisAlignedBB
ars,b,field_176367_b,LEVEL,,,,field,public static final BlockStateInteger
art$a,a,X,X,,,,enum,
art$a,b,Y,Y,,,,enum,
art$a,c,Z,Z,,,,enum,
art$a,d,NONE,NONE,,,,enum,
art$a,e,field_176874_e,,,,,field,private final String
art,a,field_176299_a,AXIS,,,,field,public static final BlockStateEnum<BlockLogAbstract$EnumLogRotation>
arw,a,NONE,NONE,,,,enum,
arw,b,LEFT_RIGHT,LEFT_RIGHT,,,,enum,
arw,c,FRONT_BACK,FRONT_BACK,,,,enum,
arw,d,field_185807_d,,,,,field,private final String
arw,e,field_185808_e,,,,,field,private static final String[]
ary$a,a,STONE,STONE,,,,enum,
ary$a,b,COBBLESTONE,COBBLESTONE,,,,enum,
ary$a,c,STONEBRICK,STONEBRICK,,,,enum,
ary$a,d,MOSSY_STONEBRICK,MOSSY_STONEBRICK,,,,enum,
ary$a,e,CRACKED_STONEBRICK,CRACKED_STONEBRICK,,,,enum,
ary$a,f,CHISELED_STONEBRICK,CHISELED_STONEBRICK,,,,enum,
ary$a,g,field_176885_g,,,,,field,private static final BlockMonsterEggs$EnumMonsterEggVarient[]
ary$a,h,field_176893_h,,,,,field,private final int
ary$a,i,field_176894_i,,,,,field,private final String
ary$a,j,field_176891_j,,,,,field,private final String
ary,a,field_176378_a,VARIANT,,,,field,public static final BlockStateEnum<BlockMonsterEggs$EnumMonsterEggVarient>
arz,a,field_185518_a,,,,,field,protected static final AxisAlignedBB
as,a,field_192516_a,,,,,field,public static final CriterionConditionValue
as,b,field_192517_b,,,,,field,private final Float
as,c,field_192518_c,,,,,field,private final Float
asa,a,field_176384_a,SNOWY,,,,field,public static final BlockStateBoolean
asc,a,field_176486_a,AGE,,,,field,public static final BlockStateInteger
asc,c,field_185519_c,,,,,field,private static final AxisAlignedBB[]
ase,e,field_176240_P,VARIANT,,,,field,public static final BlockStateEnum<BlockWood$EnumLogVariant>
asf,b,field_176300_b,VARIANT,,,,field,public static final BlockStateEnum<BlockWood$EnumLogVariant>
asg$a,a,RED_SANDSTONE,RED_SANDSTONE,,,,enum,
asg$a,b,field_176921_b,,,,,field,private static final BlockDoubleStoneStepAbstract$EnumStoneSlab2Variant[]
asg$a,c,field_176922_c,,,,,field,private final int
asg$a,d,field_176919_d,,,,,field,private final String
asg$a,e,field_181069_e,,,,,field,private final MaterialMapColor
asg,d,field_176558_b,SEAMLESS,,,,field,public static final BlockStateBoolean
asg,e,field_176559_M,VARIANT,,,,field,public static final BlockStateEnum<BlockDoubleStoneStepAbstract$EnumStoneSlab2Variant>
asi,a,field_176434_a,,,,,field,private static final List<SoundEffect>
asj,a,field_190963_a,,,,,field,public static final BlockStateBoolean
asl,e,field_176239_P,VARIANT,,,,field,public static final BlockStateEnum<BlockWood$EnumLogVariant>
asm,b,field_176301_b,VARIANT,,,,field,public static final BlockStateEnum<BlockWood$EnumLogVariant>
asp$a,a,OAK,OAK,,,,enum,
asp$a,b,SPRUCE,SPRUCE,,,,enum,
asp$a,c,BIRCH,BIRCH,,,,enum,
asp$a,d,JUNGLE,JUNGLE,,,,enum,
asp$a,e,ACACIA,ACACIA,,,,enum,
asp$a,f,DARK_OAK,DARK_OAK,,,,enum,
asp$a,g,field_176842_g,,,,,field,private static final BlockWood$EnumLogVariant[]
asp$a,h,field_176850_h,,,,,field,private final int
asp$a,i,field_176851_i,,,,,field,private final String
asp$a,j,field_176848_j,,,,,field,private final String
asp$a,k,field_181071_k,,,,,field,private final MaterialMapColor
asp,a,field_176383_a,VARIANT,,,,field,public static final BlockStateEnum<BlockWood$EnumLogVariant>
asq$a,a,field_150867_a,,,,,field,private final World
asq$a,b,field_150865_b,,,,,field,private final EnumDirection$EnumAxis
asq$a,c,field_150866_c,,,,,field,private final EnumDirection
asq$a,d,field_150863_d,,,,,field,private final EnumDirection
asq$a,e,field_150864_e,,,,,field,private int
asq$a,f,field_150861_f,position,,,,field,private BlockPosition
asq$a,g,field_150862_g,height,,,,field,private int
asq$a,h,field_150868_h,width,,,,field,private int
asq,a,field_176550_a,AXIS,,,,field,public static final BlockStateEnum<EnumDirection$EnumAxis>
asq,b,field_185683_b,,,,,field,protected static final AxisAlignedBB
asq,c,field_185684_c,,,,,field,protected static final AxisAlignedBB
asq,d,field_185685_d,,,,,field,protected static final AxisAlignedBB
asr,a,field_185534_a,,,,,field,private static final AxisAlignedBB[]
ast,d,field_176568_b,SHAPE,,,,field,public static final BlockStateEnum<BlockMinecartTrackAbstract$EnumTrackPosition>
ast,e,field_176569_M,POWERED,,,,field,public static final BlockStateBoolean
asu$a,a,EVERYTHING,EVERYTHING,,,,enum,
asu$a,b,MOBS,MOBS,,,,enum,
asu,d,field_176580_a,POWERED,,,,field,public static final BlockStateBoolean
asu,e,field_150069_a,,,,,field,private final BlockPressurePlateBinary$EnumMobType
asv$a,a,ROUGH,ROUGH,,,,enum,
asv$a,b,BRICKS,BRICKS,,,,enum,
asv$a,c,DARK,DARK,,,,enum,
asv$a,d,field_176813_d,,,,,field,private static final BlockPrismarine$EnumPrismarineVariant[]
asv$a,e,field_176814_e,,,,,field,private final int
asv$a,f,field_176811_f,,,,,field,private final String
asv$a,g,field_176812_g,,,,,field,private final String
asv,a,field_176332_a,VARIANT,,,,field,public static final BlockStateEnum<BlockPrismarine$EnumPrismarineVariant>
asv,b,field_176331_b,,,,,field,public static final int
asv,c,field_176333_M,,,,,field,public static final int
asv,d,field_176334_N,,,,,field,public static final int
asw,a,field_176394_a,snowGolemPart,,,,field,private ShapeDetector
asw,b,field_176393_b,snowGolem,,,,field,private ShapeDetector
asw,c,field_176395_M,ironGolemPart,,,,field,private ShapeDetector
asw,d,field_176396_O,ironGolem,,,,field,private ShapeDetector
asw,e,field_181085_Q,,,,,field,private static final com.google.common.base.Predicate<IBlockData>
asx$c,a,DEFAULT,DEFAULT,,,,enum,
asx,d,field_185678_d,,,,,field,public static final BlockStateEnum<BlockPurpurSlab$Type>
asy$a,a,DEFAULT,DEFAULT,,,,enum,
asy$a,b,CHISELED,CHISELED,,,,enum,
asy$a,c,LINES_Y,LINES_Y,,,,enum,
asy$a,d,LINES_X,LINES_X,,,,enum,
asy$a,e,LINES_Z,LINES_Z,,,,enum,
asy$a,f,field_176797_f,,,,,field,private static final BlockQuartz$EnumQuartzVariant[]
asy$a,g,field_176798_g,,,,,field,private final int
asy$a,h,field_176805_h,,,,,field,private final String
asy$a,i,field_176806_i,,,,,field,private final String
asy,a,field_176335_a,VARIANT,,,,field,public static final BlockStateEnum<BlockQuartz$EnumQuartzVariant>
asz,d,field_176565_b,SHAPE,,,,field,public static final BlockStateEnum<BlockMinecartTrackAbstract$EnumTrackPosition>
at$a,a,field_193465_a,,,,,field,private final CriterionConditionValue
at$a,b,field_193466_b,,,,,field,private final CriterionConditionValue
at$a,c,field_193467_c,,,,,field,private final Boolean
at$a,d,field_193468_d,,,,,field,private final Boolean
at,a,field_193473_a,,,,,field,public static final CriterionConditionMobEffect
at,b,field_193474_b,,,,,field,"private final Map<MobEffectList, CriterionConditionMobEffect$a>"
atb$a,a,DEFAULT,DEFAULT,,,,enum,
atb$a,b,CHISELED,CHISELED,,,,enum,
atb$a,c,SMOOTH,SMOOTH,,,,enum,
atb$a,d,field_176831_d,,,,,field,private static final BlockRedSandstone$EnumRedSandstoneVariant[]
atb$a,e,field_176832_e,,,,,field,private final int
atb$a,f,field_176829_f,,,,,field,private final String
atb$a,g,field_176830_g,,,,,field,private final String
atb,a,field_176336_a,TYPE,,,,field,public static final BlockStateEnum<BlockRedSandstone$EnumRedSandstoneVariant>
atc,a,field_150187_a,,,,,field,private final boolean
atd$a,a,UP,UP,,,,enum,
atd$a,b,SIDE,SIDE,,,,enum,
atd$a,c,NONE,NONE,,,,enum,
atd$a,d,field_176820_d,,,,,field,private final String
atd,a,field_176348_a,NORTH,,,,field,public static final BlockStateEnum<BlockRedstoneWire$EnumRedstoneWireConnection>
atd,b,field_176347_b,EAST,,,,field,public static final BlockStateEnum<BlockRedstoneWire$EnumRedstoneWireConnection>
atd,c,field_176349_M,SOUTH,,,,field,public static final BlockStateEnum<BlockRedstoneWire$EnumRedstoneWireConnection>
atd,d,field_176350_N,WEST,,,,field,public static final BlockStateEnum<BlockRedstoneWire$EnumRedstoneWireConnection>
atd,e,field_176351_O,POWER,,,,field,public static final BlockStateInteger
atd,f,field_185700_f,,,,,field,protected static final AxisAlignedBB[]
atd,g,field_150181_a,,,,,field,private boolean
atd,B,field_150179_b,,,,,field,private final Set<BlockPosition>
ate,a,field_150171_a,,,,,field,private final boolean
atf$a,a,field_180111_a,,,,,field,BlockPosition
atf$a,b,field_150844_d,,,,,field,long
atf,g,field_150112_b,,,,,field,"private static final Map<World, List<BlockRedstoneTorch$RedstoneUpdateInfo>>"
atf,B,field_150113_a,isOn,,,,field,private final boolean
atg,a,field_176355_a,AGE,,,,field,public static final BlockStateInteger
atg,b,field_185701_b,,,,,field,protected static final AxisAlignedBB
ath,a,INVISIBLE,INVISIBLE,,,,enum,
ath,b,LIQUID,LIQUID,,,,enum,
ath,c,ENTITYBLOCK_ANIMATED,ENTITYBLOCK_ANIMATED,,,,enum,
ath,d,MODEL,MODEL,,,,enum,
ati,a,field_176411_a,LOCKED,,,,field,public static final BlockStateBoolean
ati,b,field_176410_b,DELAY,,,,field,public static final BlockStateInteger
atj,c,field_176298_M,AXIS,,,,field,public static final BlockStateEnum<EnumDirection$EnumAxis>
atk,a,NONE,NONE,,,,enum,
atk,b,CLOCKWISE_90,CLOCKWISE_90,,,,enum,
atk,c,CLOCKWISE_180,CLOCKWISE_180,,,,enum,
atk,d,COUNTERCLOCKWISE_90,COUNTERCLOCKWISE_90,,,,enum,
atk,e,field_185838_e,,,,,field,private final String
atk,f,field_185839_f,,,,,field,private static final String[]
atl$a,a,SAND,SAND,,,,enum,
atl$a,b,RED_SAND,RED_SAND,,,,enum,
atl$a,c,field_176695_c,,,,,field,private static final BlockSand$EnumSandVariant[]
atl$a,d,field_176692_d,,,,,field,private final int
atl$a,e,field_176693_e,,,,,field,private final String
atl$a,f,field_176690_f,,,,,field,private final MaterialMapColor
atl$a,g,field_176691_g,,,,,field,private final String
atl$a,h,field_189866_h,,,,,field,private final int
atl,a,field_176504_a,VARIANT,,,,field,public static final BlockStateEnum<BlockSand$EnumSandVariant>
atm$a,a,DEFAULT,DEFAULT,,,,enum,
atm$a,b,CHISELED,CHISELED,,,,enum,
atm$a,c,SMOOTH,SMOOTH,,,,enum,
atm$a,d,field_176679_d,,,,,field,private static final BlockSandStone$EnumSandstoneVariant[]
atm$a,e,field_176680_e,,,,,field,private final int
atm$a,f,field_176677_f,,,,,field,private final String
atm$a,g,field_176678_g,,,,,field,private final String
atm,a,field_176297_a,TYPE,,,,field,public static final BlockStateEnum<BlockSandStone$EnumSandstoneVariant>
atn,a,field_176480_a,TYPE,,,,field,public static final BlockStateEnum<BlockWood$EnumLogVariant>
atn,c,field_176479_b,STAGE,,,,field,public static final BlockStateInteger
atn,d,field_185520_d,,,,,field,protected static final AxisAlignedBB
atp,a,field_190957_a,,,,,field,public static final BlockStateEnum<EnumDirection>
atp,b,field_190958_b,color,,,,field,private final EnumColor
atq,a,field_185577_a,,,,,field,protected static final AxisAlignedBB
atr,a,field_176418_a,FACING,,,,field,public static final BlockStateDirection
atr,b,field_176417_b,NODROP,,,,field,public static final BlockStateBoolean
atr,B,field_176419_M,,,,,field,private static final com.google.common.base.Predicate<ShapeDetectorBlock>
atr,c,field_185582_c,,,,,field,protected static final AxisAlignedBB
atr,d,field_185583_d,,,,,field,protected static final AxisAlignedBB
atr,e,field_185584_e,,,,,field,protected static final AxisAlignedBB
atr,f,field_185585_f,,,,,field,protected static final AxisAlignedBB
atr,g,field_185586_g,,,,,field,protected static final AxisAlignedBB
atr,C,field_176420_N,,,,,field,private ShapeDetector
atr,D,field_176421_O,,,,,field,private ShapeDetector
atu,a,field_176315_a,LAYERS,,,,field,public static final BlockStateInteger
atu,b,field_185702_b,,,,,field,protected static final AxisAlignedBB[]
atv,a,field_185703_a,,,,,field,protected static final AxisAlignedBB
atw,a,field_185848_a,,,,,field,public static final SoundEffectType
atw,b,field_185849_b,,,,,field,public static final SoundEffectType
atw,c,field_185850_c,,,,,field,public static final SoundEffectType
atw,d,field_185851_d,,,,,field,public static final SoundEffectType
atw,e,field_185852_e,,,,,field,public static final SoundEffectType
atw,f,field_185853_f,,,,,field,public static final SoundEffectType
atw,g,field_185854_g,,,,,field,public static final SoundEffectType
atw,h,field_185855_h,,,,,field,public static final SoundEffectType
atw,i,field_185856_i,,,,,field,public static final SoundEffectType
atw,j,field_185857_j,,,,,field,public static final SoundEffectType
atw,k,field_185858_k,,,,,field,public static final SoundEffectType
atw,l,field_185859_l,,,,,field,public static final SoundEffectType
atw,m,field_185860_m,,,,,field,public final float
atw,n,field_185861_n,,,,,field,public final float
atw,o,field_185862_o,,,,,field,private final SoundEffect
atw,p,field_185863_p,,,,,field,private final SoundEffect
atw,q,field_185864_q,,,,,field,private final SoundEffect
atw,r,field_185865_r,,,,,field,private final SoundEffect
atw,s,field_185866_s,,,,,field,private final SoundEffect
atx,a,field_176313_a,WET,,,,field,public static final BlockStateBoolean
aty,a,field_176547_a,COLOR,,,,field,public static final BlockStateEnum<EnumColor>
atz,a,field_176245_a,COLOR,,,,field,public static final BlockStateEnum<EnumColor>
au,a,field_193479_a,,,,,field,public static final CriterionConditionNBT
au,b,field_193480_b,,,,,field,private final NBTTagCompound
aua,b,field_193389_b,,,,,field,private static final MaterialMapColor[]
aub$a,a,TOP,TOP,,,,enum,
aub$a,b,BOTTOM,BOTTOM,,,,enum,
aub$a,c,field_176709_c,,,,,field,private final String
aub$b,a,STRAIGHT,STRAIGHT,,,,enum,
aub$b,b,INNER_LEFT,INNER_LEFT,,,,enum,
aub$b,c,INNER_RIGHT,INNER_RIGHT,,,,enum,
aub$b,d,OUTER_LEFT,OUTER_LEFT,,,,enum,
aub$b,e,OUTER_RIGHT,OUTER_RIGHT,,,,enum,
aub$b,f,field_176699_f,,,,,field,private final String
aub,a,field_176309_a,FACING,,,,field,public static final BlockStateDirection
aub,b,field_176308_b,HALF,,,,field,public static final BlockStateEnum<BlockStairs$EnumHalf>
aub,c,field_176310_M,SHAPE,,,,field,public static final BlockStateEnum<BlockStairs$EnumStairShape>
aub,d,field_185712_d,,,,,field,protected static final AxisAlignedBB
aub,e,field_185714_e,,,,,field,protected static final AxisAlignedBB
aub,f,field_185716_f,,,,,field,protected static final AxisAlignedBB
aub,g,field_185718_g,,,,,field,protected static final AxisAlignedBB
aub,B,field_185710_B,,,,,field,protected static final AxisAlignedBB
aub,C,field_185711_C,,,,,field,protected static final AxisAlignedBB
aub,D,field_185713_D,,,,,field,protected static final AxisAlignedBB
aub,E,field_185715_E,,,,,field,protected static final AxisAlignedBB
aub,F,field_185717_F,,,,,field,protected static final AxisAlignedBB
aub,G,field_185719_G,,,,,field,protected static final AxisAlignedBB
aub,H,field_185720_H,,,,,field,protected static final AxisAlignedBB
aub,I,field_185721_I,,,,,field,protected static final AxisAlignedBB
aub,J,field_185722_J,,,,,field,protected static final AxisAlignedBB
aub,K,field_185723_K,,,,,field,protected static final AxisAlignedBB
aub,L,field_185724_L,,,,,field,protected static final AxisAlignedBB
aub,M,field_185725_M,,,,,field,protected static final AxisAlignedBB
aub,N,field_185726_N,,,,,field,protected static final AxisAlignedBB
aub,O,field_185727_O,,,,,field,protected static final AxisAlignedBB
aub,P,field_150149_b,,,,,field,private final Block
aub,Q,field_150151_M,,,,,field,private final IBlockData
auc,b,field_176413_a,ROTATION,,,,field,public static final BlockStateInteger
aue,a,field_176484_a,AGE,,,,field,public static final BlockStateInteger
aue,c,field_176483_b,FACING,,,,field,public static final BlockStateDirection
aue,e,field_149877_a,blockFruit,,,,field,private final Block
aue,d,field_185521_d,,,,,field,protected static final AxisAlignedBB[]
auf$a,a,STONE,STONE,,,,enum,
auf$a,b,GRANITE,GRANITE,,,,enum,
auf$a,c,GRANITE_SMOOTH,GRANITE_SMOOTH,,,,enum,
auf$a,d,DIORITE,DIORITE,,,,enum,
auf$a,e,DIORITE_SMOOTH,DIORITE_SMOOTH,,,,enum,
auf$a,f,ANDESITE,ANDESITE,,,,enum,
auf$a,g,ANDESITE_SMOOTH,ANDESITE_SMOOTH,,,,enum,
auf$a,h,field_176655_h,,,,,field,private static final BlockStone$EnumStoneVariant[]
auf$a,i,field_176656_i,,,,,field,private final int
auf$a,j,field_176653_j,,,,,field,private final String
auf$a,k,field_176654_k,,,,,field,private final String
auf$a,l,field_181073_l,,,,,field,private final MaterialMapColor
auf$a,m,field_190913_m,,,,,field,private final boolean
auf,a,field_176247_a,VARIANT,,,,field,public static final BlockStateEnum<BlockStone$EnumStoneVariant>
aug$a,a,DEFAULT,DEFAULT,,,,enum,
aug$a,b,MOSSY,MOSSY,,,,enum,
aug$a,c,CRACKED,CRACKED,,,,enum,
aug$a,d,CHISELED,CHISELED,,,,enum,
aug$a,e,field_176618_e,,,,,field,private static final BlockSmoothBrick$EnumStonebrickType[]
aug$a,f,field_176615_f,,,,,field,private final int
aug$a,g,field_176616_g,,,,,field,private final String
aug$a,h,field_176622_h,,,,,field,private final String
aug,a,field_176249_a,VARIANT,,,,field,public static final BlockStateEnum<BlockSmoothBrick$EnumStonebrickType>
aug,b,field_176248_b,,,,,field,public static final int
aug,c,field_176250_M,,,,,field,public static final int
aug,d,field_176251_N,,,,,field,public static final int
aug,e,field_176252_O,,,,,field,public static final int
aui$a,a,STONE,STONE,,,,enum,
aui$a,b,SAND,SAND,,,,enum,
aui$a,c,WOOD,WOOD,,,,enum,
aui$a,d,COBBLESTONE,COBBLESTONE,,,,enum,
aui$a,e,BRICK,BRICK,,,,enum,
aui$a,f,SMOOTHBRICK,SMOOTHBRICK,,,,enum,
aui$a,g,NETHERBRICK,NETHERBRICK,,,,enum,
aui$a,h,QUARTZ,QUARTZ,,,,enum,
aui$a,i,field_176640_i,,,,,field,private static final BlockDoubleStepAbstract$EnumStoneSlabVariant[]
aui$a,j,field_176637_j,,,,,field,private final int
aui$a,k,field_181075_k,,,,,field,private final MaterialMapColor
aui$a,l,field_176638_k,,,,,field,private final String
aui$a,m,field_176635_l,,,,,field,private final String
aui,d,field_176555_b,SEAMLESS,,,,field,public static final BlockStateBoolean
aui,e,field_176556_M,VARIANT,,,,field,public static final BlockStateEnum<BlockDoubleStepAbstract$EnumStoneSlabVariant>
auj,a,field_185587_a,,,,,field,public static final BlockStateEnum<TileEntityStructure$UsageMode>
auk,a,field_189875_a,,,,,field,private static final AxisAlignedBB
aul$a,a,DEAD_BUSH,DEAD_BUSH,,,,enum,
aul$a,b,GRASS,GRASS,,,,enum,
aul$a,c,FERN,FERN,,,,enum,
aul$a,d,field_177048_d,,,,,field,private static final BlockLongGrass$EnumTallGrassType[]
aul$a,e,field_177049_e,,,,,field,private final int
aul$a,f,field_177046_f,,,,,field,private final String
aul,a,field_176497_a,TYPE,,,,field,public static final BlockStateEnum<BlockLongGrass$EnumTallGrassType>
aul,c,field_185522_c,,,,,field,protected static final AxisAlignedBB
aum,b,field_176241_b,NORTH,,,,field,public static final BlockStateBoolean
aum,c,field_176242_M,EAST,,,,field,public static final BlockStateBoolean
aum,d,field_176243_N,SOUTH,,,,field,public static final BlockStateBoolean
aum,e,field_176244_O,WEST,,,,field,public static final BlockStateBoolean
aum,f,field_185730_f,,,,,field,protected static final AxisAlignedBB[]
aum,a,field_150099_b,,,,,field,private final boolean
aun,a,field_176246_a,EXPLODE,,,,field,public static final BlockStateBoolean
auo,a,field_176596_a,FACING,,,,field,public static final BlockStateDirection
auo,b,field_185738_b,,,,,field,protected static final AxisAlignedBB
auo,c,field_185739_c,,,,,field,protected static final AxisAlignedBB
auo,d,field_185740_d,,,,,field,protected static final AxisAlignedBB
auo,e,field_185741_e,,,,,field,protected static final AxisAlignedBB
auo,f,field_185742_f,,,,,field,protected static final AxisAlignedBB
aup$a,a,TOP,TOP,,,,enum,
aup$a,b,BOTTOM,BOTTOM,,,,enum,
aup$a,c,field_176671_c,,,,,field,private final String
aup,a,field_176284_a,FACING,,,,field,public static final BlockStateDirection
aup,b,field_176283_b,OPEN,,,,field,public static final BlockStateBoolean
aup,c,field_176285_M,HALF,,,,field,public static final BlockStateEnum<BlockTrapdoor$EnumTrapdoorHalf>
aup,d,field_185734_d,,,,,field,protected static final AxisAlignedBB
aup,e,field_185735_e,,,,,field,protected static final AxisAlignedBB
aup,f,field_185736_f,,,,,field,protected static final AxisAlignedBB
aup,g,field_185737_g,,,,,field,protected static final AxisAlignedBB
aup,B,field_185732_B,,,,,field,protected static final AxisAlignedBB
aup,C,field_185733_C,,,,,field,protected static final AxisAlignedBB
auq,a,field_176293_a,POWERED,,,,field,public static final BlockStateBoolean
auq,b,field_176294_M,ATTACHED,,,,field,public static final BlockStateBoolean
auq,c,field_176295_N,DISARMED,,,,field,public static final BlockStateBoolean
auq,d,field_176296_O,NORTH,,,,field,public static final BlockStateBoolean
auq,e,field_176291_P,EAST,,,,field,public static final BlockStateBoolean
auq,f,field_176289_Q,SOUTH,,,,field,public static final BlockStateBoolean
auq,g,field_176292_R,WEST,,,,field,public static final BlockStateBoolean
auq,B,field_185747_B,,,,,field,protected static final AxisAlignedBB
auq,C,field_185748_C,,,,,field,protected static final AxisAlignedBB
aur,a,field_176264_a,FACING,,,,field,public static final BlockStateDirection
aur,b,field_176263_b,POWERED,,,,field,public static final BlockStateBoolean
aur,c,field_176265_M,ATTACHED,,,,field,public static final BlockStateBoolean
aur,d,field_185743_d,,,,,field,protected static final AxisAlignedBB
aur,e,field_185744_e,,,,,field,protected static final AxisAlignedBB
aur,f,field_185745_f,,,,,field,protected static final AxisAlignedBB
aur,g,field_185746_g,,,,,field,protected static final AxisAlignedBB
aus,a,field_176277_a,UP,,,,field,public static final BlockStateBoolean
aus,b,field_176273_b,NORTH,,,,field,public static final BlockStateBoolean
aus,c,field_176278_M,EAST,,,,field,public static final BlockStateBoolean
aus,d,field_176279_N,SOUTH,,,,field,public static final BlockStateBoolean
aus,e,field_176280_O,WEST,,,,field,public static final BlockStateBoolean
aus,f,field_176274_P,,,,,field,public static final BlockStateBoolean[]
aus,g,field_185757_g,,,,,field,protected static final AxisAlignedBB
aus,B,field_185753_B,,,,,field,protected static final AxisAlignedBB
aus,C,field_185754_C,,,,,field,protected static final AxisAlignedBB
aus,D,field_185755_D,,,,,field,protected static final AxisAlignedBB
aus,E,field_185756_E,,,,,field,protected static final AxisAlignedBB
aut$a,a,NORMAL,NORMAL,,,,enum,
aut$a,b,MOSSY,MOSSY,,,,enum,
aut$a,c,field_176666_c,,,,,field,private static final BlockCobbleWall$EnumCobbleVariant[]
aut$a,d,field_176663_d,,,,,field,private final int
aut$a,e,field_176664_e,,,,,field,private final String
aut$a,f,field_176661_f,,,,,field,private final String
aut,a,field_176256_a,UP,,,,field,public static final BlockStateBoolean
aut,b,field_176254_b,NORTH,,,,field,public static final BlockStateBoolean
aut,c,field_176257_M,EAST,,,,field,public static final BlockStateBoolean
aut,d,field_176258_N,SOUTH,,,,field,public static final BlockStateBoolean
aut,e,field_176259_O,WEST,,,,field,public static final BlockStateBoolean
aut,f,field_176255_P,VARIANT,,,,field,public static final BlockStateEnum<BlockCobbleWall$EnumCobbleVariant>
aut,g,field_185751_g,,,,,field,protected static final AxisAlignedBB[]
aut,B,field_185750_B,,,,,field,protected static final AxisAlignedBB[]
auu,b,field_176412_a,FACING,,,,field,public static final BlockStateDirection
auu,c,field_185578_c,,,,,field,protected static final AxisAlignedBB
auu,d,field_185579_d,,,,,field,protected static final AxisAlignedBB
auu,e,field_185580_e,,,,,field,protected static final AxisAlignedBB
auu,f,field_185581_f,,,,,field,protected static final AxisAlignedBB
auv,a,field_185523_a,,,,,field,protected static final AxisAlignedBB
auy,d,field_176579_a,POWER,,,,field,public static final BlockStateInteger
auy,e,field_150068_a,weight,,,,field,private final int
av$a,a,field_193485_a,,,,,field,private final AdvancementDataPlayer
av$a,b,field_193486_b,,,,,field,private final Set<CriterionTrigger$a<CriterionTriggerNetherTravel$b>>
av$b,a,field_193207_a,,,,,field,private final CriterionConditionLocation
av$b,b,field_193208_b,,,,,field,private final CriterionConditionLocation
av$b,c,field_193209_c,,,,,field,private final CriterionConditionDistance
av,a,field_193169_a,,,,,field,private static final MinecraftKey
av,b,field_193170_b,,,,,field,"private final Map<AdvancementDataPlayer, CriterionTriggerNetherTravel$a>"
ava,d,field_176557_b,VARIANT,,,,field,public static final BlockStateEnum<BlockWood$EnumLogVariant>
avb,a,field_176330_a,COLOR,,,,field,public static final BlockStateEnum<EnumColor>
avb,b,field_185758_b,,,,,field,protected static final AxisAlignedBB
avd,a,field_190617_a,,,,,field,private String
avd,f,field_175120_a,color,,,,field,private EnumColor
avd,g,field_175118_f,patterns,,,,field,private NBTTagList
avd,h,field_175119_g,,,,,field,private boolean
avd,i,field_175122_h,,,,,field,private List<EnumBannerPatternType>
avd,j,field_175123_i,,,,,field,private List<EnumColor>
avd,k,field_175121_j,,,,,field,private String
ave,a,BASE,BASE,,,,enum,
ave,b,SQUARE_BOTTOM_LEFT,SQUARE_BOTTOM_LEFT,,,,enum,
ave,c,SQUARE_BOTTOM_RIGHT,SQUARE_BOTTOM_RIGHT,,,,enum,
ave,d,SQUARE_TOP_LEFT,SQUARE_TOP_LEFT,,,,enum,
ave,e,SQUARE_TOP_RIGHT,SQUARE_TOP_RIGHT,,,,enum,
ave,f,STRIPE_BOTTOM,STRIPE_BOTTOM,,,,enum,
ave,g,STRIPE_TOP,STRIPE_TOP,,,,enum,
ave,h,STRIPE_LEFT,STRIPE_LEFT,,,,enum,
ave,i,STRIPE_RIGHT,STRIPE_RIGHT,,,,enum,
ave,j,STRIPE_CENTER,STRIPE_CENTER,,,,enum,
ave,k,STRIPE_MIDDLE,STRIPE_MIDDLE,,,,enum,
ave,l,STRIPE_DOWNRIGHT,STRIPE_DOWNRIGHT,,,,enum,
ave,m,STRIPE_DOWNLEFT,STRIPE_DOWNLEFT,,,,enum,
ave,n,STRIPE_SMALL,STRIPE_SMALL,,,,enum,
ave,o,CROSS,CROSS,,,,enum,
ave,p,STRAIGHT_CROSS,STRAIGHT_CROSS,,,,enum,
ave,q,TRIANGLE_BOTTOM,TRIANGLE_BOTTOM,,,,enum,
ave,r,TRIANGLE_TOP,TRIANGLE_TOP,,,,enum,
ave,s,TRIANGLES_BOTTOM,TRIANGLES_BOTTOM,,,,enum,
ave,t,TRIANGLES_TOP,TRIANGLES_TOP,,,,enum,
ave,u,DIAGONAL_LEFT,DIAGONAL_LEFT,,,,enum,
ave,v,DIAGONAL_RIGHT,DIAGONAL_RIGHT,,,,enum,
ave,w,DIAGONAL_LEFT_MIRROR,DIAGONAL_LEFT_MIRROR,,,,enum,
ave,x,DIAGONAL_RIGHT_MIRROR,DIAGONAL_RIGHT_MIRROR,,,,enum,
ave,y,CIRCLE_MIDDLE,CIRCLE_MIDDLE,,,,enum,
ave,z,RHOMBUS_MIDDLE,RHOMBUS_MIDDLE,,,,enum,
ave,A,HALF_VERTICAL,HALF_VERTICAL,,,,enum,
ave,B,HALF_HORIZONTAL,HALF_HORIZONTAL,,,,enum,
ave,C,HALF_VERTICAL_MIRROR,HALF_VERTICAL_MIRROR,,,,enum,
ave,D,HALF_HORIZONTAL_MIRROR,HALF_HORIZONTAL_MIRROR,,,,enum,
ave,E,BORDER,BORDER,,,,enum,
ave,F,CURLY_BORDER,CURLY_BORDER,,,,enum,
ave,G,CREEPER,CREEPER,,,,enum,
ave,H,GRADIENT,GRADIENT,,,,enum,
ave,I,GRADIENT_UP,GRADIENT_UP,,,,enum,
ave,J,BRICKS,BRICKS,,,,enum,
ave,K,SKULL,SKULL,,,,enum,
ave,L,FLOWER,FLOWER,,,,enum,
ave,M,MOJANG,MOJANG,,,,enum,
ave,N,field_191014_N,,,,,field,private final String
ave,O,field_191015_O,,,,,field,private final String
ave,P,field_191016_P,,,,,field,private final String[]
ave,Q,field_191017_Q,,,,,field,private ItemStack
avf$a,a,field_177266_a,,,,,field,private final float[]
avf$a,b,field_177265_b,,,,,field,private int
avf,a,field_146009_a,,,,,field,public static final MobEffectList[][]
avf,f,field_184280_f,,,,,field,private static final Set<MobEffectList>
avf,g,field_174909_f,,,,,field,private final List<TileEntityBeacon$BeaconColorTracker>
avf,j,field_146015_k,,,,,field,private boolean
avf,k,field_146012_l,levels,,,,field,private int
avf,l,field_146013_m,primaryEffect,,,,field,private MobEffectList
avf,m,field_146010_n,secondaryEffect,,,,field,private MobEffectList
avf,n,field_146011_o,inventorySlot,,,,field,private ItemStack
avf,o,field_146008_p,,,,,field,private String
avf,h,field_146016_i,,,,,field,private long
avf,i,field_146014_j,,,,,field,private float
avg,a,field_193053_a,,,,,field,private EnumColor
avh,a,field_145852_a,,,,,field,private static final org.apache.logging.log4j.Logger
avh,f,field_190562_f,,,,,field,"private static final RegistryMaterials<MinecraftKey, Class<? extends TileEntity>>"
avh,b,field_145850_b,world,,,,field,protected World
avh,c,field_174879_c,position,,,,field,protected BlockPosition
avh,d,field_145846_f,,,,,field,protected boolean
avh,g,field_145847_g,,,,,field,private int
avh,e,field_145854_h,,,,,field,protected Block
avi,a,field_145941_a,,,,,field,private static final int[]
avi,f,field_184277_f,,,,,field,private static final int[]
avi,g,field_145947_i,,,,,field,private static final int[]
avi,h,field_145945_j,items,,,,field,private NonNullList<ItemStack>
avi,i,field_145946_k,brewTime,,,,field,private int
avi,j,field_145943_l,,,,,field,private boolean[]
avi,k,field_145944_m,,,,,field,private Item
avi,l,field_145942_n,,,,,field,private String
avi,m,field_184278_m,fuelLevel,,,,field,private int
avj,p,field_145985_p,items,,,,field,private NonNullList<ItemStack>
avj,a,field_145984_a,,,,,field,public boolean
avj,f,field_145992_i,,,,,field,public TileEntityChest
avj,g,field_145990_j,,,,,field,public TileEntityChest
avj,h,field_145991_k,,,,,field,public TileEntityChest
avj,i,field_145988_l,,,,,field,public TileEntityChest
avj,j,field_145989_m,,,,,field,public float
avj,k,field_145986_n,,,,,field,public float
avj,l,field_145987_o,,,,,field,public int
avj,q,field_145983_q,,,,,field,private int
avj,r,field_145982_r,,,,,field,private BlockChest$Type
avk$a,a,SEQUENCE,SEQUENCE,,,,enum,
avk$a,b,AUTO,AUTO,,,,enum,
avk$a,c,REDSTONE,REDSTONE,,,,enum,
avk,a,field_184259_a,,,,,field,private boolean
avk,f,field_184260_f,,,,,field,private boolean
avk,g,field_184261_g,,,,,field,private boolean
avk,h,field_184262_h,,,,,field,private boolean
avk,i,field_145994_a,,,,,field,private final CommandBlockListenerAbstract
avl,a,field_145997_a,,,,,field,private int
avn,a,field_174913_f,,,,,field,private static final Random
avn,f,field_146022_i,items,,,,field,private NonNullList<ItemStack>
avp,a,field_145926_a,,,,,field,public int
avp,f,field_145933_i,,,,,field,public float
avp,g,field_145931_j,,,,,field,public float
avp,h,field_145932_k,,,,,field,public float
avp,i,field_145929_l,,,,,field,public float
avp,j,field_145930_m,,,,,field,public float
avp,k,field_145927_n,,,,,field,public float
avp,l,field_145928_o,,,,,field,public float
avp,m,field_145925_p,,,,,field,public float
avp,n,field_145924_q,,,,,field,public float
avp,o,field_145923_r,,,,,field,private static final Random
avp,p,field_145922_s,,,,,field,private String
avq,a,field_145972_a,,,,,field,public float
avq,f,field_145975_i,,,,,field,public float
avq,g,field_145973_j,,,,,field,public int
avq,h,field_145974_k,,,,,field,private int
avr,a,field_145967_a,,,,,field,private Item
avr,f,field_145968_i,,,,,field,private int
avs,a,field_145962_k,,,,,field,private static final int[]
avs,f,field_145959_l,,,,,field,private static final int[]
avs,g,field_145960_m,,,,,field,private static final int[]
avs,h,field_145957_n,items,,,,field,private NonNullList<ItemStack>
avs,i,field_145956_a,burnTime,,,,field,private int
avs,j,field_145963_i,ticksForCurrentFuel,,,,field,private int
avs,k,field_174906_k,cookTime,,,,field,private int
avs,l,field_174905_l,cookTimeTotal,,,,field,private int
avs,m,field_145958_o,,,,,field,private String
avu,a,field_145900_a,items,,,,field,private NonNullList<ItemStack>
avu,f,field_145901_j,,,,,field,private int
avu,g,field_190578_g,,,,,field,private long
avv,a,field_174901_a,,,,,field,private ChestLock
avw,a,field_145882_a,,,,,field,private final MobSpawnerAbstract
avx,a,field_145879_a,note,,,,field,public byte
avx,f,field_145880_i,,,,,field,public boolean
avy,m,field_184284_m,,,,,field,protected MinecraftKey
avy,n,field_184285_n,,,,,field,protected long
avy,o,field_190577_o,,,,,field,protected String
avz$a,a,CLOSED,CLOSED,,,,enum,
avz$a,b,OPENING,OPENING,,,,enum,
avz$a,c,OPENED,OPENED,,,,enum,
avz$a,d,CLOSING,CLOSING,,,,enum,
avz,a,field_190595_a,,,,,field,private static final int[]
avz,f,field_190596_f,,,,,field,private NonNullList<ItemStack>
avz,g,field_190597_g,,,,,field,private boolean
avz,h,field_190598_h,,,,,field,private int
avz,i,field_190599_i,,,,,field,private TileEntityShulkerBox$AnimationPhase
avz,j,field_190600_j,,,,,field,private float
avz,k,field_190601_k,,,,,field,private float
avz,l,field_190602_l,,,,,field,private EnumColor
avz,p,field_190594_p,,,,,field,private boolean
aw$a,a,field_193491_a,,,,,field,private final AdvancementDataPlayer
aw$a,b,field_193492_b,,,,,field,private final Set<CriterionTrigger$a<CriterionTriggerPlacedBlock$b>>
aw$b,a,field_193211_a,,,,,field,private final Block
aw$b,b,field_193212_b,,,,,field,"private final Map<IBlockState<?>, Object>"
aw$b,c,field_193213_c,,,,,field,private final CriterionConditionLocation
aw$b,d,field_193214_d,,,,,field,private final CriterionConditionItem
aw,a,field_193174_a,,,,,field,private static final MinecraftKey
aw,b,field_193175_b,,,,,field,"private final Map<AdvancementDataPlayer, CriterionTriggerPlacedBlock$a>"
awa,a,field_145915_a,lines,,,,field,public final IChatBaseComponent[]
awa,f,field_145918_i,,,,,field,public int
awa,g,field_145916_j,isEditable,,,,field,private boolean
awa,h,field_145917_k,,,,,field,private EntityHuman
awa,i,field_174883_i,,,,,field,private final CommandObjectiveExecutor
awb,a,field_145908_a,,,,,field,private int
awb,f,field_145910_i,rotation,,,,field,private int
awb,g,field_152110_j,,,,,field,private com.mojang.authlib.GameProfile
awb,h,field_184296_h,,,,,field,private int
awb,i,field_184297_i,,,,,field,private boolean
awb,j,field_184298_j,,,,,field,private static UserCache
awb,k,field_184299_k,,,,,field,private static com.mojang.authlib.minecraft.MinecraftSessionService
awc$a,a,SAVE,SAVE,,,,enum,
awc$a,b,LOAD,LOAD,,,,enum,
awc$a,c,CORNER,CORNER,,,,enum,
awc$a,d,DATA,DATA,,,,enum,
awc$a,e,field_185115_e,,,,,field,private static final TileEntityStructure$UsageMode[]
awc$a,f,field_185116_f,,,,,field,private final String
awc$a,g,field_185117_g,,,,,field,private final int
awc,a,field_184420_a,,,,,field,private String
awc,f,field_184421_f,,,,,field,private String
awc,g,field_184422_g,,,,,field,private String
awc,h,field_184423_h,,,,,field,private BlockPosition
awc,i,field_184424_i,,,,,field,private BlockPosition
awc,j,field_184425_j,,,,,field,private EnumBlockMirror
awc,k,field_184426_k,,,,,field,private EnumBlockRotation
awc,l,field_184427_l,,,,,field,private TileEntityStructure$UsageMode
awc,m,field_184428_m,,,,,field,private boolean
awc,n,field_189727_n,,,,,field,private boolean
awc,o,field_189728_o,,,,,field,private boolean
awc,p,field_189729_p,,,,,field,private boolean
awc,q,field_189730_q,,,,,field,private float
awc,r,field_189731_r,,,,,field,private long
awd,a,field_184314_a,,,,,field,private static final org.apache.logging.log4j.Logger
awd,f,field_184315_f,,,,,field,private long
awd,g,field_184316_g,,,,,field,private int
awd,h,field_184317_h,exitPortal,,,,field,private BlockPosition
awd,i,field_184318_i,exactTeleport,,,,field,private boolean
awh,a,field_176320_b,EXTENDED,,,,field,public static final BlockStateBoolean
awh,b,field_185648_b,,,,,field,protected static final AxisAlignedBB
awh,c,field_185649_c,,,,,field,protected static final AxisAlignedBB
awh,d,field_185650_d,,,,,field,protected static final AxisAlignedBB
awh,e,field_185651_e,,,,,field,protected static final AxisAlignedBB
awh,f,field_185652_f,,,,,field,protected static final AxisAlignedBB
awh,g,field_185653_g,,,,,field,protected static final AxisAlignedBB
awh,B,field_150082_a,sticky,,,,field,private final boolean
awi$a,a,DEFAULT,DEFAULT,,,,enum,
awi$a,b,STICKY,STICKY,,,,enum,
awi$a,c,field_176714_c,,,,,field,private final String
awi,a,field_176325_b,TYPE,,,,field,public static final BlockStateEnum<BlockPistonExtension$EnumPistonType>
awi,b,field_176327_M,SHORT,,,,field,public static final BlockStateBoolean
awi,c,field_185635_c,,,,,field,protected static final AxisAlignedBB
awi,d,field_185637_d,,,,,field,protected static final AxisAlignedBB
awi,e,field_185639_e,,,,,field,protected static final AxisAlignedBB
awi,f,field_185641_f,,,,,field,protected static final AxisAlignedBB
awi,g,field_185643_g,,,,,field,protected static final AxisAlignedBB
awi,B,field_185634_B,,,,,field,protected static final AxisAlignedBB
awi,C,field_185636_C,,,,,field,protected static final AxisAlignedBB
awi,D,field_185638_D,,,,,field,protected static final AxisAlignedBB
awi,E,field_185640_E,,,,,field,protected static final AxisAlignedBB
awi,F,field_185642_F,,,,,field,protected static final AxisAlignedBB
awi,G,field_185644_G,,,,,field,protected static final AxisAlignedBB
awi,I,field_185645_I,,,,,field,protected static final AxisAlignedBB
awi,J,field_190964_J,,,,,field,protected static final AxisAlignedBB
awi,K,field_190965_K,,,,,field,protected static final AxisAlignedBB
awi,L,field_190966_L,,,,,field,protected static final AxisAlignedBB
awi,M,field_190967_M,,,,,field,protected static final AxisAlignedBB
awi,N,field_190968_N,,,,,field,protected static final AxisAlignedBB
awi,O,field_190969_O,,,,,field,protected static final AxisAlignedBB
awj,a,field_176426_a,FACING,,,,field,public static final BlockStateDirection
awj,b,field_176425_b,TYPE,,,,field,public static final BlockStateEnum<BlockPistonExtension$EnumPistonType>
awk,a,field_174932_a,,,,,field,private IBlockData
awk,f,field_174931_f,,,,,field,private EnumDirection
awk,g,field_145875_k,,,,,field,private boolean
awk,h,field_145872_l,,,,,field,private boolean
awk,i,field_190613_i,,,,,field,private static final ThreadLocal<EnumDirection>
awk,j,field_145873_m,,,,,field,private float
awk,k,field_145870_n,,,,,field,private float
awl,a,field_177261_a,,,,,field,private final World
awl,b,field_177259_b,,,,,field,private final BlockPosition
awl,c,field_177260_c,,,,,field,private final BlockPosition
awl,d,field_177257_d,,,,,field,private final EnumDirection
awl,e,field_177258_e,,,,,field,private final List<BlockPosition>
awl,f,field_177256_f,,,,,field,private final List<BlockPosition>
awn,a,field_177234_a,,,,,field,private static final com.google.common.base.Joiner
awn,b,field_177233_b,,,,,field,"private static final com.google.common.base.Function<Map$Entry<IBlockState<?>, Comparable<?>>, String>"
awp,a,SOLID,SOLID,,,,enum,
awp,b,BOWL,BOWL,,,,enum,
awp,c,CENTER_SMALL,CENTER_SMALL,,,,enum,
awp,d,MIDDLE_POLE_THIN,MIDDLE_POLE_THIN,,,,enum,
awp,e,CENTER,CENTER,,,,enum,
awp,f,MIDDLE_POLE,MIDDLE_POLE,,,,enum,
awp,g,CENTER_BIG,CENTER_BIG,,,,enum,
awp,h,MIDDLE_POLE_THICK,MIDDLE_POLE_THICK,,,,enum,
awp,i,UNDEFINED,UNDEFINED,,,,enum,
aws$a,a,field_177239_a,,,,,field,private final Block
aws$a,b,field_177237_b,,,,,field,"private final com.google.common.collect.ImmutableMap<IBlockState<?>, Comparable<?>>"
aws$a,c,field_177238_c,,,,,field,"private com.google.common.collect.ImmutableTable<IBlockState<?>, Comparable<?>, IBlockData>"
aws,a,field_185921_a,,,,,field,private static final Pattern
aws,b,field_177626_b,,,,,field,"private static final com.google.common.base.Function<IBlockState<?>, String>"
aws,c,field_177627_c,,,,,field,private final Block
aws,d,field_177624_d,,,,,field,"private final com.google.common.collect.ImmutableSortedMap<String, IBlockState<?>>"
aws,e,field_177625_e,,,,,field,private final com.google.common.collect.ImmutableList<IBlockData>
awu,a,field_177515_a,,,,,field,private final World
awu,b,field_177513_b,,,,,field,private final BlockPosition
awu,c,field_181628_c,,,,,field,private final boolean
awu,d,field_177514_c,,,,,field,private IBlockData
awu,e,field_177511_d,,,,,field,private TileEntity
awu,f,field_177512_e,,,,,field,private boolean
awv$a,a,field_177680_a,,,,,field,private final World
awv$a,b,field_181626_b,,,,,field,private final boolean
awv$b,a,field_177674_a,,,,,field,private final BlockPosition
awv$b,b,field_177672_b,,,,,field,private final EnumDirection
awv$b,c,field_177673_c,,,,,field,private final EnumDirection
awv$b,d,field_177671_d,,,,,field,"private final com.google.common.cache.LoadingCache<BlockPosition, ShapeDetectorBlock>"
awv$b,e,field_181120_e,,,,,field,private final int
awv$b,f,field_181121_f,,,,,field,private final int
awv$b,g,field_181122_g,,,,,field,private final int
awv,a,field_177689_a,,,,,field,private final com.google.common.base.Predicate<ShapeDetectorBlock>[][][]
awv,b,field_177687_b,,,,,field,private final int
awv,c,field_177688_c,,,,,field,private final int
awv,d,field_177686_d,,,,,field,private final int
aww,a,field_177667_a,,,,,field,private static final com.google.common.base.Joiner
aww,b,field_177665_b,,,,,field,private final List<String[]>
aww,c,field_177666_c,,,,,field,"private final Map<Character, com.google.common.base.Predicate<ShapeDetectorBlock>>"
aww,d,field_177663_d,,,,,field,private int
aww,e,field_177664_e,,,,,field,private int
awy,a,field_189887_a,,,,,field,private final Material
awz,a,field_177644_a,,,,,field,private final Block
ax$a,a,field_192523_a,,,,,field,private final AdvancementDataPlayer
ax$a,b,field_192524_b,,,,,field,private final Set<CriterionTrigger$a<CriterionTriggerPlayerHurtEntity$b>>
ax$b,a,field_192279_a,,,,,field,private final CriterionConditionDamage
ax$b,b,field_192280_b,,,,,field,private final CriterionConditionEntity
ax,a,field_192222_a,,,,,field,private static final MinecraftKey
ax,b,field_192223_b,,,,,field,"private final Map<AdvancementDataPlayer, CriterionTriggerPlayerHurtEntity$a>"
axa,a,field_185928_a,,,,,field,public static final com.google.common.base.Predicate<IBlockData>
axa,b,field_177641_a,,,,,field,private final BlockStateList
axa,c,field_177640_b,,,,,field,"private final Map<IBlockState<?>, com.google.common.base.Predicate<?>>"
axc,a,field_177704_a,,,,,field,private final Class<T>
axc,b,field_177703_b,,,,,field,private final String
axd,a,field_177717_a,,,,,field,private final com.google.common.collect.ImmutableSet<Boolean>
axf,a,field_177711_a,,,,,field,private final com.google.common.collect.ImmutableSet<T>
axf,b,field_177710_b,,,,,field,"private final Map<String, T>"
axg,a,field_177720_a,,,,,field,private final com.google.common.collect.ImmutableSet<Integer>
axk,a,GROWING,GROWING,,,,enum,
axk,b,SHRINKING,SHRINKING,,,,enum,
axk,c,STATIONARY,STATIONARY,,,,enum,
axk,d,field_177767_d,,,,,field,private final int
axl,a,field_177758_a,,,,,field,private final List<IWorldBorderListener>
axl,b,field_177756_b,,,,,field,private double
axl,c,field_177757_c,,,,,field,private double
axl,d,field_177754_d,,,,,field,private double
axl,e,field_177755_e,,,,,field,private double
axl,f,field_177752_f,,,,,field,private long
axl,g,field_177753_g,,,,,field,private long
axl,h,field_177762_h,,,,,field,private int
axl,i,field_177763_i,,,,,field,private double
axl,j,field_177760_j,,,,,field,private double
axl,k,field_177761_k,,,,,field,private int
axl,l,field_177759_l,,,,,field,private int
axn,d,field_186023_d,,,,,field,private static final DataPalette
axn,a,field_186020_a,,,,,field,protected static final IBlockData
axn,b,field_186021_b,,,,,field,protected DataBits
axn,c,field_186022_c,,,,,field,protected DataPalette
axn,e,field_186024_e,,,,,field,private int
axq,a,field_76585_a,,,,,field,private final byte[]
axt,a,field_186046_a,,,,,field,private final RegistryID<IBlockData>
axt,b,field_186047_b,,,,,field,private final DataPaletteExpandable
axt,c,field_186048_c,,,,,field,private final int
axu$a,a,IMMEDIATE,IMMEDIATE,,,,enum,
axu$a,b,QUEUED,QUEUED,,,,enum,
axu$a,c,CHECK,CHECK,,,,enum,
axu,e,field_150817_t,,,,,field,private static final org.apache.logging.log4j.Logger
axu,a,field_186036_a,,,,,field,public static final ChunkSection
axu,f,field_76652_q,sections,,,,field,private final ChunkSection[]
axu,g,field_76651_r,,,,,field,private final byte[]
axu,h,field_76638_b,,,,,field,private final int[]
axu,i,field_76639_c,,,,,field,private final boolean[]
axu,j,field_76636_d,,,,,field,private boolean
axu,k,field_76637_e,world,,,,field,private final World
axu,l,field_76634_f,heightMap,,,,field,private final int[]
axu,b,field_76635_g,locX,,,,field,public final int
axu,c,field_76647_h,locZ,,,,field,public final int
axu,m,field_76650_s,,,,,field,private boolean
axu,n,field_150816_i,tileEntities,,,,field,"private final Map<BlockPosition, TileEntity>"
axu,o,field_76645_j,entitySlices,,,,field,private final EntitySlice<Entity>[]
axu,p,field_76646_k,done,,,,field,private boolean
axu,q,field_150814_l,lit,,,,field,private boolean
axu,r,field_150815_m,,,,,field,private boolean
axu,s,field_76643_l,,,,,field,private boolean
axu,t,field_76644_m,,,,,field,private boolean
axu,u,field_76641_n,lastSaved,,,,field,private long
axu,v,field_82912_p,,,,,field,private int
axu,w,field_111204_q,,,,,field,private long
axu,x,field_76649_t,,,,,field,private int
axu,y,field_177447_w,,,,,field,private final ConcurrentLinkedQueue<BlockPosition>
axu,d,field_189550_d,,,,,field,public boolean
axv,a,field_76684_a,yPos,,,,field,private final int
axv,b,field_76682_b,nonEmptyBlockCount,,,,field,private int
axv,c,field_76683_c,tickingBlockCount,,,,field,private int
axv,d,field_177488_d,blockIds,,,,field,private final DataPaletteBlock
axv,e,field_76679_g,emittedLight,,,,field,private NibbleArray
axv,f,field_76685_h,skyLight,,,,field,private NibbleArray
axw,a,field_186042_a,,,,,field,private final IBlockData[]
axw,b,field_186043_b,,,,,field,private final DataPaletteExpandable
axw,c,field_186044_c,,,,,field,private final int
axw,d,field_186045_d,,,,,field,private int
axx,a,field_76689_a,,,,,field,public final byte[]
axx,b,field_76687_b,,,,,field,private final int
axx,c,field_76688_c,,,,,field,private final int
ay$a,a,field_192529_a,,,,,field,private final AdvancementDataPlayer
ay$a,b,field_192530_b,,,,,field,private final Set<CriterionTrigger$a<CriterionTriggerRecipeUnlocked$b>>
ay$b,a,field_192282_a,,,,,field,private final IRecipe
ay,a,field_192227_a,,,,,field,private static final MinecraftKey
ay,b,field_192228_b,,,,,field,"private final Map<AdvancementDataPlayer, CriterionTriggerRecipeUnlocked$a>"
ayc,a,field_151505_a,,,,,field,private static final org.apache.logging.log4j.Logger
ayc,b,field_75828_a,,,,,field,"private final Map<ChunkCoordIntPair, NBTTagCompound>"
ayc,c,field_193415_c,,,,,field,private final Set<ChunkCoordIntPair>
ayc,d,field_75825_d,,,,,field,private final File
ayc,e,field_193416_e,,,,,field,private final DataConverterManager
ayc,f,field_183014_e,,,,,field,private boolean
ayg$a,a,field_76698_a,,,,,field,public long
ayg$a,b,field_76696_b,,,,,field,public boolean
ayg$a,c,field_76697_c,,,,,field,public byte[]
ayg$a,d,field_76694_d,,,,,field,public OldNibbleArray
ayg$a,e,field_76695_e,,,,,field,public OldNibbleArray
ayg$a,f,field_76692_f,,,,,field,public OldNibbleArray
ayg$a,g,field_76693_g,,,,,field,public byte[]
ayg$a,h,field_76702_h,,,,,field,public NBTTagList
ayg$a,i,field_151564_i,,,,,field,public NBTTagList
ayg$a,j,field_151563_j,,,,,field,public NBTTagList
ayg$a,k,field_76701_k,,,,,field,public final int
ayg$a,l,field_76699_l,,,,,field,public final int
ayh$a,b,field_76722_b,,,,,field,private final int
ayh$a,c,field_76723_c,,,,,field,private final int
ayh,a,field_76720_a,,,,,field,private static final byte[]
ayh,b,field_76718_b,,,,,field,private final File
ayh,c,field_76719_c,,,,,field,private RandomAccessFile
ayh,d,field_76716_d,,,,,field,private final int[]
ayh,e,field_76717_e,,,,,field,private final int[]
ayh,f,field_76714_f,,,,,field,private List<Boolean>
ayh,g,field_76715_g,,,,,field,private int
ayh,h,field_76721_h,,,,,field,private long
ayi,a,field_76553_a,,,,,field,"private static final Map<File, RegionFile>"
ayk,a,field_111203_a,,,,,field,public static final float[]
ayk,b,field_76579_a,,,,,field,protected World
ayk,h,field_76577_b,type,,,,field,private WorldType
ayk,i,field_82913_c,,,,,field,private String
ayk,c,field_76578_c,,,,,field,protected WorldChunkManager
ayk,d,field_76575_d,,,,,field,protected boolean
ayk,e,field_76576_e,,,,,field,protected boolean
ayk,f,field_191067_f,,,,,field,protected boolean
ayk,g,field_76573_f,,,,,field,protected final float[]
ayk,j,field_76580_h,,,,,field,private final float[]
ayl,a,OVERWORLD,OVERWORLD,,,,enum,
ayl,b,NETHER,NETHER,,,,enum,
ayl,c,THE_END,THE_END,,,,enum,
ayl,d,field_186074_d,,,,,field,private final int
ayl,e,field_186075_e,,,,,field,private final String
ayl,f,field_186076_f,,,,,field,private final String
ayl,g,field_186077_g,,,,,field,private final Class<? extends WorldProvider>
ayo,a,START,START,,,,enum,
ayo,b,PREPARING_TO_SUMMON_PILLARS,PREPARING_TO_SUMMON_PILLARS,,,,enum,
ayo,c,SUMMONING_PILLARS,SUMMONING_PILLARS,,,,enum,
ayo,d,SUMMONING_DRAGON,SUMMONING_DRAGON,,,,enum,
ayo,e,END,END,,,,enum,
ayp,a,field_186107_a,,,,,field,private static final org.apache.logging.log4j.Logger
ayp,b,field_186108_b,,,,,field,private static final com.google.common.base.Predicate<EntityPlayer>
ayp,c,field_186109_c,,,,,field,private final BossBattleServer
ayp,d,field_186110_d,,,,,field,private final WorldServer
ayp,e,field_186111_e,,,,,field,private final List<Integer>
ayp,f,field_186112_f,,,,,field,private final ShapeDetector
ayp,g,field_186113_g,,,,,field,private int
ayp,h,field_186114_h,,,,,field,private int
ayp,i,field_186115_i,,,,,field,private int
ayp,j,field_186116_j,,,,,field,private int
ayp,k,field_186117_k,,,,,field,private boolean
ayp,l,field_186118_l,,,,,field,private boolean
ayp,m,field_186119_m,,,,,field,private UUID
ayp,n,field_186120_n,,,,,field,private boolean
ayp,o,field_186121_o,,,,,field,private BlockPosition
ayp,p,field_186122_p,,,,,field,private EnumDragonRespawn
ayp,q,field_186123_q,,,,,field,private int
ayp,r,field_186124_r,,,,,field,private List<EntityEnderCrystal>
ayq,h,field_186064_g,,,,,field,private EnderDragonBattle
ayt,a,field_186135_a,,,,,field,protected static final IBlockData
ayt,b,field_186136_b,,,,,field,protected static final IBlockData
ayt,c,field_75046_d,,,,,field,private final float[]
ayu,a,field_177859_b,,,,,field,private static final IBlockData
ayu,b,field_177860_a,,,,,field,private final char[]
ayv$a,a,field_177901_a,,,,,field,static final com.google.gson.Gson
ayv$a,b,field_177899_b,,,,,field,public float
ayv$a,c,field_177900_c,,,,,field,public float
ayv$a,d,field_177896_d,,,,,field,public float
ayv$a,e,field_177898_e,,,,,field,public float
ayv$a,f,field_177893_f,,,,,field,public float
ayv$a,g,field_177894_g,,,,,field,public float
ayv$a,h,field_177915_h,,,,,field,public float
ayv$a,i,field_177917_i,,,,,field,public float
ayv$a,j,field_177911_j,,,,,field,public float
ayv$a,k,field_177913_k,,,,,field,public float
ayv$a,l,field_177907_l,,,,,field,public float
ayv$a,m,field_177909_m,,,,,field,public float
ayv$a,n,field_177903_n,,,,,field,public float
ayv$a,o,field_177905_o,,,,,field,public float
ayv$a,p,field_177933_p,,,,,field,public float
ayv$a,q,field_177931_q,,,,,field,public float
ayv$a,r,field_177929_r,,,,,field,public int
ayv$a,s,field_177927_s,,,,,field,public boolean
ayv$a,t,field_177925_t,,,,,field,public boolean
ayv$a,u,field_177923_u,,,,,field,public int
ayv$a,v,field_177921_v,,,,,field,public boolean
ayv$a,w,field_177919_w,,,,,field,public boolean
ayv$a,x,field_177944_x,,,,,field,public boolean
ayv$a,y,field_177942_y,,,,,field,public boolean
ayv$a,z,field_177940_z,,,,,field,public boolean
ayv$a,A,field_191076_A,,,,,field,public boolean
ayv$a,B,field_177870_A,,,,,field,public boolean
ayv$a,C,field_177871_B,,,,,field,public boolean
ayv$a,D,field_177872_C,,,,,field,public int
ayv$a,E,field_177866_D,,,,,field,public boolean
ayv$a,F,field_177867_E,,,,,field,public int
ayv$a,G,field_177868_F,,,,,field,public boolean
ayv$a,H,field_177869_G,,,,,field,public int
ayv$a,I,field_177877_H,,,,,field,public int
ayv$a,J,field_177878_I,,,,,field,public int
ayv$a,K,field_177879_J,,,,,field,public int
ayv$a,L,field_177880_K,,,,,field,public int
ayv$a,M,field_177873_L,,,,,field,public int
ayv$a,N,field_177874_M,,,,,field,public int
ayv$a,O,field_177875_N,,,,,field,public int
ayv$a,P,field_177876_O,,,,,field,public int
ayv$a,Q,field_177886_P,,,,,field,public int
ayv$a,R,field_177885_Q,,,,,field,public int
ayv$a,S,field_177888_R,,,,,field,public int
ayv$a,T,field_177887_S,,,,,field,public int
ayv$a,U,field_177882_T,,,,,field,public int
ayv$a,V,field_177881_U,,,,,field,public int
ayv$a,W,field_177884_V,,,,,field,public int
ayv$a,X,field_177883_W,,,,,field,public int
ayv$a,Y,field_177891_X,,,,,field,public int
ayv$a,Z,field_177890_Y,,,,,field,public int
ayv$a,aa,field_177892_Z,,,,,field,public int
ayv$a,ab,field_177936_aa,,,,,field,public int
ayv$a,ac,field_177937_ab,,,,,field,public int
ayv$a,ad,field_177934_ac,,,,,field,public int
ayv$a,ae,field_177935_ad,,,,,field,public int
ayv$a,af,field_177941_ae,,,,,field,public int
ayv$a,ag,field_177943_af,,,,,field,public int
ayv$a,ah,field_177938_ag,,,,,field,public int
ayv$a,ai,field_177939_ah,,,,,field,public int
ayv$a,aj,field_177922_ai,,,,,field,public int
ayv$a,ak,field_177924_aj,,,,,field,public int
ayv$a,al,field_177918_ak,,,,,field,public int
ayv$a,am,field_177920_al,,,,,field,public int
ayv$a,an,field_177930_am,,,,,field,public int
ayv$a,ao,field_177932_an,,,,,field,public int
ayv$a,ap,field_177926_ao,,,,,field,public int
ayv$a,aq,field_177928_ap,,,,,field,public int
ayv$a,ar,field_177908_aq,,,,,field,public int
ayv$a,as,field_177906_ar,,,,,field,public int
ayv$a,at,field_177904_as,,,,,field,public int
ayv$a,au,field_177902_at,,,,,field,public int
ayv$a,av,field_177916_au,,,,,field,public int
ayv$a,aw,field_177914_av,,,,,field,public int
ayv$a,ax,field_177912_aw,,,,,field,public int
ayv$a,ay,field_177910_ax,,,,,field,public int
ayv$a,az,field_177897_ay,,,,,field,public int
ayv$a,aA,field_177895_az,,,,,field,public int
ayv$a,aB,field_177889_aA,,,,,field,public int
ayv,a,field_177811_a,,,,,field,public final float
ayv,b,field_177809_b,,,,,field,public final float
ayv,c,field_177810_c,,,,,field,public final float
ayv,d,field_177806_d,,,,,field,public final float
ayv,e,field_177808_e,,,,,field,public final float
ayv,f,field_177803_f,,,,,field,public final float
ayv,g,field_177804_g,,,,,field,public final float
ayv,h,field_177825_h,,,,,field,public final float
ayv,i,field_177827_i,,,,,field,public final float
ayv,j,field_177821_j,,,,,field,public final float
ayv,k,field_177823_k,,,,,field,public final float
ayv,l,field_177817_l,,,,,field,public final float
ayv,m,field_177819_m,,,,,field,public final float
ayv,n,field_177813_n,,,,,field,public final float
ayv,o,field_177815_o,,,,,field,public final float
ayv,p,field_177843_p,,,,,field,public final float
ayv,q,field_177841_q,,,,,field,public final int
ayv,r,field_177839_r,,,,,field,public final boolean
ayv,s,field_177837_s,,,,,field,public final boolean
ayv,t,field_177835_t,,,,,field,public final int
ayv,u,field_177833_u,,,,,field,public final boolean
ayv,v,field_177831_v,,,,,field,public final boolean
ayv,w,field_177829_w,,,,,field,public final boolean
ayv,x,field_177854_x,,,,,field,public final boolean
ayv,y,field_177852_y,,,,,field,public final boolean
ayv,z,field_191077_z,,,,,field,public final boolean
ayv,A,field_177850_z,,,,,field,public final boolean
ayv,B,field_177781_A,,,,,field,public final boolean
ayv,C,field_177782_B,,,,,field,public final int
ayv,D,field_177783_C,,,,,field,public final boolean
ayv,E,field_177777_D,,,,,field,public final int
ayv,F,field_177778_E,,,,,field,public final boolean
ayv,G,field_177779_F,,,,,field,public final int
ayv,H,field_177780_G,,,,,field,public final int
ayv,I,field_177788_H,,,,,field,public final int
ayv,J,field_177789_I,,,,,field,public final int
ayv,K,field_177790_J,,,,,field,public final int
ayv,L,field_177791_K,,,,,field,public final int
ayv,M,field_177784_L,,,,,field,public final int
ayv,N,field_177785_M,,,,,field,public final int
ayv,O,field_177786_N,,,,,field,public final int
ayv,P,field_177787_O,,,,,field,public final int
ayv,Q,field_177797_P,,,,,field,public final int
ayv,R,field_177796_Q,,,,,field,public final int
ayv,S,field_177799_R,,,,,field,public final int
ayv,T,field_177798_S,,,,,field,public final int
ayv,U,field_177793_T,,,,,field,public final int
ayv,V,field_177792_U,,,,,field,public final int
ayv,W,field_177795_V,,,,,field,public final int
ayv,X,field_177794_W,,,,,field,public final int
ayv,Y,field_177801_X,,,,,field,public final int
ayv,Z,field_177800_Y,,,,,field,public final int
ayv,aa,field_177802_Z,,,,,field,public final int
ayv,ab,field_177846_aa,,,,,field,public final int
ayv,ac,field_177847_ab,,,,,field,public final int
ayv,ad,field_177844_ac,,,,,field,public final int
ayv,ae,field_177845_ad,,,,,field,public final int
ayv,af,field_177851_ae,,,,,field,public final int
ayv,ag,field_177853_af,,,,,field,public final int
ayv,ah,field_177848_ag,,,,,field,public final int
ayv,ai,field_177849_ah,,,,,field,public final int
ayv,aj,field_177832_ai,,,,,field,public final int
ayv,ak,field_177834_aj,,,,,field,public final int
ayv,al,field_177828_ak,,,,,field,public final int
ayv,am,field_177830_al,,,,,field,public final int
ayv,an,field_177840_am,,,,,field,public final int
ayv,ao,field_177842_an,,,,,field,public final int
ayv,ap,field_177836_ao,,,,,field,public final int
ayv,aq,field_177838_ap,,,,,field,public final int
ayv,ar,field_177818_aq,,,,,field,public final int
ayv,as,field_177816_ar,,,,,field,public final int
ayv,at,field_177814_as,,,,,field,public final int
ayv,au,field_177812_at,,,,,field,public final int
ayv,av,field_177826_au,,,,,field,public final int
ayv,aw,field_177824_av,,,,,field,public final int
ayv,ax,field_177822_aw,,,,,field,public final int
ayv,ay,field_177820_ax,,,,,field,public final int
ayv,az,field_177807_ay,,,,,field,public final int
ayv,aA,field_177805_az,,,,,field,public final int
ayw,c,field_177464_a,,,,,field,private static final List<IBlockData>
ayw,d,field_177462_b,,,,,field,private static final int
ayw,e,field_181039_c,,,,,field,private static final int
ayw,a,field_185934_a,,,,,field,protected static final IBlockData
ayw,b,field_185935_b,,,,,field,protected static final IBlockData
ayw,f,field_177463_c,,,,,field,private final World
ayx,a,field_73163_a,,,,,field,private final World
ayx,b,field_73161_b,,,,,field,private final Random
ayx,c,field_82700_c,,,,,field,private final IBlockData[]
ayx,d,field_82699_e,,,,,field,private final WorldGenFlatInfo
ayx,e,field_82696_f,,,,,field,"private final Map<String, StructureGenerator>"
ayx,f,field_82697_g,,,,,field,private final boolean
ayx,g,field_82702_h,,,,,field,private final boolean
ayx,h,field_82703_i,,,,,field,private WorldGenLakes
ayx,i,field_82701_j,,,,,field,private WorldGenLakes
ayy,a,field_186126_a,,,,,field,protected static final IBlockData
ayy,b,field_186127_b,,,,,field,protected static final IBlockData
ayy,c,field_186128_c,,,,,field,protected static final IBlockData
ayy,d,field_186129_d,,,,,field,protected static final IBlockData
ayz,e,field_75040_a,,,,,field,protected int
ayz,f,field_75038_b,,,,,field,protected Random
ayz,g,field_75039_c,,,,,field,protected World
az$a,a,field_192535_a,,,,,field,private final AdvancementDataPlayer
az$a,b,field_192536_b,,,,,field,private final Set<CriterionTrigger$a<CriterionTriggerSummonedEntity$b>>
az$b,a,field_192284_a,,,,,field,private final CriterionConditionEntity
az,a,field_192232_a,,,,,field,private static final MinecraftKey
az,b,field_192233_b,,,,,field,"private final Map<AdvancementDataPlayer, CriterionTriggerSummonedEntity$a>"
aza,a,field_186130_a,,,,,field,protected static final IBlockData
azb,a,field_185940_a,,,,,field,protected static final IBlockData
azb,b,field_185941_b,,,,,field,protected static final IBlockData
azb,c,field_185942_c,,,,,field,protected static final IBlockData
azb,d,field_185943_d,,,,,field,protected static final IBlockData
azb,e,field_185944_e,,,,,field,protected static final IBlockData
azb,f,field_185945_f,,,,,field,protected static final IBlockData
azb,n,field_185952_n,,,,,field,private final World
azb,o,field_185953_o,,,,,field,private final boolean
azb,p,field_185954_p,,,,,field,private final Random
azb,q,field_73185_q,,,,,field,private double[]
azb,r,field_73184_r,,,,,field,private double[]
azb,s,field_185955_s,,,,,field,private double[]
azb,t,field_185956_t,,,,,field,private double[]
azb,u,field_185957_u,,,,,field,private final NoiseGeneratorOctaves
azb,v,field_185958_v,,,,,field,private final NoiseGeneratorOctaves
azb,w,field_185959_w,,,,,field,private final NoiseGeneratorOctaves
azb,x,field_73177_m,,,,,field,private final NoiseGeneratorOctaves
azb,y,field_73174_n,,,,,field,private final NoiseGeneratorOctaves
azb,g,field_185946_g,,,,,field,public final NoiseGeneratorOctaves
azb,h,field_185947_h,,,,,field,public final NoiseGeneratorOctaves
azb,z,field_177470_t,,,,,field,private final WorldGenFire
azb,A,field_177469_u,,,,,field,private final WorldGenLightStone1
azb,B,field_177468_v,,,,,field,private final WorldGenLightStone2
azb,C,field_177467_w,,,,,field,private final WorldGenerator
azb,D,field_189888_D,,,,,field,private final WorldGenerator
azb,E,field_177473_x,,,,,field,private final WorldGenHellLava
azb,F,field_177472_y,,,,,field,private final WorldGenHellLava
azb,G,field_177471_z,,,,,field,private final WorldGenMushrooms
azb,H,field_177465_A,,,,,field,private final WorldGenMushrooms
azb,I,field_73172_c,,,,,field,private final WorldGenNether
azb,J,field_185939_I,,,,,field,private final WorldGenBase
azb,i,field_185948_i,,,,,field,double[]
azb,j,field_185949_j,,,,,field,double[]
azb,k,field_185950_k,,,,,field,double[]
azb,l,field_73168_g,,,,,field,double[]
azb,m,field_185951_m,,,,,field,double[]
azc,a,field_185982_a,,,,,field,protected static final IBlockData
azc,i,field_185990_i,,,,,field,private final Random
azc,j,field_185991_j,,,,,field,private final NoiseGeneratorOctaves
azc,k,field_185992_k,,,,,field,private final NoiseGeneratorOctaves
azc,l,field_185993_l,,,,,field,private final NoiseGeneratorOctaves
azc,m,field_185994_m,,,,,field,private final NoiseGenerator3
azc,b,field_185983_b,,,,,field,public NoiseGeneratorOctaves
azc,c,field_185984_c,,,,,field,public NoiseGeneratorOctaves
azc,d,field_185985_d,,,,,field,public NoiseGeneratorOctaves
azc,n,field_185995_n,,,,,field,private final World
azc,o,field_185996_o,,,,,field,private final boolean
azc,p,field_185997_p,,,,,field,private final WorldType
azc,q,field_185998_q,,,,,field,private final double[]
azc,r,field_185999_r,,,,,field,private final float[]
azc,s,field_186000_s,,,,,field,private CustomWorldSettingsFinal
azc,t,field_186001_t,,,,,field,private IBlockData
azc,u,field_186002_u,,,,,field,private double[]
azc,v,field_186003_v,,,,,field,private final WorldGenBase
azc,w,field_186004_w,,,,,field,private final WorldGenStronghold
azc,x,field_186005_x,,,,,field,private final WorldGenVillage
azc,y,field_186006_y,,,,,field,private final WorldGenMineshaft
azc,z,field_186007_z,,,,,field,private final WorldGenLargeFeature
azc,A,field_185979_A,,,,,field,private final WorldGenBase
azc,B,field_185980_B,,,,,field,private final WorldGenMonument
azc,C,field_191060_C,,,,,field,private final WorldGenWoodlandMansion
azc,D,field_185981_C,,,,,field,private BiomeBase[]
azc,e,field_185986_e,,,,,field,double[]
azc,f,field_185987_f,,,,,field,double[]
azc,g,field_185988_g,,,,,field,double[]
azc,h,field_185989_h,,,,,field,double[]
azd,h,field_73220_k,,,,,field,private final Random
azd,a,field_185964_a,,,,,field,protected static final IBlockData
azd,b,field_185965_b,,,,,field,protected static final IBlockData
azd,i,field_185969_i,,,,,field,private final NoiseGeneratorOctaves
azd,j,field_185970_j,,,,,field,private final NoiseGeneratorOctaves
azd,k,field_185971_k,,,,,field,private final NoiseGeneratorOctaves
azd,c,field_73214_a,,,,,field,public NoiseGeneratorOctaves
azd,d,field_73212_b,,,,,field,public NoiseGeneratorOctaves
azd,l,field_73230_p,,,,,field,private final World
azd,m,field_73229_q,,,,,field,private final boolean
azd,n,field_191061_n,,,,,field,private final BlockPosition
azd,o,field_185972_n,,,,,field,private final WorldGenEndCity
azd,p,field_185973_o,,,,,field,private final NoiseGenerator3Handler
azd,q,field_185974_p,,,,,field,private double[]
azd,r,field_73231_z,,,,,field,private BiomeBase[]
azd,e,field_185966_e,,,,,field,double[]
azd,f,field_185967_f,,,,,field,double[]
azd,g,field_185968_g,,,,,field,double[]
azd,s,field_185975_r,,,,,field,private final WorldGenEndIsland
azf$a,b,field_178000_b,,,,,field,private final int
azf,k,field_175949_k,,,,,field,private Random
azf,l,field_175946_l,,,,,field,private World
azf,m,field_175947_m,,,,,field,private BlockPosition
azf,a,field_76504_e,,,,,field,int
azf,b,field_76501_f,,,,,field,int
azf,c,field_76502_g,,,,,field,double
azf,d,field_175944_d,,,,,field,double
azf,e,field_175945_e,,,,,field,double
azf,f,field_76513_k,,,,,field,double
azf,g,field_175943_g,,,,,field,int
azf,h,field_175950_h,,,,,field,int
azf,i,field_76508_n,,,,,field,int
azf,j,field_175948_j,,,,,field,List<WorldGenBigTree$Position>
azg,a,field_181629_a,,,,,field,private static final IBlockData
azg,b,field_181630_b,,,,,field,private static final IBlockData
azg,c,field_150531_a,,,,,field,private final boolean
azh,a,field_150545_a,,,,,field,private final Block
azh,b,field_150544_b,,,,,field,private final int
azj,a,field_175908_a,,,,,field,private final BlockPlant
azl,a,field_150546_a,,,,,field,private final Block
azl,b,field_76517_b,,,,,field,private final int
azn,a,field_175913_a,,,,,field,private static final BlockStatePredicate
azn,b,field_175911_b,,,,,field,private final IBlockData
azn,c,field_175912_c,,,,,field,private final IBlockData
azn,d,field_175910_d,,,,,field,private final IBlockData
azo,a,field_150549_a,,,,,field,private BlockTallPlant$EnumTallFlowerVariants
azr,a,field_186139_a,,,,,field,public static final BlockPosition
azr,b,field_186140_b,,,,,field,public static final BlockPosition
azr,c,field_186141_c,,,,,field,private final boolean
azs,a,field_76488_a,,,,,field,private final boolean
azt,a,field_150552_a,,,,,field,private BlockFlowers
azt,b,field_175915_b,,,,,field,private IBlockData
azu,a,field_189890_a,,,,,field,private static final MinecraftKey
azu,b,field_189891_b,,,,,field,private static final MinecraftKey
azu,c,field_189892_c,,,,,field,private static final MinecraftKey
azu,d,field_189893_d,,,,,field,private static final MinecraftKey
azu,e,field_189894_e,,,,,field,private static final MinecraftKey
azu,f,field_189895_f,,,,,field,private static final MinecraftKey
azu,g,field_189896_g,,,,,field,private static final MinecraftKey
azu,h,field_189897_h,,,,,field,private static final MinecraftKey
azu,i,field_189898_i,,,,,field,private static final MinecraftKey
azu,j,field_189899_j,,,,,field,private static final MinecraftKey
azu,k,field_189900_k,,,,,field,private static final MinecraftKey
azu,l,field_189901_l,,,,,field,private static final MinecraftKey
azu,m,field_189902_m,,,,,field,private static final MinecraftKey
azu,n,field_189903_n,,,,,field,private static final MinecraftKey
azu,o,field_189904_o,,,,,field,private static final MinecraftKey
azu,p,field_189905_p,,,,,field,private static final MinecraftKey
azu,q,field_189906_q,,,,,field,private static final MinecraftKey[]
azu,r,field_189907_r,,,,,field,private static final MinecraftKey[]
azv,a,field_150528_a,,,,,field,private final IBlockData
azv,b,field_150527_b,,,,,field,private final IBlockData
azy,a,field_150553_a,,,,,field,private final Block
azy,b,field_94524_b,,,,,field,private final boolean
azz,a,field_76523_a,,,,,field,private final Block
b,a,field_147150_a,,,,,field,private static final org.apache.logging.log4j.Logger
b,b,field_71513_a,,,,,field,private final String
b,c,field_71511_b,,,,,field,private final Throwable
b,d,field_85061_c,,,,,field,private final CrashReportSystemDetails
b,e,field_71512_c,,,,,field,private final List<CrashReportSystemDetails>
b,f,field_71510_d,,,,,field,private File
b,g,field_85059_f,,,,,field,private boolean
b,h,field_85060_g,,,,,field,private StackTraceElement[]
ba$a,a,field_193498_a,,,,,field,private final AdvancementDataPlayer
ba$a,b,field_193499_b,,,,,field,private final Set<CriterionTrigger$a<CriterionTriggerTamedAnimal$b>>
ba$b,a,field_193217_a,,,,,field,private final CriterionConditionEntity
ba,a,field_193179_a,,,,,field,private static final MinecraftKey
ba,b,field_193180_b,,,,,field,"private final Map<AdvancementDataPlayer, CriterionTriggerTamedAnimal$a>"
baa,a,field_150555_a,,,,,field,private final Block
baa,b,field_150554_b,,,,,field,private final int
bac,a,field_150556_a,,,,,field,private final Block
baf,e,field_181633_e,,,,,field,private static final IBlockData
baf,f,field_181634_f,,,,,field,private static final IBlockData
baf,g,field_181635_g,,,,,field,private static final IBlockData
baf,h,field_150542_e,,,,,field,private final boolean
bag,a,field_76522_a,,,,,field,protected final int
bag,b,field_76520_b,,,,,field,protected final IBlockData
bag,c,field_76521_c,,,,,field,protected final IBlockData
bag,d,field_150538_d,,,,,field,protected int
bai,a,field_175918_a,,,,,field,private static final org.apache.logging.log4j.Logger
bai,b,field_175916_b,,,,,field,private static final MinecraftKey[]
baj,a,field_175920_a,,,,,field,private final IBlockData
baj,b,field_76541_b,,,,,field,private final int
baj,c,field_175919_c,,,,,field,private final com.google.common.base.Predicate<IBlockData>
bak,a,field_181636_a,,,,,field,private static final IBlockData
bak,b,field_181637_b,,,,,field,private static final IBlockData
ban,a,field_181640_a,,,,,field,private static final IBlockData
ban,b,field_181641_b,,,,,field,private static final IBlockData
bao,a,field_150517_a,,,,,field,private final Block
bao,b,field_76539_b,,,,,field,private final int
bap,a,field_181643_a,,,,,field,private static final IBlockData
bap,b,field_181644_b,,,,,field,private static final IBlockData
baq$a,a,field_186155_a,,,,,field,private final int
baq$a,b,field_186156_b,,,,,field,private final int
baq$a,c,field_186157_c,,,,,field,private final int
baq$a,d,field_186158_d,,,,,field,private final int
baq$a,e,field_186159_e,,,,,field,private final boolean
baq$a,f,field_186160_f,,,,,field,private final AxisAlignedBB
baq,a,field_186145_a,,,,,field,private boolean
baq,b,field_186146_b,,,,,field,private WorldGenEnder$Spike
baq,c,field_186147_c,,,,,field,private BlockPosition
bar,a,field_150521_a,,,,,field,private final Block
bas,a,field_181645_a,,,,,field,private static final IBlockData
bas,b,field_181646_b,,,,,field,private static final IBlockData
bat,a,field_181648_a,,,,,field,private static final IBlockData
bat,b,field_181649_b,,,,,field,private static final IBlockData
bau,a,field_175907_a,,,,,field,private final IBlockData
bav,a,field_181653_a,,,,,field,private static final IBlockData
bav,b,field_181654_b,,,,,field,private static final IBlockData
bav,c,field_76533_a,,,,,field,private final int
bav,d,field_76531_b,,,,,field,private final boolean
bav,e,field_76532_c,,,,,field,private final IBlockData
bav,f,field_76530_d,,,,,field,private final IBlockData
baz,a,field_82655_a,layers,,,,field,private final List<WorldGenFlatLayerInfo>
baz,b,field_82653_b,structures,,,,field,"private final Map<String, Map<String, String>>"
baz,c,field_82654_c,,,,,field,private int
bb$a,a,field_193504_a,,,,,field,private final AdvancementDataPlayer
bb$a,b,field_193505_b,,,,,field,private final Set<CriterionTrigger$a<CriterionTriggerTick$b>>
bb,a,field_193183_a,,,,,field,public static final MinecraftKey
bb,b,field_193184_b,,,,,field,"private final Map<AdvancementDataPlayer, CriterionTriggerTick$a>"
bba,a,field_175902_a,,,,,field,private final int
bba,b,field_175901_b,,,,,field,private IBlockData
bba,c,field_82664_a,,,,,field,private int
bba,d,field_82661_d,,,,,field,private int
bbe,a,field_78897_a,,,,,field,public int
bbe,b,field_78895_b,,,,,field,public int
bbe,c,field_78896_c,,,,,field,public int
bbe,d,field_78893_d,,,,,field,public int
bbe,e,field_78894_e,,,,,field,public int
bbe,f,field_78892_f,,,,,field,public int
bbf$a,c,field_186163_c,,,,,field,private boolean
bbf,a,field_186131_a,,,,,field,private final int
bbf,b,field_186132_b,,,,,field,private final int
bbf,d,field_186133_d,,,,,field,private final ChunkProviderTheEnd
bbg$3,a,field_186186_a,,,,,field,public boolean
bbg$a,d,field_186181_d,,,,,field,private String
bbg$a,e,field_186182_e,,,,,field,private EnumBlockRotation
bbg$a,f,field_186183_f,,,,,field,private boolean
bbg,a,field_186202_b,,,,,field,private static final DefinedStructureInfo
bbg,b,field_186203_c,,,,,field,private static final DefinedStructureInfo
bbg,c,field_186204_d,,,,,field,private static final WorldGenEndCityPieces$PieceGenerator
bbg,d,field_186205_e,,,,,field,"private static final List<Tuple<EnumBlockRotation, BlockPosition>>"
bbg,e,field_186206_f,,,,,field,private static final WorldGenEndCityPieces$PieceGenerator
bbg,f,field_186207_g,,,,,field,private static final WorldGenEndCityPieces$PieceGenerator
bbg,g,field_186208_h,,,,,field,"private static final List<Tuple<EnumBlockRotation, BlockPosition>>"
bbg,h,field_186209_i,,,,,field,private static final WorldGenEndCityPieces$PieceGenerator
bbh$a,a,NORMAL,NORMAL,,,,enum,
bbh$a,b,MESA,MESA,,,,enum,
bbh,a,field_82673_e,,,,,field,private double
bbi$a,b,field_74958_a,,,,,field,private boolean
bbi$a,c,field_74956_b,,,,,field,private boolean
bbi$a,d,field_74957_c,,,,,field,private boolean
bbi$a,e,field_74955_d,,,,,field,private int
bbi$b,b,field_74953_a,,,,,field,private EnumDirection
bbi$b,c,field_74952_b,,,,,field,private boolean
bbi$c,a,field_189920_a,,,,,field,protected WorldGenMineshaft$Type
bbi$d,b,field_74949_a,,,,,field,private final List<StructureBoundingBox>
bbj,c,field_189908_c,,,,,field,private WorldGenMineshaft$Type
bbk,a,field_75060_e,,,,,field,private final List<BiomeBase$BiomeMeta>
bbl$b,a,field_74972_a,,,,,field,private int
bbl$h,a,field_111021_b,,,,,field,private boolean
bbl$j,a,field_111020_b,,,,,field,private boolean
bbl$l,a,field_74976_a,,,,,field,private boolean
bbl$n,a,field_78828_a,,,,,field,public Class<? extends WorldGenNetherPieces$WorldGenNetherPiece>
bbl$n,b,field_78826_b,,,,,field,public final int
bbl$n,c,field_78827_c,,,,,field,public int
bbl$n,d,field_78824_d,,,,,field,public int
bbl$n,e,field_78825_e,,,,,field,public boolean
bbl$q,a,field_74970_a,,,,,field,public WorldGenNetherPieces$WorldGenNetherPieceWeight
bbl$q,b,field_74968_b,,,,,field,public List<WorldGenNetherPieces$WorldGenNetherPieceWeight>
bbl$q,c,field_74969_c,,,,,field,public List<WorldGenNetherPieces$WorldGenNetherPieceWeight>
bbl$q,d,field_74967_d,,,,,field,public List<StructurePiece>
bbl,a,field_78742_a,,,,,field,private static final WorldGenNetherPieces$WorldGenNetherPieceWeight[]
bbl,b,field_78741_b,,,,,field,private static final WorldGenNetherPieces$WorldGenNetherPieceWeight[]
bbm$a,c,field_175791_c,,,,,field,private final Set<ChunkCoordIntPair>
bbm$a,d,field_175790_d,,,,,field,private boolean
bbm,d,field_175800_f,,,,,field,private int
bbm,h,field_175801_g,,,,,field,private int
bbm,a,field_175802_d,,,,,field,public static final List<BiomeBase>
bbm,b,field_186134_b,,,,,field,public static final List<BiomeBase>
bbm,i,field_175803_h,,,,,field,private static final List<BiomeBase$BiomeMeta>
bbn$h,n,field_175845_o,,,,,field,private WorldGenMonumentPieces$WorldGenMonumentStateTracker
bbn$h,o,field_175844_p,,,,,field,private WorldGenMonumentPieces$WorldGenMonumentStateTracker
bbn$h,p,field_175843_q,,,,,field,private final List<WorldGenMonumentPieces$WorldGenMonumentPiece>
bbn$r,a,field_175828_a,,,,,field,protected static final IBlockData
bbn$r,b,field_175826_b,,,,,field,protected static final IBlockData
bbn$r,c,field_175827_c,,,,,field,protected static final IBlockData
bbn$r,d,field_175824_d,,,,,field,protected static final IBlockData
bbn$r,e,field_175825_e,,,,,field,protected static final IBlockData
bbn$r,f,field_175822_f,,,,,field,protected static final IBlockData
bbn$r,g,field_175823_g,,,,,field,protected static final int
bbn$r,h,field_175831_h,,,,,field,protected static final int
bbn$r,i,field_175832_i,,,,,field,protected static final int
bbn$r,j,field_175829_j,,,,,field,protected static final int
bbn$r,k,field_175830_k,,,,,field,protected WorldGenMonumentPieces$WorldGenMonumentStateTracker
bbn$s,n,field_175833_o,,,,,field,private int
bbn$u,n,field_175834_o,,,,,field,private int
bbn$v,a,field_175967_a,,,,,field,int
bbn$v,b,field_175965_b,,,,,field,WorldGenMonumentPieces$WorldGenMonumentStateTracker[]
bbn$v,c,field_175966_c,,,,,field,boolean[]
bbn$v,d,field_175963_d,,,,,field,boolean
bbn$v,e,field_175964_e,,,,,field,boolean
bbn$v,f,field_175962_f,,,,,field,int
bbo,a,field_75061_e,,,,,field,private static final List<BiomeBase>
bbo,b,field_82668_f,,,,,field,private final List<BiomeBase$BiomeMeta>
bbo,d,field_82669_g,,,,,field,private int
bbo,h,field_82670_h,,,,,field,private final int
bbp$a,e,field_74940_h,,,,,field,private final boolean[]
bbp$b,e,field_186170_e,,,,,field,private static final MinecraftKey
bbp$b,f,field_186171_f,,,,,field,private static final MinecraftKey
bbp$b,g,field_186172_g,,,,,field,private static final MinecraftKey
bbp$c,e,field_74947_h,,,,,field,private boolean
bbp$c,f,field_74948_i,,,,,field,private boolean
bbp$c,g,field_74945_j,,,,,field,private boolean
bbp$c,h,field_74946_k,,,,,field,private boolean
bbp$c,i,field_74942_n,,,,,field,private static final WorldGenRegistration$WorldGenJungleTemple$WorldGenJungleTemplePiece
bbp$d,a,field_74939_a,,,,,field,protected int
bbp$d,b,field_74937_b,,,,,field,protected int
bbp$d,c,field_74938_c,,,,,field,protected int
bbp$d,d,field_74936_d,,,,,field,protected int
bbp$e,e,field_82682_h,,,,,field,private boolean
bbq,a,field_151546_e,,,,,field,private final List<BiomeBase>
bbq,b,field_75056_f,,,,,field,private boolean
bbq,d,field_75057_g,,,,,field,private ChunkCoordIntPair[]
bbq,h,field_82671_h,,,,,field,private double
bbq,i,field_82672_i,,,,,field,private int
bbr$a,a,field_75002_c,,,,,field,private boolean
bbr$b,a,field_74993_a,,,,,field,private int
bbr$c,a,field_74996_b,,,,,field,private boolean
bbr$c,b,field_74997_c,,,,,field,private boolean
bbr$c,c,field_74995_d,,,,,field,private boolean
bbr$c,e,field_74999_h,,,,,field,private boolean
bbr$e,a,field_75008_c,,,,,field,private boolean
bbr$f,a,field_75194_a,,,,,field,public Class<? extends WorldGenStrongholdPieces$WorldGenStrongholdPiece>
bbr$f,b,field_75192_b,,,,,field,public final int
bbr$f,c,field_75193_c,,,,,field,public int
bbr$f,d,field_75191_d,,,,,field,public int
bbr$g,a,field_75005_a,,,,,field,private boolean
bbr$j,a,field_75013_b,,,,,field,protected int
bbr$l,a,field_75024_a,,,,,field,private boolean
bbr$m,a,field_75027_a,,,,,field,public WorldGenStrongholdPieces$WorldGenStrongholdPieceWeight
bbr$m,b,field_75025_b,,,,,field,public WorldGenStrongholdPieces$WorldGenStrongholdPortalRoom
bbr$m,c,field_75026_c,,,,,field,public List<StructurePiece>
bbr$n,a,field_75019_b,,,,,field,private boolean
bbr$n,b,field_75020_c,,,,,field,private boolean
bbr$p$a,a,OPENING,OPENING,,,,enum,
bbr$p$a,b,WOOD_DOOR,WOOD_DOOR,,,,enum,
bbr$p$a,c,GRATES,GRATES,,,,enum,
bbr$p$a,d,IRON_DOOR,IRON_DOOR,,,,enum,
bbr$p,d,field_143013_d,,,,,field,protected WorldGenStrongholdPieces$WorldGenStrongholdPiece$WorldGenStrongholdDoorType
bbr,b,field_75205_b,,,,,field,private static final WorldGenStrongholdPieces$WorldGenStrongholdPieceWeight[]
bbr,c,field_75206_c,,,,,field,private static List<WorldGenStrongholdPieces$WorldGenStrongholdPieceWeight>
bbr,d,field_75203_d,,,,,field,private static Class<? extends WorldGenStrongholdPieces$WorldGenStrongholdPiece>
bbr,a,field_75207_a,,,,,field,static int
bbr,e,field_75204_e,,,,,field,private static final WorldGenStrongholdPieces$WorldGenStrongholdStones
bbs,a,field_143029_e,,,,,field,private PersistentStructure
bbs,c,field_75053_d,,,,,field,protected it.unimi.dsi.fastutil.longs.Long2ObjectMap<StructureStart>
bbt,a,field_151687_a,,,,,field,private static final org.apache.logging.log4j.Logger
bbt,b,field_143040_a,,,,,field,"private static final Map<String, Class<? extends StructureStart>>"
bbt,c,field_143038_b,,,,,field,"private static final Map<Class<? extends StructureStart>, String>"
bbt,d,field_143039_c,,,,,field,"private static final Map<String, Class<? extends StructurePiece>>"
bbt,e,field_143037_d,,,,,field,"private static final Map<Class<? extends StructurePiece>, String>"
bbu,b,field_143044_a,,,,,field,private NBTTagCompound
bbv$a,a,field_151562_a,,,,,field,protected IBlockData
bbv,l,field_74887_e,,,,,field,protected StructureBoundingBox
bbv,a,field_74885_f,,,,,field,private EnumDirection
bbv,b,field_186168_b,,,,,field,private EnumBlockMirror
bbv,c,field_186169_c,,,,,field,private EnumBlockRotation
bbv,m,field_74886_g,,,,,field,protected int
bbw,a,field_75075_a,,,,,field,protected List<StructurePiece>
bbw,b,field_75074_b,,,,,field,protected StructureBoundingBox
bbw,c,field_143024_c,,,,,field,private int
bbw,d,field_143023_d,,,,,field,private int
bbx,d,field_186179_d,,,,,field,private static final DefinedStructureInfo
bbx,a,field_186176_a,,,,,field,protected DefinedStructure
bbx,b,field_186177_b,,,,,field,protected DefinedStructureInfo
bbx,c,field_186178_c,,,,,field,protected BlockPosition
bby$a,c,field_75076_c,,,,,field,private boolean
bby,a,field_75055_e,,,,,field,public static final List<BiomeBase>
bby,b,field_75054_f,,,,,field,private int
bby,d,field_82665_g,,,,,field,private int
bby,h,field_82666_h,,,,,field,private final int
bbz$b,a,field_82679_b,,,,,field,private Block
bbz$b,b,field_82680_c,,,,,field,private Block
bbz$b,c,field_82678_d,,,,,field,private Block
bbz$b,d,field_82681_h,,,,,field,private Block
bbz$c,a,field_82675_b,,,,,field,private Block
bbz$c,b,field_82676_c,,,,,field,private Block
bbz$e,a,field_75090_a,,,,,field,public Class<? extends WorldGenVillagePieces$WorldGenVillagePiece>
bbz$e,b,field_75088_b,,,,,field,public final int
bbz$e,c,field_75089_c,,,,,field,public int
bbz$e,d,field_75087_d,,,,,field,public int
bbz$g,a,field_74913_b,,,,,field,private boolean
bbz$h,a,field_74909_b,,,,,field,private boolean
bbz$h,b,field_74910_c,,,,,field,private int
bbz$j,a,field_74917_c,,,,,field,private boolean
bbz$k,a,field_74929_a,,,,,field,public WorldChunkManager
bbz$k,b,field_74928_c,,,,,field,public int
bbz$k,c,field_74926_d,,,,,field,public WorldGenVillagePieces$WorldGenVillagePieceWeight
bbz$k,d,field_74931_h,,,,,field,public List<WorldGenVillagePieces$WorldGenVillagePieceWeight>
bbz$k,e,field_74932_i,,,,,field,public List<StructurePiece>
bbz$k,f,field_74930_j,,,,,field,public List<StructurePiece>
bbz$l,a,field_74934_a,,,,,field,private int
bbz$n,g,field_143015_k,,,,,field,protected int
bbz$n,a,field_74896_a,,,,,field,private int
bbz$n,h,field_189928_h,,,,,field,protected int
bbz$n,i,field_189929_i,,,,,field,protected boolean
bc$a,a,field_192541_a,,,,,field,private final AdvancementDataPlayer
bc$a,b,field_192542_b,,,,,field,private final Set<CriterionTrigger$a<CriterionTriggerVillagerTrade$b>>
bc$b,a,field_192286_a,,,,,field,private final CriterionConditionEntity
bc$b,b,field_192287_b,,,,,field,private final CriterionConditionItem
bc,a,field_192237_a,,,,,field,private static final MinecraftKey
bc,b,field_192238_b,,,,,field,"private final Map<AdvancementDataPlayer, CriterionTriggerVillagerTrade$a>"
bca$a,c,field_191093_c,,,,,field,private boolean
bca,b,field_191073_b,,,,,field,private final int
bca,d,field_191074_d,,,,,field,private final int
bca,a,field_191072_a,,,,,field,public static final List<BiomeBase>
bca,h,field_191075_h,,,,,field,private final ChunkProviderGenerate
bcb$c,a,field_191117_a,,,,,field,private final Random
bcb$c,b,field_191118_b,,,,,field,private final WorldGenWoodlandMansionPieces$g
bcb$c,c,field_191119_c,,,,,field,private final WorldGenWoodlandMansionPieces$g
bcb$c,d,field_191120_d,,,,,field,private final WorldGenWoodlandMansionPieces$g[]
bcb$c,e,field_191121_e,,,,,field,private final int
bcb$c,f,field_191122_f,,,,,field,private final int
bcb$d,a,field_191134_a,,,,,field,private final DefinedStructureManager
bcb$d,b,field_191135_b,,,,,field,private final Random
bcb$d,c,field_191136_c,,,,,field,private int
bcb$d,d,field_191137_d,,,,,field,private int
bcb$e,a,field_191138_a,,,,,field,public EnumBlockRotation
bcb$e,b,field_191139_b,,,,,field,public BlockPosition
bcb$e,c,field_191140_c,,,,,field,public String
bcb$g,a,field_191148_a,,,,,field,private final int[][]
bcb$g,b,field_191149_b,,,,,field,private final int
bcb$g,c,field_191150_c,,,,,field,private final int
bcb$g,d,field_191151_d,,,,,field,private final int
bcb$i,d,field_191082_d,,,,,field,private String
bcb$i,e,field_191083_e,,,,,field,private EnumBlockRotation
bcb$i,f,field_191084_f,,,,,field,private EnumBlockMirror
bcd,a,field_189944_a,,,,,field,private final float
bcd,b,field_189945_b,,,,,field,private final Random
bce,a,field_186240_a,,,,,field,"private final Map<String, DefinedStructure>"
bce,b,field_186241_b,,,,,field,private final String
bce,c,field_191154_c,,,,,field,private final DataConverterManager
bcf,a,field_186228_a,,,,,field,private EnumBlockMirror
bcf,b,field_186229_b,,,,,field,private EnumBlockRotation
bcf,c,field_186230_c,,,,,field,private boolean
bcf,d,field_186231_d,,,,,field,private Block
bcf,e,field_186232_e,,,,,field,private ChunkCoordIntPair
bcf,f,field_186233_f,,,,,field,private StructureBoundingBox
bcf,g,field_186234_g,,,,,field,private boolean
bcf,h,field_189951_h,,,,,field,private float
bcf,i,field_189952_i,,,,,field,private Random
bcf,j,field_189953_j,,,,,field,private Long
bch$a,a,field_189957_a,,,,,field,public static final IBlockData
bch$a,b,field_189958_b,,,,,field,final RegistryBlockID<IBlockData>
bch$a,c,field_189959_c,,,,,field,private int
bch$b,a,field_186242_a,,,,,field,public final BlockPosition
bch$b,b,field_186243_b,,,,,field,public final IBlockData
bch$b,c,field_186244_c,,,,,field,public final NBTTagCompound
bch$c,a,field_186247_a,,,,,field,public final Vec3D
bch$c,b,field_186248_b,,,,,field,public final BlockPosition
bch$c,c,field_186249_c,,,,,field,public final NBTTagCompound
bch,a,field_186270_a,,,,,field,private final List<DefinedStructure$BlockInfo>
bch,b,field_186271_b,,,,,field,private final List<DefinedStructure$EntityInfo>
bch,c,field_186272_c,,,,,field,private BlockPosition
bch,d,field_186273_d,,,,,field,private String
bcm,d,field_76312_d,,,,,field,private final int[]
bcm,a,field_76315_a,,,,,field,public double
bcm,b,field_76313_b,,,,,field,public double
bcm,c,field_76314_c,,,,,field,public double
bcm,e,field_152381_e,,,,,field,private static final double[]
bcm,f,field_152382_f,,,,,field,private static final double[]
bcm,g,field_152383_g,,,,,field,private static final double[]
bcm,h,field_152384_h,,,,,field,private static final double[]
bcm,i,field_152385_i,,,,,field,private static final double[]
bcn,a,field_76307_a,,,,,field,private final NoiseGeneratorPerlin[]
bcn,b,field_76306_b,,,,,field,private final int
bco,a,field_151603_a,,,,,field,private final NoiseGenerator3Handler[]
bco,b,field_151602_b,,,,,field,private final int
bcr,e,field_151611_e,,,,,field,private static final int[][]
bcr,a,field_151614_a,,,,,field,public static final double
bcr,f,field_151608_f,,,,,field,private final int[]
bcr,b,field_151612_b,,,,,field,public double
bcr,c,field_151613_c,,,,,field,public double
bcr,d,field_151610_d,,,,,field,public double
bcr,g,field_151609_g,,,,,field,private static final double
bcr,h,field_151615_h,,,,,field,private static final double
bcx,a,field_151579_a,AIR,,,,field,public static final Material
bcx,b,field_151577_b,GRASS,,,,field,public static final Material
bcx,c,field_151578_c,EARTH,,,,field,public static final Material
bcx,d,field_151575_d,WOOD,,,,field,public static final Material
bcx,e,field_151576_e,STONE,,,,field,public static final Material
bcx,f,field_151573_f,ORE,,,,field,public static final Material
bcx,g,field_151574_g,HEAVY,,,,field,public static final Material
bcx,h,field_151586_h,WATER,,,,field,public static final Material
bcx,i,field_151587_i,LAVA,,,,field,public static final Material
bcx,j,field_151584_j,LEAVES,,,,field,public static final Material
bcx,k,field_151585_k,PLANT,,,,field,public static final Material
bcx,l,field_151582_l,REPLACEABLE_PLANT,,,,field,public static final Material
bcx,m,field_151583_m,SPONGE,,,,field,public static final Material
bcx,n,field_151580_n,CLOTH,,,,field,public static final Material
bcx,o,field_151581_o,FIRE,,,,field,public static final Material
bcx,p,field_151595_p,SAND,,,,field,public static final Material
bcx,q,field_151594_q,ORIENTABLE,,,,field,public static final Material
bcx,r,field_151593_r,WOOL,,,,field,public static final Material
bcx,s,field_151592_s,SHATTERABLE,,,,field,public static final Material
bcx,t,field_151591_t,BUILDABLE_GLASS,,,,field,public static final Material
bcx,u,field_151590_u,TNT,,,,field,public static final Material
bcx,v,field_151589_v,CORAL,,,,field,public static final Material
bcx,w,field_151588_w,ICE,,,,field,public static final Material
bcx,x,field_151598_x,SNOW_LAYER,,,,field,public static final Material
bcx,y,field_151597_y,PACKED_ICE,,,,field,public static final Material
bcx,z,field_151596_z,SNOW_BLOCK,,,,field,public static final Material
bcx,A,field_151570_A,CACTUS,,,,field,public static final Material
bcx,B,field_151571_B,CLAY,,,,field,public static final Material
bcx,C,field_151572_C,PUMPKIN,,,,field,public static final Material
bcx,D,field_151566_D,DRAGON_EGG,,,,field,public static final Material
bcx,E,field_151567_E,PORTAL,,,,field,public static final Material
bcx,F,field_151568_F,CAKE,,,,field,public static final Material
bcx,G,field_151569_G,WEB,,,,field,public static final Material
bcx,H,field_76233_E,PISTON,,,,field,public static final Material
bcx,I,field_175972_I,BANNER,,,,field,public static final Material
bcx,J,field_189963_J,,,,,field,public static final Material
bcx,K,field_76235_G,canBurn,,,,field,private boolean
bcx,L,field_76239_H,,,,,field,private boolean
bcx,M,field_76240_I,,,,,field,private boolean
bcx,N,field_76234_F,,,,,field,private final MaterialMapColor
bcx,O,field_76241_J,,,,,field,private boolean
bcx,P,field_76242_K,,,,,field,private EnumPistonReaction
bcx,Q,field_85159_M,,,,,field,private boolean
bcy,a,field_76281_a,,,,,field,public static final MaterialMapColor[]
bcy,b,field_193575_b,,,,,field,public static final MaterialMapColor[]
bcy,c,field_151660_b,,,,,field,public static final MaterialMapColor
bcy,d,field_151661_c,,,,,field,public static final MaterialMapColor
bcy,e,field_151658_d,,,,,field,public static final MaterialMapColor
bcy,f,field_151659_e,,,,,field,public static final MaterialMapColor
bcy,g,field_151656_f,,,,,field,public static final MaterialMapColor
bcy,h,field_151657_g,,,,,field,public static final MaterialMapColor
bcy,i,field_151668_h,,,,,field,public static final MaterialMapColor
bcy,j,field_151669_i,,,,,field,public static final MaterialMapColor
bcy,k,field_151666_j,,,,,field,public static final MaterialMapColor
bcy,l,field_151667_k,,,,,field,public static final MaterialMapColor
bcy,m,field_151664_l,,,,,field,public static final MaterialMapColor
bcy,n,field_151665_m,,,,,field,public static final MaterialMapColor
bcy,o,field_151662_n,,,,,field,public static final MaterialMapColor
bcy,p,field_151663_o,,,,,field,public static final MaterialMapColor
bcy,q,field_151677_p,,,,,field,public static final MaterialMapColor
bcy,r,field_151676_q,,,,,field,public static final MaterialMapColor
bcy,s,field_151675_r,,,,,field,public static final MaterialMapColor
bcy,t,field_151674_s,,,,,field,public static final MaterialMapColor
bcy,u,field_151673_t,,,,,field,public static final MaterialMapColor
bcy,v,field_151672_u,,,,,field,public static final MaterialMapColor
bcy,w,field_151671_v,,,,,field,public static final MaterialMapColor
bcy,x,field_151670_w,,,,,field,public static final MaterialMapColor
bcy,y,field_151680_x,,,,,field,public static final MaterialMapColor
bcy,z,field_151679_y,,,,,field,public static final MaterialMapColor
bcy,A,field_151678_z,,,,,field,public static final MaterialMapColor
bcy,B,field_151649_A,,,,,field,public static final MaterialMapColor
bcy,C,field_151650_B,,,,,field,public static final MaterialMapColor
bcy,D,field_151651_C,,,,,field,public static final MaterialMapColor
bcy,E,field_151645_D,,,,,field,public static final MaterialMapColor
bcy,F,field_151646_E,,,,,field,public static final MaterialMapColor
bcy,G,field_151647_F,,,,,field,public static final MaterialMapColor
bcy,H,field_151648_G,,,,,field,public static final MaterialMapColor
bcy,I,field_151652_H,,,,,field,public static final MaterialMapColor
bcy,J,field_151653_I,,,,,field,public static final MaterialMapColor
bcy,K,field_151654_J,,,,,field,public static final MaterialMapColor
bcy,L,field_151655_K,,,,,field,public static final MaterialMapColor
bcy,M,field_193561_M,,,,,field,public static final MaterialMapColor
bcy,N,field_193562_N,,,,,field,public static final MaterialMapColor
bcy,O,field_193563_O,,,,,field,public static final MaterialMapColor
bcy,P,field_193564_P,,,,,field,public static final MaterialMapColor
bcy,Q,field_193565_Q,,,,,field,public static final MaterialMapColor
bcy,R,field_193566_R,,,,,field,public static final MaterialMapColor
bcy,S,field_193567_S,,,,,field,public static final MaterialMapColor
bcy,T,field_193568_T,,,,,field,public static final MaterialMapColor
bcy,U,field_193569_U,,,,,field,public static final MaterialMapColor
bcy,V,field_193570_V,,,,,field,public static final MaterialMapColor
bcy,W,field_193571_W,,,,,field,public static final MaterialMapColor
bcy,X,field_193572_X,,,,,field,public static final MaterialMapColor
bcy,Y,field_193573_Y,,,,,field,public static final MaterialMapColor
bcy,Z,field_193574_Z,,,,,field,public static final MaterialMapColor
bcy,aa,field_193559_aa,,,,,field,public static final MaterialMapColor
bcy,ab,field_193560_ab,,,,,field,public static final MaterialMapColor
bcy,ac,field_76291_p,,,,,field,public final int
bcy,ad,field_76290_q,,,,,field,public final int
bd$a,a,field_192547_a,,,,,field,private final AdvancementDataPlayer
bd$a,b,field_192548_b,,,,,field,private final Set<CriterionTrigger$a<CriterionTriggerUsedEnderEye$b>>
bd$b,a,field_192289_a,,,,,field,private final CriterionConditionValue
bd,a,field_192242_a,,,,,field,private static final MinecraftKey
bd,b,field_192243_b,,,,,field,"private final Map<AdvancementDataPlayer, CriterionTriggerUsedEnderEye$a>"
bda,a,NORMAL,NORMAL,,,,enum,
bda,b,DESTROY,DESTROY,,,,enum,
bda,c,BLOCK,BLOCK,,,,enum,
bda,d,IGNORE,IGNORE,,,,enum,
bda,e,PUSH_ONLY,PUSH_ONLY,,,,enum,
bdd$a,a,COOL_WARM,COOL_WARM,,,,enum,
bdd$a,b,HEAT_ICE,HEAT_ICE,,,,enum,
bdd$a,c,SPECIAL,SPECIAL,,,,enum,
bdd,c,field_151627_c,,,,,field,private final GenLayerSpecial$EnumGenLayerSpecial
bdi,c,field_151623_c,,,,,field,private BiomeBase[]
bdi,d,field_151621_d,,,,,field,private final BiomeBase[]
bdi,e,field_151622_e,,,,,field,private final BiomeBase[]
bdi,f,field_151620_f,,,,,field,private final BiomeBase[]
bdi,g,field_175973_g,,,,,field,private final CustomWorldSettingsFinal
bdm,a,field_76451_a,,,,,field,private static int
bdm,b,field_76449_b,,,,,field,private static final List<int[]>
bdm,c,field_76450_c,,,,,field,private static final List<int[]>
bdm,d,field_76447_d,,,,,field,private static final List<int[]>
bdm,e,field_76448_e,,,,,field,private static final List<int[]>
bdo,c,field_75907_b,,,,,field,private long
bdo,a,field_75909_a,,,,,field,protected GenLayer
bdo,d,field_75908_c,,,,,field,private long
bdo,b,field_75906_d,,,,,field,protected long
bdq,c,field_151629_c,,,,,field,private static final org.apache.logging.log4j.Logger
bdq,d,field_151628_d,,,,,field,private final GenLayer
bdu,c,field_75910_b,,,,,field,private final GenLayer
bdu,d,field_75911_c,,,,,field,private final GenLayer
be$a,a,field_193510_a,,,,,field,private final AdvancementDataPlayer
be$a,b,field_193511_b,,,,,field,private final Set<CriterionTrigger$a<CriterionTriggerUsedTotem$b>>
be$b,a,field_193219_a,,,,,field,private final CriterionConditionItem
be,a,field_193188_a,,,,,field,private static final MinecraftKey
be,b,field_193189_b,,,,,field,"private final Map<AdvancementDataPlayer, CriterionTriggerUsedTotem$a>"
bee,a,field_75852_a,,,,,field,private PathPoint[]
bee,b,field_75851_b,,,,,field,private int
bef,a,BLOCKED,BLOCKED,,,,enum,
bef,b,OPEN,OPEN,,,,enum,
bef,c,WALKABLE,WALKABLE,,,,enum,
bef,d,TRAPDOOR,TRAPDOOR,,,,enum,
bef,e,FENCE,FENCE,,,,enum,
bef,f,LAVA,LAVA,,,,enum,
bef,g,WATER,WATER,,,,enum,
bef,h,RAIL,RAIL,,,,enum,
bef,i,DANGER_FIRE,DANGER_FIRE,,,,enum,
bef,j,DAMAGE_FIRE,DAMAGE_FIRE,,,,enum,
bef,k,DANGER_CACTUS,DANGER_CACTUS,,,,enum,
bef,l,DAMAGE_CACTUS,DAMAGE_CACTUS,,,,enum,
bef,m,DANGER_OTHER,DANGER_OTHER,,,,enum,
bef,n,DAMAGE_OTHER,DAMAGE_OTHER,,,,enum,
bef,o,DOOR_OPEN,DOOR_OPEN,,,,enum,
bef,p,DOOR_WOOD_CLOSED,DOOR_WOOD_CLOSED,,,,enum,
bef,q,DOOR_IRON_CLOSED,DOOR_IRON_CLOSED,,,,enum,
bef,r,field_186307_r,,,,,field,private final float
beh,a,field_75839_a,,,,,field,public final int
beh,b,field_75837_b,,,,,field,public final int
beh,c,field_75838_c,,,,,field,public final int
beh,n,field_75840_j,,,,,field,private final int
beh,d,field_75835_d,,,,,field,public int
beh,e,field_75836_e,,,,,field,public float
beh,f,field_75833_f,,,,,field,public float
beh,g,field_75834_g,,,,,field,public float
beh,h,field_75841_h,,,,,field,public PathPoint
beh,i,field_75842_i,,,,,field,public boolean
beh,j,field_186284_j,,,,,field,public float
beh,k,field_186285_k,,,,,field,public float
beh,l,field_186286_l,,,,,field,public float
beh,m,field_186287_m,,,,,field,public PathType
bei,a,field_176169_a,,,,,field,protected IBlockAccess
bei,b,field_186326_b,,,,,field,protected EntityInsentient
bei,c,field_176167_b,,,,,field,protected final IntHashMap<PathPoint>
bei,d,field_176168_c,,,,,field,protected int
bei,e,field_176165_d,,,,,field,protected int
bei,f,field_176166_e,,,,,field,protected int
bei,g,field_176180_f,,,,,field,protected boolean
bei,h,field_176181_g,,,,,field,protected boolean
bei,i,field_176184_i,,,,,field,protected boolean
bej,a,field_75884_a,,,,,field,private final PathPoint[]
bej,b,field_186312_b,,,,,field,private PathPoint[]
bej,c,field_186313_c,,,,,field,private PathPoint[]
bej,e,field_75882_b,,,,,field,private int
bej,f,field_75883_c,,,,,field,private int
bej,d,field_186314_d,,,,,field,private PathPoint
bek,a,field_75866_b,,,,,field,private final Path
bek,b,field_186337_b,,,,,field,private final Set<PathPoint>
bek,c,field_75864_d,,,,,field,private final PathPoint[]
bek,d,field_176190_c,,,,,field,private final PathfinderAbstract
bem,j,field_176183_h,,,,,field,protected float
beq,a,field_186338_a,,,,,field,private final PersistentBase
ber,a,field_76190_i,id,,,,field,public final String
ber,b,field_76189_a,,,,,field,private boolean
bes$a,a,PLAYER,PLAYER,,,,enum,
bes$a,b,FRAME,FRAME,,,,enum,
bes$a,c,RED_MARKER,RED_MARKER,,,,enum,
bes$a,d,BLUE_MARKER,BLUE_MARKER,,,,enum,
bes$a,e,TARGET_X,TARGET_X,,,,enum,
bes$a,f,TARGET_POINT,TARGET_POINT,,,,enum,
bes$a,g,PLAYER_OFF_MAP,PLAYER_OFF_MAP,,,,enum,
bes$a,h,PLAYER_OFF_LIMITS,PLAYER_OFF_LIMITS,,,,enum,
bes$a,i,MANSION,MANSION,,,,enum,
bes$a,j,MONUMENT,MONUMENT,,,,enum,
bes$a,k,field_191175_k,,,,,field,private final byte
bes$a,l,field_191176_l,,,,,field,private final boolean
bes$a,m,field_191177_m,,,,,field,private final int
bes,a,field_191181_a,type,,,,field,private final MapIcon$Type
bes,b,field_176115_b,x,,,,field,private byte
bes,c,field_176116_c,y,,,,field,private byte
bes,d,field_176114_d,rotation,,,,field,private byte
bet$a,a,field_76211_a,trackee,,,,field,public final EntityHuman
bet$a,d,field_176105_d,,,,,field,private boolean
bet$a,e,field_176106_e,,,,,field,private int
bet$a,f,field_176103_f,,,,,field,private int
bet$a,g,field_176104_g,,,,,field,private int
bet$a,h,field_176108_h,,,,,field,private int
bet$a,i,field_176109_i,,,,,field,private int
bet$a,b,field_82569_d,,,,,field,public int
bet,b,field_76201_a,centerX,,,,field,public int
bet,c,field_76199_b,centerZ,,,,field,public int
bet,d,field_76200_c,map,,,,field,public byte
bet,e,field_186210_e,track,,,,field,public boolean
bet,f,field_191096_f,unlimitedTracking,,,,field,public boolean
bet,g,field_76197_d,scale,,,,field,public byte
bet,h,field_76198_e,colors,,,,field,public byte[]
bet,i,field_76196_g,,,,,field,public List<WorldMap$WorldMapHumanTracker>
bet,k,field_76202_j,,,,,field,"private final Map<EntityHuman, WorldMap$WorldMapHumanTracker>"
bet,j,field_76203_h,decorations,,,,field,"public Map<String, MapIcon>"
bex,c,field_151480_b,,,,,field,private static final org.apache.logging.log4j.Logger
bey,b,field_76115_a,,,,,field,private final WorldData
bez,b,field_151478_a,,,,,field,private static final org.apache.logging.log4j.Logger
bez,c,field_75770_b,baseDir,,,,field,private final File
bez,d,field_75771_c,playerDir,,,,field,private final File
bez,e,field_75768_d,dataDir,,,,field,private final File
bez,f,field_75769_e,sessionId,,,,field,private final long
bez,g,field_75767_f,,,,,field,private final String
bez,h,field_186342_h,,,,,field,private final DefinedStructureManager
bez,a,field_186341_a,,,,,field,protected final DataConverterManager
bfa,c,field_151479_b,,,,,field,private static final org.apache.logging.log4j.Logger
bfa,a,field_75808_a,,,,,field,protected final File
bfa,b,field_186354_b,,,,,field,protected final DataConverterManager
bfb,b,field_186349_b,,,,,field,private String
bfb,c,field_186350_c,,,,,field,private int
bfb,d,field_186351_d,,,,,field,private boolean
bfb,a,field_176156_a,,,,,field,public static final EnumDifficulty
bfb,e,field_76100_a,,,,,field,private long
bfb,f,field_76098_b,,,,,field,private WorldType
bfb,g,field_82576_c,,,,,field,private String
bfb,h,field_76099_c,,,,,field,private int
bfb,i,field_76096_d,,,,,field,private int
bfb,j,field_76097_e,,,,,field,private int
bfb,k,field_82575_g,,,,,field,private long
bfb,l,field_76094_f,,,,,field,private long
bfb,m,field_76095_g,,,,,field,private long
bfb,n,field_76107_h,,,,,field,private long
bfb,o,field_76108_i,,,,,field,private NBTTagCompound
bfb,p,field_76105_j,,,,,field,private int
bfb,q,field_76106_k,levelName,,,,field,private String
bfb,r,field_76103_l,,,,,field,private int
bfb,s,field_176157_p,,,,,field,private int
bfb,t,field_76104_m,,,,,field,private boolean
bfb,u,field_76101_n,,,,,field,private int
bfb,v,field_76102_o,,,,,field,private boolean
bfb,w,field_76114_p,,,,,field,private int
bfb,x,field_76113_q,,,,,field,private EnumGamemode
bfb,y,field_76112_r,,,,,field,private boolean
bfb,z,field_76111_s,,,,,field,private boolean
bfb,A,field_76110_t,,,,,field,private boolean
bfb,B,field_76109_u,,,,,field,private boolean
bfb,C,field_176158_z,,,,,field,private EnumDifficulty
bfb,D,field_176150_A,,,,,field,private boolean
bfb,E,field_176151_B,,,,,field,private double
bfb,F,field_176152_C,,,,,field,private double
bfb,G,field_176146_D,,,,,field,private double
bfb,H,field_176147_E,,,,,field,private long
bfb,I,field_176148_F,,,,,field,private double
bfb,J,field_176149_G,,,,,field,private double
bfb,K,field_176153_H,,,,,field,private double
bfb,L,field_176154_I,,,,,field,private int
bfb,M,field_176155_J,,,,,field,private int
bfb,N,field_186348_N,,,,,field,"private final Map<DimensionManager, NBTTagCompound>"
bfb,O,field_82577_x,,,,,field,private GameRules
bfk,b,field_75751_a,,,,,field,private final IDataManager
bfk,a,field_75749_b,,,,,field,"protected Map<String, PersistentBase>"
bfk,c,field_75750_c,,,,,field,private final List<PersistentBase>
bfk,d,field_75748_d,,,,,field,"private final Map<String, Short>"
bfl,aE,field_186391_ap,,,,,field,private static final Set<MinecraftKey>
bfl,aF,field_186392_aq,,,,,field,private static final Set<MinecraftKey>
bfl,a,field_186419_a,,,,,field,public static final MinecraftKey
bfl,b,field_186420_b,,,,,field,public static final MinecraftKey
bfl,c,field_186421_c,,,,,field,public static final MinecraftKey
bfl,d,field_186422_d,,,,,field,public static final MinecraftKey
bfl,e,field_186423_e,,,,,field,public static final MinecraftKey
bfl,f,field_186424_f,,,,,field,public static final MinecraftKey
bfl,g,field_186425_g,,,,,field,public static final MinecraftKey
bfl,h,field_186426_h,,,,,field,public static final MinecraftKey
bfl,i,field_186427_i,,,,,field,public static final MinecraftKey
bfl,j,field_186428_j,,,,,field,public static final MinecraftKey
bfl,k,field_186429_k,,,,,field,public static final MinecraftKey
bfl,l,field_186430_l,,,,,field,public static final MinecraftKey
bfl,m,field_189420_m,,,,,field,public static final MinecraftKey
bfl,n,field_186431_m,,,,,field,public static final MinecraftKey
bfl,o,field_191192_o,,,,,field,public static final MinecraftKey
bfl,p,field_186432_n,,,,,field,public static final MinecraftKey
bfl,q,field_186433_o,,,,,field,public static final MinecraftKey
bfl,r,field_186434_p,,,,,field,public static final MinecraftKey
bfl,s,field_186435_q,,,,,field,public static final MinecraftKey
bfl,t,field_186436_r,,,,,field,public static final MinecraftKey
bfl,u,field_186437_s,,,,,field,public static final MinecraftKey
bfl,v,field_186438_t,,,,,field,public static final MinecraftKey
bfl,w,field_186439_u,,,,,field,public static final MinecraftKey
bfl,x,field_186440_v,,,,,field,public static final MinecraftKey
bfl,y,field_186441_w,,,,,field,public static final MinecraftKey
bfl,z,field_186442_x,,,,,field,public static final MinecraftKey
bfl,A,field_186443_y,,,,,field,public static final MinecraftKey
bfl,B,field_186444_z,,,,,field,public static final MinecraftKey
bfl,C,field_186393_A,,,,,field,public static final MinecraftKey
bfl,D,field_186394_B,,,,,field,public static final MinecraftKey
bfl,E,field_186395_C,,,,,field,public static final MinecraftKey
bfl,F,field_189969_E,,,,,field,public static final MinecraftKey
bfl,G,field_186396_D,,,,,field,public static final MinecraftKey
bfl,H,field_191190_H,,,,,field,public static final MinecraftKey
bfl,I,field_191191_I,,,,,field,public static final MinecraftKey
bfl,J,field_186397_E,,,,,field,public static final MinecraftKey
bfl,K,field_186398_F,,,,,field,public static final MinecraftKey
bfl,L,field_186399_G,,,,,field,public static final MinecraftKey
bfl,M,field_186400_H,,,,,field,public static final MinecraftKey
bfl,N,field_186401_I,,,,,field,public static final MinecraftKey
bfl,O,field_186402_J,,,,,field,public static final MinecraftKey
bfl,P,field_186403_K,,,,,field,public static final MinecraftKey
bfl,Q,field_186404_L,,,,,field,public static final MinecraftKey
bfl,R,field_186405_M,,,,,field,public static final MinecraftKey
bfl,S,field_186406_N,,,,,field,public static final MinecraftKey
bfl,T,field_186407_O,,,,,field,public static final MinecraftKey
bfl,U,field_186408_P,,,,,field,public static final MinecraftKey
bfl,V,field_186409_Q,,,,,field,public static final MinecraftKey
bfl,W,field_186410_R,,,,,field,public static final MinecraftKey
bfl,X,field_186411_S,,,,,field,public static final MinecraftKey
bfl,Y,field_186412_T,,,,,field,public static final MinecraftKey
bfl,Z,field_186413_U,,,,,field,public static final MinecraftKey
bfl,aa,field_186414_V,,,,,field,public static final MinecraftKey
bfl,ab,field_186415_W,,,,,field,public static final MinecraftKey
bfl,ac,field_186416_X,,,,,field,public static final MinecraftKey
bfl,ad,field_186417_Y,,,,,field,public static final MinecraftKey
bfl,ae,field_186418_Z,,,,,field,public static final MinecraftKey
bfl,af,field_186376_aa,,,,,field,public static final MinecraftKey
bfl,ag,field_186377_ab,,,,,field,public static final MinecraftKey
bfl,ah,field_186378_ac,,,,,field,public static final MinecraftKey
bfl,ai,field_186379_ad,,,,,field,public static final MinecraftKey
bfl,aj,field_186380_ae,,,,,field,public static final MinecraftKey
bfl,ak,field_186381_af,,,,,field,public static final MinecraftKey
bfl,al,field_186382_ag,,,,,field,public static final MinecraftKey
bfl,am,field_186383_ah,,,,,field,public static final MinecraftKey
bfl,an,field_186384_ai,,,,,field,public static final MinecraftKey
bfl,ao,field_186385_aj,,,,,field,public static final MinecraftKey
bfl,ap,field_186386_ak,,,,,field,public static final MinecraftKey
bfl,aq,field_189968_an,,,,,field,public static final MinecraftKey
bfl,ar,field_191182_ar,,,,,field,public static final MinecraftKey
bfl,as,field_191183_as,,,,,field,public static final MinecraftKey
bfl,at,field_191184_at,,,,,field,public static final MinecraftKey
bfl,au,field_191185_au,,,,,field,public static final MinecraftKey
bfl,av,field_191186_av,,,,,field,public static final MinecraftKey
bfl,aw,field_191187_aw,,,,,field,public static final MinecraftKey
bfl,ax,field_192561_ax,,,,,field,public static final MinecraftKey
bfl,ay,field_191188_ax,,,,,field,public static final MinecraftKey
bfl,az,field_191189_ay,,,,,field,public static final MinecraftKey
bfl,aA,field_186387_al,,,,,field,public static final MinecraftKey
bfl,aB,field_186388_am,,,,,field,public static final MinecraftKey
bfl,aC,field_186389_an,,,,,field,public static final MinecraftKey
bfl,aD,field_186390_ao,,,,,field,public static final MinecraftKey
bfn,a,field_186368_a,,,,,field,protected final Item
bfn,b,field_186369_b,,,,,field,protected final LootItemFunction[]
bfo,a,field_186453_a,,,,,field,private final LotoSelectorEntry[]
bfo,b,field_186454_b,,,,,field,private final LootItemCondition[]
bfo,c,field_186455_c,,,,,field,private final LootValueBounds
bfo,d,field_186456_d,,,,,field,private final LootValueBounds
bfp,c,field_186364_c,,,,,field,protected final int
bfp,d,field_186365_d,,,,,field,protected final int
bfp,e,field_186366_e,,,,,field,protected final LootItemCondition[]
bfq,b,field_186465_b,,,,,field,private static final org.apache.logging.log4j.Logger
bfq,a,field_186464_a,,,,,field,public static final LootTable
bfq,c,field_186466_c,,,,,field,private final LootSelector[]
bfr$a,a,field_186474_a,,,,,field,private final WorldServer
bfr$a,b,field_186475_b,,,,,field,private float
bfr$a,c,field_186476_c,,,,,field,private Entity
bfr$a,d,field_186477_d,,,,,field,private EntityHuman
bfr$a,e,field_186478_e,,,,,field,private DamageSource
bfr$b,a,THIS,THIS,,,,enum,
bfr$b,b,KILLER,KILLER,,,,enum,
bfr$b,c,KILLER_PLAYER,KILLER_PLAYER,,,,enum,
bfr$b,d,field_186488_d,,,,,field,private final String
bfr,a,field_186498_a,,,,,field,private final float
bfr,b,field_186499_b,,,,,field,private final WorldServer
bfr,c,field_186500_c,,,,,field,private final LootTableRegistry
bfr,d,field_186501_d,,,,,field,private final Entity
bfr,e,field_186502_e,,,,,field,private final EntityHuman
bfr,f,field_186503_f,,,,,field,private final DamageSource
bfr,g,field_186504_g,,,,,field,private final Set<LootTable>
bfs,a,field_186371_a,,,,,field,protected final MinecraftKey
bft,a,field_186525_a,,,,,field,private static final org.apache.logging.log4j.Logger
bft,b,field_186526_b,,,,,field,private static final com.google.gson.Gson
bft,c,field_186527_c,,,,,field,"private final com.google.common.cache.LoadingCache<MinecraftKey, LootTable>"
bft,d,field_186528_d,,,,,field,private final File
bfu,a,field_186514_a,,,,,field,private final float
bfu,b,field_186515_b,,,,,field,private final float
bfv,a,field_186557_a,,,,,field,private static final org.apache.logging.log4j.Logger
bfv,b,field_186558_b,,,,,field,private final List<Enchantment>
bfw,a,field_186577_a,,,,,field,private final LootValueBounds
bfw,b,field_186578_b,,,,,field,private final boolean
bfx$a,a,field_186533_a,,,,,field,private final MinecraftKey
bfx$a,b,field_186534_b,,,,,field,private final Class<T>
bfx,a,field_186555_a,,,,,field,private final LootItemCondition[]
bfy,a,field_186584_a,,,,,field,"private static final Map<MinecraftKey, LootItemFunction$a<?>>"
bfy,b,field_186585_b,,,,,field,"private static final Map<Class<? extends LootItemFunction>, LootItemFunction$a<?>>"
bfz,a,field_186563_a,,,,,field,private final LootValueBounds
bfz,b,field_189971_b,,,,,field,private final int
bga$a,a,field_186596_a,,,,,field,private final String
bga$a,b,field_186597_b,,,,,field,private final String
bga$a,c,field_186598_c,,,,,field,private final int
bga$a,d,field_186599_d,,,,,field,private final LootValueBounds
bga$a,e,field_186600_e,,,,,field,private final UUID
bga$a,f,field_186601_f,,,,,field,private final EnumItemSlot[]
bga,a,field_186560_a,,,,,field,private static final org.apache.logging.log4j.Logger
bga,b,field_186561_b,,,,,field,private final LootItemFunctionSetAttribute$a[]
bgb,a,field_186568_a,,,,,field,private final LootValueBounds
bgc,a,field_186565_a,,,,,field,private static final org.apache.logging.log4j.Logger
bgc,b,field_186566_b,,,,,field,private final LootValueBounds
bgd,a,field_186572_a,,,,,field,private static final org.apache.logging.log4j.Logger
bgd,b,field_186573_b,,,,,field,private final LootValueBounds
bge,a,field_186570_a,,,,,field,private final NBTTagCompound
bgf,a,field_186574_a,,,,,field,private static final org.apache.logging.log4j.Logger
bgi,a,field_186634_a,,,,,field,"private final Map<String, LootValueBounds>"
bgi,b,field_186635_b,,,,,field,private final LootTableInfo$EntityTarget
bgj$a,a,field_186606_a,,,,,field,private final MinecraftKey
bgj$a,b,field_186607_b,,,,,field,private final Class<T>
bgk,a,field_186642_a,,,,,field,"private static final Map<MinecraftKey, LootItemCondition$a<?>>"
bgk,b,field_186643_b,,,,,field,"private static final Map<Class<? extends LootItemCondition>, LootItemCondition$a<?>>"
bgl,a,field_186623_a,,,,,field,private final LootEntityProperty[]
bgl,b,field_186624_b,,,,,field,private final LootTableInfo$EntityTarget
bgm,a,field_186620_a,,,,,field,private final boolean
bgn,a,field_186630_a,,,,,field,private final float
bgo,a,field_186627_a,,,,,field,private final float
bgo,b,field_186628_b,,,,,field,private final float
bgq,a,field_186647_a,,,,,field,"private static final Map<MinecraftKey, LootEntityProperty$a<?>>"
bgq,b,field_186648_b,,,,,field,"private static final Map<Class<? extends LootEntityProperty>, LootEntityProperty$a<?>>"
bgr$a,a,field_186653_a,,,,,field,private final MinecraftKey
bgr$a,b,field_186654_b,,,,,field,private final Class<T>
bgs,a,field_186659_a,,,,,field,private final boolean
bgv,a,field_75741_a,,,,,field,private static final FileIOThread
bgv,b,field_75739_b,,,,,field,private final List<IAsyncChunkSaver>
bgv,c,field_75740_c,,,,,field,private volatile long
bgv,d,field_75737_d,,,,,field,private volatile long
bgv,e,field_75738_e,,,,,field,private volatile boolean
bgz,a,field_72340_a,,,,,field,public final double
bgz,b,field_72338_b,,,,,field,public final double
bgz,c,field_72339_c,,,,,field,public final double
bgz,d,field_72336_d,,,,,field,public final double
bgz,e,field_72337_e,,,,,field,public final double
bgz,f,field_72334_f,,,,,field,public final double
bha$a,a,MISS,MISS,,,,enum,
bha$a,b,BLOCK,BLOCK,,,,enum,
bha$a,c,ENTITY,ENTITY,,,,enum,
bha,e,field_178783_e,,,,,field,private BlockPosition
bha,a,field_72313_a,type,,,,field,public MovingObjectPosition$EnumMovingObjectType
bha,b,field_178784_b,direction,,,,field,public EnumDirection
bha,c,field_72307_f,pos,,,,field,public Vec3D
bha,d,field_72308_g,entity,,,,field,public Entity
bhc,a,field_186680_a,,,,,field,public static final Vec3D
bhc,b,field_72450_a,x,,,,field,public final double
bhc,c,field_72448_b,y,,,,field,public final double
bhc,d,field_72449_c,z,,,,field,public final double
bhe,a,field_96686_a,,,,,field,private final Scoreboard
bhe,b,field_96684_b,,,,,field,private final String
bhe,c,field_96685_c,,,,,field,private final IScoreboardCriteria
bhe,d,field_178768_d,,,,,field,private IScoreboardCriteria$EnumScoreboardHealthDisplay
bhe,e,field_96683_d,,,,,field,private String
bhf,a,field_96677_a,,,,,field,private final Scoreboard
bhf,b,field_96675_b,,,,,field,private final String
bhf,c,field_96676_c,,,,,field,private final Set<String>
bhf,d,field_96673_d,,,,,field,private String
bhf,e,field_96674_e,,,,,field,private String
bhf,f,field_96671_f,,,,,field,private String
bhf,g,field_96672_g,,,,,field,private boolean
bhf,h,field_98301_h,,,,,field,private boolean
bhf,i,field_178778_i,,,,,field,private ScoreboardTeamBase$EnumNameTagVisibility
bhf,j,field_178776_j,,,,,field,private ScoreboardTeamBase$EnumNameTagVisibility
bhf,k,field_178777_k,,,,,field,private EnumChatFormat
bhf,l,field_186683_l,,,,,field,private ScoreboardTeamBase$EnumTeamPush
bhg,a,field_96658_a,,,,,field,public static final Comparator<ScoreboardScore>
bhg,b,field_96656_b,,,,,field,private final Scoreboard
bhg,c,field_96657_c,,,,,field,private final ScoreboardObjective
bhg,d,field_96654_d,playerName,,,,field,private final String
bhg,e,field_96655_e,score,,,,field,private int
bhg,f,field_178817_f,,,,,field,private boolean
bhg,g,field_178818_g,,,,,field,private boolean
bhi,a,field_96545_a,objectivesByName,,,,field,"private final Map<String, ScoreboardObjective>"
bhi,b,field_96543_b,objectivesByCriteria,,,,field,"private final Map<IScoreboardCriteria, List<ScoreboardObjective>>"
bhi,c,field_96544_c,playerScores,,,,field,"private final Map<String, Map<ScoreboardObjective, ScoreboardScore>>"
bhi,d,field_96541_d,displaySlots,,,,field,private final ScoreboardObjective[]
bhi,e,field_96542_e,teamsByName,,,,field,"private final Map<String, ScoreboardTeam>"
bhi,f,field_96540_f,teamsByPlayer,,,,field,"private final Map<String, ScoreboardTeam>"
bhi,g,field_178823_g,,,,,field,private static String[]
bhj,b,field_151481_a,,,,,field,private static final org.apache.logging.log4j.Logger
bhj,c,field_96507_a,,,,,field,private Scoreboard
bhj,d,field_96506_b,,,,,field,private NBTTagCompound
bhk$a,a,ALWAYS,ALWAYS,,,,enum,
bhk$a,b,NEVER,NEVER,,,,enum,
bhk$a,c,HIDE_FOR_OTHER_TEAMS,HIDE_FOR_OTHER_TEAMS,,,,enum,
bhk$a,d,HIDE_FOR_OWN_TEAM,HIDE_FOR_OWN_TEAM,,,,enum,
bhk$a,g,field_186695_g,,,,,field,"private static final Map<String, ScoreboardTeamBase$EnumTeamPush>"
bhk$a,e,field_186693_e,,,,,field,public final String
bhk$a,f,field_186694_f,,,,,field,public final int
bhk$b,a,ALWAYS,ALWAYS,,,,enum,
bhk$b,b,NEVER,NEVER,,,,enum,
bhk$b,c,HIDE_FOR_OTHER_TEAMS,HIDE_FOR_OTHER_TEAMS,,,,enum,
bhk$b,d,HIDE_FOR_OWN_TEAM,HIDE_FOR_OWN_TEAM,,,,enum,
bhk$b,g,field_186697_g,,,,,field,"private static final Map<String, ScoreboardTeamBase$EnumNameTagVisibility>"
bhk$b,e,field_178830_e,,,,,field,public final String
bhk$b,f,field_178827_f,,,,,field,public final int
bhl,o,field_178794_j,,,,,field,private final String
bhm,o,field_96644_g,,,,,field,private final String
bho$a,a,INTEGER,INTEGER,,,,enum,
bho$a,b,HEARTS,HEARTS,,,,enum,
bho$a,c,field_178801_c,,,,,field,"private static final Map<String, IScoreboardCriteria$EnumScoreboardHealthDisplay>"
bho$a,d,field_178798_d,,,,,field,private final String
bho,a,field_96643_a,criteria,,,,field,"Map<String, IScoreboardCriteria>"
bho,b,field_96641_b,,,,,field,IScoreboardCriteria
bho,c,field_178791_c,,,,,field,IScoreboardCriteria
bho,d,field_96642_c,,,,,field,IScoreboardCriteria
bho,e,field_96639_d,,,,,field,IScoreboardCriteria
bho,f,field_96640_e,,,,,field,IScoreboardCriteria
bho,g,field_96638_f,,,,,field,IScoreboardCriteria
bho,h,field_186698_h,,,,,field,IScoreboardCriteria
bho,i,field_186699_i,,,,,field,IScoreboardCriteria
bho,j,field_186700_j,,,,,field,IScoreboardCriteria
bho,k,field_186701_k,,,,,field,IScoreboardCriteria
bho,l,field_186702_l,,,,,field,IScoreboardCriteria
bho,m,field_178792_h,,,,,field,IScoreboardCriteria[]
bho,n,field_178793_i,,,,,field,IScoreboardCriteria[]
bhq,o,field_151459_g,,,,,field,private final Statistic
bi$a,a,field_179633_a,,,,,field,private final double
bi$a,b,field_179631_b,,,,,field,private final double
bi$a,c,field_179632_c,,,,,field,private final boolean
bi,a,field_71533_a,,,,,field,private static ICommandDispatcher
bi,b,field_190796_b,,,,,field,private static final com.google.common.base.Splitter
bi,c,field_190797_c,,,,,field,private static final com.google.common.base.Splitter
bj,a,field_147175_a,,,,,field,private static final org.apache.logging.log4j.Logger
bj,b,field_71562_a,,,,,field,"private final Map<String, ICommand>"
bj,c,field_71561_b,,,,,field,private final Set<ICommand>
bm$a,a,field_193519_a,,,,,field,public static final CustomFunction$a
bm$a,b,field_193520_b,,,,,field,private final MinecraftKey
bm$a,c,field_193521_c,,,,,field,private boolean
bm$a,d,field_193522_d,,,,,field,private CustomFunction
bm$b,a,field_193525_a,,,,,field,private final String
bm$d,a,field_193524_a,,,,,field,private final CustomFunction$a
bm,a,field_193530_b,,,,,field,private final CustomFunction$c[]
bo,a,field_193043_a,base,,,,field,private final ICommandListener
bo,b,field_194002_b,,,,,field,private final Vec3D
bo,c,field_194003_c,,,,,field,private final BlockPosition
bo,d,field_194004_d,,,,,field,private final Integer
bo,e,field_194005_e,,,,,field,private final Entity
bo,f,field_194006_f,,,,,field,private final Boolean
bp$a,a,SUCCESS_COUNT,SUCCESS_COUNT,,,,enum,
bp$a,b,AFFECTED_BLOCKS,AFFECTED_BLOCKS,,,,enum,
bp$a,c,AFFECTED_ENTITIES,AFFECTED_ENTITIES,,,,enum,
bp$a,d,AFFECTED_ITEMS,AFFECTED_ITEMS,,,,enum,
bp$a,e,QUERY_RESULT,QUERY_RESULT,,,,enum,
bp$a,f,field_179639_f,,,,,field,final int
bp$a,g,field_179640_g,,,,,field,final String
bp,a,field_179676_a,,,,,field,private static final int
bp,b,field_179674_b,,,,,field,private static final String[]
bp,c,field_179675_c,,,,,field,private String[]
bp,d,field_179673_d,,,,,field,private String[]
bq,a,field_82389_a,,,,,field,private static final Pattern
bq,b,field_190828_b,,,,,field,private static final com.google.common.base.Splitter
bq,c,field_190829_c,,,,,field,private static final com.google.common.base.Splitter
bq,d,field_190830_d,,,,,field,private static final Set<String>
bq,e,field_190831_e,,,,,field,private static final String
bq,f,field_190832_f,,,,,field,private static final String
bq,g,field_190833_g,,,,,field,private static final String
bq,h,field_190834_h,,,,,field,private static final String
bq,i,field_190835_i,,,,,field,private static final String
bq,j,field_190836_j,,,,,field,private static final String
bq,k,field_190837_k,,,,,field,private static final String
bq,l,field_190838_l,,,,,field,private static final String
bq,m,field_190839_m,,,,,field,private static final String
bq,n,field_190840_n,,,,,field,private static final String
bq,o,field_190841_o,,,,,field,private static final String
bq,p,field_190842_p,,,,,field,private static final String
bq,q,field_190843_q,,,,,field,private static final String
bq,r,field_190844_r,,,,,field,private static final String
bq,s,field_190845_s,,,,,field,private static final String
bq,t,field_190846_t,,,,,field,private static final String
bq,u,field_190847_u,,,,,field,private static final String
bq,v,field_190848_v,,,,,field,private static final String
bq,w,field_190849_w,,,,,field,private static final String
bq,x,field_190850_x,,,,,field,private static final String
bq,y,field_190851_y,,,,,field,private static final com.google.common.base.Predicate<String>
bq,z,field_179666_d,,,,,field,private static final Set<String>
br$a,a,GRANT,GRANT,,,,enum,
br$a,b,REVOKE,REVOKE,,,,enum,
br$a,c,field_193540_c,,,,,field,final String
br$a,d,field_193541_d,,,,,field,final String
br$b,a,ONLY,ONLY,,,,enum,
br$b,b,THROUGH,THROUGH,,,,enum,
br$b,c,FROM,FROM,,,,enum,
br$b,d,UNTIL,UNTIL,,,,enum,
br$b,e,EVERYTHING,EVERYTHING,,,,enum,
br$b,f,field_193553_f,,,,,field,static final String[]
br$b,g,field_193554_g,,,,,field,final String
br$b,h,field_193555_h,,,,,field,final boolean
br$b,i,field_193556_i,,,,,field,final boolean
bs,a,field_147211_a,,,,,field,public static final Pattern
bx$a,a,field_179537_a,,,,,field,public final BlockPosition
bx$a,b,field_179535_b,,,,,field,public final IBlockData
bx$a,c,field_184953_c,,,,,field,public final NBTTagCompound
bz,a,field_147208_a,,,,,field,private static final org.apache.logging.log4j.Logger
bz,b,field_147206_b,,,,,field,private long
bz,c,field_147207_c,,,,,field,private int
c$a,a,field_85092_a,,,,,field,private final String
c$a,b,field_85091_b,,,,,field,private final String
c,a,field_85078_a,,,,,field,private final CrashReport
c,b,field_85076_b,,,,,field,private final String
c,c,field_85077_c,,,,,field,private final List<CrashReportSystemDetails$CrashReportDetail>
c,d,field_85075_d,,,,,field,private StackTraceElement[]
cn,a,field_184901_a,,,,,field,private static final String[]
cn,b,field_184902_b,,,,,field,private final Random
db,a,field_175785_a,,,,,field,"private static final Map<String, Integer>"
dh,a,field_184880_a,,,,,field,private final MinecraftServer
dn$a,a,field_111101_a,,,,,field,double
dn$a,b,field_111100_b,,,,,field,double
ea,a,field_175774_a,,,,,field,private static final org.apache.logging.log4j.Logger
ei,a,field_74845_a,,,,,field,private final Object[]
et$1$1,b,field_191534_b,,,,,field,private boolean
et$1$1,c,field_191535_c,,,,,field,private int
et$1$1,d,field_191536_d,,,,,field,private int
et$1$1,e,field_191537_e,,,,,field,private int
et$2$1,b,field_179314_b,,,,,field,private BlockPosition$MutableBlockPosition
et$a,b,field_177997_b,,,,,field,protected int
et$a,c,field_177998_c,,,,,field,protected int
et$a,d,field_177996_d,,,,,field,protected int
et$b,f,field_185350_f,,,,,field,private boolean
et$b,g,field_185351_g,,,,,field,private static final List<BlockPosition$PooledBlockPosition>
et,b,field_185335_c,,,,,field,private static final org.apache.logging.log4j.Logger
et,a,field_177992_a,ZERO,,,,field,public static final BlockPosition
et,c,field_177990_b,,,,,field,private static final int
et,d,field_177991_c,,,,,field,private static final int
et,f,field_177989_d,,,,,field,private static final int
et,g,field_177987_f,,,,,field,private static final int
et,h,field_177988_g,,,,,field,private static final int
et,i,field_177994_h,,,,,field,private static final long
et,j,field_177995_i,,,,,field,private static final long
et,k,field_177993_j,,,,,field,private static final long
ev,a,field_82627_a,,,,,field,private final World
ev,b,field_179317_b,,,,,field,private final BlockPosition
ew$b$a,a,field_179426_a,,,,,field,private int
ew$b$a,b,field_179424_b,,,,,field,private final Iterable<? extends T>[]
ew$b$a,c,field_179425_c,,,,,field,private final Iterator<? extends T>[]
ew$b$a,d,field_179423_d,,,,,field,private final T[]
ew$b,a,field_179429_a,,,,,field,private final Class<T>
ew$b,b,field_179428_b,,,,,field,private final Iterable<? extends T>[]
ey,d,field_148760_d,,,,,field,private final K
ey,e,field_148761_e,,,,,field,private V
ez,a,field_82597_b,,,,,field,private final V
f,a,field_71576_a,,,,,field,private final CrashReport
fa$a,a,X,X,,,,enum,
fa$a,b,Y,Y,,,,enum,
fa$a,c,Z,Z,,,,enum,
fa$a,d,field_176725_d,,,,,field,"private static final Map<String, EnumDirection$EnumAxis>"
fa$a,e,field_176726_e,,,,,field,private final String
fa$a,f,field_176723_f,,,,,field,private final EnumDirection$EnumDirectionLimit
fa$b,a,POSITIVE,POSITIVE,,,,enum,
fa$b,b,NEGATIVE,NEGATIVE,,,,enum,
fa$b,c,field_179528_c,,,,,field,private final int
fa$b,d,field_179525_d,,,,,field,private final String
fa$c,a,HORIZONTAL,HORIZONTAL,,,,enum,
fa$c,b,VERTICAL,VERTICAL,,,,enum,
fa,a,DOWN,DOWN,,,,enum,
fa,b,UP,UP,,,,enum,
fa,c,NORTH,NORTH,,,,enum,
fa,d,SOUTH,SOUTH,,,,enum,
fa,e,WEST,WEST,,,,enum,
fa,f,EAST,EAST,,,,enum,
fa,g,field_176748_g,,,,,field,private final int
fa,h,field_176759_h,,,,,field,private final int
fa,i,field_176760_i,,,,,field,private final int
fa,j,field_176757_j,,,,,field,private final String
fa,k,field_176758_k,,,,,field,private final EnumDirection$EnumAxis
fa,l,field_176755_l,,,,,field,private final EnumDirection$EnumAxisDirection
fa,m,field_176756_m,,,,,field,private final BaseBlockPosition
fa,n,field_82609_l,,,,,field,private static final EnumDirection[]
fa,o,field_176754_o,,,,,field,private static final EnumDirection[]
fa,p,field_176761_p,,,,,field,"private static final Map<String, EnumDirection>"
fb,a,field_82483_a,NONE,,,,field,IDispenseBehavior
fd,a,field_148749_a,,,,,field,"private final IdentityHashMap<T, Integer>"
fd,b,field_148748_b,,,,,field,private final List<T>
fh,a,field_148759_a,,,,,field,protected final RegistryID<V>
fh,b,field_148758_b,,,,,field,"protected final Map<V, K>"
fi,a,field_191198_a,,,,,field,private final List<E>
fi,b,field_191199_b,,,,,field,private final E
fj,a,EXPLOSION_NORMAL,EXPLOSION_NORMAL,,,,enum,
fj,b,EXPLOSION_LARGE,EXPLOSION_LARGE,,,,enum,
fj,c,EXPLOSION_HUGE,EXPLOSION_HUGE,,,,enum,
fj,d,FIREWORKS_SPARK,FIREWORKS_SPARK,,,,enum,
fj,e,WATER_BUBBLE,WATER_BUBBLE,,,,enum,
fj,f,WATER_SPLASH,WATER_SPLASH,,,,enum,
fj,g,WATER_WAKE,WATER_WAKE,,,,enum,
fj,h,SUSPENDED,SUSPENDED,,,,enum,
fj,i,SUSPENDED_DEPTH,SUSPENDED_DEPTH,,,,enum,
fj,j,CRIT,CRIT,,,,enum,
fj,k,CRIT_MAGIC,CRIT_MAGIC,,,,enum,
fj,l,SMOKE_NORMAL,SMOKE_NORMAL,,,,enum,
fj,m,SMOKE_LARGE,SMOKE_LARGE,,,,enum,
fj,n,SPELL,SPELL,,,,enum,
fj,o,SPELL_INSTANT,SPELL_INSTANT,,,,enum,
fj,p,SPELL_MOB,SPELL_MOB,,,,enum,
fj,q,SPELL_MOB_AMBIENT,SPELL_MOB_AMBIENT,,,,enum,
fj,r,SPELL_WITCH,SPELL_WITCH,,,,enum,
fj,s,DRIP_WATER,DRIP_WATER,,,,enum,
fj,t,DRIP_LAVA,DRIP_LAVA,,,,enum,
fj,u,VILLAGER_ANGRY,VILLAGER_ANGRY,,,,enum,
fj,v,VILLAGER_HAPPY,VILLAGER_HAPPY,,,,enum,
fj,w,TOWN_AURA,TOWN_AURA,,,,enum,
fj,x,NOTE,NOTE,,,,enum,
fj,y,PORTAL,PORTAL,,,,enum,
fj,z,ENCHANTMENT_TABLE,ENCHANTMENT_TABLE,,,,enum,
fj,A,FLAME,FLAME,,,,enum,
fj,B,LAVA,LAVA,,,,enum,
fj,C,FOOTSTEP,FOOTSTEP,,,,enum,
fj,D,CLOUD,CLOUD,,,,enum,
fj,E,REDSTONE,REDSTONE,,,,enum,
fj,F,SNOWBALL,SNOWBALL,,,,enum,
fj,G,SNOW_SHOVEL,SNOW_SHOVEL,,,,enum,
fj,H,SLIME,SLIME,,,,enum,
fj,I,HEART,HEART,,,,enum,
fj,J,BARRIER,BARRIER,,,,enum,
fj,K,ITEM_CRACK,ITEM_CRACK,,,,enum,
fj,L,BLOCK_CRACK,BLOCK_CRACK,,,,enum,
fj,M,BLOCK_DUST,BLOCK_DUST,,,,enum,
fj,N,WATER_DROP,WATER_DROP,,,,enum,
fj,O,ITEM_TAKE,ITEM_TAKE,,,,enum,
fj,P,MOB_APPEARANCE,MOB_APPEARANCE,,,,enum,
fj,Q,DRAGON_BREATH,DRAGON_BREATH,,,,enum,
fj,R,END_ROD,END_ROD,,,,enum,
fj,S,DAMAGE_INDICATOR,DAMAGE_INDICATOR,,,,enum,
fj,T,SWEEP_ATTACK,SWEEP_ATTACK,,,,enum,
fj,U,FALLING_DUST,FALLING_DUST,,,,enum,
fj,V,TOTEM,TOTEM,,,,enum,
fj,W,SPIT,SPIT,,,,enum,
fj,X,field_179369_Q,,,,,field,private final String
fj,Y,field_179372_R,,,,,field,private final int
fj,Z,field_179371_S,,,,,field,private final boolean
fj,aa,field_179366_T,,,,,field,private final int
fj,ab,field_179365_U,,,,,field,"private static final Map<Integer, EnumParticle>"
fj,ac,field_186837_Z,,,,,field,"private static final Map<String, EnumParticle>"
fl,a,field_82630_a,,,,,field,protected final double
fl,b,field_82628_b,,,,,field,protected final double
fl,c,field_82629_c,,,,,field,protected final double
fn,a,field_179419_a,x,,,,field,protected final float
fn,b,field_179417_b,y,,,,field,protected final float
fn,c,field_179418_c,z,,,,field,protected final float
fo,a,field_148743_a,,,,,field,private static final org.apache.logging.log4j.Logger
fo,c,field_82596_a,,,,,field,"protected final Map<K, V>"
fo,b,field_186802_b,,,,,field,private Object[]
fq,e,field_177959_e,ZERO,,,,field,public static final BaseBlockPosition
fq,a,field_177962_a,,,,,field,private final int
fq,b,field_177960_b,,,,,field,private final int
fq,c,field_177961_c,,,,,field,private final int
ft,a,field_74839_a,,,,,field,private static final LocaleLanguage
ft,b,field_150828_b,,,,,field,private static final LocaleLanguage
fu,a,field_111053_a,,,,,field,private static final Pattern
fu,b,field_135065_b,,,,,field,private static final com.google.common.base.Splitter
fu,c,field_74817_a,,,,,field,private static final LocaleLanguage
fu,d,field_74816_c,,,,,field,"private final Map<String, String>"
fu,e,field_150511_e,,,,,field,private long
fw,b,field_74754_a,data,,,,field,private byte[]
fx,b,field_74756_a,data,,,,field,private byte
fy,b,field_191551_b,,,,,field,private static final org.apache.logging.log4j.Logger
fy,c,field_193583_c,,,,,field,private static final Pattern
fy,d,field_74784_a,map,,,,field,"private final Map<String, NBTBase>"
fz,b,field_74755_a,data,,,,field,private double
g,a,field_184877_a,,,,,field,public static final io.netty.util.ResourceLeakDetector$Level
g,b,field_189861_b,,,,,field,public static final char[]
g,c,field_71567_b,allowedCharacters,,,,field,public static final char[]
gb,b,field_74750_a,data,,,,field,private float
gc,b,field_74749_a,data,,,,field,private int[]
gd,b,field_74748_a,data,,,,field,private int
ge,b,field_179239_b,,,,,field,private static final org.apache.logging.log4j.Logger
ge,c,field_74747_a,list,,,,field,private List<NBTBase>
ge,d,field_74746_b,type,,,,field,private byte
gf,b,field_193587_b,,,,,field,private long[]
gg,b,field_74753_a,data,,,,field,private long
gh,a,field_152451_a,,,,,field,public static final NBTReadLimiter
gh,b,field_152452_b,,,,,field,private final long
gh,c,field_152453_c,,,,,field,private long
gj,a,field_193591_a,,,,,field,private static final org.apache.logging.log4j.Logger
gl,b,field_74752_a,data,,,,field,private short
gm,b,field_74751_a,data,,,,field,private String
gn,a,field_82578_b,,,,,field,public static final String[]
gp,a,field_193615_a,,,,,field,private static final Pattern
gp,b,field_193616_b,,,,,field,private static final Pattern
gp,c,field_193617_c,,,,,field,private static final Pattern
gp,d,field_193618_d,,,,,field,private static final Pattern
gp,e,field_193619_e,,,,,field,private static final Pattern
gp,f,field_193620_f,,,,,field,private static final Pattern
gp,g,field_193621_g,,,,,field,private static final Pattern
gp,h,field_193622_h,,,,,field,private final String
gp,i,field_193623_i,,,,,field,private int
gr,a,field_150507_a,,,,,field,private final Cipher
gr,b,field_150505_b,,,,,field,private byte[]
gr,c,field_150506_c,,,,,field,private byte[]
gs,a,field_150509_a,,,,,field,private final PacketEncryptionHandler
gt,a,field_150750_a,,,,,field,private final PacketEncryptionHandler
gu,a,field_179305_a,,,,,field,private final Inflater
gu,b,field_179304_b,,,,,field,private int
gv,a,field_179302_a,,,,,field,private final byte[]
gv,b,field_179300_b,,,,,field,private final Deflater
gv,c,field_179301_c,,,,,field,private int
gw$a,a,field_150774_a,,,,,field,private final Packet<?>
gw$a,b,field_150773_b,,,,,field,private final io.netty.util.concurrent.GenericFutureListener<? extends io.netty.util.concurrent.Future<? super Void>>[]
gw,g,field_150735_g,,,,,field,private static final org.apache.logging.log4j.Logger
gw,a,field_150740_a,,,,,field,public static final org.apache.logging.log4j.Marker
gw,b,field_150738_b,,,,,field,public static final org.apache.logging.log4j.Marker
gw,c,field_150739_c,,,,,field,public static final io.netty.util.AttributeKey<EnumProtocol>
gw,d,field_179295_d,,,,,field,public static final LazyInitVar<io.netty.channel.nio.NioEventLoopGroup>
gw,e,field_181125_e,,,,,field,public static final LazyInitVar<io.netty.channel.epoll.EpollEventLoopGroup>
gw,f,field_179296_e,,,,,field,public static final LazyInitVar<io.netty.channel.local.LocalEventLoopGroup>
gw,h,field_179294_g,,,,,field,private final EnumProtocolDirection
gw,i,field_150745_j,,,,,field,private final Queue<NetworkManager$QueuedPacket>
gw,j,field_181680_j,,,,,field,private final ReentrantReadWriteLock
gw,k,field_150746_k,channel,,,,field,private io.netty.channel.Channel
gw,l,field_150743_l,,,,,field,private SocketAddress
gw,m,field_150744_m,,,,,field,private PacketListener
gw,n,field_150742_o,,,,,field,private IChatBaseComponent
gw,o,field_152463_r,,,,,field,private boolean
gw,p,field_179297_n,,,,,field,private boolean
gx,a,HANDSHAKING,HANDSHAKING,,,,enum,
gx,b,PLAY,PLAY,,,,enum,
gx,c,STATUS,STATUS,,,,enum,
gx,d,LOGIN,LOGIN,,,,enum,
gx,e,field_150764_e,,,,,field,private static final EnumProtocol[]
gx,f,field_150761_f,,,,,field,"private static final Map<Class<? extends Packet<?>>, EnumProtocol>"
gx,g,field_150762_g,,,,,field,private final int
gx,h,field_179247_h,,,,,field,"private final Map<EnumProtocolDirection, com.google.common.collect.BiMap<Integer, Class<? extends Packet<?>>>>"
gy,a,field_150794_a,,,,,field,private final io.netty.buffer.ByteBuf
gz,a,field_150800_a,,,,,field,private static final org.apache.logging.log4j.Logger
gz,b,field_150799_b,,,,,field,private static final org.apache.logging.log4j.Marker
gz,c,field_152499_c,,,,,field,private final EnumProtocolDirection
ha,a,field_150798_a,,,,,field,private static final org.apache.logging.log4j.Logger
ha,b,field_150797_b,,,,,field,private static final org.apache.logging.log4j.Marker
ha,c,field_152500_c,,,,,field,private final EnumProtocolDirection
he,a,field_150264_a,,,,,field,protected List<IChatBaseComponent>
he,b,field_150263_b,,,,,field,private ChatModifier
hf,a,CHAT,CHAT,,,,enum,
hf,b,SYSTEM,SYSTEM,,,,enum,
hf,c,GAME_INFO,GAME_INFO,,,,enum,
hf,d,field_192588_d,,,,,field,private final byte
hg$a,a,OPEN_URL,OPEN_URL,,,,enum,
hg$a,b,OPEN_FILE,OPEN_FILE,,,,enum,
hg$a,c,RUN_COMMAND,RUN_COMMAND,,,,enum,
hg$a,d,SUGGEST_COMMAND,SUGGEST_COMMAND,,,,enum,
hg$a,e,CHANGE_PAGE,CHANGE_PAGE,,,,enum,
hg$a,f,field_150679_e,,,,,field,"private static final Map<String, ChatClickable$EnumClickAction>"
hg$a,g,field_150676_f,,,,,field,private final boolean
hg$a,h,field_150677_g,,,,,field,private final String
hg,a,field_150671_a,,,,,field,private final ChatClickable$EnumClickAction
hg,b,field_150670_b,,,,,field,private final String
hh$a,a,field_150700_a,,,,,field,private static final com.google.gson.Gson
hj$a,a,SHOW_TEXT,SHOW_TEXT,,,,enum,
hj$a,b,SHOW_ITEM,SHOW_ITEM,,,,enum,
hj$a,c,SHOW_ENTITY,SHOW_ENTITY,,,,enum,
hj$a,d,field_150690_d,,,,,field,"private static final Map<String, ChatHoverable$EnumHoverAction>"
hj$a,e,field_150691_e,,,,,field,private final boolean
hj$a,f,field_150688_f,,,,,field,private final String
hj,a,field_150704_a,,,,,field,private final ChatHoverable$EnumHoverAction
hj,b,field_150703_b,,,,,field,private final IChatBaseComponent
hk,b,field_193637_b,,,,,field,"public static Function<String, Supplier<String>>"
hk,c,field_193638_c,,,,,field,private final String
hk,d,field_193639_d,,,,,field,private Supplier<String>
hl,b,field_179999_b,,,,,field,private final String
hl,c,field_180000_c,,,,,field,private final String
hl,d,field_179998_d,,,,,field,private String
hm,b,field_179993_b,,,,,field,private final String
hn,a,field_150249_a,,,,,field,private ChatModifier
hn,b,field_150247_b,,,,,field,private EnumChatFormat
hn,c,field_150248_c,,,,,field,private Boolean
hn,d,field_150245_d,,,,,field,private Boolean
hn,e,field_150246_e,,,,,field,private Boolean
hn,f,field_150243_f,,,,,field,private Boolean
hn,g,field_150244_g,,,,,field,private Boolean
hn,h,field_150251_h,,,,,field,private ChatClickable
hn,i,field_150252_i,,,,,field,private ChatHoverable
hn,j,field_179990_j,,,,,field,private String
hn,k,field_150250_j,,,,,field,private static final ChatModifier
ho,b,field_150267_b,,,,,field,private final String
hp,d,field_150276_d,,,,,field,private final String
hp,e,field_150277_e,,,,,field,private final Object[]
hp,f,field_150274_f,,,,,field,private final Object
hp,g,field_150275_g,,,,,field,private long
hp,b,field_150278_b,,,,,field,List<IChatBaseComponent>
hp,c,field_150279_c,,,,,field,public static final Pattern
hu,a,SERVERBOUND,SERVERBOUND,,,,enum,
hu,b,CLIENTBOUND,CLIENTBOUND,,,,enum,
hx,a,field_149018_a,,,,,field,private int
hx,b,field_186883_b,,,,,field,private UUID
hx,c,field_149016_b,,,,,field,private double
hx,d,field_149017_c,,,,,field,private double
hx,e,field_149014_d,,,,,field,private double
hx,f,field_149015_e,,,,,field,private int
hx,g,field_149012_f,,,,,field,private int
hx,h,field_149013_g,,,,,field,private int
hx,i,field_149021_h,,,,,field,private int
hx,j,field_149022_i,,,,,field,private int
hx,k,field_149019_j,,,,,field,private int
hx,l,field_149020_k,,,,,field,private int
hy,a,field_148992_a,,,,,field,private int
hy,b,field_148990_b,,,,,field,private double
hy,c,field_148991_c,,,,,field,private double
hy,d,field_148988_d,,,,,field,private double
hy,e,field_148989_e,,,,,field,private int
hz,a,field_149059_a,,,,,field,private int
hz,b,field_149057_b,,,,,field,private double
hz,c,field_149058_c,,,,,field,private double
hz,d,field_149055_d,,,,,field,private double
hz,e,field_149056_e,,,,,field,private int
i$a,a,field_192061_a,,,,,field,private final MinecraftKey
i$a,b,field_192062_b,,,,,field,private Advancement
i$a,c,field_192063_c,,,,,field,private final AdvancementDisplay
i$a,d,field_192064_d,,,,,field,private final AdvancementRewards
i$a,e,field_192065_e,,,,,field,"private final Map<String, Criterion>"
i$a,f,field_192066_f,,,,,field,private final String[][]
i,a,field_192076_a,,,,,field,private final Advancement
i,b,field_192077_b,,,,,field,private final AdvancementDisplay
i,c,field_192078_c,,,,,field,private final AdvancementRewards
i,d,field_192079_d,,,,,field,private final MinecraftKey
i,e,field_192080_e,,,,,field,"private final Map<String, Criterion>"
i,f,field_192081_f,,,,,field,private final String[][]
i,g,field_192082_g,,,,,field,private final Set<Advancement>
i,h,field_193125_h,,,,,field,private final IChatBaseComponent
ia,a,field_149042_a,,,,,field,private int
ia,b,field_186894_b,,,,,field,private UUID
ia,c,field_149040_b,,,,,field,private int
ia,d,field_149041_c,,,,,field,private double
ia,e,field_149038_d,,,,,field,private double
ia,f,field_149039_e,,,,,field,private double
ia,g,field_149036_f,,,,,field,private int
ia,h,field_149037_g,,,,,field,private int
ia,i,field_149047_h,,,,,field,private int
ia,j,field_149048_i,,,,,field,private byte
ia,k,field_149045_j,,,,,field,private byte
ia,l,field_149046_k,,,,,field,private byte
ia,m,field_149043_l,,,,,field,private DataWatcher
ia,n,field_149044_m,,,,,field,private List<DataWatcher$Item<?>>
ib,a,field_148973_a,,,,,field,private int
ib,b,field_186896_b,,,,,field,private UUID
ib,c,field_179838_b,,,,,field,private BlockPosition
ib,d,field_179839_c,,,,,field,private EnumDirection
ib,e,field_148968_f,,,,,field,private String
ic,a,field_148957_a,,,,,field,private int
ic,b,field_179820_b,,,,,field,private UUID
ic,c,field_148956_c,,,,,field,private double
ic,d,field_148953_d,,,,,field,private double
ic,e,field_148954_e,,,,,field,private double
ic,f,field_148951_f,,,,,field,private byte
ic,g,field_148952_g,,,,,field,private byte
ic,h,field_148960_i,,,,,field,private DataWatcher
ic,i,field_148958_j,,,,,field,private List<DataWatcher$Item<?>>
id,a,field_148981_a,,,,,field,private int
id,b,field_148980_b,,,,,field,private int
ie,a,field_148976_a,,,,,field,"private Map<Statistic, Integer>"
ig,a,field_148852_a,,,,,field,private int
ig,b,field_179822_b,,,,,field,private BlockPosition
ig,c,field_148849_e,,,,,field,private int
ih,a,field_179824_a,,,,,field,private BlockPosition
ih,b,field_148859_d,,,,,field,private int
ih,c,field_148860_e,,,,,field,private NBTTagCompound
ii,a,field_179826_a,,,,,field,private BlockPosition
ii,b,field_148872_d,,,,,field,private int
ii,c,field_148873_e,,,,,field,private int
ii,d,field_148871_f,,,,,field,private Block
ij,a,field_179828_a,,,,,field,private BlockPosition
ij,b,field_148883_d,block,,,,field,private IBlockData
ik$a,a,ADD,ADD,,,,enum,
ik$a,b,REMOVE,REMOVE,,,,enum,
ik$a,c,UPDATE_PCT,UPDATE_PCT,,,,enum,
ik$a,d,UPDATE_NAME,UPDATE_NAME,,,,enum,
ik$a,e,UPDATE_STYLE,UPDATE_STYLE,,,,enum,
ik$a,f,UPDATE_PROPERTIES,UPDATE_PROPERTIES,,,,enum,
ik,a,field_186911_a,,,,,field,private UUID
ik,b,field_186912_b,,,,,field,private PacketPlayOutBoss$Action
ik,c,field_186913_c,,,,,field,private IChatBaseComponent
ik,d,field_186914_d,,,,,field,private float
ik,e,field_186915_e,,,,,field,private BossBattle$BarColor
ik,f,field_186916_f,,,,,field,private BossBattle$BarStyle
ik,g,field_186917_g,,,,,field,private boolean
ik,h,field_186918_h,,,,,field,private boolean
ik,i,field_186919_i,,,,,field,private boolean
il,a,field_179833_a,,,,,field,private EnumDifficulty
il,b,field_179832_b,,,,,field,private boolean
im,a,field_149632_a,,,,,field,private String[]
in,a,field_148919_a,,,,,field,private IChatBaseComponent
in,b,field_179842_b,,,,,field,private ChatMessageType
io$a,b,field_180091_b,,,,,field,private final short
io$a,c,field_180092_c,,,,,field,private final IBlockData
io,a,field_148925_b,,,,,field,private ChunkCoordIntPair
io,b,field_179845_b,,,,,field,private PacketPlayOutMultiBlockChange$MultiBlockChangeInfo[]
ip,a,field_148894_a,,,,,field,private int
ip,b,field_148892_b,,,,,field,private short
ip,c,field_148893_c,,,,,field,private boolean
iq,a,field_148896_a,,,,,field,private int
ir,a,field_148909_a,,,,,field,private int
ir,b,field_148907_b,,,,,field,private String
ir,c,field_148908_c,,,,,field,private IChatBaseComponent
ir,d,field_148905_d,,,,,field,private int
ir,e,field_148904_f,,,,,field,private int
is,a,field_148914_a,,,,,field,private int
is,b,field_148913_b,,,,,field,private List<ItemStack>
it,a,field_149186_a,,,,,field,private int
it,b,field_149184_b,,,,,field,private int
it,c,field_149185_c,,,,,field,private int
iu,a,field_149179_a,,,,,field,private int
iu,b,field_149177_b,,,,,field,private int
iu,c,field_149178_c,,,,,field,private ItemStack
iv,a,field_186923_a,,,,,field,private Item
iv,b,field_186924_b,,,,,field,private int
iw,a,field_149172_a,,,,,field,private String
iw,b,field_149171_b,,,,,field,private PacketDataSerializer
ix,a,field_149219_a,,,,,field,private String
ix,b,field_186933_b,,,,,field,private SoundCategory
ix,c,field_186934_c,,,,,field,private int
ix,d,field_186935_d,,,,,field,private int
ix,e,field_186936_e,,,,,field,private int
ix,f,field_186937_f,,,,,field,private float
ix,g,field_186938_g,,,,,field,private float
iy,a,field_149167_a,,,,,field,private IChatBaseComponent
iz,a,field_149164_a,,,,,field,private int
iz,b,field_149163_b,,,,,field,private byte
j,a,field_192091_a,,,,,field,private static final org.apache.logging.log4j.Logger
j,b,field_192092_b,advancements,,,,field,"private final Map<MinecraftKey, Advancement>"
j,c,field_192093_c,,,,,field,private final Set<Advancement>
j,d,field_192094_d,,,,,field,private final Set<Advancement>
j,e,field_192095_e,,,,,field,private Advancements$a
ja,a,field_149158_a,,,,,field,private double
ja,b,field_149156_b,,,,,field,private double
ja,c,field_149157_c,,,,,field,private double
ja,d,field_149154_d,,,,,field,private float
ja,e,field_149155_e,,,,,field,private List<BlockPosition>
ja,f,field_149152_f,,,,,field,private float
ja,g,field_149153_g,,,,,field,private float
ja,h,field_149159_h,,,,,field,private float
jb,a,field_186942_a,,,,,field,private int
jb,b,field_186943_b,,,,,field,private int
jc,a,field_149142_a,,,,,field,public static final String[]
jc,b,field_149140_b,,,,,field,private int
jc,c,field_149141_c,,,,,field,private float
jd,a,field_149136_a,,,,,field,private int
je,a,field_149284_a,,,,,field,private int
je,b,field_149282_b,,,,,field,private int
je,c,field_186948_c,,,,,field,private int
je,d,field_186949_d,,,,,field,private byte[]
je,e,field_189557_e,,,,,field,private List<NBTTagCompound>
je,f,field_149279_g,,,,,field,private boolean
jf,a,field_149251_a,,,,,field,private int
jf,b,field_179747_b,,,,,field,private BlockPosition
jf,c,field_149249_b,,,,,field,private int
jf,d,field_149246_f,,,,,field,private boolean
jg,a,field_179751_a,,,,,field,private EnumParticle
jg,b,field_149234_b,,,,,field,private float
jg,c,field_149235_c,,,,,field,private float
jg,d,field_149232_d,,,,,field,private float
jg,e,field_149233_e,,,,,field,private float
jg,f,field_149230_f,,,,,field,private float
jg,g,field_149231_g,,,,,field,private float
jg,h,field_149237_h,,,,,field,private float
jg,i,field_149238_i,,,,,field,private int
jg,j,field_179752_j,,,,,field,private boolean
jg,k,field_179753_k,,,,,field,private int[]
jh,a,field_149206_a,,,,,field,private int
jh,b,field_149204_b,,,,,field,private boolean
jh,c,field_149205_c,,,,,field,private EnumGamemode
jh,d,field_149202_d,,,,,field,private int
jh,e,field_149203_e,,,,,field,private EnumDifficulty
jh,f,field_149200_f,,,,,field,private int
jh,g,field_149201_g,,,,,field,private WorldType
jh,h,field_179745_h,,,,,field,private boolean
ji,a,field_149191_a,,,,,field,private int
ji,b,field_179739_b,,,,,field,private byte
ji,c,field_186950_c,,,,,field,private boolean
ji,d,field_179740_c,,,,,field,private MapIcon[]
ji,e,field_179737_d,,,,,field,private int
ji,f,field_179738_e,,,,,field,private int
ji,g,field_179735_f,,,,,field,private int
ji,h,field_179736_g,,,,,field,private int
ji,i,field_179741_h,,,,,field,private byte[]
jj,a,field_149074_a,,,,,field,protected int
jj,b,field_149072_b,,,,,field,protected int
jj,c,field_149073_c,,,,,field,protected int
jj,d,field_149070_d,,,,,field,protected int
jj,e,field_149071_e,,,,,field,protected byte
jj,f,field_149068_f,,,,,field,protected byte
jj,g,field_179743_g,,,,,field,protected boolean
jj,h,field_149069_g,,,,,field,protected boolean
jk,a,field_186960_a,,,,,field,private double
jk,b,field_186961_b,,,,,field,private double
jk,c,field_186962_c,,,,,field,private double
jk,d,field_186963_d,,,,,field,private float
jk,e,field_186964_e,,,,,field,private float
jl,a,field_179778_a,,,,,field,private BlockPosition
jm,a,field_149119_a,,,,,field,private boolean
jm,b,field_149117_b,,,,,field,private boolean
jm,c,field_149118_c,,,,,field,private boolean
jm,d,field_149115_d,,,,,field,private boolean
jm,e,field_149116_e,,,,,field,private float
jm,f,field_149114_f,,,,,field,private float
jn$a,a,ENTER_COMBAT,ENTER_COMBAT,,,,enum,
jn$a,b,END_COMBAT,END_COMBAT,,,,enum,
jn$a,c,ENTITY_DIED,ENTITY_DIED,,,,enum,
jn,a,field_179776_a,,,,,field,public PacketPlayOutCombatEvent$EnumCombatEventType
jn,b,field_179774_b,,,,,field,public int
jn,c,field_179775_c,,,,,field,public int
jn,d,field_179772_d,,,,,field,public int
jn,e,field_179773_e,,,,,field,public IChatBaseComponent
jo$a,a,ADD_PLAYER,ADD_PLAYER,,,,enum,
jo$a,b,UPDATE_GAME_MODE,UPDATE_GAME_MODE,,,,enum,
jo$a,c,UPDATE_LATENCY,UPDATE_LATENCY,,,,enum,
jo$a,d,UPDATE_DISPLAY_NAME,UPDATE_DISPLAY_NAME,,,,enum,
jo$a,e,REMOVE_PLAYER,REMOVE_PLAYER,,,,enum,
jo$b,b,field_179966_b,,,,,field,private final int
jo$b,c,field_179967_c,,,,,field,private final EnumGamemode
jo$b,d,field_179964_d,,,,,field,private final com.mojang.authlib.GameProfile
jo$b,e,field_179965_e,,,,,field,private final IChatBaseComponent
jo,a,field_179770_a,,,,,field,private PacketPlayOutPlayerInfo$EnumPlayerInfoAction
jo,b,field_179769_b,,,,,field,private final List<PacketPlayOutPlayerInfo$PlayerInfoData>
jp$a,a,X,X,,,,enum,
jp$a,b,Y,Y,,,,enum,
jp$a,c,Z,Z,,,,enum,
jp$a,d,Y_ROT,Y_ROT,,,,enum,
jp$a,e,X_ROT,X_ROT,,,,enum,
jp$a,f,field_187050_f,,,,,field,private final int
jp,a,field_148940_a,,,,,field,private double
jp,b,field_148938_b,,,,,field,private double
jp,c,field_148939_c,,,,,field,private double
jp,d,field_148936_d,,,,,field,private float
jp,e,field_148937_e,,,,,field,private float
jp,f,field_179835_f,,,,,field,private Set<PacketPlayOutPosition$EnumPlayerTeleportFlags>
jp,g,field_186966_g,,,,,field,private int
jq,a,field_149097_a,,,,,field,private int
jq,b,field_179799_b,,,,,field,private BlockPosition
jr$a,a,INIT,INIT,,,,enum,
jr$a,b,ADD,ADD,,,,enum,
jr$a,c,REMOVE,REMOVE,,,,enum,
jr,a,field_193646_a,,,,,field,private PacketPlayOutRecipes$Action
jr,b,field_192596_a,,,,,field,private List<IRecipe>
jr,c,field_193647_c,,,,,field,private List<IRecipe>
jr,d,field_192598_c,,,,,field,private boolean
jr,e,field_192599_d,,,,,field,private boolean
js,a,field_149100_a,,,,,field,private int[]
jt,a,field_149079_a,,,,,field,private int
jt,b,field_149078_b,,,,,field,private MobEffectList
ju,a,field_179786_a,,,,,field,private String
ju,b,field_179785_b,,,,,field,private String
jv,a,field_149088_a,,,,,field,private int
jv,b,field_149086_b,,,,,field,private EnumDifficulty
jv,c,field_149087_c,,,,,field,private EnumGamemode
jv,d,field_149085_d,,,,,field,private WorldType
jw,a,field_149384_a,,,,,field,private int
jw,b,field_149383_b,,,,,field,private byte
jx,a,field_194155_a,,,,,field,private MinecraftKey
jy$a,a,SET_SIZE,SET_SIZE,,,,enum,
jy$a,b,LERP_SIZE,LERP_SIZE,,,,enum,
jy$a,c,SET_CENTER,SET_CENTER,,,,enum,
jy$a,d,INITIALIZE,INITIALIZE,,,,enum,
jy$a,e,SET_WARNING_TIME,SET_WARNING_TIME,,,,enum,
jy$a,f,SET_WARNING_BLOCKS,SET_WARNING_BLOCKS,,,,enum,
jy,a,field_179795_a,,,,,field,private PacketPlayOutWorldBorder$EnumWorldBorderAction
jy,b,field_179793_b,,,,,field,private int
jy,c,field_179794_c,,,,,field,private double
jy,d,field_179791_d,,,,,field,private double
jy,e,field_179792_e,,,,,field,private double
jy,f,field_179789_f,,,,,field,private double
jy,g,field_179790_g,,,,,field,private long
jy,h,field_179796_h,,,,,field,private int
jy,i,field_179797_i,,,,,field,private int
jz,a,field_179781_a,,,,,field,public int
k,a,field_192110_a,,,,,field,"private final Map<String, CriterionProgress>"
k,b,field_192111_b,,,,,field,private String[][]
ka,a,field_149387_a,,,,,field,private int
kb,a,field_149374_a,,,,,field,private int
kb,b,field_149373_b,,,,,field,private String
kc,a,field_149379_a,,,,,field,private int
kc,b,field_149378_b,,,,,field,private List<DataWatcher$Item<?>>
kd,a,field_149406_b,,,,,field,private int
kd,b,field_149407_c,,,,,field,private int
ke,a,field_149417_a,,,,,field,private int
ke,b,field_149415_b,,,,,field,private int
ke,c,field_149416_c,,,,,field,private int
ke,d,field_149414_d,,,,,field,private int
kf,a,field_149394_a,,,,,field,private int
kf,b,field_149392_b,,,,,field,private EnumItemSlot
kf,c,field_149393_c,,,,,field,private ItemStack
kg,a,field_149401_a,,,,,field,private float
kg,b,field_149399_b,,,,,field,private int
kg,c,field_149400_c,,,,,field,private int
kh,a,field_149336_a,,,,,field,private float
kh,b,field_149334_b,,,,,field,private int
kh,c,field_149335_c,,,,,field,private float
ki,a,field_149343_a,,,,,field,private String
ki,b,field_149341_b,,,,,field,private String
ki,c,field_179818_c,,,,,field,private IScoreboardCriteria$EnumScoreboardHealthDisplay
ki,d,field_149342_c,,,,,field,private int
kj,a,field_186973_a,,,,,field,private int
kj,b,field_186974_b,,,,,field,private int[]
kk,a,field_149320_a,,,,,field,private String
kk,b,field_149318_b,,,,,field,private String
kk,c,field_149319_c,,,,,field,private String
kk,d,field_149316_d,,,,,field,private String
kk,e,field_179816_e,,,,,field,private String
kk,f,field_186976_f,,,,,field,private String
kk,g,field_179815_f,,,,,field,private int
kk,h,field_149317_e,,,,,field,private final Collection<String>
kk,i,field_149314_f,,,,,field,private int
kk,j,field_149315_g,,,,,field,private int
kl$a,a,CHANGE,CHANGE,,,,enum,
kl$a,b,REMOVE,REMOVE,,,,enum,
kl,a,field_149329_a,,,,,field,private String
kl,b,field_149327_b,,,,,field,private String
kl,c,field_149328_c,,,,,field,private int
kl,d,field_149326_d,,,,,field,private PacketPlayOutScoreboardScore$EnumScoreboardAction
km,a,field_179801_a,position,,,,field,private BlockPosition
kn,a,field_149369_a,,,,,field,private long
kn,b,field_149368_b,,,,,field,private long
ko$a,a,TITLE,TITLE,,,,enum,
ko$a,b,SUBTITLE,SUBTITLE,,,,enum,
ko$a,c,ACTIONBAR,ACTIONBAR,,,,enum,
ko$a,d,TIMES,TIMES,,,,enum,
ko$a,e,CLEAR,CLEAR,,,,enum,
ko$a,f,RESET,RESET,,,,enum,
ko,a,field_179812_a,,,,,field,private PacketPlayOutTitle$EnumTitleAction
ko,b,field_179810_b,,,,,field,private IChatBaseComponent
ko,c,field_179811_c,,,,,field,private int
ko,d,field_179808_d,,,,,field,private int
ko,e,field_179809_e,,,,,field,private int
kp,a,field_186979_a,,,,,field,private SoundEffect
kp,b,field_186980_b,,,,,field,private SoundCategory
kp,c,field_149217_b,,,,,field,private int
kp,d,field_149218_c,,,,,field,private int
kp,e,field_149215_d,,,,,field,private int
kp,f,field_149216_e,,,,,field,private float
kp,g,field_149214_f,,,,,field,private float
kq,a,field_179703_a,,,,,field,private IChatBaseComponent
kq,b,field_179702_b,,,,,field,private IChatBaseComponent
kr,a,field_149357_a,,,,,field,private int
kr,b,field_149356_b,,,,,field,private int
kr,c,field_191209_c,,,,,field,private int
ks,a,field_149458_a,,,,,field,private int
ks,b,field_149456_b,,,,,field,private double
ks,c,field_149457_c,,,,,field,private double
ks,d,field_149454_d,,,,,field,private double
ks,e,field_149455_e,,,,,field,private byte
ks,f,field_149453_f,,,,,field,private byte
ks,g,field_179698_g,,,,,field,private boolean
kt,a,field_192605_a,,,,,field,private boolean
kt,b,field_192606_b,,,,,field,"private Map<MinecraftKey, Advancement$SerializedAdvancement>"
kt,c,field_192607_c,,,,,field,private Set<MinecraftKey>
kt,d,field_192608_d,,,,,field,"private Map<MinecraftKey, AdvancementProgress>"
ku$a,b,field_151412_b,,,,,field,private final String
ku$a,c,field_151413_c,,,,,field,private final double
ku$a,d,field_151411_d,,,,,field,private final Collection<AttributeModifier>
ku,a,field_149445_a,,,,,field,private int
ku,b,field_149444_b,,,,,field,private final List<PacketPlayOutUpdateAttributes$AttributeSnapshot>
kv,a,field_149434_a,,,,,field,private int
kv,b,field_149432_b,,,,,field,private byte
kv,c,field_149433_c,,,,,field,private byte
kv,d,field_149431_d,,,,,field,private int
kv,e,field_186985_e,,,,,field,private byte
kx,a,field_186988_a,,,,,field,private int
ky$a,a,field_192673_a,,,,,field,public ItemStack
ky$a,b,field_192674_b,,,,,field,public int
ky$a,c,field_192675_c,,,,,field,public int
ky,a,field_192616_a,,,,,field,private int
ky,b,field_192617_b,,,,,field,private short
ky,c,field_192618_c,,,,,field,private List<PacketPlayInAutoRecipe$a>
ky,d,field_192619_d,,,,,field,private List<PacketPlayInAutoRecipe$a>
kz,a,field_149420_a,,,,,field,private String
kz,b,field_186990_b,,,,,field,private boolean
kz,c,field_179710_b,,,,,field,private BlockPosition
l,a,field_192114_a,,,,,field,public static final AdvancementRewards
l,b,field_192115_b,,,,,field,private final int
l,c,field_192116_c,,,,,field,private final MinecraftKey[]
l,d,field_192117_d,,,,,field,private final MinecraftKey[]
l,e,field_193129_e,,,,,field,private final CustomFunction$a
la,a,field_149440_a,,,,,field,private String
lb$a,a,PERFORM_RESPAWN,PERFORM_RESPAWN,,,,enum,
lb$a,b,REQUEST_STATS,REQUEST_STATS,,,,enum,
lb,a,field_149437_a,,,,,field,private PacketPlayInClientCommand$EnumClientCommand
lc,a,field_149530_a,,,,,field,private String
lc,b,field_149528_b,,,,,field,private int
lc,c,field_149529_c,,,,,field,private EntityHuman$EnumChatVisibility
lc,d,field_149526_d,,,,,field,private boolean
lc,e,field_179711_e,,,,,field,private int
lc,f,field_186992_f,,,,,field,private EnumMainHand
ld,a,field_149536_a,,,,,field,private int
ld,b,field_149534_b,,,,,field,private short
ld,c,field_149535_c,,,,,field,private boolean
le,a,field_149541_a,,,,,field,private int
le,b,field_149540_b,,,,,field,private int
lf,a,field_149554_a,,,,,field,private int
lf,b,field_149552_b,slot,,,,field,private int
lf,c,field_149553_c,button,,,,field,private int
lf,d,field_149550_d,,,,,field,private short
lf,e,field_149551_e,item,,,,field,private ItemStack
lf,f,field_149549_f,shift,,,,field,private InventoryClickType
lg,a,field_149556_a,id,,,,field,private int
lh,a,field_149562_a,,,,,field,private String
lh,b,field_149561_c,,,,,field,private PacketDataSerializer
li$a,a,INTERACT,INTERACT,,,,enum,
li$a,b,ATTACK,ATTACK,,,,enum,
li$a,c,INTERACT_AT,INTERACT_AT,,,,enum,
li,a,field_149567_a,,,,,field,private int
li,b,field_149566_b,action,,,,field,private PacketPlayInUseEntity$EnumEntityUseAction
li,c,field_179713_c,,,,,field,private Vec3D
li,d,field_186995_d,,,,,field,private EnumHand
lj,a,field_149461_a,,,,,field,private int
lk,a,field_149479_a,x,,,,field,protected double
lk,b,field_149477_b,y,,,,field,protected double
lk,c,field_149478_c,z,,,,field,protected double
lk,d,field_149476_e,yaw,,,,field,protected float
lk,e,field_149473_f,pitch,,,,field,protected float
lk,f,field_149474_g,,,,,field,protected boolean
lk,g,field_149480_h,hasPos,,,,field,protected boolean
lk,h,field_149481_i,hasLook,,,,field,protected boolean
ll,a,field_187007_a,,,,,field,private double
ll,b,field_187008_b,,,,,field,private double
ll,c,field_187009_c,,,,,field,private double
ll,d,field_187010_d,,,,,field,private float
ll,e,field_187011_e,,,,,field,private float
lm,a,field_187015_a,,,,,field,private boolean
lm,b,field_187016_b,,,,,field,private boolean
ln,a,field_149500_a,,,,,field,private boolean
ln,b,field_149498_b,,,,,field,private boolean
ln,c,field_149499_c,,,,,field,private boolean
ln,d,field_149496_d,,,,,field,private boolean
ln,e,field_149497_e,,,,,field,private float
ln,f,field_149495_f,,,,,field,private float
lo$a,a,START_DESTROY_BLOCK,START_DESTROY_BLOCK,,,,enum,
lo$a,b,ABORT_DESTROY_BLOCK,ABORT_DESTROY_BLOCK,,,,enum,
lo$a,c,STOP_DESTROY_BLOCK,STOP_DESTROY_BLOCK,,,,enum,
lo$a,d,DROP_ALL_ITEMS,DROP_ALL_ITEMS,,,,enum,
lo$a,e,DROP_ITEM,DROP_ITEM,,,,enum,
lo$a,f,RELEASE_USE_ITEM,RELEASE_USE_ITEM,,,,enum,
lo$a,g,SWAP_HELD_ITEMS,SWAP_HELD_ITEMS,,,,enum,
lo,a,field_179717_a,,,,,field,private BlockPosition
lo,b,field_179716_b,,,,,field,private EnumDirection
lo,c,field_149508_e,,,,,field,private PacketPlayInBlockDig$EnumPlayerDigType
lp$a,a,START_SNEAKING,START_SNEAKING,,,,enum,
lp$a,b,STOP_SNEAKING,STOP_SNEAKING,,,,enum,
lp$a,c,STOP_SLEEPING,STOP_SLEEPING,,,,enum,
lp$a,d,START_SPRINTING,START_SPRINTING,,,,enum,
lp$a,e,STOP_SPRINTING,STOP_SPRINTING,,,,enum,
lp$a,f,START_RIDING_JUMP,START_RIDING_JUMP,,,,enum,
lp$a,g,STOP_RIDING_JUMP,STOP_RIDING_JUMP,,,,enum,
lp$a,h,OPEN_INVENTORY,OPEN_INVENTORY,,,,enum,
lp$a,i,START_FALL_FLYING,START_FALL_FLYING,,,,enum,
lp,a,field_149517_a,,,,,field,private int
lp,b,field_149515_b,animation,,,,field,private PacketPlayInEntityAction$EnumPlayerAction
lp,c,field_149516_c,,,,,field,private int
lq,a,field_149624_a,,,,,field,private float
lq,b,field_192621_b,,,,,field,private float
lq,c,field_149623_c,,,,,field,private boolean
lq,d,field_149621_d,,,,,field,private boolean
lr$a,a,SHOWN,SHOWN,,,,enum,
lr$a,b,SETTINGS,SETTINGS,,,,enum,
lr,a,field_194157_a,,,,,field,private PacketPlayInRecipeDisplayed$Status
lr,b,field_193649_d,,,,,field,private IRecipe
lr,c,field_192631_e,,,,,field,private boolean
lr,d,field_192632_f,,,,,field,private boolean
ls$a,a,SUCCESSFULLY_LOADED,SUCCESSFULLY_LOADED,,,,enum,
ls$a,b,DECLINED,DECLINED,,,,enum,
ls$a,c,FAILED_DOWNLOAD,FAILED_DOWNLOAD,,,,enum,
ls$a,d,ACCEPTED,ACCEPTED,,,,enum,
ls,a,field_179719_b,status,,,,field,private PacketPlayInResourcePackStatus$EnumResourcePackStatus
lt$a,a,OPENED_TAB,OPENED_TAB,,,,enum,
lt$a,b,CLOSED_SCREEN,CLOSED_SCREEN,,,,enum,
lt,a,field_194166_a,,,,,field,private PacketPlayInAdvancements$Status
lt,b,field_194167_b,,,,,field,private MinecraftKey
lu,a,field_149615_a,itemInHandIndex,,,,field,private int
lv,a,field_149629_a,slot,,,,field,private int
lv,b,field_149628_b,,,,,field,private ItemStack
lw,a,field_179723_a,,,,,field,private BlockPosition
lw,b,field_149590_d,,,,,field,private String[]
lx,a,field_187019_a,,,,,field,private EnumHand
ly,a,field_179729_a,,,,,field,private UUID
lz,a,field_179725_b,,,,,field,private BlockPosition
lz,b,field_149579_d,,,,,field,private EnumDirection
lz,c,field_187027_c,,,,,field,private EnumHand
lz,d,field_149577_f,,,,,field,private float
lz,e,field_149578_g,,,,,field,private float
lz,f,field_149584_h,,,,,field,private float
m,C,field_192139_s,,,,,field,"private static final Map<MinecraftKey, CriterionTrigger<?>>"
m,a,field_192121_a,,,,,field,public static final CriterionTriggerImpossible
m,b,field_192122_b,,,,,field,public static final CriterionTriggerKilled
m,c,field_192123_c,,,,,field,public static final CriterionTriggerKilled
m,d,field_192124_d,,,,,field,public static final CriterionTriggerEnterBlock
m,e,field_192125_e,,,,,field,public static final CriterionTriggerInventoryChanged
m,f,field_192126_f,,,,,field,public static final CriterionTriggerRecipeUnlocked
m,g,field_192127_g,,,,,field,public static final CriterionTriggerPlayerHurtEntity
m,h,field_192128_h,,,,,field,public static final CriterionTriggerEntityHurtPlayer
m,i,field_192129_i,,,,,field,public static final CriterionTriggerEnchantedItem
m,j,field_192130_j,,,,,field,public static final CriterionTriggerBrewedPotion
m,k,field_192131_k,,,,,field,public static final CriterionTriggerConstructBeacon
m,l,field_192132_l,,,,,field,public static final CriterionTriggerUsedEnderEye
m,m,field_192133_m,,,,,field,public static final CriterionTriggerSummonedEntity
m,n,field_192134_n,,,,,field,public static final CriterionTriggerBredAnimals
m,o,field_192135_o,,,,,field,public static final CriterionTriggerLocation
m,p,field_192136_p,,,,,field,public static final CriterionTriggerLocation
m,q,field_192137_q,,,,,field,public static final CriterionTriggerCuredZombieVillager
m,r,field_192138_r,,,,,field,public static final CriterionTriggerVillagerTrade
m,s,field_193132_s,,,,,field,public static final CriterionTriggerItemDurabilityChanged
m,t,field_193133_t,,,,,field,public static final CriterionTriggerLevitation
m,u,field_193134_u,,,,,field,public static final CriterionTriggerChangedDimension
m,v,field_193135_v,,,,,field,public static final CriterionTriggerTick
m,w,field_193136_w,,,,,field,public static final CriterionTriggerTamedAnimal
m,x,field_193137_x,,,,,field,public static final CriterionTriggerPlacedBlock
m,y,field_193138_y,,,,,field,public static final CriterionTriggerConsumeItem
m,z,field_193139_z,,,,,field,public static final CriterionTriggerEffectsChanged
m,A,field_193130_A,,,,,field,public static final CriterionTriggerUsedTotem
m,B,field_193131_B,,,,,field,public static final CriterionTriggerNetherTravel
ma,a,field_187029_a,,,,,field,private EnumHand
mc,a,field_149600_a,,,,,field,private int
mc,b,field_149598_b,hostname,,,,field,private String
mc,c,field_149599_c,port,,,,field,private int
mc,d,field_149597_d,,,,,field,private EnumProtocol
mg,a,field_149602_a,,,,,field,private com.mojang.authlib.GameProfile
mh,a,field_149612_a,,,,,field,private String
mh,b,field_149610_b,,,,,field,private PublicKey
mh,c,field_149611_c,,,,,field,private byte[]
mi,a,field_179733_a,,,,,field,private int
mj,a,field_149605_a,,,,,field,private IChatBaseComponent
ml,a,field_149305_a,,,,,field,private com.mojang.authlib.GameProfile
mm,a,field_149302_a,,,,,field,private byte[]
mm,b,field_149301_b,,,,,field,private byte[]
mq,a,field_149293_a,,,,,field,private long
mr,a,field_149297_a,,,,,field,private static final com.google.gson.Gson
mr,b,field_149296_b,,,,,field,private ServerPing
ms$a,a,field_151336_a,,,,,field,private final int
ms$a,b,field_151334_b,,,,,field,private final int
ms$a,c,field_151335_c,,,,,field,private com.mojang.authlib.GameProfile[]
ms$c,a,field_151306_a,,,,,field,private final String
ms$c,b,field_151305_b,,,,,field,private final int
ms,a,field_151326_a,,,,,field,private IChatBaseComponent
ms,b,field_151324_b,,,,,field,private ServerPing$ServerPingPlayerSample
ms,c,field_151325_c,,,,,field,private ServerPing$ServerData
ms,d,field_151323_d,,,,,field,private String
mu,a,field_149290_a,,,,,field,private long
mx,a,field_187157_a,,,,,field,private final int
mx,b,field_187158_b,,,,,field,private final DataWatcherSerializer<T>
mz,o,field_187204_n,,,,,field,private static final RegistryID<DataWatcherSerializer<?>>
mz,a,field_187191_a,,,,,field,public static final DataWatcherSerializer<Byte>
mz,b,field_187192_b,,,,,field,public static final DataWatcherSerializer<Integer>
mz,c,field_187193_c,,,,,field,public static final DataWatcherSerializer<Float>
mz,d,field_187194_d,,,,,field,public static final DataWatcherSerializer<String>
mz,e,field_187195_e,,,,,field,public static final DataWatcherSerializer<IChatBaseComponent>
mz,f,field_187196_f,,,,,field,public static final DataWatcherSerializer<ItemStack>
mz,g,field_187197_g,,,,,field,public static final DataWatcherSerializer<com.google.common.base.Optional<IBlockData>>
mz,h,field_187198_h,,,,,field,public static final DataWatcherSerializer<Boolean>
mz,i,field_187199_i,,,,,field,public static final DataWatcherSerializer<Vector3f>
mz,j,field_187200_j,,,,,field,public static final DataWatcherSerializer<BlockPosition>
mz,k,field_187201_k,,,,,field,public static final DataWatcherSerializer<com.google.common.base.Optional<BlockPosition>>
mz,l,field_187202_l,,,,,field,public static final DataWatcherSerializer<EnumDirection>
mz,m,field_187203_m,,,,,field,public static final DataWatcherSerializer<com.google.common.base.Optional<UUID>>
mz,n,field_192734_n,,,,,field,public static final DataWatcherSerializer<NBTTagCompound>
n,a,field_192147_a,,,,,field,private final CriterionInstance
na$a,a,field_187211_a,,,,,field,private final DataWatcherObject<T>
na$a,b,field_187212_b,,,,,field,private T
na$a,c,field_187213_c,,,,,field,private boolean
na,a,field_190303_a,,,,,field,private static final org.apache.logging.log4j.Logger
na,b,field_187232_a,,,,,field,"private static final Map<Class<? extends Entity>, Integer>"
na,c,field_187233_b,,,,,field,private final Entity
na,d,field_187234_c,,,,,field,"private final Map<Integer, DataWatcher$Item<?>>"
na,e,field_187235_d,,,,,field,private final ReadWriteLock
na,f,field_187236_e,,,,,field,private boolean
na,g,field_187237_f,,,,,field,private boolean
nd,a,field_110626_a,,,,,field,protected final String
nd,b,field_110625_b,,,,,field,protected final String
net/minecraft/server/MinecraftServer$1,b,field_96245_b,,,,,field,private long
net/minecraft/server/MinecraftServer,k,field_147145_h,LOGGER,,,,field,private static final org.apache.logging.log4j.Logger
net/minecraft/server/MinecraftServer,a,field_152367_a,,,,,field,public static final File
net/minecraft/server/MinecraftServer,l,field_71310_m,convertable,,,,field,private final Convertable
net/minecraft/server/MinecraftServer,m,field_71307_n,,,,,field,private final MojangStatisticsGenerator
net/minecraft/server/MinecraftServer,n,field_71308_o,universe,,,,field,private final File
net/minecraft/server/MinecraftServer,o,field_71322_p,,,,,field,private final List<ITickable>
net/minecraft/server/MinecraftServer,b,field_71321_q,,,,,field,public final ICommandHandler
net/minecraft/server/MinecraftServer,c,field_71304_b,methodProfiler,,,,field,public final MethodProfiler
net/minecraft/server/MinecraftServer,p,field_147144_o,,,,,field,private final ServerConnection
net/minecraft/server/MinecraftServer,q,field_147147_p,,,,,field,private final ServerPing
net/minecraft/server/MinecraftServer,r,field_147146_q,,,,,field,private final Random
net/minecraft/server/MinecraftServer,s,field_184112_s,dataConverterManager,,,,field,private final DataConverterManager
net/minecraft/server/MinecraftServer,t,field_71320_r,serverIp,,,,field,private String
net/minecraft/server/MinecraftServer,u,field_71319_s,,,,,field,private int
net/minecraft/server/MinecraftServer,d,field_71305_c,worldServer,,,,field,public WorldServer[]
net/minecraft/server/MinecraftServer,v,field_71318_t,,,,,field,private PlayerList
net/minecraft/server/MinecraftServer,w,field_71317_u,isRunning,,,,field,private boolean
net/minecraft/server/MinecraftServer,x,field_71316_v,isStopped,,,,field,private boolean
net/minecraft/server/MinecraftServer,y,field_71315_w,ticks,,,,field,private int
net/minecraft/server/MinecraftServer,e,field_110456_c,,,,,field,protected final Proxy
net/minecraft/server/MinecraftServer,f,field_71302_d,,,,,field,public String
net/minecraft/server/MinecraftServer,g,field_71303_e,,,,,field,public int
net/minecraft/server/MinecraftServer,z,field_71325_x,onlineMode,,,,field,private boolean
net/minecraft/server/MinecraftServer,A,field_190519_A,,,,,field,private boolean
net/minecraft/server/MinecraftServer,B,field_71324_y,spawnAnimals,,,,field,private boolean
net/minecraft/server/MinecraftServer,C,field_71323_z,spawnNPCs,,,,field,private boolean
net/minecraft/server/MinecraftServer,D,field_71284_A,pvpMode,,,,field,private boolean
net/minecraft/server/MinecraftServer,E,field_71285_B,allowFlight,,,,field,private boolean
net/minecraft/server/MinecraftServer,F,field_71286_C,motd,,,,field,private String
net/minecraft/server/MinecraftServer,G,field_71280_D,,,,,field,private int
net/minecraft/server/MinecraftServer,H,field_143008_E,,,,,field,private int
net/minecraft/server/MinecraftServer,h,field_71311_j,,,,,field,public final long[]
net/minecraft/server/MinecraftServer,i,field_71312_k,,,,,field,public long[][]
net/minecraft/server/MinecraftServer,I,field_71292_I,,,,,field,private KeyPair
net/minecraft/server/MinecraftServer,J,field_71293_J,,,,,field,private String
net/minecraft/server/MinecraftServer,K,field_71294_K,,,,,field,private String
net/minecraft/server/MinecraftServer,M,field_71288_M,demoMode,,,,field,private boolean
net/minecraft/server/MinecraftServer,N,field_71289_N,,,,,field,private boolean
net/minecraft/server/MinecraftServer,O,field_147141_M,,,,,field,private String
net/minecraft/server/MinecraftServer,P,field_175588_P,,,,,field,private String
net/minecraft/server/MinecraftServer,Q,field_71296_Q,,,,,field,private boolean
net/minecraft/server/MinecraftServer,R,field_71299_R,,,,,field,private long
net/minecraft/server/MinecraftServer,S,field_71298_S,,,,,field,private String
net/minecraft/server/MinecraftServer,T,field_71295_T,,,,,field,private boolean
net/minecraft/server/MinecraftServer,U,field_104057_T,,,,,field,private boolean
net/minecraft/server/MinecraftServer,V,field_152364_T,,,,,field,private final com.mojang.authlib.yggdrasil.YggdrasilAuthenticationService
net/minecraft/server/MinecraftServer,W,field_147143_S,,,,,field,private final com.mojang.authlib.minecraft.MinecraftSessionService
net/minecraft/server/MinecraftServer,X,field_152365_W,,,,,field,private final com.mojang.authlib.GameProfileRepository
net/minecraft/server/MinecraftServer,Y,field_152366_X,,,,,field,private final UserCache
net/minecraft/server/MinecraftServer,Z,field_147142_T,,,,,field,private long
net/minecraft/server/MinecraftServer,j,field_175589_i,,,,,field,public final Queue<FutureTask<?>>
net/minecraft/server/MinecraftServer,aa,field_175590_aa,serverThread,,,,field,private Thread
net/minecraft/server/MinecraftServer,ab,field_175591_ab,,,,,field,private long
net/minecraft/server/MinecraftServer,L,field_71287_L,,,,,field,private String
net/minecraft/server/MinecraftServer,ac,field_184111_ab,,,,,field,private boolean
ng$4,b,field_150841_b,,,,,field,private final DispenseBehaviorItem
ng$5,b,field_150840_b,,,,,field,private final DispenseBehaviorItem
ng$a,b,field_185026_b,,,,,field,private final DispenseBehaviorItem
ng$a,c,field_185027_c,,,,,field,private final EntityBoat$EnumBoatType
ng$b,b,field_190911_b,,,,,field,protected boolean
ng,a,field_179872_a,,,,,field,public static final PrintStream
ng,c,field_151355_a,,,,,field,private static boolean
ng,b,field_194219_b,,,,,field,public static boolean
ng,d,field_179871_c,,,,,field,private static final org.apache.logging.log4j.Logger
ni,a,field_73702_a,command,,,,field,public final String
ni,b,field_73701_b,source,,,,field,public final ICommandListener
nl,a,field_154349_a,,,,,field,private static final org.apache.logging.log4j.Logger
nl,b,field_154350_b,,,,,field,private final File
nl,c,field_154351_c,,,,,field,private final boolean
nm,a,field_179884_a,,,,,field,protected static final org.apache.logging.log4j.Logger
nm,b,field_179883_b,,,,,field,protected final String
nn,a,field_192753_a,,,,,field,private static final org.apache.logging.log4j.Logger
nn,b,field_192754_b,,,,,field,private static final com.google.gson.Gson
nn,c,field_192755_c,,,,,field,"private static final com.google.gson.reflect.TypeToken<Map<MinecraftKey, AdvancementProgress>>"
nn,d,field_192756_d,,,,,field,private final MinecraftServer
nn,e,field_192757_e,,,,,field,private final File
nn,f,field_192758_f,data,,,,field,"private final Map<Advancement, AdvancementProgress>"
nn,g,field_192759_g,,,,,field,private final Set<Advancement>
nn,h,field_192760_h,,,,,field,private final Set<Advancement>
nn,i,field_192761_i,,,,,field,private final Set<Advancement>
nn,j,field_192762_j,player,,,,field,private EntityPlayer
nn,k,field_194221_k,,,,,field,private Advancement
nn,l,field_192763_k,,,,,field,private boolean
np,a,field_179886_a,INSTANCE,,,,field,public static final CancelledPacketHandleException
nq,a,field_192782_a,,,,,field,private static final org.apache.logging.log4j.Logger
nq,b,field_192783_b,DESERIALIZER,,,,field,private static final com.google.gson.Gson
nq,c,field_192784_c,REGISTRY,,,,field,private static final Advancements
nq,d,field_192785_d,folder,,,,field,private final File
nq,e,field_193768_e,,,,,field,private boolean
nr$a,a,field_194223_a,,,,,field,private final CustomFunctionData
nr$a,b,field_194224_b,,,,,field,private final ICommandListener
nr$a,c,field_194225_c,,,,,field,private final CustomFunction$c
nr,a,field_193067_a,,,,,field,private static final org.apache.logging.log4j.Logger
nr,b,field_193068_b,,,,,field,private final File
nr,c,field_193069_c,,,,,field,private final MinecraftServer
nr,d,field_193070_d,,,,,field,"private final Map<MinecraftKey, CustomFunction>"
nr,e,field_193071_e,,,,,field,private String
nr,f,field_193072_f,,,,,field,private CustomFunction
nr,g,field_194020_g,,,,,field,private final ArrayDeque<CustomFunctionData$a>
nr,h,field_194021_h,,,,,field,private boolean
nr,i,field_193073_g,,,,,field,private final ICommandListener
nt,a,field_96555_a,,,,,field,private final MinecraftServer
nt,b,field_96553_b,,,,,field,private final Set<ScoreboardObjective>
nt,c,field_186685_c,,,,,field,private Runnable[]
nu,a,field_164440_a,,,,,field,private static final org.apache.logging.log4j.Logger
nu,b,field_73672_b,properties,,,,field,private final Properties
nu,c,field_73673_c,file,,,,field,private final File
nw,f,field_164439_d,,,,,field,private static final org.apache.logging.log4j.Logger
nx,k,field_155771_h,LOGGER,,,,field,private static final org.apache.logging.log4j.Logger
nx,l,field_189647_l,,,,,field,private static final Pattern
nx,m,field_71341_l,serverCommandQueue,,,,field,private final List<ServerCommand>
nx,n,field_71342_m,,,,,field,private RemoteStatusListener
nx,o,field_184115_n,remoteControlCommandListener,,,,field,private final RemoteControlCommandListener
nx,p,field_71339_n,,,,,field,private RemoteControlListener
nx,q,field_71340_o,propertyManager,,,,field,private PropertyManager
nx,r,field_154332_n,,,,,field,private EULA
nx,s,field_71338_p,generateStructures,,,,field,private boolean
nx,t,field_71337_q,,,,,field,private EnumGamemode
nx,u,field_71335_s,,,,,field,private boolean
ny,a,field_180251_a,,,,,field,private static final org.apache.logging.log4j.Logger
ny,b,field_180249_b,,,,,field,private final DedicatedServer
ny,c,field_180250_c,,,,,field,private final long
o,a,field_192155_a,,,,,field,private static final SimpleDateFormat
o,b,field_192156_b,,,,,field,private final AdvancementProgress
o,c,field_192157_c,,,,,field,private Date
oa,a,field_164249_a,,,,,field,private static final Font
oa,b,field_164248_b,,,,,field,private static final org.apache.logging.log4j.Logger
oa,c,field_120021_b,,,,,field,private final DedicatedServer
ob,a,field_120015_a,,,,,field,private final MinecraftServer
ob,b,field_120014_b,,,,,field,private int
oc,a,field_120040_a,,,,,field,private static final DecimalFormat
oc,b,field_120038_b,,,,,field,private final int[]
oc,c,field_120039_c,,,,,field,private int
oc,d,field_120036_d,,,,,field,private final String[]
oc,e,field_120037_e,,,,,field,private final MinecraftServer
og,K,field_73072_L,,,,,field,private static final long
og,a,field_73071_a,,,,,field,public static final WorldSettings
oh,c,field_73105_c,,,,,field,private boolean
oh,d,field_73103_d,,,,,field,private boolean
oh,e,field_73104_e,,,,,field,private int
oh,f,field_73102_f,,,,,field,private int
oi,a,field_175743_a,,,,,field,private final WorldServer
oj,a,field_151249_a,,,,,field,private static final org.apache.logging.log4j.Logger
oj,b,field_72795_a,world,,,,field,private final WorldServer
oj,c,field_72793_b,,,,,field,private final Set<EntityTrackerEntry>
oj,d,field_72794_c,trackedEntities,,,,field,private final IntHashMap<EntityTrackerEntry>
oj,e,field_72792_d,,,,,field,private int
ok,h,field_186762_h,,,,,field,private final Set<EntityPlayer>
ok,i,field_186763_i,,,,,field,private final Set<EntityPlayer>
ok,j,field_186764_j,visible,,,,field,private boolean
ol,a,field_147417_b,,,,,field,private static final org.apache.logging.log4j.Logger
ol,b,field_73248_b,unloadQueue,,,,field,private final Set<Long>
ol,c,field_186029_c,chunkGenerator,,,,field,private final ChunkGenerator
ol,d,field_73247_e,chunkLoader,,,,field,private final IChunkLoader
ol,e,field_73244_f,chunks,,,,field,private final it.unimi.dsi.fastutil.longs.Long2ObjectMap<Chunk>
ol,f,field_73251_h,world,,,,field,private final WorldServer
om,a,field_147491_a,,,,,field,private static final org.apache.logging.log4j.Logger
om,K,field_73061_a,server,,,,field,private final MinecraftServer
om,L,field_73062_L,tracker,,,,field,private final EntityTracker
om,M,field_73063_M,manager,,,,field,private final PlayerChunkMap
om,N,field_73064_N,nextTickListHash,,,,field,private final Set<NextTickListEntry>
om,O,field_73065_O,nextTickList,,,,field,private final TreeSet<NextTickListEntry>
om,P,field_175741_N,entitiesByUUID,,,,field,"private final Map<UUID, Entity>"
om,b,field_73058_d,savingDisabled,,,,field,public boolean
om,Q,field_73068_P,,,,,field,private boolean
om,R,field_80004_Q,emptyTime,,,,field,private int
om,S,field_85177_Q,portalTravelAgent,,,,field,private final PortalTravelAgent
om,T,field_175742_R,spawnerCreature,,,,field,private final SpawnerCreature
om,c,field_175740_d,siegeManager,,,,field,protected final VillageSiege
om,U,field_147490_S,,,,,field,private final WorldServer$BlockActionDataList[]
om,V,field_147489_T,,,,,field,private int
om,W,field_94579_S,,,,,field,private final List<NextTickListEntry>
on,a,field_72783_a,,,,,field,private final MinecraftServer
on,b,field_72782_b,world,,,,field,private final WorldServer
oo,bV,field_147102_bM,,,,,field,private static final org.apache.logging.log4j.Logger
oo,bW,field_71148_cg,locale,,,,field,private String
oo,a,field_71135_a,playerConnection,,,,field,public PlayerConnection
oo,b,field_71133_b,server,,,,field,public final MinecraftServer
oo,c,field_71134_c,playerInteractManager,,,,field,public final PlayerInteractManager
oo,d,field_71131_d,,,,,field,public double
oo,e,field_71132_e,,,,,field,public double
oo,bX,field_71130_g,removeQueue,,,,field,private final List<Integer>
oo,bY,field_192042_bX,,,,,field,private final AdvancementDataPlayer
oo,bZ,field_147103_bO,,,,,field,private final ServerStatisticManager#
oo,ca,field_130068_bO,,,,,field,private float
oo,cb,field_184852_bV,,,,,field,private int
oo,cc,field_184853_bW,,,,,field,private int
oo,cd,field_184854_bX,,,,,field,private int
oo,ce,field_184855_bY,,,,,field,private int
oo,cf,field_184856_bZ,,,,,field,private int
oo,cg,field_71149_ch,lastHealthSent,,,,field,private float
oo,ch,field_71146_ci,,,,,field,private int
oo,ci,field_71147_cj,,,,,field,private boolean
oo,cj,field_71144_ck,lastSentExp,,,,field,private int
oo,ck,field_147101_bU,invulnerableTicks,,,,field,private int
oo,cl,field_71143_cn,,,,,field,private EntityHuman$EnumChatVisibility
oo,cm,field_71140_co,,,,,field,private boolean
oo,cn,field_143005_bX,,,,,field,private long
oo,co,field_175401_bS,,,,,field,private Entity
oo,cp,field_184851_cj,worldChangeInvuln,,,,field,private boolean
oo,cq,field_192040_cp,,,,,field,private boolean
oo,cr,field_192041_cq,,,,,field,private final RecipeBookServer
oo,cs,field_193107_ct,,,,,field,private Vec3D
oo,ct,field_193108_cu,,,,,field,private int
oo,cu,field_193109_cv,,,,,field,private boolean
oo,cv,field_193110_cw,,,,,field,private Vec3D
oo,cw,field_71139_cq,containerCounter,,,,field,private int
oo,f,field_71137_h,,,,,field,public boolean
oo,g,field_71138_i,ping,,,,field,public int
oo,h,field_71136_j,viewingCredits,,,,field,public boolean
op,a,field_73092_a,world,,,,field,public World
op,b,field_73090_b,player,,,,field,public EntityPlayer
op,c,field_73091_c,gamemode,,,,field,private EnumGamemode
op,d,field_73088_d,,,,,field,private boolean
op,e,field_73089_e,lastDigTick,,,,field,private int
op,f,field_180240_f,,,,,field,private BlockPosition
op,g,field_73100_i,currentTick,,,,field,private int
op,h,field_73097_j,,,,,field,private boolean
op,i,field_180241_i,,,,,field,private BlockPosition
op,j,field_73093_n,,,,,field,private int
op,k,field_73094_o,,,,,field,private int
oq,c,field_151262_p,,,,,field,private static final org.apache.logging.log4j.Logger
oq,d,field_73132_a,tracker,,,,field,private final Entity
oq,e,field_73130_b,,,,,field,private final int
oq,f,field_187262_f,,,,,field,private int
oq,g,field_73131_c,,,,,field,private final int
oq,h,field_73128_d,xLoc,,,,field,private long
oq,i,field_73129_e,yLoc,,,,field,private long
oq,j,field_73126_f,zLoc,,,,field,private long
oq,k,field_73127_g,yRot,,,,field,private int
oq,l,field_73139_h,xRot,,,,field,private int
oq,m,field_73140_i,headYaw,,,,field,private int
oq,n,field_73137_j,,,,,field,private double
oq,o,field_73138_k,,,,,field,private double
oq,p,field_73135_l,,,,,field,private double
oq,a,field_73136_m,,,,,field,public int
oq,q,field_73147_p,,,,,field,private double
oq,r,field_73146_q,,,,,field,private double
oq,s,field_73145_r,,,,,field,private double
oq,t,field_73144_s,isMoving,,,,field,private boolean
oq,u,field_73143_t,,,,,field,private final boolean
oq,v,field_73142_u,,,,,field,private int
oq,w,field_187263_w,,,,,field,private List<Entity>
oq,x,field_73141_v,,,,,field,private boolean
oq,y,field_180234_y,,,,,field,private boolean
oq,b,field_73133_n,,,,,field,public boolean
oq,z,field_73134_o,trackedPlayers,,,,field,private final Set<EntityPlayer>
or,a,field_187281_a,,,,,field,private static final org.apache.logging.log4j.Logger
or,b,field_187282_b,playerChunkMap,,,,field,private final PlayerChunkMap
or,c,field_187283_c,,,,,field,private final List<EntityPlayer>
or,d,field_187284_d,location,,,,field,private final ChunkCoordIntPair
or,e,field_187285_e,dirtyBlocks,,,,field,private final short[]
or,f,field_187286_f,chunk,,,,field,private Chunk
or,g,field_187287_g,dirtyCount,,,,field,private int
or,h,field_187288_h,,,,,field,private int
or,i,field_187289_i,,,,,field,private long
or,j,field_187290_j,done,,,,field,private boolean
os,a,field_187308_a,,,,,field,private static final com.google.common.base.Predicate<EntityPlayer>
os,b,field_187309_b,,,,,field,private static final com.google.common.base.Predicate<EntityPlayer>
os,c,field_72701_a,world,,,,field,private final WorldServer
os,d,field_72699_b,managedPlayers,,,,field,private final List<EntityPlayer>
os,e,field_72700_c,,,,,field,private final it.unimi.dsi.fastutil.longs.Long2ObjectMap<PlayerChunk>
os,f,field_72697_d,,,,,field,private final Set<PlayerChunk>
os,g,field_187310_g,,,,,field,private final List<PlayerChunk>
os,h,field_187311_h,,,,,field,private final List<PlayerChunk>
os,i,field_111193_e,,,,,field,private final List<PlayerChunk>
os,j,field_72698_e,,,,,field,private int
os,k,field_111192_g,,,,,field,private long
os,l,field_187312_l,,,,,field,private boolean
os,m,field_187313_m,,,,,field,private boolean
ov,a,field_151258_a,,,,,field,private static final org.apache.logging.log4j.Logger
ov,b,field_151257_b,,,,,field,private final ServerConnection
ox,e,field_151275_b,,,,,field,private static final org.apache.logging.log4j.Logger
ox,a,field_151276_c,,,,,field,public static final LazyInitVar<io.netty.channel.nio.NioEventLoopGroup>
ox,b,field_181141_b,,,,,field,public static final LazyInitVar<io.netty.channel.epoll.EpollEventLoopGroup>
ox,c,field_180232_b,,,,,field,public static final LazyInitVar<io.netty.channel.local.LocalEventLoopGroup>
ox,f,field_151273_d,,,,,field,private final MinecraftServer
ox,d,field_151277_a,,,,,field,public volatile boolean
ox,g,field_151274_e,,,,,field,private final List<io.netty.channel.ChannelFuture>
ox,h,field_151272_f,,,,,field,private final List<NetworkManager>
oy,c,field_147370_c,LOGGER,,,,field,private static final org.apache.logging.log4j.Logger
oy,a,field_147371_a,networkManager,,,,field,public final NetworkManager
oy,d,field_147367_d,minecraftServer,,,,field,private final MinecraftServer
oy,b,field_147369_b,player,,,,field,public EntityPlayer
oy,e,field_147368_e,,,,,field,private int
oy,f,field_147378_h,,,,,field,private int
oy,g,field_147379_i,,,,,field,private long
oy,h,field_147377_k,,,,,field,private long
oy,i,field_147374_l,chatThrottle,,,,field,private int
oy,j,field_147375_m,,,,,field,private int
oy,k,field_147372_n,,,,,field,private final IntHashMap<Short>
oy,l,field_184349_l,,,,,field,private double
oy,m,field_184350_m,,,,,field,private double
oy,n,field_184351_n,,,,,field,private double
oy,o,field_184352_o,,,,,field,private double
oy,p,field_184353_p,,,,,field,private double
oy,q,field_184354_q,,,,,field,private double
oy,r,field_184355_r,,,,,field,private Entity
oy,s,field_184356_s,,,,,field,private double
oy,t,field_184357_t,,,,,field,private double
oy,u,field_184358_u,,,,,field,private double
oy,v,field_184359_v,,,,,field,private double
oy,w,field_184360_w,,,,,field,private double
oy,x,field_184361_x,,,,,field,private double
oy,y,field_184362_y,teleportPos,,,,field,private Vec3D
oy,z,field_184363_z,teleportAwait,,,,field,private int
oy,A,field_184343_A,,,,,field,private int
oy,B,field_184344_B,,,,,field,private boolean
oy,C,field_147365_f,,,,,field,private int
oy,D,field_184345_D,,,,,field,private boolean
oy,E,field_184346_E,,,,,field,private int
oy,F,field_184347_F,receivedMovePackets,,,,field,private int
oy,G,field_184348_G,processedMovePackets,,,,field,private int
oz,a,field_147387_a,,,,,field,private final MinecraftServer
oz,b,field_147386_b,,,,,field,private final NetworkManager
p$a,a,field_192160_a,,,,,field,private final T
p$a,b,field_192161_b,,,,,field,private final Advancement
p$a,c,field_192162_c,,,,,field,private final String
pa$a,a,HELLO,HELLO,,,,enum,
pa$a,b,KEY,KEY,,,,enum,
pa$a,c,AUTHENTICATING,AUTHENTICATING,,,,enum,
pa$a,d,READY_TO_ACCEPT,READY_TO_ACCEPT,,,,enum,
pa$a,e,DELAY_ACCEPT,DELAY_ACCEPT,,,,enum,
pa$a,f,ACCEPTED,ACCEPTED,,,,enum,
pa,b,field_147331_b,,,,,field,private static final AtomicInteger
pa,c,field_147332_c,,,,,field,private static final org.apache.logging.log4j.Logger
pa,d,field_147329_d,random,,,,field,private static final Random
pa,e,field_147330_e,,,,,field,private final byte[]
pa,f,field_147327_f,server,,,,field,private final MinecraftServer
pa,a,field_147333_a,networkManager,,,,field,public final NetworkManager
pa,g,field_147328_g,,,,,field,private LoginListener$EnumProtocolState
pa,h,field_147336_h,,,,,field,private int
pa,i,field_147337_i,,,,,field,private com.mojang.authlib.GameProfile
pa,j,field_147334_j,,,,,field,private final String
pa,k,field_147335_k,loginKey,,,,field,private SecretKey
pa,l,field_181025_l,,,,,field,private EntityPlayer
pb,a,field_183007_a,,,,,field,private static final IChatBaseComponent
pb,b,field_147314_a,minecraftServer,,,,field,private final MinecraftServer
pb,c,field_147313_b,networkManager,,,,field,private final NetworkManager
pb,d,field_183008_d,,,,,field,private boolean
pe,a,field_73698_a,,,,,field,public static final SimpleDateFormat
pe,b,field_73694_d,,,,,field,protected final Date
pe,c,field_73695_e,,,,,field,protected final String
pe,d,field_73692_f,,,,,field,protected final Date
pe,e,field_73693_g,,,,,field,protected final String
pf$a,b,field_152672_b,,,,,field,private final com.mojang.authlib.GameProfile
pf$a,c,field_152673_c,,,,,field,private final Date
pf,a,field_152659_a,,,,,field,public static final SimpleDateFormat
pf,c,field_187322_c,,,,,field,private static boolean
pf,d,field_152661_c,,,,,field,"private final Map<String, UserCache$UserCacheEntry>"
pf,e,field_152662_d,,,,,field,"private final Map<UUID, UserCache$UserCacheEntry>"
pf,f,field_152663_e,,,,,field,private final Deque<com.mojang.authlib.GameProfile>
pf,g,field_187323_g,,,,,field,private final com.mojang.authlib.GameProfileRepository
pf,b,field_152660_b,,,,,field,protected final com.google.gson.Gson
pf,h,field_152665_g,,,,,field,private final File
pf,i,field_152666_h,,,,,field,private static final ParameterizedType
pi,e,field_152732_e,,,,,field,private static final org.apache.logging.log4j.Logger
pi,a,field_152728_a,,,,,field,public static final File
pi,b,field_152729_b,,,,,field,public static final File
pi,c,field_152730_c,,,,,field,public static final File
pi,d,field_152731_d,,,,,field,public static final File
pj,a,field_152613_a,,,,,field,public static final File
pj,b,field_152614_b,,,,,field,public static final File
pj,c,field_152615_c,,,,,field,public static final File
pj,d,field_152616_d,,,,,field,public static final File
pj,f,field_148546_d,,,,,field,private static final org.apache.logging.log4j.Logger
pj,g,field_72403_e,,,,,field,private static final SimpleDateFormat
pj,h,field_72400_f,server,,,,field,private final MinecraftServer
pj,i,field_72404_b,players,,,,field,private final List<EntityPlayer>
pj,j,field_177454_f,,,,,field,"private final Map<UUID, EntityPlayer>"
pj,k,field_72401_g,,,,,field,private final GameProfileBanList
pj,l,field_72413_h,,,,,field,private final IpBanList
pj,m,field_72414_i,operators,,,,field,private final OpList
pj,n,field_72411_j,whitelist,,,,field,private final WhiteList
pj,o,field_148547_k,,,,,field,"private final Map<UUID, ServerStatisticManager#>"
pj,p,field_192055_p,,,,,field,"private final Map<UUID, AdvancementDataPlayer>"
pj,q,field_72412_k,playerFileData,,,,field,private IPlayerFileData
pj,r,field_72409_l,hasWhitelist,,,,field,private boolean
pj,e,field_72405_c,maxPlayers,,,,field,protected int
pj,s,field_72402_d,,,,,field,private int
pj,t,field_72410_m,,,,,field,private EnumGamemode
pj,u,field_72407_n,,,,,field,private boolean
pj,v,field_72408_o,,,,,field,private int
pl,a,field_152645_a,,,,,field,private final int
pl,b,field_183025_b,,,,,field,private final boolean
pm,a,field_152642_a,,,,,field,private final T
pn,a,field_152693_a,,,,,field,protected static final org.apache.logging.log4j.Logger
pn,b,field_152694_b,,,,,field,protected final com.google.gson.Gson
pn,c,field_152695_c,,,,,field,private final File
pn,d,field_152696_d,,,,,field,"private final Map<String, V>"
pn,e,field_152697_e,,,,,field,private boolean
pn,f,field_152698_f,,,,,field,private static final ParameterizedType
pt,a,field_72674_a,,,,,field,private final ByteArrayOutputStream
pt,b,field_72673_b,,,,,field,private final DataOutputStream
pu,a,field_72666_a,,,,,field,public static final char[]
pv,a,field_70009_b,,,,,field,private final StringBuffer
pv,b,field_184171_b,,,,,field,private final MinecraftServer
px,h,field_164004_h,,,,,field,private static final AtomicInteger
px,a,field_72619_a,,,,,field,protected boolean
px,b,field_72617_b,,,,,field,protected IMinecraftServer
px,c,field_164003_c,,,,,field,protected final String
px,d,field_72618_c,,,,,field,protected Thread
px,e,field_72615_d,,,,,field,protected int
px,f,field_72616_e,,,,,field,protected List<DatagramSocket>
px,g,field_72614_f,,,,,field,protected List<ServerSocket>
py$a,b,field_72598_b,time,,,,field,private final long
py$a,c,field_72599_c,token,,,,field,private final int
py$a,d,field_72596_d,identity,,,,field,private final byte[]
py$a,e,field_72597_e,,,,,field,private final byte[]
py$a,f,field_72595_f,,,,,field,private final String
py,h,field_72629_g,,,,,field,private long
py,i,field_72636_h,,,,,field,private int
py,j,field_72637_i,,,,,field,private final int
py,k,field_72634_j,,,,,field,private final int
py,l,field_72635_k,,,,,field,private final String
py,m,field_72632_l,,,,,field,private final String
py,n,field_72633_m,,,,,field,private DatagramSocket
py,o,field_72630_n,,,,,field,private final byte[]
py,p,field_72631_o,,,,,field,private DatagramPacket
py,q,field_72644_p,,,,,field,"private final Map<SocketAddress, String>"
py,r,field_72643_q,,,,,field,private String
py,s,field_72642_r,,,,,field,private String
py,t,field_72641_s,,,,,field,"private final Map<SocketAddress, RemoteStatusListener$RemoteStatusChallenge>"
py,u,field_72640_t,,,,,field,private final long
py,v,field_72639_u,,,,,field,private final RemoteStatusReply
py,w,field_72638_v,,,,,field,private long
pz,h,field_164005_h,,,,,field,private static final org.apache.logging.log4j.Logger
pz,i,field_72657_g,,,,,field,private boolean
pz,j,field_72659_h,,,,,field,private Socket
pz,k,field_72660_i,,,,,field,private final byte[]
pz,l,field_72658_j,,,,,field,private final String
qa,h,field_72647_g,,,,,field,private int
qa,i,field_72651_h,,,,,field,private final int
qa,j,field_72652_i,,,,,field,private String
qa,k,field_72649_j,,,,,field,private ServerSocket
qa,l,field_72650_k,,,,,field,private final String
qa,m,field_72648_l,,,,,field,"private Map<SocketAddress, RemoteControlSession>"
qc,a,field_187505_a,,,,,field,"public static final RegistryMaterials<MinecraftKey, SoundEffect>"
qc,b,field_187506_b,,,,,field,private final MinecraftKey
qc,c,field_187507_c,,,,,field,private static int
qd,a,field_187674_a,,,,,field,public static final SoundEffect
qd,b,field_187677_b,,,,,field,public static final SoundEffect
qd,c,field_187680_c,,,,,field,public static final SoundEffect
qd,d,field_187683_d,,,,,field,public static final SoundEffect
qd,e,field_187686_e,,,,,field,public static final SoundEffect
qd,f,field_187689_f,,,,,field,public static final SoundEffect
qd,g,field_187692_g,,,,,field,public static final SoundEffect
qd,h,field_187695_h,,,,,field,public static final SoundEffect
qd,i,field_187698_i,,,,,field,public static final SoundEffect
qd,j,field_187701_j,,,,,field,public static final SoundEffect
qd,k,field_187704_k,,,,,field,public static final SoundEffect
qd,l,field_187707_l,,,,,field,public static final SoundEffect
qd,m,field_187710_m,,,,,field,public static final SoundEffect
qd,n,field_187713_n,,,,,field,public static final SoundEffect
qd,o,field_187716_o,,,,,field,public static final SoundEffect
qd,p,field_191258_p,,,,,field,public static final SoundEffect
qd,q,field_187719_p,,,,,field,public static final SoundEffect
qd,r,field_187722_q,,,,,field,public static final SoundEffect
qd,s,field_187725_r,,,,,field,public static final SoundEffect
qd,t,field_187728_s,,,,,field,public static final SoundEffect
qd,u,field_187731_t,,,,,field,public static final SoundEffect
qd,v,field_187734_u,,,,,field,public static final SoundEffect
qd,w,field_187737_v,,,,,field,public static final SoundEffect
qd,x,field_187740_w,,,,,field,public static final SoundEffect
qd,y,field_187742_x,,,,,field,public static final SoundEffect
qd,z,field_187743_y,,,,,field,public static final SoundEffect
qd,A,field_189108_z,,,,,field,public static final SoundEffect
qd,B,field_187744_z,,,,,field,public static final SoundEffect
qd,C,field_187594_A,,,,,field,public static final SoundEffect
qd,D,field_187597_B,,,,,field,public static final SoundEffect
qd,E,field_187600_C,,,,,field,public static final SoundEffect
qd,F,field_187603_D,,,,,field,public static final SoundEffect
qd,G,field_187606_E,,,,,field,public static final SoundEffect
qd,H,field_193778_H,,,,,field,public static final SoundEffect
qd,I,field_193779_I,,,,,field,public static final SoundEffect
qd,J,field_193780_J,,,,,field,public static final SoundEffect
qd,K,field_187609_F,,,,,field,public static final SoundEffect
qd,L,field_187612_G,,,,,field,public static final SoundEffect
qd,M,field_191241_J,,,,,field,public static final SoundEffect
qd,N,field_187615_H,,,,,field,public static final SoundEffect
qd,O,field_187618_I,,,,,field,public static final SoundEffect
qd,P,field_187621_J,,,,,field,public static final SoundEffect
qd,Q,field_187624_K,,,,,field,public static final SoundEffect
qd,R,field_187627_L,,,,,field,public static final SoundEffect
qd,S,field_187630_M,,,,,field,public static final SoundEffect
qd,T,field_187633_N,,,,,field,public static final SoundEffect
qd,U,field_187636_O,,,,,field,public static final SoundEffect
qd,V,field_187639_P,,,,,field,public static final SoundEffect
qd,W,field_189106_R,,,,,field,public static final SoundEffect
qd,X,field_187642_Q,,,,,field,public static final SoundEffect
qd,Y,field_187645_R,,,,,field,public static final SoundEffect
qd,Z,field_187648_S,,,,,field,public static final SoundEffect
qd,aa,field_187651_T,,,,,field,public static final SoundEffect
qd,ab,field_187654_U,,,,,field,public static final SoundEffect
qd,ac,field_187657_V,,,,,field,public static final SoundEffect
qd,ad,field_187660_W,,,,,field,public static final SoundEffect
qd,ae,field_187663_X,,,,,field,public static final SoundEffect
qd,af,field_187665_Y,,,,,field,public static final SoundEffect
qd,ag,field_187666_Z,,,,,field,public static final SoundEffect
qd,ah,field_187538_aa,,,,,field,public static final SoundEffect
qd,ai,field_187540_ab,,,,,field,public static final SoundEffect
qd,aj,field_187542_ac,,,,,field,public static final SoundEffect
qd,ak,field_187544_ad,,,,,field,public static final SoundEffect
qd,al,field_187546_ae,,,,,field,public static final SoundEffect
qd,am,field_187548_af,,,,,field,public static final SoundEffect
qd,an,field_187550_ag,,,,,field,public static final SoundEffect
qd,ao,field_187552_ah,,,,,field,public static final SoundEffect
qd,ap,field_187554_ai,,,,,field,public static final SoundEffect
qd,aq,field_187556_aj,,,,,field,public static final SoundEffect
qd,ar,field_187558_ak,,,,,field,public static final SoundEffect
qd,as,field_187560_al,,,,,field,public static final SoundEffect
qd,at,field_187562_am,,,,,field,public static final SoundEffect
qd,au,field_187564_an,,,,,field,public static final SoundEffect
qd,av,field_187566_ao,,,,,field,public static final SoundEffect
qd,aw,field_187568_ap,,,,,field,public static final SoundEffect
qd,ax,field_187570_aq,,,,,field,public static final SoundEffect
qd,ay,field_187572_ar,,,,,field,public static final SoundEffect
qd,az,field_187574_as,,,,,field,public static final SoundEffect
qd,aA,field_187576_at,,,,,field,public static final SoundEffect
qd,aB,field_187578_au,,,,,field,public static final SoundEffect
qd,aC,field_187580_av,,,,,field,public static final SoundEffect
qd,aD,field_187582_aw,,,,,field,public static final SoundEffect
qd,aE,field_187584_ax,,,,,field,public static final SoundEffect
qd,aF,field_187586_ay,,,,,field,public static final SoundEffect
qd,aG,field_187588_az,,,,,field,public static final SoundEffect
qd,aH,field_187511_aA,,,,,field,public static final SoundEffect
qd,aI,field_187512_aB,,,,,field,public static final SoundEffect
qd,aJ,field_187513_aC,,,,,field,public static final SoundEffect
qd,aK,field_187514_aD,,,,,field,public static final SoundEffect
qd,aL,field_187515_aE,,,,,field,public static final SoundEffect
qd,aM,field_187516_aF,,,,,field,public static final SoundEffect
qd,aN,field_191240_aK,,,,,field,public static final SoundEffect
qd,aO,field_187517_aG,,,,,field,public static final SoundEffect
qd,aP,field_187518_aH,,,,,field,public static final SoundEffect
qd,aQ,field_189426_aK,,,,,field,public static final SoundEffect
qd,aR,field_190021_aL,,,,,field,public static final SoundEffect
qd,aS,field_187519_aI,,,,,field,public static final SoundEffect
qd,aT,field_187520_aJ,,,,,field,public static final SoundEffect
qd,aU,field_187521_aK,,,,,field,public static final SoundEffect
qd,aV,field_187522_aL,,,,,field,public static final SoundEffect
qd,aW,field_187523_aM,,,,,field,public static final SoundEffect
qd,aX,field_187524_aN,,,,,field,public static final SoundEffect
qd,aY,field_187525_aO,,,,,field,public static final SoundEffect
qd,aZ,field_187526_aP,,,,,field,public static final SoundEffect
qd,ba,field_187527_aQ,,,,,field,public static final SoundEffect
qd,bb,field_193777_bb,,,,,field,public static final SoundEffect
qd,bc,field_187528_aR,,,,,field,public static final SoundEffect
qd,bd,field_187529_aS,,,,,field,public static final SoundEffect
qd,be,field_187530_aT,,,,,field,public static final SoundEffect
qd,bf,field_187531_aU,,,,,field,public static final SoundEffect
qd,bg,field_187532_aV,,,,,field,public static final SoundEffect
qd,bh,field_187533_aW,,,,,field,public static final SoundEffect
qd,bi,field_187534_aX,,,,,field,public static final SoundEffect
qd,bj,field_187535_aY,,,,,field,public static final SoundEffect
qd,bk,field_187536_aZ,,,,,field,public static final SoundEffect
qd,bl,field_187590_ba,,,,,field,public static final SoundEffect
qd,bm,field_187592_bb,,,,,field,public static final SoundEffect
qd,bn,field_187595_bc,,,,,field,public static final SoundEffect
qd,bo,field_187598_bd,,,,,field,public static final SoundEffect
qd,bp,field_193781_bp,,,,,field,public static final SoundEffect
qd,bq,field_193782_bq,,,,,field,public static final SoundEffect
qd,br,field_191242_bl,,,,,field,public static final SoundEffect
qd,bs,field_191243_bm,,,,,field,public static final SoundEffect
qd,bt,field_191244_bn,,,,,field,public static final SoundEffect
qd,bu,field_191245_bo,,,,,field,public static final SoundEffect
qd,bv,field_191246_bp,,,,,field,public static final SoundEffect
qd,bw,field_191247_bq,,,,,field,public static final SoundEffect
qd,bx,field_191248_br,,,,,field,public static final SoundEffect
qd,by,field_191249_bs,,,,,field,public static final SoundEffect
qd,bz,field_187601_be,,,,,field,public static final SoundEffect
qd,bA,field_187604_bf,,,,,field,public static final SoundEffect
qd,bB,field_187610_bh,,,,,field,public static final SoundEffect
qd,bC,field_187613_bi,,,,,field,public static final SoundEffect
qd,bD,field_187616_bj,,,,,field,public static final SoundEffect
qd,bE,field_187619_bk,,,,,field,public static final SoundEffect
qd,bF,field_187622_bl,,,,,field,public static final SoundEffect
qd,bG,field_187625_bm,,,,,field,public static final SoundEffect
qd,bH,field_187628_bn,,,,,field,public static final SoundEffect
qd,bI,field_187631_bo,,,,,field,public static final SoundEffect
qd,bJ,field_187634_bp,,,,,field,public static final SoundEffect
qd,bK,field_187637_bq,,,,,field,public static final SoundEffect
qd,bL,field_187640_br,,,,,field,public static final SoundEffect
qd,bM,field_187643_bs,,,,,field,public static final SoundEffect
qd,bN,field_187646_bt,,,,,field,public static final SoundEffect
qd,bO,field_187649_bu,,,,,field,public static final SoundEffect
qd,bP,field_187652_bv,,,,,field,public static final SoundEffect
qd,bQ,field_187655_bw,,,,,field,public static final SoundEffect
qd,bR,field_187658_bx,,,,,field,public static final SoundEffect
qd,bS,field_187661_by,,,,,field,public static final SoundEffect
qd,bT,field_187664_bz,,,,,field,public static final SoundEffect
qd,bU,field_187537_bA,,,,,field,public static final SoundEffect
qd,bV,field_187539_bB,,,,,field,public static final SoundEffect
qd,bW,field_187541_bC,,,,,field,public static final SoundEffect
qd,bX,field_187543_bD,,,,,field,public static final SoundEffect
qd,bY,field_187545_bE,,,,,field,public static final SoundEffect
qd,bZ,field_187547_bF,,,,,field,public static final SoundEffect
qd,ca,field_187549_bG,,,,,field,public static final SoundEffect
qd,cb,field_187551_bH,,,,,field,public static final SoundEffect
qd,cc,field_187553_bI,,,,,field,public static final SoundEffect
qd,cd,field_187555_bJ,,,,,field,public static final SoundEffect
qd,ce,field_189105_bM,,,,,field,public static final SoundEffect
qd,cf,field_187557_bK,,,,,field,public static final SoundEffect
qd,cg,field_187559_bL,,,,,field,public static final SoundEffect
qd,ch,field_187561_bM,,,,,field,public static final SoundEffect
qd,ci,field_187563_bN,,,,,field,public static final SoundEffect
qd,cj,field_187565_bO,,,,,field,public static final SoundEffect
qd,ck,field_187567_bP,,,,,field,public static final SoundEffect
qd,cl,field_187569_bQ,,,,,field,public static final SoundEffect
qd,cm,field_187571_bR,,,,,field,public static final SoundEffect
qd,cn,field_187573_bS,,,,,field,public static final SoundEffect
qd,co,field_187575_bT,,,,,field,public static final SoundEffect
qd,cp,field_187577_bU,,,,,field,public static final SoundEffect
qd,cq,field_187579_bV,,,,,field,public static final SoundEffect
qd,cr,field_187581_bW,,,,,field,public static final SoundEffect
qd,cs,field_187583_bX,,,,,field,public static final SoundEffect
qd,ct,field_187585_bY,,,,,field,public static final SoundEffect
qd,cu,field_187587_bZ,,,,,field,public static final SoundEffect
qd,cv,field_187668_ca,,,,,field,public static final SoundEffect
qd,cw,field_187670_cb,,,,,field,public static final SoundEffect
qd,cx,field_187672_cc,,,,,field,public static final SoundEffect
qd,cy,field_187675_cd,,,,,field,public static final SoundEffect
qd,cz,field_187678_ce,,,,,field,public static final SoundEffect
qd,cA,field_187681_cf,,,,,field,public static final SoundEffect
qd,cB,field_187684_cg,,,,,field,public static final SoundEffect
qd,cC,field_187687_ch,,,,,field,public static final SoundEffect
qd,cD,field_187690_ci,,,,,field,public static final SoundEffect
qd,cE,field_187693_cj,,,,,field,public static final SoundEffect
qd,cF,field_187696_ck,,,,,field,public static final SoundEffect
qd,cG,field_187699_cl,,,,,field,public static final SoundEffect
qd,cH,field_187702_cm,,,,,field,public static final SoundEffect
qd,cI,field_187705_cn,,,,,field,public static final SoundEffect
qd,cJ,field_187708_co,,,,,field,public static final SoundEffect
qd,cK,field_187711_cp,,,,,field,public static final SoundEffect
qd,cL,field_187714_cq,,,,,field,public static final SoundEffect
qd,cM,field_187717_cr,,,,,field,public static final SoundEffect
qd,cN,field_187720_cs,,,,,field,public static final SoundEffect
qd,cO,field_187723_ct,,,,,field,public static final SoundEffect
qd,cP,field_187726_cu,,,,,field,public static final SoundEffect
qd,cQ,field_187729_cv,,,,,field,public static final SoundEffect
qd,cR,field_187732_cw,,,,,field,public static final SoundEffect
qd,cS,field_187735_cx,,,,,field,public static final SoundEffect
qd,cT,field_187738_cy,,,,,field,public static final SoundEffect
qd,cU,field_187741_cz,,,,,field,public static final SoundEffect
qd,cV,field_187589_cA,,,,,field,public static final SoundEffect
qd,cW,field_187591_cB,,,,,field,public static final SoundEffect
qd,cX,field_187593_cC,,,,,field,public static final SoundEffect
qd,cY,field_190022_cI,,,,,field,public static final SoundEffect
qd,cZ,field_190023_cJ,,,,,field,public static final SoundEffect
qd,da,field_190024_cK,,,,,field,public static final SoundEffect
qd,db,field_190025_cL,,,,,field,public static final SoundEffect
qd,dc,field_193783_dc,,,,,field,public static final SoundEffect
qd,dd,field_193784_dd,,,,,field,public static final SoundEffect
qd,de,field_193786_de,,,,,field,public static final SoundEffect
qd,df,field_193787_df,,,,,field,public static final SoundEffect
qd,dg,field_193788_dg,,,,,field,public static final SoundEffect
qd,dh,field_193789_dh,,,,,field,public static final SoundEffect
qd,di,field_193790_di,,,,,field,public static final SoundEffect
qd,dj,field_187596_cD,,,,,field,public static final SoundEffect
qd,dk,field_187599_cE,,,,,field,public static final SoundEffect
qd,dl,field_187602_cF,,,,,field,public static final SoundEffect
qd,dm,field_187605_cG,,,,,field,public static final SoundEffect
qd,dn,field_187608_cH,,,,,field,public static final SoundEffect
qd,do,field_187611_cI,do_,,,,field,public static final SoundEffect
qd,dp,field_187614_cJ,,,,,field,public static final SoundEffect
qd,dq,field_187617_cK,,,,,field,public static final SoundEffect
qd,dr,field_187620_cL,,,,,field,public static final SoundEffect
qd,ds,field_187623_cM,,,,,field,public static final SoundEffect
qd,dt,field_187626_cN,,,,,field,public static final SoundEffect
qd,du,field_187629_cO,,,,,field,public static final SoundEffect
qd,dv,field_187632_cP,,,,,field,public static final SoundEffect
qd,dw,field_187635_cQ,,,,,field,public static final SoundEffect
qd,dx,field_187638_cR,,,,,field,public static final SoundEffect
qd,dy,field_187641_cS,,,,,field,public static final SoundEffect
qd,dz,field_187644_cT,,,,,field,public static final SoundEffect
qd,dA,field_187647_cU,,,,,field,public static final SoundEffect
qd,dB,field_187650_cV,,,,,field,public static final SoundEffect
qd,dC,field_187653_cW,,,,,field,public static final SoundEffect
qd,dD,field_187656_cX,,,,,field,public static final SoundEffect
qd,dE,field_187659_cY,,,,,field,public static final SoundEffect
qd,dF,field_187662_cZ,,,,,field,public static final SoundEffect
qd,dG,field_187746_da,,,,,field,public static final SoundEffect
qd,dH,field_187748_db,,,,,field,public static final SoundEffect
qd,dI,field_187750_dc,,,,,field,public static final SoundEffect
qd,dJ,field_187752_dd,,,,,field,public static final SoundEffect
qd,dK,field_187754_de,,,,,field,public static final SoundEffect
qd,dL,field_187756_df,,,,,field,public static final SoundEffect
qd,dM,field_191260_dz,,,,,field,public static final SoundEffect
qd,dN,field_191250_dA,,,,,field,public static final SoundEffect
qd,dO,field_191251_dB,,,,,field,public static final SoundEffect
qd,dP,field_191252_dC,,,,,field,public static final SoundEffect
qd,dQ,field_191253_dD,,,,,field,public static final SoundEffect
qd,dR,field_191254_dE,,,,,field,public static final SoundEffect
qd,dS,field_191255_dF,,,,,field,public static final SoundEffect
qd,dT,field_191256_dG,,,,,field,public static final SoundEffect
qd,dU,field_191257_dH,,,,,field,public static final SoundEffect
qd,dV,field_187758_dg,,,,,field,public static final SoundEffect
qd,dW,field_187760_dh,,,,,field,public static final SoundEffect
qd,dX,field_187762_di,,,,,field,public static final SoundEffect
qd,dY,field_187764_dj,,,,,field,public static final SoundEffect
qd,dZ,field_187766_dk,,,,,field,public static final SoundEffect
qd,ea,field_187768_dl,,,,,field,public static final SoundEffect
qd,eb,field_187770_dm,,,,,field,public static final SoundEffect
qd,ec,field_187772_dn,,,,,field,public static final SoundEffect
qd,ed,field_187774_do,,,,,field,public static final SoundEffect
qd,ee,field_187776_dp,,,,,field,public static final SoundEffect
qd,ef,field_187778_dq,,,,,field,public static final SoundEffect
qd,eg,field_187780_dr,,,,,field,public static final SoundEffect
qd,eh,field_187782_ds,,,,,field,public static final SoundEffect
qd,ei,field_187784_dt,,,,,field,public static final SoundEffect
qd,ej,field_187786_du,,,,,field,public static final SoundEffect
qd,ek,field_191259_dX,,,,,field,public static final SoundEffect
qd,el,field_187788_dv,,,,,field,public static final SoundEffect
qd,em,field_187790_dw,,,,,field,public static final SoundEffect
qd,en,field_187792_dx,,,,,field,public static final SoundEffect
qd,eo,field_187794_dy,,,,,field,public static final SoundEffect
qd,ep,field_187796_dz,,,,,field,public static final SoundEffect
qd,eq,field_187667_dA,,,,,field,public static final SoundEffect
qd,er,field_187669_dB,,,,,field,public static final SoundEffect
qd,es,field_187671_dC,,,,,field,public static final SoundEffect
qd,et,field_187673_dD,,,,,field,public static final SoundEffect
qd,eu,field_187676_dE,,,,,field,public static final SoundEffect
qd,ev,field_187679_dF,,,,,field,public static final SoundEffect
qd,ew,field_193807_ew,,,,,field,public static final SoundEffect
qd,ex,field_193808_ex,,,,,field,public static final SoundEffect
qd,ey,field_193809_ey,,,,,field,public static final SoundEffect
qd,ez,field_193810_ez,,,,,field,public static final SoundEffect
qd,eA,field_187682_dG,,,,,field,public static final SoundEffect
qd,eB,field_187685_dH,,,,,field,public static final SoundEffect
qd,eC,field_189107_dL,,,,,field,public static final SoundEffect
qd,eD,field_187688_dI,,,,,field,public static final SoundEffect
qd,eE,field_193785_eE,,,,,field,public static final SoundEffect
qd,eF,field_187691_dJ,,,,,field,public static final SoundEffect
qd,eG,field_187694_dK,,,,,field,public static final SoundEffect
qd,eH,field_192792_ep,,,,,field,public static final SoundEffect
qd,eI,field_192793_eq,,,,,field,public static final SoundEffect
qd,eJ,field_192797_eu,,,,,field,public static final SoundEffect
qd,eK,field_192796_et,,,,,field,public static final SoundEffect
qd,eL,field_192794_er,,,,,field,public static final SoundEffect
qd,eM,field_193791_eM,,,,,field,public static final SoundEffect
qd,eN,field_193792_eN,,,,,field,public static final SoundEffect
qd,eO,field_193793_eO,,,,,field,public static final SoundEffect
qd,eP,field_193794_eP,,,,,field,public static final SoundEffect
qd,eQ,field_193795_eQ,,,,,field,public static final SoundEffect
qd,eR,field_193796_eR,,,,,field,public static final SoundEffect
qd,eS,field_193797_eS,,,,,field,public static final SoundEffect
qd,eT,field_193798_eT,,,,,field,public static final SoundEffect
qd,eU,field_193799_eU,,,,,field,public static final SoundEffect
qd,eV,field_193800_eV,,,,,field,public static final SoundEffect
qd,eW,field_193801_eW,,,,,field,public static final SoundEffect
qd,eX,field_193802_eX,,,,,field,public static final SoundEffect
qd,eY,field_193803_eY,,,,,field,public static final SoundEffect
qd,eZ,field_193804_eZ,,,,,field,public static final SoundEffect
qd,fa,field_193811_fa,,,,,field,public static final SoundEffect
qd,fb,field_193812_fb,,,,,field,public static final SoundEffect
qd,fc,field_193813_fc,,,,,field,public static final SoundEffect
qd,fd,field_193814_fd,,,,,field,public static final SoundEffect
qd,fe,field_193815_fe,,,,,field,public static final SoundEffect
qd,ff,field_193816_ff,,,,,field,public static final SoundEffect
qd,fg,field_193817_fg,,,,,field,public static final SoundEffect
qd,fh,field_193818_fh,,,,,field,public static final SoundEffect
qd,fi,field_193819_fi,,,,,field,public static final SoundEffect
qd,fj,field_193820_fj,,,,,field,public static final SoundEffect
qd,fk,field_193821_fk,,,,,field,public static final SoundEffect
qd,fl,field_193822_fl,,,,,field,public static final SoundEffect
qd,fm,field_193823_fm,,,,,field,public static final SoundEffect
qd,fn,field_192795_es,,,,,field,public static final SoundEffect
qd,fo,field_187697_dL,,,,,field,public static final SoundEffect
qd,fp,field_187700_dM,,,,,field,public static final SoundEffect
qd,fq,field_187703_dN,,,,,field,public static final SoundEffect
qd,fr,field_187706_dO,,,,,field,public static final SoundEffect
qd,fs,field_187709_dP,,,,,field,public static final SoundEffect
qd,ft,field_187712_dQ,,,,,field,public static final SoundEffect
qd,fu,field_187715_dR,,,,,field,public static final SoundEffect
qd,fv,field_187718_dS,,,,,field,public static final SoundEffect
qd,fw,field_187721_dT,,,,,field,public static final SoundEffect
qd,fx,field_187724_dU,,,,,field,public static final SoundEffect
qd,fy,field_187727_dV,,,,,field,public static final SoundEffect
qd,fz,field_187730_dW,,,,,field,public static final SoundEffect
qd,fA,field_187733_dX,,,,,field,public static final SoundEffect
qd,fB,field_187736_dY,,,,,field,public static final SoundEffect
qd,fC,field_189109_ed,,,,,field,public static final SoundEffect
qd,fD,field_187739_dZ,,,,,field,public static final SoundEffect
qd,fE,field_187798_ea,,,,,field,public static final SoundEffect
qd,fF,field_187800_eb,,,,,field,public static final SoundEffect
qd,fG,field_193805_fG,,,,,field,public static final SoundEffect
qd,fH,field_193806_fH,,,,,field,public static final SoundEffect
qd,fI,field_187802_ec,,,,,field,public static final SoundEffect
qd,fJ,field_187804_ed,,,,,field,public static final SoundEffect
qd,fK,field_187806_ee,,,,,field,public static final SoundEffect
qd,fL,field_187808_ef,,,,,field,public static final SoundEffect
qd,fM,field_190026_er,,,,,field,public static final SoundEffect
qd,fN,field_190027_es,,,,,field,public static final SoundEffect
qd,fO,field_190028_et,,,,,field,public static final SoundEffect
qd,fP,field_190029_eu,,,,,field,public static final SoundEffect
qd,fQ,field_190030_ev,,,,,field,public static final SoundEffect
qd,fR,field_190031_ew,,,,,field,public static final SoundEffect
qd,fS,field_187810_eg,,,,,field,public static final SoundEffect
qd,fT,field_187812_eh,,,,,field,public static final SoundEffect
qd,fU,field_187814_ei,,,,,field,public static final SoundEffect
qd,fV,field_187816_ej,,,,,field,public static final SoundEffect
qd,fW,field_187818_ek,,,,,field,public static final SoundEffect
qd,fX,field_187820_el,,,,,field,public static final SoundEffect
qd,fY,field_187822_em,,,,,field,public static final SoundEffect
qd,fZ,field_187824_en,,,,,field,public static final SoundEffect
qd,ga,field_187826_eo,,,,,field,public static final SoundEffect
qd,gb,field_187828_ep,,,,,field,public static final SoundEffect
qd,gc,field_187830_eq,,,,,field,public static final SoundEffect
qd,gd,field_187832_er,,,,,field,public static final SoundEffect
qd,ge,field_187834_es,,,,,field,public static final SoundEffect
qd,gf,field_187836_et,,,,,field,public static final SoundEffect
qd,gg,field_187838_eu,,,,,field,public static final SoundEffect
qd,gh,field_187840_ev,,,,,field,public static final SoundEffect
qd,gi,field_187842_ew,,,,,field,public static final SoundEffect
qd,gj,field_187844_ex,,,,,field,public static final SoundEffect
qd,gk,field_187846_ey,,,,,field,public static final SoundEffect
qd,gl,field_187848_ez,,,,,field,public static final SoundEffect
qd,gm,field_187745_eA,,,,,field,public static final SoundEffect
qd,gn,field_187747_eB,,,,,field,public static final SoundEffect
qd,go,field_187749_eC,,,,,field,public static final SoundEffect
qd,gp,field_187751_eD,,,,,field,public static final SoundEffect
qd,gq,field_187753_eE,,,,,field,public static final SoundEffect
qd,gr,field_187755_eF,,,,,field,public static final SoundEffect
qd,gs,field_187757_eG,,,,,field,public static final SoundEffect
qd,gt,field_187759_eH,,,,,field,public static final SoundEffect
qd,gu,field_187761_eI,,,,,field,public static final SoundEffect
qd,gv,field_187763_eJ,,,,,field,public static final SoundEffect
qd,gw,field_187765_eK,,,,,field,public static final SoundEffect
qd,gx,field_187767_eL,,,,,field,public static final SoundEffect
qd,gy,field_187769_eM,,,,,field,public static final SoundEffect
qd,gz,field_187771_eN,,,,,field,public static final SoundEffect
qd,gA,field_187773_eO,,,,,field,public static final SoundEffect
qd,gB,field_191261_fA,,,,,field,public static final SoundEffect
qd,gC,field_191262_fB,,,,,field,public static final SoundEffect
qd,gD,field_187775_eP,,,,,field,public static final SoundEffect
qd,gE,field_187777_eQ,,,,,field,public static final SoundEffect
qd,gF,field_187779_eR,,,,,field,public static final SoundEffect
qd,gG,field_187781_eS,,,,,field,public static final SoundEffect
qd,gH,field_187783_eT,,,,,field,public static final SoundEffect
qd,gI,field_187785_eU,,,,,field,public static final SoundEffect
qd,gJ,field_187787_eV,,,,,field,public static final SoundEffect
qd,gK,field_187789_eW,,,,,field,public static final SoundEffect
qd,gL,field_187791_eX,,,,,field,public static final SoundEffect
qd,gM,field_187793_eY,,,,,field,public static final SoundEffect
qd,gN,field_187795_eZ,,,,,field,public static final SoundEffect
qd,gO,field_187850_fa,,,,,field,public static final SoundEffect
qd,gP,field_187852_fb,,,,,field,public static final SoundEffect
qd,gQ,field_187854_fc,,,,,field,public static final SoundEffect
qd,gR,field_187856_fd,,,,,field,public static final SoundEffect
qd,gS,field_187858_fe,,,,,field,public static final SoundEffect
qd,gT,field_187860_ff,,,,,field,public static final SoundEffect
qd,gU,field_187862_fg,,,,,field,public static final SoundEffect
qd,gV,field_187864_fh,,,,,field,public static final SoundEffect
qd,gW,field_187866_fi,,,,,field,public static final SoundEffect
qd,gX,field_187868_fj,,,,,field,public static final SoundEffect
qd,gY,field_187870_fk,,,,,field,public static final SoundEffect
qd,gZ,field_187872_fl,,,,,field,public static final SoundEffect
qd,ha,field_187874_fm,,,,,field,public static final SoundEffect
qd,hb,field_187876_fn,,,,,field,public static final SoundEffect
qd,hc,field_187878_fo,,,,,field,public static final SoundEffect
qd,hd,field_187880_fp,,,,,field,public static final SoundEffect
qd,he,field_187882_fq,,,,,field,public static final SoundEffect
qd,hf,field_187884_fr,,,,,field,public static final SoundEffect
qd,hg,field_187886_fs,,,,,field,public static final SoundEffect
qd,hh,field_187888_ft,,,,,field,public static final SoundEffect
qd,hi,field_187890_fu,,,,,field,public static final SoundEffect
qd,hj,field_187892_fv,,,,,field,public static final SoundEffect
qd,hk,field_187894_fw,,,,,field,public static final SoundEffect
qd,hl,field_187896_fx,,,,,field,public static final SoundEffect
qd,hm,field_187898_fy,,,,,field,public static final SoundEffect
qd,hn,field_189110_fE,,,,,field,public static final SoundEffect
qd,ho,field_187900_fz,,,,,field,public static final SoundEffect
qd,hp,field_187797_fA,,,,,field,public static final SoundEffect
qd,hq,field_187799_fB,,,,,field,public static final SoundEffect
qd,hr,field_187801_fC,,,,,field,public static final SoundEffect
qd,hs,field_187803_fD,,,,,field,public static final SoundEffect
qd,ht,field_187805_fE,,,,,field,public static final SoundEffect
qd,hu,field_187807_fF,,,,,field,public static final SoundEffect
qd,hv,field_187809_fG,,,,,field,public static final SoundEffect
qd,hw,field_187811_fH,,,,,field,public static final SoundEffect
qd,hx,field_187813_fI,,,,,field,public static final SoundEffect
qd,hy,field_187815_fJ,,,,,field,public static final SoundEffect
qd,hz,field_187817_fK,,,,,field,public static final SoundEffect
qd,hA,field_187819_fL,,,,,field,public static final SoundEffect
qd,hB,field_187821_fM,,,,,field,public static final SoundEffect
qd,hC,field_187823_fN,,,,,field,public static final SoundEffect
qd,hD,field_187825_fO,,,,,field,public static final SoundEffect
qd,hE,field_187827_fP,,,,,field,public static final SoundEffect
qd,hF,field_187829_fQ,,,,,field,public static final SoundEffect
qd,hG,field_187831_fR,,,,,field,public static final SoundEffect
qd,hH,field_187833_fS,,,,,field,public static final SoundEffect
qd,hI,field_187835_fT,,,,,field,public static final SoundEffect
qd,hJ,field_187837_fU,,,,,field,public static final SoundEffect
qd,hK,field_187839_fV,,,,,field,public static final SoundEffect
qd,hL,field_187841_fW,,,,,field,public static final SoundEffect
qd,hM,field_187843_fX,,,,,field,public static final SoundEffect
qd,hN,field_187845_fY,,,,,field,public static final SoundEffect
qd,hO,field_187847_fZ,,,,,field,public static final SoundEffect
qd,hP,field_187901_ga,,,,,field,public static final SoundEffect
qd,hQ,field_187902_gb,,,,,field,public static final SoundEffect
qd,hR,field_190032_gu,,,,,field,public static final SoundEffect
qd,hS,field_190033_gv,,,,,field,public static final SoundEffect
qd,hT,field_190034_gw,,,,,field,public static final SoundEffect
qd,hU,field_190035_gx,,,,,field,public static final SoundEffect
qd,hV,field_187903_gc,,,,,field,public static final SoundEffect
qd,hW,field_187904_gd,,,,,field,public static final SoundEffect
qd,hX,field_191263_gW,,,,,field,public static final SoundEffect
qd,hY,field_187905_ge,,,,,field,public static final SoundEffect
qd,hZ,field_187906_gf,,,,,field,public static final SoundEffect
qd,ia,field_187907_gg,,,,,field,public static final SoundEffect
qd,ib,field_187908_gh,,,,,field,public static final SoundEffect
qd,ic,field_187909_gi,,,,,field,public static final SoundEffect
qd,id,field_194226_id,,,,,field,public static final SoundEffect
qd,ie,field_194227_ie,,,,,field,public static final SoundEffect
qd,if,field_194228_if,if_,,,,field,public static final SoundEffect
qd,ig,field_191264_hc,,,,,field,public static final SoundEffect
qd,ih,field_191265_hd,,,,,field,public static final SoundEffect
qd,ii,field_191266_he,,,,,field,public static final SoundEffect
qd,ij,field_191267_hf,,,,,field,public static final SoundEffect
qd,ik,field_187910_gj,,,,,field,public static final SoundEffect
qd,il,field_187911_gk,,,,,field,public static final SoundEffect
qd,im,field_187912_gl,,,,,field,public static final SoundEffect
qd,in,field_187913_gm,,,,,field,public static final SoundEffect
qd,io,field_187914_gn,,,,,field,public static final SoundEffect
qd,ip,field_187915_go,,,,,field,public static final SoundEffect
qd,iq,field_191268_hm,,,,,field,public static final SoundEffect
qd,ir,field_191269_hn,,,,,field,public static final SoundEffect
qd,is,field_191270_ho,,,,,field,public static final SoundEffect
qd,it,field_187916_gp,,,,,field,public static final SoundEffect
qd,iu,field_187917_gq,,,,,field,public static final SoundEffect
qd,iv,field_187918_gr,,,,,field,public static final SoundEffect
qd,iw,field_187919_gs,,,,,field,public static final SoundEffect
qd,ix,field_187920_gt,,,,,field,public static final SoundEffect
qd,iy,field_187921_gu,,,,,field,public static final SoundEffect
qd,iz,field_187922_gv,,,,,field,public static final SoundEffect
qd,iA,field_187923_gw,,,,,field,public static final SoundEffect
qd,iB,field_187924_gx,,,,,field,public static final SoundEffect
qd,iC,field_187925_gy,,,,,field,public static final SoundEffect
qd,iD,field_187926_gz,,,,,field,public static final SoundEffect
qd,iE,field_187849_gA,,,,,field,public static final SoundEffect
qd,iF,field_187851_gB,,,,,field,public static final SoundEffect
qd,iG,field_187853_gC,,,,,field,public static final SoundEffect
qd,iH,field_190036_ha,,,,,field,public static final SoundEffect
qd,iI,field_190037_hb,,,,,field,public static final SoundEffect
qd,iJ,field_190038_hc,,,,,field,public static final SoundEffect
qd,iK,field_190039_hd,,,,,field,public static final SoundEffect
qd,iL,field_187855_gD,,,,,field,public static final SoundEffect
qd,iM,field_187857_gE,,,,,field,public static final SoundEffect
qd,iN,field_187859_gF,,,,,field,public static final SoundEffect
qd,iO,field_187861_gG,,,,,field,public static final SoundEffect
qd,iP,field_189111_gN,,,,,field,public static final SoundEffect
qd,iQ,field_187863_gH,,,,,field,public static final SoundEffect
qd,iR,field_187865_gI,,,,,field,public static final SoundEffect
qd,iS,field_187867_gJ,,,,,field,public static final SoundEffect
qd,iT,field_187869_gK,,,,,field,public static final SoundEffect
qd,iU,field_187871_gL,,,,,field,public static final SoundEffect
qd,iV,field_187873_gM,,,,,field,public static final SoundEffect
qd,iW,field_187875_gN,,,,,field,public static final SoundEffect
qd,iX,field_187877_gO,,,,,field,public static final SoundEffect
qd,iY,field_187879_gP,,,,,field,public static final SoundEffect
qd,iZ,field_187881_gQ,,,,,field,public static final SoundEffect
qd,ja,field_187883_gR,,,,,field,public static final SoundEffect
qd,jb,field_187885_gS,,,,,field,public static final SoundEffect
qd,jc,field_187887_gT,,,,,field,public static final SoundEffect
qd,jd,field_187889_gU,,,,,field,public static final SoundEffect
qd,je,field_187891_gV,,,,,field,public static final SoundEffect
qd,jf,field_187893_gW,,,,,field,public static final SoundEffect
qd,jg,field_187895_gX,,,,,field,public static final SoundEffect
qd,jh,field_187897_gY,,,,,field,public static final SoundEffect
qd,ji,field_187899_gZ,,,,,field,public static final SoundEffect
qd,jj,field_187927_ha,,,,,field,public static final SoundEffect
qd,jk,field_187928_hb,,,,,field,public static final SoundEffect
qd,jl,field_187929_hc,,,,,field,public static final SoundEffect
qd,jm,field_187930_hd,,,,,field,public static final SoundEffect
qd,jn,field_187931_he,,,,,field,public static final SoundEffect
qd,jo,field_187932_hf,,,,,field,public static final SoundEffect
qd,jp,field_187933_hg,,,,,field,public static final SoundEffect
qd,jq,field_187934_hh,,,,,field,public static final SoundEffect
qd,jr,field_187945_hs,,,,,field,public static final SoundEffect
qd,js,field_187935_hi,,,,,field,public static final SoundEffect
qd,jt,field_187936_hj,,,,,field,public static final SoundEffect
qd,ju,field_187937_hk,,,,,field,public static final SoundEffect
qd,jv,field_187938_hl,,,,,field,public static final SoundEffect
qd,jw,field_187939_hm,,,,,field,public static final SoundEffect
qd,jx,field_187940_hn,,,,,field,public static final SoundEffect
qd,jy,field_187941_ho,,,,,field,public static final SoundEffect
qd,jz,field_187942_hp,,,,,field,public static final SoundEffect
qd,jA,field_187943_hq,,,,,field,public static final SoundEffect
qd,jB,field_187944_hr,,,,,field,public static final SoundEffect
qd,jC,field_187946_ht,,,,,field,public static final SoundEffect
qe,a,MASTER,MASTER,,,,enum,
qe,b,MUSIC,MUSIC,,,,enum,
qe,c,RECORDS,RECORDS,,,,enum,
qe,d,WEATHER,WEATHER,,,,enum,
qe,e,BLOCKS,BLOCKS,,,,enum,
qe,f,HOSTILE,HOSTILE,,,,enum,
qe,g,NEUTRAL,NEUTRAL,,,,enum,
qe,h,PLAYERS,PLAYERS,,,,enum,
qe,i,AMBIENT,AMBIENT,,,,enum,
qe,j,VOICE,VOICE,,,,enum,
qe,k,field_187961_k,,,,,field,"private static final Map<String, SoundCategory>"
qe,l,field_187962_l,,,,,field,private final String
qi,g,field_150960_a,,,,,field,private final Item
qj,a,field_194077_a,,,,,field,protected final BitSet
qj,b,field_194078_b,,,,,field,protected final BitSet
qj,c,field_192818_b,,,,,field,protected boolean
qj,d,field_192819_c,,,,,field,protected boolean
qk,e,field_192828_d,,,,,field,private static final org.apache.logging.log4j.Logger
ql,b,field_150889_b,,,,,field,private static final org.apache.logging.log4j.Logger
ql,c,field_150890_c,,,,,field,private final MinecraftServer
ql,d,field_150887_d,,,,,field,private final File
ql,e,field_150888_e,,,,,field,private final Set<Statistic>
ql,f,field_150885_f,,,,,field,private int
qm,a,field_75975_e,name,,,,field,public final String
qm,g,field_75978_a,,,,,field,private final IChatBaseComponent
qm,b,field_75972_f,,,,,field,public boolean
qm,h,field_75976_b,,,,,field,private final Counter
qm,i,field_150957_c,,,,,field,private final IScoreboardCriteria
qm,j,field_150956_d,,,,,field,private Class<? extends IJsonStatistic>
qm,k,field_75977_c,,,,,field,private static final NumberFormat
qm,c,field_75980_h,,,,,field,public static Counter
qm,l,field_75974_d,,,,,field,private static final DecimalFormat
qm,d,field_75981_i,,,,,field,public static Counter
qm,e,field_75979_j,,,,,field,public static Counter
qm,f,field_111202_k,,,,,field,public static Counter
qo,a,field_151192_a,,,,,field,private int
qo,b,field_151191_b,,,,,field,private IJsonStatistic
qq,a,field_188093_a,,,,,field,"protected static final Map<String, Statistic>"
qq,b,field_75940_b,stats,,,,field,public static final List<Statistic>
qq,c,field_188094_c,,,,,field,public static final List<Statistic>
qq,d,field_188095_d,,,,,field,public static final List<CraftingStatistic>
qq,e,field_188096_e,,,,,field,public static final List<CraftingStatistic>
qq,f,field_75947_j,,,,,field,public static final Statistic
qq,g,field_188097_g,,,,,field,public static final Statistic
qq,h,field_188098_h,,,,,field,public static final Statistic
qq,i,field_188099_i,,,,,field,public static final Statistic
qq,j,field_188100_j,,,,,field,public static final Statistic
qq,k,field_188101_k,,,,,field,public static final Statistic
qq,l,field_188102_l,,,,,field,public static final Statistic
qq,m,field_75946_m,,,,,field,public static final Statistic
qq,n,field_75943_n,,,,,field,public static final Statistic
qq,o,field_188103_o,,,,,field,public static final Statistic
qq,p,field_188104_p,,,,,field,public static final Statistic
qq,q,field_188105_q,,,,,field,public static final Statistic
qq,r,field_188106_r,,,,,field,public static final Statistic
qq,s,field_188107_s,,,,,field,public static final Statistic
qq,t,field_188108_t,,,,,field,public static final Statistic
qq,u,field_188109_u,,,,,field,public static final Statistic
qq,v,field_188110_v,,,,,field,public static final Statistic
qq,w,field_75953_u,,,,,field,public static final Statistic
qq,x,field_75952_v,,,,,field,public static final Statistic
qq,y,field_188111_y,,,,,field,public static final Statistic
qq,z,field_188112_z,,,,,field,public static final Statistic
qq,A,field_188069_A,,,,,field,public static final Statistic
qq,B,field_188070_B,,,,,field,public static final Statistic
qq,C,field_151186_x,,,,,field,public static final Statistic
qq,D,field_75932_A,,,,,field,public static final Statistic
qq,E,field_188071_E,,,,,field,public static final Statistic
qq,F,field_188074_H,,,,,field,public static final Statistic
qq,G,field_188075_I,,,,,field,public static final Statistic
qq,H,field_188076_J,,,,,field,public static final Statistic
qq,I,field_188077_K,,,,,field,public static final Statistic
qq,J,field_188078_L,,,,,field,public static final Statistic
qq,K,field_188079_M,,,,,field,public static final Statistic
qq,L,field_188080_N,,,,,field,public static final Statistic
qq,M,field_188081_O,,,,,field,public static final Statistic
qq,N,field_188082_P,,,,,field,public static final Statistic
qq,O,field_188083_Q,,,,,field,public static final Statistic
qq,P,field_188084_R,,,,,field,public static final Statistic
qq,Q,field_188085_S,,,,,field,public static final Statistic
qq,R,field_188086_T,,,,,field,public static final Statistic
qq,S,field_188087_U,,,,,field,public static final Statistic
qq,T,field_188088_V,,,,,field,public static final Statistic
qq,U,field_188089_W,,,,,field,public static final Statistic
qq,V,field_188090_X,,,,,field,public static final Statistic
qq,W,field_188091_Y,,,,,field,public static final Statistic
qq,X,field_188092_Z,,,,,field,public static final Statistic
qq,Y,field_188061_aa,,,,,field,public static final Statistic
qq,Z,field_188062_ab,,,,,field,public static final Statistic
qq,aa,field_188063_ac,,,,,field,public static final Statistic
qq,ab,field_188064_ad,,,,,field,public static final Statistic
qq,ac,field_191272_ae,,,,,field,public static final Statistic
qq,ad,field_188065_ae,,,,,field,private static final Statistic[]
qq,ae,field_188066_af,,,,,field,private static final Statistic[]
qq,af,field_75929_E,,,,,field,private static final Statistic[]
qq,ag,field_75930_F,,,,,field,private static final Statistic[]
qq,ah,field_188067_ai,,,,,field,private static final Statistic[]
qq,ai,field_188068_aj,,,,,field,private static final Statistic[]
qr,a,field_150875_a,,,,,field,"protected final Map<Statistic, StatisticWrapper>"
qu,a,field_188145_a,,,,,field,private final long[]
qu,b,field_188146_b,,,,,field,private final int
qu,c,field_188147_c,,,,,field,private final long
qu,d,field_188148_d,,,,,field,private final int
qv,a,field_181158_a,,,,,field,private static final Set<Class<?>>
qv,b,field_180218_a,,,,,field,"private final Map<Class<?>, List<T>>"
qv,c,field_180216_b,,,,,field,private final Set<Class<?>>
qv,d,field_180217_c,,,,,field,private final Class<T>
qv,e,field_181745_e,,,,,field,private final List<T>
qx,a,field_186817_a,,,,,field,private static final Object
qx,b,field_186818_b,,,,,field,private K[]
qx,c,field_186819_c,,,,,field,private int[]
qx,d,field_186820_d,,,,,field,private K[]
qx,e,field_186821_e,,,,,field,private int
qx,f,field_186822_f,,,,,field,private int
qy,a,field_180198_a,,,,,field,private static final org.apache.logging.log4j.Logger
r,a,field_192300_a,,,,,field,private final IChatBaseComponent
r,b,field_193225_b,,,,,field,private final IChatBaseComponent
r,c,field_192301_b,,,,,field,private final ItemStack
r,d,field_192302_c,,,,,field,private final MinecraftKey
r,e,field_192303_d,,,,,field,private final AdvancementFrameType
r,f,field_193226_f,,,,,field,private final boolean
r,g,field_193227_g,,,,,field,private final boolean
r,h,field_193228_h,,,,,field,private final boolean
r,i,field_192304_e,,,,,field,private float
r,j,field_192305_f,,,,,field,private float
rb,a,field_180193_a,,,,,field,public static final com.google.common.util.concurrent.ListeningExecutorService
rb,b,field_151228_a,,,,,field,private static final AtomicInteger
rb,c,field_151227_b,,,,,field,private static final org.apache.logging.log4j.Logger
rc,a,field_76117_a,,,,,field,"private final Map<String, V>"
re$a,a,field_76035_a,,,,,field,final int
re$a,b,field_76033_b,,,,,field,V
re$a,c,field_76034_c,,,,,field,IntHashMap$IntHashMapEntry<V>
re$a,d,field_76032_d,,,,,field,final int
re,a,field_76055_a,,,,,field,private transient IntHashMap$IntHashMapEntry<V>[]
re,b,field_76053_b,,,,,field,private transient int
re,c,field_76054_c,,,,,field,private int
re,d,field_76051_d,,,,,field,private final float
rf,a,field_179283_a,,,,,field,private T
rf,b,field_179282_b,,,,,field,private boolean
ri,a,field_180189_a,,,,,field,public static final float
ri,b,field_76144_a,,,,,field,private static final float[]
ri,c,field_188211_c,,,,,field,private static final Random
ri,d,field_151242_b,,,,,field,private static final int[]
ri,e,field_181163_d,,,,,field,private static final double
ri,f,field_181164_e,,,,,field,private static final double[]
ri,g,field_181165_f,,,,,field,private static final double[]
rj$a,a,field_76332_a,,,,,field,public double
rj$a,b,field_76330_b,,,,,field,public double
rj$a,c,field_76331_c,,,,,field,public String
rj,b,field_151234_b,,,,,field,private static final org.apache.logging.log4j.Logger
rj,c,field_76325_b,,,,,field,private final List<String>
rj,d,field_76326_c,,,,,field,private final List<Long>
rj,a,field_76327_a,,,,,field,public boolean
rj,e,field_76323_d,,,,,field,private String
rj,f,field_76324_e,,,,,field,"private final Map<String, Long>"
rn,a,field_76339_a,,,,,field,private static final Pattern
rp,a,a,,,,,field,private A
rp,b,b,,,,,field,private B
rq$a,a,field_76292_a,,,,,field,protected int
ru,a,LEVEL,LEVEL,,,,enum,
ru,b,PLAYER,PLAYER,,,,enum,
ru,c,CHUNK,CHUNK,,,,enum,
ru,d,BLOCK_ENTITY,BLOCK_ENTITY,,,,enum,
ru,e,ENTITY,ENTITY,,,,enum,
ru,f,ITEM_INSTANCE,ITEM_INSTANCE,,,,enum,
ru,g,OPTIONS,OPTIONS,,,,enum,
ru,h,STRUCTURE,STRUCTURE,,,,enum,
rw,a,field_188259_a,,,,,field,private static final org.apache.logging.log4j.Logger
rw,b,field_188260_b,,,,,field,"private final Map<DataConverterType, List<DataInspector>>"
rw,c,field_188261_c,,,,,field,"private final Map<DataConverterType, List<IDataConverter>>"
rw,d,field_188262_d,,,,,field,private final int
rz,a,field_193842_a,,,,,field,private static final org.apache.logging.log4j.Logger
s,a,TASK,TASK,,,,enum,
s,b,CHALLENGE,CHALLENGE,,,,enum,
s,c,GOAL,GOAL,,,,enum,
s,d,field_192313_d,,,,,field,private final String
s,e,field_192314_e,,,,,field,private final int
s,f,field_193230_f,,,,,field,private final EnumChatFormat
sb,a,field_191275_a,,,,,field,"private static final Map<String, String>"
se,a,field_188225_a,,,,,field,public static final com.google.gson.Gson
si,a,field_188218_a,,,,,field,private static final Set<String>
sl,a,field_191276_a,,,,,field,"private static final Map<String, String>"
sm,a,field_188222_a,,,,,field,private static final List<String>
su,a,field_190049_a,,,,,field,private static final Random
sw,a,field_190050_a,,,,,field,private static final MinecraftKey
sx,a,field_188221_a,,,,,field,private static final String[]
sy,a,field_188223_a,,,,,field,private static final String[]
sz,a,field_191278_a,,,,,field,public static final String[]
t,a,field_192328_a,,,,,field,private final Advancement
t,b,field_192329_b,,,,,field,private final AdvancementTree
t,c,field_192330_c,,,,,field,private final AdvancementTree
t,d,field_192331_d,,,,,field,private final int
t,e,field_192332_e,,,,,field,private final List<AdvancementTree>
t,f,field_192333_f,,,,,field,private AdvancementTree
t,g,field_192334_g,,,,,field,private AdvancementTree
t,h,field_192335_h,,,,,field,private int
t,i,field_192336_i,,,,,field,private float
t,j,field_192337_j,,,,,field,private float
t,k,field_192338_k,,,,,field,private float
t,l,field_192339_l,,,,,field,private float
ta,a,field_188226_a,,,,,field,private static final String[]
ti,a,field_188274_a,,,,,field,private final String[]
tj,a,field_188268_a,,,,,field,private static final org.apache.logging.log4j.Logger
tj,b,field_190892_b,,,,,field,"private static final Map<String, String>"
tj,c,field_188269_b,,,,,field,"private static final Map<String, String>"
tk,a,field_188270_a,,,,,field,private static final org.apache.logging.log4j.Logger
tl,a,field_188275_a,,,,,field,private final String[]
tm,a,field_188272_a,,,,,field,private final MinecraftKey
tr$a,a,PINK,PINK,,,,enum,
tr$a,b,BLUE,BLUE,,,,enum,
tr$a,c,RED,RED,,,,enum,
tr$a,d,GREEN,GREEN,,,,enum,
tr$a,e,YELLOW,YELLOW,,,,enum,
tr$a,f,PURPLE,PURPLE,,,,enum,
tr$a,g,WHITE,WHITE,,,,enum,
tr$b,a,PROGRESS,PROGRESS,,,,enum,
tr$b,b,NOTCHED_6,NOTCHED_6,,,,enum,
tr$b,c,NOTCHED_10,NOTCHED_10,,,,enum,
tr$b,d,NOTCHED_12,NOTCHED_12,,,,enum,
tr$b,e,NOTCHED_20,NOTCHED_20,,,,enum,
tr,h,field_186756_h,,,,,field,private final UUID
tr,a,field_186749_a,title,,,,field,protected IChatBaseComponent
tr,b,field_186750_b,,,,,field,protected float
tr,c,field_186751_c,color,,,,field,protected BossBattle$BarColor
tr,d,field_186752_d,style,,,,field,protected BossBattle$BarStyle
tr,e,field_186753_e,,,,,field,protected boolean
tr,f,field_186754_f,,,,,field,protected boolean
tr,g,field_186755_g,,,,,field,protected boolean
ts,a,field_70479_a,,,,,field,private final String
ts,b,field_70477_b,left,,,,field,private final ITileInventory
ts,c,field_70478_c,right,,,,field,private final ITileInventory
tw,a,field_180177_a,,,,,field,private static final Random
tx,a,PEACEFUL,PEACEFUL,,,,enum,
tx,b,EASY,EASY,,,,enum,
tx,c,NORMAL,NORMAL,,,,enum,
tx,d,HARD,HARD,,,,enum,
tx,e,field_151530_e,,,,,field,private static final EnumDifficulty[]
tx,f,field_151527_f,,,,,field,private final int
tx,g,field_151528_g,,,,,field,private final String
ty,a,field_180172_a,,,,,field,private final EnumDifficulty
ty,b,field_180171_b,,,,,field,private final float
tz,a,MAIN_HAND,MAIN_HAND,,,,enum,
tz,b,OFF_HAND,OFF_HAND,,,,enum,
u,a,field_192245_a,,,,,field,private final MinecraftKey
ub,a,SUCCESS,SUCCESS,,,,enum,
ub,b,PASS,PASS,,,,enum,
ub,c,FAIL,FAIL,,,,enum,
uc,a,field_188399_a,,,,,field,private final EnumInteractionResult
uc,b,field_188400_b,,,,,field,private final T
ue,a,field_180162_a,,,,,field,public static final ChestLock
ue,b,field_180161_b,,,,,field,private final String
ui,a,field_70483_a,,,,,field,private String
ui,b,field_70481_b,,,,,field,private final int
ui,c,field_70482_c,items,,,,field,private final NonNullList<ItemStack>
ui,d,field_70480_d,,,,,field,private List<IInventoryListener>
ui,e,field_94051_e,,,,,field,private boolean
uj,a,field_152773_a,,,,,field,"private final Map<String, Object>"
uj,b,field_152774_b,,,,,field,"private final Map<String, Object>"
uj,c,field_76480_b,,,,,field,private final String
uj,d,field_76481_c,,,,,field,private final URL
uj,e,field_76478_d,,,,,field,private final IMojangStatistics
uj,f,field_76479_e,,,,,field,private final Timer
uj,g,field_76476_f,,,,,field,private final Object
uj,h,field_98224_g,,,,,field,private final long
uj,i,field_76477_g,,,,,field,private boolean
uj,j,field_76483_h,,,,,field,private int
um,a,field_94569_a,,,,,field,private final DamageSource
um,b,field_94567_b,,,,,field,private final int
um,c,field_94568_c,,,,,field,private final float
um,d,field_94565_d,,,,,field,private final float
um,e,field_94566_e,,,,,field,private final String
um,f,field_94564_f,,,,,field,private final float
uo,a,field_94556_a,,,,,field,private final List<CombatEntry>
uo,b,field_94554_b,,,,,field,private final EntityLiving
uo,c,field_94555_c,,,,,field,private int
uo,d,field_152775_d,,,,,field,private int
uo,e,field_152776_e,,,,,field,private int
uo,f,field_94552_d,,,,,field,private boolean
uo,g,field_94553_e,,,,,field,private boolean
uo,h,field_94551_f,,,,,field,private String
up,a,field_76372_a,FIRE,,,,field,public static final DamageSource
up,b,field_180137_b,LIGHTNING,,,,field,public static final DamageSource
up,c,field_76370_b,BURN,,,,field,public static final DamageSource
up,d,field_76371_c,LAVA,,,,field,public static final DamageSource
up,e,field_190095_e,HOT_FLOOR,,,,field,public static final DamageSource
up,f,field_76368_d,STUCK,,,,field,public static final DamageSource
up,g,field_191291_g,CRAMMING,,,,field,public static final DamageSource
up,h,field_76369_e,DROWN,,,,field,public static final DamageSource
up,i,field_76366_f,STARVE,,,,field,public static final DamageSource
up,j,field_76367_g,CACTUS,,,,field,public static final DamageSource
up,k,field_76379_h,FALL,,,,field,public static final DamageSource
up,l,field_188406_j,FLY_INTO_WALL,,,,field,public static final DamageSource
up,m,field_76380_i,OUT_OF_WORLD,,,,field,public static final DamageSource
up,n,field_76377_j,GENERIC,,,,field,public static final DamageSource
up,o,field_76376_m,MAGIC,,,,field,public static final DamageSource
up,p,field_82727_n,WITHER,,,,field,public static final DamageSource
up,q,field_82728_o,ANVIL,,,,field,public static final DamageSource
up,r,field_82729_p,FALLING_BLOCK,,,,field,public static final DamageSource
up,s,field_188407_q,DRAGON_BREATH,,,,field,public static final DamageSource
up,t,field_191552_t,,,,,field,public static final DamageSource
up,v,field_76374_o,,,,,field,private boolean
up,w,field_76385_p,,,,,field,private boolean
up,x,field_151520_r,,,,,field,private boolean
up,y,field_76384_q,,,,,field,private float
up,z,field_76383_r,,,,,field,private boolean
up,A,field_76382_s,,,,,field,private boolean
up,B,field_76381_t,,,,,field,private boolean
up,C,field_82730_x,,,,,field,private boolean
up,D,field_76378_k,,,,,field,private boolean
up,u,field_76373_n,translationIndex,,,,field,public String
uq,v,field_76386_o,,,,,field,protected Entity
uq,w,field_180140_r,,,,,field,private boolean
ur,w,field_76387_p,owner,,,,field,private final Entity
uu,a,field_188416_a,,,,,field,protected final double
ux,b,field_188414_b,REGISTRY,,,,field,"public static final RegistryMaterials<MinecraftKey, MobEffectList>"
ux,a,field_111188_I,,,,,field,"private final Map<IAttribute, AttributeModifier>"
ux,c,field_76418_K,,,,,field,private final boolean
ux,d,field_76414_N,,,,,field,private final int
ux,e,field_76416_I,,,,,field,private String
ux,f,field_76417_J,,,,,field,private int
ux,g,field_76412_L,durationModifier,,,,field,private double
ux,h,field_188415_h,,,,,field,private boolean
uy,a,field_180155_a,,,,,field,private static final org.apache.logging.log4j.Logger
uy,b,field_188420_b,,,,,field,private final MobEffectList
uy,c,field_76460_b,duration,,,,field,private int
uy,d,field_76461_c,amplification,,,,field,private int
uy,e,field_82723_d,splash,,,,field,private boolean
uy,f,field_82724_e,ambient,,,,field,private boolean
uy,h,field_188421_h,,,,,field,private boolean
uy,g,field_100013_f,,,,,field,private boolean
uz,a,field_76424_c,FASTER_MOVEMENT,,,,field,public static final MobEffectList
uz,b,field_76421_d,SLOWER_MOVEMENT,,,,field,public static final MobEffectList
uz,c,field_76422_e,FASTER_DIG,,,,field,public static final MobEffectList
uz,d,field_76419_f,SLOWER_DIG,,,,field,public static final MobEffectList
uz,e,field_76420_g,INCREASE_DAMAGE,,,,field,public static final MobEffectList
uz,f,field_76432_h,HEAL,,,,field,public static final MobEffectList
uz,g,field_76433_i,HARM,,,,field,public static final MobEffectList
uz,h,field_76430_j,JUMP,,,,field,public static final MobEffectList
uz,i,field_76431_k,CONFUSION,,,,field,public static final MobEffectList
uz,j,field_76428_l,REGENERATION,,,,field,public static final MobEffectList
uz,k,field_76429_m,RESISTANCE,,,,field,public static final MobEffectList
uz,l,field_76426_n,FIRE_RESISTANCE,,,,field,public static final MobEffectList
uz,m,field_76427_o,WATER_BREATHING,,,,field,public static final MobEffectList
uz,n,field_76441_p,INVISIBILITY,,,,field,public static final MobEffectList
uz,o,field_76440_q,BLINDNESS,,,,field,public static final MobEffectList
uz,p,field_76439_r,NIGHT_VISION,,,,field,public static final MobEffectList
uz,q,field_76438_s,HUNGER,,,,field,public static final MobEffectList
uz,r,field_76437_t,WEAKNESS,,,,field,public static final MobEffectList
uz,s,field_76436_u,POISON,,,,field,public static final MobEffectList
uz,t,field_82731_v,WITHER,,,,field,public static final MobEffectList
uz,u,field_180152_w,HEALTH_BOOST,,,,field,public static final MobEffectList
uz,v,field_76444_x,ABSORBTION,,,,field,public static final MobEffectList
uz,w,field_76443_y,SATURATION,,,,field,public static final MobEffectList
uz,x,field_188423_x,GLOWING,,,,field,public static final MobEffectList
uz,y,field_188424_y,LEVITATION,,,,field,public static final MobEffectList
uz,z,field_188425_z,,,,,field,public static final MobEffectList
uz,A,field_189112_A,,,,,field,public static final MobEffectList
v$a,a,field_192344_a,,,,,field,private final AdvancementDataPlayer
v$a,b,field_192345_b,,,,,field,private final Set<CriterionTrigger$a<CriterionTriggerBredAnimals$b>>
v$b,a,field_192247_a,,,,,field,private final CriterionConditionEntity
v$b,b,field_192248_b,,,,,field,private final CriterionConditionEntity
v$b,c,field_192249_c,,,,,field,private final CriterionConditionEntity
v,a,field_192171_a,,,,,field,private static final MinecraftKey
v,b,field_192172_b,,,,,field,"private final Map<AdvancementDataPlayer, CriterionTriggerBredAnimals$a>"
vb,bx,field_184751_bv,,,,,field,private static final DataWatcherObject<Boolean>
vb,a,field_175504_a,,,,,field,protected int
vb,b,field_175502_b,,,,,field,protected int
vb,c,field_175503_c,,,,,field,protected int
vb,by,field_98056_d,,,,,field,private float
vb,bz,field_98057_e,,,,,field,private float
vc,a,field_184498_a,,,,,field,private static final DataWatcherObject<Float>
vc,b,field_184499_b,,,,,field,private static final DataWatcherObject<Integer>
vc,c,field_184500_c,,,,,field,private static final DataWatcherObject<Boolean>
vc,d,field_184501_d,,,,,field,private static final DataWatcherObject<Integer>
vc,e,field_189736_e,,,,,field,private static final DataWatcherObject<Integer>
vc,f,field_189737_f,,,,,field,private static final DataWatcherObject<Integer>
vc,g,field_184502_e,potionRegistry,,,,field,private PotionRegistry
vc,h,field_184503_f,effects,,,,field,private final List<MobEffect>
vc,at,field_184504_g,,,,,field,"private final Map<Entity, Integer>"
vc,au,field_184505_h,,,,,field,private int
vc,av,field_184506_as,waitTime,,,,field,private int
vc,aw,field_184507_at,reapplicationDelay,,,,field,private int
vc,ax,field_184508_au,hasColor,,,,field,private boolean
vc,ay,field_184509_av,durationOnUse,,,,field,private int
vc,az,field_184510_aw,radiusOnUse,,,,field,private float
vc,aA,field_184511_ax,radiusPerTick,,,,field,private float
vc,aB,field_184512_ay,,,,,field,private EntityLiving
vc,aC,field_184513_az,,,,,field,private UUID
ve,a,field_184243_a,,,,,field,private static final org.apache.logging.log4j.Logger
ve,b,field_190535_b,,,,,field,private static final List<ItemStack>
ve,c,field_174836_a,,,,,field,private static final AxisAlignedBB
ve,f,field_70155_l,,,,,field,private static double
ve,g,field_70152_a,entityCount,,,,field,private static int
ve,h,field_145783_c,id,,,,field,private int
ve,i,field_70156_m,,,,,field,public boolean
ve,at,field_184244_h,passengers,,,,field,private final List<Entity>
ve,j,field_184245_j,,,,,field,protected int
ve,au,field_184239_as,,,,,field,private Entity
ve,k,field_98038_p,attachedToPlayer,,,,field,public boolean
ve,l,field_70170_p,world,,,,field,public World
ve,m,field_70169_q,lastX,,,,field,public double
ve,n,field_70167_r,lastY,,,,field,public double
ve,o,field_70166_s,lastZ,,,,field,public double
ve,p,field_70165_t,locX,,,,field,public double
ve,q,field_70163_u,locY,,,,field,public double
ve,r,field_70161_v,locZ,,,,field,public double
ve,s,field_70159_w,motX,,,,field,public double
ve,t,field_70181_x,motY,,,,field,public double
ve,u,field_70179_y,motZ,,,,field,public double
ve,v,field_70177_z,yaw,,,,field,public float
ve,w,field_70125_A,pitch,,,,field,public float
ve,x,field_70126_B,lastYaw,,,,field,public float
ve,y,field_70127_C,lastPitch,,,,field,public float
ve,av,field_70121_D,boundingBox,,,,field,private AxisAlignedBB
ve,z,field_70122_E,onGround,,,,field,public boolean
ve,A,field_70123_F,positionChanged,,,,field,public boolean
ve,B,field_70124_G,,,,,field,public boolean
ve,C,field_70132_H,,,,,field,public boolean
ve,D,field_70133_I,velocityChanged,,,,field,public boolean
ve,E,field_70134_J,,,,,field,protected boolean
ve,aw,field_174835_g,,,,,field,private boolean
ve,F,field_70128_L,dead,,,,field,public boolean
ve,G,field_70130_N,width,,,,field,public float
ve,H,field_70131_O,length,,,,field,public float
ve,I,field_70141_P,,,,,field,public float
ve,J,field_70140_Q,,,,,field,public float
ve,K,field_82151_R,,,,,field,public float
ve,L,field_70143_R,fallDistance,,,,field,public float
ve,ax,field_70150_b,,,,,field,private int
ve,ay,field_191959_ay,,,,,field,private float
ve,M,field_70142_S,,,,,field,public double
ve,N,field_70137_T,,,,,field,public double
ve,O,field_70136_U,,,,,field,public double
ve,P,field_70138_W,,,,,field,public float
ve,Q,field_70145_X,noclip,,,,field,public boolean
ve,R,field_70144_Y,,,,,field,public float
ve,S,field_70146_Z,random,,,,field,protected Random
ve,T,field_70173_aa,ticksLived,,,,field,public int
ve,az,field_190534_ay,fireTicks,,,,field,private int
ve,U,field_70171_ac,inWater,,,,field,protected boolean
ve,V,field_70172_ad,noDamageTicks,,,,field,public int
ve,W,field_70148_d,justCreated,,,,field,protected boolean
ve,X,field_70178_ae,fireProof,,,,field,protected boolean
ve,Y,field_70180_af,datawatcher,,,,field,protected DataWatcher
ve,Z,field_184240_ax,,,,,field,protected static final DataWatcherObject<Byte>
ve,aA,field_184241_ay,,,,,field,private static final DataWatcherObject<Integer>
ve,aB,field_184242_az,,,,,field,private static final DataWatcherObject<String>
ve,aC,field_184233_aA,,,,,field,private static final DataWatcherObject<Boolean>
ve,aD,field_184234_aB,,,,,field,private static final DataWatcherObject<Boolean>
ve,aE,field_189655_aD,,,,,field,private static final DataWatcherObject<Boolean>
ve,aa,field_70175_ag,,,,,field,public boolean
ve,ab,field_70176_ah,,,,,field,public int
ve,ac,field_70162_ai,,,,,field,public int
ve,ad,field_70164_aj,,,,,field,public int
ve,ah,field_70158_ak,,,,,field,public boolean
ve,ai,field_70160_al,impulse,,,,field,public boolean
ve,aj,field_71088_bW,portalCooldown,,,,field,public int
ve,ak,field_71087_bX,,,,,field,protected boolean
ve,al,field_82153_h,,,,,field,protected int
ve,am,field_71093_bK,dimension,,,,field,public int
ve,an,field_181016_an,,,,,field,protected BlockPosition
ve,ao,field_181017_ao,,,,,field,protected Vec3D
ve,ap,field_181018_ap,,,,,field,protected EnumDirection
ve,aF,field_83001_bt,invulnerable,,,,field,private boolean
ve,aq,field_96093_i,uniqueID,,,,field,protected UUID
ve,ar,field_189513_ar,,,,,field,protected String
ve,aG,field_174837_as,,,,,field,private final CommandObjectiveExecutor
ve,as,field_184238_ar,glowing,,,,field,protected boolean
ve,aH,field_184236_aF,,,,,field,private final Set<String>
ve,aI,field_184237_aG,,,,,field,private boolean
ve,aJ,field_191505_aI,,,,,field,private final double[]
ve,aK,field_191506_aJ,,,,,field,private long
ve,ae,field_70118_ct,,,,,field,public long
ve,af,field_70117_cu,,,,,field,public long
ve,ag,field_70116_cv,,,,,field,public long
vg$a,a,field_75613_a,,,,,field,public final MinecraftKey
vg$a,b,field_75611_b,,,,,field,public final int
vg$a,c,field_75612_c,,,,,field,public final int
vg$a,d,field_151512_d,killEntityStatistic,,,,field,public final Statistic
vg$a,e,field_151513_e,killedByEntityStatistic,,,,field,public final Statistic
vg,a,field_191307_a,,,,,field,public static final MinecraftKey
vg,e,field_191310_e,,,,,field,private static final MinecraftKey
vg,f,field_151516_b,,,,,field,private static final org.apache.logging.log4j.Logger
vg,b,field_191308_b,,,,,field,"public static final RegistryMaterials<MinecraftKey, Class<? extends Entity>>"
vg,c,field_75627_a,eggInfo,,,,field,"public static final Map<MinecraftKey, EntityTypes$MonsterEggInfo>"
vg,d,field_191309_d,,,,,field,public static final Set<MinecraftKey>
vg,g,field_191311_g,,,,,field,private static final List<String>
vi$a,a,field_96567_c,,,,,field,private final ItemStack
vi,a,field_94557_a,,,,,field,public static final com.google.common.base.Predicate<Entity>
vi,b,field_152785_b,,,,,field,public static final com.google.common.base.Predicate<Entity>
vi,c,field_96566_b,,,,,field,public static final com.google.common.base.Predicate<Entity>
vi,d,field_188444_d,,,,,field,public static final com.google.common.base.Predicate<Entity>
vi,e,field_180132_d,,,,,field,public static final com.google.common.base.Predicate<Entity>
vj$a,a,HAND,HAND,,,,enum,
vj$a,b,ARMOR,ARMOR,,,,enum,
vj,a,MAINHAND,MAINHAND,,,,enum,
vj,b,OFFHAND,OFFHAND,,,,enum,
vj,c,FEET,FEET,,,,enum,
vj,d,LEGS,LEGS,,,,enum,
vj,e,CHEST,CHEST,,,,enum,
vj,f,HEAD,HEAD,,,,enum,
vj,g,field_188462_g,,,,,field,private final EnumItemSlot$Function
vj,h,field_188463_h,,,,,field,private final int
vj,i,field_188464_i,,,,,field,private final int
vj,j,field_188465_j,,,,,field,private final String
vk,a,field_70533_a,,,,,field,public int
vk,b,field_70531_b,,,,,field,public int
vk,c,field_70532_c,,,,,field,public int
vk,d,field_70529_d,,,,,field,private int
vk,e,field_70530_e,value,,,,field,private int
vk,f,field_80001_f,targetPlayer,,,,field,private EntityHuman
vk,g,field_80002_g,targetTime,,,,field,private int
vm,a,LEFT,LEFT,,,,enum,
vm,b,RIGHT,RIGHT,,,,enum,
vm,c,field_188471_c,,,,,field,private final IChatBaseComponent
vn,a,field_190632_a,,,,,field,private static final org.apache.logging.log4j.Logger
vn,b,field_110156_b,,,,,field,private static final UUID
vn,c,field_110157_c,,,,,field,private static final AttributeModifier
vn,at,field_184621_as,,,,,field,protected static final DataWatcherObject<Byte>
vn,f,field_184632_c,HEALTH,,,,field,private static final DataWatcherObject<Float>
vn,g,field_184633_f,,,,,field,private static final DataWatcherObject<Integer>
vn,h,field_184634_g,,,,,field,private static final DataWatcherObject<Boolean>
vn,br,field_184635_h,,,,,field,private static final DataWatcherObject<Integer>
vn,bs,field_110155_d,attributeMap,,,,field,private AttributeMapBase
vn,bt,field_94063_bt,combatTracker,,,,field,private final CombatTracker
vn,bu,field_70713_bf,effects,,,,field,"private final Map<MobEffectList, MobEffect>"
vn,bv,field_184630_bs,,,,,field,private final NonNullList<ItemStack>
vn,bw,field_184631_bt,,,,,field,private final NonNullList<ItemStack>
vn,au,field_82175_bq,,,,,field,public boolean
vn,av,field_184622_au,,,,,field,public EnumHand
vn,aw,field_110158_av,,,,,field,public int
vn,ax,field_70720_be,,,,,field,public int
vn,ay,field_70737_aN,hurtTicks,,,,field,public int
vn,az,field_70738_aO,,,,,field,public int
vn,aA,field_70739_aP,,,,,field,public float
vn,aB,field_70725_aQ,deathTicks,,,,field,public int
vn,aC,field_70732_aI,,,,,field,public float
vn,aD,field_70733_aJ,,,,,field,public float
vn,aE,field_184617_aD,,,,,field,protected int
vn,aF,field_184618_aE,,,,,field,public float
vn,aG,field_70721_aZ,,,,,field,public float
vn,aH,field_184619_aG,,,,,field,public float
vn,aI,field_70771_an,maxNoDamageTicks,,,,field,public int
vn,aJ,field_70727_aS,,,,,field,public float
vn,aK,field_70726_aT,,,,,field,public float
vn,aL,field_70769_ao,,,,,field,public float
vn,aM,field_70770_ap,,,,,field,public float
vn,aN,field_70761_aq,,,,,field,public float
vn,aO,field_70760_ar,,,,,field,public float
vn,aP,field_70759_as,,,,,field,public float
vn,aQ,field_70758_at,,,,,field,public float
vn,aR,field_70747_aH,,,,,field,public float
vn,aS,field_70717_bb,killer,,,,field,protected EntityHuman
vn,aT,field_70718_bc,lastDamageByPlayerTime,,,,field,protected int
vn,aU,field_70729_aU,,,,,field,protected boolean
vn,aV,field_70708_bq,ticksFarFromPlayer,,,,field,protected int
vn,aW,field_70768_au,,,,,field,protected float
vn,aX,field_110154_aX,,,,,field,protected float
vn,aY,field_70764_aw,,,,,field,protected float
vn,aZ,field_70763_ax,,,,,field,protected float
vn,ba,field_70741_aB,,,,,field,protected float
vn,bb,field_70744_aE,,,,,field,protected int
vn,bc,field_110153_bc,lastDamage,,,,field,protected float
vn,bd,field_70703_bu,,,,,field,protected boolean
vn,be,field_70702_br,,,,,field,public float
vn,bf,field_70701_bs,,,,,field,public float
vn,bg,field_191988_bg,,,,,field,public float
vn,bh,field_70704_bt,,,,,field,public float
vn,bi,field_70716_bi,,,,,field,protected int
vn,bj,field_184623_bh,,,,,field,protected double
vn,bk,field_184624_bi,,,,,field,protected double
vn,bl,field_184625_bj,,,,,field,protected double
vn,bm,field_184626_bk,,,,,field,protected double
vn,bn,field_70709_bj,,,,,field,protected double
vn,bx,field_70752_e,updateEffects,,,,field,private boolean
vn,by,field_70755_b,lastDamager,,,,field,private EntityLiving
vn,bz,field_70756_c,hurtTimestamp,,,,field,private int
vn,bA,field_110150_bn,,,,,field,private EntityLiving
vn,bB,field_142016_bo,,,,,field,private int
vn,bC,field_70746_aG,,,,,field,private float
vn,bD,field_70773_bE,,,,,field,private int
vn,bE,field_110151_bq,,,,,field,private float
vn,bo,field_184627_bm,activeItem,,,,field,protected ItemStack
vn,bp,field_184628_bn,,,,,field,protected int
vn,bq,field_184629_bo,,,,,field,protected int
vn,bF,field_184620_bC,,,,,field,private BlockPosition
vn,bG,field_189750_bF,,,,,field,private DamageSource
vn,bH,field_189751_bG,,,,,field,private long
vo$a,a,ON_GROUND,ON_GROUND,,,,enum,
vo$a,b,IN_AIR,IN_AIR,,,,enum,
vo$a,c,IN_WATER,IN_WATER,,,,enum,
vo,a,field_184654_a,,,,,field,private static final DataWatcherObject<Byte>
vo,a_,field_70757_a,,,,,field,public int
vo,b_,field_70728_aV,,,,,field,protected int
vo,b,field_70749_g,lookController,,,,field,private final ControllerLook
vo,f,field_70765_h,moveController,,,,field,protected ControllerMove
vo,g,field_70767_i,,,,,field,protected ControllerJump
vo,c,field_70762_j,,,,,field,private final EntityAIBodyControl
vo,h,field_70699_by,navigation,,,,field,protected NavigationAbstract
vo,br,field_70714_bg,goalSelector,,,,field,protected final PathfinderGoalSelector
vo,bs,field_70715_bh,targetSelector,,,,field,protected final PathfinderGoalSelector
vo,bv,field_70696_bz,goalTarget,,,,field,private EntityLiving
vo,bw,field_70723_bA,,,,,field,private final EntitySenses
vo,bx,field_184656_bv,,,,,field,private final NonNullList<ItemStack>
vo,bt,field_82174_bp,dropChanceHand,,,,field,protected float[]
vo,by,field_184657_bw,,,,,field,private final NonNullList<ItemStack>
vo,bu,field_184655_bs,dropChanceArmor,,,,field,protected float[]
vo,bz,field_82172_bs,canPickUpLoot,,,,field,private boolean
vo,bA,field_82179_bU,persistent,,,,field,private boolean
vo,bB,field_184658_bz,,,,,field,"private final Map<PathType, Float>"
vo,bC,field_184659_bA,,,,,field,private MinecraftKey
vo,bD,field_184653_bB,,,,,field,private long
vo,bE,field_110169_bv,,,,,field,private boolean
vo,bF,field_110168_bw,leashHolder,,,,field,private Entity
vo,bG,field_110170_bx,,,,,field,private NBTTagCompound
vp,a,MONSTER,MONSTER,,,,enum,
vp,b,CREATURE,CREATURE,,,,enum,
vp,c,AMBIENT,AMBIENT,,,,enum,
vp,d,WATER_CREATURE,WATER_CREATURE,,,,enum,
vp,e,field_75605_d,,,,,field,private final Class<? extends IAnimal>
vp,f,field_75606_e,,,,,field,private final int
vp,g,field_75603_f,,,,,field,private final Material
vp,h,field_75604_g,,,,,field,private final boolean
vp,i,field_82707_i,,,,,field,private final boolean
vr,a,field_180110_a,,,,,field,"private static final Map<Class<?>, EntityInsentient$EnumEntityPositionType>"
vs,a,UNDEFINED,UNDEFINED,,,,enum,
vs,b,UNDEAD,UNDEAD,,,,enum,
vs,c,ARTHROPOD,ARTHROPOD,,,,enum,
vs,d,ILLAGER,ILLAGER,,,,enum,
vt,a,SELF,SELF,,,,enum,
vt,b,PLAYER,PLAYER,,,,enum,
vt,c,PISTON,PISTON,,,,enum,
vt,d,SHULKER_BOX,SHULKER_BOX,,,,enum,
vt,e,SHULKER,SHULKER,,,,enum,
vv,bv,field_110179_h,,,,,field,public static final UUID
vv,bw,field_110181_i,,,,,field,public static final AttributeModifier
vv,a,field_70775_bC,,,,,field,private BlockPosition
vv,b,field_70772_bD,,,,,field,private float
vv,c,field_184661_bw,,,,,field,private final float
vz,bx,field_184755_bv,,,,,field,protected static final DataWatcherObject<Byte>
vz,by,field_184756_bw,,,,,field,protected static final DataWatcherObject<com.google.common.base.Optional<UUID>>
vz,bz,field_70911_d,goalSit,,,,field,protected PathfinderGoalSit
w$a,a,field_192350_a,,,,,field,private final AdvancementDataPlayer
w$a,b,field_192351_b,,,,,field,private final Set<CriterionTrigger$a<CriterionTriggerBrewedPotion$b>>
w$b,a,field_192251_a,,,,,field,private final PotionRegistry
w,a,field_192176_a,,,,,field,private static final MinecraftKey
w,b,field_192177_b,,,,,field,"private final Map<AdvancementDataPlayer, CriterionTriggerBrewedPotion$a>"
wc,a,field_111174_a,,,,,field,private final double
wc,b,field_111172_b,,,,,field,private final int
wc,c,field_111173_c,,,,,field,private final String
wc,d,field_111170_d,,,,,field,private final UUID
wc,e,field_111171_e,,,,,field,private boolean
wd,a,field_180373_a,,,,,field,private final IAttribute
wd,b,field_111115_a,,,,,field,private final String
wd,c,field_111113_b,,,,,field,private final double
wd,d,field_111114_c,,,,,field,private boolean
we,a,field_111154_a,,,,,field,"protected final Map<IAttribute, AttributeInstance>"
we,b,field_111153_b,,,,,field,"protected final Map<String, AttributeInstance>"
we,c,field_180377_c,,,,,field,"protected final com.google.common.collect.Multimap<IAttribute, IAttribute>"
wf,a,field_111138_a,,,,,field,private final AttributeMapBase
wf,b,field_111136_b,,,,,field,private final IAttribute
wf,c,field_111137_c,,,,,field,"private final Map<Integer, Set<AttributeModifier>>"
wf,d,field_111134_d,,,,,field,"private final Map<String, Set<AttributeModifier>>"
wf,e,field_111135_e,,,,,field,"private final Map<UUID, AttributeModifier>"
wf,f,field_111132_f,,,,,field,private double
wf,g,field_111133_g,,,,,field,private boolean
wf,h,field_111139_h,,,,,field,private double
wg,e,field_111162_d,,,,,field,private final Set<AttributeInstance>
wg,d,field_111163_c,,,,,field,"protected final Map<String, AttributeInstance>"
wh,a,field_111120_a,,,,,field,private final double
wh,b,field_111118_b,,,,,field,private final double
wh,c,field_111119_c,,,,,field,private String
wj,a,field_75668_a,,,,,field,private final EntityLiving
wj,b,field_75666_b,,,,,field,private int
wj,c,field_75667_c,,,,,field,private float
wm,b,field_75663_a,,,,,field,private final EntityInsentient
wm,a,field_75662_b,,,,,field,protected boolean
wn,a,field_75659_a,,,,,field,private final EntityInsentient
wn,b,field_75657_b,,,,,field,private float
wn,c,field_75658_c,,,,,field,private float
wn,d,field_75655_d,,,,,field,private boolean
wn,e,field_75656_e,,,,,field,private double
wn,f,field_75653_f,,,,,field,private double
wn,g,field_75654_g,,,,,field,private double
wo$a,a,WAIT,WAIT,,,,enum,
wo$a,b,MOVE_TO,MOVE_TO,,,,enum,
wo$a,c,STRAFE,STRAFE,,,,enum,
wo$a,d,JUMPING,JUMPING,,,,enum,
wo,a,field_75648_a,,,,,field,protected final EntityInsentient
wo,b,field_75646_b,,,,,field,protected double
wo,c,field_75647_c,,,,,field,protected double
wo,d,field_75644_d,,,,,field,protected double
wo,e,field_75645_e,,,,,field,protected double
wo,f,field_188489_f,,,,,field,protected float
wo,g,field_188490_g,,,,,field,protected float
wo,h,field_188491_h,,,,,field,public ControllerMove$Operation
wq,c,field_179509_a,,,,,field,private final com.google.common.base.Predicate<Entity>
wq,a,field_75380_a,,,,,field,protected EntityCreature
wq,d,field_75378_b,,,,,field,private final double
wq,e,field_75379_c,,,,,field,private final double
wq,b,field_75376_d,,,,,field,protected T
wq,f,field_179508_f,,,,,field,private final float
wq,g,field_75374_f,,,,,field,private PathEntity
wq,h,field_75375_g,,,,,field,private final NavigationAbstract
wq,i,field_181064_i,,,,,field,private final Class<T>
wq,j,field_179510_i,,,,,field,private final com.google.common.base.Predicate<? super T>
wr,a,field_75387_a,,,,,field,private final EntityWolf
wr,b,field_75385_b,,,,,field,private EntityHuman
wr,c,field_75386_c,,,,,field,private final World
wr,d,field_75383_d,,,,,field,private final float
wr,e,field_75384_e,,,,,field,private int
ws,g,field_75359_i,,,,,field,private int
ws,h,field_75358_j,,,,,field,private int
wt,d,field_75390_d,animal,,,,field,private final EntityAnimal
wt,e,field_190857_e,,,,,field,private final Class<? extends EntityAnimal>
wt,a,field_75394_a,,,,,field,World
wt,f,field_75391_e,partner,,,,field,private EntityAnimal
wt,b,field_75392_b,,,,,field,int
wt,c,field_75393_c,,,,,field,double
wu,a,field_75356_a,,,,,field,protected EntityInsentient
wu,b,field_179507_b,,,,,field,protected BlockPosition
wu,c,field_151504_e,,,,,field,protected BlockDoor
wu,d,field_75350_f,,,,,field,boolean
wu,e,field_75351_g,,,,,field,float
wu,f,field_75357_h,,,,,field,float
wv,b,field_179505_b,,,,,field,private static final com.google.common.base.Predicate<IBlockData>
wv,c,field_151500_b,,,,,field,private final EntityInsentient
wv,d,field_151501_c,,,,,field,private final World
wv,a,field_151502_a,,,,,field,int
ww,a,field_75372_a,,,,,field,private final EntityCreature
ww,b,field_75370_b,,,,,field,private double
ww,c,field_75371_c,,,,,field,private double
ww,d,field_75368_d,,,,,field,private double
ww,e,field_75369_e,,,,,field,private final double
ww,f,field_75367_f,,,,,field,private final World
wx,a,field_75373_a,,,,,field,private final EntityInsentient
wy,a,field_192372_a,,,,,field,private final EntityInsentient
wy,b,field_192373_b,,,,,field,private final com.google.common.base.Predicate<EntityInsentient>
wy,c,field_192374_c,,,,,field,private EntityInsentient
wy,d,field_192375_d,,,,,field,private final double
wy,e,field_192376_e,,,,,field,private final NavigationAbstract
wy,f,field_192377_f,,,,,field,private int
wy,g,field_192378_g,,,,,field,private final float
wy,h,field_192379_h,,,,,field,private float
wy,i,field_192380_i,,,,,field,private final float
x$a,a,field_193235_a,,,,,field,private final AdvancementDataPlayer
x$a,b,field_193236_b,,,,,field,private final Set<CriterionTrigger$a<CriterionTriggerChangedDimension$b>>
x$b,a,field_193191_a,,,,,field,private final DimensionManager
x$b,b,field_193192_b,,,,,field,private final DimensionManager
x,a,field_193144_a,,,,,field,private static final MinecraftKey
x,b,field_193145_b,,,,,field,"private final Map<AdvancementDataPlayer, CriterionTriggerChangedDimension$a>"
xa,d,field_75338_d,,,,,field,private final EntityTameableAnimal
xa,e,field_75339_e,,,,,field,private EntityLiving
xa,a,field_75342_a,,,,,field,World
xa,f,field_75336_f,,,,,field,private final double
xa,g,field_75337_g,,,,,field,private final NavigationAbstract
xa,h,field_75343_h,,,,,field,private int
xa,b,field_75340_b,,,,,field,float
xa,c,field_75341_c,,,,,field,float
xa,i,field_75344_i,,,,,field,private float
xb,a,field_75348_a,,,,,field,EntityAnimal
xb,b,field_75346_b,,,,,field,EntityAnimal
xb,c,field_75347_c,,,,,field,double
xb,d,field_75345_d,,,,,field,private int
xc,a,field_75254_a,,,,,field,private int
xd$a,a,field_75733_a,,,,,field,public final PathfinderGoal
xd$a,b,field_75731_b,,,,,field,public final int
xd$a,c,field_188524_c,,,,,field,public boolean
xd,a,field_151506_a,,,,,field,private static final org.apache.logging.log4j.Logger
xd,b,field_75782_a,,,,,field,private final Set<PathfinderGoalSelector$PathfinderGoalSelectorItem>
xd,c,field_75780_b,,,,,field,private final Set<PathfinderGoalSelector$PathfinderGoalSelectorItem>
xd,d,field_75781_c,,,,,field,private final MethodProfiler
xd,e,field_75778_d,,,,,field,private int
xd,f,field_75779_e,,,,,field,private int
xd,g,field_188529_g,,,,,field,private int
xe,c,field_179504_c,,,,,field,private final EntityVillager
xe,d,field_179502_d,,,,,field,private boolean
xe,e,field_179503_e,,,,,field,private boolean
xe,f,field_179501_f,,,,,field,private int
xg,a,field_192382_a,,,,,field,private final EntityPerchable
xg,b,field_192383_b,,,,,field,private EntityHuman
xg,c,field_192384_c,,,,,field,private boolean
xh,a,field_75328_a,,,,,field,EntityInsentient
xh,b,field_75326_b,,,,,field,EntityLiving
xh,c,field_75327_c,,,,,field,float
xi,a,field_190859_a,,,,,field,public EntityLlama
xi,b,field_190860_b,,,,,field,private double
xi,c,field_190861_c,,,,,field,private int
xj,a,field_75332_b,,,,,field,protected EntityInsentient
xj,b,field_75334_a,,,,,field,protected Entity
xj,c,field_75333_c,,,,,field,protected float
xj,e,field_75330_d,,,,,field,private int
xj,f,field_75331_e,,,,,field,private final float
xj,d,field_75329_f,,,,,field,protected Class<? extends Entity>
xk,e,field_75335_b,,,,,field,private final EntityVillager
xl,b,field_75450_b,,,,,field,private final EntityVillager
xl,c,field_75451_c,,,,,field,private EntityVillager
xl,d,field_75448_d,,,,,field,private final World
xl,e,field_75449_e,,,,,field,private int
xl,a,field_75452_a,,,,,field,Village
xm,a,field_75443_a,,,,,field,World
xm,b,field_75441_b,,,,,field,protected EntityCreature
xm,c,field_75439_d,,,,,field,protected int
xm,d,field_75440_e,,,,,field,double
xm,e,field_75437_f,,,,,field,boolean
xm,f,field_75438_g,,,,,field,PathEntity
xm,h,field_75445_i,,,,,field,private int
xm,i,field_151497_i,,,,,field,private double
xm,j,field_151495_j,,,,,field,private double
xm,k,field_151496_k,,,,,field,private double
xm,g,field_188493_g,,,,,field,protected final int
xn,a,field_75424_a,,,,,field,private final EntityCreature
xn,b,field_75422_b,,,,,field,private VillageDoor
xn,c,field_75423_c,,,,,field,private int
xn,d,field_75421_d,,,,,field,private int
xo,a,field_75420_a,,,,,field,private final EntityCreature
xo,b,field_75418_b,,,,,field,private final double
xo,c,field_75419_c,,,,,field,private PathEntity
xo,d,field_75416_d,,,,,field,private VillageDoor
xo,e,field_75417_e,,,,,field,private final boolean
xo,f,field_75415_f,,,,,field,private final List<VillageDoor>
xp,c,field_179495_c,,,,,field,private final EntityCreature
xp,d,field_179492_d,,,,,field,private final double
xp,a,field_179496_a,,,,,field,protected int
xp,e,field_179493_e,,,,,field,private int
xp,f,field_179490_f,,,,,field,private int
xp,b,field_179494_b,,,,,field,protected BlockPosition
xp,g,field_179491_g,,,,,field,private boolean
xp,h,field_179497_h,,,,,field,private final int
xq,a,field_75436_a,,,,,field,private final EntityCreature
xq,b,field_75434_b,,,,,field,private double
xq,c,field_75435_c,,,,,field,private double
xq,d,field_75432_d,,,,,field,private double
xq,e,field_75433_e,,,,,field,private final double
xr,a,field_75431_a,,,,,field,private final EntityCreature
xr,b,field_75429_b,,,,,field,private EntityLiving
xr,c,field_75430_c,,,,,field,private double
xr,d,field_75427_d,,,,,field,private double
xr,e,field_75428_e,,,,,field,private double
xr,f,field_75425_f,,,,,field,private final double
xr,g,field_75426_g,,,,,field,private final float
xs,a,field_75411_a,,,,,field,World
xs,b,field_75409_b,,,,,field,EntityInsentient
xs,c,field_75410_c,,,,,field,EntityLiving
xs,d,field_75408_d,,,,,field,int
xt,c,field_151493_a,,,,,field,private final EntityOcelot
xu,a,field_75397_a,,,,,field,private final EntityIronGolem
xu,b,field_75395_b,,,,,field,private EntityVillager
xu,c,field_75396_c,,,,,field,private int
xv,g,field_75361_i,,,,,field,boolean
xv,h,field_75360_j,,,,,field,int
xw,a,field_75267_a,,,,,field,protected final EntityCreature
xw,b,field_75265_b,,,,,field,protected double
xw,c,field_75266_c,,,,,field,protected double
xw,d,field_75263_d,,,,,field,protected double
xw,e,field_75264_e,,,,,field,protected double
xx,a,field_75262_a,,,,,field,private final EntityVillager
xx,b,field_75260_b,,,,,field,private EntityLiving
xx,c,field_75261_c,,,,,field,private final double
xx,d,field_75259_d,,,,,field,private int
xz,a,field_75258_a,,,,,field,private final EntityInsentient
xz,b,field_75256_b,,,,,field,private double
xz,c,field_75257_c,,,,,field,private double
xz,d,field_75255_d,,,,,field,private int
y$a,a,field_192356_a,,,,,field,private final AdvancementDataPlayer
y$a,b,field_192357_b,,,,,field,private final Set<CriterionTrigger$a<CriterionTriggerConstructBeacon$b>>
y$b,a,field_192253_a,,,,,field,private final CriterionConditionValue
y,a,field_192181_a,,,,,field,private static final MinecraftKey
y,b,field_192182_b,,,,,field,"private final Map<AdvancementDataPlayer, CriterionTriggerConstructBeacon$a>"
ya,a,field_75457_a,,,,,field,protected final EntityCreature
ya,b,field_75455_b,,,,,field,protected double
ya,c,field_75456_c,,,,,field,protected double
ya,d,field_75453_d,,,,,field,protected double
ya,e,field_75454_e,,,,,field,protected final double
ya,f,field_179481_f,,,,,field,protected int
ya,g,field_179482_g,,,,,field,protected boolean
yb,a,field_75322_b,,,,,field,private final EntityInsentient
yb,b,field_82641_b,,,,,field,private final IRangedEntity
yb,c,field_75323_c,,,,,field,private EntityLiving
yb,d,field_75320_d,,,,,field,private int
yb,e,field_75321_e,,,,,field,private final double
yb,f,field_75318_f,,,,,field,private int
yb,g,field_96561_g,,,,,field,private final int
yb,h,field_75325_h,,,,,field,private final int
yb,i,field_96562_i,,,,,field,private final float
yb,j,field_82642_h,,,,,field,private final float
yc,a,field_188499_a,,,,,field,private final T
yc,b,field_188500_b,,,,,field,private final double
yc,c,field_188501_c,,,,,field,private int
yc,d,field_188502_d,,,,,field,private final float
yc,e,field_188503_e,,,,,field,private int
yc,f,field_188504_f,,,,,field,private int
yc,g,field_188505_g,,,,,field,private boolean
yc,h,field_188506_h,,,,,field,private boolean
yc,i,field_188507_i,,,,,field,private int
yd,a,field_75275_a,,,,,field,private final EntityCreature
yd,b,field_75274_b,,,,,field,private VillageDoor
ye,a,field_75273_a,,,,,field,private final EntityCreature
yf,a,field_111180_a,entity,,,,field,private final EntityHorseAbstract
yf,b,field_111178_b,,,,,field,private final double
yf,c,field_111179_c,,,,,field,private double
yf,d,field_111176_d,,,,,field,private double
yf,e,field_111177_e,,,,,field,private double
yg,a,field_75272_a,entity,,,,field,private final EntityTameableAnimal
yg,b,field_75271_b,willSit,,,,field,private boolean
yh,a,field_75269_a,,,,,field,EntityCreeper
yh,b,field_75268_b,,,,,field,EntityLiving
yi,a,field_75294_a,,,,,field,private final EntityVillager
yi,b,field_75292_b,,,,,field,private EntityIronGolem
yi,c,field_75293_c,,,,,field,private int
yi,d,field_75291_d,,,,,field,private boolean
yj,a,field_75284_a,,,,,field,private final EntityCreature
yj,b,field_75282_b,,,,,field,private final double
yj,c,field_75283_c,,,,,field,private double
yj,d,field_75280_d,,,,,field,private double
yj,e,field_75281_e,,,,,field,private double
yj,f,field_75278_f,,,,,field,private double
yj,g,field_75279_g,,,,,field,private double
yj,h,field_75289_h,target,,,,field,private EntityHuman
yj,i,field_75290_i,,,,,field,private int
yj,j,field_75287_j,,,,,field,private boolean
yj,k,field_151484_k,,,,,field,private final Set<Item>
yj,l,field_75285_l,,,,,field,private final boolean
yk,a,field_75276_a,,,,,field,private final EntityVillager
yl,e,field_179478_e,,,,,field,private int
yl,f,field_179477_f,,,,,field,private final EntityVillager
yn,h,field_190865_h,,,,,field,protected final float
yo,h,field_188494_h,,,,,field,private final EntityZombie
yo,i,field_188495_i,,,,,field,private int
yq,a,field_75305_a,,,,,field,EntityIronGolem
yq,b,field_75304_b,,,,,field,EntityLiving
yr,a,field_75312_a,,,,,field,private final boolean
yr,b,field_142052_b,,,,,field,private int
yr,c,field_179447_c,,,,,field,private final Class<?>[]
ys,a,field_179444_a,,,,,field,private static final org.apache.logging.log4j.Logger
ys,b,field_179442_b,,,,,field,private final EntityInsentient
ys,c,field_179443_c,,,,,field,private final com.google.common.base.Predicate<EntityLiving>
ys,d,field_179440_d,,,,,field,private final PathfinderGoalNearestAttackableTarget$DistanceComparator
ys,e,field_179441_e,,,,,field,private EntityLiving
ys,f,field_179439_f,,,,,field,private final Class<? extends EntityLiving>
yt,a,field_179436_a,,,,,field,private static final org.apache.logging.log4j.Logger
yt,b,field_179434_b,,,,,field,private final EntityInsentient
yt,c,field_179435_c,,,,,field,private final com.google.common.base.Predicate<Entity>
yt,d,field_179432_d,,,,,field,private final PathfinderGoalNearestAttackableTarget$DistanceComparator
yt,e,field_179433_e,,,,,field,private EntityLiving
yu$a,a,field_75459_b,,,,,field,private final Entity
yu,a,field_75307_b,,,,,field,protected final Class<T>
yu,i,field_75308_c,,,,,field,private final int
yu,b,field_75306_g,,,,,field,protected final PathfinderGoalNearestAttackableTarget$DistanceComparator
yu,c,field_82643_g,,,,,field,protected final com.google.common.base.Predicate<? super T>
yu,d,field_75309_a,,,,,field,protected T
yv,i,field_75310_g,,,,,field,private final EntityTameableAnimal
yw,a,field_75316_a,,,,,field,EntityTameableAnimal
yw,b,field_75315_b,,,,,field,EntityLiving
yw,c,field_142051_e,,,,,field,private int
yx,a,field_75314_a,,,,,field,EntityTameableAnimal
yx,b,field_75313_b,,,,,field,EntityLiving
yx,c,field_142050_e,,,,,field,private int
yy,e,field_75299_d,,,,,field,protected final EntityCreature
yy,f,field_75297_f,,,,,field,protected boolean
yy,a,field_75303_a,,,,,field,private final boolean
yy,b,field_75301_b,,,,,field,private int
yy,c,field_75302_c,,,,,field,private int
yy,d,field_75298_g,,,,,field,private int
yy,g,field_188509_g,,,,,field,protected EntityLiving
yy,h,field_188510_h,,,,,field,protected int
z$a,a,field_193241_a,,,,,field,private final AdvancementDataPlayer
z$a,b,field_193242_b,,,,,field,private final Set<CriterionTrigger$a<CriterionTriggerConsumeItem$b>>
z$b,a,field_193194_a,,,,,field,private final CriterionConditionItem
z,a,field_193149_a,,,,,field,private static final MinecraftKey
z,b,field_193150_b,,,,,field,"private final Map<AdvancementDataPlayer, CriterionTriggerConsumeItem$a>"
zb,i,field_179694_f,,,,,field,private boolean
zc,a,field_75515_a,,,,,field,protected EntityInsentient
zc,b,field_75513_b,,,,,field,protected World
zc,c,field_75514_c,,,,,field,protected PathEntity
zc,d,field_75511_d,,,,,field,protected double
zc,i,field_75512_e,,,,,field,private final AttributeInstance
zc,e,field_75510_g,,,,,field,protected int
zc,j,field_75520_h,,,,,field,private int
zc,k,field_75521_i,,,,,field,private Vec3D
zc,l,field_188557_k,,,,,field,private Vec3D
zc,m,field_188558_l,,,,,field,private long
zc,n,field_188559_m,,,,,field,private long
zc,o,field_188560_n,,,,,field,private double
zc,f,field_188561_o,,,,,field,protected float
zc,g,field_188562_p,,,,,field,protected boolean
zc,p,field_188563_q,,,,,field,private long
zc,h,field_179695_a,,,,,field,protected PathfinderAbstract
zc,q,field_188564_r,,,,,field,private BlockPosition
zc,r,field_179681_j,,,,,field,private final Pathfinder
zd,a,field_189519_a,,,,,field,private final List<NavigationAbstract>
ze,i,field_179696_f,,,,,field,private BlockPosition
zh,a,field_75526_a,,,,,field,EntityInsentient
zh,b,field_75524_b,,,,,field,List<Entity>
zh,c,field_75525_c,,,,,field,List<Entity>
zj,a,field_75465_a,,,,,field,private static Vec3D
zl,a,field_179859_a,,,,,field,private final BlockPosition
zl,b,field_179857_b,,,,,field,private final BlockPosition
zl,c,field_179858_c,,,,,field,private final EnumDirection
zl,d,field_75475_f,,,,,field,private int
zl,e,field_75476_g,,,,,field,private boolean
zl,f,field_75482_h,,,,,field,private int
zm$a,a,field_75592_a,,,,,field,public EntityLiving
zm$a,b,field_75590_b,,,,,field,public int
zm,a,field_75586_a,,,,,field,private World
zm,b,field_75584_b,,,,,field,private final List<VillageDoor>
zm,c,field_75585_c,,,,,field,private BlockPosition
zm,d,field_75582_d,,,,,field,private BlockPosition
zm,e,field_75583_e,,,,,field,private int
zm,f,field_75580_f,,,,,field,private int
zm,g,field_75581_g,,,,,field,private int
zm,h,field_75588_h,,,,,field,private int
zm,i,field_82694_i,,,,,field,private int
zm,j,field_82693_j,,,,,field,"private final Map<String, Integer>"
zm,k,field_75589_i,,,,,field,private final List<Village$Aggressor>
zm,l,field_75587_j,,,,,field,private int
zn,a,field_75537_a,,,,,field,private final World
zn,b,field_75535_b,,,,,field,private boolean
zn,c,field_75536_c,,,,,field,private int
zn,d,field_75533_d,,,,,field,private int
zn,e,field_75534_e,,,,,field,private int
zn,f,field_75531_f,,,,,field,private Village
zn,g,field_75532_g,,,,,field,private int
zn,h,field_75538_h,,,,,field,private int
zn,i,field_75539_i,,,,,field,private int
zo,b,field_75556_a,world,,,,field,private World
zo,c,field_75554_b,,,,,field,private final List<BlockPosition>
zo,d,field_75555_c,,,,,field,private final List<VillageDoor>
zo,e,field_75552_d,villages,,,,field,private final List<Village>
zo,f,field_75553_e,time,,,,field,private int
zr,a,field_184660_a,,,,,field,private static final DataWatcherObject<Byte>
zr,b,field_82237_a,,,,,field,private BlockPosition
zt,bA,field_175506_bl,,,,,field,protected Block
zt,bx,field_70881_d,,,,,field,private int
zt,by,field_146084_br,,,,,field,private UUID
zu,bF,field_184761_bD,,,,,field,private static final Set<Item>
zu,bx,field_70886_e,,,,,field,public float
zu,by,field_70883_f,,,,,field,public float
zu,bz,field_70884_g,,,,,field,public float
zu,bB,field_70888_h,,,,,field,public float
zu,bC,field_70889_i,,,,,field,public float
zu,bD,field_70887_j,,,,,field,public int
zu,bE,field_152118_bv,,,,,field,public boolean
zz,bB,field_184757_bz,,,,,field,private static final DataWatcherObject<Integer>
zz,bC,field_175545_bm,,,,,field,private PathfinderGoalAvoidTarget<EntityHuman>
zz,bD,field_70914_e,,,,,field,private PathfinderGoalTempt
cif,e,field_194086_e,,,,,field,"public static final Map<CreativeModeTab, List<RecipeList>>"
cif,f,field_194087_f,,,,,field,public static final List<RecipeList>
cha,f,field_72416_e,,,,,field,private NBTTagCompound
chb,k,field_147148_h,,,,,field,private static final org.apache.logging.log4j.Logger
chb,l,field_71349_l,,,,,field,private final Minecraft
chb,m,field_71350_m,,,,,field,private final WorldSettings
chb,n,field_71348_o,,,,,field,private boolean
chb,o,field_71346_p,,,,,field,private boolean
chb,p,field_71345_q,,,,,field,private ThreadLanServerPing
chd,a,field_77492_a,,,,,field,private final String
chd,b,field_77490_b,,,,,field,private final String
chd,c,field_77491_c,,,,,field,private long
che$b,b,field_77555_b,,,,,field,private final List<LanServerInfo>
che$b,a,field_77556_a,,,,,field,boolean
che,a,field_148551_a,,,,,field,private static final AtomicInteger
che,b,field_148550_b,,,,,field,private static final org.apache.logging.log4j.Logger
che$a,a,field_77500_a,,,,,field,private final LanServerDetector$LanServerList
che$a,b,field_77498_b,,,,,field,private final InetAddress
che$a,c,field_77499_c,,,,,field,private final MulticastSocket
chf,a,field_148658_a,,,,,field,private static final AtomicInteger
chf,b,field_148657_b,,,,,field,private static final org.apache.logging.log4j.Logger
chf,c,field_77528_b,,,,,field,private final String
chf,d,field_77529_c,,,,,field,private final DatagramSocket
chf,e,field_77526_d,,,,,field,private boolean
chf,f,field_77527_e,,,,,field,private final String
chx,a,field_193304_a,,,,,field,private final Minecraft
chx,b,field_193305_b,,,,,field,private ITutorialStep
cht,a,field_193268_a,,,,,field,private static final Set<Block>
cht,b,field_193269_b,,,,,field,private static final IChatBaseComponent
cht,c,field_193270_c,,,,,field,private static final IChatBaseComponent
cht,d,field_193271_d,,,,,field,private final Tutorial
cht,e,field_193272_e,,,,,field,private TutorialToast
cht,f,field_193273_f,,,,,field,private int
chu,a,field_193254_a,,,,,field,private static final IChatBaseComponent
chu,b,field_193255_b,,,,,field,private static final IChatBaseComponent
chu,c,field_193256_c,,,,,field,private static final IChatBaseComponent
chu,d,field_193257_d,,,,,field,private static final IChatBaseComponent
chu,e,field_193258_e,,,,,field,private final Tutorial
chu,f,field_193259_f,,,,,field,private TutorialToast
chu,g,field_193260_g,,,,,field,private TutorialToast
chu,h,field_193261_h,,,,,field,private int
chu,i,field_193262_i,,,,,field,private int
chu,j,field_193263_j,,,,,field,private int
chu,k,field_193264_k,,,,,field,private boolean
chu,l,field_193265_l,,,,,field,private boolean
chu,m,field_193266_m,,,,,field,private int
chu,n,field_193267_n,,,,,field,private int
chr,a,field_193253_a,,,,,field,private final Tutorial
chv,a,field_193281_a,,,,,field,private static final IChatBaseComponent
chv,b,field_193282_b,,,,,field,private static final IChatBaseComponent
chv,c,field_193283_c,,,,,field,private final Tutorial
chv,d,field_193284_d,,,,,field,private TutorialToast
chv,e,field_193285_e,,,,,field,private int
chw,a,field_193274_a,,,,,field,private static final Set<Block>
chw,b,field_193275_b,,,,,field,private static final IChatBaseComponent
chw,c,field_193276_c,,,,,field,private static final IChatBaseComponent
chw,d,field_193277_d,,,,,field,private final Tutorial
chw,e,field_193278_e,,,,,field,private TutorialToast
chw,f,field_193279_f,,,,,field,private int
chw,g,field_193280_g,,,,,field,private int
chz,a,MOVEMENT,,,,,enum,
chz,b,FIND_TREE,,,,,enum,
chz,c,PUNCH_TREE,,,,,enum,
chz,d,OPEN_INVENTORY,,,,,enum,
chz,e,CRAFT_PLANKS,,,,,enum,
chz,f,NONE,,,,,enum,
chz,g,field_193316_g,,,,,field,private final String
chz,h,field_193317_h,,,,,field,"private final Function<Tutorial, ? extends ITutorialStep>"
chs,a,field_193286_a,,,,,field,private static final IChatBaseComponent
chs,b,field_193287_b,,,,,field,private static final IChatBaseComponent
chs,c,field_193288_c,,,,,field,private final Tutorial
chs,d,field_193289_d,,,,,field,private TutorialToast
chs,e,field_193290_e,,,,,field,private int
chj,a,field_147679_a,,,,,field,private final Random
chj,b,field_147677_b,,,,,field,private final Minecraft
chj,c,field_147678_c,,,,,field,private ISound
chj,d,field_147676_d,,,,,field,private int
chm,a,field_147700_a,,,,,field,public static final Sound
chm,b,field_147698_b,,,,,field,private static final org.apache.logging.log4j.Logger
chm,c,field_147699_c,,,,,field,private static final com.google.gson.Gson
chm,d,field_147696_d,,,,,field,private static final ParameterizedType
chm,e,field_147697_e,,,,,field,private final SoundRegistry
chm,f,field_147694_f,,,,,field,private final SoundManager
chm,g,field_147695_g,,,,,field,private final IResourceManager
chn,a,field_148764_a,,,,,field,"private Map<MinecraftKey, SoundEventAccessor>"
chk,a,field_148623_a,,,,,field,private static final org.apache.logging.log4j.Marker
chk,b,field_148621_b,,,,,field,private static final org.apache.logging.log4j.Logger
chk,c,field_188775_c,,,,,field,private static final Set<MinecraftKey>
chk,d,field_148622_c,,,,,field,private final SoundHandler
chk,e,field_148619_d,,,,,field,private final GameSettings
chk,f,field_148620_e,,,,,field,private SoundManager$SoundSystemStarterThread
chk,g,field_148617_f,,,,,field,private boolean
chk,h,field_148618_g,,,,,field,private int
chk,i,field_148629_h,,,,,field,"private final Map<String, ISound>"
chk,j,field_148630_i,,,,,field,"private final Map<ISound, String>"
chk,k,field_188776_k,,,,,field,"private final com.google.common.collect.Multimap<SoundCategory, String>"
chk,l,field_148625_l,,,,,field,private final List<ITickableSound>
chk,m,field_148626_m,,,,,field,"private final Map<ISound, Integer>"
chk,n,field_148624_n,,,,,field,"private final Map<String, Integer>"
chk,o,field_188777_o,,,,,field,private final List<ISoundEventListener>
chk,p,field_189000_p,,,,,field,private final List<String>
cho,a,field_188716_a,,,,,field,private final List<ISoundEventAccessor<Sound>>
cho,b,field_148734_b,,,,,field,private final Random
cho,c,field_188717_c,,,,,field,private final MinecraftKey
cho,d,field_188718_d,,,,,field,private final IChatBaseComponent
chj$a,a,MENU,,,,,enum,
chj$a,b,GAME,,,,,enum,
chj$a,c,CREATIVE,,,,,enum,
chj$a,d,CREDITS,,,,,enum,
chj$a,e,NETHER,,,,,enum,
chj$a,f,END_BOSS,,,,,enum,
chj$a,g,END,,,,,enum,
chj$a,h,field_148645_h,,,,,field,private final SoundEffect
chj$a,i,field_148646_i,,,,,field,private final int
chj$a,j,field_148643_j,,,,,field,private final int
big,a,field_74286_b,,,,,field,private final String
big,b,field_148257_b,,,,,field,private final String
big,c,field_148258_c,,,,,field,private final String
big,d,field_152429_d,,,,,field,private final Session$Type
bib$a,a,INVERT_MOUSE,,,,,enum,
bib$a,b,SENSITIVITY,,,,,enum,
bib$a,c,FOV,,,,,enum,
bib$a,d,GAMMA,,,,,enum,
bib$a,e,SATURATION,,,,,enum,
bib$a,f,RENDER_DISTANCE,,,,,enum,
bib$a,g,VIEW_BOBBING,,,,,enum,
bib$a,h,ANAGLYPH,,,,,enum,
bib$a,i,FRAMERATE_LIMIT,,,,,enum,
bib$a,j,FBO_ENABLE,,,,,enum,
bib$a,k,RENDER_CLOUDS,,,,,enum,
bib$a,l,GRAPHICS,,,,,enum,
bib$a,m,AMBIENT_OCCLUSION,,,,,enum,
bib$a,n,GUI_SCALE,,,,,enum,
bib$a,o,PARTICLES,,,,,enum,
bib$a,p,CHAT_VISIBILITY,,,,,enum,
bib$a,q,CHAT_COLOR,,,,,enum,
bib$a,r,CHAT_LINKS,,,,,enum,
bib$a,s,CHAT_OPACITY,,,,,enum,
bib$a,t,CHAT_LINKS_PROMPT,,,,,enum,
bib$a,u,SNOOPER_ENABLED,,,,,enum,
bib$a,v,USE_FULLSCREEN,,,,,enum,
bib$a,w,ENABLE_VSYNC,,,,,enum,
bib$a,x,USE_VBO,,,,,enum,
bib$a,y,TOUCHSCREEN,,,,,enum,
bib$a,z,CHAT_SCALE,,,,,enum,
bib$a,A,CHAT_WIDTH,,,,,enum,
bib$a,B,CHAT_HEIGHT_FOCUSED,,,,,enum,
bib$a,C,CHAT_HEIGHT_UNFOCUSED,,,,,enum,
bib$a,D,MIPMAP_LEVELS,,,,,enum,
bib$a,E,FORCE_UNICODE_FONT,,,,,enum,
bib$a,F,REDUCED_DEBUG_INFO,,,,,enum,
bib$a,G,ENTITY_SHADOWS,,,,,enum,
bib$a,H,MAIN_HAND,,,,,enum,
bib$a,I,ATTACK_INDICATOR,,,,,enum,
bib$a,J,ENABLE_WEAK_ATTACKS,,,,,enum,
bib$a,K,SHOW_SUBTITLES,,,,,enum,
bib$a,L,REALMS_NOTIFICATIONS,,,,,enum,
bib$a,M,AUTO_JUMP,,,,,enum,
bib$a,N,NARRATOR,,,,,enum,
bib$a,O,field_74385_A,,,,,field,private final boolean
bib$a,P,field_74386_B,,,,,field,private final boolean
bib$a,Q,field_74387_C,,,,,field,private final String
bib$a,R,field_148270_M,,,,,field,private final float
bib$a,S,field_148271_N,,,,,field,private float
bib$a,T,field_148272_O,,,,,field,private float
bhz,J,field_147123_G,,,,,field,private static final org.apache.logging.log4j.Logger
bhz,K,field_110444_H,,,,,field,private static final MinecraftKey
bhz,a,field_142025_a,,,,,field,public static final boolean
bhz,b,field_71444_a,,,,,field,public static byte[]
bhz,L,field_110445_I,,,,,field,private static final List<org.lwjgl.opengl.DisplayMode>
bhz,M,field_130070_K,,,,,field,private final File
bhz,N,field_152356_J,,,,,field,private final com.mojang.authlib.properties.PropertyMap
bhz,O,field_181038_N,,,,,field,private final com.mojang.authlib.properties.PropertyMap
bhz,P,field_71422_O,,,,,field,private ServerData
bhz,Q,field_71446_o,,,,,field,private TextureManager
bhz,R,field_71432_P,,,,,field,private static Minecraft
bhz,S,field_184131_U,,,,,field,private final DataConverterManager
bhz,c,field_71442_b,,,,,field,public PlayerControllerMP
bhz,T,field_71431_Q,,,,,field,private boolean
bhz,U,field_175619_R,,,,,field,private final boolean
bhz,V,field_71434_R,,,,,field,private boolean
bhz,W,field_71433_S,,,,,field,private CrashReport
bhz,d,field_71443_c,,,,,field,public int
bhz,e,field_71440_d,,,,,field,public int
bhz,X,field_181541_X,,,,,field,private boolean
bhz,Y,field_71428_T,,,,,field,private final Timer
bhz,Z,field_71427_U,,,,,field,private final MojangStatisticsGenerator
bhz,f,field_71441_e,,,,,field,public WorldClient
bhz,g,field_71438_f,,,,,field,public RenderGlobal
bhz,aa,field_175616_W,,,,,field,private RenderManager
bhz,ab,field_175621_X,,,,,field,private RenderItem
bhz,ac,field_175620_Y,,,,,field,private ItemRenderer
bhz,h,field_71439_g,,,,,field,public EntityPlayerSP
bhz,ad,field_175622_Z,,,,,field,private Entity
bhz,i,field_147125_j,,,,,field,public Entity
bhz,j,field_71452_i,,,,,field,public ParticleManager
bhz,ae,field_193995_ae,,,,,field,private SearchTreeManager
bhz,af,field_71449_j,,,,,field,private final Session
bhz,ag,field_71445_n,,,,,field,private boolean
bhz,ah,field_193996_ah,,,,,field,private float
bhz,k,field_71466_p,,,,,field,public FontRenderer
bhz,l,field_71464_q,,,,,field,public FontRenderer
bhz,m,field_71462_r,,,,,field,public GuiScreen
bhz,n,field_71461_s,,,,,field,public LoadingScreenRenderer
bhz,o,field_71460_t,,,,,field,public EntityRenderer
bhz,p,field_184132_p,,,,,field,public DebugRenderer
bhz,ai,field_71429_W,,,,,field,private int
bhz,aj,field_71436_X,,,,,field,private final int
bhz,ak,field_71435_Y,,,,,field,private final int
bhz,al,field_71437_Z,,,,,field,private IntegratedServer
bhz,q,field_71456_v,,,,,field,public GuiIngame
bhz,r,field_71454_w,,,,,field,public boolean
bhz,s,field_71476_x,,,,,field,public MovingObjectPosition
bhz,t,field_71474_y,,,,,field,public GameSettings
bhz,u,field_191950_u,,,,,field,public CreativeSettings
bhz,v,field_71417_B,,,,,field,public MouseHelper
bhz,w,field_71412_D,,,,,field,public final File
bhz,am,field_110446_Y,,,,,field,private final File
bhz,an,field_110447_Z,,,,,field,private final String
bhz,ao,field_184130_ao,,,,,field,private final String
bhz,ap,field_110453_aa,,,,,field,private final Proxy
bhz,aq,field_71469_aa,,,,,field,private Convertable
bhz,ar,field_71470_ab,,,,,field,private static int
bhz,as,field_71467_ac,,,,,field,private int
bhz,at,field_71475_ae,,,,,field,private String
bhz,au,field_71477_af,,,,,field,private int
bhz,x,field_71415_G,,,,,field,public boolean
bhz,y,field_71423_H,,,,,field,long
bhz,av,field_71457_ai,,,,,field,private int
bhz,z,field_181542_y,,,,,field,public final FrameTimer
bhz,A,field_181543_z,,,,,field,long
bhz,aw,field_147129_ai,,,,,field,private final boolean
bhz,ax,field_71459_aj,,,,,field,private final boolean
bhz,ay,field_71453_ak,,,,,field,private NetworkManager
bhz,az,field_71455_al,,,,,field,private boolean
bhz,B,field_71424_I,,,,,field,public final MethodProfiler
bhz,aA,field_83002_am,,,,,field,private long
bhz,aB,field_110451_am,,,,,field,private IReloadableResourceManager
bhz,aC,field_110452_an,,,,,field,private final MetadataSerializer
bhz,aD,field_110449_ao,,,,,field,private final List<IResourcePack>
bhz,aE,field_110450_ap,,,,,field,private final DefaultResourcePack
bhz,aF,field_110448_aq,,,,,field,private ResourcePackRepository
bhz,aG,field_135017_as,,,,,field,private LanguageManager
bhz,aH,field_184127_aH,,,,,field,private BlockColors
bhz,aI,field_184128_aI,,,,,field,private ItemColors
bhz,aJ,field_147124_at,,,,,field,private Framebuffer
bhz,aK,field_147128_au,,,,,field,private TextureMap
bhz,aL,field_147127_av,,,,,field,private SoundHandler
bhz,aM,field_147126_aw,,,,,field,private MusicTicker
bhz,aN,field_152354_ay,,,,,field,private MinecraftKey
bhz,aO,field_152355_az,,,,,field,private final com.mojang.authlib.minecraft.MinecraftSessionService
bhz,aP,field_152350_aA,,,,,field,private SkinManager
bhz,aQ,field_152351_aB,,,,,field,private final Queue<FutureTask<?>>
bhz,aR,field_152352_aC,,,,,field,private final Thread
bhz,aS,field_175617_aL,,,,,field,private ModelManager
bhz,aT,field_175618_aM,,,,,field,private BlockRendererDispatcher
bhz,aU,field_193034_aS,,,,,field,private final GuiToast
bhz,C,field_71425_J,,,,,field,volatile boolean
bhz,D,field_71426_K,,,,,field,public String
bhz,H,field_175612_E,,,,,field,public boolean
bhz,aV,field_71419_L,,,,,field,private long
bhz,aW,field_71420_M,,,,,field,private int
bhz,aX,field_184129_aV,,,,,field,private boolean
bhz,aY,field_193035_aW,,,,,field,private final Tutorial
bhz,I,field_71421_N,,,,,field,long
bhz,aZ,field_71465_an,,,,,field,private String
bif,a,field_74280_b,,,,,field,public int
bif,b,field_194147_b,,,,,field,public float
bif,c,field_194148_c,,,,,field,public float
bif,d,field_74277_g,,,,,field,private long
bif,e,field_194149_e,,,,,field,private float
bid,a,field_148261_a,,,,,field,private static final org.apache.logging.log4j.Logger
bid,b,field_74295_a,,,,,field,private static final DateFormat
bid,c,field_74293_b,,,,,field,private static IntBuffer
bid,d,field_74294_c,,,,,field,private static int[]
bhw,a,field_74516_a,,,,,field,"private static final Map<String, KeyBinding>"
bhw,b,field_74514_b,,,,,field,private static final IntHashMap<KeyBinding>
bhw,c,field_151473_c,,,,,field,private static final Set<String>
bhw,d,field_193627_d,,,,,field,"private static final Map<String, Integer>"
bhw,e,field_74515_c,,,,,field,private final String
bhw,f,field_151472_e,,,,,field,private final int
bhw,g,field_151471_f,,,,,field,private final String
bhw,h,field_74512_d,,,,,field,private int
bhw,i,field_74513_e,,,,,field,private boolean
bhw,j,field_151474_i,,,,,field,private int
ceq,a,field_191383_a,,,,,field,private final IResourcePack
ces,c,field_177320_c,,,,,field,private static final org.apache.logging.log4j.Logger
ces,d,field_110622_a,,,,,field,private static final FileFilter
ces,e,field_190117_e,,,,,field,private static final Pattern
ces,f,field_191400_f,,,,,field,private static final MinecraftKey
ces,g,field_110618_d,,,,,field,private final File
ces,a,field_110620_b,,,,,field,public final IResourcePack
ces,h,field_148534_e,,,,,field,private final File
ces,b,field_110621_c,,,,,field,public final MetadataSerializer
ces,i,field_148532_f,,,,,field,private IResourcePack
ces,j,field_177321_h,,,,,field,private final ReentrantLock
ces,k,field_177322_i,,,,,field,private com.google.common.util.concurrent.ListenableFuture<Object>
ces,l,field_110619_e,,,,,field,private List<ResourcePackRepository$Entry>
ces,m,field_110617_f,,,,,field,private final List<ResourcePackRepository$Entry>
ceh,b,field_110601_c,,,,,field,public static final com.google.common.base.Splitter
ceh,c,field_110600_d,,,,,field,private ZipFile
cgl,m,field_147670_k,,,,,field,private final EntityMinecartAbstract
cgl,n,field_147669_l,,,,,field,private float
cgj,m,field_189405_m,,,,,field,private final EntityPlayerSP
cgj,n,field_189406_n,,,,,field,private int
cgi,l,field_147668_j,,,,,field,protected boolean
cgr$a,a,NONE,,,,,enum,
cgr$a,b,LINEAR,,,,,enum,
cgr$a,c,field_148589_c,,,,,field,private final int
cgk,m,field_174934_k,,,,,field,private final EntityGuardian
cgh,a,field_184367_a,,,,,field,protected Sound
cgh,l,field_184369_l,,,,,field,private SoundEventAccessor
cgh,b,field_184368_b,,,,,field,protected SoundCategory
cgh,c,field_147664_a,,,,,field,protected MinecraftKey
cgh,d,field_147662_b,,,,,field,protected float
cgh,e,field_147663_c,,,,,field,protected float
cgh,f,field_147660_d,,,,,field,protected float
cgh,g,field_147661_e,,,,,field,protected float
cgh,h,field_147658_f,,,,,field,protected float
cgh,i,field_147659_g,,,,,field,protected boolean
cgh,j,field_147665_h,,,,,field,protected int
cgh,k,field_147666_i,,,,,field,protected ISound$AttenuationType
cgo$a,a,FILE,,,,,enum,
cgo$a,b,SOUND_EVENT,,,,,enum,
cgo$a,c,field_188708_c,,,,,field,private final String
cgp,a,field_188702_a,,,,,field,private final List<Sound>
cgp,b,field_148575_b,,,,,field,private final boolean
cgp,c,field_188703_c,,,,,field,private final String
cgm,m,field_147672_k,,,,,field,private final EntityHuman
cgm,n,field_147671_l,,,,,field,private final EntityMinecartAbstract
cgo,a,field_188726_a,,,,,field,private final MinecraftKey
cgo,b,field_188727_b,,,,,field,private final float
cgo,c,field_188728_c,,,,,field,private final float
cgo,d,field_188729_d,,,,,field,private final int
cgo,e,field_188730_e,,,,,field,private final Sound$Type
cgo,f,field_188731_f,,,,,field,private final boolean
cei,b,field_191386_b,,,,,field,private static final boolean
cei,c,field_191387_c,,,,,field,private static final com.google.common.base.CharMatcher
cfe,a,field_110508_a,,,,,field,"private final IRegistry<String, MetadataSerializer$Registration<? extends IMetadataSection>>"
cfe,b,field_110506_b,,,,,field,private final com.google.gson.GsonBuilder
cfe,c,field_110507_c,,,,,field,private com.google.gson.Gson
cfg,a,field_110478_a,,,,,field,private final List<AnimationFrame>
cfg,b,field_110476_b,,,,,field,private final int
cfg,c,field_110477_c,,,,,field,private final int
cfg,d,field_110475_d,,,,,field,private final int
cfg,e,field_177220_e,,,,,field,private final boolean
cff,a,field_110499_a,,,,,field,private final int
cff,b,field_110498_b,,,,,field,private final int
cfm,a,field_135019_a,,,,,field,private final Collection<Language>
cfp,a,field_110464_a,,,,,field,private final IChatBaseComponent
cfp,b,field_110463_b,,,,,field,private final int
cfj,a,field_110467_a,,,,,field,private final float[]
cfj,b,field_110465_b,,,,,field,private final float[]
cfj,c,field_110466_c,,,,,field,private final float[]
cfe$a,a,field_110502_a,,,,,field,final IMetadataSectionSerializer<T>
cfe$a,b,field_110500_b,,,,,field,final Class<T>
cft,a,field_110482_a,,,,,field,private final boolean
cft,b,field_110481_b,,,,,field,private final boolean
cee,a,field_110608_a,,,,,field,public static final Set<String>
cee,b,field_188549_b,,,,,field,private final ResourceIndex
ceg$a,a,field_177330_a,,,,,field,private final InputStream
ceg$a,b,field_177328_b,,,,,field,private final String
ceg$a,c,field_177329_c,,,,,field,private boolean
ceu,a,field_110535_a,,,,,field,"private final Map<String, IMetadataSection>"
ceu,b,field_177242_b,,,,,field,private final String
ceu,c,field_110533_b,,,,,field,private final MinecraftKey
ceu,d,field_110534_c,,,,,field,private final InputStream
ceu,e,field_110531_d,,,,,field,private final InputStream
ceu,f,field_110532_e,,,,,field,private final MetadataSerializer
ceu,g,field_110529_f,,,,,field,private boolean
ceu,h,field_110530_g,,,,,field,private com.google.gson.JsonObject
ces$a,b,field_110524_c,,,,,field,private final IResourcePack
ces$a,c,field_110521_d,,,,,field,private PackMetadataSection
ces$a,d,field_110520_f,,,,,field,private MinecraftKey
cey,b,field_147648_b,,,,,field,private static final org.apache.logging.log4j.Logger
cey,c,field_135047_b,,,,,field,private final MetadataSerializer
cey,d,field_135048_c,,,,,field,private String
cey,a,field_135049_a,,,,,field,protected static final Locale
cey,e,field_135046_d,,,,,field,"private final Map<String, Language>"
cez,b,field_135030_b,,,,,field,private static final com.google.common.base.Splitter
cez,c,field_135031_c,,,,,field,private static final Pattern
cez,a,field_135032_a,,,,,field,"Map<String, String>"
cez,d,field_135029_d,,,,,field,private boolean
cew,a,field_135054_a,,,,,field,private static Locale
cex,a,field_135039_a,,,,,field,private final String
cex,b,field_135037_b,,,,,field,private final String
cex,c,field_135038_c,,,,,field,private final String
cex,d,field_135036_d,,,,,field,private final boolean
cev,a,field_152794_b,,,,,field,private static final ExecutorService
cev,b,field_152795_c,,,,,field,private final TextureManager
cev,c,field_152796_d,,,,,field,private final File
cev,d,field_152797_e,,,,,field,private final com.mojang.authlib.minecraft.MinecraftSessionService
cev,e,field_152798_f,,,,,field,"private final com.google.common.cache.LoadingCache<com.mojang.authlib.GameProfile, Map<com.mojang.authlib.minecraft.MinecraftProfileTexture$Type, com.mojang.authlib.minecraft.MinecraftProfileTexture>>"
ceg,b,field_177246_b,,,,,field,private static final org.apache.logging.log4j.Logger
ceg,a,field_110540_a,,,,,field,protected final List<IResourcePack>
ceg,c,field_110539_b,,,,,field,private final MetadataSerializer
cek,a,field_130078_a,,,,,field,private static final MinecraftKey
cej,a,field_130079_a,,,,,field,private static final MinecraftKey
ced,a,field_177337_a,,,,,field,private static final MinecraftKey
ced,b,field_177336_b,,,,,field,private static final MinecraftKey
cet,a,field_147967_a,,,,,field,private static final org.apache.logging.log4j.Logger
cet,b,field_130074_a,,,,,field,private static final com.google.common.base.Joiner
cet,c,field_110548_a,,,,,field,"private final Map<String, FallbackResourceManager>"
cet,d,field_110546_b,,,,,field,private final List<IResourceManagerReloadListener>
cet,e,field_135057_d,,,,,field,private final Set<String>
cet,f,field_110547_c,,,,,field,private final MetadataSerializer
ceb,b,field_110598_a,,,,,field,private static final org.apache.logging.log4j.Logger
ceb,a,field_110597_b,,,,,field,protected final File
cec,a,field_152783_a,,,,,field,private static final org.apache.logging.log4j.Logger
cec,b,field_152784_b,,,,,field,"private final Map<String, File>"
cgd,a,field_177563_a,,,,,field,protected final List<BakedQuad>
cgd,b,field_177561_b,,,,,field,"protected final Map<EnumDirection, List<BakedQuad>>"
cgd,c,field_177562_c,,,,,field,protected final boolean
cgd,d,field_177559_d,,,,,field,protected final boolean
cgd,e,field_177560_e,,,,,field,protected final TextureAtlasSprite
cgd,f,field_177558_f,,,,,field,protected final ItemCameraTransforms
cgd,g,field_188620_g,,,,,field,protected final ItemOverrideList
cga,a,field_174958_a,,,,,field,"private IRegistry<ModelResourceLocation, IBakedModel>"
cga,b,field_174956_b,,,,,field,private final TextureMap
cga,c,field_174957_c,,,,,field,private final BlockModelShapes
cga,d,field_174955_d,,,,,field,private IBakedModel
cge$b,b,field_185281_b,,,,,field,protected final IBakedModel
cfx,a,X0_Y0,,,,,enum,
cfx,b,X0_Y90,,,,,enum,
cfx,c,X0_Y180,,,,,enum,
cfx,d,X0_Y270,,,,,enum,
cfx,e,X90_Y0,,,,,enum,
cfx,f,X90_Y90,,,,,enum,
cfx,g,X90_Y180,,,,,enum,
cfx,h,X90_Y270,,,,,enum,
cfx,i,X180_Y0,,,,,enum,
cfx,j,X180_Y90,,,,,enum,
cfx,k,X180_Y180,,,,,enum,
cfx,l,X180_Y270,,,,,enum,
cfx,m,X270_Y0,,,,,enum,
cfx,n,X270_Y90,,,,,enum,
cfx,o,X270_Y180,,,,,enum,
cfx,p,X270_Y270,,,,,enum,
cfx,q,field_177546_q,,,,,field,"private static final Map<Integer, ModelRotation>"
cfx,r,field_177545_r,,,,,field,private final int
cfx,s,field_177544_s,,,,,field,private final org.lwjgl.util.vector.Matrix4f
cfx,t,field_177543_t,,,,,field,private final int
cfx,u,field_177542_u,,,,,field,private final int
cfz,b,field_177602_b,,,,,field,private static final Set<MinecraftKey>
cfz,c,field_177603_c,,,,,field,private static final org.apache.logging.log4j.Logger
cfz,a,field_177604_a,,,,,field,protected static final ModelResourceLocation
cfz,d,field_188641_d,,,,,field,private static final String
cfz,e,field_177600_d,,,,,field,"private static final Map<String, String>"
cfz,f,field_177601_e,,,,,field,private static final com.google.common.base.Joiner
cfz,g,field_177598_f,,,,,field,private final IResourceManager
cfz,h,field_177599_g,,,,,field,"private final Map<MinecraftKey, TextureAtlasSprite>"
cfz,i,field_177611_h,,,,,field,"private final Map<MinecraftKey, ModelBlock>"
cfz,j,field_177612_i,,,,,field,"private final Map<ModelResourceLocation, VariantList>"
cfz,k,field_188642_k,,,,,field,"private final Map<ModelBlockDefinition, Collection<ModelResourceLocation>>"
cfz,l,field_177609_j,,,,,field,private final TextureMap
cfz,m,field_177610_k,,,,,field,private final BlockModelShapes
cfz,n,field_177607_l,,,,,field,private final FaceBakery
cfz,o,field_177608_m,,,,,field,private final ItemModelGenerator
cfz,p,field_177605_n,,,,,field,"private final RegistrySimple<ModelResourceLocation, IBakedModel>"
cfz,q,field_188643_q,,,,,field,private static final String
cfz,r,field_177606_o,,,,,field,private static final ModelBlock
cfz,s,field_177616_r,,,,,field,private static final ModelBlock
cfz,t,field_177615_s,,,,,field,"private final Map<String, MinecraftKey>"
cfz,u,field_177614_t,,,,,field,"private final Map<MinecraftKey, ModelBlockDefinition>"
cfz,v,field_177613_u,,,,,field,"private final Map<Item, List<String>>"
cgc$a,a,field_188649_a,,,,,field,"private final Map<com.google.common.base.Predicate<IBlockData>, IBakedModel>"
cgd$a,a,field_177656_a,,,,,field,private final List<BakedQuad>
cgd$a,b,field_177654_b,,,,,field,"private final Map<EnumDirection, List<BakedQuad>>"
cgd$a,c,field_188646_c,,,,,field,private final ItemOverrideList
cgd$a,d,field_177655_c,,,,,field,private final boolean
cgd$a,e,field_177652_d,,,,,field,private TextureAtlasSprite
cgd$a,f,field_177653_e,,,,,field,private final boolean
cgd$a,g,field_177651_f,,,,,field,private final ItemCameraTransforms
cgc,f,field_188626_f,,,,,field,"private final Map<com.google.common.base.Predicate<IBlockData>, IBakedModel>"
cgc,a,field_188621_a,,,,,field,protected final boolean
cgc,b,field_188622_b,,,,,field,protected final boolean
cgc,c,field_188623_c,,,,,field,protected final TextureAtlasSprite
cgc,d,field_188624_d,,,,,field,protected final ItemCameraTransforms
cgc,e,field_188625_e,,,,,field,protected final ItemOverrideList
cge$a,a,field_177678_a,,,,,field,private final List<WeightedBakedModel$WeightedModel>
cfy,a,field_177557_a,,,,,field,private final ItemCameraTransforms
cfy,b,field_188619_b,,,,,field,private final ItemOverrideList
cge,a,field_177567_a,,,,,field,private final int
cge,b,field_177565_b,,,,,field,private final List<WeightedBakedModel$WeightedModel>
cge,c,field_177566_c,,,,,field,private final IBakedModel
cgb,c,field_177519_c,,,,,field,private final String
cef,a,field_188548_a,,,,,field,private final File
bhu,b,field_192566_b,,,,,field,private static final org.apache.logging.log4j.Logger
bhu,a,field_192565_a,,,,,field,protected Minecraft
bhu,c,field_192567_c,,,,,field,private final File
bhu,d,field_192568_d,,,,,field,private final HotbarSnapshot[]
bil,a,field_186732_a,,,,,field,private final RegistryBlockID<IItemColor>
bii,a,field_186725_a,,,,,field,private final RegistryBlockID<IBlockColor>
bsd,a,field_147415_a,,,,,field,private static final org.apache.logging.log4j.Logger
bsd,b,field_78859_a,,,,,field,private final Minecraft
bsd,c,field_78858_b,,,,,field,private final List<ServerData>
bsc$a,a,ENABLED,,,,,enum,
bsc$a,b,DISABLED,,,,,enum,
bsc$a,c,PROMPT,,,,,enum,
bsc$a,d,field_152594_d,,,,,field,private final IChatBaseComponent
bry,a,field_78776_a,,,,,field,private final Minecraft
bry,b,field_78774_b,,,,,field,private final NetHandlerPlayClient
bry,c,field_178895_c,,,,,field,private BlockPosition
bry,d,field_85183_f,,,,,field,private ItemStack
bry,e,field_78770_f,,,,,field,private float
bry,f,field_78780_h,,,,,field,private float
bry,g,field_78781_i,,,,,field,private int
bry,h,field_78778_j,,,,,field,private boolean
bry,i,field_78779_k,,,,,field,private EnumGamemode
bry,j,field_78777_l,,,,,field,private int
bsa,b,field_178867_a,,,,,field,private final com.mojang.authlib.GameProfile
bsa,a,field_187107_a,,,,,field,"Map<com.mojang.authlib.minecraft.MinecraftProfileTexture$Type, MinecraftKey>"
bsa,c,field_178866_b,,,,,field,private EnumGamemode
bsa,d,field_78829_b,,,,,field,private int
bsa,e,field_178864_d,,,,,field,private boolean
bsa,f,field_178863_g,,,,,field,private String
bsa,g,field_178872_h,,,,,field,private IChatBaseComponent
bsa,h,field_178873_i,,,,,field,private int
bsa,i,field_178870_j,,,,,field,private int
bsa,j,field_178871_k,,,,,field,private long
bsa,k,field_178868_l,,,,,field,private long
bsa,l,field_178869_m,,,,,field,private long
brz,b,field_73035_a,,,,,field,private final NetHandlerPlayClient
brz,c,field_73033_b,,,,,field,private ChunkProviderClient
brz,K,field_73032_d,,,,,field,private final Set<Entity>
brz,L,field_73036_L,,,,,field,private final Set<Entity>
brz,M,field_73037_M,,,,,field,private final Minecraft
brz,N,field_73038_N,,,,,field,private final Set<ChunkCoordIntPair>
brz,O,field_184158_M,,,,,field,private int
brz,a,field_184157_a,,,,,field,protected Set<ChunkCoordIntPair>
bse,a,field_147230_a,,,,,field,private static final com.google.common.base.Splitter
bse,b,field_147228_b,,,,,field,private static final org.apache.logging.log4j.Logger
bse,c,field_147229_c,,,,,field,private final List<NetworkManager>
bsb,a,field_78866_a,,,,,field,private final String
bsb,b,field_78865_b,,,,,field,private final int
bru,a,field_192800_a,,,,,field,private static final org.apache.logging.log4j.Logger
bru,b,field_192801_b,,,,,field,private final Minecraft
bru,c,field_192802_c,,,,,field,private final Advancements
bru,d,field_192803_d,,,,,field,"private final Map<Advancement, AdvancementProgress>"
bru,e,field_192804_e,,,,,field,private ClientAdvancementManager$IListener
bru,f,field_194231_f,,,,,field,private Advancement
brw,a,field_147396_a,,,,,field,private static final org.apache.logging.log4j.Logger
brw,b,field_147394_b,,,,,field,private final Minecraft
brw,c,field_147395_c,,,,,field,private final GuiScreen
brw,d,field_147393_d,,,,,field,private final NetworkManager
brw,e,field_175091_e,,,,,field,private com.mojang.authlib.GameProfile
bsc,a,field_78847_a,,,,,field,public String
bsc,b,field_78845_b,,,,,field,public String
bsc,c,field_78846_c,,,,,field,public String
bsc,d,field_78843_d,,,,,field,public String
bsc,e,field_78844_e,,,,,field,public long
bsc,f,field_82821_f,,,,,field,public int
bsc,g,field_82822_g,,,,,field,public String
bsc,h,field_78841_f,,,,,field,public boolean
bsc,i,field_147412_i,,,,,field,public String
bsc,j,field_152587_j,,,,,field,private ServerData$ServerResourceMode
bsc,k,field_147411_m,,,,,field,private String
bsc,l,field_181042_l,,,,,field,private boolean
brx,b,field_147301_d,,,,,field,private static final org.apache.logging.log4j.Logger
brx,c,field_147302_e,,,,,field,private final NetworkManager
brx,d,field_175107_d,,,,,field,private final com.mojang.authlib.GameProfile
brx,e,field_147307_j,,,,,field,private final GuiScreen
brx,f,field_147299_f,,,,,field,private Minecraft
brx,g,field_147300_g,,,,,field,private WorldClient
brx,h,field_147309_h,,,,,field,private boolean
brx,i,field_147310_i,,,,,field,"private final Map<UUID, NetworkPlayerInfo>"
brx,a,field_147304_c,,,,,field,public int
brx,j,field_147308_k,,,,,field,private boolean
brx,k,field_191983_k,,,,,field,private final ClientAdvancementManager
brx,l,field_147306_l,,,,,field,private final Random
brv,a,field_147436_a,,,,,field,private static final org.apache.logging.log4j.Logger
brv,b,field_73238_a,,,,,field,private final Chunk
brv,c,field_73236_b,,,,,field,private final it.unimi.dsi.fastutil.longs.Long2ObjectMap<Chunk>
brv,d,field_73235_d,,,,,field,private final World
bse$1,d,field_147403_d,,,,,field,private boolean
bse$1,e,field_183009_e,,,,,field,private boolean
bse$1,f,field_175092_e,,,,,field,private long
buf,a,field_174896_a,,,,,field,private final String
buf,b,field_174895_b,,,,,field,"private final Map<Integer, Integer>"
bud,a,field_192835_a,,,,,field,public static final int
bue,a,field_175126_a,,,,,field,private final String
bue,b,field_175125_b,,,,,field,private final IChatBaseComponent
btz,a,field_78902_a,,,,,field,public float
btz,b,field_192832_b,,,,,field,public float
btz,c,field_187255_c,,,,,field,public boolean
btz,d,field_187256_d,,,,,field,public boolean
btz,e,field_187257_e,,,,,field,public boolean
btz,f,field_187258_f,,,,,field,public boolean
btz,g,field_78901_c,,,,,field,public boolean
btz,h,field_78899_d,,,,,field,public boolean
buc,d,field_71184_b,,,,,field,private int
buc,e,field_71185_c,,,,,field,private double
buc,f,field_71182_d,,,,,field,private double
buc,g,field_71183_e,,,,,field,private double
buc,h,field_71180_f,,,,,field,private double
buc,bV,field_71181_g,,,,,field,private double
bub,d,field_71174_a,,,,,field,public final NetHandlerPlayClient
bub,cb,field_146108_bO,,,,,field,private final StatisticManager
bub,cc,field_192036_cb,,,,,field,private final RecipeBook
bub,cd,field_184845_bX,,,,,field,private int
bub,ce,field_175172_bI,,,,,field,private double
bub,cf,field_175166_bJ,,,,,field,private double
bub,cg,field_175167_bK,,,,,field,private double
bub,ch,field_175164_bL,,,,,field,private float
bub,ci,field_175165_bM,,,,,field,private float
bub,cj,field_184841_cd,,,,,field,private boolean
bub,ck,field_175170_bN,,,,,field,private boolean
bub,cl,field_175171_bO,,,,,field,private boolean
bub,cm,field_175168_bP,,,,,field,private int
bub,cn,field_175169_bQ,,,,,field,private boolean
bub,co,field_142022_ce,,,,,field,private String
bub,e,field_71158_b,,,,,field,public MovementInput
bub,f,field_71159_c,,,,,field,protected Minecraft
bub,g,field_71156_d,,,,,field,protected int
bub,h,field_71157_e,,,,,field,public int
bub,bV,field_71154_f,,,,,field,public float
bub,bW,field_71155_g,,,,,field,public float
bub,bX,field_71163_h,,,,,field,public float
bub,bY,field_71164_i,,,,,field,public float
bub,cp,field_110320_a,,,,,field,private int
bub,cq,field_110321_bQ,,,,,field,private float
bub,bZ,field_71086_bY,,,,,field,public float
bub,ca,field_71080_cy,,,,,field,public float
bub,cr,field_184842_cm,,,,,field,private boolean
bub,cs,field_184843_cn,,,,,field,private EnumHand
bub,ct,field_184844_co,,,,,field,private boolean
bub,cu,field_189811_cr,,,,,field,private boolean
bub,cv,field_189812_cs,,,,,field,private int
bub,cw,field_189813_ct,,,,,field,private boolean
bua,i,field_78903_e,,,,,field,private final GameSettings
bty,d,field_175157_a,,,,,field,private NetworkPlayerInfo
bty,a,field_184835_a,,,,,field,public float
bty,b,field_184836_b,,,,,field,public float
bty,c,field_184837_c,,,,,field,public float
cgu$a,a,field_194033_a,,,,,field,private final Iterator<T>
cgu$a,b,field_194034_b,,,,,field,private final Iterator<T>
cgu$a,c,field_194035_c,,,,,field,private final it.unimi.dsi.fastutil.objects.Object2IntMap<T>
cgu$a,d,field_194036_d,,,,,field,private T
cgu$a,e,field_194037_e,,,,,field,private T
cgv,a,field_194011_a,,,,,field,public static final SearchTreeManager$Key<ItemStack>
cgv,b,field_194012_b,,,,,field,public static final SearchTreeManager$Key<RecipeList>
cgv,c,field_194013_c,,,,,field,"private final Map<SearchTreeManager$Key<?>, SearchTree<?>>"
cgu,a,field_194044_a,,,,,field,protected SuffixArray<T>
cgu,b,field_194045_b,,,,,field,protected SuffixArray<T>
cgu,c,field_194046_c,,,,,field,"private final Function<T, Iterable<String>>"
cgu,d,field_194047_d,,,,,field,"private final Function<T, Iterable<MinecraftKey>>"
cgu,e,field_194048_e,,,,,field,private final List<T>
cgu,f,field_194049_f,,,,,field,private it.unimi.dsi.fastutil.objects.Object2IntMap<T>
cgx,b,field_194062_b,,,,,field,private static final boolean
cgx,c,field_194063_c,,,,,field,private static final boolean
cgx,d,field_194064_d,,,,,field,private static final org.apache.logging.log4j.Logger
cgx,a,field_194061_a,,,,,field,protected final List<T>
cgx,e,field_194065_e,,,,,field,private final it.unimi.dsi.fastutil.ints.IntList
cgx,f,field_194066_f,,,,,field,private final it.unimi.dsi.fastutil.ints.IntList
cgx,g,field_194067_g,,,,,field,private it.unimi.dsi.fastutil.ints.IntList
cgx,h,field_194068_h,,,,,field,private it.unimi.dsi.fastutil.ints.IntList
cgx,i,field_194069_i,,,,,field,private int
btg,a,field_70569_a,,,,,field,float
btb,a,field_174844_a,,,,,field,private EntityLiving
btu,a,field_174851_a,,,,,field,private final Entity
btu,b,field_174852_ax,,,,,field,private int
btu,L,field_174850_ay,,,,,field,private final int
btu,M,field_174849_az,,,,,field,private final EnumParticle
bst,a,field_70562_a,,,,,field,private final float
bsh,a,field_187137_a,,,,,field,private static final MinecraftKey
bsh,b,field_187138_G,,,,,field,private static final VertexFormat
bsh,L,field_187139_H,,,,,field,private int
bsh,M,field_187140_I,,,,,field,private final int
bsh,N,field_187141_J,,,,,field,private final TextureManager
bsh,O,field_187142_K,,,,,field,private final float
bso,a,field_70565_a,,,,,field,private final float
bso,b,field_70568_aq,,,,,field,private final double
bso,L,field_70567_ar,,,,,field,private final double
bso,M,field_70566_as,,,,,field,private final double
bss$c,b,field_92042_ax,,,,,field,private int
bss$c,L,field_92040_ay,,,,,field,private final ParticleManager
bss$c,M,field_92039_az,,,,,field,private NBTTagList
bss$c,a,field_92041_a,,,,,field,boolean
bsw,a,field_110127_a,,,,,field,private static final MinecraftKey
bsw,b,field_181549_az,,,,,field,private static final VertexFormat
bsw,L,field_70581_a,,,,,field,private int
bsw,M,field_70584_aq,,,,,field,private final int
bsw,N,field_70583_ar,,,,,field,private final TextureManager
bsw,O,field_70582_as,,,,,field,private final float
bsy,a,field_174840_a,,,,,field,private final Entity
bsy,b,field_174843_ax,,,,,field,private final Entity
bsy,L,field_70594_ar,,,,,field,private int
bsy,M,field_70593_as,,,,,field,private final int
bsy,N,field_174841_aA,,,,,field,private final float
bsy,O,field_174842_aB,,,,,field,private final RenderManager
bta,a,field_70586_a,,,,,field,private final float
bti,a,field_70570_a,,,,,field,float
bsm,a,field_187143_a,,,,,field,private final float
bsm,b,field_187144_G,,,,,field,private boolean
btl,a,field_70588_a,,,,,field,float
bte,b,field_110737_b,,,,,field,private static final MinecraftKey
bte,a,field_78878_a,,,,,field,protected World
bte,c,field_78876_b,,,,,field,private final ArrayDeque<Particle>[][]
bte,d,field_178933_d,,,,,field,private final Queue<ParticleEmitter>
bte,e,field_78877_c,,,,,field,private final TextureManager
bte,f,field_78875_d,,,,,field,private final Random
bte,g,field_178932_g,,,,,field,"private final Map<Integer, IParticleFactory>"
bte,h,field_187241_h,,,,,field,private final Queue<Particle>
btd,a,field_187121_a,,,,,field,private static final AxisAlignedBB
btd,c,field_187122_b,,,,,field,protected World
btd,d,field_187123_c,,,,,field,protected double
btd,e,field_187124_d,,,,,field,protected double
btd,f,field_187125_e,,,,,field,protected double
btd,g,field_187126_f,,,,,field,protected double
btd,h,field_187127_g,,,,,field,protected double
btd,i,field_187128_h,,,,,field,protected double
btd,j,field_187129_i,,,,,field,protected double
btd,k,field_187130_j,,,,,field,protected double
btd,l,field_187131_k,,,,,field,protected double
btd,b,field_187120_G,,,,,field,private AxisAlignedBB
btd,m,field_187132_l,,,,,field,protected boolean
btd,n,field_190017_n,,,,,field,protected boolean
btd,o,field_187133_m,,,,,field,protected boolean
btd,p,field_187134_n,,,,,field,protected float
btd,q,field_187135_o,,,,,field,protected float
btd,r,field_187136_p,,,,,field,protected Random
btd,s,field_94054_b,,,,,field,protected int
btd,t,field_94055_c,,,,,field,protected int
btd,u,field_70548_b,,,,,field,protected float
btd,v,field_70549_c,,,,,field,protected float
btd,w,field_70546_d,,,,,field,protected int
btd,x,field_70547_e,,,,,field,protected int
btd,y,field_70544_f,,,,,field,protected float
btd,z,field_70545_g,,,,,field,protected float
btd,A,field_70552_h,,,,,field,protected float
btd,B,field_70553_i,,,,,field,protected float
btd,C,field_70551_j,,,,,field,protected float
btd,D,field_82339_as,,,,,field,protected float
btd,E,field_187119_C,,,,,field,protected TextureAtlasSprite
btd,F,field_190014_F,,,,,field,protected float
btd,G,field_190015_G,,,,,field,protected float
btd,H,field_70556_an,,,,,field,public static double
btd,I,field_70554_ao,,,,,field,public static double
btd,J,field_70555_ap,,,,,field,public static double
btd,K,field_190016_K,,,,,field,public static Vec3D
bsr,a,field_190018_a,,,,,field,float
bsr,b,field_190019_b,,,,,field,final float
bsu,a,field_110126_a,,,,,field,private static final MinecraftKey
bsu,b,field_70576_a,,,,,field,private int
bsu,L,field_70578_aq,,,,,field,private final int
bsu,M,field_70577_ar,,,,,field,private final TextureManager
bsn,a,field_70563_a,,,,,field,private final Material
bsn,b,field_70564_aq,,,,,field,private int
bsl,a,field_174839_a,,,,,field,float
bts,a,field_174847_a,,,,,field,private final IBlockData
bts,b,field_181019_az,,,,,field,private BlockPosition
btj,a,field_187147_a,,,,,field,private final int
btj,b,field_187148_G,,,,,field,private final int
btj,L,field_187149_H,,,,,field,private final float
btj,M,field_191239_M,,,,,field,private float
btj,N,field_187150_I,,,,,field,private float
btj,O,field_187151_J,,,,,field,private float
btj,P,field_187152_K,,,,,field,private float
btj,Q,field_187153_L,,,,,field,private boolean
bth,a,field_70571_a,,,,,field,private final float
bth,b,field_70574_aq,,,,,field,private final double
bth,L,field_70573_ar,,,,,field,private final double
bth,M,field_70572_as,,,,,field,private final double
btk,a,field_70587_a,,,,,field,float
btc,a,field_70585_a,,,,,field,float
bsv,a,field_70575_a,,,,,field,float
btm,a,field_174848_a,,,,,field,private static final Random
btm,b,field_70590_a,,,,,field,private int
bss$b,a,field_92054_ax,,,,,field,private boolean
bss$b,b,field_92048_ay,,,,,field,private boolean
bss$b,L,field_92047_az,,,,,field,private final ParticleManager
bss$b,M,field_92050_aA,,,,,field,private float
bss$b,N,field_92051_aB,,,,,field,private float
bss$b,O,field_92052_aC,,,,,field,private float
bss$b,P,field_92053_aD,,,,,field,private boolean
bsx,a,field_70579_a,,,,,field,private int
bsx,b,field_70580_aq,,,,,field,private final int
bht,a,field_178814_a,,,,,field,private static final IntBuffer
bht,b,field_178812_b,,,,,field,private static final FloatBuffer
bht,c,field_178813_c,,,,,field,private static final FloatBuffer
bht,d,field_178810_d,,,,,field,private static final FloatBuffer
bht,e,field_178811_e,,,,,field,private static Vec3D
bht,f,field_74588_d,,,,,field,private static float
bht,g,field_74589_e,,,,,field,private static float
bht,h,field_74586_f,,,,,field,private static float
bht,i,field_74587_g,,,,,field,private static float
bht,j,field_74596_h,,,,,field,private static float
big$a,a,LEGACY,,,,,enum,
big$a,b,MOJANG,,,,,enum,
big$a,c,field_152425_c,,,,,field,"private static final Map<String, Session$Type>"
big$a,d,field_152426_d,,,,,field,private final String
bit,a,field_193643_a,,,,,field,public static final NarratorChatListener
bit,b,field_192580_a,,,,,field,private final com.mojang.text2speech.Narrator
biv,a,field_192581_a,,,,,field,private final Minecraft
biu,a,field_192577_a,,,,,field,private final Minecraft
blf$b,u,field_148175_k,,,,,field,public int
blh,a,field_146594_a,,,,,field,private final NetHandlerPlayClient
blh,f,field_146593_f,,,,,field,private int
bko,a,field_146355_a,,,,,field,protected GuiYesNoCallback
bko,f,field_146351_f,,,,,field,protected String
bko,s,field_146354_r,,,,,field,private final String
bko,t,field_175298_s,,,,,field,private final List<String>
bko,g,field_146352_g,,,,,field,protected String
bko,h,field_146356_h,,,,,field,protected String
bko,i,field_146357_i,,,,,field,protected int
bko,u,field_146353_s,,,,,field,private int
bkp,a,field_146372_a,,,,,field,private static final AtomicInteger
bkp,f,field_146370_f,,,,,field,private static final org.apache.logging.log4j.Logger
bkp,g,field_146371_g,,,,,field,private NetworkManager
bkp,h,field_146373_h,,,,,field,private boolean
bkp,i,field_146374_i,,,,,field,private final GuiScreen
blk$a,p,field_175234_p,,,,,field,private final EnumPlayerModelParts
blm$a,r,field_184063_r,,,,,field,private final SoundCategory
blm$a,s,field_146152_s,,,,,field,private final String
blm$a,o,field_146156_o,,,,,field,public float
blm$a,p,field_146155_p,,,,,field,public boolean
bla$a,v,field_148176_l,,,,,field,private final List<String>
bla$a,w,field_148177_m,,,,,field,"private final Map<String, Language>"
blo,a,field_186844_a,,,,,field,protected final GuiTextField
blo,b,field_186845_b,,,,,field,protected final boolean
blo,c,field_186846_c,,,,,field,protected boolean
blo,d,field_186847_d,,,,,field,protected boolean
blo,e,field_186848_e,,,,,field,protected int
blo,f,field_186849_f,,,,,field,protected List<String>
bnn,a,field_193743_h,,,,,field,private List<GuiButtonRecipe>
bnn,b,field_194201_b,,,,,field,private GuiButtonRecipe
bnn,c,field_194202_c,,,,,field,private GuiRecipeOverlay
bnn,d,field_193754_s,,,,,field,private Minecraft
bnn,e,field_193757_v,,,,,field,private List<IRecipeUpdateListener>
bnn,f,field_194203_f,,,,,field,private List<RecipeList>
bnn,g,field_193740_e,,,,,field,private GuiButtonToggle
bnn,h,field_193741_f,,,,,field,private GuiButtonToggle
bnn,i,field_193737_b,,,,,field,private int
bnn,j,field_193738_c,,,,,field,private int
bnn,k,field_194204_k,,,,,field,private RecipeBook
bnn,l,field_194205_l,,,,,field,private IRecipe
bnn,m,field_194206_m,,,,,field,private RecipeList
bnk,a,field_192687_a,,,,,field,private IRecipe
bnk,b,field_192688_b,,,,,field,private final List<GhostRecipe$GhostIngredient>
bnk,c,field_194190_c,,,,,field,private float
bnl,a,field_191847_a,,,,,field,private static final MinecraftKey
bnl,f,field_193972_f,,,,,field,private final List<GuiRecipeOverlay$Button>
bnl,g,field_191850_h,,,,,field,private boolean
bnl,h,field_191851_i,,,,,field,private int
bnl,i,field_191852_j,,,,,field,private int
bnl,j,field_191853_k,,,,,field,private Minecraft
bnl,k,field_191848_f,,,,,field,private RecipeList
bnl,l,field_193973_l,,,,,field,private IRecipe
bnl,m,field_193974_m,,,,,field,private float
bnl$a,p,field_193924_p,,,,,field,private final IRecipe
bnl$a,q,field_193925_q,,,,,field,private final boolean
bnq,a,field_192713_b,,,,,field,private List<IRecipe>
bnq,b,field_194215_b,,,,,field,private final BitSet
bnq,c,field_194216_c,,,,,field,private final BitSet
bnq,d,field_194217_d,,,,,field,private final BitSet
bnq,e,field_194218_e,,,,,field,private boolean
bnk$a,b,field_194186_b,,,,,field,private final RecipeItemStack
bnk$a,c,field_192678_b,,,,,field,private final int
bnk$a,d,field_192679_c,,,,,field,private final int
bnp,o,field_191780_o,,,,,field,private static final MinecraftKey
bnp,p,field_193930_p,,,,,field,private RecipeBook
bnp,q,field_191774_p,,,,,field,private RecipeList
bnp,r,field_193931_r,,,,,field,private float
bnp,s,field_191778_t,,,,,field,private float
bnp,t,field_193932_t,,,,,field,private int
bnm,a,field_191894_a,,,,,field,protected static final MinecraftKey
bnm,f,field_191903_n,,,,,field,private int
bnm,g,field_191904_o,,,,,field,private int
bnm,h,field_191905_p,,,,,field,private int
bnm,i,field_193959_i,,,,,field,private static final org.apache.logging.log4j.Logger
bnm,j,field_191915_z,,,,,field,private final GhostRecipe
bnm,k,field_193018_j,,,,,field,private final List<GuiButtonRecipeTab>
bnm,l,field_191913_x,,,,,field,private GuiButtonRecipeTab
bnm,m,field_193960_m,,,,,field,private GuiButtonToggle
bnm,n,field_191908_s,,,,,field,private Container
bnm,o,field_193961_o,,,,,field,private InventoryCrafting
bnm,p,field_191888_F,,,,,field,private Minecraft
bnm,q,field_193962_q,,,,,field,private GuiTextField
bnm,r,field_193963_r,,,,,field,private String
bnm,s,field_193964_s,,,,,field,private RecipeBook
bnm,t,field_193022_s,,,,,field,private final RecipeBookPage
bnm,u,field_193965_u,,,,,field,private RecipeItemHelper
bnm,v,field_193966_v,,,,,field,private int
bno,u,field_193921_u,,,,,field,private final CreativeModeTab
bno,v,field_193922_v,,,,,field,private float
bli,a,field_175287_a,,,,,field,private static final org.apache.logging.log4j.Logger
bli,f,field_175284_f,,,,,field,private static final Set<String>
bli,g,field_175285_g,,,,,field,private static final com.google.common.base.Splitter
bli,j,field_146297_k,,,,,field,protected Minecraft
bli,k,field_146296_j,,,,,field,protected RenderItem
bli,l,field_146294_l,,,,,field,public int
bli,m,field_146295_m,,,,,field,public int
bli,n,field_146292_n,,,,,field,protected List<GuiButton>
bli,o,field_146293_o,,,,,field,protected List<GuiLabel>
bli,p,field_146291_p,,,,,field,public boolean
bli,q,field_146289_q,,,,,field,protected FontRenderer
bli,r,field_146290_a,,,,,field,protected GuiButton
bli,h,field_146287_f,,,,,field,private int
bli,i,field_146288_g,,,,,field,private long
bli,s,field_146298_h,,,,,field,private int
bli,t,field_175286_t,,,,,field,private URI
bli,u,field_193977_u,,,,,field,private boolean
bll,a,field_146608_a,,,,,field,private final GuiScreen
bll,f,field_146603_f,,,,,field,private final GameSettings
bll,g,field_146604_g,,,,,field,private final List<String>
bll,h,field_146609_h,,,,,field,private final List<String>
bll,i,field_146610_i,,,,,field,private String
bll,s,field_146607_r,,,,,field,private String[]
bll,t,field_146606_s,,,,,field,private GuiSnooper$List
bll,u,field_146605_t,,,,,field,private GuiButton
bnu,a,field_146965_f,,,,,field,private final GuiScreen
bnu,f,field_146966_g,,,,,field,private List<ResourcePackListEntry>
bnu,g,field_146969_h,,,,,field,private List<ResourcePackListEntry>
bnu,h,field_146970_i,,,,,field,private GuiResourcePackAvailable
bnu,i,field_146967_r,,,,,field,private GuiResourcePackSelected
bnu,s,field_175289_s,,,,,field,private boolean
bob,u,field_148205_k,,,,,field,protected final Minecraft
bob,v,field_148204_l,,,,,field,protected final List<ResourcePackListEntry>
bnx,c,field_148319_c,,,,,field,private final ResourcePackRepository$Entry
bnv,c,field_148316_c,,,,,field,private static final MinecraftKey
bnv,d,field_183020_d,,,,,field,private static final IChatBaseComponent
bnv,e,field_183021_e,,,,,field,private static final IChatBaseComponent
bnv,f,field_183022_f,,,,,field,private static final IChatBaseComponent
bnv,a,field_148317_a,,,,,field,protected final Minecraft
bnv,b,field_148315_b,,,,,field,protected final GuiScreenResourcePacks
bny,c,field_148322_c,,,,,field,private static final org.apache.logging.log4j.Logger
bny,d,field_148320_d,,,,,field,private final IResourcePack
bny,e,field_148321_e,,,,,field,private final MinecraftKey
bmu,v,field_147031_u,,,,,field,private static final MinecraftKey
bmu,w,field_147030_v,,,,,field,private final IInventory
bmu,x,field_147029_w,,,,,field,private final IInventory
bmu,y,field_147034_x,,,,,field,private final EntityHorseAbstract
bmu,z,field_147033_y,,,,,field,private float
bmu,A,field_147032_z,,,,,field,private float
bmh$a,o,field_146151_o,,,,,field,private final boolean
bmq,a,field_148338_a,,,,,field,private static final EnchantmentNameParts
bmq,b,field_148336_b,,,,,field,private final Random
bmq,c,field_148337_c,,,,,field,private final String[]
bmj,a,field_146485_f,,,,,field,private GuiTextField
bmj,f,field_146486_g,,,,,field,private GuiTextField
bmj,g,field_184078_g,,,,,field,private final TileEntityCommand
bmj,h,field_146490_i,,,,,field,private GuiButton
bmj,i,field_146487_r,,,,,field,private GuiButton
bmj,s,field_175390_s,,,,,field,private GuiButton
bmj,t,field_184079_s,,,,,field,private GuiButton
bmj,u,field_184080_t,,,,,field,private GuiButton
bmj,v,field_184081_u,,,,,field,private GuiButton
bmj,w,field_175389_t,,,,,field,private boolean
bmj,x,field_184082_w,,,,,field,private TileEntityCommand$Type
bmj,y,field_184083_x,,,,,field,private TabCompleter
bmj,z,field_184084_y,,,,,field,private boolean
bmj,A,field_184085_z,,,,,field,private boolean
bmo,w,field_147088_v,,,,,field,private static final MinecraftKey
bmo,x,field_175376_w,,,,,field,private final PlayerInventory
bmo,v,field_175377_u,,,,,field,public IInventory
bmt,v,field_147085_u,,,,,field,private static final MinecraftKey
bmt,w,field_147084_v,,,,,field,private final IInventory
bmt,x,field_147083_w,,,,,field,private final IInventory
bna,f,field_189845_a,,,,,field,private static final org.apache.logging.log4j.Logger
bna,a,field_190302_a,,,,,field,public static final int[]
bna,g,field_189846_f,,,,,field,private final TileEntityStructure
bna,h,field_189847_g,,,,,field,private EnumBlockMirror
bna,i,field_189848_h,,,,,field,private EnumBlockRotation
bna,s,field_189849_i,,,,,field,private TileEntityStructure$UsageMode
bna,t,field_189850_r,,,,,field,private boolean
bna,u,field_189851_s,,,,,field,private boolean
bna,v,field_189852_t,,,,,field,private boolean
bna,w,field_189853_u,,,,,field,private GuiTextField
bna,x,field_189854_v,,,,,field,private GuiTextField
bna,y,field_189855_w,,,,,field,private GuiTextField
bna,z,field_189856_x,,,,,field,private GuiTextField
bna,A,field_189857_y,,,,,field,private GuiTextField
bna,B,field_189858_z,,,,,field,private GuiTextField
bna,C,field_189825_A,,,,,field,private GuiTextField
bna,D,field_189826_B,,,,,field,private GuiTextField
bna,E,field_189827_C,,,,,field,private GuiTextField
bna,F,field_189828_D,,,,,field,private GuiTextField
bna,G,field_189829_E,,,,,field,private GuiButton
bna,H,field_189830_F,,,,,field,private GuiButton
bna,I,field_189831_G,,,,,field,private GuiButton
bna,J,field_189832_H,,,,,field,private GuiButton
bna,K,field_189833_I,,,,,field,private GuiButton
bna,L,field_189834_J,,,,,field,private GuiButton
bna,M,field_189835_K,,,,,field,private GuiButton
bna,N,field_189836_L,,,,,field,private GuiButton
bna,O,field_189837_M,,,,,field,private GuiButton
bna,P,field_189838_N,,,,,field,private GuiButton
bna,Q,field_189839_O,,,,,field,private GuiButton
bna,R,field_189840_P,,,,,field,private GuiButton
bna,S,field_189841_Q,,,,,field,private GuiButton
bna,T,field_189842_R,,,,,field,private GuiButton
bna,U,field_189843_S,,,,,field,private final List<GuiTextField>
bna,V,field_189844_T,,,,,field,private final DecimalFormat
bmw,v,field_147039_u,,,,,field,private static final org.apache.logging.log4j.Logger
bmw,w,field_147038_v,,,,,field,private static final MinecraftKey
bmw,x,field_147037_w,,,,,field,private final IMerchant
bmw,y,field_147043_x,,,,,field,private GuiMerchant$MerchantButton
bmw,z,field_147042_y,,,,,field,private GuiMerchant$MerchantButton
bmw,A,field_147041_z,,,,,field,private int
bmw,B,field_147040_A,,,,,field,private final IChatBaseComponent
bmv,w,field_147048_u,,,,,field,private float
bmv,x,field_147047_v,,,,,field,private float
bmv,y,field_192048_z,,,,,field,private GuiButtonImage
bmv,z,field_192045_A,,,,,field,private final GuiRecipeBook
bmv,A,field_192046_B,,,,,field,private boolean
bmv,B,field_194031_B,,,,,field,private boolean
bmw$a,o,field_146157_o,,,,,field,private final boolean
bme,a,field_147001_a,,,,,field,public static final MinecraftKey
bme,f,field_146999_f,,,,,field,protected int
bme,g,field_147000_g,,,,,field,protected int
bme,h,field_147002_h,,,,,field,public Container
bme,i,field_147003_i,,,,,field,protected int
bme,s,field_147009_r,,,,,field,protected int
bme,v,field_147006_u,,,,,field,private Slot
bme,w,field_147005_v,,,,,field,private Slot
bme,x,field_147004_w,,,,,field,private boolean
bme,y,field_147012_x,,,,,field,private ItemStack
bme,z,field_147011_y,,,,,field,private int
bme,A,field_147010_z,,,,,field,private int
bme,B,field_146989_A,,,,,field,private Slot
bme,C,field_146990_B,,,,,field,private long
bme,D,field_146991_C,,,,,field,private ItemStack
bme,E,field_146985_D,,,,,field,private Slot
bme,F,field_146986_E,,,,,field,private long
bme,t,field_147008_s,,,,,field,protected final Set<Slot>
bme,u,field_147007_t,,,,,field,protected boolean
bme,G,field_146987_F,,,,,field,private int
bme,H,field_146988_G,,,,,field,private int
bme,I,field_146995_H,,,,,field,private boolean
bme,J,field_146996_I,,,,,field,private int
bme,K,field_146997_J,,,,,field,private long
bme,L,field_146998_K,,,,,field,private Slot
bme,M,field_146992_L,,,,,field,private int
bme,N,field_146993_M,,,,,field,private boolean
bme,O,field_146994_N,,,,,field,private ItemStack
bmn$b,a,field_148330_a,,,,,field,public NonNullList<ItemStack>
bml,v,field_147019_u,,,,,field,private static final MinecraftKey
bml,w,field_192049_w,,,,,field,private GuiButtonImage
bml,x,field_192050_x,,,,,field,private final GuiRecipeBook
bml,y,field_193112_y,,,,,field,private boolean
bmf,v,field_147093_u,,,,,field,private static final MinecraftKey
bmf,w,field_147092_v,,,,,field,private final ContainerAnvil
bmf,x,field_147091_w,,,,,field,private GuiTextField
bmf,y,field_147094_x,,,,,field,private final PlayerInventory
bmk,v,field_147017_u,,,,,field,private static final MinecraftKey
bmk,w,field_147016_v,,,,,field,private final IInventory
bmk,x,field_147015_w,,,,,field,private final IInventory
bmk,y,field_147018_x,,,,,field,private final int
bmx,a,field_184088_a,,,,,field,private GuiTextField
bmx,f,field_184092_f,,,,,field,private GuiTextField
bmx,g,field_184093_g,,,,,field,private final CommandBlockListenerAbstract
bmx,h,field_184094_h,,,,,field,private GuiButton
bmx,i,field_184095_i,,,,,field,private GuiButton
bmx,s,field_184089_r,,,,,field,private GuiButton
bmx,t,field_184090_s,,,,,field,private boolean
bmx,u,field_184091_t,,,,,field,private TabCompleter
bmm,a,field_146109_a,,,,,field,private final Minecraft
bmg$c,p,field_184066_p,,,,,field,private final MobEffectList
bmg$c,q,field_146148_q,,,,,field,private final int
bmn,w,field_147061_u,,,,,field,private static final MinecraftKey
bmn,x,field_147060_v,,,,,field,private static final InventorySubcontainer
bmn,y,field_147058_w,,,,,field,private static int
bmn,z,field_147067_x,,,,,field,private float
bmn,A,field_147066_y,,,,,field,private boolean
bmn,B,field_147065_z,,,,,field,private boolean
bmn,C,field_147062_A,,,,,field,private GuiTextField
bmn,D,field_147063_B,,,,,field,private List<Slot>
bmn,E,field_147064_C,,,,,field,private Slot
bmn,F,field_147057_D,,,,,field,private boolean
bmn,G,field_147059_E,,,,,field,private CreativeCrafting
bms,v,field_147087_u,,,,,field,private static final MinecraftKey
bms,w,field_175383_v,,,,,field,private final PlayerInventory
bms,x,field_147086_v,,,,,field,private final IInventory
bmr,C,field_147078_C,,,,,field,private static final MinecraftKey
bmr,D,field_147070_D,,,,,field,private static final MinecraftKey
bmr,E,field_147072_E,,,,,field,private static final ModelBook
bmr,F,field_175379_F,,,,,field,private final PlayerInventory
bmr,G,field_147074_F,,,,,field,private final Random
bmr,H,field_147075_G,,,,,field,private final ContainerEnchantTable
bmr,v,field_147073_u,,,,,field,public int
bmr,w,field_147071_v,,,,,field,public float
bmr,x,field_147069_w,,,,,field,public float
bmr,y,field_147082_x,,,,,field,public float
bmr,z,field_147081_y,,,,,field,public float
bmr,A,field_147080_z,,,,,field,public float
bmr,B,field_147076_A,,,,,field,public float
bmr,I,field_147077_B,,,,,field,private ItemStack
bmr,J,field_175380_I,,,,,field,private final INamableTileEntity
bmg$d,o,field_146145_o,,,,,field,private final MinecraftKey
bmg$d,p,field_146144_p,,,,,field,private final int
bmg$d,q,field_146143_q,,,,,field,private final int
bmg$d,r,field_146142_r,,,,,field,private boolean
bmp,v,field_147045_u,,,,,field,protected boolean
bmn$c,b,field_148332_b,,,,,field,private final Slot
bmy,v,field_190778_u,,,,,field,private static final MinecraftKey
bmy,w,field_190779_v,,,,,field,private final IInventory
bmy,x,field_190780_w,,,,,field,private final PlayerInventory
bmg,v,field_147026_u,,,,,field,private static final org.apache.logging.log4j.Logger
bmg,w,field_147025_v,,,,,field,private static final MinecraftKey
bmg,x,field_147024_w,,,,,field,private final IInventory
bmg,y,field_147028_x,,,,,field,private GuiBeacon$ConfirmButton
bmg,z,field_147027_y,,,,,field,private boolean
bmz,a,field_146848_f,,,,,field,private final TileEntitySign
bmz,f,field_146849_g,,,,,field,private int
bmz,g,field_146851_h,,,,,field,private int
bmz,h,field_146852_i,,,,,field,private GuiButton
bmi,v,field_147014_u,,,,,field,private static final MinecraftKey
bmi,w,field_184857_v,,,,,field,private static final int[]
bmi,x,field_175384_v,,,,,field,private final PlayerInventory
bmi,y,field_147013_v,,,,,field,private final IInventory
bmh,a,field_146473_a,,,,,field,private static final org.apache.logging.log4j.Logger
bmh,f,field_146466_f,,,,,field,private static final MinecraftKey
bmh,g,field_146468_g,,,,,field,private final EntityHuman
bmh,h,field_146474_h,,,,,field,private final ItemStack
bmh,i,field_146475_i,,,,,field,private final boolean
bmh,s,field_146481_r,,,,,field,private boolean
bmh,t,field_146480_s,,,,,field,private boolean
bmh,u,field_146479_t,,,,,field,private int
bmh,v,field_146478_u,,,,,field,private final int
bmh,w,field_146477_v,,,,,field,private final int
bmh,x,field_146476_w,,,,,field,private int
bmh,y,field_146484_x,,,,,field,private int
bmh,z,field_146483_y,,,,,field,private NBTTagList
bmh,A,field_146482_z,,,,,field,private String
bmh,B,field_175386_A,,,,,field,private List<IChatBaseComponent>
bmh,C,field_175387_B,,,,,field,private int
bmh,D,field_146470_A,,,,,field,private GuiScreenBook$NextPageButton
bmh,E,field_146471_B,,,,,field,private GuiScreenBook$NextPageButton
bmh,F,field_146472_C,,,,,field,private GuiButton
bmh,G,field_146465_D,,,,,field,private GuiButton
bmh,H,field_146467_E,,,,,field,private GuiButton
bmh,I,field_146469_F,,,,,field,private GuiButton
bkl,f,field_146408_f,,,,,field,private static final org.apache.logging.log4j.Logger
bkl,g,field_146410_g,,,,,field,private String
bkl,h,field_146416_h,,,,,field,private int
bkl,i,field_184096_i,,,,,field,private TabCompleter
bkl,a,field_146415_a,,,,,field,protected GuiTextField
bkl,s,field_146409_v,,,,,field,private String
bkm,s,field_146363_r,,,,,field,private final String
bkm,t,field_146362_s,,,,,field,private final String
bkm,u,field_146361_t,,,,,field,private final String
bkm,v,field_146360_u,,,,,field,private boolean
bkv,a,field_146303_a,,,,,field,private final GuiScreen
bkv,f,field_146301_f,,,,,field,private final ServerData
bkv,g,field_146302_g,,,,,field,private GuiTextField
blc,f,field_146440_f,,,,,field,private static final GameSettings$Options[]
blc,g,field_146441_g,,,,,field,private final GuiScreen
blc,h,field_146443_h,,,,,field,private final GameSettings
blc,i,field_175357_i,,,,,field,private GuiButton
blc,s,field_175356_r,,,,,field,private GuiLockIconButton
blc,a,field_146442_a,,,,,field,protected String
blg,a,field_146591_a,,,,,field,private String
blg,f,field_146589_f,,,,,field,private String
blg,g,field_146590_g,,,,,field,private int
blg,h,field_146592_h,,,,,field,private boolean
blk,a,field_175361_a,,,,,field,private final GuiScreen
blk,f,field_175360_f,,,,,field,private String
bku,a,field_146349_a,,,,,field,private static final org.apache.logging.log4j.Logger
bku,f,field_146348_f,,,,,field,private static final MinecraftKey
bla,a,field_146453_a,,,,,field,protected GuiScreen
bla,f,field_146450_f,,,,,field,private GuiLanguage$List
bla,g,field_146451_g,,,,,field,private final GameSettings
bla,h,field_146454_h,,,,,field,private final LanguageManager
bla,i,field_146455_i,,,,,field,private GuiOptionButton
bla,s,field_146452_r,,,,,field,private GuiOptionButton
bkk,a,field_146399_a,,,,,field,private static final GameSettings$Options[]
bkk,f,field_146396_g,,,,,field,private final GuiScreen
bkk,g,field_146400_h,,,,,field,private final GameSettings
bkk,h,field_146401_i,,,,,field,private String
bkk,i,field_193025_i,,,,,field,private GuiOptionButton
blf,a,field_146431_f,,,,,field,private static final List<GuiFlatPresets$LayerItem>
blf,f,field_146432_g,,,,,field,private final GuiCreateFlatWorld
blf,g,field_146438_h,,,,,field,private String
blf,h,field_146439_i,,,,,field,private String
blf,i,field_146436_r,,,,,field,private String
blf,s,field_146435_s,,,,,field,private GuiFlatPresets$ListSlot
blf,t,field_146434_t,,,,,field,private GuiButton
blf,u,field_146433_u,,,,,field,private GuiTextField
blr,a,field_146580_a,,,,,field,private static final org.apache.logging.log4j.Logger
blr,f,field_146576_f,,,,,field,private static final MinecraftKey
blr,g,field_146577_g,,,,,field,private static final MinecraftKey
blr,h,field_193980_h,,,,,field,private final boolean
blr,i,field_193981_i,,,,,field,private final Runnable
blr,s,field_146581_h,,,,,field,private float
blr,t,field_146582_i,,,,,field,private List<String>
blr,u,field_146579_r,,,,,field,private int
blr,v,field_146578_s,,,,,field,private final float
blq,f,field_146498_f,,,,,field,private final GuiScreen
blq,a,field_146500_a,,,,,field,protected String
blq,g,field_146499_g,,,,,field,private final GameSettings
blq,h,field_146501_h,,,,,field,private GuiListExtended
blq,i,field_146502_i,,,,,field,private static final GameSettings$Options[]
blp,f,field_146974_g,,,,,field,private static final org.apache.logging.log4j.Logger
blp,g,field_175374_h,,,,,field,private static final Random
blp,h,field_73974_b,,,,,field,private final float
blp,i,field_73975_c,,,,,field,private String
blp,s,field_73973_d,,,,,field,private GuiButton
blp,t,field_73979_m,,,,,field,private float
blp,u,field_73977_n,,,,,field,private DynamicTexture
blp,v,field_104025_t,,,,,field,private final Object
blp,a,field_96138_a,,,,,field,public static final String
blp,w,field_92024_r,,,,,field,private int
blp,x,field_92023_s,,,,,field,private int
blp,y,field_92022_t,,,,,field,private int
blp,z,field_92021_u,,,,,field,private int
blp,A,field_92020_v,,,,,field,private int
blp,B,field_92019_w,,,,,field,private int
blp,C,field_92025_p,,,,,field,private String
blp,D,field_146972_A,,,,,field,private String
blp,E,field_104024_v,,,,,field,private String
blp,F,field_110353_x,,,,,field,private static final MinecraftKey
blp,G,field_110352_y,,,,,field,private static final MinecraftKey
blp,H,field_73978_o,,,,,field,private static final MinecraftKey[]
blp,I,field_110351_G,,,,,field,private MinecraftKey
blp,J,field_175372_K,,,,,field,private GuiButton
blp,K,field_183502_L,,,,,field,private boolean
blp,L,field_183503_M,,,,,field,private GuiScreen
blp,M,field_193978_M,,,,,field,private int
blp,N,field_193979_N,,,,,field,private int
bkr,f,field_175310_f,,,,,field,private static final List<GuiScreenCustomizePresets$Info>
bkr,g,field_175311_g,,,,,field,private GuiScreenCustomizePresets$ListPreset
bkr,h,field_175316_h,,,,,field,private GuiButton
bkr,i,field_175317_i,,,,,field,private GuiTextField
bkr,s,field_175314_r,,,,,field,private final GuiCustomizeWorldScreen
bkr,a,field_175315_a,,,,,field,protected String
bkr,t,field_175313_s,,,,,field,private String
bkr,u,field_175312_t,,,,,field,private String
bnd,a,field_146802_a,,,,,field,private static final org.apache.logging.log4j.Logger
bnd,f,field_146797_f,,,,,field,private final ServerPinger
bnd,g,field_146798_g,,,,,field,private final GuiScreen
bnd,h,field_146803_h,,,,,field,private ServerSelectionList
bnd,i,field_146804_i,,,,,field,private ServerList
bnd,s,field_146810_r,,,,,field,private GuiButton
bnd,t,field_146809_s,,,,,field,private GuiButton
bnd,u,field_146808_t,,,,,field,private GuiButton
bnd,v,field_146807_u,,,,,field,private boolean
bnd,w,field_146806_v,,,,,field,private boolean
bnd,x,field_146805_w,,,,,field,private boolean
bnd,y,field_146813_x,,,,,field,private boolean
bnd,z,field_146812_y,,,,,field,private String
bnd,A,field_146811_z,,,,,field,private ServerData
bnd,B,field_146799_A,,,,,field,private LanServerDetector$LanServerList
bnd,C,field_146800_B,,,,,field,private LanServerDetector$ThreadLanServerFind
bnd,D,field_146801_C,,,,,field,private boolean
bne,a,field_148288_a,,,,,field,private final Minecraft
bnh,u,field_148200_k,,,,,field,private final GuiMultiplayer
bnh,v,field_148198_l,,,,,field,private final List<ServerListEntryNormal>
bnh,w,field_148199_m,,,,,field,private final List<ServerListEntryLanDetected>
bnh,x,field_148196_n,,,,,field,private final GuiListExtended$IGuiListEntry
bnh,y,field_148197_o,,,,,field,private int
bnf,c,field_148292_c,,,,,field,private final GuiMultiplayer
bnf,a,field_148293_a,,,,,field,protected final Minecraft
bnf,b,field_148291_b,,,,,field,protected final LanServerInfo
bnf,d,field_148290_d,,,,,field,private long
bng,a,field_148304_a,,,,,field,private static final org.apache.logging.log4j.Logger
bng,b,field_148302_b,,,,,field,private static final ThreadPoolExecutor
bng,c,field_178015_c,,,,,field,private static final MinecraftKey
bng,d,field_178014_d,,,,,field,private static final MinecraftKey
bng,e,field_148303_c,,,,,field,private final GuiMultiplayer
bng,f,field_148300_d,,,,,field,private final Minecraft
bng,g,field_148301_e,,,,,field,private final ServerData
bng,h,field_148306_i,,,,,field,private final MinecraftKey
bng,i,field_148299_g,,,,,field,private String
bng,j,field_148305_h,,,,,field,private DynamicTexture
bng,k,field_148298_f,,,,,field,private long
blm,f,field_146505_f,,,,,field,private final GuiScreen
blm,g,field_146506_g,,,,,field,private final GameSettings
blm,a,field_146507_a,,,,,field,protected String
blm,h,field_146508_h,,,,,field,private String
bkt,a,field_146347_a,,,,,field,private int
bkt,f,field_184871_f,,,,,field,private final IChatBaseComponent
bkl$a,g,field_186853_g,,,,,field,private final Minecraft
bkx,a,field_146310_a,,,,,field,private final GuiScreen
bkx,f,field_146311_h,,,,,field,private final ServerData
bkx,g,field_146308_f,,,,,field,private GuiTextField
bkx,h,field_146309_g,,,,,field,private GuiTextField
bkx,i,field_152176_i,,,,,field,private GuiButton
bkx,s,field_181032_r,,,,,field,private final com.google.common.base.Predicate<String>
bkw,a,field_146306_a,,,,,field,private final String
bkw,f,field_146304_f,,,,,field,private final IChatBaseComponent
bkw,g,field_146305_g,,,,,field,private List<String>
bkw,h,field_146307_h,,,,,field,private final GuiScreen
bkw,i,field_175353_i,,,,,field,private int
bmb,u,field_148191_k,,,,,field,private final GuiControls
bmb,v,field_148189_l,,,,,field,private final Minecraft
bmb,w,field_148190_m,,,,,field,private final GuiListExtended$IGuiListEntry[]
bmb,x,field_148188_n,,,,,field,private int
bmb$a,b,field_148285_b,,,,,field,private final String
bmb$a,c,field_148286_c,,,,,field,private final int
bmb$b,b,field_148282_b,,,,,field,private final KeyBinding
bmb$b,c,field_148283_c,,,,,field,private final String
bmb$b,d,field_148280_d,,,,,field,private final GuiButton
bmb$b,e,field_148281_e,,,,,field,private final GuiButton
bmc,h,field_146492_g,,,,,field,private static final GameSettings$Options[]
bmc,i,field_146496_h,,,,,field,private final GuiScreen
bmc,a,field_146495_a,,,,,field,protected String
bmc,s,field_146497_i,,,,,field,private final GameSettings
bmc,f,field_146491_f,,,,,field,public KeyBinding
bmc,g,field_152177_g,,,,,field,public long
bmc,t,field_146494_r,,,,,field,private GuiKeyBindingList
bmc,u,field_146493_s,,,,,field,private GuiButton
bks,i,field_175343_i,,,,,field,private final GuiCreateWorld
bks,a,field_175341_a,,,,,field,protected String
bks,f,field_175333_f,,,,,field,protected String
bks,g,field_175335_g,,,,,field,protected String
bks,h,field_175342_h,,,,,field,protected String[]
bks,s,field_175349_r,,,,,field,private GuiPageButtonList
bks,t,field_175348_s,,,,,field,private GuiButton
bks,u,field_175347_t,,,,,field,private GuiButton
bks,v,field_175346_u,,,,,field,private GuiButton
bks,w,field_175345_v,,,,,field,private GuiButton
bks,x,field_175344_w,,,,,field,private GuiButton
bks,y,field_175352_x,,,,,field,private GuiButton
bks,z,field_175351_y,,,,,field,private GuiButton
bks,A,field_175350_z,,,,,field,private GuiButton
bks,B,field_175338_A,,,,,field,private boolean
bks,C,field_175339_B,,,,,field,private int
bks,D,field_175340_C,,,,,field,private boolean
bks,E,field_175332_D,,,,,field,private final com.google.common.base.Predicate<String>
bks,F,field_175334_E,,,,,field,private final CustomWorldSettingsFinal$CustomWorldSettings
bks,G,field_175336_F,,,,,field,private CustomWorldSettingsFinal$CustomWorldSettings
bks,H,field_175337_G,,,,,field,private final Random
bkr$b,u,field_178053_u,,,,,field,public int
blj,a,field_146598_a,,,,,field,private final GuiScreen
blj,f,field_146596_f,,,,,field,private GuiButton
blj,g,field_146597_g,,,,,field,private GuiButton
blj,h,field_146599_h,,,,,field,private String
blj,i,field_146600_i,,,,,field,private boolean
blw,a,ABOVE,,,,,enum,
blw,b,BELOW,,,,,enum,
blw,c,LEFT,,,,,enum,
blw,d,RIGHT,,,,,enum,
blw,e,field_192659_e,,,,,field,public static final int
blw,f,field_192660_f,,,,,field,private final int
blw,g,field_192661_g,,,,,field,private final int
blw,h,field_192662_h,,,,,field,private final int
blw,i,field_192663_i,,,,,field,private final int
blw,j,field_192664_j,,,,,field,private final int
bly,a,OBTAINED,,,,,enum,
bly,b,UNOBTAINED,,,,,enum,
bly,c,field_192671_d,,,,,field,private final int
blv,a,field_191802_a,,,,,field,private final Minecraft
blv,f,field_193938_f,,,,,field,private final GuiScreenAdvancements
blv,g,field_191803_f,,,,,field,private final AdvancementTabType
blv,h,field_191804_g,,,,,field,private final int
blv,i,field_191805_h,,,,,field,private final Advancement
blv,j,field_191806_i,,,,,field,private final AdvancementDisplay
blv,k,field_191807_j,,,,,field,private final ItemStack
blv,l,field_191808_k,,,,,field,private final String
blv,m,field_191809_l,,,,,field,private final GuiAdvancement
blv,n,field_191810_m,,,,,field,"private final Map<Advancement, GuiAdvancement>"
blv,o,field_191811_n,,,,,field,private int
blv,p,field_191812_o,,,,,field,private int
blv,q,field_193939_q,,,,,field,private int
blv,r,field_193940_r,,,,,field,private int
blv,s,field_191813_p,,,,,field,private int
blv,t,field_191814_q,,,,,field,private int
blv,u,field_191815_r,,,,,field,private float
blv,v,field_192992_s,,,,,field,private boolean
blz,a,field_191943_f,,,,,field,private static final MinecraftKey
blz,f,field_191945_g,,,,,field,private static final MinecraftKey
blz,g,field_191946_h,,,,,field,private final ClientAdvancementManager
blz,h,field_191947_i,,,,,field,"private final Map<Advancement, GuiAdvancementTab>"
blz,i,field_191940_s,,,,,field,private GuiAdvancementTab
blz,s,field_191941_t,,,,,field,private int
blz,t,field_191942_u,,,,,field,private int
blz,u,field_191944_v,,,,,field,private boolean
blx,a,field_191827_a,,,,,field,private static final MinecraftKey
blx,f,field_192996_f,,,,,field,private static final Pattern
blx,g,field_191828_f,,,,,field,private final GuiAdvancementTab
blx,h,field_191829_g,,,,,field,private final Advancement
blx,i,field_191830_h,,,,,field,private final AdvancementDisplay
blx,j,field_191831_i,,,,,field,private final String
blx,k,field_191832_j,,,,,field,private final int
blx,l,field_192997_l,,,,,field,private final List<String>
blx,m,field_191833_k,,,,,field,private final Minecraft
blx,n,field_191834_l,,,,,field,private GuiAdvancement
blx,o,field_191835_m,,,,,field,private final List<GuiAdvancement>
blx,p,field_191836_n,,,,,field,private AdvancementProgress
blx,q,field_191837_o,,,,,field,private final int
blx,r,field_191826_p,,,,,field,private final int
bok,u,field_186797_u,,,,,field,private static final org.apache.logging.log4j.Logger
bok,v,field_186798_v,,,,,field,private final GuiWorldSelection
bok,w,field_186799_w,,,,,field,private final List<GuiListWorldSelectionEntry>
bok,x,field_186800_x,,,,,field,private int
boh,a,field_184858_a,,,,,field,private final GuiScreen
boh,f,field_184859_f,,,,,field,private GuiTextField
boh,g,field_184860_g,,,,,field,private final String
boj,a,field_186780_a,,,,,field,private static final org.apache.logging.log4j.Logger
boj,b,field_186781_b,,,,,field,private static final DateFormat
boj,c,field_186782_c,,,,,field,private static final MinecraftKey
boj,d,field_186783_d,,,,,field,private static final MinecraftKey
boj,e,field_186784_e,,,,,field,private final Minecraft
boj,f,field_186785_f,,,,,field,private final GuiWorldSelection
boj,g,field_186786_g,,,,,field,private final WorldSummary
boj,h,field_186787_h,,,,,field,private final MinecraftKey
boj,i,field_186788_i,,,,,field,private final GuiListWorldSelection
boj,j,field_186789_j,,,,,field,private File
boj,k,field_186790_k,,,,,field,private DynamicTexture
boj,l,field_186791_l,,,,,field,private long
bog,f,field_146332_f,,,,,field,private final GuiScreen
bog,g,field_146333_g,,,,,field,private GuiTextField
bog,h,field_146335_h,,,,,field,private GuiTextField
bog,i,field_146336_i,,,,,field,private String
bog,s,field_146342_r,,,,,field,private String
bog,t,field_175300_s,,,,,field,private String
bog,u,field_146341_s,,,,,field,private boolean
bog,v,field_146340_t,,,,,field,private boolean
bog,w,field_146339_u,,,,,field,private boolean
bog,x,field_146338_v,,,,,field,private boolean
bog,y,field_146337_w,,,,,field,private boolean
bog,z,field_146345_x,,,,,field,private boolean
bog,A,field_146344_y,,,,,field,private boolean
bog,B,field_146343_z,,,,,field,private GuiButton
bog,C,field_146324_A,,,,,field,private GuiButton
bog,D,field_146325_B,,,,,field,private GuiButton
bog,E,field_146326_C,,,,,field,private GuiButton
bog,F,field_146320_D,,,,,field,private GuiButton
bog,G,field_146321_E,,,,,field,private GuiButton
bog,H,field_146322_F,,,,,field,private GuiButton
bog,I,field_146323_G,,,,,field,private String
bog,J,field_146328_H,,,,,field,private String
bog,K,field_146329_I,,,,,field,private String
bog,L,field_146330_J,,,,,field,private String
bog,M,field_146331_K,,,,,field,private int
bog,a,field_146334_a,,,,,field,public String
bog,N,field_146327_L,,,,,field,private static final String[]
boi,g,field_184868_g,,,,,field,private static final org.apache.logging.log4j.Logger
boi,a,field_184864_a,,,,,field,protected GuiScreen
boi,f,field_184867_f,,,,,field,protected String
boi,h,field_184869_h,,,,,field,private String
boi,i,field_146642_y,,,,,field,private GuiButton
boi,s,field_146641_z,,,,,field,private GuiButton
boi,t,field_146630_A,,,,,field,private GuiButton
boi,u,field_184865_t,,,,,field,private GuiButton
boi,v,field_184866_u,,,,,field,private GuiListWorldSelection
bkq,a,field_146385_f,,,,,field,private final GuiCreateWorld
bkq,f,field_146387_g,,,,,field,private WorldGenFlatInfo
bkq,g,field_146393_h,,,,,field,private String
bkq,h,field_146394_i,,,,,field,private String
bkq,i,field_146391_r,,,,,field,private String
bkq,s,field_146390_s,,,,,field,private GuiCreateFlatWorld$Details
bkq,t,field_146389_t,,,,,field,private GuiButton
bkq,u,field_146388_u,,,,,field,private GuiButton
bkq,v,field_146386_v,,,,,field,private GuiButton
bkr$a,a,field_178955_a,,,,,field,public String
bkr$a,b,field_178953_b,,,,,field,public MinecraftKey
bkr$a,c,field_178954_c,,,,,field,public CustomWorldSettingsFinal$CustomWorldSettings
bky,a,field_146313_a,,,,,field,private final String
bky,f,field_146312_f,,,,,field,private final String
ble,a,field_146445_a,,,,,field,private int
ble,f,field_146444_f,,,,,field,private int
bls,a,field_146549_a,,,,,field,protected GuiScreen
bls,f,field_146542_f,,,,,field,protected String
bls,g,field_146550_h,,,,,field,private GuiStats$StatsGeneral
bls,h,field_146551_i,,,,,field,private GuiStats$StatsItem
bls,i,field_146548_r,,,,,field,private GuiStats$StatsBlock
bls,s,field_146547_s,,,,,field,private GuiStats$StatsMobsList
bls,t,field_146546_t,,,,,field,private final StatisticManager
bls,u,field_146545_u,,,,,field,private GuiSlot
bls,v,field_146543_v,,,,,field,private boolean
bls$d,v,field_148222_l,,,,,field,private final List<EntityTypes$MonsterEggInfo>
bls$e,v,field_148218_l,,,,,field,protected int
bls$e,w,field_148219_m,,,,,field,protected List<CraftingStatistic>
bls$e,x,field_148216_n,,,,,field,protected Comparator<CraftingStatistic>
bls$e,y,field_148217_o,,,,,field,protected int
bls$e,z,field_148215_p,,,,,field,protected int
blt,c_,field_146510_b_,,,,,field,String[]
bkq$a,u,field_148228_k,,,,,field,public int
blf$a,a,field_148234_a,,,,,field,public Item
blf$a,b,field_179037_b,,,,,field,public int
blf$a,c,field_148232_b,,,,,field,public String
blf$a,d,field_148233_c,,,,,field,public String
bjn,u,field_178074_u,,,,,field,private final List<GuiPageButtonList$GuiEntry>
bjn,v,field_178073_v,,,,,field,private final IntHashMap<Gui>
bjn,w,field_178072_w,,,,,field,private final List<GuiTextField>
bjn,x,field_178078_x,,,,,field,private final GuiPageButtonList$GuiListEntry[][]
bjn,y,field_178077_y,,,,,field,private int
bjn,z,field_178076_z,,,,,field,private final GuiPageButtonList$GuiResponder
bjn,A,field_178075_A,,,,,field,private Gui
biz,a,field_146249_a,,,,,field,private static final org.apache.logging.log4j.Logger
biz,f,field_146247_f,,,,,field,private final Minecraft
biz,g,field_146248_g,,,,,field,private final List<String>
biz,h,field_146252_h,,,,,field,private final List<ChatLine>
biz,i,field_146253_i,,,,,field,private final List<ChatLine>
biz,j,field_146250_j,,,,,field,private int
biz,k,field_146251_k,,,,,field,private boolean
bjd,p,field_175227_p,,,,,field,private float
bjd,o,field_175228_o,,,,,field,public boolean
bjd,q,field_175226_q,,,,,field,private final String
bjd,r,field_175225_r,,,,,field,private final float
bjd,s,field_175224_s,,,,,field,private final float
bjd,t,field_175223_t,,,,,field,private final GuiPageButtonList$GuiResponder
bjd,u,field_175222_u,,,,,field,private GuiSlider$FormatHelper
bjb,a,field_175242_a,,,,,field,private final Minecraft
bjb,f,field_175241_f,,,,,field,private final FontRenderer
bjh,h,field_186766_h,,,,,field,protected float
bjh,i,field_186767_i,,,,,field,protected long
bjr,o,field_191760_o,,,,,field,protected MinecraftKey
bjr,p,field_191755_p,,,,,field,protected boolean
bjr,q,field_191756_q,,,,,field,protected int
bjr,r,field_191757_r,,,,,field,protected int
bjr,s,field_191758_s,,,,,field,protected int
bjr,t,field_191759_t,,,,,field,protected int
bjn$d,a,field_178031_a,,,,,field,private final Minecraft
bjn$d,b,field_178029_b,,,,,field,private final Gui
bjn$d,c,field_178030_c,,,,,field,private final Gui
bjn$d,d,field_178028_d,,,,,field,private Gui
bjs,a,field_184069_a,,,,,field,private final Minecraft
bjs,f,field_184070_f,,,,,field,private final List<GuiSubtitleOverlay$Subtitle>
bjs,g,field_184071_g,,,,,field,private boolean
bjf,a,field_146167_a,,,,,field,protected int
bjf,f,field_146161_f,,,,,field,protected int
bjf,g,field_146162_g,,,,,field,public int
bjf,h,field_146174_h,,,,,field,public int
bjf,k,field_146173_k,,,,,field,private final List<String>
bjf,i,field_175204_i,,,,,field,public int
bjf,l,field_146170_l,,,,,field,private boolean
bjf,j,field_146172_j,,,,,field,public boolean
bjf,m,field_146171_m,,,,,field,private boolean
bjf,n,field_146168_n,,,,,field,private final int
bjf,o,field_146169_o,,,,,field,private int
bjf,p,field_146166_p,,,,,field,private int
bjf,q,field_146165_q,,,,,field,private int
bjf,r,field_146164_r,,,,,field,private final FontRenderer
bjf,s,field_146163_s,,,,,field,private int
bjn$f,a,field_178939_a,,,,,field,private final int
bjn$f,b,field_178937_b,,,,,field,private final String
bjn$f,c,field_178938_c,,,,,field,private final boolean
bjn$a,a,field_178941_a,,,,,field,private final boolean
bjp,a,field_148161_k,,,,,field,protected final Minecraft
bjp,b,field_148155_a,,,,,field,protected int
bjp,c,field_148158_l,,,,,field,protected int
bjp,d,field_148153_b,,,,,field,protected int
bjp,e,field_148154_c,,,,,field,protected int
bjp,f,field_148151_d,,,,,field,protected int
bjp,g,field_148152_e,,,,,field,protected int
bjp,h,field_148149_f,,,,,field,protected final int
bjp,u,field_148159_m,,,,,field,private int
bjp,v,field_148156_n,,,,,field,private int
bjp,i,field_148150_g,,,,,field,protected int
bjp,j,field_148162_h,,,,,field,protected int
bjp,k,field_148163_i,,,,,field,protected boolean
bjp,l,field_148157_o,,,,,field,protected int
bjp,m,field_148170_p,,,,,field,protected float
bjp,n,field_148169_q,,,,,field,protected float
bjp,o,field_148168_r,,,,,field,protected int
bjp,p,field_148167_s,,,,,field,protected long
bjp,q,field_178041_q,,,,,field,protected boolean
bjp,r,field_148166_t,,,,,field,protected boolean
bjp,s,field_148165_u,,,,,field,protected boolean
bjp,t,field_148160_j,,,,,field,protected int
bjp,w,field_148164_v,,,,,field,private boolean
bji,o,field_175216_o,,,,,field,private boolean
bji,p,field_175215_p,,,,,field,private final String
bji,q,field_175214_q,,,,,field,private final GuiPageButtonList$GuiResponder
bjs$a,b,field_186828_b,,,,,field,private final String
bjs$a,c,field_186829_c,,,,,field,private long
bjs$a,d,field_186830_d,,,,,field,private Vec3D
bjm$a,a,field_148325_a,,,,,field,private final Minecraft
bjm$a,b,field_148323_b,,,,,field,private final GuiButton
bjm$a,c,field_148324_c,,,,,field,private final GuiButton
bjj$a,a,LOCKED,,,,,enum,
bjj$a,b,LOCKED_HOVER,,,,,enum,
bjj$a,c,LOCKED_DISABLED,,,,,enum,
bjj$a,d,UNLOCKED,,,,,enum,
bjj$a,e,UNLOCKED_HOVER,,,,,enum,
bjj$a,f,UNLOCKED_DISABLED,,,,,enum,
bjj$a,g,field_178914_g,,,,,field,private final int
bjj$a,h,field_178920_h,,,,,field,private final int
bjn$g,a,field_178949_a,,,,,field,private final GuiSlider$FormatHelper
bjn$g,b,field_178947_b,,,,,field,private final float
bjn$g,c,field_178948_c,,,,,field,private final float
bjn$g,d,field_178946_d,,,,,field,private final float
bjj,o,field_175231_o,,,,,field,private boolean
biy,a,field_146122_a,,,,,field,protected static final MinecraftKey
biy,f,field_146120_f,,,,,field,protected int
biy,g,field_146121_g,,,,,field,protected int
biy,h,field_146128_h,,,,,field,public int
biy,i,field_146129_i,,,,,field,public int
biy,j,field_146126_j,,,,,field,public String
biy,k,field_146127_k,,,,,field,public int
biy,l,field_146124_l,,,,,field,public boolean
biy,m,field_146125_m,,,,,field,public boolean
biy,n,field_146123_n,,,,,field,protected boolean
bjy$a,a,TUTORIAL_HINT,,,,,enum,
bjy$a,b,NARRATOR_TOGGLE,,,,,enum,
bjw,c,field_193679_c,,,,,field,private final Advancement
bjw,d,field_194168_d,,,,,field,private boolean
bjx,c,field_193666_c,,,,,field,private final List<ItemStack>
bjx,d,field_193667_d,,,,,field,private long
bjx,e,field_193668_e,,,,,field,private boolean
bkb,c,field_193671_c,,,,,field,private final TutorialToast$Icons
bkb,d,field_193672_d,,,,,field,private final String
bkb,e,field_193673_e,,,,,field,private final String
bkb,f,field_193674_f,,,,,field,private IToast$Visibility
bkb,g,field_193675_g,,,,,field,private long
bkb,h,field_193676_h,,,,,field,private float
bkb,i,field_193677_i,,,,,field,private float
bkb,j,field_193678_j,,,,,field,private final boolean
bka,a,field_191790_f,,,,,field,private final Minecraft
bka,f,field_191791_g,,,,,field,private final GuiToast$ToastInstance<?>[]
bka,g,field_191792_h,,,,,field,private final Deque<IToast>
bka$a,b,field_193688_b,,,,,field,private final T
bka$a,c,field_193689_c,,,,,field,private long
bka$a,d,field_193690_d,,,,,field,private long
bka$a,e,field_193691_e,,,,,field,private IToast$Visibility
bkb$a,a,MOVEMENT_KEYS,,,,,enum,
bkb$a,b,MOUSE,,,,,enum,
bkb$a,c,TREE,,,,,enum,
bkb$a,d,RECIPE_BOOK,,,,,enum,
bkb$a,e,WOODEN_PLANKS,,,,,enum,
bkb$a,f,field_193703_f,,,,,field,private final int
bkb$a,g,field_193704_g,,,,,field,private final int
bjz$a,a,SHOW,,,,,enum,
bjz$a,b,HIDE,,,,,enum,
bjz$a,c,field_194170_c,,,,,field,private final SoundEffect
bjy,c,field_193659_c,,,,,field,private final SystemToast$Type
bjy,d,field_193660_d,,,,,field,private String
bjy,e,field_193661_e,,,,,field,private String
bjy,f,field_193662_f,,,,,field,private long
bjy,g,field_193663_g,,,,,field,private boolean
bjz,a,field_193654_a,,,,,field,MinecraftKey
bjz,b,field_193655_b,,,,,field,Object
bjm,u,field_148184_k,,,,,field,private final List<GuiOptionsRowList$Row>
bjc,g,field_175208_g,,,,,field,private final int
bjc,h,field_146211_a,,,,,field,private final FontRenderer
bjc,a,field_146209_f,,,,,field,public int
bjc,f,field_146210_g,,,,,field,public int
bjc,i,field_146218_h,,,,,field,private final int
bjc,j,field_146219_i,,,,,field,private final int
bjc,k,field_146216_j,,,,,field,private String
bjc,l,field_146217_k,,,,,field,private int
bjc,m,field_146214_l,,,,,field,private int
bjc,n,field_146215_m,,,,,field,private boolean
bjc,o,field_146212_n,,,,,field,private boolean
bjc,p,field_146213_o,,,,,field,private boolean
bjc,q,field_146226_p,,,,,field,private boolean
bjc,r,field_146225_q,,,,,field,private int
bjc,s,field_146224_r,,,,,field,private int
bjc,t,field_146223_s,,,,,field,private int
bjc,u,field_146222_t,,,,,field,private int
bjc,v,field_146221_u,,,,,field,private int
bjc,w,field_146220_v,,,,,field,private boolean
bjc,x,field_175210_x,,,,,field,private GuiPageButtonList$GuiResponder
bjc,y,field_175209_y,,,,,field,private com.google.common.base.Predicate<String>
bju,f,field_175267_f,,,,,field,private static final MinecraftKey
bju,a,field_175269_a,,,,,field,public static final MinecraftKey
bju,g,field_175268_g,,,,,field,private final Minecraft
bju,h,field_175270_h,,,,,field,private long
bju,i,field_175271_i,,,,,field,private SpectatorMenu
bjn$c,a,field_178951_a,,,,,field,private final com.google.common.base.Predicate<String>
bje,o,field_191750_o,,,,,field,private final MinecraftKey
bje,p,field_191747_p,,,,,field,private final int
bje,q,field_191748_q,,,,,field,private final int
bje,r,field_191749_r,,,,,field,private final int
bjq,p,field_146134_p,,,,,field,private float
bjq,o,field_146135_o,,,,,field,public boolean
bjq,q,field_146133_q,,,,,field,private final GameSettings$Options
bjq,r,field_146132_r,,,,,field,private final float
bjq,s,field_146131_s,,,,,field,private final float
bix,a,field_184058_a,,,,,field,private static final MinecraftKey
bix,f,field_184059_f,,,,,field,private final Minecraft
bix,g,field_184060_g,,,,,field,"private final Map<UUID, BossInfoClient>"
bjl,o,field_146137_o,,,,,field,private final GameSettings$Options
bjo,a,field_175252_a,,,,,field,private static final com.google.common.collect.Ordering<NetworkPlayerInfo>
bjo,f,field_175250_f,,,,,field,private final Minecraft
bjo,g,field_175251_g,,,,,field,private final GuiIngame
bjo,h,field_175255_h,,,,,field,private IChatBaseComponent
bjo,i,field_175256_i,,,,,field,private IChatBaseComponent
bjo,j,field_175253_j,,,,,field,private long
bjo,k,field_175254_k,,,,,field,private boolean
bin,c,field_111274_c,,,,,field,private static final MinecraftKey[]
bin,d,field_78286_d,,,,,field,private final int[]
bin,a,field_78288_b,,,,,field,public int
bin,b,field_78289_c,,,,,field,public Random
bin,e,field_78287_e,,,,,field,private final byte[]
bin,f,field_78285_g,,,,,field,private final int[]
bin,g,field_111273_g,,,,,field,private final MinecraftKey
bin,h,field_78298_i,,,,,field,private final TextureManager
bin,i,field_78295_j,,,,,field,private float
bin,j,field_78296_k,,,,,field,private float
bin,k,field_78293_l,,,,,field,private boolean
bin,l,field_78294_m,,,,,field,private boolean
bin,m,field_78291_n,,,,,field,private float
bin,n,field_78292_o,,,,,field,private float
bin,o,field_78306_p,,,,,field,private float
bin,p,field_78305_q,,,,,field,private float
bin,q,field_78304_r,,,,,field,private int
bin,r,field_78303_s,,,,,field,private boolean
bin,s,field_78302_t,,,,,field,private boolean
bin,t,field_78301_u,,,,,field,private boolean
bin,u,field_78300_v,,,,,field,private boolean
bin,v,field_78299_w,,,,,field,private boolean
bir,a,field_78332_c,,,,,field,private final double
bir,b,field_78329_d,,,,,field,private final double
bir,c,field_78333_a,,,,,field,private int
bir,d,field_78331_b,,,,,field,private int
bir,e,field_78330_e,,,,,field,private int
bke,o,field_154318_o,,,,,field,private final RealmsButton
bkg,a,field_154330_a,,,,,field,private final RealmsScreen
bki,u,field_178050_u,,,,,field,private final RealmsSimpleScrolledSelectionList
bkf,u,field_178046_u,,,,,field,private final RealmsClickableScrolledSelectionList
bkh,u,field_154340_k,,,,,field,private final RealmsScrolledSelectionList
bio,f,field_110329_b,,,,,field,private static final MinecraftKey
bio,g,field_110330_c,,,,,field,private static final MinecraftKey
bio,h,field_110328_d,,,,,field,private static final MinecraftKey
bio,i,field_73842_c,,,,,field,private final Random
bio,j,field_73839_d,,,,,field,private final Minecraft
bio,k,field_73841_b,,,,,field,private final RenderItem
bio,l,field_73840_e,,,,,field,private final GuiNewChat
bio,m,field_73837_f,,,,,field,private int
bio,n,field_73838_g,,,,,field,private String
bio,o,field_73845_h,,,,,field,private int
bio,p,field_73844_j,,,,,field,private boolean
bio,a,field_73843_a,,,,,field,public float
bio,q,field_92017_k,,,,,field,private int
bio,r,field_92016_l,,,,,field,private ItemStack
bio,s,field_175198_t,,,,,field,private final GuiOverlayDebug
bio,t,field_184049_t,,,,,field,private final GuiSubtitleOverlay
bio,u,field_175197_u,,,,,field,private final GuiSpectator
bio,v,field_175196_v,,,,,field,private final GuiPlayerTabOverlay
bio,w,field_184050_w,,,,,field,private final GuiBossOverlay
bio,x,field_175195_w,,,,,field,private int
bio,y,field_175201_x,,,,,field,private String
bio,z,field_175200_y,,,,,field,private String
bio,A,field_175199_z,,,,,field,private int
bio,B,field_175192_A,,,,,field,private int
bio,C,field_175193_B,,,,,field,private int
bio,D,field_175194_C,,,,,field,private int
bio,E,field_175189_D,,,,,field,private int
bio,F,field_175190_E,,,,,field,private long
bio,G,field_175191_F,,,,,field,private long
bio,H,field_191743_I,,,,,field,"private final Map<ChatMessageType, List<IChatListener>>"
bip,b,field_110325_k,,,,,field,public static final MinecraftKey
bip,c,field_110323_l,,,,,field,public static final MinecraftKey
bip,d,field_110324_m,,,,,field,public static final MinecraftKey
bip,e,field_73735_i,,,,,field,protected float
biq,a,field_148253_a,,,,,field,private static final MinecraftKey
biq,b,field_148251_b,,,,,field,private final TextureManager
biq,c,field_148252_c,,,,,field,"private final Map<String, MapItemRenderer$Instance>"
biq$a,b,field_148242_b,,,,,field,private final WorldMap
biq$a,c,field_148243_c,,,,,field,private final DynamicTexture
biq$a,d,field_148240_d,,,,,field,private final MinecraftKey
biq$a,e,field_148241_e,,,,,field,private final int[]
boo$b,a,field_178666_a,,,,,field,private final int
boo$b,b,field_178665_b,,,,,field,private final boolean
bot,a,field_178674_a,,,,,field,private static final com.google.common.collect.Ordering<NetworkPlayerInfo>
bot,b,field_178673_b,,,,,field,private final List<ISpectatorMenuObject>
bos,a,field_178684_a,,,,,field,private final ISpectatorMenuView
bos,b,field_178682_b,,,,,field,private final List<ISpectatorMenuObject>
bos,c,field_178683_c,,,,,field,private final int
bou$a,b,field_178676_b,,,,,field,private final ScoreboardTeam
bou$a,c,field_178677_c,,,,,field,private final MinecraftKey
bou$a,d,field_178675_d,,,,,field,private final List<NetworkPlayerInfo>
bou,a,field_178672_a,,,,,field,private final List<ISpectatorMenuObject>
bom,a,field_178668_a,,,,,field,private final com.mojang.authlib.GameProfile
bom,b,field_178667_b,,,,,field,private final MinecraftKey
bon,a,field_178671_a,,,,,field,private final List<ISpectatorMenuObject>
boo,b,field_178655_b,,,,,field,private static final ISpectatorMenuObject
boo,c,field_178656_c,,,,,field,private static final ISpectatorMenuObject
boo,d,field_178653_d,,,,,field,private static final ISpectatorMenuObject
boo,e,field_178654_e,,,,,field,private static final ISpectatorMenuObject
boo,a,field_178657_a,,,,,field,public static final ISpectatorMenuObject
boo,f,field_178651_f,,,,,field,private final ISpectatorMenuRecipient
boo,g,field_178652_g,,,,,field,private final List<SpectatorDetails>
boo,h,field_178659_h,,,,,field,private ISpectatorMenuView
boo,i,field_178660_i,,,,,field,private int
boo,j,field_178658_j,,,,,field,private int
bxe,d,field_147537_c,,,,,field,private static final MinecraftKey
bxe,e,field_147534_d,,,,,field,private static final MinecraftKey
bxe,f,field_147535_e,,,,,field,private static final MinecraftKey
bxe,g,field_147532_f,,,,,field,private static final MinecraftKey
bxe,h,field_188191_h,,,,,field,private static final MinecraftKey
bxe,i,field_188192_i,,,,,field,private final ModelDragonHead
bxe,a,field_147536_b,,,,,field,public static TileEntitySkullRenderer
bxe,j,field_178467_h,,,,,field,private final ModelSkeletonHead
bxe,k,field_178468_i,,,,,field,private final ModelSkeletonHead
bww,b,field_178460_a,,,,,field,protected static final MinecraftKey[]
bww,c,field_147501_a,,,,,field,protected TileEntityRendererDispatcher
bws,a,field_178465_e,,,,,field,private final ModelBanner
bwx,a,field_147507_b,,,,,field,private static final MinecraftKey
bwx,d,field_147508_c,,,,,field,private static final MinecraftKey
bwx,e,field_147505_d,,,,,field,private static final MinecraftKey
bwx,f,field_147506_e,,,,,field,private static final MinecraftKey
bwx,g,field_147503_f,,,,,field,private static final MinecraftKey
bwx,h,field_147504_g,,,,,field,private static final MinecraftKey
bwx,i,field_147510_h,,,,,field,private final ModelChest
bwx,j,field_147511_i,,,,,field,private final ModelChest
bwx,k,field_147509_j,,,,,field,private boolean
bxh,a,field_147529_c,,,,,field,private static final MinecraftKey
bxh,d,field_147526_d,,,,,field,private static final MinecraftKey
bxh,e,field_147527_e,,,,,field,private static final Random
bxh,f,field_188201_h,,,,,field,private static final FloatBuffer
bxh,g,field_188202_i,,,,,field,private static final FloatBuffer
bxh,h,field_147528_b,,,,,field,private final FloatBuffer
bxg,a,field_188199_f,,,,,field,private static final MinecraftKey
bxd,a,field_147513_b,,,,,field,private static final MinecraftKey
bxd,d,field_147514_c,,,,,field,private final ModelSign
bwt,a,field_147523_b,,,,,field,public static final MinecraftKey
bwz,a,field_147520_b,,,,,field,private static final MinecraftKey
bwz,d,field_147521_c,,,,,field,private final ModelChest
bwv,n,field_147559_m,,,,,field,"private final Map<Class<? extends TileEntity>, TileEntitySpecialRenderer<? extends TileEntity>>"
bwv,a,field_147556_a,,,,,field,public static TileEntityRendererDispatcher
bwv,o,field_147557_n,,,,,field,private FontRenderer
bwv,b,field_147554_b,,,,,field,public static double
bwv,c,field_147555_c,,,,,field,public static double
bwv,d,field_147552_d,,,,,field,public static double
bwv,e,field_147553_e,,,,,field,public TextureManager
bwv,f,field_147550_f,,,,,field,public World
bwv,g,field_147551_g,,,,,field,public Entity
bwv,h,field_147562_h,,,,,field,public float
bwv,i,field_147563_i,,,,,field,public float
bwv,j,field_190057_j,,,,,field,public MovingObjectPosition
bwv,k,field_147560_j,,,,,field,public double
bwv,l,field_147561_k,,,,,field,public double
bwv,m,field_147558_l,,,,,field,public double
bwy,a,field_147540_b,,,,,field,private static final MinecraftKey
bwy,d,field_147541_c,,,,,field,private final ModelBook
bxc,a,field_191285_a,,,,,field,private final ModelShulker
bxb,a,field_178462_c,,,,,field,private final BlockRendererDispatcher
bwu,a,field_193848_a,,,,,field,private static final MinecraftKey[]
bwu,d,field_193849_d,,,,,field,private ModelBed
bwu,e,field_193850_e,,,,,field,private int
bvb,a,field_147622_a,,,,,field,public int
bvb,b,field_147620_b,,,,,field,public int
bvb,c,field_147621_c,,,,,field,public int
bvb,d,field_147618_d,,,,,field,public int
bvb,e,field_147619_e,,,,,field,public boolean
bvb,f,field_147616_f,,,,,field,public int
bvb,g,field_147617_g,,,,,field,public int
bvb,h,field_147624_h,,,,,field,public int
bvb,i,field_147625_i,,,,,field,public float[]
bvb,j,field_147623_j,,,,,field,public int
buq$t,a,field_179078_a,,,,,field,public GlStateManager$StencilFunc
buq$t,b,field_179076_b,,,,,field,public int
buq$t,c,field_179077_c,,,,,field,public int
buq$t,d,field_179074_d,,,,,field,public int
buq$t,e,field_179075_e,,,,,field,public int
buq$e,a,field_179195_a,,,,,field,public float
buq$e,b,field_179193_b,,,,,field,public float
buq$e,c,field_179194_c,,,,,field,public float
buq$e,d,field_179192_d,,,,,field,public float
buq$a,a,field_179208_a,,,,,field,public GlStateManager$BooleanState
buq$a,b,field_179206_b,,,,,field,public int
buq$a,c,field_179207_c,,,,,field,public float
bvc,a,field_178183_a,,,,,field,private final BufferBuilder
bvc,b,field_178182_b,,,,,field,private final WorldVertexBufferUploader
bvc,c,field_78398_a,,,,,field,private static final Tessellator
buo,e,field_147710_q,,,,,field,private static final org.apache.logging.log4j.Logger
buo,f,field_110924_q,,,,,field,private static final MinecraftKey
buo,g,field_110923_r,,,,,field,private static final MinecraftKey
buo,a,field_78517_a,,,,,field,public static boolean
buo,b,field_78515_b,,,,,field,public static int
buo,h,field_78531_r,,,,,field,private final Minecraft
buo,i,field_147711_ac,,,,,field,private final IResourceManager
buo,j,field_78537_ab,,,,,field,private final Random
buo,k,field_78530_s,,,,,field,private float
buo,c,field_78516_c,,,,,field,public final ItemRenderer
buo,l,field_147709_v,,,,,field,private final MapItemRenderer
buo,m,field_78529_t,,,,,field,private int
buo,n,field_78528_u,,,,,field,private Entity
buo,o,field_78527_v,,,,,field,private final MouseFilter
buo,p,field_78526_w,,,,,field,private final MouseFilter
buo,q,field_78490_B,,,,,field,private final float
buo,r,field_78491_C,,,,,field,private float
buo,s,field_78496_H,,,,,field,private float
buo,t,field_78497_I,,,,,field,private float
buo,u,field_78498_J,,,,,field,private float
buo,v,field_78499_K,,,,,field,private float
buo,w,field_78492_L,,,,,field,private float
buo,x,field_78507_R,,,,,field,private float
buo,y,field_78506_S,,,,,field,private float
buo,z,field_82831_U,,,,,field,private float
buo,A,field_82832_V,,,,,field,private float
buo,B,field_78500_U,,,,,field,private boolean
buo,C,field_175074_C,,,,,field,private boolean
buo,D,field_175073_D,,,,,field,private boolean
buo,E,field_184374_E,,,,,field,private long
buo,F,field_78508_Y,,,,,field,private long
buo,G,field_78510_Z,,,,,field,private long
buo,H,field_78513_d,,,,,field,private final DynamicTexture
buo,I,field_78504_Q,,,,,field,private final int[]
buo,J,field_110922_T,,,,,field,private final MinecraftKey
buo,K,field_78536_aa,,,,,field,private boolean
buo,L,field_78514_e,,,,,field,private float
buo,M,field_175075_L,,,,,field,private float
buo,N,field_78534_ac,,,,,field,private int
buo,O,field_175076_N,,,,,field,private final float[]
buo,P,field_175077_O,,,,,field,private final float[]
buo,Q,field_78521_m,,,,,field,private final FloatBuffer
buo,R,field_175080_Q,,,,,field,private float
buo,S,field_175082_R,,,,,field,private float
buo,T,field_175081_S,,,,,field,private float
buo,U,field_78535_ad,,,,,field,private float
buo,V,field_78539_ae,,,,,field,private float
buo,W,field_175079_V,,,,,field,private int
buo,X,field_175078_W,,,,,field,private boolean
buo,Y,field_78503_V,,,,,field,private double
buo,Z,field_78502_W,,,,,field,private double
buo,aa,field_78509_X,,,,,field,private double
buo,ab,field_190566_ab,,,,,field,private ItemStack
buo,ac,field_190567_ac,,,,,field,private int
buo,ad,field_190568_ad,,,,,field,private float
buo,ae,field_190569_ae,,,,,field,private float
buo,af,field_147707_d,,,,,field,private ShaderGroup
buo,ag,field_147712_ad,,,,,field,private static final MinecraftKey[]
buo,d,field_147708_e,,,,,field,public static final int
buo,ah,field_147713_ae,,,,,field,private int
buo,ai,field_175083_ad,,,,,field,private boolean
buo,aj,field_175084_ae,,,,,field,private int
buq$h,a,field_179191_a,,,,,field,public GlStateManager$BooleanState
buq$h,b,field_179189_b,,,,,field,public int
buq$h,c,field_179190_c,,,,,field,public int
bun$b,a,field_179184_a,,,,,field,public final int
bun$b,b,field_179182_b,,,,,field,public final int
bun$b,c,field_179183_c,,,,,field,public final int
bus,a,field_110931_c,,,,,field,private static final MinecraftKey
bus,b,field_110929_d,,,,,field,private static final MinecraftKey
bus,c,field_78455_a,,,,,field,private final Minecraft
bus,d,field_187467_d,,,,,field,private ItemStack
bus,e,field_187468_e,,,,,field,private ItemStack
bus,f,field_187469_f,,,,,field,private float
bus,g,field_187470_g,,,,,field,private float
bus,h,field_187471_h,,,,,field,private float
bus,i,field_187472_i,,,,,field,private float
bus,j,field_178111_g,,,,,field,private final RenderManager
bus,k,field_178112_h,,,,,field,private final RenderItem
byi,a,field_193851_a,,,,,field,private final Minecraft
byd,a,field_191312_a,,,,,field,private final Minecraft
byd,b,field_191313_b,,,,,field,private EntityHuman
byd,c,field_191314_c,,,,,field,private double
byd,d,field_191315_d,,,,,field,private double
byd,e,field_191316_e,,,,,field,private double
byj,a,field_188288_a,,,,,field,private final Minecraft
byj,b,field_190062_b,,,,,field,private EntityHuman
byj,c,field_190063_c,,,,,field,private double
byj,d,field_190064_d,,,,,field,private double
byj,e,field_190065_e,,,,,field,private double
bye,a,field_188286_a,,,,,field,public final DebugRenderer$IDebugRenderer
bye,b,field_188287_b,,,,,field,public final DebugRenderer$IDebugRenderer
bye,c,field_190077_c,,,,,field,public final DebugRenderer$IDebugRenderer
bye,d,field_190078_d,,,,,field,public final DebugRenderer$IDebugRenderer
bye,e,field_191325_e,,,,,field,public final DebugRenderer$IDebugRenderer
bye,f,field_191557_f,,,,,field,public final DebugRenderer$IDebugRenderer
bye,g,field_193852_g,,,,,field,public final DebugRenderer$IDebugRenderer
bye,h,field_190079_e,,,,,field,private boolean
bye,i,field_190080_f,,,,,field,private boolean
bye,j,field_190081_g,,,,,field,private boolean
bye,k,field_190082_h,,,,,field,private boolean
bye,l,field_191326_j,,,,,field,private boolean
bye,m,field_191558_l,,,,,field,private boolean
bye,n,field_193853_n,,,,,field,private boolean
byh,a,field_188290_a,,,,,field,private final Minecraft
byh,b,field_188291_b,,,,,field,"private final Map<Integer, PathEntity>"
byh,c,field_188292_c,,,,,field,"private final Map<Integer, Float>"
byh,d,field_188293_d,,,,,field,"private final Map<Integer, Long>"
byh,e,field_190068_e,,,,,field,private EntityHuman
byh,f,field_190069_f,,,,,field,private double
byh,g,field_190070_g,,,,,field,private double
byh,h,field_190071_h,,,,,field,private double
byc,a,field_190072_a,,,,,field,private final Minecraft
byg,a,field_191554_a,,,,,field,private final Minecraft
byg,b,field_191555_b,,,,,field,"private final Map<Long, Map<BlockPosition, Integer>>"
byf,a,field_190061_a,,,,,field,private final Minecraft
bvj,a,field_178129_a,,,,,field,"private final Map<IBlockData, IBakedModel>"
bvj,b,field_178127_b,,,,,field,private final BlockStateMapper
bvj,c,field_178128_c,,,,,field,private final ModelManager
bvm,a,field_187499_a,,,,,field,private final BlockColors
bwm,b,field_178133_b,,,,,field,"protected Map<IBlockData, ModelResourceLocation>"
bwp$a,a,field_178445_a,,,,,field,private IBlockState<?>
bwp$a,b,field_178443_b,,,,,field,private String
bwp$a,c,field_178444_c,,,,,field,private final List<IBlockState<?>>
bwn,a,field_178450_a,,,,,field,"private final Map<Block, IStateMapper>"
bwn,b,field_178449_b,,,,,field,private final Set<Block>
bwp,a,field_178142_a,,,,,field,private final IBlockState<?>
bwp,c,field_178141_c,,,,,field,private final String
bwp,d,field_178140_d,,,,,field,private final List<IBlockState<?>>
bvm$a,a,DOWN,,,,,enum,
bvm$a,b,UP,,,,,enum,
bvm$a,c,NORTH,,,,,enum,
bvm$a,d,SOUTH,,,,,enum,
bvm$a,e,WEST,,,,,enum,
bvm$a,f,EAST,,,,,enum,
bvm$a,g,field_178276_g,,,,,field,private final EnumDirection[]
bvm$a,h,field_178288_h,,,,,field,private final float
bvm$a,i,field_178289_i,,,,,field,private final boolean
bvm$a,j,field_178286_j,,,,,field,private final BlockModelRenderer$Orientation[]
bvm$a,k,field_178287_k,,,,,field,private final BlockModelRenderer$Orientation[]
bvm$a,l,field_178284_l,,,,,field,private final BlockModelRenderer$Orientation[]
bvm$a,m,field_178285_m,,,,,field,private final BlockModelRenderer$Orientation[]
bvm$a,n,field_178282_n,,,,,field,private static final BlockModelRenderer$EnumNeighborInfo[]
bvm$c,a,DOWN,,,,,enum,
bvm$c,b,UP,,,,,enum,
bvm$c,c,NORTH,,,,,enum,
bvm$c,d,SOUTH,,,,,enum,
bvm$c,e,WEST,,,,,enum,
bvm$c,f,EAST,,,,,enum,
bvm$c,g,field_178191_g,,,,,field,private final int
bvm$c,h,field_178200_h,,,,,field,private final int
bvm$c,i,field_178201_i,,,,,field,private final int
bvm$c,j,field_178198_j,,,,,field,private final int
bvm$c,k,field_178199_k,,,,,field,private static final BlockModelRenderer$VertexTranslations[]
bvm$b,b,field_178206_b,,,,,field,private final float[]
bvm$b,c,field_178207_c,,,,,field,private final int[]
bvm$d,a,DOWN,,,,,enum,
bvm$d,b,UP,,,,,enum,
bvm$d,c,NORTH,,,,,enum,
bvm$d,d,SOUTH,,,,,enum,
bvm$d,e,WEST,,,,,enum,
bvm$d,f,EAST,,,,,enum,
bvm$d,g,FLIP_DOWN,,,,,enum,
bvm$d,h,FLIP_UP,,,,,enum,
bvm$d,i,FLIP_NORTH,,,,,enum,
bvm$d,j,FLIP_SOUTH,,,,,enum,
bvm$d,k,FLIP_WEST,,,,,enum,
bvm$d,l,FLIP_EAST,,,,,enum,
bvm$d,m,field_178229_m,,,,,field,private final int
bvk,a,field_175028_a,,,,,field,private final BlockModelShapes
bvk,b,field_175027_c,,,,,field,private final BlockModelRenderer
bvk,c,field_175024_d,,,,,field,private final ChestRenderer
bvk,d,field_175025_e,,,,,field,private final BlockFluidRenderer
bvl,a,field_187500_a,,,,,field,private final BlockColors
bvl,b,field_178272_a,,,,,field,private final TextureAtlasSprite[]
bvl,c,field_178271_b,,,,,field,private final TextureAtlasSprite[]
bvl,d,field_187501_d,,,,,field,private TextureAtlasSprite
bwi$a,a,field_188163_a,,,,,field,"private static final com.google.common.base.Function<com.google.gson.JsonElement, ICondition>"
bwi$a,b,field_188164_b,,,,,field,"private static final com.google.common.base.Function<Map$Entry<String, com.google.gson.JsonElement>, ICondition>"
bwe,a,field_188119_a,,,,,field,ICondition
bwe,b,field_188120_b,,,,,field,ICondition
bwh,c,field_188127_c,,,,,field,final Iterable<ICondition>
bwi,a,field_188167_a,,,,,field,private final ICondition
bwi,b,field_188168_b,,,,,field,private final VariantList
bwg,a,field_188139_a,,,,,field,private final List<Selector>
bwg,b,field_188140_b,,,,,field,private BlockStateList
bwd,c,field_188121_c,,,,,field,private final Iterable<ICondition>
bwf,c,field_188124_c,,,,,field,private static final com.google.common.base.Splitter
bwf,d,field_188125_d,,,,,field,private final String
bwf,e,field_188126_e,,,,,field,private final String
bvo,a,field_178241_a,,,,,field,public final org.lwjgl.util.vector.Vector3f
bvo,b,field_178239_b,,,,,field,public final org.lwjgl.util.vector.Vector3f
bvo,c,field_178240_c,,,,,field,"public final Map<EnumDirection, BlockPartFace>"
bvo,d,field_178237_d,,,,,field,public final BlockPartRotation
bvo,e,field_178238_e,,,,,field,public final boolean
bwc,a,field_188050_a,,,,,field,private final MinecraftKey
bwc,b,field_188051_b,,,,,field,private final ModelRotation
bwc,c,field_188052_c,,,,,field,private final boolean
bwc,d,field_188053_d,,,,,field,private final int
bwb,a,field_188115_a,,,,,field,private final List<Variant>
bvy,a,field_188022_a,,,,,field,public static final ItemOverrideList
bvy,b,field_188023_b,,,,,field,private final List<ItemOverride>
bwa,a,field_178357_a,,,,,field,public static final ItemCameraTransforms
bwa,b,field_181690_b,,,,,field,public static float
bwa,c,field_181691_c,,,,,field,public static float
bwa,d,field_181692_d,,,,,field,public static float
bwa,e,field_181693_e,,,,,field,public static float
bwa,f,field_181694_f,,,,,field,public static float
bwa,g,field_181695_g,,,,,field,public static float
bwa,h,field_181696_h,,,,,field,public static float
bwa,i,field_181697_i,,,,,field,public static float
bwa,j,field_181698_j,,,,,field,public static float
bwa,k,field_188036_k,,,,,field,public final ItemTransformVec3f
bwa,l,field_188037_l,,,,,field,public final ItemTransformVec3f
bwa,m,field_188038_m,,,,,field,public final ItemTransformVec3f
bwa,n,field_188039_n,,,,,field,public final ItemTransformVec3f
bwa,o,field_178353_d,,,,,field,public final ItemTransformVec3f
bwa,p,field_178354_e,,,,,field,public final ItemTransformVec3f
bwa,q,field_181699_o,,,,,field,public final ItemTransformVec3f
bwa,r,field_181700_p,,,,,field,public final ItemTransformVec3f
bvz,a,field_178366_a,,,,,field,public static final ItemTransformVec3f
bvz,b,field_178364_b,,,,,field,public final org.lwjgl.util.vector.Vector3f
bvz,c,field_178365_c,,,,,field,public final org.lwjgl.util.vector.Vector3f
bvz,d,field_178363_d,,,,,field,public final org.lwjgl.util.vector.Vector3f
bvu,e,field_178218_d,,,,,field,private final TextureAtlasSprite
bvw,a,field_178398_a,,,,,field,public static final List<String>
bvs,f,field_178313_f,,,,,field,private static final org.apache.logging.log4j.Logger
bvs,a,field_178319_a,,,,,field,static final com.google.gson.Gson
bvs,g,field_178314_g,,,,,field,private final List<BlockPart>
bvs,h,field_178321_h,,,,,field,private final boolean
bvs,i,field_178322_i,,,,,field,private final boolean
bvs,j,field_178320_j,,,,,field,private final ItemCameraTransforms
bvs,k,field_187968_k,,,,,field,private final List<ItemOverride>
bvs,b,field_178317_b,,,,,field,public String
bvs,c,field_178318_c,,,,,field,"protected final Map<String, String>"
bvs,d,field_178315_d,,,,,field,protected ModelBlock
bvs,e,field_178316_e,,,,,field,protected MinecraftKey
bwa$b,a,NONE,,,,,enum,
bwa$b,b,THIRD_PERSON_LEFT_HAND,,,,,enum,
bwa$b,c,THIRD_PERSON_RIGHT_HAND,,,,,enum,
bwa$b,d,FIRST_PERSON_LEFT_HAND,,,,,enum,
bwa$b,e,FIRST_PERSON_RIGHT_HAND,,,,,enum,
bwa$b,f,HEAD,,,,,enum,
bwa$b,g,GUI,,,,,enum,
bwa$b,h,GROUND,,,,,enum,
bwa$b,i,FIXED,,,,,enum,
bvr,a,field_178351_a,,,,,field,public float[]
bvr,b,field_178350_b,,,,,field,public final int
bvs$a,a,field_178324_a,,,,,field,public final ModelBlock
bvs$a,b,field_178323_b,,,,,field,public ModelBlock
bvw$a,a,field_178389_a,,,,,field,private final ItemModelGenerator$SpanFacing
bvw$a,b,field_178387_b,,,,,field,private int
bvw$a,c,field_178388_c,,,,,field,private int
bvw$a,d,field_178386_d,,,,,field,private final int
bvz$a,a,field_178362_a,,,,,field,private static final org.lwjgl.util.vector.Vector3f
bvz$a,b,field_178360_b,,,,,field,private static final org.lwjgl.util.vector.Vector3f
bvz$a,c,field_178361_c,,,,,field,private static final org.lwjgl.util.vector.Vector3f
bvq,a,field_178344_a,,,,,field,public final org.lwjgl.util.vector.Vector3f
bvq,b,field_178342_b,,,,,field,public final EnumDirection$EnumAxis
bvq,c,field_178343_c,,,,,field,public final float
bvq,d,field_178341_d,,,,,field,public final boolean
bvv,a,field_178418_a,,,,,field,private static final float
bvv,b,field_178417_b,,,,,field,private static final float
bvv,c,field_188016_c,,,,,field,private static final FaceBakery$Rotation[]
bvv,d,field_188017_d,,,,,field,private static final FaceBakery$Rotation
bvv,e,field_188018_e,,,,,field,private static final FaceBakery$Rotation
bvv,f,field_188019_f,,,,,field,private static final FaceBakery$Rotation
bvv,g,field_188020_g,,,,,field,private static final FaceBakery$Rotation
bvp,a,field_178246_a,,,,,field,public static final EnumDirection
bvp,b,field_178244_b,,,,,field,public final EnumDirection
bvp,c,field_178245_c,,,,,field,public final int
bvp,d,field_178242_d,,,,,field,public final String
bvp,e,field_178243_e,,,,,field,public final BlockFaceUV
bvw$b,a,UP,,,,,enum,
bvw$b,b,DOWN,,,,,enum,
bvw$b,c,LEFT,,,,,enum,
bvw$b,d,RIGHT,,,,,enum,
bvw$b,e,field_178376_e,,,,,field,private final EnumDirection
bvw$b,f,field_178373_f,,,,,field,private final int
bvw$b,g,field_178374_g,,,,,field,private final int
bvn,a,field_178215_a,,,,,field,protected final int[]
bvn,b,field_178213_b,,,,,field,protected final int
bvn,c,field_178214_c,,,,,field,protected final EnumDirection
bvn,d,field_187509_d,,,,,field,protected final TextureAtlasSprite
bvt,a,field_178333_a,,,,,field,static final com.google.gson.Gson
bvt,b,field_178332_b,,,,,field,"private final Map<String, VariantList>"
bvt,c,field_188005_c,,,,,field,private Multipart
bvx,a,field_188028_a,,,,,field,private final MinecraftKey
bvx,b,field_188029_b,,,,,field,"private final Map<MinecraftKey, Float>"
buq$v,a,field_179067_a,,,,,field,public GlStateManager$BooleanState
buq$v,b,field_179065_b,,,,,field,public int
buq$v,c,field_179066_c,,,,,field,public int
bun,a,DOWN,,,,,enum,
bun,b,UP,,,,,enum,
bun,c,NORTH,,,,,enum,
bun,d,SOUTH,,,,,enum,
bun,e,WEST,,,,,enum,
bun,f,EAST,,,,,enum,
bun,g,field_179029_g,,,,,field,private static final EnumFaceDirection[]
bun,h,field_179035_h,,,,,field,private final EnumFaceDirection$VertexInformation[]
bul,c,field_178008_c,,,,,field,private double
bul,d,field_178005_d,,,,,field,private double
bul,e,field_178006_e,,,,,field,private double
bul,a,field_178009_a,,,,,field,protected List<RenderChunk>
bul,b,field_178007_b,,,,,field,protected boolean
buw,b,field_147599_m,,,,,field,private static final org.apache.logging.log4j.Logger
buw,c,field_110927_h,,,,,field,private static final MinecraftKey
buw,d,field_110928_i,,,,,field,private static final MinecraftKey
buw,e,field_110925_j,,,,,field,private static final MinecraftKey
buw,f,field_110926_k,,,,,field,private static final MinecraftKey
buw,g,field_175006_g,,,,,field,private static final MinecraftKey
buw,h,field_72777_q,,,,,field,private final Minecraft
buw,i,field_72770_i,,,,,field,private final TextureManager
buw,j,field_175010_j,,,,,field,private final RenderManager
buw,k,field_72769_h,,,,,field,private WorldClient
buw,l,field_175009_l,,,,,field,private Set<RenderChunk>
buw,m,field_72755_R,,,,,field,private List<RenderGlobal$ContainerLocalRenderInformation>
buw,n,field_181024_n,,,,,field,private final Set<TileEntity>
buw,o,field_175008_n,,,,,field,private ViewFrustum
buw,p,field_72772_v,,,,,field,private int
buw,q,field_72771_w,,,,,field,private int
buw,r,field_72781_x,,,,,field,private int
buw,s,field_175014_r,,,,,field,private final VertexFormat
buw,t,field_175013_s,,,,,field,private VertexBuffer
buw,u,field_175012_t,,,,,field,private VertexBuffer
buw,v,field_175011_u,,,,,field,private VertexBuffer
buw,w,field_72773_u,,,,,field,private int
buw,x,field_72738_E,,,,,field,"private final Map<Integer, DestroyBlockProgress>"
buw,y,field_147593_P,,,,,field,"private final Map<BlockPosition, ISound>"
buw,z,field_94141_F,,,,,field,private final TextureAtlasSprite[]
buw,A,field_175015_z,,,,,field,private Framebuffer
buw,B,field_174991_A,,,,,field,private ShaderGroup
buw,C,field_174992_B,,,,,field,private double
buw,D,field_174993_C,,,,,field,private double
buw,E,field_174987_D,,,,,field,private double
buw,F,field_174988_E,,,,,field,private int
buw,G,field_174989_F,,,,,field,private int
buw,H,field_174990_G,,,,,field,private int
buw,I,field_174997_H,,,,,field,private double
buw,J,field_174998_I,,,,,field,private double
buw,K,field_174999_J,,,,,field,private double
buw,L,field_175000_K,,,,,field,private double
buw,M,field_174994_L,,,,,field,private double
buw,N,field_174995_M,,,,,field,private ChunkRenderDispatcher
buw,O,field_174996_N,,,,,field,private ChunkRenderContainer
buw,P,field_72739_F,,,,,field,private int
buw,Q,field_72740_G,,,,,field,private int
buw,R,field_72748_H,,,,,field,private int
buw,S,field_72749_I,,,,,field,private int
buw,T,field_72750_J,,,,,field,private int
buw,U,field_175002_T,,,,,field,private boolean
buw,V,field_175001_U,,,,,field,private ClippingHelper
buw,W,field_175004_V,,,,,field,private final org.lwjgl.util.vector.Vector4f[]
buw,X,field_175003_W,,,,,field,private final Vector3d
buw,Y,field_175005_X,,,,,field,private boolean
buw,a,field_175007_a,,,,,field,IRenderChunkFactory
buw,Z,field_147596_f,,,,,field,private double
buw,aa,field_147597_g,,,,,field,private double
buw,ab,field_147602_h,,,,,field,private double
buw,ac,field_147595_R,,,,,field,private boolean
buw,ad,field_184386_ad,,,,,field,private boolean
buw,ae,field_184387_ae,,,,,field,private final Set<BlockPosition>
but,a,field_178093_a,,,,,field,"private final Map<Integer, ModelResourceLocation>"
but,b,field_178091_b,,,,,field,"private final Map<Integer, IBakedModel>"
but,c,field_178092_c,,,,,field,"private final Map<Item, ItemMeshDefinition>"
but,d,field_178090_d,,,,,field,private final ModelManager
bxk$a,b,field_188241_b,,,,,field,private final com.google.common.util.concurrent.ListenableFutureTask<Object>
bxk$a,c,field_188242_c,,,,,field,private final double
bxk,a,field_178523_a,,,,,field,private static final org.apache.logging.log4j.Logger
bxk,b,field_178521_b,,,,,field,private static final ThreadFactory
bxk,c,field_188249_c,,,,,field,private final int
bxk,d,field_188250_d,,,,,field,private final List<Thread>
bxk,e,field_178522_c,,,,,field,private final List<ChunkRenderWorker>
bxk,f,field_178519_d,,,,,field,private final PriorityBlockingQueue<ChunkCompileTaskGenerator>
bxk,g,field_178520_e,,,,,field,private final BlockingQueue<RegionRenderCacheBuilder>
bxk,h,field_178517_f,,,,,field,private final WorldVertexBufferUploader
bxk,i,field_178518_g,,,,,field,private final VertexBufferUploader
bxk,j,field_178524_h,,,,,field,private final Queue<ChunkRenderDispatcher$PendingUpload>
bxk,k,field_178525_i,,,,,field,private final ChunkRenderWorker
bxl,a,field_152478_a,,,,,field,private static final org.apache.logging.log4j.Logger
bxl,b,field_178477_b,,,,,field,private final ChunkRenderDispatcher
bxl,c,field_178478_c,,,,,field,private final RegionRenderCacheBuilder
bxl,d,field_188265_d,,,,,field,private boolean
bxj$b,a,REBUILD_CHUNK,,,,,enum,
bxj$b,b,RESORT_TRANSPARENCY,,,,,enum,
bxj,a,field_178553_a,,,,,field,private final RenderChunk
bxj,b,field_178551_b,,,,,field,private final ReentrantLock
bxj,c,field_178552_c,,,,,field,private final List<Runnable>
bxj,d,field_178549_d,,,,,field,private final ChunkCompileTaskGenerator$Type
bxj,e,field_188229_e,,,,,field,private final double
bxj,f,field_178550_e,,,,,field,private RegionRenderCacheBuilder
bxj,g,field_178547_f,,,,,field,private CompiledChunk
bxj,h,field_178548_g,,,,,field,private ChunkCompileTaskGenerator$Status
bxj,i,field_178554_h,,,,,field,private boolean
bxp,d,field_178588_d,,,,,field,private World
bxp,e,field_178589_e,,,,,field,private final RenderGlobal
bxp,a,field_178592_a,,,,,field,public static int
bxp,b,field_178590_b,,,,,field,public CompiledChunk
bxp,f,field_178587_g,,,,,field,private final ReentrantLock
bxp,g,field_178598_h,,,,,field,private final ReentrantLock
bxp,h,field_178599_i,,,,,field,private ChunkCompileTaskGenerator
bxp,i,field_181056_j,,,,,field,private final Set<TileEntity>
bxp,j,field_178596_j,,,,,field,private final int
bxp,k,field_178597_k,,,,,field,private final FloatBuffer
bxp,l,field_178594_l,,,,,field,private final VertexBuffer[]
bxp,c,field_178591_c,,,,,field,public AxisAlignedBB
bxp,m,field_178595_m,,,,,field,private int
bxp,n,field_178593_n,,,,,field,private boolean
bxp,o,field_178586_f,,,,,field,private final BlockPosition$MutableBlockPosition
bxp,p,field_181702_p,,,,,field,private final BlockPosition$MutableBlockPosition[]
bxp,q,field_188284_q,,,,,field,private boolean
bxp,r,field_189564_r,,,,,field,private ChunkCache
bxt,a,field_178623_a,,,,,field,private static final int
bxt,b,field_178622_b,,,,,field,private final BitSet
bxo,d,field_178601_d,,,,,field,private final int
bxs,a,field_178616_a,,,,,field,private static final int
bxs,b,field_178614_b,,,,,field,private static final int
bxs,c,field_178615_c,,,,,field,private static final int
bxs,d,field_178612_d,,,,,field,private final BitSet
bxs,e,field_178613_e,,,,,field,private static final int[]
bxs,f,field_178611_f,,,,,field,private int
bxj$a,a,PENDING,,,,,enum,
bxj$a,b,COMPILING,,,,,enum,
bxj$a,c,UPLOADING,,,,,enum,
bxj$a,d,DONE,,,,,enum,
bxm,a,field_178502_a,,,,,field,public static final CompiledChunk
bxm,b,field_178500_b,,,,,field,private final boolean[]
bxm,c,field_178501_c,,,,,field,private final boolean[]
bxm,d,field_178498_d,,,,,field,private boolean
bxm,e,field_178499_e,,,,,field,private final List<TileEntity>
bxm,f,field_178496_f,,,,,field,private SetVisibility
bxm,g,field_178497_g,,,,,field,private BufferBuilder$State
bun$a,a,field_179181_a,,,,,field,public static final int
bun$a,b,field_179179_b,,,,,field,public static final int
bun$a,c,field_179180_c,,,,,field,public static final int
bun$a,d,field_179177_d,,,,,field,public static final int
bun$a,e,field_179178_e,,,,,field,public static final int
bun$a,f,field_179176_f,,,,,field,public static final int
buq$j,a,field_179054_a,,,,,field,public GlStateManager$BooleanState
buq$j,b,field_179053_b,,,,,field,public int
buq$i,a,FRONT,,,,,enum,
buq$i,b,BACK,,,,,enum,
buq$i,c,FRONT_AND_BACK,,,,,enum,
buq$i,d,field_187328_d,,,,,field,public final int
buq$n,a,field_179049_a,,,,,field,public GlStateManager$BooleanState
buq$n,b,field_179047_b,,,,,field,public int
buq$n,c,field_179048_c,,,,,field,public float
buq$n,d,field_179045_d,,,,,field,public float
buq$n,e,field_179046_e,,,,,field,public float
buq$x,a,field_179060_a,,,,,field,public GlStateManager$BooleanState
buq$x,b,field_179059_b,,,,,field,public int
buq$s,a,field_179081_a,,,,,field,public int
buq$s,c,field_179080_c,,,,,field,public int
buq$r,a,CONSTANT_ALPHA,,,,,enum,
buq$r,b,CONSTANT_COLOR,,,,,enum,
buq$r,c,DST_ALPHA,,,,,enum,
buq$r,d,DST_COLOR,,,,,enum,
buq$r,e,ONE,,,,,enum,
buq$r,f,ONE_MINUS_CONSTANT_ALPHA,,,,,enum,
buq$r,g,ONE_MINUS_CONSTANT_COLOR,,,,,enum,
buq$r,h,ONE_MINUS_DST_ALPHA,,,,,enum,
buq$r,i,ONE_MINUS_DST_COLOR,,,,,enum,
buq$r,j,ONE_MINUS_SRC_ALPHA,,,,,enum,
buq$r,k,ONE_MINUS_SRC_COLOR,,,,,enum,
buq$r,l,SRC_ALPHA,,,,,enum,
buq$r,m,SRC_ALPHA_SATURATE,,,,,enum,
buq$r,n,SRC_COLOR,,,,,enum,
buq$r,o,ZERO,,,,,enum,
buq$r,p,field_187395_p,,,,,field,public final int
bui$a,b,field_179019_b,,,,,field,private final int[]
bui$a,c,field_179018_e,,,,,field,private final VertexFormat
buq$p,a,field_179044_a,,,,,field,public GlStateManager$BooleanState
buq$p,b,field_179042_b,,,,,field,public GlStateManager$BooleanState
buq$p,c,field_179043_c,,,,,field,public float
buq$p,d,field_179041_d,,,,,field,public float
bxz,a,field_78557_a,,,,,field,public float[][]
bxz,b,field_178625_b,,,,,field,public float[]
bxz,c,field_178626_c,,,,,field,public float[]
bxz,d,field_78554_d,,,,,field,public float[]
bxy,a,field_78552_a,,,,,field,private final ClippingHelper
bxy,b,field_78550_b,,,,,field,private double
bxy,c,field_78551_c,,,,,field,private double
bxy,d,field_78549_d,,,,,field,private double
bxx,e,field_78563_e,,,,,field,private static final ClippingHelperImpl
bxx,f,field_78561_f,,,,,field,private final FloatBuffer
bxx,g,field_78562_g,,,,,field,private final FloatBuffer
bxx,h,field_78564_h,,,,,field,private final FloatBuffer
ccy,a,field_148061_a,,,,,field,private final ShaderLoader$ShaderType
ccy,b,field_148059_b,,,,,field,private final String
ccy,c,field_148060_c,,,,,field,private final int
ccy,d,field_148058_d,,,,,field,private int
cct,a,field_148118_a,,,,,field,private static JsonBlendingMode
cct,b,field_148116_b,,,,,field,private final int
cct,c,field_148117_c,,,,,field,private final int
cct,d,field_148114_d,,,,,field,private final int
cct,e,field_148115_e,,,,,field,private final int
cct,f,field_148112_f,,,,,field,private final int
cct,g,field_148113_g,,,,,field,private final boolean
cct,h,field_148119_h,,,,,field,private final boolean
ccv,a,field_148003_a,,,,,field,private static final org.apache.logging.log4j.Logger
ccv,b,field_148001_b,,,,,field,private static final ShaderDefault
ccv,c,field_148002_c,,,,,field,private static ShaderManager
ccv,d,field_147999_d,,,,,field,private static int
ccv,e,field_148000_e,,,,,field,private static boolean
ccv,f,field_147997_f,,,,,field,"private final Map<String, Object>"
ccv,g,field_147998_g,,,,,field,private final List<String>
ccv,h,field_148010_h,,,,,field,private final List<Integer>
ccv,i,field_148011_i,,,,,field,private final List<ShaderUniform>
ccv,j,field_148008_j,,,,,field,private final List<Integer>
ccv,k,field_148009_k,,,,,field,"private final Map<String, ShaderUniform>"
ccv,l,field_148006_l,,,,,field,private final int
ccv,m,field_148007_m,,,,,field,private final String
ccv,n,field_148004_n,,,,,field,private final boolean
ccv,o,field_148005_o,,,,,field,private boolean
ccv,p,field_148016_p,,,,,field,private final JsonBlendingMode
ccv,q,field_148015_q,,,,,field,private final List<Integer>
ccv,r,field_148014_r,,,,,field,private final List<String>
ccv,s,field_148013_s,,,,,field,private final ShaderLoader
ccv,t,field_148012_t,,,,,field,private final ShaderLoader
ccw,a,field_148035_a,,,,,field,private final Framebuffer
ccw,b,field_148033_b,,,,,field,private final IResourceManager
ccw,c,field_148034_c,,,,,field,private final String
ccw,d,field_148031_d,,,,,field,private final List<Shader>
ccw,e,field_148032_e,,,,,field,"private final Map<String, Framebuffer>"
ccw,f,field_148029_f,,,,,field,private final List<Framebuffer>
ccw,g,field_148030_g,,,,,field,private org.lwjgl.util.vector.Matrix4f
ccw,h,field_148038_h,,,,,field,private int
ccw,i,field_148039_i,,,,,field,private int
ccw,j,field_148036_j,,,,,field,private float
ccw,k,field_148037_k,,,,,field,private float
ccz,a,field_148080_a,,,,,field,private static final org.apache.logging.log4j.Logger
ccz,b,field_148079_b,,,,,field,private static ShaderLinkHelper
cda,a,field_148104_a,,,,,field,private static final org.apache.logging.log4j.Logger
cda,b,field_148102_b,,,,,field,private int
cda,c,field_148103_c,,,,,field,private final int
cda,d,field_148100_d,,,,,field,private final int
cda,e,field_148101_e,,,,,field,private final IntBuffer
cda,f,field_148098_f,,,,,field,private final FloatBuffer
cda,g,field_148099_g,,,,,field,private final String
cda,h,field_148105_h,,,,,field,private boolean
cda,i,field_148106_i,,,,,field,private final ShaderManager
ccx,c,field_148051_c,,,,,field,private final ShaderManager
ccx,a,field_148052_a,,,,,field,public final Framebuffer
ccx,b,field_148050_b,,,,,field,public final Framebuffer
ccx,d,field_148048_d,,,,,field,private final List<Object>
ccx,e,field_148049_e,,,,,field,private final List<String>
ccx,f,field_148046_f,,,,,field,private final List<Integer>
ccx,g,field_148047_g,,,,,field,private final List<Integer>
ccx,h,field_148053_h,,,,,field,private org.lwjgl.util.vector.Matrix4f
ccy$a,a,VERTEX,,,,,enum,
ccy$a,b,FRAGMENT,,,,,enum,
ccy$a,c,field_148072_c,,,,,field,private final String
ccy$a,d,field_148069_d,,,,,field,private final String
ccy$a,e,field_148070_e,,,,,field,private final int
ccy$a,f,field_148067_f,,,,,field,"private final Map<String, ShaderLoader>"
bzy,a,field_147923_a,,,,,field,private static final org.apache.logging.log4j.Logger
bzy,j,field_177096_e,,,,,field,private static final DynamicTexture
bzy,f,field_77045_g,,,,,field,protected ModelBase
bzy,g,field_177095_g,,,,,field,protected FloatBuffer
bzy,h,field_177097_h,,,,,field,protected List<LayerRenderer<T>>
bzy,i,field_188323_j,,,,,field,protected boolean
byl,a,field_191359_a,,,,,field,"private static final Map<Class<?>, MinecraftKey>"
byl,j,field_191360_j,,,,,field,private final float
cbj,a,field_110811_a,,,,,field,private static final MinecraftKey
cbj,f,field_110810_f,,,,,field,private static final MinecraftKey
cbj,g,field_82401_a,,,,,field,private final ModelSkeletonHead
cab,f,field_110804_g,,,,,field,private static final MinecraftKey
cab,a,field_77013_a,,,,,field,protected ModelBase
cai,a,field_110887_f,,,,,field,private static final MinecraftKey
bzk,a,field_110792_a,,,,,field,private static final MinecraftKey
bzc,a,field_177108_a,,,,,field,private static final MinecraftKey
cbd,a,field_110899_a,,,,,field,private static final MinecraftKey
caj,a,field_177120_j,,,,,field,private static final MinecraftKey
bzz,a,field_191350_a,,,,,field,private static final MinecraftKey[]
cbg,a,field_110910_a,,,,,field,private static final MinecraftKey
cbf,a,field_191357_a,,,,,field,private static final MinecraftKey
cak,a,field_190090_a,,,,,field,private static final MinecraftKey
caa,a,field_191333_a,,,,,field,private static final MinecraftKey
caa,f,field_191334_f,,,,,field,private final ModelLlamaSpit
bzh,a,field_110785_a,,,,,field,private static final MinecraftKey
bys,a,field_110893_a,,,,,field,private static final MinecraftKey
byx,a,field_188314_a,,,,,field,private static final MinecraftKey
bzs,a,field_177080_a,,,,,field,private final RenderItem
bzs,f,field_177079_e,,,,,field,private final Random
cbi,a,field_110861_l,,,,,field,private static final MinecraftKey
bzr,a,field_193121_a,,,,,field,private static final MinecraftKey
can,a,field_188348_a,,,,,field,private static final MinecraftKey
can,f,field_188349_b,,,,,field,private final ModelShulkerBullet
bzm,a,field_110871_a,,,,,field,private static final MinecraftKey
bzm,j,field_77073_a,,,,,field,private final float
cbh,a,field_110913_a,,,,,field,private static final MinecraftKey
cbh,j,field_110912_f,,,,,field,private static final MinecraftKey
byp,a,field_110835_a,,,,,field,private static final MinecraftKey
caw,a,field_190084_m,,,,,field,private static final MinecraftKey
cbl,a,field_110865_p,,,,,field,private static final MinecraftKey
bzv,a,field_110873_a,,,,,field,private static final MinecraftKey
cae,a,field_110880_a,,,,,field,private static final MinecraftKey
byr,f,field_110782_f,,,,,field,private static final MinecraftKey[]
byr,a,field_76998_a,,,,,field,protected ModelBase
cbc,a,field_191343_a,,,,,field,private static final MinecraftKey
cbc,j,field_191344_j,,,,,field,private static final MinecraftKey
cbc,k,field_191345_k,,,,,field,private int
bzf,a,field_191329_a,,,,,field,private static final MinecraftKey
bzf,f,field_191330_f,,,,,field,private final ModelEvokerFangs
cav,a,field_110901_a,,,,,field,private static final MinecraftKey
ccr,a,field_177140_a,,,,,field,private final boolean
cao,a,field_188342_a,,,,,field,public static final MinecraftKey[]
bzo,a,field_110852_a,,,,,field,"private static final Map<String, MinecraftKey>"
caz,a,field_188305_a,,,,,field,public static final MinecraftKey
caz,f,field_188306_b,,,,,field,public static final MinecraftKey
cat,a,field_188303_a,,,,,field,public static final MinecraftKey
bzn,a,field_177114_e,,,,,field,private static final MinecraftKey
bzn,j,field_177117_k,,,,,field,private static final MinecraftKey
cam,a,field_110884_f,,,,,field,private static final MinecraftKey
cau,a,field_110890_f,,,,,field,private static final MinecraftKey
bzb,a,field_110839_f,,,,,field,private static final MinecraftKey
bzb,j,field_77077_b,,,,,field,private final Random
bzw,a,field_110802_a,,,,,field,private static final MinecraftKey
bzw,f,field_110801_f,,,,,field,private final ModelLeashKnot
byn,a,field_177103_a,,,,,field,public static final MinecraftKey
bza,a,field_110843_g,,,,,field,public static final MinecraftKey
bza,j,field_110842_f,,,,,field,private static final MinecraftKey
bza,k,field_110844_k,,,,,field,private static final MinecraftKey
bzu,b,field_110798_h,,,,,field,private static final MinecraftKey
bzu,c,field_175058_l,,,,,field,private boolean
bzu,a,field_77023_b,,,,,field,public float
bzu,d,field_175059_m,,,,,field,private final ItemModelMesher
bzu,e,field_175057_n,,,,,field,private final TextureManager
bzu,f,field_184395_f,,,,,field,private final ItemColors
cag,a,field_110807_a,,,,,field,private static final MinecraftKey
cah,a,field_192862_a,,,,,field,public static final MinecraftKey[]
bzj,a,field_77002_a,,,,,field,private final float
bzg,a,field_191338_a,,,,,field,private static final MinecraftKey
byv,a,field_110830_f,,,,,field,private static final MinecraftKey
byt,a,field_110920_a,,,,,field,private static final MinecraftKey
bzq,a,field_190086_r,,,,,field,private static final MinecraftKey
cbk,a,field_110917_a,,,,,field,private static final MinecraftKey
cbk,j,field_110915_f,,,,,field,private static final MinecraftKey
cbk,k,field_110916_g,,,,,field,private static final MinecraftKey
cas,a,field_110895_a,,,,,field,private static final MinecraftKey
bzp,a,field_177118_j,,,,,field,private static final MinecraftKey
cax,a,field_177084_a,,,,,field,protected final Item
cax,f,field_177083_e,,,,,field,private final RenderItem
bze,a,field_110778_a,,,,,field,private static final MinecraftKey
bze,b,field_76990_c,,,,,field,protected final RenderManager
bze,c,field_76989_e,,,,,field,protected float
bze,d,field_76987_f,,,,,field,protected float
bze,e,field_188301_f,,,,,field,protected boolean
byu,a,field_110833_a,,,,,field,private static final MinecraftKey
caq,a,field_110862_k,,,,,field,private static final MinecraftKey
cbm,a,field_110864_q,,,,,field,private static final MinecraftKey
cbm,j,field_188330_l,,,,,field,private static final MinecraftKey
cbm,k,field_188331_m,,,,,field,private static final MinecraftKey
cbm,l,field_188332_n,,,,,field,private static final MinecraftKey
cbm,m,field_188333_o,,,,,field,private static final MinecraftKey
cbm,n,field_188329_p,,,,,field,private static final MinecraftKey
caf,a,field_110877_a,,,,,field,private static final MinecraftKey
caf,j,field_110875_f,,,,,field,private static final MinecraftKey
caf,k,field_110876_g,,,,,field,private static final MinecraftKey
caf,l,field_110878_h,,,,,field,private static final MinecraftKey
cap,a,field_110882_a,,,,,field,private static final MinecraftKey
byz,a,field_110787_a,,,,,field,private static final MinecraftKey
byz,f,field_76995_b,,,,,field,private final ModelBase
byz,g,field_188316_g,,,,,field,private final ModelBase
bzl,a,field_110869_a,,,,,field,private static final MinecraftKey
bzl,j,field_110868_f,,,,,field,private static final MinecraftKey
car,a,field_110897_a,,,,,field,private static final MinecraftKey
bzt,a,field_110789_a,,,,,field,private static final MinecraftKey
bzt,f,field_147917_g,,,,,field,private final Minecraft
bzt,g,field_177072_f,,,,,field,private final ModelResourceLocation
bzt,h,field_177073_g,,,,,field,private final ModelResourceLocation
bzt,i,field_177074_h,,,,,field,private final RenderItem
cal,a,field_177127_a,,,,,field,private static final MinecraftKey
cal,j,field_177126_e,,,,,field,private static final MinecraftKey
cal,k,field_177132_j,,,,,field,private static final MinecraftKey
cal,l,field_177133_k,,,,,field,private static final MinecraftKey
cal,m,field_177130_l,,,,,field,private static final MinecraftKey
cal,n,field_177131_m,,,,,field,private static final MinecraftKey
cal,o,field_177128_n,,,,,field,private static final MinecraftKey
cal,p,field_177129_o,,,,,field,private static final MinecraftKey
byq,a,field_110837_a,,,,,field,private static final MinecraftKey
ccd,a,field_177158_a,,,,,field,private static final MinecraftKey
ccd,b,field_177156_b,,,,,field,private final RenderPig
ccd,c,field_177157_c,,,,,field,private final ModelPig
cby$a,a,field_192882_a,,,,,field,public UUID
cby$a,b,field_192883_b,,,,,field,public RenderLivingBase<? extends EntityLiving>
cby$a,c,field_192884_c,,,,,field,public ModelBase
cby$a,d,field_192885_d,,,,,field,public MinecraftKey
cby$a,e,field_192886_e,,,,,field,public Class<?>
cbo,a,field_177168_a,,,,,field,private final RenderLivingBase<?>
ccm,a,field_177144_a,,,,,field,private final RenderWitch
cbr,a,field_177172_a,,,,,field,private static final MinecraftKey
cbr,b,field_177170_b,,,,,field,private final RenderCreeper
cbr,c,field_177171_c,,,,,field,private final ModelCreeper
ccb,a,field_191364_a,,,,,field,private static final MinecraftKey[]
ccb,b,field_191365_b,,,,,field,private final RenderLlama
ccb,c,field_191366_c,,,,,field,private final ModelLlama
cco,a,field_177147_a,,,,,field,private static final MinecraftKey
cco,b,field_177146_b,,,,,field,private final RenderWolf
cbp,a,field_177167_a,,,,,field,private final RenderPlayer
ccl,a,field_177154_a,,,,,field,private final RenderIronGolem
cbt,a,field_177208_a,,,,,field,private final RenderPlayer
ccn,a,field_177217_a,,,,,field,private static final MinecraftKey
ccn,b,field_177215_b,,,,,field,private final RenderWither
ccn,c,field_177216_c,,,,,field,private final ModelWither
cbx,a,field_177203_a,,,,,field,private static final MinecraftKey
cbx,b,field_177202_b,,,,,field,private final RenderEnderman
cbw,a,field_177212_a,,,,,field,private static final MinecraftKey
cbw,b,field_177211_b,,,,,field,private final RenderDragon
ccg,a,field_177161_a,,,,,field,private final RenderSlime
ccg,b,field_177160_b,,,,,field,private final ModelBase
cch,a,field_177152_a,,,,,field,private final RenderSnowMan
cbn,b,field_177188_b,,,,,field,protected static final MinecraftKey
cbn,c,field_177189_c,,,,,field,protected T
cbn,d,field_177186_d,,,,,field,protected T
cbn,a,field_177190_a,,,,,field,private final RenderLivingBase<?>
cbn,e,field_177187_e,,,,,field,private float
cbn,f,field_177184_f,,,,,field,private float
cbn,g,field_177185_g,,,,,field,private float
cbn,h,field_177192_h,,,,,field,private float
cbn,i,field_177193_i,,,,,field,private boolean
cbn,j,field_177191_j,,,,,field,"private static final Map<String, MinecraftKey>"
ccf,a,field_177165_a,,,,,field,private static final MinecraftKey
ccf,b,field_177163_b,,,,,field,private final RenderSheep
ccf,c,field_177164_c,,,,,field,private final ModelSheep1
ccj,a,field_190092_a,,,,,field,private static final MinecraftKey
ccj,b,field_190093_b,,,,,field,private final RenderLivingBase<?>
ccj,c,field_190094_c,,,,,field,private final ModelSkeleton
ccc,a,field_177205_a,,,,,field,private final RenderMooshroom
cbu,b,field_188355_a,,,,,field,private static final MinecraftKey
cbu,a,field_188356_b,,,,,field,protected final RenderLivingBase<?>
cbu,c,field_188357_c,,,,,field,private final ModelElytra
cca,b,field_177206_a,,,,,field,protected final RenderLivingBase<?>
cbs,a,field_177209_a,,,,,field,private final ModelRenderer
cbq,a,field_177174_a,,,,,field,private final RenderEnderman
cby,c,field_192867_c,,,,,field,private final RenderManager
cby,a,field_192865_a,,,,,field,protected RenderLivingBase<? extends EntityLiving>
cby,d,field_192868_d,,,,,field,private ModelBase
cby,e,field_192869_e,,,,,field,private MinecraftKey
cby,f,field_192870_f,,,,,field,private UUID
cby,g,field_192871_g,,,,,field,private Class<?>
cby,b,field_192866_b,,,,,field,protected RenderLivingBase<? extends EntityLiving>
cby,h,field_192872_h,,,,,field,private ModelBase
cby,i,field_192873_i,,,,,field,private MinecraftKey
cby,j,field_192874_j,,,,,field,private UUID
cby,k,field_192875_k,,,,,field,private Class<?>
cci,a,field_177150_a,,,,,field,private static final MinecraftKey
cci,b,field_177149_b,,,,,field,private final RenderSpider<T>
cbe,a,field_110903_f,,,,,field,private static final MinecraftKey
cbe,j,field_110904_g,,,,,field,private static final MinecraftKey
cbe,k,field_110908_h,,,,,field,private static final MinecraftKey
cbe,l,field_110907_k,,,,,field,private static final MinecraftKey
cbe,m,field_110905_l,,,,,field,private static final MinecraftKey
cbe,n,field_110906_m,,,,,field,private static final MinecraftKey
byy,a,field_177116_j,,,,,field,private static final MinecraftKey
bzd,k,field_78729_o,,,,,field,"private final Map<Class<? extends Entity>, Render<? extends Entity>>"
bzd,l,field_178636_l,,,,,field,"private final Map<String, RenderPlayer>"
bzd,m,field_178637_m,,,,,field,private final RenderPlayer
bzd,n,field_78736_p,,,,,field,private FontRenderer
bzd,o,field_78725_b,,,,,field,private double
bzd,p,field_78726_c,,,,,field,private double
bzd,q,field_78723_d,,,,,field,private double
bzd,a,field_78724_e,,,,,field,public TextureManager
bzd,b,field_78722_g,,,,,field,public World
bzd,c,field_78734_h,,,,,field,public Entity
bzd,d,field_147941_i,,,,,field,public Entity
bzd,e,field_78735_i,,,,,field,public float
bzd,f,field_78732_j,,,,,field,public float
bzd,g,field_78733_k,,,,,field,public GameSettings
bzd,h,field_78730_l,,,,,field,public double
bzd,i,field_78731_m,,,,,field,public double
bzd,j,field_78728_n,,,,,field,public double
bzd,r,field_178639_r,,,,,field,private boolean
bzd,s,field_178638_s,,,,,field,private boolean
bzd,t,field_85095_o,,,,,field,private boolean
buq,a,field_187450_a,,,,,field,private static final FloatBuffer
buq,b,field_187451_b,,,,,field,private static final FloatBuffer
buq,c,field_179160_a,,,,,field,private static final GlStateManager$AlphaState
buq,d,field_179158_b,,,,,field,private static final GlStateManager$BooleanState
buq,e,field_179159_c,,,,,field,private static final GlStateManager$BooleanState[]
buq,f,field_179156_d,,,,,field,private static final GlStateManager$ColorMaterialState
buq,g,field_179157_e,,,,,field,private static final GlStateManager$BlendState
buq,h,field_179154_f,,,,,field,private static final GlStateManager$DepthState
buq,i,field_179155_g,,,,,field,private static final GlStateManager$FogState
buq,j,field_179167_h,,,,,field,private static final GlStateManager$CullState
buq,k,field_179168_i,,,,,field,private static final GlStateManager$PolygonOffsetState
buq,l,field_179165_j,,,,,field,private static final GlStateManager$ColorLogicState
buq,m,field_179166_k,,,,,field,private static final GlStateManager$TexGenState
buq,n,field_179163_l,,,,,field,private static final GlStateManager$ClearState
buq,o,field_179164_m,,,,,field,private static final GlStateManager$StencilState
buq,p,field_179161_n,,,,,field,private static final GlStateManager$BooleanState
buq,q,field_179162_o,,,,,field,private static int
buq,r,field_179174_p,,,,,field,private static final GlStateManager$TextureState[]
buq,s,field_179173_q,,,,,field,private static int
buq,t,field_179172_r,,,,,field,private static final GlStateManager$BooleanState
buq,u,field_179171_s,,,,,field,private static final GlStateManager$ColorMask
buq,v,field_179170_t,,,,,field,private static final GlStateManager$Color
buq$m,a,LINEAR,,,,,enum,
buq$m,b,EXP,,,,,enum,
buq$m,c,EXP2,,,,,enum,
buq$m,d,field_187351_d,,,,,field,public final int
buq$d,a,field_179205_a,,,,,field,public double
buq$d,b,field_179203_b,,,,,field,public GlStateManager$Color
buq$c,a,field_179202_a,,,,,field,private final int
buq$c,b,field_179201_b,,,,,field,private boolean
buq$w,a,field_179064_a,,,,,field,public GlStateManager$TexGenCoord
buq$w,b,field_179062_b,,,,,field,public GlStateManager$TexGenCoord
buq$w,c,field_179063_c,,,,,field,public GlStateManager$TexGenCoord
buq$w,d,field_179061_d,,,,,field,public GlStateManager$TexGenCoord
buq$u,a,S,,,,,enum,
buq$u,b,T,,,,,enum,
buq$u,c,R,,,,,enum,
buq$u,d,Q,,,,,enum,
buq$l,a,CONSTANT_ALPHA,,,,,enum,
buq$l,b,CONSTANT_COLOR,,,,,enum,
buq$l,c,DST_ALPHA,,,,,enum,
buq$l,d,DST_COLOR,,,,,enum,
buq$l,e,ONE,,,,,enum,
buq$l,f,ONE_MINUS_CONSTANT_ALPHA,,,,,enum,
buq$l,g,ONE_MINUS_CONSTANT_COLOR,,,,,enum,
buq$l,h,ONE_MINUS_DST_ALPHA,,,,,enum,
buq$l,i,ONE_MINUS_DST_COLOR,,,,,enum,
buq$l,j,ONE_MINUS_SRC_ALPHA,,,,,enum,
buq$l,k,ONE_MINUS_SRC_COLOR,,,,,enum,
buq$l,l,SRC_ALPHA,,,,,enum,
buq$l,m,SRC_COLOR,,,,,enum,
buq$l,n,ZERO,,,,,enum,
buq$l,o,field_187345_o,,,,,field,public final int
buq$g,a,field_179188_a,,,,,field,public boolean
buq$g,b,field_179186_b,,,,,field,public boolean
buq$g,c,field_179187_c,,,,,field,public boolean
buq$g,d,field_179185_d,,,,,field,public boolean
bum,b,field_191274_b,,,,,field,private static final TileEntityShulkerBox[]
bum,a,field_147719_a,,,,,field,public static TileEntityItemStackRenderer
bum,c,field_147717_b,,,,,field,private final TileEntityChest
bum,d,field_147718_c,,,,,field,private final TileEntityChest
bum,e,field_147716_d,,,,,field,private final TileEntityEnderChest
bum,f,field_179024_e,,,,,field,private final TileEntityBanner
bum,g,field_193843_g,,,,,field,private final TileEntityBed
bum,h,field_179023_f,,,,,field,private final TileEntitySkull
bum,i,field_187318_g,,,,,field,private final ModelShield
cdw,a,field_176600_a,,,,,field,public static final VertexFormat
cdw,b,field_176599_b,,,,,field,public static final VertexFormat
cdw,c,field_181703_c,,,,,field,public static final VertexFormat
cdw,d,field_181704_d,,,,,field,public static final VertexFormat
cdw,e,field_181705_e,,,,,field,public static final VertexFormat
cdw,f,field_181706_f,,,,,field,public static final VertexFormat
cdw,g,field_181707_g,,,,,field,public static final VertexFormat
cdw,h,field_181708_h,,,,,field,public static final VertexFormat
cdw,i,field_181709_i,,,,,field,public static final VertexFormat
cdw,j,field_181710_j,,,,,field,public static final VertexFormat
cdw,k,field_181711_k,,,,,field,public static final VertexFormat
cdw,l,field_181712_l,,,,,field,public static final VertexFormat
cdw,m,field_181713_m,,,,,field,public static final VertexFormatElement
cdw,n,field_181714_n,,,,,field,public static final VertexFormatElement
cdw,o,field_181715_o,,,,,field,public static final VertexFormatElement
cdw,p,field_181716_p,,,,,field,public static final VertexFormatElement
cdw,q,field_181717_q,,,,,field,public static final VertexFormatElement
cdw,r,field_181718_r,,,,,field,public static final VertexFormatElement
cdz$b,a,POSITION,,,,,enum,
cdz$b,b,NORMAL,,,,,enum,
cdz$b,c,COLOR,,,,,enum,
cdz$b,d,UV,,,,,enum,
cdz$b,e,MATRIX,,,,,enum,
cdz$b,f,BLEND_WEIGHT,,,,,enum,
cdz$b,g,PADDING,,,,,enum,
cdz$b,h,field_177392_h,,,,,field,private final String
cdz$a,a,FLOAT,,,,,enum,
cdz$a,b,UBYTE,,,,,enum,
cdz$a,c,BYTE,,,,,enum,
cdz$a,d,USHORT,,,,,enum,
cdz$a,e,SHORT,,,,,enum,
cdz$a,f,UINT,,,,,enum,
cdz$a,g,INT,,,,,enum,
cdz$a,h,field_177407_h,,,,,field,private final int
cdz$a,i,field_177408_i,,,,,field,private final String
cdz$a,j,field_177405_j,,,,,field,private final int
cdy,a,field_177357_a,,,,,field,private static final org.apache.logging.log4j.Logger
cdy,b,field_177355_b,,,,,field,private final List<VertexFormatElement>
cdy,c,field_177356_c,,,,,field,private final List<Integer>
cdy,d,field_177353_d,,,,,field,private int
cdy,e,field_177354_e,,,,,field,private int
cdy,f,field_177351_f,,,,,field,private final List<Integer>
cdy,g,field_177352_g,,,,,field,private int
cdz,a,field_177381_a,,,,,field,private static final org.apache.logging.log4j.Logger
cdz,b,field_177379_b,,,,,field,private final VertexFormatElement$EnumType
cdz,c,field_177380_c,,,,,field,private final VertexFormatElement$EnumUsage
cdz,d,field_177377_d,,,,,field,private final int
cdz,e,field_177378_e,,,,,field,private final int
cdx,a,field_177365_a,,,,,field,private int
cdx,b,field_177363_b,,,,,field,private final VertexFormat
cdx,c,field_177364_c,,,,,field,private int
buw$a,a,field_178036_a,,,,,field,final RenderChunk
buw$a,b,field_178034_b,,,,,field,final EnumDirection
buw$a,c,field_178035_c,,,,,field,byte
buw$a,d,field_178032_d,,,,,field,final int
bvf,a,field_178169_a,,,,,field,protected final RenderGlobal
bvf,b,field_178167_b,,,,,field,protected final World
bvf,c,field_178168_c,,,,,field,protected int
bvf,d,field_178165_d,,,,,field,protected int
bvf,e,field_178166_e,,,,,field,protected int
bvf,f,field_178164_f,,,,,field,public RenderChunk[]
bve,a,field_178179_a,,,,,field,private VertexBuffer
buq$k,a,field_179052_a,,,,,field,public GlStateManager$BooleanState
buq$k,b,field_179050_b,,,,,field,public boolean
buq$k,c,field_179051_c,,,,,field,public int
bvg$b,a,field_187483_a,,,,,field,public long
bvg$b,b,field_187484_b,,,,,field,public MinecraftKey
bvg$a,a,field_187479_a,,,,,field,"private final Map<String, BannerTextures$CacheEntry>"
bvg$a,b,field_187480_b,,,,,field,private final MinecraftKey
bvg$a,c,field_187481_c,,,,,field,private final String
bvg$a,d,field_187482_d,,,,,field,private final String
bvg,a,field_178466_c,,,,,field,public static final BannerTextures$Cache
bvg,b,field_187485_b,,,,,field,public static final BannerTextures$Cache
bvg,c,field_187486_c,,,,,field,public static final MinecraftKey
bvg,d,field_187487_d,,,,,field,public static final MinecraftKey
bux,a,field_78438_a,,,,,field,private int[]
bux,b,field_78436_b,,,,,field,private int
bux,c,field_78437_c,,,,,field,private int
cdk,g,field_147639_c,,,,,field,private static final org.apache.logging.log4j.Logger
cdk,f,field_110568_b,,,,,field,protected final MinecraftKey
cdd,a,field_110553_a,,,,,field,protected int
cdd,b,field_174940_b,,,,,field,protected boolean
cdd,c,field_174941_c,,,,,field,protected boolean
cdd,d,field_174938_d,,,,,field,protected boolean
cdd,e,field_174939_e,,,,,field,protected boolean
cdp,b,field_147646_a,,,,,field,private static final org.apache.logging.log4j.Logger
cdp,a,field_194008_a,,,,,field,public static final MinecraftKey
cdp,c,field_110585_a,,,,,field,"private final Map<MinecraftKey, ITextureObject>"
cdp,d,field_110583_b,,,,,field,private final List<ITickable>
cdp,e,field_110584_c,,,,,field,"private final Map<String, Integer>"
cdp,f,field_110582_d,,,,,field,private final IResourceManager
cdl,a,field_147971_a,,,,,field,private final int
cdl,b,field_94319_a,,,,,field,private final Set<Stitcher$Holder>
cdl,c,field_94317_b,,,,,field,private final List<Stitcher$Slot>
cdl,d,field_94318_c,,,,,field,private int
cdl,e,field_94315_d,,,,,field,private int
cdl,f,field_94316_e,,,,,field,private final int
cdl,g,field_94313_f,,,,,field,private final int
cdl,h,field_94323_h,,,,,field,private final int
cdh,f,field_174947_f,,,,,field,private static final org.apache.logging.log4j.Logger
cdh,g,field_174948_g,,,,,field,private final MinecraftKey
cdh,h,field_174949_h,,,,,field,private final List<String>
cdh,i,field_174950_i,,,,,field,private final List<EnumColor>
cdl$b,a,field_94192_a,,,,,field,private final int
cdl$b,b,field_94190_b,,,,,field,private final int
cdl$b,c,field_94191_c,,,,,field,private final int
cdl$b,d,field_94188_d,,,,,field,private final int
cdl$b,e,field_94189_e,,,,,field,private List<Stitcher$Slot>
cdl$b,f,field_94187_f,,,,,field,private Stitcher$Holder
cdj,a,field_188533_a,,,,,field,public final int
cdj,b,field_188534_b,,,,,field,public final int
cdo,j,field_110984_i,,,,,field,private final String
cdo,a,field_110976_a,,,,,field,protected List<int[][]>
cdo,b,field_176605_b,,,,,field,protected int[][]
cdo,k,field_110982_k,,,,,field,private AnimationMetadataSection
cdo,c,field_130222_e,,,,,field,protected boolean
cdo,d,field_110975_c,,,,,field,protected int
cdo,e,field_110974_d,,,,,field,protected int
cdo,f,field_130223_c,,,,,field,protected int
cdo,g,field_130224_d,,,,,field,protected int
cdo,l,field_110979_l,,,,,field,private float
cdo,m,field_110980_m,,,,,field,private float
cdo,n,field_110977_n,,,,,field,private float
cdo,o,field_110978_o,,,,,field,private float
cdo,h,field_110973_g,,,,,field,protected int
cdo,i,field_110983_h,,,,,field,protected int
cdn,h,field_147635_d,,,,,field,private static final org.apache.logging.log4j.Logger
cdn,f,field_174945_f,,,,,field,public static final MinecraftKey
cdn,g,field_110575_b,,,,,field,public static final MinecraftKey
cdn,i,field_94258_i,,,,,field,private final List<TextureAtlasSprite>
cdn,j,field_110574_e,,,,,field,"private final Map<String, TextureAtlasSprite>"
cdn,k,field_94252_e,,,,,field,"private final Map<String, TextureAtlasSprite>"
cdn,l,field_94254_c,,,,,field,private final String
cdn,m,field_174946_m,,,,,field,private final ITextureMapPopulator
cdn,n,field_147636_j,,,,,field,private int
cdn,o,field_94249_f,,,,,field,private final TextureAtlasSprite
cdr,c,field_147959_c,,,,,field,private static final org.apache.logging.log4j.Logger
cdr,d,field_111000_c,,,,,field,private static final IntBuffer
cdr,a,field_111001_a,,,,,field,public static final DynamicTexture
cdr,b,field_110999_b,,,,,field,public static final int[]
cdr,e,field_188544_e,,,,,field,private static final float[]
cdr,f,field_147957_g,,,,,field,private static final int[]
cde,f,field_110566_b,,,,,field,private final int[]
cde,g,field_94233_j,,,,,field,private final int
cde,h,field_94234_k,,,,,field,private final int
cdl$a,a,field_98151_a,,,,,field,private final TextureAtlasSprite
cdl$a,b,field_94204_c,,,,,field,private final int
cdl$a,c,field_94201_d,,,,,field,private final int
cdl$a,d,field_147968_d,,,,,field,private final int
cdl$a,e,field_94202_e,,,,,field,private boolean
cdl$a,f,field_94205_a,,,,,field,private float
cdi,g,field_147638_c,,,,,field,private static final org.apache.logging.log4j.Logger
cdi,f,field_110567_b,,,,,field,public final List<String>
cdm,a,field_98149_a,,,,,field,private final Stitcher$Holder
cdf,g,field_147644_c,,,,,field,private static final org.apache.logging.log4j.Logger
cdf,h,field_147643_d,,,,,field,private static final AtomicInteger
cdf,i,field_152434_e,,,,,field,private final File
cdf,j,field_110562_b,,,,,field,private final String
cdf,k,field_110563_c,,,,,field,private final IImageBuffer
cdf,l,field_110560_d,,,,,field,private BufferedImage
cdf,m,field_110561_e,,,,,field,private Thread
cdf,n,field_110559_g,,,,,field,private boolean
buq$q,a,DEFAULT,,,,,enum,
buq$q,b,PLAYER_SKIN,,,,,enum,
buq$q,c,TRANSPARENT_MODEL,,,,,enum,
bui,a,field_187316_a,,,,,field,private static final org.apache.logging.log4j.Logger
bui,b,field_179001_a,,,,,field,private ByteBuffer
bui,c,field_178999_b,,,,,field,private IntBuffer
bui,d,field_181676_c,,,,,field,private ShortBuffer
bui,e,field_179000_c,,,,,field,private FloatBuffer
bui,f,field_178997_d,,,,,field,private int
bui,g,field_181677_f,,,,,field,private VertexFormatElement
bui,h,field_181678_g,,,,,field,private int
bui,i,field_78939_q,,,,,field,private boolean
bui,j,field_179006_k,,,,,field,private int
bui,k,field_179004_l,,,,,field,private double
bui,l,field_179005_m,,,,,field,private double
bui,m,field_179002_n,,,,,field,private double
bui,n,field_179011_q,,,,,field,private VertexFormat
bui,o,field_179010_r,,,,,field,private boolean
buq$b,a,field_179213_a,,,,,field,public GlStateManager$BooleanState
buq$b,b,field_179211_b,,,,,field,public int
buq$b,c,field_179212_c,,,,,field,public int
buq$b,d,field_179209_d,,,,,field,public int
buq$b,e,field_179210_e,,,,,field,public int
buq$f,a,field_179197_a,,,,,field,public GlStateManager$BooleanState
buq$f,b,field_179196_b,,,,,field,public int
buq$o,a,AND,,,,,enum,
buq$o,b,AND_INVERTED,,,,,enum,
buq$o,c,AND_REVERSE,,,,,enum,
buq$o,d,CLEAR,,,,,enum,
buq$o,e,COPY,,,,,enum,
buq$o,f,COPY_INVERTED,,,,,enum,
buq$o,g,EQUIV,,,,,enum,
buq$o,h,INVERT,,,,,enum,
buq$o,i,NAND,,,,,enum,
buq$o,j,NOOP,,,,,enum,
buq$o,k,NOR,,,,,enum,
buq$o,l,OR,,,,,enum,
buq$o,m,OR_INVERTED,,,,,enum,
buq$o,n,OR_REVERSE,,,,,enum,
buq$o,o,SET,,,,,enum,
buq$o,p,XOR,,,,,enum,
buq$o,q,field_187370_q,,,,,field,public final int
buk,a,field_179040_a,,,,,field,private final BufferBuilder[]
bia,a,field_74377_a,,,,,field,public int
bia,b,field_74375_b,,,,,field,public int
cic,a,field_181059_a,,,,,field,public double
cic,b,field_181060_b,,,,,field,public double
cic,c,field_181061_c,,,,,field,public double
bic,a,field_73727_a,,,,,field,private String
bic,b,field_73725_b,,,,,field,private final Minecraft
bic,c,field_73726_c,,,,,field,private String
bic,d,field_73723_d,,,,,field,private long
bic,e,field_73724_e,,,,,field,private boolean
bic,f,field_146587_f,,,,,field,private final ScaledResolution
bic,g,field_146588_g,,,,,field,private final Framebuffer
bib,aL,field_151454_ax,,,,,field,private static final org.apache.logging.log4j.Logger
bib,aM,field_151450_ay,,,,,field,private static final com.google.gson.Gson
bib,aN,field_151449_az,,,,,field,private static final Type
bib,a,field_189990_a,,,,,field,public static final com.google.common.base.Splitter
bib,aO,field_74367_ae,,,,,field,private static final String[]
bib,aP,field_74364_ag,,,,,field,private static final String[]
bib,aQ,field_98303_au,,,,,field,private static final String[]
bib,aR,field_181149_aW,,,,,field,private static final String[]
bib,aS,field_186713_aK,,,,,field,private static final String[]
bib,b,field_193632_b,,,,,field,public static final String[]
bib,c,field_74341_c,,,,,field,public float
bib,d,field_74338_d,,,,,field,public boolean
bib,e,field_151451_c,,,,,field,public int
bib,f,field_74336_f,,,,,field,public boolean
bib,g,field_74337_g,,,,,field,public boolean
bib,h,field_151448_g,,,,,field,public boolean
bib,i,field_74350_i,,,,,field,public int
bib,j,field_74345_l,,,,,field,public int
bib,k,field_74347_j,,,,,field,public boolean
bib,l,field_74348_k,,,,,field,public int
bib,m,field_151453_l,,,,,field,public List<String>
bib,n,field_183018_l,,,,,field,public List<String>
bib,o,field_74343_n,,,,,field,public EntityHuman$EnumChatVisibility
bib,p,field_74344_o,,,,,field,public boolean
bib,q,field_74359_p,,,,,field,public boolean
bib,r,field_74358_q,,,,,field,public boolean
bib,s,field_74357_r,,,,,field,public float
bib,t,field_74355_t,,,,,field,public boolean
bib,u,field_74353_u,,,,,field,public boolean
bib,v,field_74352_v,,,,,field,public boolean
bib,w,field_178881_t,,,,,field,public boolean
bib,x,field_178879_v,,,,,field,public boolean
bib,y,field_80005_w,,,,,field,public boolean
bib,z,field_82882_x,,,,,field,public boolean
bib,A,field_82881_y,,,,,field,public boolean
bib,aT,field_178882_aU,,,,,field,private final Set<EnumPlayerModelParts>
bib,B,field_85185_A,,,,,field,public boolean
bib,C,field_186715_A,,,,,field,public EnumMainHand
bib,D,field_92118_B,,,,,field,public int
bib,E,field_92119_C,,,,,field,public int
bib,F,field_92117_D,,,,,field,public boolean
bib,G,field_96691_E,,,,,field,public float
bib,H,field_96692_F,,,,,field,public float
bib,I,field_96693_G,,,,,field,public float
bib,J,field_96694_H,,,,,field,public float
bib,K,field_151442_I,,,,,field,public int
bib,aU,field_186714_aM,,,,,field,"private final Map<SoundCategory, Float>"
bib,L,field_181150_U,,,,,field,public boolean
bib,M,field_181151_V,,,,,field,public boolean
bib,N,field_186716_M,,,,,field,public int
bib,O,field_189422_N,,,,,field,public boolean
bib,P,field_186717_N,,,,,field,public boolean
bib,Q,field_183509_X,,,,,field,public boolean
bib,R,field_189989_R,,,,,field,public boolean
bib,S,field_193631_S,,,,,field,public TutorialSteps
bib,T,field_74351_w,,,,,field,public KeyBinding
bib,U,field_74370_x,,,,,field,public KeyBinding
bib,V,field_74368_y,,,,,field,public KeyBinding
bib,W,field_74366_z,,,,,field,public KeyBinding
bib,X,field_74314_A,,,,,field,public KeyBinding
bib,Y,field_74311_E,,,,,field,public KeyBinding
bib,Z,field_151444_V,,,,,field,public KeyBinding
bib,aa,field_151445_Q,,,,,field,public KeyBinding
bib,ab,field_186718_X,,,,,field,public KeyBinding
bib,ac,field_74316_C,,,,,field,public KeyBinding
bib,ad,field_74313_G,,,,,field,public KeyBinding
bib,ae,field_74312_F,,,,,field,public KeyBinding
bib,af,field_74322_I,,,,,field,public KeyBinding
bib,ag,field_74310_D,,,,,field,public KeyBinding
bib,ah,field_74321_H,,,,,field,public KeyBinding
bib,ai,field_74323_J,,,,,field,public KeyBinding
bib,aj,field_151447_Z,,,,,field,public KeyBinding
bib,ak,field_151457_aa,,,,,field,public KeyBinding
bib,al,field_151458_ab,,,,,field,public KeyBinding
bib,am,field_152395_am,,,,,field,public KeyBinding
bib,an,field_178883_an,,,,,field,public KeyBinding
bib,ao,field_194146_ao,,,,,field,public KeyBinding
bib,ap,field_151456_ac,,,,,field,public KeyBinding[]
bib,aq,field_193629_ap,,,,,field,public KeyBinding
bib,ar,field_193630_aq,,,,,field,public KeyBinding
bib,as,field_74324_K,,,,,field,public KeyBinding[]
bib,at,field_74317_L,,,,,field,protected Minecraft
bib,aV,field_74354_ai,,,,,field,private File
bib,au,field_74318_M,,,,,field,public EnumDifficulty
bib,av,field_74319_N,,,,,field,public boolean
bib,aw,field_74320_O,,,,,field,public int
bib,ax,field_74330_P,,,,,field,public boolean
bib,ay,field_74329_Q,,,,,field,public boolean
bib,az,field_181657_aC,,,,,field,public boolean
bib,aA,field_74332_R,,,,,field,public String
bib,aB,field_74326_T,,,,,field,public boolean
bib,aC,field_74325_U,,,,,field,public boolean
bib,aD,field_74334_X,,,,,field,public float
bib,aE,field_74333_Y,,,,,field,public float
bib,aF,field_151452_as,,,,,field,public float
bib,aG,field_74335_Z,,,,,field,public int
bib,aH,field_74362_aa,,,,,field,public int
bib,aI,field_192571_R,,,,,field,public int
bib,aJ,field_74363_ab,,,,,field,public String
bib,aK,field_151455_aw,,,,,field,public boolean
bpv,e,field_78116_c,,,,,field,public ModelRenderer
bpv,f,field_178720_f,,,,,field,public ModelRenderer
bpv,g,field_78115_e,,,,,field,public ModelRenderer
bpv,h,field_178723_h,,,,,field,public ModelRenderer
bpv,i,field_178724_i,,,,,field,public ModelRenderer
bpv,j,field_178721_j,,,,,field,public ModelRenderer
bpv,k,field_178722_k,,,,,field,public ModelRenderer
bpv,l,field_187075_l,,,,,field,public ModelBiped$ArmPose
bpv,m,field_187076_m,,,,,field,public ModelBiped$ArmPose
bpv,n,field_78117_n,,,,,field,public boolean
bpn,a,field_187060_a,,,,,field,private final ModelRenderer
bpn,b,field_187061_b,,,,,field,private final ModelRenderer
bqa,i,field_191226_i,,,,,field,private final ModelRenderer
bqa,j,field_191227_j,,,,,field,private final ModelRenderer
brh,a,field_82905_a,,,,,field,private final ModelRenderer[]
brh,b,field_82904_b,,,,,field,private final ModelRenderer[]
bqk,a,field_78150_a,,,,,field,public ModelRenderer
bqk,b,field_78148_b,,,,,field,public ModelRenderer
bqk,c,field_78149_c,,,,,field,public ModelRenderer
bqk,d,field_78146_d,,,,,field,public ModelRenderer
bqk,e,field_78147_e,,,,,field,public ModelRenderer
bqk,f,field_78144_f,,,,,field,public ModelRenderer
bqk,g,field_78145_g,,,,,field,protected float
bqk,h,field_78151_h,,,,,field,protected float
bqd,o,field_78095_p,,,,,field,public float
bqd,p,field_78093_q,,,,,field,public boolean
bqd,q,field_78091_s,,,,,field,public boolean
bqd,r,field_78092_r,,,,,field,public List<ModelRenderer>
bqd,a,field_78094_a,,,,,field,"private final Map<String, TextureOffset>"
bqd,s,field_78090_t,,,,,field,public int
bqd,t,field_78089_u,,,,,field,public int
brc,a,field_191229_a,,,,,field,protected ModelRenderer
brc,b,field_191230_b,,,,,field,protected ModelRenderer
brq,a,field_78801_a,,,,,field,public float
brq,b,field_78799_b,,,,,field,public float
brq,r,field_78803_o,,,,,field,private int
brq,s,field_78813_p,,,,,field,private int
brq,c,field_78800_c,,,,,field,public float
brq,d,field_78797_d,,,,,field,public float
brq,e,field_78798_e,,,,,field,public float
brq,f,field_78795_f,,,,,field,public float
brq,g,field_78796_g,,,,,field,public float
brq,h,field_78808_h,,,,,field,public float
brq,t,field_78812_q,,,,,field,private boolean
brq,u,field_78811_r,,,,,field,private int
brq,i,field_78809_i,,,,,field,public boolean
brq,j,field_78806_j,,,,,field,public boolean
brq,k,field_78807_k,,,,,field,public boolean
brq,l,field_78804_l,,,,,field,public List<ModelBox>
brq,m,field_78805_m,,,,,field,public List<ModelRenderer>
brq,n,field_78802_n,,,,,field,public final String
brq,v,field_78810_s,,,,,field,private final ModelBase
brq,o,field_82906_o,,,,,field,public float
brq,p,field_82908_p,,,,,field,public float
brq,q,field_82907_q,,,,,field,public float
brr,a,field_78783_a,,,,,field,public final int
brr,b,field_78782_b,,,,,field,public final int
bro,h,field_78253_h,,,,,field,private final PositionTextureVertex[]
bro,i,field_78254_i,,,,,field,private final TexturedQuad[]
bro,a,field_78252_a,,,,,field,public final float
bro,b,field_78250_b,,,,,field,public final float
bro,c,field_78251_c,,,,,field,public final float
bro,d,field_78248_d,,,,,field,public final float
bro,e,field_78249_e,,,,,field,public final float
bro,f,field_78246_f,,,,,field,public final float
bro,g,field_78247_g,,,,,field,public String
bqo,a,field_187063_a,,,,,field,public ModelRenderer
bqo,b,field_187064_b,,,,,field,public ModelRenderer
brk,a,field_187070_a,,,,,field,private final ModelRenderer
brk,b,field_187071_b,,,,,field,private final ModelRenderer
brm,a,field_78230_a,,,,,field,private final ModelRenderer
brm,b,field_78228_b,,,,,field,private final ModelRenderer
brm,c,field_78229_c,,,,,field,private ModelRenderer
brl,a,field_78221_a,,,,,field,private final ModelRenderer
brl,b,field_78219_b,,,,,field,private final ModelRenderer
brl,c,field_78220_c,,,,,field,private final ModelRenderer
brl,d,field_78217_d,,,,,field,private final ModelRenderer
brl,e,field_78218_e,,,,,field,private final ModelRenderer
brl,f,field_78215_f,,,,,field,private final ModelRenderer
brl,g,field_78216_g,,,,,field,private final ModelRenderer
brl,h,field_78226_h,,,,,field,private final ModelRenderer
brl,i,field_78227_i,,,,,field,private final ModelRenderer
brl,j,field_78224_j,,,,,field,private final ModelRenderer
brl,k,field_78225_k,,,,,field,private final ModelRenderer
brl,l,field_78222_l,,,,,field,private final ModelRenderer
brl,m,field_78223_m,,,,,field,private float
bpc,a,field_178740_a,,,,,field,public ModelRenderer
bpc,b,field_178738_b,,,,,field,public ModelRenderer
bpc,c,field_178739_c,,,,,field,public ModelRenderer
bpc,d,field_178737_d,,,,,field,public ModelRenderer
bpd,a,field_178690_a,,,,,field,public ModelRenderer
bpd,b,field_178688_b,,,,,field,public ModelRenderer
bpd,c,field_178689_c,,,,,field,public ModelRenderer
bpv$a,a,EMPTY,,,,,enum,
bpv$a,b,ITEM,,,,,enum,
bpv$a,c,BLOCK,,,,,enum,
bpv$a,d,BOW_AND_ARROW,,,,,enum,
bqb,a,field_191225_a,,,,,field,private final ModelRenderer
brd,a,field_78178_a,,,,,field,public ModelRenderer
brd,b,field_78176_b,,,,,field,public ModelRenderer
brd,c,field_78177_c,,,,,field,public ModelRenderer
brd,d,field_78174_d,,,,,field,public ModelRenderer
brd,e,field_78175_e,,,,,field,public ModelRenderer
brd,f,field_78173_f,,,,,field,public ModelRenderer
bpe,a,field_82895_a,,,,,field,private final ModelRenderer
bpe,b,field_82893_b,,,,,field,private final ModelRenderer
bpe,c,field_82894_c,,,,,field,private final ModelRenderer
bpe,d,field_82891_d,,,,,field,private final ModelRenderer
bpe,e,field_82892_e,,,,,field,private final ModelRenderer
bpe,f,field_82890_f,,,,,field,private final ModelRenderer
bpr,a,field_78128_a,,,,,field,ModelRenderer
bpr,b,field_78127_b,,,,,field,ModelRenderer[]
bpg,a,field_78106_a,,,,,field,private final ModelRenderer[]
bpg,b,field_78105_b,,,,,field,private final ModelRenderer
bqq,a,field_187067_b,,,,,field,public final ModelRenderer
bqq,b,field_187068_c,,,,,field,public final ModelRenderer
bqq,c,field_187066_a,,,,,field,public ModelRenderer
bqh,a,field_178734_a,,,,,field,public ModelRenderer
bqh,b,field_178732_b,,,,,field,public ModelRenderer
bqh,c,field_178733_c,,,,,field,public ModelRenderer
bqh,d,field_178731_d,,,,,field,public ModelRenderer
bqh,u,field_178730_v,,,,,field,public ModelRenderer
bqh,v,field_178729_w,,,,,field,private final ModelRenderer
bqh,w,field_178736_x,,,,,field,private final ModelRenderer
bqh,x,field_178735_y,,,,,field,private final boolean
bqp,a,field_187069_a,,,,,field,public ModelRenderer
bqr,a,field_78166_a,,,,,field,public ModelRenderer
bqr,b,field_78165_b,,,,,field,public ModelRenderer
bqw,a,field_78200_a,,,,,field,ModelRenderer
bqw,b,field_78198_b,,,,,field,ModelRenderer
bqw,c,field_78199_c,,,,,field,ModelRenderer
bqw,d,field_78197_d,,,,,field,ModelRenderer
bqj,a,field_78239_a,,,,,field,public PositionTextureVertex[]
bqj,b,field_78237_b,,,,,field,public int
bqj,c,field_78238_c,,,,,field,private boolean
brb,a,field_78243_a,,,,,field,public Vec3D
brb,b,field_78241_b,,,,,field,public float
brb,c,field_78242_c,,,,,field,public float
bpf,a,field_193772_a,,,,,field,public ModelRenderer
bpf,b,field_193773_b,,,,,field,public ModelRenderer
bpf,c,field_193774_c,,,,,field,public ModelRenderer[]
bri,a,field_78185_a,,,,,field,public ModelRenderer
bri,b,field_78183_b,,,,,field,public ModelRenderer
bri,c,field_78184_c,,,,,field,public ModelRenderer
bri,d,field_78181_d,,,,,field,public ModelRenderer
bri,e,field_78182_e,,,,,field,public ModelRenderer
bri,f,field_78179_f,,,,,field,public ModelRenderer
bri,g,field_78180_g,,,,,field,ModelRenderer
bri,h,field_78186_h,,,,,field,ModelRenderer
bql,a,field_178698_a,,,,,field,private final ModelRenderer
bql,b,field_178696_b,,,,,field,private final ModelRenderer
bql,c,field_178697_c,,,,,field,private final ModelRenderer
bql,d,field_178694_d,,,,,field,private final ModelRenderer
bql,e,field_178695_e,,,,,field,private final ModelRenderer
bql,f,field_178692_f,,,,,field,private final ModelRenderer
bql,g,field_178693_g,,,,,field,private final ModelRenderer
bql,h,field_178704_h,,,,,field,private final ModelRenderer
bql,i,field_178705_i,,,,,field,private final ModelRenderer
bql,j,field_178702_j,,,,,field,private final ModelRenderer
bql,k,field_178703_k,,,,,field,private final ModelRenderer
bql,l,field_178700_l,,,,,field,private final ModelRenderer
bql,m,field_178701_m,,,,,field,private float
bpo,a,field_78126_a,,,,,field,public boolean
bpo,b,field_78125_b,,,,,field,public boolean
bqt,a,field_82896_a,,,,,field,public ModelRenderer
bre,a,field_78191_a,,,,,field,public ModelRenderer
bre,b,field_78189_b,,,,,field,public ModelRenderer
bre,c,field_78190_c,,,,,field,public ModelRenderer
bre,d,field_78187_d,,,,,field,public ModelRenderer
bre,e,field_78188_e,,,,,field,public ModelRenderer
bre,f,field_82898_f,,,,,field,public ModelRenderer
bpi,a,field_78102_a,,,,,field,public ModelRenderer
bpi,b,field_78100_b,,,,,field,public ModelRenderer
bpi,c,field_78101_c,,,,,field,public ModelRenderer
bpi,d,field_78098_d,,,,,field,public ModelRenderer
bpi,e,field_78099_e,,,,,field,public ModelRenderer
bpi,f,field_78096_f,,,,,field,public ModelRenderer
bpi,g,field_78097_g,,,,,field,public ModelRenderer
bqf$a,a,FLYING,,,,,enum,
bqf$a,b,STANDING,,,,,enum,
bqf$a,c,SITTING,,,,,enum,
bqf$a,d,PARTY,,,,,enum,
bqx,a,field_78196_a,,,,,field,public ModelRenderer
bqx,b,field_78194_b,,,,,field,public ModelRenderer
bqx,c,field_78195_c,,,,,field,public ModelRenderer
bqx,d,field_78192_d,,,,,field,public ModelRenderer
bqx,e,field_78193_e,,,,,field,public ModelRenderer
bps,a,field_178710_a,,,,,field,private final ModelRenderer
bps,b,field_178708_b,,,,,field,private final ModelRenderer
bps,c,field_178709_c,,,,,field,private final ModelRenderer[]
bps,d,field_178707_d,,,,,field,private final ModelRenderer[]
bpt,a,field_110709_a,,,,,field,private final ModelRenderer
bpt,b,field_178711_b,,,,,field,private final ModelRenderer
bpt,c,field_178712_c,,,,,field,private final ModelRenderer
bpt,d,field_110705_d,,,,,field,private final ModelRenderer
bpt,e,field_110706_e,,,,,field,private final ModelRenderer
bpt,f,field_110703_f,,,,,field,private final ModelRenderer
bpt,g,field_110704_g,,,,,field,private final ModelRenderer
bpt,h,field_110716_h,,,,,field,private final ModelRenderer
bpt,i,field_110717_i,,,,,field,private final ModelRenderer
bpt,j,field_110714_j,,,,,field,private final ModelRenderer
bpt,k,field_110715_k,,,,,field,private final ModelRenderer
bpt,l,field_110712_l,,,,,field,private final ModelRenderer
bpt,m,field_110713_m,,,,,field,private final ModelRenderer
bpt,n,field_110710_n,,,,,field,private final ModelRenderer
bpt,u,field_110711_o,,,,,field,private final ModelRenderer
bpt,v,field_110719_v,,,,,field,private final ModelRenderer
bpt,w,field_110718_w,,,,,field,private final ModelRenderer
bpt,x,field_110722_x,,,,,field,private final ModelRenderer
bpt,y,field_110721_y,,,,,field,private final ModelRenderer
bpt,z,field_110720_z,,,,,field,private final ModelRenderer
bpt,A,field_110688_A,,,,,field,private final ModelRenderer
bpt,B,field_110689_B,,,,,field,private final ModelRenderer
bpt,C,field_110690_C,,,,,field,private final ModelRenderer
bpt,D,field_110684_D,,,,,field,private final ModelRenderer
bpt,E,field_110685_E,,,,,field,private final ModelRenderer
bpt,F,field_110686_F,,,,,field,private final ModelRenderer
bpt,G,field_110687_G,,,,,field,private final ModelRenderer
bpt,H,field_110695_H,,,,,field,private final ModelRenderer
bpt,I,field_110696_I,,,,,field,private final ModelRenderer
bpt,J,field_110697_J,,,,,field,private final ModelRenderer
bpt,K,field_110698_K,,,,,field,private final ModelRenderer
bpt,L,field_110691_L,,,,,field,private final ModelRenderer
bpt,M,field_110692_M,,,,,field,private final ModelRenderer
bpt,N,field_110693_N,,,,,field,private final ModelRenderer
bpt,O,field_110694_O,,,,,field,private final ModelRenderer
bpt,P,field_110700_P,,,,,field,private final ModelRenderer
bpt,Q,field_110699_Q,,,,,field,private final ModelRenderer
bpt,R,field_110702_R,,,,,field,private final ModelRenderer
bpt,S,field_110701_S,,,,,field,private final ModelRenderer
bqe,a,field_78161_a,,,,,field,private final ModelRenderer
bqe,b,field_78159_b,,,,,field,private final ModelRenderer
bqe,c,field_78160_c,,,,,field,private final ModelRenderer
bqe,d,field_78157_d,,,,,field,private final ModelRenderer
bqe,e,field_78158_e,,,,,field,private final ModelRenderer
bqe,f,field_78155_f,,,,,field,private final ModelRenderer
bqe,g,field_78156_g,,,,,field,private final ModelRenderer
bqe,h,field_78162_h,,,,,field,private final ModelRenderer
bqe,i,field_78163_i,,,,,field,private int
bqn,i,field_78153_i,,,,,field,private float
bpw,a,field_191217_a,,,,,field,public ModelRenderer
bpw,b,field_193775_b,,,,,field,public ModelRenderer
bpw,c,field_191218_b,,,,,field,public ModelRenderer
bpw,d,field_191219_c,,,,,field,public ModelRenderer
bpw,e,field_191220_d,,,,,field,public ModelRenderer
bpw,f,field_191221_e,,,,,field,public ModelRenderer
bpw,g,field_191222_f,,,,,field,public ModelRenderer
bpw,h,field_191223_g,,,,,field,public ModelRenderer
bpw,i,field_191224_h,,,,,field,public ModelRenderer
bqf,a,field_192764_a,,,,,field,ModelRenderer
bqf,b,field_192765_b,,,,,field,ModelRenderer
bqf,c,field_192766_c,,,,,field,ModelRenderer
bqf,d,field_192767_d,,,,,field,ModelRenderer
bqf,e,field_192768_e,,,,,field,ModelRenderer
bqf,f,field_192769_f,,,,,field,ModelRenderer
bqf,g,field_192770_g,,,,,field,ModelRenderer
bqf,h,field_192771_h,,,,,field,ModelRenderer
bqf,i,field_192772_i,,,,,field,ModelRenderer
bqf,j,field_192773_j,,,,,field,ModelRenderer
bqf,k,field_192774_k,,,,,field,ModelRenderer
bqf,l,field_192775_l,,,,,field,private ModelParrot$State
bpj,a,field_78234_a,,,,,field,public ModelRenderer
bpj,b,field_78232_b,,,,,field,public ModelRenderer
bpj,c,field_78233_c,,,,,field,public ModelRenderer
bqy,a,field_78209_a,,,,,field,public ModelRenderer
bqy,b,field_78207_b,,,,,field,public ModelRenderer
bqy,c,field_78208_c,,,,,field,public ModelRenderer
bqy,d,field_78205_d,,,,,field,public ModelRenderer
bqy,e,field_78206_e,,,,,field,public ModelRenderer
bqy,f,field_78203_f,,,,,field,public ModelRenderer
bqy,g,field_78204_g,,,,,field,public ModelRenderer
bqy,h,field_78212_h,,,,,field,public ModelRenderer
bqy,i,field_78213_i,,,,,field,public ModelRenderer
bqy,j,field_78210_j,,,,,field,public ModelRenderer
bqy,k,field_78211_k,,,,,field,public ModelRenderer
brg,g,field_82900_g,,,,,field,public boolean
brg,h,field_82901_h,,,,,field,private final ModelRenderer
brg,i,field_82902_i,,,,,field,private final ModelRenderer
bpp,a,field_178716_a,,,,,field,private static final int[][]
bpp,b,field_178714_b,,,,,field,private static final int[][]
bpp,c,field_178715_c,,,,,field,private static final int
bpp,d,field_178713_d,,,,,field,private final ModelRenderer[]
bqc,a,field_78154_a,,,,,field,public ModelRenderer[]
bpk,a,field_78142_a,,,,,field,public ModelRenderer
bpk,b,field_78140_b,,,,,field,public ModelRenderer
bpk,c,field_78141_c,,,,,field,public ModelRenderer
bpk,d,field_78138_d,,,,,field,public ModelRenderer
bpk,e,field_78139_e,,,,,field,public ModelRenderer
bpk,f,field_78136_f,,,,,field,public ModelRenderer
bpk,g,field_78137_g,,,,,field,public ModelRenderer
bpk,h,field_78143_h,,,,,field,public ModelRenderer
bqm,i,field_78152_i,,,,,field,private float
bpu,b,field_178717_b,,,,,field,private final ModelRenderer
bpq,a,field_191213_a,,,,,field,private final ModelRenderer
bpq,b,field_191214_b,,,,,field,private final ModelRenderer
bpq,c,field_191215_c,,,,,field,private final ModelRenderer
bqs,a,field_78171_a,,,,,field,private final ModelRenderer[]
bqs,b,field_78169_b,,,,,field,private final ModelRenderer[]
bqs,c,field_78170_c,,,,,field,private final float[]
bqs,d,field_78167_d,,,,,field,private static final int[][]
bqs,e,field_78168_e,,,,,field,private static final int[][]
bpm,a,field_78135_a,,,,,field,public ModelRenderer
bpm,b,field_78133_b,,,,,field,public ModelRenderer
bpm,c,field_78134_c,,,,,field,public ModelRenderer
bpm,d,field_78131_d,,,,,field,public ModelRenderer
bpm,e,field_78132_e,,,,,field,public ModelRenderer
bpm,f,field_78129_f,,,,,field,public ModelRenderer
bpm,g,field_78130_g,,,,,field,public ModelRenderer
bph,a,field_78103_a,,,,,field,public ModelRenderer[]
bph,b,field_187057_b,,,,,field,public ModelRenderer[]
bph,c,field_187058_c,,,,,field,public ModelRenderer
bph,d,field_187059_d,,,,,field,private final int
bqz,a,field_78202_a,,,,,field,ModelRenderer
bqz,b,field_78201_b,,,,,field,ModelRenderer[]
bpy,a,field_78109_a,,,,,field,ModelRenderer[]
bpy,b,field_78108_b,,,,,field,ModelRenderer
bpz,a,field_110723_a,,,,,field,public ModelRenderer
box$e,a,field_178752_a,,,,,field,public final Session
box$e,b,field_178750_b,,,,,field,public final com.mojang.authlib.properties.PropertyMap
box$e,c,field_181172_c,,,,,field,public final com.mojang.authlib.properties.PropertyMap
box$e,d,field_178751_c,,,,,field,public final Proxy
box,a,field_178745_a,,,,,field,public final GameConfiguration$UserInformation
box,b,field_178743_b,,,,,field,public final GameConfiguration$DisplayInformation
box,c,field_178744_c,,,,,field,public final GameConfiguration$FolderInformation
box,d,field_178741_d,,,,,field,public final GameConfiguration$GameInformation
box,e,field_178742_e,,,,,field,public final GameConfiguration$ServerInformation
box$b,a,field_178760_a,,,,,field,public final File
box$b,b,field_178758_b,,,,,field,public final File
box$b,c,field_178759_c,,,,,field,public final File
box$b,d,field_178757_d,,,,,field,public final String
box$c,a,field_178756_a,,,,,field,public final boolean
box$c,b,field_178755_b,,,,,field,public final String
box$c,c,field_187053_c,,,,,field,public final String
box$a,a,field_178764_a,,,,,field,public final int
box$a,b,field_178762_b,,,,,field,public final int
box$a,c,field_178763_c,,,,,field,public final boolean
box$a,d,field_178761_d,,,,,field,public final boolean
box$d,a,field_178754_a,,,,,field,public final String
box$d,b,field_178753_b,,,,,field,public final int
bhv,a,field_74543_a,,,,,field,private final int
bhv,b,field_74541_b,,,,,field,private final IChatBaseComponent
bhv,c,field_74542_c,,,,,field,private final int
bhx,a,field_74522_a,,,,,field,private static final FloatBuffer
bhx,b,field_82884_b,,,,,field,private static final Vec3D
bhx,c,field_82885_c,,,,,field,private static final Vec3D
net/minecraft/realms/RealmsVertexFormat,v,v,,,,,field,private VertexFormat
net/minecraft/realms/RealmsClickableScrolledSelectionList,proxy,proxy,,,,,field,private final GuiClickableScrolledSelectionListProxy
net/minecraft/realms/RealmsAnvilLevelStorageSource,levelStorageSource,levelStorageSource,,,,,field,private final Convertable
net/minecraft/realms/RealmsBridge,LOGGER,LOGGER,,,,,field,private static final org.apache.logging.log4j.Logger
net/minecraft/realms/RealmsBridge,previousScreen,previousScreen,,,,,field,private GuiScreen
net/minecraft/realms/RealmsLevelSummary,levelSummary,levelSummary,,,,,field,private final WorldSummary
net/minecraft/realms/RealmsScrolledSelectionList,proxy,proxy,,,,,field,private final GuiSlotRealmsProxy
net/minecraft/realms/RealmsBufferBuilder,b,b,,,,,field,private BufferBuilder
net/minecraft/realms/RealmsScreen,SKIN_HEAD_U,SKIN_HEAD_U,,,,,field,public static final int
net/minecraft/realms/RealmsScreen,SKIN_HEAD_V,SKIN_HEAD_V,,,,,field,public static final int
net/minecraft/realms/RealmsScreen,SKIN_HEAD_WIDTH,SKIN_HEAD_WIDTH,,,,,field,public static final int
net/minecraft/realms/RealmsScreen,SKIN_HEAD_HEIGHT,SKIN_HEAD_HEIGHT,,,,,field,public static final int
net/minecraft/realms/RealmsScreen,SKIN_HAT_U,SKIN_HAT_U,,,,,field,public static final int
net/minecraft/realms/RealmsScreen,SKIN_HAT_V,SKIN_HAT_V,,,,,field,public static final int
net/minecraft/realms/RealmsScreen,SKIN_HAT_WIDTH,SKIN_HAT_WIDTH,,,,,field,public static final int
net/minecraft/realms/RealmsScreen,SKIN_HAT_HEIGHT,SKIN_HAT_HEIGHT,,,,,field,public static final int
net/minecraft/realms/RealmsScreen,SKIN_TEX_WIDTH,SKIN_TEX_WIDTH,,,,,field,public static final int
net/minecraft/realms/RealmsScreen,SKIN_TEX_HEIGHT,SKIN_TEX_HEIGHT,,,,,field,public static final int
net/minecraft/realms/RealmsScreen,minecraft,minecraft,,,,,field,protected Minecraft
net/minecraft/realms/RealmsScreen,width,width,,,,,field,public int
net/minecraft/realms/RealmsScreen,height,height,,,,,field,public int
net/minecraft/realms/RealmsScreen,proxy,proxy,,,,,field,private final GuiScreenRealmsProxy
net/minecraft/realms/RealmsSliderButton,value,value,,,,,field,public float
net/minecraft/realms/RealmsSliderButton,sliding,sliding,,,,,field,public boolean
net/minecraft/realms/RealmsSliderButton,minValue,minValue,,,,,field,private final float
net/minecraft/realms/RealmsSliderButton,maxValue,maxValue,,,,,field,private final float
net/minecraft/realms/RealmsSliderButton,steps,steps,,,,,field,private int
net/minecraft/realms/RealmsVertexFormatElement,v,v,,,,,field,private final VertexFormatElement
net/minecraft/realms/RealmsServerAddress,host,host,,,,,field,private final String
net/minecraft/realms/RealmsServerAddress,port,port,,,,,field,private final int
net/minecraft/realms/RealmsSharedConstants,NETWORK_PROTOCOL_VERSION,NETWORK_PROTOCOL_VERSION,,,,,field,public static int
net/minecraft/realms/RealmsSharedConstants,TICKS_PER_SECOND,TICKS_PER_SECOND,,,,,field,public static int
net/minecraft/realms/RealmsSharedConstants,VERSION_STRING,VERSION_STRING,,,,,field,public static String
net/minecraft/realms/RealmsSharedConstants,ILLEGAL_FILE_CHARACTERS,ILLEGAL_FILE_CHARACTERS,,,,,field,public static char[]
net/minecraft/realms/RealmsSimpleScrolledSelectionList,proxy,proxy,,,,,field,private final GuiSimpleScrolledSelectionListProxy
net/minecraft/realms/RealmsButton,WIDGETS_LOCATION,WIDGETS_LOCATION,,,,,field,protected static final MinecraftKey
net/minecraft/realms/RealmsButton,proxy,proxy,,,,,field,private final GuiButtonRealmsProxy
net/minecraft/realms/RealmsDefaultVertexFormat,BLOCK,BLOCK,,,,,field,public static final RealmsVertexFormat
net/minecraft/realms/RealmsDefaultVertexFormat,BLOCK_NORMALS,BLOCK_NORMALS,,,,,field,public static final RealmsVertexFormat
net/minecraft/realms/RealmsDefaultVertexFormat,ENTITY,ENTITY,,,,,field,public static final RealmsVertexFormat
net/minecraft/realms/RealmsDefaultVertexFormat,PARTICLE,PARTICLE,,,,,field,public static final RealmsVertexFormat
net/minecraft/realms/RealmsDefaultVertexFormat,POSITION,POSITION,,,,,field,public static final RealmsVertexFormat
net/minecraft/realms/RealmsDefaultVertexFormat,POSITION_COLOR,POSITION_COLOR,,,,,field,public static final RealmsVertexFormat
net/minecraft/realms/RealmsDefaultVertexFormat,POSITION_TEX,POSITION_TEX,,,,,field,public static final RealmsVertexFormat
net/minecraft/realms/RealmsDefaultVertexFormat,POSITION_NORMAL,POSITION_NORMAL,,,,,field,public static final RealmsVertexFormat
net/minecraft/realms/RealmsDefaultVertexFormat,POSITION_TEX_COLOR,POSITION_TEX_COLOR,,,,,field,public static final RealmsVertexFormat
net/minecraft/realms/RealmsDefaultVertexFormat,POSITION_TEX_NORMAL,POSITION_TEX_NORMAL,,,,,field,public static final RealmsVertexFormat
net/minecraft/realms/RealmsDefaultVertexFormat,POSITION_TEX2_COLOR,POSITION_TEX2_COLOR,,,,,field,public static final RealmsVertexFormat
net/minecraft/realms/RealmsDefaultVertexFormat,POSITION_TEX_COLOR_NORMAL,POSITION_TEX_COLOR_NORMAL,,,,,field,public static final RealmsVertexFormat
net/minecraft/realms/RealmsDefaultVertexFormat,ELEMENT_POSITION,ELEMENT_POSITION,,,,,field,public static final RealmsVertexFormatElement
net/minecraft/realms/RealmsDefaultVertexFormat,ELEMENT_COLOR,ELEMENT_COLOR,,,,,field,public static final RealmsVertexFormatElement
net/minecraft/realms/RealmsDefaultVertexFormat,ELEMENT_UV0,ELEMENT_UV0,,,,,field,public static final RealmsVertexFormatElement
net/minecraft/realms/RealmsDefaultVertexFormat,ELEMENT_UV1,ELEMENT_UV1,,,,,field,public static final RealmsVertexFormatElement
net/minecraft/realms/RealmsDefaultVertexFormat,ELEMENT_NORMAL,ELEMENT_NORMAL,,,,,field,public static final RealmsVertexFormatElement
net/minecraft/realms/RealmsDefaultVertexFormat,ELEMENT_PADDING,ELEMENT_PADDING,,,,,field,public static final RealmsVertexFormatElement
net/minecraft/realms/DisconnectedRealmsScreen,title,title,,,,,field,private final String
net/minecraft/realms/DisconnectedRealmsScreen,reason,reason,,,,,field,private final IChatBaseComponent
net/minecraft/realms/DisconnectedRealmsScreen,lines,lines,,,,,field,private List<String>
net/minecraft/realms/DisconnectedRealmsScreen,parent,parent,,,,,field,private final RealmsScreen
net/minecraft/realms/DisconnectedRealmsScreen,textHeight,textHeight,,,,,field,private int
net/minecraft/realms/Tezzelator,t,t,,,,,field,public static Tessellator
net/minecraft/realms/Tezzelator,instance,instance,,,,,field,public static final Tezzelator
net/minecraft/realms/RealmsEditBox,editBox,editBox,,,,,field,private final GuiTextField
net/minecraft/realms/RealmsConnect,LOGGER,LOGGER,,,,,field,private static final org.apache.logging.log4j.Logger
net/minecraft/realms/RealmsConnect,onlineScreen,onlineScreen,,,,,field,private final RealmsScreen
net/minecraft/realms/RealmsConnect,aborted,aborted,,,,,field,private volatile boolean
net/minecraft/realms/RealmsConnect,connection,connection,,,,,field,private NetworkManager
cig,T,field_188787_T,,,,,field,private static final org.apache.logging.log4j.Logger
cig,a,field_153197_d,,,,,field,public static boolean
cig,b,field_181063_b,,,,,field,public static boolean
cig,c,field_153198_e,,,,,field,public static int
cig,d,field_153199_f,,,,,field,public static int
cig,e,field_153200_g,,,,,field,public static int
cig,f,field_153201_h,,,,,field,public static int
cig,g,field_153202_i,,,,,field,public static int
cig,h,field_153203_j,,,,,field,public static int
cig,i,field_153204_k,,,,,field,public static int
cig,j,field_153205_l,,,,,field,public static int
cig,k,field_153206_m,,,,,field,public static int
cig,U,field_153212_w,,,,,field,private static OpenGlHelper$FboMode
cig,l,field_148823_f,,,,,field,public static boolean
cig,V,field_153213_x,,,,,field,private static boolean
cig,W,field_153214_y,,,,,field,private static boolean
cig,m,field_153207_o,,,,,field,public static int
cig,n,field_153208_p,,,,,field,public static int
cig,o,field_153209_q,,,,,field,public static int
cig,p,field_153210_r,,,,,field,public static int
cig,X,field_153215_z,,,,,field,private static boolean
cig,q,field_77478_a,,,,,field,public static int
cig,r,field_77476_b,,,,,field,public static int
cig,s,field_176096_r,,,,,field,public static int
cig,Y,field_176088_V,,,,,field,private static boolean
cig,t,field_176095_s,,,,,field,public static int
cig,u,field_176094_t,,,,,field,public static int
cig,v,field_176093_u,,,,,field,public static int
cig,w,field_176092_v,,,,,field,public static int
cig,x,field_176091_w,,,,,field,public static int
cig,y,field_176099_x,,,,,field,public static int
cig,z,field_176098_y,,,,,field,public static int
cig,A,field_176097_z,,,,,field,public static int
cig,B,field_176080_A,,,,,field,public static int
cig,C,field_176081_B,,,,,field,public static int
cig,D,field_176082_C,,,,,field,public static int
cig,E,field_176076_D,,,,,field,public static int
cig,F,field_176077_E,,,,,field,public static int
cig,G,field_176078_F,,,,,field,public static int
cig,H,field_176079_G,,,,,field,public static int
cig,I,field_176084_H,,,,,field,public static int
cig,J,field_176085_I,,,,,field,public static int
cig,K,field_176086_J,,,,,field,public static int
cig,L,field_176087_K,,,,,field,public static int
cig,Z,field_148828_i,,,,,field,private static boolean
cig,M,field_153211_u,,,,,field,public static boolean
cig,N,field_148827_a,,,,,field,public static boolean
cig,O,field_148824_g,,,,,field,public static boolean
cig,aa,field_153196_B,,,,,field,private static String
cig,ab,field_183030_aa,,,,,field,private static String
cig,P,field_176083_O,,,,,field,public static boolean
cig,Q,field_181062_Q,,,,,field,public static boolean
cig,ac,field_176090_Y,,,,,field,private static boolean
cig,R,field_176089_P,,,,,field,public static int
cig,S,field_148826_e,,,,,field,public static int
cig$a,a,BASE,,,,,enum,
cig$a,b,ARB,,,,,enum,
cig$a,c,EXT,,,,,enum,
h$a,a,LINUX,,,,,enum,
h$a,b,SOLARIS,,,,,enum,
h$a,c,WINDOWS,,,,,enum,
h$a,d,OSX,,,,,enum,
h$a,e,UNKNOWN,,,,,enum,
nh$a,a,field_151376_a,,,,,field,private String
nh$a,b,field_151375_b,,,,,field,private final List<String>
nh,a,field_151383_a,,,,,field,private final List<JsonException$Entry>
nh,b,field_151382_b,,,,,field,private final String
of,a,field_73115_a,,,,,field,private final int
of,b,field_180247_b,,,,,field,private final BlockPosition
of,c,field_73112_e,,,,,field,private int
of,d,field_82745_f,,,,,field,private int
ow,a,field_147385_a,,,,,field,private final MinecraftServer
ow,b,field_147384_b,,,,,field,private final NetworkManager
qz,a,field_181752_a,,,,,field,private final long[]
qz,b,field_181753_b,,,,,field,private int
qz,c,field_181754_c,,,,,field,private int
qz,d,field_181755_d,,,,,field,private int
rd,a,field_181757_a,,,,,field,private static final Integer[]
rl,a,field_76336_a,,,,,field,private float
rl,b,field_76334_b,,,,,field,private float
rl,c,field_76335_c,,,,,field,private float
acm$a,a,CROSSED,,,,,enum,
acm$a,b,ATTACKING,,,,,enum,
acm$a,c,SPELLCASTING,,,,,enum,
acm$a,d,BOW_AND_ARROW,,,,,enum,
adu,a,field_70937_a,,,,,field,private final InventoryMerchant
adu,b,field_70935_b,,,,,field,private final EntityHuman
adu,c,field_70936_c,,,,,field,private MerchantRecipeList
adu,d,field_175548_d,,,,,field,private final IChatBaseComponent
aec,a,CAPE,,,,,enum,
aec,b,JACKET,,,,,enum,
aec,c,LEFT_SLEEVE,,,,,enum,
aec,d,RIGHT_SLEEVE,,,,,enum,
aec,e,LEFT_PANTS_LEG,,,,,enum,
aec,f,RIGHT_PANTS_LEG,,,,,enum,
aec,g,HAT,,,,,enum,
aec,h,field_179340_h,,,,,field,private final int
aec,i,field_179341_i,,,,,field,private final int
aec,j,field_179338_j,,,,,field,private final String
aec,k,field_179339_k,,,,,field,private final IChatBaseComponent
aed$a,b,field_194105_b,,,,,field,private final IRecipe
aed$a,c,field_194106_c,,,,,field,private final List<RecipeItemStack>
aed$a,d,field_194107_d,,,,,field,private final int
aed$a,e,field_194108_e,,,,,field,private final int[]
aed$a,f,field_194109_f,,,,,field,private final int
aed$a,g,field_194110_g,,,,,field,private final BitSet
aed$a,h,field_194111_h,,,,,field,private it.unimi.dsi.fastutil.ints.IntList
aed,a,field_194124_a,,,,,field,public final it.unimi.dsi.fastutil.ints.Int2IntMap
ajz$a,a,NORMAL,,,,,enum,
ajz$a,b,ADVANCED,,,,,enum,
ajz$a,c,field_194131_c,,,,,field,final boolean
amk,a,SOLID,,,,,enum,
amk,b,CUTOUT_MIPPED,,,,,enum,
amk,c,CUTOUT,,,,,enum,
amk,d,TRANSLUCENT,,,,,enum,
amk,e,field_180338_e,,,,,field,private final String
amo,a,field_77471_a,,,,,field,private static int[]
amr,a,field_77481_a,,,,,field,private static int[]
anh,a,field_180291_a,,,,,field,private static final BiomeColorHelper$ColorResolver
anh,b,field_180289_b,,,,,field,private static final BiomeColorHelper$ColorResolver
anh,c,field_180290_c,,,,,field,private static final BiomeColorHelper$ColorResolver
bff,a,field_75797_a,,,,,field,private final String
bff,b,field_75795_b,,,,,field,private final String
bff,c,field_75796_c,,,,,field,private final long
bff,d,field_75793_d,,,,,field,private final long
bff,e,field_75794_e,,,,,field,private final boolean
bff,f,field_75791_f,,,,,field,private final EnumGamemode
bff,g,field_75792_g,,,,,field,private final boolean
bff,h,field_75798_h,,,,,field,private final boolean
bff,i,field_186358_i,,,,,field,private final String
bff,j,field_186359_j,,,,,field,private final int
bff,k,field_186360_k,,,,,field,private final boolean
bhb,a,field_189974_a,,,,,field,public static final Vec2f
bhb,b,field_189975_b,,,,,field,public static final Vec2f
bhb,c,field_189976_c,,,,,field,public static final Vec2f
bhb,d,field_189977_d,,,,,field,public static final Vec2f
bhb,e,field_189978_e,,,,,field,public static final Vec2f
bhb,f,field_189979_f,,,,,field,public static final Vec2f
bhb,g,field_189980_g,,,,,field,public static final Vec2f
bhb,h,field_189981_h,,,,,field,public static final Vec2f
bhb,i,field_189982_i,,,,,field,public final float
bhb,j,field_189983_j,,,,,field,public final float
