owner_obf,混淆的,Searge,Spigot,Mojang,Yarn,Intermediary,kind,type
a,a,BLACK,BLACK,,,,enum,
a,b,DARK_BLUE,DARK_BLUE,,,,enum,
a,c,DARK_GREEN,DARK_GREEN,,,,enum,
a,d,DARK_AQUA,DARK_AQUA,,,,enum,
a,e,DARK_RED,DARK_RED,,,,enum,
a,f,DARK_PURPLE,DARK_PURPLE,,,,enum,
a,g,GOLD,GOLD,,,,enum,
a,h,GRAY,GRAY,,,,enum,
a,i,DARK_GRAY,DARK_GRAY,,,,enum,
a,j,BLUE,BLUE,,,,enum,
a,k,GREEN,GREEN,,,,enum,
a,l,AQUA,AQUA,,,,enum,
a,m,RED,RED,,,,enum,
a,n,LIGHT_PURPLE,LIGHT_PURPLE,,,,enum,
a,o,YELLOW,YELLOW,,,,enum,
a,p,WHITE,WHITE,,,,enum,
a,q,OBFUSCATED,OBFUSCATED,,,,enum,
a,r,BOLD,BOLD,,,,enum,
a,s,STRIKETHROUGH,STRIKETHROUGH,,,,enum,
a,t,UNDERLINE,UNDERLINE,,,,enum,
a,u,ITALIC,ITALIC,,,,enum,
a,v,RESET,RESET,,,,enum,
a,w,field_96331_x,,,,,field,"private static final Map<String, EnumChatFormat>"
a,x,field_96330_y,,,,,field,private static final Pattern
a,y,field_175748_y,,,,,field,private final String
a,z,field_96329_z,character,,,,field,private final char
a,A,field_96303_A,,,,,field,private final boolean
a,B,field_96304_B,,,,,field,private final String
a,C,field_175747_C,,,,,field,private final int
a,D,field_211167_D,,,,,field,private final Integer
aa$a,a,field_192350_a,,,,,field,private final AdvancementDataPlayer
aa$a,b,field_192351_b,,,,,field,private final Set<CriterionTrigger$a<CriterionTriggerBrewedPotion$b>>
aa$b,a,field_192251_a,,,,,field,private final PotionRegistry
aa,a,field_192176_a,,,,,field,private static final MinecraftKey
aa,b,field_192177_b,,,,,field,"private final Map<AdvancementDataPlayer, CriterionTriggerBrewedPotion$a>"
aaa,a,field_191278_a,,,,,field,public static final String[]
aab,a,field_188226_a,ID_MAPPING,,,,field,private static final String[]
aac,a,field_208047_a,,,,,field,private static final it.unimi.dsi.fastutil.ints.Int2ObjectMap<String>
aae,a,field_199421_a,,,,,field,"private static final Map<String, String>"
aaf,a,field_199176_a,,,,,field,"private static final Map<String, String>"
aaf,b,field_199177_b,,,,,field,private static final Set<String>
aaf,c,field_199178_c,,,,,field,private static final Set<String>
aai$a,a,field_208466_a,,,,,field,"final com.mojang.datafixers.types.Type<com.mojang.datafixers.util.Pair<String, com.mojang.datafixers.Dynamic<?>>>"
aai$a,c,field_208468_c,,,,,field,"private final com.mojang.datafixers.OpticFinder<List<com.mojang.datafixers.util.Pair<String, com.mojang.datafixers.Dynamic<?>>>>"
aai$a,d,field_208469_d,,,,,field,private final List<com.mojang.datafixers.Dynamic<?>>
aai$a,e,field_208470_e,,,,,field,private DataBits
aai$a,f,field_208471_f,,,,,field,private final it.unimi.dsi.fastutil.ints.IntSet
aai$a,g,field_208472_g,,,,,field,private final it.unimi.dsi.fastutil.ints.IntSet
aai$a,h,field_208473_h,,,,,field,private final it.unimi.dsi.fastutil.ints.Int2IntMap
aai$a,i,field_208474_i,,,,,field,private final int
aai,a,field_208425_a,,,,,field,private static final int[][]
aai,b,field_208434_j,,,,,field,private static final it.unimi.dsi.fastutil.objects.Object2IntMap<String>
aai,c,field_208435_k,,,,,field,private static final Set<String>
aaj,a,field_210553_a,,,,,field,"static final Map<String, String>"
aak,a,field_199181_a,,,,,field,private static final com.google.common.base.Splitter
aak,b,field_199182_b,,,,,field,private static final com.google.common.base.Splitter
aak,c,field_199183_c,,,,,field,private static final com.google.common.base.Splitter
aak,d,field_199184_d,,,,,field,private static final com.google.common.base.Splitter
aak,e,field_199185_e,,,,,field,private static final com.google.common.base.Splitter
aam,a,field_206373_a,,,,,field,private final String
aam,b,field_206374_b,,,,,field,private final String
aam,c,field_206375_c,,,,,field,private final com.mojang.datafixers.DSL$TypeReference
aaq,a,field_199186_a,,,,,field,private static final it.unimi.dsi.fastutil.ints.Int2ObjectMap<String>
aat,a,field_209673_a,,,,,field,"private static final Map<String, String>"
aau,a,field_211869_a,,,,,field,"private static final Map<String, String>"
aav,a,field_211285_a,,,,,field,public static final com.mojang.datafixers.DSL$TypeReference
aav,b,field_211286_b,,,,,field,public static final com.mojang.datafixers.DSL$TypeReference
aav,c,field_211287_c,,,,,field,public static final com.mojang.datafixers.DSL$TypeReference
aav,d,field_211288_d,,,,,field,public static final com.mojang.datafixers.DSL$TypeReference
aav,e,field_211289_e,,,,,field,public static final com.mojang.datafixers.DSL$TypeReference
aav,f,field_211290_f,,,,,field,public static final com.mojang.datafixers.DSL$TypeReference
aav,g,field_211291_g,,,,,field,public static final com.mojang.datafixers.DSL$TypeReference
aav,h,field_211292_h,,,,,field,public static final com.mojang.datafixers.DSL$TypeReference
aav,i,field_211293_i,,,,,field,public static final com.mojang.datafixers.DSL$TypeReference
aav,j,field_211294_j,,,,,field,public static final com.mojang.datafixers.DSL$TypeReference
aav,k,field_211295_k,ITEM_STACK,,,,field,public static final com.mojang.datafixers.DSL$TypeReference
aav,l,field_211296_l,,,,,field,public static final com.mojang.datafixers.DSL$TypeReference
aav,m,field_211297_m,,,,,field,public static final com.mojang.datafixers.DSL$TypeReference
aav,n,field_211298_n,,,,,field,public static final com.mojang.datafixers.DSL$TypeReference
aav,o,field_211299_o,ENTITY,,,,field,public static final com.mojang.datafixers.DSL$TypeReference
aav,p,field_211300_p,,,,,field,public static final com.mojang.datafixers.DSL$TypeReference
aav,q,field_211301_q,,,,,field,public static final com.mojang.datafixers.DSL$TypeReference
aav,r,field_211302_r,,,,,field,public static final com.mojang.datafixers.DSL$TypeReference
aav,s,field_211303_s,,,,,field,public static final com.mojang.datafixers.DSL$TypeReference
aav,t,field_211873_t,,,,,field,public static final com.mojang.datafixers.DSL$TypeReference
aav,u,field_211874_u,,,,,field,public static final com.mojang.datafixers.DSL$TypeReference
aav,v,field_211304_t,,,,,field,public static final com.mojang.datafixers.DSL$TypeReference
aav,w,field_211305_u,,,,,field,public static final com.mojang.datafixers.DSL$TypeReference
aaw,a,field_211870_a,,,,,field,"public static final Map<String, String>"
aax,a,field_204918_a,,,,,field,"public static final Map<String, String>"
ab$a,a,field_193235_a,,,,,field,private final AdvancementDataPlayer
ab$a,b,field_193236_b,,,,,field,private final Set<CriterionTrigger$a<CriterionTriggerChangedDimension$b>>
ab$b,a,field_193191_a,,,,,field,private final DimensionManager
ab$b,b,field_193192_b,,,,,field,private final DimensionManager
ab,a,field_193144_a,,,,,field,private static final MinecraftKey
ab,b,field_193145_b,,,,,field,"private final Map<AdvancementDataPlayer, CriterionTriggerChangedDimension$a>"
aba,a,field_211312_a,,,,,field,private final String
abb,a,field_209682_a,,,,,field,private static final Set<String>
abb,b,field_209683_b,,,,,field,"private static final Map<String, String>"
abb,c,field_199189_b,,,,,field,"private static final Map<String, String>"
abb,d,field_209684_d,,,,,field,"private static final Map<String, String>"
abb,e,field_209685_e,,,,,field,"private static final Map<String, String>"
abf,a,field_210598_a,,,,,field,private final String
abf,b,field_210599_b,,,,,field,private final com.mojang.datafixers.DSL$TypeReference
ac$a,a,field_204847_a,,,,,field,private final AdvancementDataPlayer
ac$a,b,field_204848_b,,,,,field,private final Set<CriterionTrigger$a<CriterionTriggerChanneledLightning$b>>
ac$b,a,field_204825_a,,,,,field,private final CriterionConditionEntity[]
ac,a,field_204815_a,,,,,field,private static final MinecraftKey
ac,b,field_204816_b,,,,,field,"private final Map<AdvancementDataPlayer, CriterionTriggerChanneledLightning$a>"
acl,a,field_206647_b,,,,,field,"protected static final Map<String, String>"
acl,b,field_206648_c,,,,,field,protected static final com.mojang.datafixers.types.templates.Hook$HookFunction
acm,a,field_206597_b,,,,,field,protected static final com.mojang.datafixers.types.templates.Hook$HookFunction
aco,b,field_206692_c,,,,,field,private static final org.apache.logging.log4j.Logger
aco,c,field_206693_d,,,,,field,"private static final Map<String, String>"
aco,a,field_206691_b,,,,,field,protected static final com.mojang.datafixers.types.templates.Hook$HookFunction
acq,a,field_202908_a,,,,,field,private static final org.apache.logging.log4j.Logger
acq,b,field_202909_b,,,,,field,private final ThreadGroup
acq,c,field_202910_c,,,,,field,private final AtomicInteger
acq,d,field_202911_d,,,,,field,private final String
acr$a,b,field_202920_b,,,,,field,"private final Map<T, CompletableFuture<R>>"
acr$a,c,field_202921_c,,,,,field,private final K
acr$a,d,field_202922_d,,,,,field,private final R
acr,b,field_202856_b,,,,,field,private static final org.apache.logging.log4j.Logger
acr,a,field_202855_a,,,,,field,protected final ExecutorService
acr,c,field_202857_c,,,,,field,private final ExecutorService
acr,d,field_202858_d,,,,,field,private final AtomicInteger
acr,e,field_202859_e,,,,,field,private final List<CompletableFuture<R>>
acr,f,field_202860_f,,,,,field,private CompletableFuture<R>
acr,g,field_202861_g,,,,,field,private CompletableFuture<R>
acr,h,field_202862_h,,,,,field,"private final Supplier<Map<T, CompletableFuture<R>>>"
acr,i,field_202863_i,,,,,field,"private final Supplier<Map<T, CompletableFuture<Void>>>"
acr,j,field_202864_j,,,,,field,private final T
act,a,field_202929_a,,,,,field,private static final org.apache.logging.log4j.Logger
act,b,field_202930_b,,,,,field,"private final Scheduler<K, T, R>"
act,c,field_202931_c,,,,,field,private boolean
act,d,field_202932_d,,,,,field,private int
acw,a,field_212158_a,,,,,field,private static final Pattern
acw,b,field_212159_b,,,,,field,private final File
acw,c,field_212160_c,,,,,field,private List<ChunkCoordIntPair>
acw,d,field_212161_d,,,,,field,private List<ChunkCoordIntPair>
acw,e,field_212162_e,,,,,field,private List<ChunkCoordIntPair>
acx,a,field_212219_a,,,,,field,private static final org.apache.logging.log4j.Logger
acx,b,field_212220_b,,,,,field,private static final ThreadFactory
acx,c,field_212221_c,,,,,field,private final IDataManager
acx,d,field_212222_d,,,,,field,private final PersistentCollection
acx,e,field_212223_e,,,,,field,private final Thread
acx,f,field_212224_f,,,,,field,private boolean
acx,g,field_212225_g,,,,,field,private boolean
acx,h,field_212226_h,,,,,field,private float
acx,i,field_212227_i,,,,,field,private float
acx,j,field_212228_j,,,,,field,private float
acx,k,field_212229_k,,,,,field,private int
acx,l,field_212230_l,,,,,field,private int
acx,m,field_212231_m,,,,,field,private int
acx,n,field_212232_n,,,,,field,private float
acx,o,field_212233_o,,,,,field,private int
acx,p,field_212234_p,,,,,field,private int
acx,q,field_212235_q,,,,,field,private int
acx,r,field_212236_r,,,,,field,private IChatBaseComponent
acx,s,field_212237_s,,,,,field,private final String
acz$a,a,PINK,PINK,,,,enum,
acz$a,b,BLUE,BLUE,,,,enum,
acz$a,c,RED,RED,,,,enum,
acz$a,d,GREEN,GREEN,,,,enum,
acz$a,e,YELLOW,YELLOW,,,,enum,
acz$a,f,PURPLE,PURPLE,,,,enum,
acz$a,g,WHITE,WHITE,,,,enum,
acz$a,h,field_201483_h,,,,,field,private final String
acz$a,i,field_201484_i,,,,,field,private final EnumChatFormat
acz$b,a,PROGRESS,PROGRESS,,,,enum,
acz$b,b,NOTCHED_6,NOTCHED_6,,,,enum,
acz$b,c,NOTCHED_10,NOTCHED_10,,,,enum,
acz$b,d,NOTCHED_12,NOTCHED_12,,,,enum,
acz$b,e,NOTCHED_20,NOTCHED_20,,,,enum,
acz$b,f,field_201487_f,,,,,field,private final String
acz,h,field_186756_h,,,,,field,private final UUID
acz,a,field_186749_a,title,,,,field,protected IChatBaseComponent
acz,b,field_186750_b,,,,,field,protected float
acz,c,field_186751_c,color,,,,field,protected BossBattle$BarColor
acz,d,field_186752_d,style,,,,field,protected BossBattle$BarStyle
acz,e,field_186753_e,,,,,field,protected boolean
acz,f,field_186754_f,,,,,field,protected boolean
acz,g,field_186755_g,,,,,field,protected boolean
ad$a,a,field_192356_a,,,,,field,private final AdvancementDataPlayer
ad$a,b,field_192357_b,,,,,field,private final Set<CriterionTrigger$a<CriterionTriggerConstructBeacon$b>>
ad$b,a,field_192253_a,,,,,field,private final CriterionConditionValue$d
ad,a,field_192181_a,,,,,field,private static final MinecraftKey
ad,b,field_192182_b,,,,,field,"private final Map<AdvancementDataPlayer, CriterionTriggerConstructBeacon$a>"
ada,a,field_70479_a,,,,,field,private final IChatBaseComponent
ada,b,field_70477_b,left,,,,field,private final ITileInventory
ada,c,field_70478_c,right,,,,field,private final ITileInventory
ade,a,field_180177_a,,,,,field,private static final Random
adf,a,PEACEFUL,PEACEFUL,,,,enum,
adf,b,EASY,EASY,,,,enum,
adf,c,NORMAL,NORMAL,,,,enum,
adf,d,HARD,HARD,,,,enum,
adf,e,field_151530_e,,,,,field,private static final EnumDifficulty[]
adf,f,field_151527_f,,,,,field,private final int
adf,g,field_151528_g,,,,,field,private final String
adg,a,field_180172_a,,,,,field,private final EnumDifficulty
adg,b,field_180171_b,,,,,field,private final float
adh,a,MAIN_HAND,MAIN_HAND,,,,enum,
adh,b,OFF_HAND,OFF_HAND,,,,enum,
adj,a,SUCCESS,SUCCESS,,,,enum,
adj,b,PASS,PASS,,,,enum,
adj,c,FAIL,FAIL,,,,enum,
adk,a,field_188399_a,,,,,field,private final EnumInteractionResult
adk,b,field_188400_b,,,,,field,private final T
adm,a,field_180162_a,,,,,field,public static final ChestLock
adm,b,field_180161_b,,,,,field,private final String
adq,a,field_70483_a,,,,,field,private final IChatBaseComponent
adq,b,field_70481_b,,,,,field,private final int
adq,c,field_70482_c,items,,,,field,private final NonNullList<ItemStack>
adq,d,field_70480_d,,,,,field,private List<IInventoryListener>
adq,e,field_94051_e,,,,,field,private IChatBaseComponent
adr,a,field_152773_a,,,,,field,"private final Map<String, Object>"
adr,b,field_152774_b,,,,,field,"private final Map<String, Object>"
adr,c,field_76480_b,,,,,field,private final String
adr,d,field_76481_c,,,,,field,private final URL
adr,e,field_76478_d,,,,,field,private final IMojangStatistics
adr,f,field_76479_e,,,,,field,private final Timer
adr,g,field_76476_f,,,,,field,private final Object
adr,h,field_98224_g,,,,,field,private final long
adr,i,field_76477_g,,,,,field,private boolean
adu,a,field_94569_a,,,,,field,private final DamageSource
adu,b,field_94567_b,,,,,field,private final int
adu,c,field_94568_c,,,,,field,private final float
adu,d,field_94565_d,,,,,field,private final float
adu,e,field_94566_e,,,,,field,private final String
adu,f,field_94564_f,,,,,field,private final float
adw,a,field_94556_a,,,,,field,private final List<CombatEntry>
adw,b,field_94554_b,,,,,field,private final EntityLiving
adw,c,field_94555_c,,,,,field,private int
adw,d,field_152775_d,,,,,field,private int
adw,e,field_152776_e,,,,,field,private int
adw,f,field_94552_d,,,,,field,private boolean
adw,g,field_94553_e,,,,,field,private boolean
adw,h,field_94551_f,,,,,field,private String
adx,a,field_76372_a,FIRE,,,,field,public static final DamageSource
adx,b,field_180137_b,LIGHTNING,,,,field,public static final DamageSource
adx,c,field_76370_b,BURN,,,,field,public static final DamageSource
adx,d,field_76371_c,LAVA,,,,field,public static final DamageSource
adx,e,field_190095_e,HOT_FLOOR,,,,field,public static final DamageSource
adx,f,field_76368_d,STUCK,,,,field,public static final DamageSource
adx,g,field_191291_g,CRAMMING,,,,field,public static final DamageSource
adx,h,field_76369_e,DROWN,,,,field,public static final DamageSource
adx,i,field_76366_f,STARVE,,,,field,public static final DamageSource
adx,j,field_76367_g,CACTUS,,,,field,public static final DamageSource
adx,k,field_76379_h,FALL,,,,field,public static final DamageSource
adx,l,field_188406_j,FLY_INTO_WALL,,,,field,public static final DamageSource
adx,m,field_76380_i,OUT_OF_WORLD,,,,field,public static final DamageSource
adx,n,field_76377_j,GENERIC,,,,field,public static final DamageSource
adx,o,field_76376_m,MAGIC,,,,field,public static final DamageSource
adx,p,field_82727_n,WITHER,,,,field,public static final DamageSource
adx,q,field_82728_o,ANVIL,,,,field,public static final DamageSource
adx,r,field_82729_p,FALLING_BLOCK,,,,field,public static final DamageSource
adx,s,field_188407_q,DRAGON_BREATH,,,,field,public static final DamageSource
adx,t,field_191552_t,FIREWORKS,,,,field,public static final DamageSource
adx,u,field_205132_u,DRYOUT,,,,field,public static final DamageSource
adx,w,field_76374_o,,,,,field,private boolean
adx,x,field_76385_p,,,,,field,private boolean
adx,y,field_151520_r,,,,,field,private boolean
adx,z,field_76384_q,,,,,field,private float
adx,A,field_76383_r,,,,,field,private boolean
adx,B,field_76382_s,,,,,field,private boolean
adx,C,field_76381_t,,,,,field,private boolean
adx,D,field_82730_x,,,,,field,private boolean
adx,E,field_76378_k,,,,,field,private boolean
adx,v,field_76373_n,translationIndex,,,,field,public final String
ady,w,field_76386_o,,,,,field,protected Entity
ady,x,field_180140_r,,,,,field,private boolean
adz,x,field_76387_p,owner,,,,field,private final Entity
ae$a,a,field_193241_a,,,,,field,private final AdvancementDataPlayer
ae$a,b,field_193242_b,,,,,field,private final Set<CriterionTrigger$a<CriterionTriggerConsumeItem$b>>
ae$b,a,field_193194_a,,,,,field,private final CriterionConditionItem
ae,a,field_193149_a,,,,,field,private static final MinecraftKey
ae,b,field_193150_b,,,,,field,"private final Map<AdvancementDataPlayer, CriterionTriggerConsumeItem$a>"
aed,a,field_188416_a,,,,,field,protected final double
aeg,b,field_188414_b,REGISTRY,,,,field,"public static final RegistryMaterials<MinecraftKey, MobEffectList>"
aeg,a,field_111188_I,,,,,field,"private final Map<IAttribute, AttributeModifier>"
aeg,c,field_76418_K,,,,,field,private final boolean
aeg,d,field_76414_N,,,,,field,private final int
aeg,e,field_76416_I,,,,,field,private String
aeg,f,field_76417_J,,,,,field,private int
aeg,g,field_76412_L,durationModifier,,,,field,private double
aeg,h,field_188415_h,,,,,field,private boolean
aeh,a,field_180155_a,,,,,field,private static final org.apache.logging.log4j.Logger
aeh,b,field_188420_b,,,,,field,private final MobEffectList
aeh,c,field_76460_b,duration,,,,field,private int
aeh,d,field_76461_c,amplification,,,,field,private int
aeh,e,field_82723_d,splash,,,,field,private boolean
aeh,f,field_82724_e,ambient,,,,field,private boolean
aeh,h,field_188421_h,,,,,field,private boolean
aeh,i,field_205349_i,,,,,field,private boolean
aeh,g,field_100013_f,,,,,field,private boolean
aej,a,field_76424_c,FASTER_MOVEMENT,,,,field,public static final MobEffectList
aej,b,field_76421_d,SLOWER_MOVEMENT,,,,field,public static final MobEffectList
aej,c,field_76422_e,FASTER_DIG,,,,field,public static final MobEffectList
aej,d,field_76419_f,SLOWER_DIG,,,,field,public static final MobEffectList
aej,e,field_76420_g,INCREASE_DAMAGE,,,,field,public static final MobEffectList
aej,f,field_76432_h,HEAL,,,,field,public static final MobEffectList
aej,g,field_76433_i,HARM,,,,field,public static final MobEffectList
aej,h,field_76430_j,JUMP,,,,field,public static final MobEffectList
aej,i,field_76431_k,CONFUSION,,,,field,public static final MobEffectList
aej,j,field_76428_l,REGENERATION,,,,field,public static final MobEffectList
aej,k,field_76429_m,RESISTANCE,,,,field,public static final MobEffectList
aej,l,field_76426_n,FIRE_RESISTANCE,,,,field,public static final MobEffectList
aej,m,field_76427_o,WATER_BREATHING,,,,field,public static final MobEffectList
aej,n,field_76441_p,INVISIBILITY,,,,field,public static final MobEffectList
aej,o,field_76440_q,BLINDNESS,,,,field,public static final MobEffectList
aej,p,field_76439_r,NIGHT_VISION,,,,field,public static final MobEffectList
aej,q,field_76438_s,HUNGER,,,,field,public static final MobEffectList
aej,r,field_76437_t,WEAKNESS,,,,field,public static final MobEffectList
aej,s,field_76436_u,POISON,,,,field,public static final MobEffectList
aej,t,field_82731_v,WITHER,,,,field,public static final MobEffectList
aej,u,field_180152_w,HEALTH_BOOST,,,,field,public static final MobEffectList
aej,v,field_76444_x,ABSORBTION,,,,field,public static final MobEffectList
aej,w,field_76443_y,SATURATION,,,,field,public static final MobEffectList
aej,x,field_188423_x,GLOWING,,,,field,public static final MobEffectList
aej,y,field_188424_y,LEVITATION,,,,field,public static final MobEffectList
aej,z,field_188425_z,LUCK,,,,field,public static final MobEffectList
aej,A,field_189112_A,UNLUCK,,,,field,public static final MobEffectList
aej,B,field_204839_B,SLOW_FALLING,,,,field,public static final MobEffectList
aej,C,field_205136_C,CONDUIT_POWER,,,,field,public static final MobEffectList
aej,D,field_206827_D,DOLPHINS_GRACE,,,,field,public static final MobEffectList
ael,bC,field_184751_bv,,,,,field,private static final DataWatcherObject<Boolean>
ael,a,field_175504_a,,,,,field,protected int
ael,b,field_175502_b,,,,,field,protected int
ael,c,field_175503_c,,,,,field,protected int
ael,bD,field_98056_d,,,,,field,private float
ael,bE,field_98057_e,,,,,field,private float
aem,a,field_195060_a,,,,,field,private static final org.apache.logging.log4j.Logger
aem,b,field_184498_a,,,,,field,private static final DataWatcherObject<Float>
aem,c,field_184499_b,,,,,field,private static final DataWatcherObject<Integer>
aem,d,field_184500_c,,,,,field,private static final DataWatcherObject<Boolean>
aem,e,field_184501_d,,,,,field,private static final DataWatcherObject<ParticleParam>
aem,f,field_184502_e,potionRegistry,,,,field,private PotionRegistry
aem,g,field_184503_f,effects,,,,field,private final List<MobEffect>
aem,h,field_184504_g,,,,,field,"private final Map<Entity, Integer>"
aem,aw,field_184505_h,,,,,field,private int
aem,ax,field_184506_as,waitTime,,,,field,private int
aem,ay,field_184507_at,reapplicationDelay,,,,field,private int
aem,az,field_184508_au,hasColor,,,,field,private boolean
aem,aA,field_184509_av,durationOnUse,,,,field,private int
aem,aB,field_184510_aw,radiusOnUse,,,,field,private float
aem,aC,field_184511_ax,radiusPerTick,,,,field,private float
aem,aD,field_184512_ay,,,,,field,private EntityLiving
aem,aE,field_184513_az,,,,,field,private UUID
aeo,i,field_184243_a,,,,,field,protected static final org.apache.logging.log4j.Logger
aeo,a,field_190535_b,,,,,field,private static final List<ItemStack>
aeo,b,field_174836_a,,,,,field,private static final AxisAlignedBB
aeo,c,field_70155_l,,,,,field,private static double
aeo,f,field_70152_a,entityCount,,,,field,private static int
aeo,g,field_200606_g,,,,,field,private final EntityTypes<?>
aeo,h,field_145783_c,id,,,,field,private int
aeo,j,field_70156_m,,,,,field,public boolean
aeo,aw,field_184244_h,passengers,,,,field,private final List<Entity>
aeo,k,field_184245_j,,,,,field,protected int
aeo,ax,field_184239_as,,,,,field,private Entity
aeo,l,field_98038_p,attachedToPlayer,,,,field,public boolean
aeo,m,field_70170_p,world,,,,field,public World
aeo,n,field_70169_q,lastX,,,,field,public double
aeo,o,field_70167_r,lastY,,,,field,public double
aeo,p,field_70166_s,lastZ,,,,field,public double
aeo,q,field_70165_t,locX,,,,field,public double
aeo,r,field_70163_u,locY,,,,field,public double
aeo,s,field_70161_v,locZ,,,,field,public double
aeo,t,field_70159_w,motX,,,,field,public double
aeo,u,field_70181_x,motY,,,,field,public double
aeo,v,field_70179_y,motZ,,,,field,public double
aeo,w,field_70177_z,yaw,,,,field,public float
aeo,x,field_70125_A,pitch,,,,field,public float
aeo,y,field_70126_B,lastYaw,,,,field,public float
aeo,z,field_70127_C,lastPitch,,,,field,public float
aeo,ay,field_70121_D,boundingBox,,,,field,private AxisAlignedBB
aeo,A,field_70122_E,onGround,,,,field,public boolean
aeo,B,field_70123_F,positionChanged,,,,field,public boolean
aeo,C,field_70124_G,,,,,field,public boolean
aeo,D,field_70132_H,,,,,field,public boolean
aeo,E,field_70133_I,velocityChanged,,,,field,public boolean
aeo,F,field_70134_J,,,,,field,protected boolean
aeo,az,field_174835_g,,,,,field,private boolean
aeo,G,field_70128_L,dead,,,,field,public boolean
aeo,H,field_70130_N,width,,,,field,public float
aeo,I,field_70131_O,length,,,,field,public float
aeo,J,field_70141_P,,,,,field,public float
aeo,K,field_70140_Q,,,,,field,public float
aeo,L,field_82151_R,,,,,field,public float
aeo,M,field_70143_R,fallDistance,,,,field,public float
aeo,aA,field_70150_b,,,,,field,private float
aeo,aB,field_191959_ay,,,,,field,private float
aeo,N,field_70142_S,,,,,field,public double
aeo,O,field_70137_T,,,,,field,public double
aeo,P,field_70136_U,,,,,field,public double
aeo,Q,field_70138_W,,,,,field,public float
aeo,R,field_70145_X,noclip,,,,field,public boolean
aeo,S,field_70144_Y,,,,,field,public float
aeo,T,field_70146_Z,random,,,,field,protected Random
aeo,U,field_70173_aa,ticksLived,,,,field,public int
aeo,aC,field_190534_ay,fireTicks,,,,field,private int
aeo,V,field_70171_ac,inWater,,,,field,protected boolean
aeo,W,field_211517_W,,,,,field,protected double
aeo,X,field_205013_W,,,,,field,protected boolean
aeo,Y,field_70172_ad,noDamageTicks,,,,field,public int
aeo,Z,field_70148_d,justCreated,,,,field,protected boolean
aeo,aa,field_70178_ae,fireProof,,,,field,protected boolean
aeo,ab,field_70180_af,datawatcher,,,,field,protected DataWatcher
aeo,ac,field_184240_ax,,,,,field,protected static final DataWatcherObject<Byte>
aeo,aD,field_184241_ay,,,,,field,private static final DataWatcherObject<Integer>
aeo,aE,field_184242_az,,,,,field,private static final DataWatcherObject<Optional<IChatBaseComponent>>
aeo,aF,field_184233_aA,,,,,field,private static final DataWatcherObject<Boolean>
aeo,aG,field_184234_aB,,,,,field,private static final DataWatcherObject<Boolean>
aeo,aH,field_189655_aD,,,,,field,private static final DataWatcherObject<Boolean>
aeo,ad,field_70175_ag,inChunk,,,,field,public boolean
aeo,ae,field_70176_ah,,,,,field,public int
aeo,af,field_70162_ai,,,,,field,public int
aeo,ag,field_70164_aj,,,,,field,public int
aeo,ak,field_70158_ak,,,,,field,public boolean
aeo,al,field_70160_al,impulse,,,,field,public boolean
aeo,am,field_71088_bW,portalCooldown,,,,field,public int
aeo,an,field_71087_bX,,,,,field,protected boolean
aeo,ao,field_82153_h,,,,,field,protected int
aeo,ap,field_71093_bK,dimension,,,,field,public int
aeo,aq,field_181016_an,,,,,field,protected BlockPosition
aeo,ar,field_181017_ao,,,,,field,protected Vec3D
aeo,as,field_181018_ap,,,,,field,protected EnumDirection
aeo,aI,field_83001_bt,invulnerable,,,,field,private boolean
aeo,at,field_96093_i,uniqueID,,,,field,protected UUID
aeo,au,field_189513_ar,,,,,field,protected String
aeo,av,field_184238_ar,glowing,,,,field,protected boolean
aeo,aJ,field_184236_aF,,,,,field,private final Set<String>
aeo,aK,field_184237_aG,,,,,field,private boolean
aeo,aL,field_191505_aI,,,,,field,private final double[]
aeo,aM,field_191506_aJ,,,,,field,private long
aeo,ah,field_70118_ct,,,,,field,public long
aeo,ai,field_70117_cu,,,,,field,public long
aeo,aj,field_70116_cv,,,,,field,public long
aer$a,a,field_96567_c,,,,,field,private final ItemStack
aer,a,field_94557_a,,,,,field,public static final Predicate<Entity>
aer,b,field_152785_b,,,,,field,public static final Predicate<Entity>
aer,c,field_96566_b,,,,,field,public static final Predicate<Entity>
aer,d,field_188444_d,,,,,field,public static final Predicate<Entity>
aer,e,field_180132_d,,,,,field,public static final Predicate<Entity>
aes$a,a,field_201759_a,,,,,field,private final Class<? extends T>
aes$a,b,field_200709_a,,,,,field,"private final Function<? super World, ? extends T>"
aes$a,c,field_200710_b,,,,,field,private boolean
aes$a,d,field_200711_c,,,,,field,private boolean
aes,aS,field_200731_aJ,,,,,field,private static final org.apache.logging.log4j.Logger
aes,a,field_200787_a,REGISTRY,,,,field,"public static final RegistryMaterials<MinecraftKey, EntityTypes<?>>"
aes,b,field_200788_b,AREA_EFFECT_CLOUD,,,,field,public static final EntityTypes<EntityAreaEffectCloud>
aes,c,field_200789_c,ARMOR_STAND,,,,field,public static final EntityTypes<EntityArmorStand>
aes,d,field_200790_d,ARROW,,,,field,public static final EntityTypes<EntityTippedArrow>
aes,e,field_200791_e,BAT,,,,field,public static final EntityTypes<EntityBat>
aes,f,field_200792_f,BLAZE,,,,field,public static final EntityTypes<EntityBlaze>
aes,g,field_200793_g,BOAT,,,,field,public static final EntityTypes<EntityBoat>
aes,h,field_200794_h,CAVE_SPIDER,,,,field,public static final EntityTypes<EntityCaveSpider>
aes,i,field_200795_i,CHICKEN,,,,field,public static final EntityTypes<EntityChicken>
aes,j,field_203780_j,COD,,,,field,public static final EntityTypes<EntityCod>
aes,k,field_200796_j,COW,,,,field,public static final EntityTypes<EntityCow>
aes,l,field_200797_k,CREEPER,,,,field,public static final EntityTypes<EntityCreeper>
aes,m,field_200798_l,DONKEY,,,,field,public static final EntityTypes<EntityHorseDonkey>
aes,n,field_205137_n,DOLPHIN,,,,field,public static final EntityTypes<EntityDolphin>
aes,o,field_200799_m,DRAGON_FIREBALL,,,,field,public static final EntityTypes<EntityDragonFireball>
aes,p,field_204724_o,DROWNED,,,,field,public static final EntityTypes<EntityDrowned>
aes,q,field_200800_n,ELDER_GUARDIAN,,,,field,public static final EntityTypes<EntityGuardianElder>
aes,r,field_200801_o,END_CRYSTAL,,,,field,public static final EntityTypes<EntityEnderCrystal>
aes,s,field_200802_p,ENDER_DRAGON,,,,field,public static final EntityTypes<EntityEnderDragon>
aes,t,field_200803_q,ENDERMAN,,,,field,public static final EntityTypes<EntityEnderman>
aes,u,field_200804_r,ENDERMITE,,,,field,public static final EntityTypes<EntityEndermite>
aes,v,field_200805_s,EVOKER_FANGS,,,,field,public static final EntityTypes<EntityEvokerFangs>
aes,w,field_200806_t,EVOKER,,,,field,public static final EntityTypes<EntityEvoker>
aes,x,field_200807_u,EXPERIENCE_ORB,,,,field,public static final EntityTypes<EntityExperienceOrb>
aes,y,field_200808_v,EYE_OF_ENDER,,,,field,public static final EntityTypes<EntityEnderSignal>
aes,z,field_200809_w,FALLING_BLOCK,,,,field,public static final EntityTypes<EntityFallingBlock>
aes,A,field_200810_x,FIREWORK_ROCKET,,,,field,public static final EntityTypes<EntityFireworks>
aes,B,field_200811_y,GHAST,,,,field,public static final EntityTypes<EntityGhast>
aes,C,field_200812_z,GIANT,,,,field,public static final EntityTypes<EntityGiantZombie>
aes,D,field_200761_A,GUARDIAN,,,,field,public static final EntityTypes<EntityGuardian>
aes,E,field_200762_B,HORSE,,,,field,public static final EntityTypes<EntityHorse>
aes,F,field_200763_C,HUSK,,,,field,public static final EntityTypes<EntityZombieHusk>
aes,G,field_200764_D,ILLUSIONER,,,,field,public static final EntityTypes<EntityIllagerIllusioner>
aes,H,field_200765_E,ITEM,,,,field,public static final EntityTypes<EntityItem>
aes,I,field_200766_F,ITEM_FRAME,,,,field,public static final EntityTypes<EntityItemFrame>
aes,J,field_200767_G,FIREBALL,,,,field,public static final EntityTypes<EntityLargeFireball>
aes,K,field_200768_H,LEASH_KNOT,,,,field,public static final EntityTypes<EntityLeash>
aes,L,field_200769_I,LLAMA,,,,field,public static final EntityTypes<EntityLlama>
aes,M,field_200770_J,LLAMA_SPIT,,,,field,public static final EntityTypes<EntityLlamaSpit>
aes,N,field_200771_K,MAGMA_CUBE,,,,field,public static final EntityTypes<EntityMagmaCube>
aes,O,field_200772_L,MINECART,,,,field,public static final EntityTypes<EntityMinecartRideable>
aes,P,field_200773_M,CHEST_MINECART,,,,field,public static final EntityTypes<EntityMinecartChest>
aes,Q,field_200774_N,COMMAND_BLOCK_MINECART,,,,field,public static final EntityTypes<EntityMinecartCommandBlock>
aes,R,field_200775_O,FURNACE_MINECART,,,,field,public static final EntityTypes<EntityMinecartFurnace>
aes,S,field_200776_P,HOPPER_MINECART,,,,field,public static final EntityTypes<EntityMinecartHopper>
aes,T,field_200777_Q,SPAWNER_MINECART,,,,field,public static final EntityTypes<EntityMinecartMobSpawner>
aes,U,field_200778_R,TNT_MINECART,,,,field,public static final EntityTypes<EntityMinecartTNT>
aes,V,field_200779_S,MULE,,,,field,public static final EntityTypes<EntityHorseMule>
aes,W,field_200780_T,MOOSHROOM,,,,field,public static final EntityTypes<EntityMushroomCow>
aes,X,field_200781_U,OCELOT,,,,field,public static final EntityTypes<EntityOcelot>
aes,Y,field_200782_V,PAINTING,,,,field,public static final EntityTypes<EntityPainting>
aes,Z,field_200783_W,PARROT,,,,field,public static final EntityTypes<EntityParrot>
aes,aa,field_200784_X,PIG,,,,field,public static final EntityTypes<EntityPig>
aes,ab,field_203779_Z,PUFFERFISH,,,,field,public static final EntityTypes<EntityPufferFish>
aes,ac,field_200785_Y,ZOMBIE_PIGMAN,,,,field,public static final EntityTypes<EntityPigZombie>
aes,ad,field_200786_Z,POLAR_BEAR,,,,field,public static final EntityTypes<EntityPolarBear>
aes,ae,field_200735_aa,TNT,,,,field,public static final EntityTypes<EntityTNTPrimed>
aes,af,field_200736_ab,RABBIT,,,,field,public static final EntityTypes<EntityRabbit>
aes,ag,field_203778_ae,SALMON,,,,field,public static final EntityTypes<EntitySalmon>
aes,ah,field_200737_ac,SHEEP,,,,field,public static final EntityTypes<EntitySheep>
aes,ai,field_200738_ad,SHULKER,,,,field,public static final EntityTypes<EntityShulker>
aes,aj,field_200739_ae,SHULKER_BULLET,,,,field,public static final EntityTypes<EntityShulkerBullet>
aes,ak,field_200740_af,SILVERFISH,,,,field,public static final EntityTypes<EntitySilverfish>
aes,al,field_200741_ag,SKELETON,,,,field,public static final EntityTypes<EntitySkeleton>
aes,am,field_200742_ah,SKELETON_HORSE,,,,field,public static final EntityTypes<EntityHorseSkeleton>
aes,an,field_200743_ai,SLIME,,,,field,public static final EntityTypes<EntitySlime>
aes,ao,field_200744_aj,SMALL_FIREBALL,,,,field,public static final EntityTypes<EntitySmallFireball>
aes,ap,field_200745_ak,SNOW_GOLEM,,,,field,public static final EntityTypes<EntitySnowman>
aes,aq,field_200746_al,SNOWBALL,,,,field,public static final EntityTypes<EntitySnowball>
aes,ar,field_200747_am,SPECTRAL_ARROW,,,,field,public static final EntityTypes<EntitySpectralArrow>
aes,as,field_200748_an,SPIDER,,,,field,public static final EntityTypes<EntitySpider>
aes,at,field_200749_ao,SQUID,,,,field,public static final EntityTypes<EntitySquid>
aes,au,field_200750_ap,STRAY,,,,field,public static final EntityTypes<EntitySkeletonStray>
aes,av,field_204262_at,TROPICAL_FISH,,,,field,public static final EntityTypes<EntityTropicalFish>
aes,aw,field_203099_aq,TURTLE,,,,field,public static final EntityTypes<EntityTurtle>
aes,ax,field_200751_aq,EGG,,,,field,public static final EntityTypes<EntityEgg>
aes,ay,field_200752_ar,ENDER_PEARL,,,,field,public static final EntityTypes<EntityEnderPearl>
aes,az,field_200753_as,EXPERIENCE_BOTTLE,,,,field,public static final EntityTypes<EntityThrownExpBottle>
aes,aA,field_200754_at,POTION,,,,field,public static final EntityTypes<EntityPotion>
aes,aB,field_200755_au,VEX,,,,field,public static final EntityTypes<EntityVex>
aes,aC,field_200756_av,VILLAGER,,,,field,public static final EntityTypes<EntityVillager>
aes,aD,field_200757_aw,IRON_GOLEM,,,,field,public static final EntityTypes<EntityIronGolem>
aes,aE,field_200758_ax,VINDICATOR,,,,field,public static final EntityTypes<EntityVindicator>
aes,aF,field_200759_ay,WITCH,,,,field,public static final EntityTypes<EntityWitch>
aes,aG,field_200760_az,WITHER,,,,field,public static final EntityTypes<EntityWither>
aes,aH,field_200722_aA,WITHER_SKELETON,,,,field,public static final EntityTypes<EntitySkeletonWither>
aes,aI,field_200723_aB,WITHER_SKULL,,,,field,public static final EntityTypes<EntityWitherSkull>
aes,aJ,field_200724_aC,WOLF,,,,field,public static final EntityTypes<EntityWolf>
aes,aK,field_200725_aD,ZOMBIE,,,,field,public static final EntityTypes<EntityZombie>
aes,aL,field_200726_aE,ZOMBIE_HORSE,,,,field,public static final EntityTypes<EntityHorseZombie>
aes,aM,field_200727_aF,ZOMBIE_VILLAGER,,,,field,public static final EntityTypes<EntityZombieVillager>
aes,aN,field_203097_aH,PHANTOM,,,,field,public static final EntityTypes<EntityPhantom>
aes,aO,field_200728_aG,LIGHTNING_BOLT,,,,field,public static final EntityTypes<EntityLightning>
aes,aP,field_200729_aH,PLAYER,,,,field,public static final EntityTypes<EntityHuman>
aes,aQ,field_200730_aI,FISHING_BOBBER,,,,field,public static final EntityTypes<EntityFishingHook>
aes,aR,field_203098_aL,TRIDENT,,,,field,public static final EntityTypes<EntityThrownTrident>
aes,aT,field_201761_aK,,,,,field,private final Class<? extends T>
aes,aU,field_200732_aK,,,,,field,"private final Function<? super World, ? extends T>"
aes,aV,field_200733_aL,,,,,field,private final boolean
aes,aW,field_200734_aM,,,,,field,private final boolean
aes,aX,field_210762_aX,,,,,field,private String
aes,aY,field_206832_aX,,,,,field,private final com.mojang.datafixers.types.Type<?>
aet$a,a,HAND,HAND,,,,enum,
aet$a,b,ARMOR,ARMOR,,,,enum,
aet,a,MAINHAND,MAINHAND,,,,enum,
aet,b,OFFHAND,OFFHAND,,,,enum,
aet,c,FEET,FEET,,,,enum,
aet,d,LEGS,LEGS,,,,enum,
aet,e,CHEST,CHEST,,,,enum,
aet,f,HEAD,HEAD,,,,enum,
aet,g,field_188462_g,,,,,field,private final EnumItemSlot$Function
aet,h,field_188463_h,,,,,field,private final int
aet,i,field_188464_i,,,,,field,private final int
aet,j,field_188465_j,,,,,field,private final String
aeu,a,field_70533_a,,,,,field,public int
aeu,b,field_70531_b,,,,,field,public int
aeu,c,field_70532_c,,,,,field,public int
aeu,d,field_70529_d,,,,,field,private int
aeu,e,field_70530_e,value,,,,field,private int
aeu,f,field_80001_f,targetPlayer,,,,field,private EntityHuman
aeu,g,field_80002_g,targetTime,,,,field,private int
aew,a,LEFT,LEFT,,,,enum,
aew,b,RIGHT,RIGHT,,,,enum,
aew,c,field_188471_c,,,,,field,private final IChatBaseComponent
aex,a,field_190632_a,,,,,field,private static final org.apache.logging.log4j.Logger
aex,b,field_110156_b,,,,,field,private static final UUID
aex,c,field_110157_c,,,,,field,private static final AttributeModifier
aex,aw,field_184621_as,,,,,field,protected static final DataWatcherObject<Byte>
aex,f,field_184632_c,HEALTH,,,,field,private static final DataWatcherObject<Float>
aex,g,field_184633_f,,,,,field,private static final DataWatcherObject<Integer>
aex,h,field_184634_g,,,,,field,private static final DataWatcherObject<Boolean>
aex,bx,field_184635_h,,,,,field,private static final DataWatcherObject<Integer>
aex,by,field_110155_d,attributeMap,,,,field,private AttributeMapBase
aex,bz,field_94063_bt,combatTracker,,,,field,private final CombatTracker
aex,bA,field_70713_bf,effects,,,,field,"private final Map<MobEffectList, MobEffect>"
aex,bB,field_184630_bs,,,,,field,private final NonNullList<ItemStack>
aex,bC,field_184631_bt,,,,,field,private final NonNullList<ItemStack>
aex,ax,field_82175_bq,,,,,field,public boolean
aex,ay,field_184622_au,,,,,field,public EnumHand
aex,az,field_110158_av,,,,,field,public int
aex,aA,field_70720_be,,,,,field,public int
aex,aB,field_70737_aN,hurtTicks,,,,field,public int
aex,aC,field_70738_aO,,,,,field,public int
aex,aD,field_70739_aP,,,,,field,public float
aex,aE,field_70725_aQ,deathTicks,,,,field,public int
aex,aF,field_70732_aI,,,,,field,public float
aex,aG,field_70733_aJ,,,,,field,public float
aex,aH,field_184617_aD,,,,,field,protected int
aex,aI,field_184618_aE,,,,,field,public float
aex,aJ,field_70721_aZ,,,,,field,public float
aex,aK,field_184619_aG,,,,,field,public float
aex,aL,field_70771_an,maxNoDamageTicks,,,,field,public int
aex,aM,field_70727_aS,,,,,field,public float
aex,aN,field_70726_aT,,,,,field,public float
aex,aO,field_70769_ao,,,,,field,public float
aex,aP,field_70770_ap,,,,,field,public float
aex,aQ,field_70761_aq,,,,,field,public float
aex,aR,field_70760_ar,,,,,field,public float
aex,aS,field_70759_as,,,,,field,public float
aex,aT,field_70758_at,,,,,field,public float
aex,aU,field_70747_aH,,,,,field,public float
aex,aV,field_70717_bb,killer,,,,field,protected EntityHuman
aex,aW,field_70718_bc,lastDamageByPlayerTime,,,,field,protected int
aex,aX,field_70729_aU,,,,,field,protected boolean
aex,aY,field_70708_bq,ticksFarFromPlayer,,,,field,protected int
aex,aZ,field_70768_au,,,,,field,protected float
aex,ba,field_110154_aX,,,,,field,protected float
aex,bb,field_70764_aw,,,,,field,protected float
aex,bc,field_70763_ax,,,,,field,protected float
aex,bd,field_70741_aB,,,,,field,protected float
aex,be,field_70744_aE,,,,,field,protected int
aex,bf,field_110153_bc,lastDamage,,,,field,protected float
aex,bg,field_70703_bu,,,,,field,protected boolean
aex,bh,field_70702_br,,,,,field,public float
aex,bi,field_70701_bs,,,,,field,public float
aex,bj,field_191988_bg,,,,,field,public float
aex,bk,field_70704_bt,,,,,field,public float
aex,bl,field_70716_bi,,,,,field,protected int
aex,bm,field_184623_bh,,,,,field,protected double
aex,bn,field_184624_bi,,,,,field,protected double
aex,bo,field_184625_bj,,,,,field,protected double
aex,bp,field_184626_bk,,,,,field,protected double
aex,bq,field_70709_bj,,,,,field,protected double
aex,br,field_208001_bq,,,,,field,protected double
aex,bs,field_208002_br,,,,,field,protected int
aex,bD,field_70752_e,updateEffects,,,,field,private boolean
aex,bE,field_70755_b,lastDamager,,,,field,private EntityLiving
aex,bF,field_70756_c,hurtTimestamp,,,,field,private int
aex,bG,field_110150_bn,,,,,field,private EntityLiving
aex,bH,field_142016_bo,,,,,field,private int
aex,bI,field_70746_aG,,,,,field,private float
aex,bJ,field_70773_bE,,,,,field,private int
aex,bK,field_110151_bq,,,,,field,private float
aex,bt,field_184627_bm,activeItem,,,,field,protected ItemStack
aex,bu,field_184628_bn,,,,,field,protected int
aex,bv,field_184629_bo,,,,,field,protected int
aex,bL,field_184620_bC,,,,,field,private BlockPosition
aex,bM,field_189750_bF,,,,,field,private DamageSource
aex,bN,field_189751_bG,,,,,field,private long
aex,bw,field_204807_bs,,,,,field,protected int
aex,bO,field_205017_bL,,,,,field,private float
aex,bP,field_205018_bM,,,,,field,private float
aey,a,field_184654_a,,,,,field,private static final DataWatcherObject<Byte>
aey,a_,field_70757_a,,,,,field,public int
aey,b_,field_70728_aV,,,,,field,protected int
aey,f,field_70749_g,lookController,,,,field,protected ControllerLook
aey,g,field_70765_h,moveController,,,,field,protected ControllerMove
aey,h,field_70767_i,,,,,field,protected ControllerJump
aey,b,field_70762_j,,,,,field,private final EntityAIBodyControl
aey,bx,field_70699_by,navigation,,,,field,protected NavigationAbstract
aey,by,field_70714_bg,goalSelector,,,,field,protected final PathfinderGoalSelector
aey,bz,field_70715_bh,targetSelector,,,,field,protected final PathfinderGoalSelector
aey,c,field_70696_bz,goalTarget,,,,field,private EntityLiving
aey,bC,field_70723_bA,,,,,field,private final EntitySenses
aey,bD,field_184656_bv,,,,,field,private final NonNullList<ItemStack>
aey,bA,field_82174_bp,dropChanceHand,,,,field,protected float[]
aey,bE,field_184657_bw,,,,,field,private final NonNullList<ItemStack>
aey,bB,field_184655_bs,dropChanceArmor,,,,field,protected float[]
aey,bF,field_82172_bs,canPickUpLoot,,,,field,private boolean
aey,bG,field_82179_bU,persistent,,,,field,private boolean
aey,bH,field_184658_bz,,,,,field,"private final Map<PathType, Float>"
aey,bI,field_184659_bA,,,,,field,private MinecraftKey
aey,bJ,field_184653_bB,,,,,field,private long
aey,bK,field_110169_bv,,,,,field,private boolean
aey,bL,field_110168_bw,leashHolder,,,,field,private Entity
aey,bM,field_110170_bx,,,,,field,private NBTTagCompound
aez,a,MONSTER,MONSTER,,,,enum,
aez,b,CREATURE,CREATURE,,,,enum,
aez,c,AMBIENT,AMBIENT,,,,enum,
aez,d,WATER_CREATURE,WATER_CREATURE,,,,enum,
aez,e,field_75605_d,,,,,field,private final Class<? extends IAnimal>
aez,f,field_75606_e,,,,,field,private final int
aez,g,field_75604_g,,,,,field,private final boolean
aez,h,field_82707_i,,,,,field,private final boolean
af$a,a,field_192362_a,,,,,field,private final AdvancementDataPlayer
af$a,b,field_192363_b,,,,,field,private final Set<CriterionTrigger$a<CriterionTriggerCuredZombieVillager$b>>
af$b,a,field_192255_a,,,,,field,private final CriterionConditionEntity
af$b,b,field_192256_b,,,,,field,private final CriterionConditionEntity
af,a,field_192186_a,,,,,field,private static final MinecraftKey
af,b,field_192187_b,,,,,field,"private final Map<AdvancementDataPlayer, CriterionTriggerCuredZombieVillager$a>"
afa,a,UNDEFINED,UNDEFINED,,,,field,public static final EnumMonsterType
afa,b,UNDEAD,UNDEAD,,,,field,public static final EnumMonsterType
afa,c,ARTHROPOD,ARTHROPOD,,,,field,public static final EnumMonsterType
afa,d,ILLAGER,ILLAGER,,,,field,public static final EnumMonsterType
afa,e,field_203100_e,,,,,field,public static final EnumMonsterType
afb,a,SELF,SELF,,,,enum,
afb,b,PLAYER,PLAYER,,,,enum,
afb,c,PISTON,PISTON,,,,enum,
afb,d,SHULKER_BOX,SHULKER_BOX,,,,enum,
afb,e,SHULKER,SHULKER,,,,enum,
afd,a,field_70775_bC,,,,,field,private BlockPosition
afd,b,field_70772_bD,,,,,field,private float
afh$a,a,field_209339_a,,,,,field,private final HeightMap$Type
afh$a,b,field_209340_b,,,,,field,private final EntityPositionTypes$Surface
afh$a,c,field_209341_c,,,,,field,private final Tag<Block>
afh$b,a,ON_GROUND,ON_GROUND,,,,enum,
afh$b,b,IN_WATER,IN_WATER,,,,enum,
afh,a,field_209347_a,,,,,field,"private static final Map<EntityTypes<?>, EntityPositionTypes$a>"
afi,bC,field_184755_bv,,,,,field,protected static final DataWatcherObject<Byte>
afi,bD,field_184756_bw,,,,,field,protected static final DataWatcherObject<Optional<UUID>>
afi,bE,field_70911_d,goalSit,,,,field,protected PathfinderGoalSit
afl,a,field_111174_a,,,,,field,private final double
afl,b,field_111172_b,,,,,field,private final int
afl,c,field_111173_c,,,,,field,private final Supplier<String>
afl,d,field_111170_d,,,,,field,private final UUID
afl,e,field_111171_e,,,,,field,private boolean
afm,a,field_180373_a,,,,,field,private final IAttribute
afm,b,field_111115_a,,,,,field,private final String
afm,c,field_111113_b,,,,,field,private final double
afm,d,field_111114_c,,,,,field,private boolean
afn,a,field_111154_a,,,,,field,"protected final Map<IAttribute, AttributeInstance>"
afn,b,field_111153_b,,,,,field,"protected final Map<String, AttributeInstance>"
afn,c,field_180377_c,,,,,field,"protected final com.google.common.collect.Multimap<IAttribute, IAttribute>"
afo,a,field_111138_a,,,,,field,private final AttributeMapBase
afo,b,field_111136_b,,,,,field,private final IAttribute
afo,c,field_111137_c,,,,,field,"private final Map<Integer, Set<AttributeModifier>>"
afo,d,field_111134_d,,,,,field,"private final Map<String, Set<AttributeModifier>>"
afo,e,field_111135_e,,,,,field,"private final Map<UUID, AttributeModifier>"
afo,f,field_111132_f,,,,,field,private double
afo,g,field_111133_g,,,,,field,private boolean
afo,h,field_111139_h,,,,,field,private double
afp,e,field_111162_d,,,,,field,private final Set<AttributeInstance>
afp,d,field_111163_c,,,,,field,"protected final Map<String, AttributeInstance>"
afq,a,field_111120_a,,,,,field,private final double
afq,b,field_111118_b,maximum,,,,field,private final double
afq,c,field_111119_c,,,,,field,private String
afs,a,field_75668_a,,,,,field,private final EntityLiving
afs,b,field_75666_b,,,,,field,private int
afs,c,field_75667_c,,,,,field,private float
afu,h,field_205139_h,,,,,field,private final int
afw,b,field_75663_a,,,,,field,private final EntityInsentient
afw,a,field_75662_b,,,,,field,protected boolean
afx,a,field_75659_a,,,,,field,protected final EntityInsentient
afx,b,field_75657_b,,,,,field,protected float
afx,c,field_75658_c,,,,,field,protected float
afx,d,field_75655_d,,,,,field,protected boolean
afx,e,field_75656_e,,,,,field,protected double
afx,f,field_75653_f,,,,,field,protected double
afx,g,field_75654_g,,,,,field,protected double
afy$a,a,WAIT,WAIT,,,,enum,
afy$a,b,MOVE_TO,MOVE_TO,,,,enum,
afy$a,c,STRAFE,STRAFE,,,,enum,
afy$a,d,JUMPING,JUMPING,,,,enum,
afy,a,field_75648_a,,,,,field,protected final EntityInsentient
afy,b,field_75646_b,,,,,field,protected double
afy,c,field_75647_c,,,,,field,protected double
afy,d,field_75644_d,,,,,field,protected double
afy,e,field_75645_e,,,,,field,protected double
afy,f,field_188489_f,,,,,field,protected float
afy,g,field_188490_g,,,,,field,protected float
afy,h,field_188491_h,,,,,field,protected ControllerMove$Operation
ag$a,a,field_203972_a,,,,,field,private CriterionConditionValue$c
ag$a,b,field_203973_b,,,,,field,private CriterionConditionValue$c
ag$a,c,field_203974_c,,,,,field,private CriterionConditionEntity
ag$a,d,field_203975_d,,,,,field,private Boolean
ag$a,e,field_203976_e,,,,,field,private CriterionConditionDamageSource
ag,a,field_192366_a,,,,,field,public static final CriterionConditionDamage
ag,b,field_192367_b,,,,,field,private final CriterionConditionValue$c
ag,c,field_192368_c,,,,,field,private final CriterionConditionValue$c
ag,d,field_192369_d,,,,,field,private final CriterionConditionEntity
ag,e,field_192370_e,,,,,field,private final Boolean
ag,f,field_192371_f,,,,,field,private final CriterionConditionDamageSource
aga,c,field_179509_a,,,,,field,private final Predicate<Entity>
aga,a,field_75380_a,,,,,field,protected EntityCreature
aga,d,field_75378_b,,,,,field,private final double
aga,e,field_75379_c,,,,,field,private final double
aga,b,field_75376_d,,,,,field,protected T
aga,f,field_179508_f,,,,,field,private final float
aga,g,field_75374_f,,,,,field,private PathEntity
aga,h,field_75375_g,,,,,field,private final NavigationAbstract
aga,i,field_181064_i,,,,,field,private final Class<T>
aga,j,field_179510_i,,,,,field,private final Predicate<? super Entity>
aga,k,field_203784_k,,,,,field,private final Predicate<? super Entity>
agb,a,field_75387_a,,,,,field,private final EntityWolf
agb,b,field_75385_b,,,,,field,private EntityHuman
agb,c,field_75386_c,,,,,field,private final IWorldReader
agb,d,field_75383_d,,,,,field,private final float
agb,e,field_75384_e,,,,,field,private int
agc,a,GO_TO_BOAT,GO_TO_BOAT,,,,enum,
agc,b,GO_IN_BOAT_DIRECTION,GO_IN_BOAT_DIRECTION,,,,enum,
agd,d,field_75359_i,,,,,field,private int
agd,e,field_75358_j,,,,,field,private int
age,a,field_205142_a,,,,,field,private final EntityCreature
agf,a,field_75390_d,animal,,,,field,protected final EntityAnimal
agf,d,field_190857_e,,,,,field,private final Class<? extends EntityAnimal>
agf,b,field_75394_a,,,,,field,protected World
agf,c,field_75391_e,partner,,,,field,protected EntityAnimal
agf,e,field_75392_b,,,,,field,private int
agf,f,field_75393_c,,,,,field,private final double
agg,a,field_75356_a,,,,,field,protected EntityInsentient
agg,b,field_179507_b,,,,,field,protected BlockPosition
agg,c,field_195923_c,,,,,field,protected boolean
agg,d,field_75350_f,,,,,field,private boolean
agg,e,field_75351_g,,,,,field,private float
agg,f,field_75357_h,,,,,field,private float
agh,a,field_179505_b,,,,,field,private static final Predicate<IBlockData>
agh,b,field_151500_b,,,,,field,private final EntityInsentient
agh,c,field_151501_c,,,,,field,private final World
agh,d,field_151502_a,,,,,field,private int
agi,a,field_75372_a,,,,,field,private final EntityCreature
agi,b,field_75370_b,,,,,field,private double
agi,c,field_75371_c,,,,,field,private double
agi,d,field_75368_d,,,,,field,private double
agi,e,field_75369_e,,,,,field,private final double
agi,f,field_75367_f,,,,,field,private final World
agj,a,field_75373_a,,,,,field,private final EntityInsentient
agk,a,field_205143_a,,,,,field,private int
agk,b,field_205144_b,,,,,field,private final EntityCreature
agk,c,field_205145_c,,,,,field,private EntityLiving
agk,d,field_205146_d,,,,,field,private PathfinderGoalBoat
agl,a,field_203785_a,,,,,field,private final EntityFish
agl,b,field_203786_b,,,,,field,private EntityFish
agl,c,field_203787_c,,,,,field,private int
agm,a,field_192372_a,,,,,field,private final EntityInsentient
agm,b,field_192373_b,,,,,field,private final Predicate<EntityInsentient>
agm,c,field_192374_c,,,,,field,private EntityInsentient
agm,d,field_192375_d,,,,,field,private final double
agm,e,field_192376_e,,,,,field,private final NavigationAbstract
agm,f,field_192377_f,,,,,field,private int
agm,g,field_192378_g,,,,,field,private final float
agm,h,field_192379_h,,,,,field,private float
agm,i,field_192380_i,,,,,field,private final float
ago,b,field_75338_d,,,,,field,private final EntityTameableAnimal
ago,c,field_75339_e,,,,,field,private EntityLiving
ago,a,field_75342_a,,,,,field,protected final IWorldReader
ago,d,field_75336_f,,,,,field,private final double
ago,e,field_75337_g,,,,,field,private final NavigationAbstract
ago,f,field_75343_h,,,,,field,private int
ago,g,field_75340_b,,,,,field,private final float
ago,h,field_75341_c,,,,,field,private final float
ago,i,field_75344_i,,,,,field,private float
agp,a,field_75348_a,,,,,field,private final EntityAnimal
agp,b,field_75346_b,,,,,field,private EntityAnimal
agp,c,field_75347_c,,,,,field,private final double
agp,d,field_75345_d,,,,,field,private int
agq,a,field_75254_a,,,,,field,private int
agr$a,a,field_75733_a,,,,,field,public final PathfinderGoal
agr$a,b,field_75731_b,,,,,field,public final int
agr$a,c,field_188524_c,,,,,field,public boolean
agr,a,field_151506_a,,,,,field,private static final org.apache.logging.log4j.Logger
agr,b,field_75782_a,,,,,field,private final Set<PathfinderGoalSelector$PathfinderGoalSelectorItem>
agr,c,field_75780_b,,,,,field,private final Set<PathfinderGoalSelector$PathfinderGoalSelectorItem>
agr,d,field_75781_c,,,,,field,private final MethodProfiler
agr,e,field_75778_d,,,,,field,private int
agr,f,field_75779_e,,,,,field,private int
agr,g,field_188529_g,,,,,field,private int
ags,f,field_179504_c,,,,,field,private final EntityVillager
ags,g,field_179502_d,,,,,field,private boolean
ags,h,field_179503_e,,,,,field,private boolean
ags,i,field_179501_f,,,,,field,private int
agu,a,field_211697_a,,,,,field,private static final int[]
agu,b,field_205149_a,,,,,field,private final EntityDolphin
agu,c,field_205150_b,,,,,field,private final int
agu,d,field_205151_c,,,,,field,private boolean
agv,a,field_192382_a,,,,,field,private final EntityPerchable
agv,b,field_192383_b,,,,,field,private EntityHuman
agv,c,field_192384_c,,,,,field,private boolean
agw,a,field_75328_a,,,,,field,private final EntityInsentient
agw,b,field_75326_b,,,,,field,private EntityLiving
agw,c,field_75327_c,,,,,field,private final float
agx,a,field_190859_a,,,,,field,public EntityLlama
agx,b,field_190860_b,,,,,field,private double
agx,c,field_190861_c,,,,,field,private int
agy,a,field_75332_b,,,,,field,protected EntityInsentient
agy,b,field_75334_a,,,,,field,protected Entity
agy,c,field_75333_c,,,,,field,protected float
agy,e,field_75330_d,,,,,field,private int
agy,f,field_75331_e,,,,,field,private final float
agy,d,field_75329_f,,,,,field,protected Class<? extends Entity>
agz,e,field_75335_b,,,,,field,private final EntityVillager
ah$a,a,field_203982_a,,,,,field,private Boolean
ah$a,b,field_203983_b,,,,,field,private Boolean
ah$a,c,field_203984_c,,,,,field,private Boolean
ah$a,d,field_203985_d,,,,,field,private Boolean
ah$a,e,field_203986_e,,,,,field,private Boolean
ah$a,f,field_203987_f,,,,,field,private Boolean
ah$a,g,field_203988_g,,,,,field,private Boolean
ah$a,h,field_203989_h,,,,,field,private CriterionConditionEntity
ah$a,i,field_203990_i,,,,,field,private CriterionConditionEntity
ah,a,field_192449_a,,,,,field,public static final CriterionConditionDamageSource
ah,b,field_192450_b,,,,,field,private final Boolean
ah,c,field_192451_c,,,,,field,private final Boolean
ah,d,field_192452_d,,,,,field,private final Boolean
ah,e,field_192453_e,,,,,field,private final Boolean
ah,f,field_192454_f,,,,,field,private final Boolean
ah,g,field_192455_g,,,,,field,private final Boolean
ah,h,field_192456_h,,,,,field,private final Boolean
ah,i,field_193419_i,,,,,field,private final CriterionConditionEntity
ah,j,field_193420_j,,,,,field,private final CriterionConditionEntity
aha,a,field_75450_b,,,,,field,private final EntityVillager
aha,b,field_75451_c,,,,,field,private EntityVillager
aha,c,field_75448_d,,,,,field,private final World
aha,d,field_75449_e,,,,,field,private int
aha,e,field_75452_a,,,,,field,private Village
ahb,a,field_75441_b,,,,,field,protected EntityCreature
ahb,b,field_75439_d,,,,,field,protected int
ahb,d,field_75440_e,,,,,field,private final double
ahb,e,field_75437_f,,,,,field,private final boolean
ahb,f,field_75438_g,,,,,field,private PathEntity
ahb,g,field_75445_i,,,,,field,private int
ahb,h,field_151497_i,,,,,field,private double
ahb,i,field_151495_j,,,,,field,private double
ahb,j,field_151496_k,,,,,field,private double
ahb,c,field_188493_g,,,,,field,protected final int
ahc,a,field_75424_a,,,,,field,private final EntityCreature
ahc,b,field_75422_b,,,,,field,private VillageDoor
ahc,c,field_75423_c,,,,,field,private int
ahc,d,field_75421_d,,,,,field,private int
ahd,a,field_75420_a,,,,,field,private final EntityCreature
ahd,b,field_75418_b,,,,,field,private final double
ahd,c,field_75419_c,,,,,field,private PathEntity
ahd,d,field_75416_d,,,,,field,private VillageDoor
ahd,e,field_75417_e,,,,,field,private final boolean
ahd,f,field_75415_f,,,,,field,private final List<VillageDoor>
ahe,f,field_179495_c,,,,,field,private final EntityCreature
ahe,a,field_179492_d,,,,,field,public double
ahe,b,field_179496_a,,,,,field,protected int
ahe,c,field_179493_e,,,,,field,protected int
ahe,g,field_179490_f,,,,,field,private int
ahe,d,field_179494_b,,,,,field,protected BlockPosition
ahe,h,field_179491_g,,,,,field,private boolean
ahe,i,field_179497_h,,,,,field,private final int
ahe,j,field_203113_j,,,,,field,private final int
ahe,e,field_203112_e,,,,,field,public int
ahf,a,field_75436_a,,,,,field,private final EntityCreature
ahf,b,field_75434_b,,,,,field,private double
ahf,c,field_75435_c,,,,,field,private double
ahf,d,field_75432_d,,,,,field,private double
ahf,e,field_75433_e,,,,,field,private final double
ahg,a,field_75431_a,,,,,field,private final EntityCreature
ahg,b,field_75429_b,,,,,field,private EntityLiving
ahg,c,field_75430_c,,,,,field,private double
ahg,d,field_75427_d,,,,,field,private double
ahg,e,field_75428_e,,,,,field,private double
ahg,f,field_75425_f,,,,,field,private final double
ahg,g,field_75426_g,,,,,field,private final float
ahh,a,field_75411_a,,,,,field,private final IBlockAccess
ahh,b,field_75409_b,,,,,field,private final EntityInsentient
ahh,c,field_75410_c,,,,,field,private EntityLiving
ahh,d,field_75408_d,,,,,field,private int
ahi,f,field_151493_a,,,,,field,private final EntityOcelot
ahj,a,field_75397_a,,,,,field,private final EntityIronGolem
ahj,b,field_75395_b,,,,,field,private EntityVillager
ahj,c,field_75396_c,,,,,field,private int
ahk,d,field_75361_i,,,,,field,private final boolean
ahk,e,field_75360_j,,,,,field,private int
ahl,a,field_75267_a,,,,,field,protected final EntityCreature
ahl,b,field_75265_b,,,,,field,protected double
ahl,c,field_75266_c,,,,,field,protected double
ahl,d,field_75263_d,,,,,field,protected double
ahl,e,field_75264_e,,,,,field,protected double
ahm,a,field_75262_a,,,,,field,private final EntityVillager
ahm,b,field_75260_b,,,,,field,private EntityLiving
ahm,c,field_75261_c,,,,,field,private final double
ahm,d,field_75259_d,,,,,field,private int
ahn,a,field_75258_a,,,,,field,private final EntityInsentient
ahn,b,field_75256_b,,,,,field,private double
ahn,c,field_75257_c,,,,,field,private double
ahn,d,field_75255_d,,,,,field,private int
aho,a,field_75457_a,,,,,field,protected final EntityCreature
aho,b,field_75455_b,,,,,field,protected double
aho,c,field_75456_c,,,,,field,protected double
aho,d,field_75453_d,,,,,field,protected double
aho,e,field_75454_e,,,,,field,protected final double
aho,f,field_179481_f,,,,,field,protected int
aho,g,field_179482_g,,,,,field,protected boolean
ahq,a,field_75322_b,,,,,field,private final EntityInsentient
ahq,b,field_82641_b,,,,,field,private final IRangedEntity
ahq,c,field_75323_c,,,,,field,private EntityLiving
ahq,d,field_75320_d,,,,,field,private int
ahq,e,field_75321_e,,,,,field,private final double
ahq,f,field_75318_f,,,,,field,private int
ahq,g,field_96561_g,,,,,field,private final int
ahq,h,field_75325_h,,,,,field,private final int
ahq,i,field_96562_i,,,,,field,private final float
ahq,j,field_82642_h,,,,,field,private final float
ahr,a,field_188499_a,,,,,field,private final T
ahr,b,field_188500_b,,,,,field,private final double
ahr,c,field_188501_c,,,,,field,private int
ahr,d,field_188502_d,,,,,field,private final float
ahr,e,field_188503_e,,,,,field,private int
ahr,f,field_188504_f,,,,,field,private int
ahr,g,field_188505_g,,,,,field,private boolean
ahr,h,field_188506_h,,,,,field,private boolean
ahr,i,field_188507_i,,,,,field,private int
ahs,f,field_203117_f,,,,,field,private final Block
ahs,g,field_203118_g,,,,,field,private final EntityInsentient
ahs,h,field_203119_h,,,,,field,private int
aht,a,field_75275_a,,,,,field,private final EntityCreature
aht,b,field_75274_b,,,,,field,private VillageDoor
ahu,a,field_75273_a,,,,,field,private final EntityCreature
ahv,a,field_111180_a,entity,,,,field,private final EntityHorseAbstract
ahv,b,field_111178_b,,,,,field,private final double
ahv,c,field_111179_c,,,,,field,private double
ahv,d,field_111176_d,,,,,field,private double
ahv,e,field_111177_e,,,,,field,private double
ahw,a,field_75272_a,entity,,,,field,private final EntityTameableAnimal
ahw,b,field_75271_b,willSit,,,,field,private boolean
ahx,a,field_75269_a,,,,,field,private final EntityCreeper
ahx,b,field_75268_b,,,,,field,private EntityLiving
ahy,a,field_75294_a,,,,,field,private final EntityVillager
ahy,b,field_75292_b,,,,,field,private EntityIronGolem
ahy,c,field_75293_c,,,,,field,private int
ahy,d,field_75291_d,,,,,field,private boolean
ahz,a,field_75284_a,,,,,field,private final EntityCreature
ahz,b,field_75282_b,,,,,field,private final double
ahz,c,field_75283_c,,,,,field,private double
ahz,d,field_75280_d,,,,,field,private double
ahz,e,field_75281_e,,,,,field,private double
ahz,f,field_75278_f,,,,,field,private double
ahz,g,field_75279_g,,,,,field,private double
ahz,h,field_75289_h,target,,,,field,private EntityHuman
ahz,i,field_75290_i,,,,,field,private int
ahz,j,field_75287_j,,,,,field,private boolean
ahz,k,field_151484_k,,,,,field,private final RecipeItemStack
ahz,l,field_75285_l,,,,,field,private final boolean
ai,a,field_193423_a,,,,,field,public static final CriterionConditionDistance
ai,b,field_193424_b,,,,,field,private final CriterionConditionValue$c
ai,c,field_193425_c,,,,,field,private final CriterionConditionValue$c
ai,d,field_193426_d,,,,,field,private final CriterionConditionValue$c
ai,e,field_193427_e,,,,,field,private final CriterionConditionValue$c
ai,f,field_193428_f,,,,,field,private final CriterionConditionValue$c
aia,a,field_75276_a,,,,,field,private final EntityVillager
aib,a,field_205152_a,,,,,field,private final EntityCreature
aic,e,field_179478_e,,,,,field,private int
aic,f,field_179477_f,,,,,field,private final EntityVillager
aie,h,field_190865_h,,,,,field,protected final float
aif,d,field_188494_h,,,,,field,private final EntityZombie
aif,e,field_188495_i,,,,,field,private int
aih,a,field_75305_a,,,,,field,private final EntityIronGolem
aih,b,field_75304_b,,,,,field,private EntityLiving
aii,a,field_75312_a,,,,,field,private final boolean
aii,b,field_142052_b,,,,,field,private int
aii,c,field_179447_c,,,,,field,private final Class<?>[]
aij,a,field_179444_a,,,,,field,private static final org.apache.logging.log4j.Logger
aij,b,field_179442_b,,,,,field,private final EntityInsentient
aij,c,field_179443_c,,,,,field,private final Predicate<EntityLiving>
aij,d,field_179440_d,,,,,field,private final PathfinderGoalNearestAttackableTarget$DistanceComparator
aij,e,field_179441_e,,,,,field,private EntityLiving
aij,f,field_179439_f,,,,,field,private final Class<? extends EntityLiving>
aik,a,field_179436_a,,,,,field,private static final org.apache.logging.log4j.Logger
aik,b,field_179434_b,,,,,field,private final EntityInsentient
aik,c,field_179435_c,,,,,field,private final Predicate<Entity>
aik,d,field_179432_d,,,,,field,private final PathfinderGoalNearestAttackableTarget$DistanceComparator
aik,e,field_179433_e,,,,,field,private EntityLiving
ail$a,a,field_75459_b,,,,,field,private final Entity
ail,a,field_75307_b,,,,,field,protected final Class<T>
ail,i,field_75308_c,,,,,field,private final int
ail,b,field_75306_g,,,,,field,protected final PathfinderGoalNearestAttackableTarget$DistanceComparator
ail,c,field_82643_g,,,,,field,protected final Predicate<? super T>
ail,d,field_75309_a,,,,,field,protected T
aim,i,field_75310_g,,,,,field,private final EntityTameableAnimal
ain,a,field_75316_a,,,,,field,private final EntityTameableAnimal
ain,b,field_75315_b,,,,,field,private EntityLiving
ain,c,field_142051_e,,,,,field,private int
aio,a,field_75314_a,,,,,field,private final EntityTameableAnimal
aio,b,field_75313_b,,,,,field,private EntityLiving
aio,c,field_142050_e,,,,,field,private int
aip,e,field_75299_d,,,,,field,protected final EntityCreature
aip,f,field_75297_f,,,,,field,protected boolean
aip,a,field_75303_a,,,,,field,private final boolean
aip,b,field_75301_b,,,,,field,private int
aip,c,field_75302_c,,,,,field,private int
aip,d,field_75298_g,,,,,field,private int
aip,g,field_188509_g,,,,,field,protected EntityLiving
aip,h,field_188510_h,,,,,field,protected int
ais,p,field_179694_f,,,,,field,private boolean
ait,a,field_75515_a,,,,,field,protected EntityInsentient
ait,b,field_75513_b,,,,,field,protected World
ait,c,field_75514_c,,,,,field,protected PathEntity
ait,d,field_75511_d,,,,,field,protected double
ait,p,field_75512_e,,,,,field,private final AttributeInstance
ait,e,field_75510_g,,,,,field,protected int
ait,f,field_75520_h,,,,,field,protected int
ait,g,field_75521_i,,,,,field,protected Vec3D
ait,h,field_188557_k,,,,,field,protected Vec3D
ait,i,field_188558_l,,,,,field,protected long
ait,j,field_188559_m,,,,,field,protected long
ait,k,field_188560_n,,,,,field,protected double
ait,l,field_188561_o,,,,,field,protected float
ait,m,field_188562_p,,,,,field,protected boolean
ait,n,field_188563_q,,,,,field,protected long
ait,o,field_179695_a,,,,,field,protected PathfinderAbstract
ait,q,field_188564_r,,,,,field,private BlockPosition
ait,r,field_179681_j,,,,,field,private Pathfinder
aiu,a,field_189519_a,,,,,field,private final List<NavigationAbstract>
aiv,p,field_179696_f,,,,,field,private BlockPosition
aiw,p,field_205155_i,,,,,field,private boolean
aiy,a,field_75526_a,,,,,field,private final EntityInsentient
aiy,b,field_75524_b,,,,,field,private final List<Entity>
aiy,c,field_75525_c,,,,,field,private final List<Entity>
aj$a,a,field_193433_a,,,,,field,private final AdvancementDataPlayer
aj$a,b,field_193434_b,,,,,field,private final Set<CriterionTrigger$a<CriterionTriggerEffectsChanged$b>>
aj$b,a,field_193196_a,,,,,field,private final CriterionConditionMobEffect
aj,a,field_193154_a,,,,,field,private static final MinecraftKey
aj,b,field_193155_b,,,,,field,"private final Map<AdvancementDataPlayer, CriterionTriggerEffectsChanged$a>"
ajc,a,field_179859_a,,,,,field,private final BlockPosition
ajc,b,field_179857_b,,,,,field,private final BlockPosition
ajc,c,field_179858_c,,,,,field,private final EnumDirection
ajc,d,field_75475_f,,,,,field,private int
ajc,e,field_75476_g,,,,,field,private boolean
ajc,f,field_75482_h,,,,,field,private int
ajd$a,a,field_75592_a,,,,,field,public EntityLiving
ajd$a,b,field_75590_b,,,,,field,public int
ajd,a,field_75586_a,,,,,field,private World
ajd,b,field_75584_b,,,,,field,private final List<VillageDoor>
ajd,c,field_75585_c,,,,,field,private BlockPosition
ajd,d,field_75582_d,,,,,field,private BlockPosition
ajd,e,field_75583_e,,,,,field,private int
ajd,f,field_75580_f,,,,,field,private int
ajd,g,field_75581_g,,,,,field,private int
ajd,h,field_75588_h,,,,,field,private int
ajd,i,field_82694_i,,,,,field,private int
ajd,j,field_82693_j,,,,,field,"private final Map<String, Integer>"
ajd,k,field_75589_i,,,,,field,private final List<Village$Aggressor>
ajd,l,field_75587_j,,,,,field,private int
aje,a,field_75537_a,,,,,field,private final World
aje,b,field_75535_b,,,,,field,private boolean
aje,c,field_75536_c,,,,,field,private int
aje,d,field_75533_d,,,,,field,private int
aje,e,field_75534_e,,,,,field,private int
aje,f,field_75531_f,,,,,field,private Village
aje,g,field_75532_g,,,,,field,private int
aje,h,field_75538_h,,,,,field,private int
aje,i,field_75539_i,,,,,field,private int
ajf,a,field_75556_a,world,,,,field,private World
ajf,b,field_75554_b,,,,,field,private final List<BlockPosition>
ajf,c,field_75555_c,,,,,field,private final List<VillageDoor>
ajf,d,field_75552_d,villages,,,,field,private final List<Village>
ajf,e,field_75553_e,time,,,,field,private int
aji,a,field_184660_a,,,,,field,private static final DataWatcherObject<Byte>
aji,b,field_82237_a,,,,,field,private BlockPosition
ajk$a,i,field_203781_i,,,,,field,private final EntityFish
ajk$b,h,field_203788_h,,,,,field,private final EntityFish
ajk,b,field_203711_b,,,,,field,private static final DataWatcherObject<Boolean>
ajk,c,field_203712_c,,,,,field,private boolean
ajk,a,field_203710_a,,,,,field,public int
ajk,bC,field_203713_bx,,,,,field,private boolean
ajm,bF,field_175506_bl,,,,,field,protected Block
ajm,bC,field_70881_d,,,,,field,private int
ajm,bD,field_146084_br,,,,,field,private UUID
ajn,bK,field_184761_bD,,,,,field,private static final RecipeItemStack
ajn,bC,field_70886_e,,,,,field,public float
ajn,bD,field_70883_f,,,,,field,public float
ajn,bE,field_70884_g,,,,,field,public float
ajn,bG,field_70888_h,,,,,field,public float
ajn,bH,field_70889_i,,,,,field,public float
ajn,bI,field_70887_j,,,,,field,public int
ajn,bJ,field_152118_bv,,,,,field,public boolean
ajq$a,i,field_205138_i,,,,,field,private final EntityDolphin
ajq$b,a,field_208057_a,,,,,field,private final EntityDolphin
ajq$b,b,field_208058_b,,,,,field,private boolean
ajq$c,a,field_206834_a,,,,,field,private final EntityDolphin
ajq$c,b,field_206835_b,,,,,field,private final double
ajq$c,c,field_206836_c,,,,,field,private EntityHuman
ajq$d,b,field_205154_b,,,,,field,private int
ajq,b,field_208014_b,,,,,field,private static final DataWatcherObject<BlockPosition>
ajq,c,field_208013_bB,,,,,field,private static final DataWatcherObject<Boolean>
ajq,bC,field_211138_bB,,,,,field,private static final DataWatcherObject<Integer>
ajq,a,field_205025_a,,,,,field,public static final Predicate<EntityItem>
ajs,a,field_184750_a,,,,,field,protected static final DataWatcherObject<Byte>
ajs,b,field_70858_e,,,,,field,private int
ajs,c,field_70857_d,,,,,field,private Village
ajs,bC,field_70855_f,,,,,field,private int
ajs,bD,field_70856_g,,,,,field,private int
aju,bG,field_195402_bB,,,,,field,private static final RecipeItemStack
aju,bH,field_184757_bz,,,,,field,private static final DataWatcherObject<Integer>
aju,bI,field_200608_bC,,,,,field,private static final MinecraftKey
aju,bJ,field_175545_bm,,,,,field,private PathfinderGoalAvoidTarget<EntityHuman>
aju,bK,field_70914_e,,,,,field,private PathfinderGoalTempt
ajv,bL,field_192013_bG,,,,,field,private static final DataWatcherObject<Integer>
ajv,bM,field_192014_bH,,,,,field,private static final Predicate<EntityInsentient>
ajv,bN,field_192015_bI,,,,,field,private static final Item
ajv,bO,field_192016_bJ,,,,,field,private static final Set<Item>
ajv,bP,field_192017_bK,,,,,field,"private static final Map<EntityTypes<?>, SoundEffect>"
ajv,bG,field_192008_bB,,,,,field,public float
ajv,bH,field_192009_bC,,,,,field,public float
ajv,bI,field_192010_bD,,,,,field,public float
ajv,bJ,field_192011_bE,,,,,field,public float
ajv,bK,field_192012_bF,,,,,field,public float
ajv,bQ,field_192018_bL,,,,,field,private boolean
ajv,bR,field_192019_bM,,,,,field,private BlockPosition
ajw,bC,field_184763_bv,,,,,field,private static final DataWatcherObject<Boolean>
ajw,bD,field_191520_bx,,,,,field,private static final DataWatcherObject<Integer>
ajw,bE,field_184764_bw,,,,,field,private static final RecipeItemStack
ajw,bG,field_184765_bx,,,,,field,private boolean
ajw,bH,field_184766_bz,,,,,field,private int
ajw,bI,field_184767_bA,,,,,field,private int
ajx$b,a,field_190101_a,,,,,field,public boolean
ajx,bC,field_189798_bx,,,,,field,private static final DataWatcherObject<Boolean>
ajx,bD,field_189799_by,,,,,field,private float
ajx,bE,field_189800_bz,,,,,field,private float
ajx,bG,field_189797_bB,,,,,field,private int
ajy$a,a,field_203789_a,,,,,field,private final EntityPufferFish
ajy,b,field_203716_b,,,,,field,private static final DataWatcherObject<Integer>
ajy,c,field_203717_c,,,,,field,private int
ajy,bC,field_203718_bx,,,,,field,private int
ajy,bD,field_205724_bA,,,,,field,private static final Predicate<EntityLiving>
ajy,bE,field_205722_bB,,,,,field,private float
ajy,bF,field_205723_bC,,,,,field,private float
ajz$b,c,field_179511_d,,,,,field,private final EntityRabbit
ajz$c,a,field_179427_a,,,,,field,public int
ajz$d,c,field_180070_c,,,,,field,private final EntityRabbit
ajz$d,d,field_180068_d,,,,,field,private boolean
ajz$e,i,field_179929_g,,,,,field,private final EntityRabbit
ajz$e,j,field_188492_j,,,,,field,private double
ajz$f,f,field_179486_b,,,,,field,private final EntityRabbit
ajz$g,f,field_179500_c,,,,,field,private final EntityRabbit
ajz$g,g,field_179498_d,,,,,field,private boolean
ajz$g,h,field_179499_e,,,,,field,private boolean
ajz,bC,field_184773_bv,,,,,field,private static final DataWatcherObject<Integer>
ajz,bD,field_200611_bx,,,,,field,private static final MinecraftKey
ajz,bE,field_175540_bm,,,,,field,private int
ajz,bG,field_175535_bn,,,,,field,private int
ajz,bH,field_175537_bp,,,,,field,private boolean
ajz,bI,field_175538_bq,,,,,field,private int
ajz,bJ,field_175541_bs,,,,,field,private int
ak$a,a,field_192461_a,,,,,field,private final AdvancementDataPlayer
ak$a,b,field_192462_b,,,,,field,private final Set<CriterionTrigger$a<CriterionTriggerEnchantedItem$b>>
ak$b,a,field_192258_a,,,,,field,private final CriterionConditionItem
ak$b,b,field_192259_b,,,,,field,private final CriterionConditionValue$d
ak,a,field_192191_a,,,,,field,private static final MinecraftKey
ak,b,field_192192_b,,,,,field,"private final Map<AdvancementDataPlayer, CriterionTriggerEnchantedItem$a>"
akb,bC,field_184774_bv,,,,,field,private static final DataWatcherObject<Byte>
akb,bD,field_90016_e,container,,,,field,private final InventoryCrafting
akb,bE,field_200206_bz,,,,,field,"private static final Map<EnumColor, IMaterial>"
akb,bG,field_175514_bm,,,,,field,"private static final Map<EnumColor, float[]>"
akb,bH,field_70899_e,,,,,field,private int
akb,bI,field_146087_bs,,,,,field,private PathfinderGoalEatTile
akc,bG,field_191996_bB,,,,,field,private int
akd,a,field_184749_a,,,,,field,private static final DataWatcherObject<Byte>
ake$a,b,field_203125_b,,,,,field,private int
ake$b,b,field_179476_a,,,,,field,private final EntitySquid
ake,a,field_70861_d,,,,,field,public float
ake,b,field_70862_e,,,,,field,public float
ake,c,field_70859_f,,,,,field,public float
ake,bC,field_70860_g,,,,,field,public float
ake,bD,field_70867_h,,,,,field,public float
ake,bE,field_70868_i,,,,,field,public float
ake,bF,field_70866_j,,,,,field,public float
ake,bG,field_70865_by,,,,,field,public float
ake,bH,field_70863_bz,,,,,field,private float
ake,bI,field_70864_bA,,,,,field,private float
ake,bJ,field_70871_bB,,,,,field,private float
ake,bK,field_70872_bC,,,,,field,private float
ake,bL,field_70869_bD,,,,,field,private float
ake,bM,field_70870_bE,,,,,field,private float
akf$a,a,field_204263_a,,,,,field,private final int
akf$a,b,field_204264_b,,,,,field,private final int
akf$a,c,field_204265_c,,,,,field,private final int
akf$a,d,field_204266_d,,,,,field,private final int
akf,b,field_204223_b,,,,,field,private static final DataWatcherObject<Integer>
akf,c,field_204224_c,,,,,field,private static final MinecraftKey[]
akf,bC,field_204225_bx,,,,,field,private static final MinecraftKey[]
akf,bD,field_204226_by,,,,,field,private static final MinecraftKey[]
akf,bE,field_204227_bz,,,,,field,private static final int[]
akf,bF,field_204228_bA,,,,,field,private boolean
akg$a,d,field_203107_f,,,,,field,private final EntityTurtle
akg$b,a,field_203127_a,,,,,field,private final EntityTurtle
akg$b,b,field_203128_b,,,,,field,private final double
akg$b,c,field_203129_c,,,,,field,private boolean
akg$b,d,field_203130_d,,,,,field,private int
akg$c,f,field_203121_f,,,,,field,private final EntityTurtle
akg$d,f,field_203122_f,,,,,field,private final EntityTurtle
akg$e,i,field_203103_i,,,,,field,private final EntityTurtle
akg$h,h,field_203123_h,,,,,field,private final EntityTurtle
akg$i,a,field_203132_a,,,,,field,private final EntityTurtle
akg$i,b,field_203133_b,,,,,field,private final double
akg$i,c,field_203134_c,,,,,field,private EntityHuman
akg$i,d,field_203135_d,,,,,field,private int
akg$i,e,field_203136_e,,,,,field,private final Set<Item>
akg$j,a,field_203137_a,,,,,field,private final EntityTurtle
akg$j,b,field_203138_b,,,,,field,private final double
akg$j,c,field_203139_c,,,,,field,private boolean
akg,bD,field_203030_by,,,,,field,private static final DataWatcherObject<BlockPosition>
akg,bE,field_203031_bz,,,,,field,private static final DataWatcherObject<Boolean>
akg,bG,field_203024_bB,,,,,field,private static final DataWatcherObject<Boolean>
akg,bH,field_203025_bC,,,,,field,private static final DataWatcherObject<BlockPosition>
akg,bI,field_203026_bD,,,,,field,private static final DataWatcherObject<Boolean>
akg,bJ,field_203027_bE,,,,,field,private static final DataWatcherObject<Boolean>
akg,bK,field_203028_bF,,,,,field,private int
akg,bC,field_203029_bx,,,,,field,public static final Predicate<Entity>
aki$a,d,field_190856_d,,,,,field,private final EntityWolf
aki,bG,field_184759_bz,DATA_HEALTH,,,,field,private static final DataWatcherObject<Float>
aki,bH,field_184760_bA,,,,,field,private static final DataWatcherObject<Boolean>
aki,bI,field_184758_bB,,,,,field,private static final DataWatcherObject<Integer>
aki,bJ,field_70926_e,,,,,field,private float
aki,bK,field_70924_f,,,,,field,private float
aki,bL,field_70925_g,,,,,field,private boolean
aki,bM,field_70928_h,,,,,field,private boolean
aki,bN,field_70929_i,,,,,field,private float
aki,bO,field_70927_j,,,,,field,private float
akj,bM,field_190698_bG,,,,,field,private static final DataWatcherObject<Boolean>
akk,bM,field_110276_bu,,,,,field,private static final Predicate<Entity>
akk,bC,field_110271_bv,attributeJumpStrength,,,,field,protected static final IAttribute
akk,bN,field_184787_bE,,,,,field,private static final DataWatcherObject<Byte>
akk,bO,field_184790_bH,,,,,field,private static final DataWatcherObject<Optional<UUID>>
akk,bP,field_190689_bJ,,,,,field,private int
akk,bQ,field_110290_bE,,,,,field,private int
akk,bR,field_110295_bF,,,,,field,private int
akk,bD,field_110278_bp,,,,,field,public int
akk,bE,field_110279_bq,,,,,field,public int
akk,bG,field_110275_br,,,,,field,protected boolean
akk,bH,field_110296_bG,inventoryChest,,,,field,protected InventoryHorseChest
akk,bI,field_110274_bs,,,,,field,protected int
akk,bJ,field_110277_bt,jumpPower,,,,field,protected float
akk,bS,field_110294_bI,canSlide,,,,field,private boolean
akk,bT,field_110283_bJ,,,,,field,private float
akk,bU,field_110284_bK,,,,,field,private float
akk,bV,field_110281_bL,,,,,field,private float
akk,bW,field_110282_bM,,,,,field,private float
akk,bX,field_110287_bN,,,,,field,private float
akk,bY,field_110288_bO,,,,,field,private float
akk,bK,field_190688_bE,,,,,field,protected boolean
akk,bL,field_110285_bP,,,,,field,protected int
akm$a,a,field_190885_a,,,,,field,public int
akm,bM,field_184786_bD,,,,,field,private static final UUID
akm,bN,field_184789_bG,,,,,field,private static final DataWatcherObject<Integer>
akm,bO,field_184791_bI,,,,,field,private static final DataWatcherObject<Integer>
akm,bP,field_110268_bz,,,,,field,private static final String[]
akm,bQ,field_110269_bA,,,,,field,private static final String[]
akm,bR,field_110291_bB,,,,,field,private static final String[]
akm,bS,field_110292_bC,,,,,field,private static final String[]
akm,bT,field_110286_bQ,,,,,field,private String
akm,bU,field_110280_bR,,,,,field,private final String[]
akn,a,NONE,NONE,,,,enum,
akn,b,IRON,IRON,,,,enum,
akn,c,GOLD,GOLD,,,,enum,
akn,d,DIAMOND,DIAMOND,,,,enum,
akn,e,field_188586_e,,,,,field,private final String
akn,f,field_188587_f,,,,,field,private final String
akn,g,field_188588_g,,,,,field,private final int
ako$b,a,field_190886_a,,,,,field,public int
ako,bM,field_190720_bG,,,,,field,private static final DataWatcherObject<Integer>
ako,bN,field_190721_bH,,,,,field,private static final DataWatcherObject<Integer>
ako,bO,field_190722_bI,,,,,field,private static final DataWatcherObject<Integer>
ako,bP,field_190723_bJ,,,,,field,private boolean
ako,bQ,field_190724_bK,,,,,field,private EntityLlama
ako,bR,field_190725_bL,,,,,field,private EntityLlama
akq,bM,field_184792_bN,,,,,field,private final PathfinderGoalHorseTrap
akq,bN,field_184793_bU,,,,,field,private boolean
akq,bO,field_184794_bV,,,,,field,private int
akr,a,field_188516_a,,,,,field,private final EntityHorseSkeleton
akx,a,field_70259_a,owner,,,,field,public final IComplex
akx,b,field_146032_b,,,,,field,public final String
aky,b,field_184521_b,,,,,field,private static final DataWatcherObject<Optional<BlockPosition>>
aky,c,field_184522_c,,,,,field,private static final DataWatcherObject<Boolean>
aky,a,field_70261_a,,,,,field,public int
akz,bQ,field_184675_bH,,,,,field,private static final org.apache.logging.log4j.Logger
akz,a,field_184674_a,PHASE,,,,field,public static final DataWatcherObject<Integer>
akz,b,field_70979_e,,,,,field,public double[][]
akz,c,field_70976_f,,,,,field,public int
akz,bC,field_70977_g,children,,,,field,public EntityComplexPart[]
akz,bD,field_70986_h,,,,,field,public EntityComplexPart
akz,bE,field_184673_bv,,,,,field,public EntityComplexPart
akz,bF,field_70987_i,,,,,field,public EntityComplexPart
akz,bG,field_70985_j,,,,,field,public EntityComplexPart
akz,bH,field_70984_by,,,,,field,public EntityComplexPart
akz,bI,field_70982_bz,,,,,field,public EntityComplexPart
akz,bJ,field_70983_bA,,,,,field,public EntityComplexPart
akz,bK,field_70990_bB,,,,,field,public EntityComplexPart
akz,bL,field_70991_bC,,,,,field,public float
akz,bM,field_70988_bD,,,,,field,public float
akz,bN,field_70994_bF,,,,,field,public boolean
akz,bO,field_70995_bG,,,,,field,public int
akz,bP,field_70992_bH,currentEnderCrystal,,,,field,public EntityEnderCrystal
akz,bR,field_184676_bI,,,,,field,private final EnderDragonBattle
akz,bS,field_184677_bJ,,,,,field,private final DragonControllerManager
akz,bT,field_184678_bK,,,,,field,private int
akz,bU,field_184679_bL,,,,,field,private int
akz,bV,field_184680_bM,,,,,field,private final PathPoint[]
akz,bW,field_184681_bN,,,,,field,private final int[]
akz,bX,field_184682_bO,,,,,field,private final Path
al,a,field_192466_a,,,,,field,public static final CriterionConditionEnchantments
al,b,field_192467_b,,,,,field,private final Enchantment
al,c,field_192468_c,,,,,field,private final CriterionConditionValue$d
alb,a,field_188661_a,,,,,field,protected final EntityEnderDragon
ald,b,field_188669_b,,,,,field,private static final org.apache.logging.log4j.Logger
ald,c,field_188670_c,,,,,field,private Vec3D
ald,d,field_188671_d,,,,,field,private int
ale,b,field_188672_b,,,,,field,private Vec3D
ale,c,field_188673_c,,,,,field,private int
alf,b,field_188677_b,,,,,field,private PathEntity
alf,c,field_188678_c,,,,,field,private Vec3D
alf,d,field_188679_d,,,,,field,private boolean
alg,b,field_188680_b,,,,,field,private Vec3D
alh,b,field_188683_b,,,,,field,private PathEntity
alh,c,field_188684_c,,,,,field,private Vec3D
ali,b,field_188685_b,,,,,field,private Vec3D
alk,b,field_188662_b,,,,,field,private int
all,b,field_188664_b,,,,,field,private int
all,c,field_188665_c,,,,,field,private int
all,d,field_188666_d,,,,,field,private EntityAreaEffectCloud
alm,b,field_188667_b,,,,,field,private int
aln,b,field_188689_b,,,,,field,private static final org.apache.logging.log4j.Logger
aln,c,field_188690_c,,,,,field,private int
aln,d,field_188691_d,,,,,field,private PathEntity
aln,e,field_188692_e,,,,,field,private Vec3D
aln,f,field_188693_f,,,,,field,private EntityLiving
aln,g,field_188694_g,,,,,field,private boolean
alo,b,field_188697_b,,,,,field,private boolean
alo,c,field_188698_c,,,,,field,private PathEntity
alo,d,field_188699_d,,,,,field,private Vec3D
alp,l,field_188752_l,,,,,field,private static DragonControllerPhase<?>[]
alp,a,field_188741_a,,,,,field,public static final DragonControllerPhase<DragonControllerHold>
alp,b,field_188742_b,,,,,field,public static final DragonControllerPhase<DragonControllerStrafe>
alp,c,field_188743_c,,,,,field,public static final DragonControllerPhase<DragonControllerLandingFly>
alp,d,field_188744_d,,,,,field,public static final DragonControllerPhase<DragonControllerLanding>
alp,e,field_188745_e,,,,,field,public static final DragonControllerPhase<DragonControllerFly>
alp,f,field_188746_f,,,,,field,public static final DragonControllerPhase<DragonControllerLandedFlame>
alp,g,field_188747_g,,,,,field,public static final DragonControllerPhase<DragonControllerLandedSearch>
alp,h,field_188748_h,,,,,field,public static final DragonControllerPhase<DragonControllerLandedAttack>
alp,i,field_188749_i,,,,,field,public static final DragonControllerPhase<DragonControllerCharge>
alp,j,field_188750_j,,,,,field,public static final DragonControllerPhase<DragonControllerDying>
alp,k,field_188751_k,,,,,field,public static final DragonControllerPhase<DragonControllerHover>
alp,m,field_188753_m,,,,,field,private final Class<? extends IDragonController>
alp,n,field_188754_n,,,,,field,private final int
alp,o,field_188755_o,,,,,field,private final String
alq,a,field_188759_a,,,,,field,private static final org.apache.logging.log4j.Logger
alq,b,field_188760_b,enderDragon,,,,field,private final EntityEnderDragon
alq,c,field_188761_c,dragonControllers,,,,field,private final IDragonController[]
alq,d,field_188762_d,currentDragonController,,,,field,private IDragonController
alt,a,field_184741_a,,,,,field,private static final DataWatcherObject<Integer>
alt,b,field_184742_b,,,,,field,private static final DataWatcherObject<Integer>
alt,c,field_184743_c,,,,,field,private static final DataWatcherObject<Integer>
alt,bC,field_184745_bv,,,,,field,private static final List<DataWatcherObject<Integer>>
alt,bD,field_184746_bw,,,,,field,private static final DataWatcherObject<Integer>
alt,bE,field_82220_d,,,,,field,private final float[]
alt,bF,field_82221_e,,,,,field,private final float[]
alt,bG,field_82217_f,,,,,field,private final float[]
alt,bH,field_82218_g,,,,,field,private final float[]
alt,bI,field_82223_h,,,,,field,private final int[]
alt,bJ,field_82224_i,,,,,field,private final int[]
alt,bK,field_82222_j,,,,,field,private int
alt,bL,field_184744_bE,,,,,field,private final BossBattleServer
alt,bM,field_82219_bJ,,,,,field,private static final Predicate<Entity>
alv,bx,field_175435_a,,,,,field,private static final Vector3f
alv,by,field_175433_b,,,,,field,private static final Vector3f
alv,bz,field_175434_c,,,,,field,private static final Vector3f
alv,bA,field_175431_d,,,,,field,private static final Vector3f
alv,bB,field_175432_e,,,,,field,private static final Vector3f
alv,bC,field_175429_f,,,,,field,private static final Vector3f
alv,a,field_184801_a,,,,,field,public static final DataWatcherObject<Byte>
alv,b,field_184802_b,,,,,field,public static final DataWatcherObject<Vector3f>
alv,c,field_184803_c,,,,,field,public static final DataWatcherObject<Vector3f>
alv,d,field_184804_d,,,,,field,public static final DataWatcherObject<Vector3f>
alv,e,field_184805_e,,,,,field,public static final DataWatcherObject<Vector3f>
alv,f,field_184806_f,,,,,field,public static final DataWatcherObject<Vector3f>
alv,g,field_184807_g,,,,,field,public static final DataWatcherObject<Vector3f>
alv,bD,field_184798_bv,,,,,field,private static final Predicate<Entity>
alv,bE,field_184799_bw,,,,,field,private final NonNullList<ItemStack>
alv,bF,field_184800_bx,,,,,field,private final NonNullList<ItemStack>
alv,bG,field_175436_h,,,,,field,private boolean
alv,h,field_175437_i,,,,,field,public long
alv,bH,field_175442_bg,,,,,field,private int
alv,bI,field_181028_bj,,,,,field,private boolean
alv,bJ,field_175443_bh,headPose,,,,field,private Vector3f
alv,bK,field_175444_bi,bodyPose,,,,field,private Vector3f
alv,bL,field_175438_bj,leftArmPose,,,,field,private Vector3f
alv,bM,field_175439_bk,rightArmPose,,,,field,private Vector3f
alv,bN,field_175440_bl,leftLegPose,,,,field,private Vector3f
alv,bO,field_175441_bm,rightLegPose,,,,field,private Vector3f
alw,a,field_184524_c,,,,,field,protected static final Predicate<Entity>
alw,d,field_70520_f,,,,,field,private int
alw,b,field_174861_a,blockPosition,,,,field,protected BlockPosition
alw,c,field_174860_b,direction,,,,field,public EnumDirection
alx,d,field_195052_c,,,,,field,private static final org.apache.logging.log4j.Logger
alx,e,field_184525_c,,,,,field,private static final DataWatcherObject<ItemStack>
alx,f,field_184526_d,,,,,field,private static final DataWatcherObject<Integer>
alx,g,field_82337_e,,,,,field,private float
alz,a,field_200842_a,,,,,field,"public static final RegistryBlocks<MinecraftKey, Paintings>"
alz,b,field_200843_b,,,,,field,public static final Paintings
alz,c,field_200844_c,,,,,field,public static final Paintings
alz,d,field_200845_d,,,,,field,public static final Paintings
alz,e,field_200846_e,,,,,field,public static final Paintings
alz,f,field_200847_f,,,,,field,public static final Paintings
alz,g,field_200848_g,,,,,field,public static final Paintings
alz,h,field_200849_h,,,,,field,public static final Paintings
alz,i,field_200850_i,,,,,field,public static final Paintings
alz,j,field_200851_j,,,,,field,public static final Paintings
alz,k,field_200852_k,,,,,field,public static final Paintings
alz,l,field_200853_l,,,,,field,public static final Paintings
alz,m,field_200854_m,,,,,field,public static final Paintings
alz,n,field_200855_n,,,,,field,public static final Paintings
alz,o,field_200856_o,,,,,field,public static final Paintings
alz,p,field_200857_p,,,,,field,public static final Paintings
alz,q,field_200858_q,,,,,field,public static final Paintings
alz,r,field_200859_r,,,,,field,public static final Paintings
alz,s,field_200860_s,,,,,field,public static final Paintings
alz,t,field_200861_t,,,,,field,public static final Paintings
alz,u,field_200862_u,,,,,field,public static final Paintings
alz,v,field_200863_v,,,,,field,public static final Paintings
alz,w,field_200864_w,,,,,field,public static final Paintings
alz,x,field_200865_x,,,,,field,public static final Paintings
alz,y,field_200866_y,,,,,field,public static final Paintings
alz,z,field_200867_z,,,,,field,public static final Paintings
alz,A,field_200837_A,,,,,field,public static final Paintings
alz,B,field_200838_B,,,,,field,private final int
alz,C,field_200839_C,,,,,field,private final int
alz,D,field_200840_D,,,,,field,private final int
alz,E,field_200841_E,,,,,field,private final int
am$a,a,field_192473_a,,,,,field,private final AdvancementDataPlayer
am$a,b,field_192474_b,,,,,field,private final Set<CriterionTrigger$a<CriterionTriggerEnterBlock$b>>
am$b,a,field_192261_a,,,,,field,private final Block
am$b,b,field_192262_b,,,,,field,"private final Map<IBlockState<?>, Object>"
am,a,field_192196_a,,,,,field,private static final MinecraftKey
am,b,field_192197_b,,,,,field,"private final Map<AdvancementDataPlayer, CriterionTriggerEnterBlock$a>"
ama,d,field_70522_e,art,,,,field,public Paintings
amc$a,a,FLYING,FLYING,,,,enum,
amc$a,b,HOOKED_IN_ENTITY,HOOKED_IN_ENTITY,,,,enum,
amc$a,c,BOBBING,BOBBING,,,,enum,
amc,b,field_184528_c,,,,,field,private static final DataWatcherObject<Integer>
amc,c,field_146051_au,isInGround,,,,field,private boolean
amc,d,field_146049_av,,,,,field,private int
amc,e,field_146042_b,owner,,,,field,private EntityHuman
amc,f,field_146047_aw,,,,,field,private int
amc,g,field_146045_ax,,,,,field,private int
amc,h,field_146040_ay,,,,,field,private int
amc,aw,field_146038_az,,,,,field,private int
amc,ax,field_146054_aA,,,,,field,private float
amc,a,field_146043_c,hooked,,,,field,public Entity
amc,ay,field_190627_av,,,,,field,private EntityFishingHook$HookState
amc,az,field_191518_aw,,,,,field,private int
amc,aA,field_191519_ax,,,,,field,private int
amf,b,field_70262_b,lifeTicks,,,,field,private int
amf,a,field_70264_a,,,,,field,public long
amf,c,field_70263_c,,,,,field,private int
amf,d,field_184529_d,,,,,field,private final boolean
amf,e,field_204810_e,,,,,field,private EntityPlayer
amh,e,field_175132_d,block,,,,field,private IBlockData
amh,a,field_145812_b,ticksLived,,,,field,public int
amh,b,field_145813_c,dropItem,,,,field,public boolean
amh,f,field_145808_f,,,,,field,private boolean
amh,g,field_145809_g,hurtEntities,,,,field,private boolean
amh,h,field_145815_h,fallHurtMax,,,,field,private int
amh,aw,field_145816_i,fallHurtAmount,,,,field,private float
amh,c,field_145810_d,tileEntityData,,,,field,public NBTTagCompound
amh,d,field_184532_d,,,,,field,protected static final DataWatcherObject<BlockPosition>
ami,b,field_184533_c,,,,,field,private static final DataWatcherObject<ItemStack>
ami,c,field_70292_b,age,,,,field,private int
ami,d,field_145804_b,pickupDelay,,,,field,private int
ami,e,field_70291_e,,,,,field,private int
ami,f,field_145801_f,,,,,field,private UUID
ami,g,field_145802_g,,,,,field,private UUID
ami,a,field_70290_d,,,,,field,public float
amj,a,field_184537_a,FUSE_TICKS,,,,field,private static final DataWatcherObject<Integer>
amj,b,field_94084_b,source,,,,field,private EntityLiving
amj,c,field_70516_a,,,,,field,private int
aml,a,field_193080_a,,,,,field,protected static final DataWatcherObject<Byte>
amm,a,field_184728_b,,,,,field,private static final DataWatcherObject<Boolean>
amm,b,field_85037_d,,,,,field,private final PathfinderGoalBowShoot<EntitySkeletonAbstract>
amm,c,field_85038_e,,,,,field,private final PathfinderGoalMeleeAttack
amn$a,a,field_179469_a,,,,,field,private final EntityBlaze
amn$a,b,field_179467_b,,,,,field,private int
amn$a,c,field_179468_c,,,,,field,private int
amn,a,field_70847_d,,,,,field,private float
amn,b,field_70848_e,,,,,field,private int
amn,c,field_184712_c,,,,,field,private static final DataWatcherObject<Byte>
amp,a,field_184713_a,,,,,field,private static final DataWatcherObject<Integer>
amp,b,field_184714_b,,,,,field,private static final DataWatcherObject<Boolean>
amp,c,field_184715_c,,,,,field,private static final DataWatcherObject<Boolean>
amp,bC,field_70834_e,,,,,field,private int
amp,bD,field_70833_d,fuseTicks,,,,field,private int
amp,bE,field_82225_f,maxFuseTicks,,,,field,private int
amp,bF,field_82226_g,explosionRadius,,,,field,private int
amp,bG,field_175494_bm,,,,,field,private int
amq$a,d,field_204726_g,,,,,field,private final EntityDrowned
amq$b,a,field_204740_a,,,,,field,private final EntityDrowned
amq$c,f,field_204727_f,,,,,field,private final EntityDrowned
amq$d,a,field_204730_a,,,,,field,private final EntityCreature
amq$d,b,field_204731_b,,,,,field,private double
amq$d,c,field_204732_c,,,,,field,private double
amq$d,d,field_204733_d,,,,,field,private double
amq$d,e,field_204734_e,,,,,field,private final double
amq$d,f,field_204735_f,,,,,field,private final World
amq$e,i,field_204725_i,,,,,field,private final EntityDrowned
amq$f,a,field_204736_a,,,,,field,private final EntityDrowned
amq$f,b,field_204737_b,,,,,field,private final double
amq$f,c,field_204738_c,,,,,field,private final int
amq$f,d,field_204739_d,,,,,field,private boolean
amq$g,a,field_204728_a,,,,,field,private final EntityDrowned
amq,bC,field_204718_bx,,,,,field,private boolean
amq,a,field_204716_a,,,,,field,protected final NavigationGuardian
amq,b,field_204717_b,,,,,field,protected final Navigation
ams$a,a,field_179475_a,,,,,field,private final EntityEnderman
ams$b,i,field_179449_j,,,,,field,private final EntityEnderman
ams$b,j,field_179448_g,,,,,field,private EntityHuman
ams$b,k,field_179450_h,,,,,field,private int
ams$b,l,field_179451_i,,,,,field,private int
ams$c,a,field_179473_a,enderman,,,,field,private final EntityEnderman
ams,a,field_110192_bp,,,,,field,private static final UUID
ams,b,field_110193_bq,,,,,field,private static final AttributeModifier
ams,c,field_184718_bv,,,,,field,private static final DataWatcherObject<Optional<IBlockData>>
ams,bC,field_184719_bw,,,,,field,private static final DataWatcherObject<Boolean>
ams,bD,field_184720_bx,,,,,field,private int
ams,bE,field_184721_by,,,,,field,private int
amt,a,field_175497_b,,,,,field,private int
amt,b,field_175498_c,,,,,field,private boolean
amu,d,field_82192_a,,,,,field,Predicate<Entity>
amu,e,field_175450_e,,,,,field,Predicate<Entity>
amv$d,e,field_190879_a,,,,,field,private final Predicate<EntitySheep>
amv,c,field_190763_bw,,,,,field,private EntitySheep
amw$a,a,field_179472_a,,,,,field,private final EntityGhast
amw$b,i,field_179927_g,,,,,field,private final EntityGhast
amw$b,j,field_179928_h,,,,,field,private int
amw$c,b,field_179470_b,ghast,,,,field,private final EntityGhast
amw$c,a,field_179471_a,,,,,field,public int
amw$d,a,field_179454_a,,,,,field,private final EntityGhast
amw,a,field_184683_a,,,,,field,private static final DataWatcherObject<Boolean>
amw,b,field_92014_j,,,,,field,private int
amy$a,a,field_179456_a,,,,,field,private final EntityGuardian
amy$a,b,field_179455_b,,,,,field,private int
amy$a,c,field_190881_c,,,,,field,private final boolean
amy$b,a,field_179916_a,,,,,field,private final EntityGuardian
amy$c,i,field_179930_g,,,,,field,private final EntityGuardian
amy,bF,field_190766_bz,,,,,field,private static final DataWatcherObject<Boolean>
amy,bG,field_184723_b,,,,,field,private static final DataWatcherObject<Integer>
amy,a,field_175482_b,,,,,field,protected float
amy,b,field_175484_c,,,,,field,protected float
amy,c,field_175483_bk,,,,,field,protected float
amy,bC,field_175485_bl,,,,,field,protected float
amy,bD,field_175486_bm,,,,,field,protected float
amy,bH,field_175478_bn,,,,,field,private EntityLiving
amy,bI,field_175479_bo,,,,,field,private int
amy,bJ,field_175480_bp,,,,,field,private boolean
amy,bE,field_175481_bq,goalRandomStroll,,,,field,protected PathfinderGoalRandomStroll
an$a,a,field_192479_a,,,,,field,private final AdvancementDataPlayer
an$a,b,field_192480_b,,,,,field,private final Set<CriterionTrigger$a<CriterionTriggerEntityHurtPlayer$b>>
an$b,a,field_192264_a,,,,,field,private final CriterionConditionDamage
an,a,field_192201_a,,,,,field,private static final MinecraftKey
an,b,field_192202_b,,,,,field,"private final Map<AdvancementDataPlayer, CriterionTriggerEntityHurtPlayer$a>"
ana$a,e,field_193325_b,,,,,field,private int
ana,c,field_193099_c,,,,,field,private int
ana,bC,field_193100_bx,,,,,field,private final Vec3D[][]
and$a,a,CIRCLE,CIRCLE,,,,enum,
and$a,b,SWOOP,SWOOP,,,,enum,
and$b,b,field_203142_b,,,,,field,private int
and$c,b,field_203145_b,,,,,field,private int
and$e,c,field_203150_c,,,,,field,private float
and$e,d,field_203151_d,,,,,field,private float
and$e,e,field_203152_e,,,,,field,private float
and$e,f,field_203153_f,,,,,field,private float
and$g,j,field_203105_j,,,,,field,private float
and,a,field_203035_a,,,,,field,private static final DataWatcherObject<Integer>
and,b,field_203036_b,,,,,field,private Vec3D
and,c,field_203037_c,,,,,field,private BlockPosition
and,bC,field_203038_bx,,,,,field,private EntityPhantom$AttackPhase
ane,a,field_110189_bq,,,,,field,private static final UUID
ane,b,field_110190_br,,,,,field,private static final AttributeModifier
ane,bC,field_70837_d,angerLevel,,,,field,private int
ane,bD,field_70838_e,soundDelay,,,,field,private int
ane,bE,field_175459_bn,hurtBy,,,,field,private UUID
ang,k,field_151476_f,,,,,field,private static final org.apache.logging.log4j.Logger
ang,a,field_111267_a,maxHealth,,,,field,public static final IAttribute
ang,b,field_111265_b,FOLLOW_RANGE,,,,field,public static final IAttribute
ang,c,field_111266_c,,,,,field,public static final IAttribute
ang,d,field_111263_d,MOVEMENT_SPEED,,,,field,public static final IAttribute
ang,e,field_193334_e,,,,,field,public static final IAttribute
ang,f,field_111264_e,ATTACK_DAMAGE,,,,field,public static final IAttribute
ang,g,field_188790_f,,,,,field,public static final IAttribute
ang,h,field_188791_g,,,,,field,public static final IAttribute
ang,i,field_189429_h,,,,,field,public static final IAttribute
ang,j,field_188792_h,,,,,field,public static final IAttribute
anh$a,b,field_188520_b,,,,,field,private int
anh$e,b,field_188522_b,,,,,field,private int
anh,bD,field_184703_bv,,,,,field,private static final UUID
anh,bE,field_184704_bw,,,,,field,private static final AttributeModifier
anh,a,field_184700_a,,,,,field,protected static final DataWatcherObject<EnumDirection>
anh,b,field_184701_b,,,,,field,protected static final DataWatcherObject<Optional<BlockPosition>>
anh,c,field_184702_c,,,,,field,protected static final DataWatcherObject<Byte>
anh,bC,field_190770_bw,COLOR,,,,field,protected static final DataWatcherObject<Byte>
anh,bF,field_184705_bx,,,,,field,private float
anh,bG,field_184706_by,,,,,field,private float
anh,bH,field_184707_bz,,,,,field,private BlockPosition
anh,bI,field_184708_bA,,,,,field,private int
ani$a,h,field_179483_b,,,,,field,private EnumDirection
ani$a,i,field_179484_c,,,,,field,private boolean
ani$b,a,field_179464_a,silverfish,,,,field,private final EntitySilverfish
ani$b,b,field_179463_b,,,,,field,private int
ani,a,field_175460_b,,,,,field,private EntitySilverfish$PathfinderGoalSilverfishWakeOthers
ank$a,a,field_179466_a,,,,,field,private final EntitySlime
ank$a,b,field_179465_b,,,,,field,private int
ank$b,a,field_179457_a,,,,,field,private final EntitySlime
ank$c,a,field_179458_a,,,,,field,private final EntitySlime
ank$d,i,field_179922_g,,,,,field,private float
ank$d,j,field_179924_h,,,,,field,private int
ank$d,k,field_179925_i,,,,,field,private final EntitySlime
ank$d,l,field_179923_j,,,,,field,private boolean
ank$e,a,field_179461_a,,,,,field,private final EntitySlime
ank$e,b,field_179459_b,,,,,field,private float
ank$e,c,field_179460_c,,,,,field,private int
ank,bC,field_184711_bt,,,,,field,private static final DataWatcherObject<Integer>
ank,a,field_70813_a,,,,,field,public float
ank,b,field_70811_b,,,,,field,public float
ank,c,field_70812_c,,,,,field,public float
ank,bD,field_175452_bi,,,,,field,private boolean
anl$a,a,NONE,NONE,,,,enum,
anl$a,b,SUMMON_VEX,SUMMON_VEX,,,,enum,
anl$a,c,FANGS,FANGS,,,,enum,
anl$a,d,WOLOLO,WOLOLO,,,,enum,
anl$a,e,DISAPPEAR,DISAPPEAR,,,,enum,
anl$a,f,BLINDNESS,BLINDNESS,,,,enum,
anl$a,g,field_193345_g,,,,,field,private final int
anl$a,h,field_193346_h,,,,,field,private final double[]
anl$c,b,field_193321_c,,,,,field,protected int
anl$c,c,field_193322_d,,,,,field,protected int
anl,c,field_193088_c,,,,,field,private static final DataWatcherObject<Byte>
anl,b,field_193087_b,,,,,field,protected int
anl,bC,field_193089_bx,,,,,field,private EntityIllagerWizard$Spell
anm$b,a,field_188478_a,,,,,field,public MobEffectList
anm,a,field_184729_a,,,,,field,private static final DataWatcherObject<Byte>
ano,a,field_190664_a,,,,,field,protected static final DataWatcherObject<Byte>
ano,b,field_190665_b,,,,,field,private EntityInsentient
ano,c,field_190666_c,,,,,field,private BlockPosition
ano,bC,field_190667_bw,,,,,field,private boolean
ano,bD,field_190668_bx,,,,,field,private int
anp,b,field_190643_b,,,,,field,private boolean
anp,c,field_190644_c,,,,,field,private static final Predicate<Entity>
anq,a,field_110184_bp,,,,,field,private static final UUID
anq,b,field_110185_bq,,,,,field,private static final AttributeModifier
anq,c,field_184731_c,,,,,field,private static final DataWatcherObject<Boolean>
anq,bC,field_82200_e,,,,,field,private int
ans$b,a,field_142048_a,,,,,field,public boolean
ans,c,field_110186_bp,,,,,field,protected static final IAttribute
ans,a,field_110187_bq,,,,,field,private static final UUID
ans,b,field_110188_br,,,,,field,private static final AttributeModifier
ans,bC,field_184737_bv,,,,,field,private static final DataWatcherObject<Boolean>
ans,bD,field_184738_bw,,,,,field,private static final DataWatcherObject<Integer>
ans,bE,field_184740_by,,,,,field,private static final DataWatcherObject<Boolean>
ans,bF,field_204709_bA,,,,,field,private static final DataWatcherObject<Boolean>
ans,bG,field_146075_bs,,,,,field,private final PathfinderGoalBreakDoor
ans,bH,field_146076_bu,,,,,field,private boolean
ans,bI,field_204707_bD,,,,,field,private int
ans,bJ,field_204708_bE,,,,,field,private int
ans,bK,field_146074_bv,,,,,field,private float
ans,bL,field_146073_bw,,,,,field,private float
ant,a,field_184739_bx,,,,,field,private static final DataWatcherObject<Boolean>
ant,b,field_190739_c,,,,,field,private static final DataWatcherObject<Integer>
ant,bC,field_82234_d,conversionTime,,,,field,private int
ant,bD,field_191992_by,,,,,field,private UUID
anx$a,a,field_179405_a,,,,,field,public Item
anx$a,b,field_179404_b,,,,,field,public EntityVillager$MerchantOptionRandomRange
anx$c,a,field_179407_a,,,,,field,public ItemStack
anx$c,b,field_179406_b,,,,,field,public EntityVillager$MerchantOptionRandomRange
anx$d,a,field_199763_a,,,,,field,public ItemStack
anx$d,b,field_179409_b,,,,,field,public EntityVillager$MerchantOptionRandomRange
anx$d,c,field_199764_c,,,,,field,public ItemStack
anx$d,d,field_179408_d,,,,,field,public EntityVillager$MerchantOptionRandomRange
anx$e,a,field_179403_a,,,,,field,public ItemStack
anx$e,b,field_179402_b,,,,,field,public EntityVillager$MerchantOptionRandomRange
anx$h,a,field_190889_a,,,,,field,public EntityVillager$MerchantOptionRandomRange
anx$h,b,field_190890_b,,,,,field,public String
anx$h,c,field_190891_c,,,,,field,public MapIcon$Type
anx,bC,field_190674_bx,,,,,field,private static final org.apache.logging.log4j.Logger
anx,bD,field_184752_bw,,,,,field,private static final DataWatcherObject<Integer>
anx,bE,field_70955_e,profession,,,,field,private int
anx,bF,field_70952_f,,,,,field,private boolean
anx,bG,field_70953_g,,,,,field,private boolean
anx,bH,field_70954_d,village,,,,field,private Village
anx,bI,field_70962_h,tradingPlayer,,,,field,private EntityHuman
anx,bJ,field_70963_i,trades,,,,field,private MerchantRecipeList
anx,bK,field_70961_j,,,,,field,private int
anx,bL,field_70959_by,,,,,field,private boolean
anx,bM,field_175565_bs,,,,,field,private boolean
anx,bN,field_70956_bz,riches,,,,field,private int
anx,bO,field_82189_bL,,,,,field,private String
anx,bP,field_175563_bv,careerId,,,,field,private int
anx,bQ,field_175562_bw,,,,,field,private int
anx,bR,field_82190_bM,,,,,field,private boolean
anx,bS,field_175564_by,,,,,field,private boolean
anx,bT,field_175560_bz,inventory,,,,field,private final InventorySubcontainer
anx,bU,field_175561_bA,,,,,field,private static final EntityVillager$IMerchantRecipeOption[][][][]
ao$a,a,field_204001_a,,,,,field,private CriterionConditionEntityType
ao$a,b,field_204002_b,,,,,field,private CriterionConditionDistance
ao$a,c,field_204003_c,,,,,field,private CriterionConditionLocation
ao$a,d,field_204004_d,,,,,field,private CriterionConditionMobEffect
ao$a,e,field_204005_e,,,,,field,private CriterionConditionNBT
ao,a,field_192483_a,,,,,field,public static final CriterionConditionEntity
ao,b,field_204851_b,,,,,field,public static final CriterionConditionEntity[]
ao,c,field_192484_b,,,,,field,private final CriterionConditionEntityType
ao,d,field_192485_c,,,,,field,private final CriterionConditionDistance
ao,e,field_193435_d,,,,,field,private final CriterionConditionLocation
ao,f,field_193436_e,,,,,field,private final CriterionConditionMobEffect
ao,g,field_193437_f,,,,,field,private final CriterionConditionNBT
aoa,a,field_75102_a,isInvulnerable,,,,field,public boolean
aoa,b,field_75100_b,isFlying,,,,field,public boolean
aoa,c,field_75101_c,canFly,,,,field,public boolean
aoa,d,field_75098_d,canInstantlyBuild,,,,field,public boolean
aoa,e,field_75099_e,mayBuild,,,,field,public boolean
aoa,f,field_75096_f,flySpeed,,,,field,private double
aoa,g,field_75097_g,walkSpeed,,,,field,private float
aob,a,field_70462_a,items,,,,field,public final NonNullList<ItemStack>
aob,b,field_70460_b,armor,,,,field,public final NonNullList<ItemStack>
aob,c,field_184439_c,extraSlots,,,,field,public final NonNullList<ItemStack>
aob,f,field_184440_g,,,,,field,private final List<NonNullList<ItemStack>>
aob,d,field_70461_c,itemInHandIndex,,,,field,public int
aob,e,field_70458_d,player,,,,field,public EntityHuman
aob,g,field_70457_g,carried,,,,field,private ItemStack
aob,h,field_194017_h,,,,,field,private int
aoc$a,a,OK,OK,,,,enum,
aoc$a,b,NOT_POSSIBLE_HERE,NOT_POSSIBLE_HERE,,,,enum,
aoc$a,c,NOT_POSSIBLE_NOW,NOT_POSSIBLE_NOW,,,,enum,
aoc$a,d,TOO_FAR_AWAY,TOO_FAR_AWAY,,,,enum,
aoc$a,e,OTHER_PROBLEM,OTHER_PROBLEM,,,,enum,
aoc$a,f,NOT_SAFE,NOT_SAFE,,,,enum,
aoc$b,a,FULL,FULL,,,,enum,
aoc$b,b,SYSTEM,SYSTEM,,,,enum,
aoc$b,c,HIDDEN,HIDDEN,,,,enum,
aoc$b,d,field_151432_d,,,,,field,private static final EntityHuman$EnumChatVisibility[]
aoc$b,e,field_151433_e,,,,,field,private final int
aoc$b,f,field_151430_f,,,,,field,private final String
aoc$c,a,field_192387_a,,,,,field,private final EntityHuman
aoc,a,field_184829_a,,,,,field,private static final DataWatcherObject<Float>
aoc,b,field_184830_b,,,,,field,private static final DataWatcherObject<Integer>
aoc,bx,field_184827_bp,,,,,field,protected static final DataWatcherObject<Byte>
aoc,by,field_184828_bq,,,,,field,protected static final DataWatcherObject<Byte>
aoc,bz,field_192032_bt,,,,,field,protected static final DataWatcherObject<NBTTagCompound>
aoc,bA,field_192033_bu,,,,,field,protected static final DataWatcherObject<NBTTagCompound>
aoc,bB,field_71071_by,inventory,,,,field,public PlayerInventory
aoc,bC,field_71078_a,enderChest,,,,field,protected InventoryEnderChest
aoc,bD,field_71069_bz,defaultContainer,,,,field,public Container
aoc,bE,field_71070_bA,activeContainer,,,,field,public Container
aoc,bF,field_71100_bB,foodData,,,,field,protected FoodMetaData
aoc,bG,field_71101_bC,,,,,field,protected int
aoc,bH,field_71107_bF,,,,,field,public float
aoc,bI,field_71109_bG,,,,,field,public float
aoc,bJ,field_71090_bL,,,,,field,public int
aoc,bK,field_71091_bM,,,,,field,public double
aoc,bL,field_71096_bN,,,,,field,public double
aoc,bM,field_71097_bO,,,,,field,public double
aoc,bN,field_71094_bP,,,,,field,public double
aoc,bO,field_71095_bQ,,,,,field,public double
aoc,bP,field_71085_bR,,,,,field,public double
aoc,bQ,field_71083_bS,sleeping,,,,field,protected boolean
aoc,bR,field_71081_bT,bedPosition,,,,field,public BlockPosition
aoc,c,field_71076_b,sleepTicks,,,,field,private int
aoc,bS,field_71079_bU,,,,,field,public float
aoc,bT,field_71089_bV,,,,,field,public float
aoc,d,field_203042_d,,,,,field,private boolean
aoc,bU,field_204230_bP,,,,,field,protected boolean
aoc,e,field_71077_c,,,,,field,private BlockPosition
aoc,f,field_82248_d,,,,,field,private boolean
aoc,bV,field_71075_bZ,abilities,,,,field,public PlayerAbilities
aoc,bW,field_71068_ca,expLevel,,,,field,public int
aoc,bX,field_71067_cb,expTotal,,,,field,public int
aoc,bY,field_71106_cc,exp,,,,field,public float
aoc,bZ,field_175152_f,,,,,field,protected int
aoc,ca,field_71102_ce,,,,,field,protected float
aoc,g,field_82249_h,,,,,field,private int
aoc,h,field_146106_i,,,,,field,private final com.mojang.authlib.GameProfile
aoc,cd,field_184831_bT,,,,,field,private ItemStack
aoc,ce,field_184832_bU,,,,,field,private final ItemCooldown
aoc,cb,field_71104_cf,hookedFish,,,,field,public EntityFishingHook
aoc,cF,field_71082_cx,,,,,field,public float
aoc,cc,field_175153_bG,,,,,field,private boolean
aoe$a,b,field_194105_b,,,,,field,private final IRecipe
aoe$a,c,field_194106_c,,,,,field,private final List<RecipeItemStack>
aoe$a,d,field_194107_d,,,,,field,private final int
aoe$a,e,field_194108_e,,,,,field,private final int[]
aoe$a,f,field_194109_f,,,,,field,private final int
aoe$a,g,field_194110_g,,,,,field,private final BitSet
aoe$a,h,field_194111_h,,,,,field,private final it.unimi.dsi.fastutil.ints.IntList
aoe,a,field_194124_a,,,,,field,public final it.unimi.dsi.fastutil.ints.Int2IntMap
aog$a,a,DISALLOWED,DISALLOWED,,,,enum,
aog$a,b,ALLOWED,ALLOWED,,,,enum,
aog$a,c,CREATIVE_ONLY,CREATIVE_ONLY,,,,enum,
aog,f,field_184553_f,,,,,field,private static final Predicate<Entity>
aog,g,field_184554_g,,,,,field,private static final DataWatcherObject<Byte>
aog,h,field_145791_d,tileX,,,,field,private int
aog,aw,field_145792_e,tileY,,,,field,private int
aog,ax,field_145789_f,tileZ,,,,field,private int
aog,ay,field_195056_av,,,,,field,private IBlockData
aog,a,field_70254_i,inGround,,,,field,protected boolean
aog,b,field_184552_b,,,,,field,protected int
aog,c,field_70251_a,fromPlayer,,,,field,public EntityArrow$PickupStatus
aog,d,field_70249_b,shake,,,,field,public int
aog,e,field_70250_c,shooter,,,,field,public Entity
aog,az,field_70252_j,despawnCounter,,,,field,private int
aog,aA,field_70257_an,,,,,field,private int
aog,aB,field_70255_ao,damage,,,,field,private double
aog,aC,field_70256_ap,knockbackStrength,,,,field,private int
aoh,a,field_70235_a,shooter,,,,field,public EntityLiving
aoh,e,field_70236_j,,,,,field,private int
aoh,f,field_70234_an,,,,,field,private int
aoh,b,field_70232_b,dirX,,,,field,public double
aoh,c,field_70233_c,dirY,,,,field,public double
aoh,d,field_70230_d,dirZ,,,,field,public double
aoi,f,field_184559_f,,,,,field,private static final DataWatcherObject<Integer>
aoi,g,field_184560_g,potionRegistry,,,,field,private PotionRegistry
aoi,h,field_184561_h,effects,,,,field,private final Set<MobEffect>
aoi,aw,field_191509_at,hasColor,,,,field,private boolean
aok,a,field_190553_a,,,,,field,private int
aok,b,field_190554_b,,,,,field,private boolean
aok,c,field_190555_c,,,,,field,private int
aok,d,field_190556_d,,,,,field,private boolean
aok,e,field_190557_e,,,,,field,private EntityLiving
aok,f,field_190558_f,,,,,field,private UUID
aol,a,field_70224_b,targetX,,,,field,private double
aol,b,field_70225_c,targetY,,,,field,private double
aol,c,field_70222_d,targetZ,,,,field,private double
aol,d,field_70223_e,despawnTimer,,,,field,private int
aol,e,field_70221_f,shouldDropItem,,,,field,private boolean
aom,a,field_184566_a,FIREWORK_ITEM,,,,field,private static final DataWatcherObject<ItemStack>
aom,b,field_191512_b,,,,,field,private static final DataWatcherObject<Integer>
aom,c,field_92056_a,ticksFlown,,,,field,private int
aom,d,field_92055_b,expectedLifespan,,,,field,private int
aom,e,field_191513_e,,,,,field,private EntityLiving
aon,e,field_92057_e,yield,,,,field,public int
aoo,a,field_190539_a,shooter,,,,field,public EntityLlama
aoo,b,field_190540_b,,,,,field,private NBTTagCompound
aor,a,field_184570_a,shooter,,,,field,private EntityLiving
aor,b,field_184571_b,target,,,,field,private Entity
aor,c,field_184573_c,,,,,field,private EnumDirection
aor,d,field_184575_d,,,,,field,private int
aor,e,field_184577_e,,,,,field,private double
aor,f,field_184578_f,,,,,field,private double
aor,g,field_184579_g,,,,,field,private double
aor,h,field_184580_h,,,,,field,private UUID
aor,aw,field_184572_as,,,,,field,private BlockPosition
aor,ax,field_184574_at,,,,,field,private UUID
aor,ay,field_184576_au,,,,,field,private BlockPosition
aou,f,field_184562_f,duration,,,,field,private int
aov,e,field_145788_c,blockX,,,,field,private int
aov,f,field_145786_d,blockY,,,,field,private int
aov,g,field_145787_e,blockZ,,,,field,private int
aov,a,field_174854_a,inGround,,,,field,protected boolean
aov,b,field_70191_b,shake,,,,field,public int
aov,c,field_70192_c,shooter,,,,field,protected EntityLiving
aov,h,field_200218_h,shooterId,,,,field,private UUID
aov,d,field_184539_c,,,,,field,public Entity
aov,aw,field_184540_av,,,,,field,private int
aox,e,field_181555_c,,,,,field,private EntityLiving
aoz,f,field_184545_d,,,,,field,private static final DataWatcherObject<ItemStack>
aoz,g,field_184546_e,,,,,field,private static final org.apache.logging.log4j.Logger
aoz,e,field_190546_d,,,,,field,public static final Predicate<EntityLiving>
ap,a,field_209371_a,,,,,field,public static final CriterionConditionEntityType
ap,b,field_209372_b,,,,,field,private static final com.google.common.base.Joiner
ap,c,field_209373_c,,,,,field,private final EntityTypes<?>
apa,g,field_203053_g,,,,,field,private static final DataWatcherObject<Byte>
apa,h,field_203054_h,,,,,field,private ItemStack
apa,aw,field_203051_au,,,,,field,private boolean
apa,f,field_203052_f,,,,,field,public int
apb,e,field_184565_e,,,,,field,private static final DataWatcherObject<Boolean>
apd$a,a,RIDEABLE,RIDEABLE,,,,enum,
apd$a,b,CHEST,CHEST,,,,enum,
apd$a,c,FURNACE,FURNACE,,,,enum,
apd$a,d,TNT,TNT,,,,enum,
apd$a,e,SPAWNER,SPAWNER,,,,enum,
apd$a,f,HOPPER,HOPPER,,,,enum,
apd$a,g,COMMAND_BLOCK,COMMAND_BLOCK,,,,enum,
apd$a,h,field_184965_h,,,,,field,private static final EntityMinecartAbstract$EnumMinecartType[]
apd$a,i,field_184966_i,,,,,field,private final int
apd,a,field_184265_a,,,,,field,private static final DataWatcherObject<Integer>
apd,b,field_184266_b,,,,,field,private static final DataWatcherObject<Integer>
apd,c,field_184267_c,,,,,field,private static final DataWatcherObject<Float>
apd,d,field_184268_d,,,,,field,private static final DataWatcherObject<Integer>
apd,e,field_184269_e,,,,,field,private static final DataWatcherObject<Integer>
apd,f,field_184270_f,,,,,field,private static final DataWatcherObject<Boolean>
apd,g,field_70499_f,,,,,field,private boolean
apd,h,field_70500_g,,,,,field,private static final int[][][]
apd,aw,field_70510_h,,,,,field,private int
apd,ax,field_70511_i,,,,,field,private double
apd,ay,field_70509_j,,,,,field,private double
apd,az,field_70514_an,,,,,field,private double
apd,aA,field_70512_ao,,,,,field,private double
apd,aB,field_70513_ap,,,,,field,private double
apd,aC,field_70508_aq,,,,,field,private double
apd,aD,field_70507_ar,,,,,field,private double
apd,aE,field_70506_as,,,,,field,private double
ape,a,field_94113_a,items,,,,field,private NonNullList<ItemStack>
ape,b,field_94112_b,,,,,field,private boolean
ape,c,field_184290_c,,,,,field,private MinecraftKey
ape,d,field_184291_d,,,,,field,private long
apf$a,a,IN_WATER,IN_WATER,,,,enum,
apf$a,b,UNDER_WATER,UNDER_WATER,,,,enum,
apf$a,c,UNDER_FLOWING_WATER,UNDER_FLOWING_WATER,,,,enum,
apf$a,d,ON_LAND,ON_LAND,,,,enum,
apf$a,e,IN_AIR,IN_AIR,,,,enum,
apf$b,a,OAK,OAK,,,,enum,
apf$b,b,SPRUCE,SPRUCE,,,,enum,
apf$b,c,BIRCH,BIRCH,,,,enum,
apf$b,d,JUNGLE,JUNGLE,,,,enum,
apf$b,e,ACACIA,ACACIA,,,,enum,
apf$b,f,DARK_OAK,DARK_OAK,,,,enum,
apf$b,g,field_184990_g,,,,,field,private final String
apf$b,h,field_195934_h,,,,,field,private final Block
apf,a,field_184460_a,,,,,field,private static final DataWatcherObject<Integer>
apf,b,field_184462_b,,,,,field,private static final DataWatcherObject<Integer>
apf,c,field_184464_c,,,,,field,private static final DataWatcherObject<Float>
apf,d,field_184466_d,,,,,field,private static final DataWatcherObject<Integer>
apf,e,field_199704_e,,,,,field,private static final DataWatcherObject<Boolean>
apf,f,field_199705_f,,,,,field,private static final DataWatcherObject<Boolean>
apf,g,field_203064_g,,,,,field,private static final DataWatcherObject<Integer>
apf,h,field_184470_f,,,,,field,private final float[]
apf,aw,field_184472_g,,,,,field,private float
apf,ax,field_184474_h,,,,,field,private float
apf,ay,field_184475_as,,,,,field,private float
apf,az,field_184476_at,,,,,field,private int
apf,aA,field_70281_h,,,,,field,private double
apf,aB,field_184477_av,,,,,field,private double
apf,aC,field_184478_aw,,,,,field,private double
apf,aD,field_70273_g,,,,,field,private double
apf,aE,field_184479_ay,,,,,field,private double
apf,aF,field_184480_az,,,,,field,private boolean
apf,aG,field_184459_aA,,,,,field,private boolean
apf,aH,field_184461_aB,,,,,field,private boolean
apf,aI,field_184463_aC,,,,,field,private boolean
apf,aJ,field_184465_aD,,,,,field,private double
apf,aK,field_184467_aE,,,,,field,private float
apf,aL,field_184469_aF,,,,,field,private EntityBoat$EnumStatus
apf,aM,field_184471_aG,,,,,field,private EntityBoat$EnumStatus
apf,aN,field_184473_aH,,,,,field,private double
apf,aO,field_203059_aM,,,,,field,private boolean
apf,aP,field_203060_aN,,,,,field,private boolean
apf,aQ,field_203061_aO,,,,,field,private float
apf,aR,field_203062_aP,,,,,field,private float
apf,aS,field_203063_aQ,,,,,field,private float
api,a,field_184273_a,COMMAND,,,,field,private static final DataWatcherObject<String>
api,b,field_184274_b,,,,,field,private static final DataWatcherObject<IChatBaseComponent>
api,c,field_145824_a,,,,,field,private final CommandBlockListenerAbstract
api,d,field_145823_b,,,,,field,private int
apj,c,field_184275_c,,,,,field,private static final DataWatcherObject<Boolean>
apj,d,field_94110_c,,,,,field,private int
apj,a,field_94111_a,,,,,field,public double
apj,b,field_94109_b,,,,,field,public double
apj,e,field_195407_e,,,,,field,private static final RecipeItemStack
apk,d,field_96113_a,,,,,field,private boolean
apk,e,field_98044_b,,,,,field,private int
apk,f,field_174900_c,,,,,field,private final BlockPosition
apl,a,field_98040_a,,,,,field,private final MobSpawnerAbstract
apm,a,field_94106_a,,,,,field,private int
app,a,field_75127_a,foodLevel,,,,field,private int
app,b,field_75125_b,saturationLevel,,,,field,private float
app,c,field_75126_c,exhaustionLevel,,,,field,private float
app,d,field_75123_d,foodTickTimer,,,,field,private int
app,e,field_75124_e,,,,,field,private int
apr,b,field_75153_a,items,,,,field,public NonNullList<ItemStack>
apr,c,field_75151_b,slots,,,,field,public List<Slot>
apr,d,field_75152_c,windowId,,,,field,public int
apr,f,field_94535_f,dragType,,,,field,private int
apr,g,field_94536_g,,,,,field,private int
apr,h,field_94537_h,,,,,field,private final Set<Slot>
apr,e,field_75149_d,listeners,,,,field,protected List<ICrafting>
apr,i,field_75148_f,,,,,field,private final Set<EntityHuman>
apr,a,field_75150_e,,,,,field,private short
aps,f,field_148326_f,,,,,field,private static final org.apache.logging.log4j.Logger
aps,g,field_82852_f,,,,,field,private final IInventory
aps,h,field_82853_g,,,,,field,private final IInventory
aps,i,field_82860_h,,,,,field,private final World
aps,j,field_178156_j,,,,,field,private final BlockPosition
aps,a,field_82854_e,levelCost,,,,field,public int
aps,k,field_82856_l,,,,,field,private int
aps,l,field_82857_m,renameText,,,,field,private String
aps,m,field_82855_n,,,,,field,private final EntityHuman
apt,a,field_82866_e,beacon,,,,field,private final IInventory
apt,f,field_82864_f,,,,,field,private final ContainerBeacon$SlotBeacon
apu,a,field_75188_e,brewingStand,,,,field,private final IInventory
apu,f,field_75186_f,,,,,field,private final Slot
apu,g,field_184998_g,,,,,field,private int
apu,h,field_184999_h,,,,,field,private int
apv,a,field_75155_e,container,,,,field,private final IInventory
apv,f,field_75154_f,,,,,field,private final int
apw,a,PICKUP,PICKUP,,,,enum,
apw,b,QUICK_MOVE,QUICK_MOVE,,,,enum,
apw,c,SWAP,SWAP,,,,enum,
apw,d,CLONE,CLONE,,,,enum,
apw,e,THROW,THROW,,,,enum,
apw,f,QUICK_CRAFT,QUICK_CRAFT,,,,enum,
apw,g,PICKUP_ALL,PICKUP_ALL,,,,enum,
apy,a,field_70466_a,items,,,,field,private final NonNullList<ItemStack>
apy,b,field_70464_b,,,,,field,private final int
apy,c,field_174924_c,,,,,field,private final int
apy,d,field_70465_c,container,,,,field,private final Container
apz,a,field_75162_e,craftInventory,,,,field,public InventoryCrafting
apz,f,field_75160_f,resultInventory,,,,field,public InventoryCraftResult
apz,g,field_75161_g,,,,,field,private final World
apz,h,field_178145_h,,,,,field,private final BlockPosition
apz,i,field_192390_i,,,,,field,private final EntityHuman
aq$a,a,field_204856_a,,,,,field,private final AdvancementDataPlayer
aq$a,b,field_204857_b,,,,,field,private final Set<CriterionTrigger$a<CriterionTriggerFilledBucket$b>>
aq$b,a,field_204828_a,,,,,field,private final CriterionConditionItem
aq,a,field_204818_a,,,,,field,private static final MinecraftKey
aq,b,field_204819_b,,,,,field,"private final Map<AdvancementDataPlayer, CriterionTriggerFilledBucket$a>"
aqa,a,field_178146_a,items,,,,field,private final IInventory
aqb,a,field_75168_e,enchantSlots,,,,field,public IInventory
aqb,j,field_75172_h,world,,,,field,private final World
aqb,k,field_178150_j,position,,,,field,private final BlockPosition
aqb,l,field_75169_l,,,,,field,private final Random
aqb,f,field_178149_f,,,,,field,public int
aqb,g,field_75167_g,costs,,,,field,public int[]
aqb,h,field_185001_h,,,,,field,public int[]
aqb,i,field_185002_i,,,,,field,public int[]
aqd,a,field_75158_e,furnace,,,,field,private final IInventory
aqd,f,field_201773_f,,,,,field,private final World
aqd,g,field_178152_f,,,,,field,private int
aqd,h,field_178153_g,,,,,field,private int
aqd,i,field_178154_h,,,,,field,private int
aqd,j,field_178155_i,,,,,field,private int
aqe,a,field_75229_a,,,,,field,private final EntityHuman
aqe,b,field_75228_b,,,,,field,private int
aqf,a,field_94538_a,hopper,,,,field,private final IInventory
aqh,a,field_111243_a,,,,,field,private final IInventory
aqh,f,field_111242_f,,,,,field,private final EntityHorseAbstract
aqi,h,field_200829_h,,,,,field,private static final String[]
aqi,i,field_185003_h,,,,,field,private static final EnumItemSlot[]
aqi,a,field_75181_e,craftInventory,,,,field,public InventoryCrafting
aqi,f,field_75179_f,resultInventory,,,,field,public InventoryCraftResult
aqi,g,field_75180_g,,,,,field,public boolean
aqi,j,field_82862_h,owner,,,,field,private final EntityHuman
aqj,a,field_70476_a,merchant,,,,field,private final IMerchant
aqj,b,field_70474_b,itemsInSlots,,,,field,private final NonNullList<ItemStack>
aqj,c,field_70475_c,player,,,,field,private final EntityHuman
aqj,d,field_70472_d,recipe,,,,field,private MerchantRecipe
aqj,e,field_70473_e,selectedIndex,,,,field,private int
aqk,a,field_75178_e,merchant,,,,field,private final IMerchant
aqk,f,field_75176_f,,,,,field,private final InventoryMerchant
aqk,g,field_75177_g,,,,,field,private final World
aql,a,field_75233_a,,,,,field,private final InventoryMerchant
aql,b,field_75232_b,,,,,field,private final EntityHuman
aql,c,field_75231_g,,,,,field,private int
aql,h,field_75234_h,,,,,field,private final IMerchant
aqm,a,field_70488_a,,,,,field,private TileEntityEnderChest
aqp,a,field_70467_a,items,,,,field,private final NonNullList<ItemStack>
aqp,b,field_193057_b,,,,,field,private IRecipe
aqq,a,field_75239_a,,,,,field,private final InventoryCrafting
aqq,b,field_75238_b,,,,,field,private final EntityHuman
aqq,c,field_75237_g,,,,,field,private int
aqr,a,field_190899_a,,,,,field,private final IInventory
aqt,a,field_75225_a,index,,,,field,private final int
aqt,d,field_75224_c,inventory,,,,field,public final IInventory
aqt,e,field_75222_d,rawSlotIndex,,,,field,public int
aqt,f,field_75223_e,,,,,field,public int
aqt,g,field_75221_f,,,,,field,public int
aqw,a,field_190904_a,,,,,field,private final Block
aqx,l,field_185084_n,,,,,field,private static final UUID[]
aqx,a,field_96605_cw,,,,,field,public static final IDispenseBehavior
aqx,b,field_77881_a,,,,,field,protected final EnumItemSlot
aqx,c,field_77879_b,,,,,field,protected final int
aqx,d,field_189415_e,,,,,field,protected final float
aqx,e,field_200882_e,,,,,field,protected final ArmorMaterial
aqz,a,LEATHER,LEATHER,,,,enum,
aqz,b,CHAIN,CHAIN,,,,enum,
aqz,c,IRON,IRON,,,,enum,
aqz,d,GOLD,GOLD,,,,enum,
aqz,e,DIAMOND,DIAMOND,,,,enum,
aqz,f,TURTLE,TURTLE,,,,enum,
aqz,g,field_77882_bY,,,,,field,private static final int[]
aqz,h,field_179243_f,,,,,field,private final String
aqz,i,field_78048_f,,,,,field,private final int
aqz,j,field_78049_g,,,,,field,private final int[]
aqz,k,field_78055_h,,,,,field,private final int
aqz,l,field_185020_j,,,,,field,private final SoundEffect
aqz,m,field_189417_k,,,,,field,private final float
aqz,n,field_200914_m,,,,,field,private final LazyInitVar<RecipeItemStack>
ar$a,a,field_204862_a,,,,,field,private final AdvancementDataPlayer
ar$a,b,field_204863_b,,,,,field,private final Set<CriterionTrigger$a<CriterionTriggerFishingRodHooked$b>>
ar$b,a,field_204831_a,,,,,field,private final CriterionConditionItem
ar$b,b,field_204832_b,,,,,field,private final CriterionConditionEntity
ar$b,c,field_204833_c,,,,,field,private final CriterionConditionItem
ar,a,field_204821_a,,,,,field,private static final MinecraftKey
ar,b,field_204822_b,,,,,field,"private final Map<AdvancementDataPlayer, CriterionTriggerFishingRodHooked$a>"
arc,e,field_150917_c,,,,,field,private static final Set<Block>
arc,a,field_203176_a,,,,,field,"protected static final Map<Block, Block>"
arf,a,field_150939_a,,,,,field,private final Block
arg,j,field_196014_j,,,,,field,private final BlockPosition
arg,a,field_196013_a,,,,,field,protected boolean
arh,a,field_185057_a,,,,,field,private final EntityBoat$EnumBoatType
arn,a,field_77876_a,,,,,field,private final FluidType
arq$1,b,field_185088_a,,,,,field,private double
arq$1,c,field_185089_b,,,,,field,private double
arq$1,d,field_185090_c,,,,,field,private long
ars$1,b,field_185095_a,,,,,field,private double
ars$1,c,field_185096_b,,,,,field,private double
ars$1,d,field_185097_c,,,,,field,private long
aru,a,field_78032_a,,,,,field,public static final CreativeModeTab[]
aru,b,field_78030_b,,,,,field,public static final CreativeModeTab
aru,c,field_78031_c,,,,,field,public static final CreativeModeTab
aru,d,field_78028_d,,,,,field,public static final CreativeModeTab
aru,e,field_78029_e,,,,,field,public static final CreativeModeTab
aru,f,field_78026_f,,,,,field,public static final CreativeModeTab
aru,g,field_78027_g,,,,,field,public static final CreativeModeTab
aru,h,field_78039_h,,,,,field,public static final CreativeModeTab
aru,i,field_78040_i,,,,,field,public static final CreativeModeTab
aru,j,field_78037_j,,,,,field,public static final CreativeModeTab
aru,k,field_78038_k,,,,,field,public static final CreativeModeTab
aru,l,field_78035_l,,,,,field,public static final CreativeModeTab
aru,m,field_192395_m,,,,,field,public static final CreativeModeTab
aru,n,field_78036_m,,,,,field,public static final CreativeModeTab
aru,o,field_78033_n,,,,,field,private final int
aru,p,field_78034_o,,,,,field,private final String
aru,q,field_199784_q,,,,,field,private String
aru,r,field_78043_p,,,,,field,private String
aru,s,field_78042_q,,,,,field,private boolean
aru,t,field_78041_r,,,,,field,private boolean
aru,u,field_111230_s,,,,,field,private EnchantmentSlotType[]
aru,v,field_151245_t,,,,,field,private ItemStack
arw,a,field_150914_c,,,,,field,private final Set<Block>
arw,b,field_77864_a,,,,,field,protected float
arw,c,field_77865_bY,,,,,field,protected float
arw,d,field_185065_c,,,,,field,protected float
ary,a,WHITE,WHITE,,,,enum,
ary,b,ORANGE,ORANGE,,,,enum,
ary,c,MAGENTA,MAGENTA,,,,enum,
ary,d,LIGHT_BLUE,LIGHT_BLUE,,,,enum,
ary,e,YELLOW,YELLOW,,,,enum,
ary,f,LIME,LIME,,,,enum,
ary,g,PINK,PINK,,,,enum,
ary,h,GRAY,GRAY,,,,enum,
ary,i,LIGHT_GRAY,LIGHT_GRAY,,,,enum,
ary,j,CYAN,CYAN,,,,enum,
ary,k,PURPLE,PURPLE,,,,enum,
ary,l,BLUE,BLUE,,,,enum,
ary,m,BROWN,BROWN,,,,enum,
ary,n,GREEN,GREEN,,,,enum,
ary,o,RED,RED,,,,enum,
ary,p,BLACK,BLACK,,,,enum,
ary,q,field_196062_q,,,,,field,private static final EnumColor[]
ary,r,field_196063_r,,,,,field,private static final it.unimi.dsi.fastutil.ints.Int2ObjectOpenHashMap<EnumColor>
ary,s,field_196064_s,,,,,field,private final int
ary,t,field_176785_v,,,,,field,private final String
ary,u,field_196065_u,,,,,field,private final MaterialMapColor
ary,v,field_193351_w,,,,,field,private final int
ary,w,field_196066_w,,,,,field,private final int
ary,x,field_193352_x,,,,,field,private final float[]
ary,y,field_196067_y,,,,,field,private final int
arz,a,field_195963_a,,,,,field,"private static final Map<EnumColor, ItemDye>"
arz,b,field_195964_b,,,,,field,private final EnumColor
as,a,field_192205_a,,,,,field,private static final MinecraftKey
asl$a,a,SMALL_BALL,SMALL_BALL,,,,enum,
asl$a,b,LARGE_BALL,LARGE_BALL,,,,enum,
asl$a,c,STAR,STAR,,,,enum,
asl$a,d,CREEPER,CREEPER,,,,enum,
asl$a,e,BURST,BURST,,,,enum,
asl$a,f,field_196077_f,,,,,field,private static final ItemFireworks$EffectType[]
asl$a,g,field_196078_g,,,,,field,private final int
asl$a,h,field_196079_h,,,,,field,private final String
asn,a,field_203794_a,,,,,field,private final EntityTypes<?>
aso$a,a,COD,COD,,,,enum,
aso$a,b,SALMON,SALMON,,,,enum,
aso$a,c,TROPICAL_FISH,TROPICAL_FISH,,,,enum,
aso$a,d,PUFFERFISH,PUFFERFISH,,,,enum,
aso$a,e,field_150991_j,,,,,field,private final int
aso$a,f,field_150992_k,,,,,field,private final float
aso$a,g,field_150989_l,,,,,field,private final int
aso$a,h,field_150990_m,,,,,field,private final float
aso$a,i,field_150987_n,,,,,field,private final boolean
aso,a,field_150907_b,,,,,field,private final boolean
aso,b,field_195971_c,,,,,field,private final ItemFish$EnumFish
asr,a,field_77853_b,,,,,field,private final int
asr,b,field_77854_c,,,,,field,private final float
asr,c,field_77856_bY,,,,,field,private final boolean
asr,d,field_77852_bZ,,,,,field,private boolean
asr,e,field_203175_k,,,,,field,private boolean
asr,l,field_77851_ca,,,,,field,private MobEffect
asr,m,field_77858_cd,,,,,field,private float
asu,a,field_82811_a,,,,,field,private final Class<? extends EntityHanging>
asv,b,field_185072_b,,,,,field,private final float
asv,a,field_195973_b,,,,,field,"protected static final Map<Block, IBlockData>"
asw$a,a,field_200920_a,,,,,field,private int
asw$a,b,field_200921_b,,,,,field,private int
asw$a,c,field_200922_c,,,,,field,private Item
asw$a,d,field_200923_d,,,,,field,private CreativeModeTab
asw$a,e,field_208104_e,,,,,field,private EnumItemRarity
asw,f,field_150901_e,REGISTRY,,,,field,"public static final RegistryMaterials<MinecraftKey, Item>"
asw,g,field_179220_a,,,,,field,"public static final Map<Block, Item>"
asw,a,field_185046_b,,,,,field,private static final IDynamicTexture
asw,b,field_185047_c,,,,,field,private static final IDynamicTexture
asw,c,field_185048_d,,,,,field,private static final IDynamicTexture
asw,d,field_185049_e,,,,,field,private static final IDynamicTexture
asw,e,field_185051_m,,,,,field,"private final IRegistry<MinecraftKey, IDynamicTexture>"
asw,h,field_111210_e,,,,,field,protected static final UUID
asw,i,field_185050_h,,,,,field,protected static final UUID
asw,j,field_77701_a,,,,,field,protected final CreativeModeTab
asw,l,field_208075_l,,,,,field,private final EnumItemRarity
asw,k,field_77697_d,,,,,field,protected static Random
asw,m,field_77777_bU,maxStackSize,,,,field,private final int
asw,n,field_77699_b,durability,,,,field,private final int
asw,o,field_77700_c,craftingResult,,,,field,private final Item
asw,p,field_77774_bZ,name,,,,field,private String
asx$a,b,field_185137_a,,,,,field,private final int
asx$a,c,field_185138_b,endTick,,,,field,private final int
asx,a,field_185147_a,cooldowns,,,,field,"private final Map<Item, ItemCooldown$Info>"
asx,b,field_185148_b,currentTick,,,,field,private int
at$a,a,field_192490_a,,,,,field,private final AdvancementDataPlayer
at$a,b,field_192491_b,,,,,field,private final Set<CriterionTrigger$a<CriterionTriggerInventoryChanged$b>>
at$b,a,field_192266_a,,,,,field,private final CriterionConditionValue$d
at$b,b,field_192267_b,,,,,field,private final CriterionConditionValue$d
at$b,c,field_192268_c,,,,,field,private final CriterionConditionValue$d
at$b,d,field_192269_d,,,,,field,private final CriterionConditionItem[]
at,a,field_192209_a,,,,,field,private static final MinecraftKey
at,b,field_192210_b,,,,,field,"private final Map<AdvancementDataPlayer, CriterionTriggerInventoryChanged$a>"
ata,c,field_199558_c,,,,,field,private static final org.apache.logging.log4j.Logger
ata,a,field_190927_a,,,,,field,public static final ItemStack
ata,b,field_111284_a,,,,,field,public static final DecimalFormat
ata,d,field_77994_a,count,,,,field,private int
ata,e,field_77992_b,,,,,field,private int
ata,f,field_151002_e,item,,,,field,private final Item
ata,g,field_77990_d,tag,,,,field,private NBTTagCompound
ata,h,field_190928_g,,,,,field,private boolean
ata,i,field_82843_f,,,,,field,private EntityItemFrame
ata,j,field_179552_h,,,,,field,private ShapeDetectorBlock
ata,k,field_179553_i,,,,,field,private boolean
ata,l,field_179550_j,,,,,field,private ShapeDetectorBlock
ata,m,field_179551_k,,,,,field,private boolean
atb,a,field_190931_a,AIR,,,,field,public static final Item
atb,b,field_151037_a,IRON_SHOVEL,,,,field,public static final Item
atb,c,field_151035_b,IRON_PICKAXE,,,,field,public static final Item
atb,d,field_151036_c,IRON_AXE,,,,field,public static final Item
atb,e,field_151033_d,FLINT_AND_STEEL,,,,field,public static final Item
atb,f,field_151034_e,APPLE,,,,field,public static final Item
atb,g,field_151031_f,BOW,,,,field,public static final Item
atb,h,field_151032_g,ARROW,,,,field,public static final Item
atb,i,field_185166_h,SPECTRAL_ARROW,,,,field,public static final Item
atb,j,field_185167_i,TIPPED_ARROW,,,,field,public static final Item
atb,k,field_151044_h,COAL,,,,field,public static final Item
atb,l,field_196155_l,CHARCOAL,,,,field,public static final Item
atb,m,field_151045_i,DIAMOND,,,,field,public static final Item
atb,n,field_151042_j,IRON_INGOT,,,,field,public static final Item
atb,o,field_151043_k,GOLD_INGOT,,,,field,public static final Item
atb,p,field_151040_l,IRON_SWORD,,,,field,public static final Item
atb,q,field_151041_m,WOODEN_SWORD,,,,field,public static final Item
atb,r,field_151038_n,WOODEN_SHOVEL,,,,field,public static final Item
atb,s,field_151039_o,WOODEN_PICKAXE,,,,field,public static final Item
atb,t,field_151053_p,WOODEN_AXE,,,,field,public static final Item
atb,u,field_151052_q,STONE_SWORD,,,,field,public static final Item
atb,v,field_151051_r,STONE_SHOVEL,,,,field,public static final Item
atb,w,field_151050_s,STONE_PICKAXE,,,,field,public static final Item
atb,x,field_151049_t,STONE_AXE,,,,field,public static final Item
atb,y,field_151048_u,DIAMOND_SWORD,,,,field,public static final Item
atb,z,field_151047_v,DIAMOND_SHOVEL,,,,field,public static final Item
atb,A,field_151046_w,DIAMOND_PICKAXE,,,,field,public static final Item
atb,B,field_151056_x,DIAMOND_AXE,,,,field,public static final Item
atb,C,field_151055_y,STICK,,,,field,public static final Item
atb,D,field_151054_z,BOWL,,,,field,public static final Item
atb,E,field_151009_A,MUSHROOM_STEW,,,,field,public static final Item
atb,F,field_151010_B,GOLDEN_SWORD,,,,field,public static final Item
atb,G,field_151011_C,GOLDEN_SHOVEL,,,,field,public static final Item
atb,H,field_151005_D,GOLDEN_PICKAXE,,,,field,public static final Item
atb,I,field_151006_E,GOLDEN_AXE,,,,field,public static final Item
atb,J,field_151007_F,STRING,,,,field,public static final Item
atb,K,field_151008_G,FEATHER,,,,field,public static final Item
atb,L,field_151016_H,GUNPOWDER,,,,field,public static final Item
atb,M,field_151017_I,WOODEN_HOE,,,,field,public static final Item
atb,N,field_151018_J,STONE_HOE,,,,field,public static final Item
atb,O,field_151019_K,IRON_HOE,,,,field,public static final Item
atb,P,field_151012_L,DIAMOND_HOE,,,,field,public static final Item
atb,Q,field_151013_M,GOLDEN_HOE,,,,field,public static final Item
atb,R,field_151014_N,WHEAT_SEEDS,,,,field,public static final Item
atb,S,field_151015_O,WHEAT,,,,field,public static final Item
atb,T,field_151025_P,BREAD,,,,field,public static final Item
atb,U,field_151024_Q,LEATHER_HELMET,,,,field,public static final Item
atb,V,field_151027_R,LEATHER_CHESTPLATE,,,,field,public static final Item
atb,W,field_151026_S,LEATHER_LEGGINGS,,,,field,public static final Item
atb,X,field_151021_T,LEATHER_BOOTS,,,,field,public static final Item
atb,Y,field_151020_U,CHAINMAIL_HELMET,,,,field,public static final Item
atb,Z,field_151023_V,CHAINMAIL_CHESTPLATE,,,,field,public static final Item
atb,aa,field_151022_W,CHAINMAIL_LEGGINGS,,,,field,public static final Item
atb,ab,field_151029_X,CHAINMAIL_BOOTS,,,,field,public static final Item
atb,ac,field_151028_Y,IRON_HELMET,,,,field,public static final Item
atb,ad,field_151030_Z,IRON_CHESTPLATE,,,,field,public static final Item
atb,ae,field_151165_aa,IRON_LEGGINGS,,,,field,public static final Item
atb,af,field_151167_ab,IRON_BOOTS,,,,field,public static final Item
atb,ag,field_151161_ac,DIAMOND_HELMET,,,,field,public static final Item
atb,ah,field_151163_ad,DIAMOND_CHESTPLATE,,,,field,public static final Item
atb,ai,field_151173_ae,DIAMOND_LEGGINGS,,,,field,public static final Item
atb,aj,field_151175_af,DIAMOND_BOOTS,,,,field,public static final Item
atb,ak,field_151169_ag,GOLDEN_HELMET,,,,field,public static final Item
atb,al,field_151171_ah,GOLDEN_CHESTPLATE,,,,field,public static final Item
atb,am,field_151149_ai,GOLDEN_LEGGINGS,,,,field,public static final Item
atb,an,field_151151_aj,GOLDEN_BOOTS,,,,field,public static final Item
atb,ao,field_203179_ao,TURTLE_HELMET,,,,field,public static final Item
atb,ap,field_151145_ak,FLINT,,,,field,public static final Item
atb,aq,field_151147_al,PORKCHOP,,,,field,public static final Item
atb,ar,field_151157_am,COOKED_PORKCHOP,,,,field,public static final Item
atb,as,field_151159_an,PAINTING,,,,field,public static final Item
atb,at,field_151153_ao,GOLDEN_APPLE,,,,field,public static final Item
atb,au,field_196100_at,ENCHANTED_GOLDEN_APPLE,,,,field,public static final Item
atb,av,field_151155_ap,SIGN,,,,field,public static final Item
atb,aw,field_151133_ar,BUCKET,,,,field,public static final Item
atb,ax,field_151131_as,WATER_BUCKET,,,,field,public static final Item
atb,ay,field_151129_at,LAVA_BUCKET,,,,field,public static final Item
atb,az,field_151143_au,MINECART,,,,field,public static final Item
atb,aA,field_151141_av,SADDLE,,,,field,public static final Item
atb,aB,field_151137_ax,REDSTONE,,,,field,public static final Item
atb,aC,field_151126_ay,SNOWBALL,,,,field,public static final Item
atb,aD,field_151124_az,OAK_BOAT,,,,field,public static final Item
atb,aE,field_185150_aH,SPRUCE_BOAT,,,,field,public static final Item
atb,aF,field_185151_aI,BIRCH_BOAT,,,,field,public static final Item
atb,aG,field_185152_aJ,JUNGLE_BOAT,,,,field,public static final Item
atb,aH,field_185153_aK,ACACIA_BOAT,,,,field,public static final Item
atb,aI,field_185154_aL,DARK_OAK_BOAT,,,,field,public static final Item
atb,aJ,field_151116_aA,LEATHER,,,,field,public static final Item
atb,aK,field_151117_aB,MILK_BUCKET,,,,field,public static final Item
atb,aL,field_203795_aL,PUFFERFISH_BUCKET,,,,field,public static final Item
atb,aM,field_203796_aM,SALMON_BUCKET,,,,field,public static final Item
atb,aN,field_203797_aN,COD_BUCKET,,,,field,public static final Item
atb,aO,field_204272_aO,TROPICAL_FISH_BUCKET,,,,field,public static final Item
atb,aP,field_151118_aC,BRICK,,,,field,public static final Item
atb,aQ,field_151119_aD,CLAY_BALL,,,,field,public static final Item
atb,aR,field_151121_aF,PAPER,,,,field,public static final Item
atb,aS,field_151122_aG,BOOK,,,,field,public static final Item
atb,aT,field_151123_aH,SLIME_BALL,,,,field,public static final Item
atb,aU,field_151108_aI,CHEST_MINECART,,,,field,public static final Item
atb,aV,field_151109_aJ,FURNACE_MINECART,,,,field,public static final Item
atb,aW,field_151110_aK,EGG,,,,field,public static final Item
atb,aX,field_151111_aL,COMPASS,,,,field,public static final Item
atb,aY,field_151112_aM,FISHING_ROD,,,,field,public static final Item
atb,aZ,field_151113_aN,CLOCK,,,,field,public static final Item
atb,ba,field_151114_aO,GLOWSTONE_DUST,,,,field,public static final Item
atb,bb,field_196086_aW,COD,,,,field,public static final Item
atb,bc,field_196087_aX,SALMON,,,,field,public static final Item
atb,bd,field_196088_aY,TROPICAL_FISH,,,,field,public static final Item
atb,be,field_196089_aZ,PUFFERFISH,,,,field,public static final Item
atb,bf,field_196102_ba,COOKED_COD,,,,field,public static final Item
atb,bg,field_196104_bb,COOKED_SALMON,,,,field,public static final Item
atb,bh,field_196106_bc,BONE_MEAL,,,,field,public static final Item
atb,bi,field_196108_bd,ORANGE_DYE,,,,field,public static final Item
atb,bj,field_196110_be,MAGENTA_DYE,,,,field,public static final Item
atb,bk,field_196112_bf,LIGHT_BLUE_DYE,,,,field,public static final Item
atb,bl,field_196114_bg,DANDELION_YELLOW,,,,field,public static final Item
atb,bm,field_196116_bh,LIME_DYE,,,,field,public static final Item
atb,bn,field_196118_bi,PINK_DYE,,,,field,public static final Item
atb,bo,field_196120_bj,GRAY_DYE,,,,field,public static final Item
atb,bp,field_196122_bk,LIGHT_GRAY_DYE,,,,field,public static final Item
atb,bq,field_196124_bl,CYAN_DYE,,,,field,public static final Item
atb,br,field_196126_bm,PURPLE_DYE,,,,field,public static final Item
atb,bs,field_196128_bn,LAPIS_LAZULI,,,,field,public static final Item
atb,bt,field_196130_bo,COCOA_BEANS,,,,field,public static final Item
atb,bu,field_196132_bp,CACTUS_GREEN,,,,field,public static final Item
atb,bv,field_196134_bq,ROSE_RED,,,,field,public static final Item
atb,bw,field_196136_br,INK_SAC,,,,field,public static final Item
atb,bx,field_151103_aS,BONE,,,,field,public static final Item
atb,by,field_151102_aT,SUGAR,,,,field,public static final Item
atb,bz,field_196140_bu,WHITE_BED,,,,field,public static final Item
atb,bA,field_196142_bv,ORANGE_BED,,,,field,public static final Item
atb,bB,field_196144_bw,MAGENTA_BED,,,,field,public static final Item
atb,bC,field_196146_bx,LIGHT_BLUE_BED,,,,field,public static final Item
atb,bD,field_196148_by,YELLOW_BED,,,,field,public static final Item
atb,bE,field_196150_bz,LIME_BED,,,,field,public static final Item
atb,bF,field_196090_bA,PINK_BED,,,,field,public static final Item
atb,bG,field_196091_bB,GRAY_BED,,,,field,public static final Item
atb,bH,field_196092_bC,LIGHT_GRAY_BED,,,,field,public static final Item
atb,bI,field_196093_bD,CYAN_BED,,,,field,public static final Item
atb,bJ,field_196094_bE,PURPLE_BED,,,,field,public static final Item
atb,bK,field_196095_bF,BLUE_BED,,,,field,public static final Item
atb,bL,field_196096_bG,BROWN_BED,,,,field,public static final Item
atb,bM,field_196097_bH,GREEN_BED,,,,field,public static final Item
atb,bN,field_196098_bI,RED_BED,,,,field,public static final Item
atb,bO,field_196099_bJ,BLACK_BED,,,,field,public static final Item
atb,bP,field_151106_aX,COOKIE,,,,field,public static final Item
atb,bQ,field_151098_aY,FILLED_MAP,,,,field,public static final Item
atb,bR,field_151097_aZ,SHEARS,,,,field,public static final Item
atb,bS,field_151127_ba,MELON_SLICE,,,,field,public static final Item
atb,bT,field_203180_bP,DRIED_KELP,,,,field,public static final Item
atb,bU,field_151080_bb,PUMPKIN_SEEDS,,,,field,public static final Item
atb,bV,field_151081_bc,MELON_SEEDS,,,,field,public static final Item
atb,bW,field_151082_bd,BEEF,,,,field,public static final Item
atb,bX,field_151083_be,COOKED_BEEF,,,,field,public static final Item
atb,bY,field_151076_bf,CHICKEN,,,,field,public static final Item
atb,bZ,field_151077_bg,COOKED_CHICKEN,,,,field,public static final Item
atb,ca,field_179561_bm,MUTTON,,,,field,public static final Item
atb,cb,field_179557_bn,COOKED_MUTTON,,,,field,public static final Item
atb,cc,field_179558_bo,RABBIT,,,,field,public static final Item
atb,cd,field_179559_bp,COOKED_RABBIT,,,,field,public static final Item
atb,ce,field_179560_bq,RABBIT_STEW,,,,field,public static final Item
atb,cf,field_179556_br,RABBIT_FOOT,,,,field,public static final Item
atb,cg,field_179555_bs,RABBIT_HIDE,,,,field,public static final Item
atb,ch,field_151078_bh,ROTTEN_FLESH,,,,field,public static final Item
atb,ci,field_151079_bi,ENDER_PEARL,,,,field,public static final Item
atb,cj,field_151072_bj,BLAZE_ROD,,,,field,public static final Item
atb,ck,field_151073_bk,GHAST_TEAR,,,,field,public static final Item
atb,cl,field_151074_bl,GOLD_NUGGET,,,,field,public static final Item
atb,cm,field_151075_bm,NETHER_WART,,,,field,public static final Item
atb,cn,field_151068_bn,POTION,,,,field,public static final Item
atb,co,field_185155_bH,SPLASH_POTION,,,,field,public static final Item
atb,cp,field_185156_bI,LINGERING_POTION,,,,field,public static final Item
atb,cq,field_151069_bo,GLASS_BOTTLE,,,,field,public static final Item
atb,cr,field_185157_bK,DRAGON_BREATH,,,,field,public static final Item
atb,cs,field_151070_bp,SPIDER_EYE,,,,field,public static final Item
atb,ct,field_151071_bq,FERMENTED_SPIDER_EYE,,,,field,public static final Item
atb,cu,field_151065_br,BLAZE_POWDER,,,,field,public static final Item
atb,cv,field_151064_bs,MAGMA_CREAM,,,,field,public static final Item
atb,cw,field_151061_bv,ENDER_EYE,,,,field,public static final Item
atb,cx,field_151060_bw,GLISTERING_MELON_SLICE,,,,field,public static final Item
atb,cy,field_196157_cs,BAT_SPAWN_EGG,,,,field,public static final Item
atb,cz,field_196159_ct,BLAZE_SPAWN_EGG,,,,field,public static final Item
atb,cA,field_196161_cu,CAVE_SPIDER_SPAWN_EGG,,,,field,public static final Item
atb,cB,field_196163_cv,CHICKEN_SPAWN_EGG,,,,field,public static final Item
atb,cC,field_203798_cB,COD_SPAWN_EGG,,,,field,public static final Item
atb,cD,field_196165_cw,COW_SPAWN_EGG,,,,field,public static final Item
atb,cE,field_196167_cx,CREEPER_SPAWN_EGG,,,,field,public static final Item
atb,cF,field_205156_cF,DOLPHIN_SPAWN_EGG,,,,field,public static final Item
atb,cG,field_196169_cy,DONKEY_SPAWN_EGG,,,,field,public static final Item
atb,cH,field_196171_cz,ELDER_GUARDIAN_SPAWN_EGG,,,,field,public static final Item
atb,cI,field_196101_cA,ENDERMAN_SPAWN_EGG,,,,field,public static final Item
atb,cJ,field_196103_cB,ENDERMITE_SPAWN_EGG,,,,field,public static final Item
atb,cK,field_196105_cC,EVOKER_SPAWN_EGG,,,,field,public static final Item
atb,cL,field_196107_cD,GHAST_SPAWN_EGG,,,,field,public static final Item
atb,cM,field_196109_cE,GUARDIAN_SPAWN_EGG,,,,field,public static final Item
atb,cN,field_196111_cF,HORSE_SPAWN_EGG,,,,field,public static final Item
atb,cO,field_196113_cG,HUSK_SPAWN_EGG,,,,field,public static final Item
atb,cP,field_196115_cH,LLAMA_SPAWN_EGG,,,,field,public static final Item
atb,cQ,field_196117_cI,MAGMA_CUBE_SPAWN_EGG,,,,field,public static final Item
atb,cR,field_196119_cJ,MOOSHROOM_SPAWN_EGG,,,,field,public static final Item
atb,cS,field_196121_cK,MULE_SPAWN_EGG,,,,field,public static final Item
atb,cT,field_196123_cL,OCELOT_SPAWN_EGG,,,,field,public static final Item
atb,cU,field_196125_cM,PARROT_SPAWN_EGG,,,,field,public static final Item
atb,cV,field_196127_cN,PIG_SPAWN_EGG,,,,field,public static final Item
atb,cW,field_203181_cQ,PHANTOM_SPAWN_EGG,,,,field,public static final Item
atb,cX,field_196129_cO,POLAR_BEAR_SPAWN_EGG,,,,field,public static final Item
atb,cY,field_203799_cW,PUFFERFISH_SPAWN_EGG,,,,field,public static final Item
atb,cZ,field_196131_cP,RABBIT_SPAWN_EGG,,,,field,public static final Item
atb,da,field_203800_cY,SALMON_SPAWN_EGG,,,,field,public static final Item
atb,db,field_196133_cQ,SHEEP_SPAWN_EGG,,,,field,public static final Item
atb,dc,field_196135_cR,SHULKER_SPAWN_EGG,,,,field,public static final Item
atb,dd,field_196137_cS,SILVERFISH_SPAWN_EGG,,,,field,public static final Item
atb,de,field_196138_cT,SKELETON_SPAWN_EGG,,,,field,public static final Item
atb,df,field_196139_cU,SKELETON_HORSE_SPAWN_EGG,,,,field,public static final Item
atb,dg,field_196141_cV,SLIME_SPAWN_EGG,,,,field,public static final Item
atb,dh,field_196143_cW,SPIDER_SPAWN_EGG,,,,field,public static final Item
atb,di,field_196145_cX,SQUID_SPAWN_EGG,,,,field,public static final Item
atb,dj,field_196147_cY,STRAY_SPAWN_EGG,,,,field,public static final Item
atb,dk,field_204273_dj,TROPICAL_FISH_SPAWN_EGG,,,,field,public static final Item
atb,dl,field_203182_dc,TURTLE_SPAWN_EGG,,,,field,public static final Item
atb,dm,field_196149_cZ,VEX_SPAWN_EGG,,,,field,public static final Item
atb,dn,field_196172_da,VILLAGER_SPAWN_EGG,,,,field,public static final Item
atb,do,field_196173_db,VINDICATOR_SPAWN_EGG,,,,field,public static final Item
atb,dp,field_196174_dc,WITCH_SPAWN_EGG,,,,field,public static final Item
atb,dq,field_196175_dd,WITHER_SKELETON_SPAWN_EGG,,,,field,public static final Item
atb,dr,field_196176_de,WOLF_SPAWN_EGG,,,,field,public static final Item
atb,ds,field_196177_df,ZOMBIE_SPAWN_EGG,,,,field,public static final Item
atb,dt,field_196178_dg,ZOMBIE_HORSE_SPAWN_EGG,,,,field,public static final Item
atb,du,field_196179_dh,ZOMBIE_PIGMAN_SPAWN_EGG,,,,field,public static final Item
atb,dv,field_196181_di,ZOMBIE_VILLAGER_SPAWN_EGG,,,,field,public static final Item
atb,dw,field_151062_by,EXPERIENCE_BOTTLE,,,,field,public static final Item
atb,dx,field_151059_bz,FIRE_CHARGE,,,,field,public static final Item
atb,dy,field_151099_bA,WRITABLE_BOOK,,,,field,public static final Item
atb,dz,field_151164_bB,WRITTEN_BOOK,,,,field,public static final Item
atb,dA,field_151166_bC,EMERALD,,,,field,public static final Item
atb,dB,field_151160_bD,ITEM_FRAME,,,,field,public static final Item
atb,dC,field_151172_bF,CARROT,,,,field,public static final Item
atb,dD,field_151174_bG,POTATO,,,,field,public static final Item
atb,dE,field_151168_bH,BAKED_POTATO,,,,field,public static final Item
atb,dF,field_151170_bI,POISONOUS_POTATO,,,,field,public static final Item
atb,dG,field_151148_bJ,MAP,,,,field,public static final Item
atb,dH,field_151150_bK,GOLDEN_CARROT,,,,field,public static final Item
atb,dI,field_196182_dv,SKELETON_SKULL,,,,field,public static final Item
atb,dJ,field_196183_dw,WITHER_SKELETON_SKULL,,,,field,public static final Item
atb,dK,field_196184_dx,PLAYER_HEAD,,,,field,public static final Item
atb,dL,field_196185_dy,CREEPER_HEAD,,,,field,public static final Item
atb,dM,field_196186_dz,ZOMBIE_HEAD,,,,field,public static final Item
atb,dN,field_196151_dA,DRAGON_HEAD,,,,field,public static final Item
atb,dO,field_151146_bM,CARROT_ON_A_STICK,,,,field,public static final Item
atb,dP,field_151156_bN,NETHER_STAR,,,,field,public static final Item
atb,dQ,field_151158_bO,PUMPKIN_PIE,,,,field,public static final Item
atb,dR,field_196152_dE,FIREWORK_ROCKET,,,,field,public static final Item
atb,dS,field_196153_dF,FIREWORK_STAR,,,,field,public static final Item
atb,dT,field_151134_bR,ENCHANTED_BOOK,,,,field,public static final Item
atb,dU,field_196154_dH,NETHER_BRICK,,,,field,public static final Item
atb,dV,field_151128_bU,QUARTZ,,,,field,public static final Item
atb,dW,field_151142_bV,TNT_MINECART,,,,field,public static final Item
atb,dX,field_151140_bW,HOPPER_MINECART,,,,field,public static final Item
atb,dY,field_179565_cj,ARMOR_STAND,,,,field,public static final Item
atb,dZ,field_151138_bX,IRON_HORSE_ARMOR,,,,field,public static final Item
atb,ea,field_151136_bY,GOLDEN_HORSE_ARMOR,,,,field,public static final Item
atb,eb,field_151125_bZ,DIAMOND_HORSE_ARMOR,,,,field,public static final Item
atb,ec,field_151058_ca,LEAD,,,,field,public static final Item
atb,ed,field_151057_cb,NAME_TAG,,,,field,public static final Item
atb,ee,field_151095_cc,COMMAND_BLOCK_MINECART,,,,field,public static final Item
atb,ef,field_196156_dS,MUSIC_DISC_13,,,,field,public static final Item
atb,eg,field_196158_dT,MUSIC_DISC_CAT,,,,field,public static final Item
atb,eh,field_196160_dU,MUSIC_DISC_BLOCKS,,,,field,public static final Item
atb,ei,field_196162_dV,MUSIC_DISC_CHIRP,,,,field,public static final Item
atb,ej,field_196164_dW,MUSIC_DISC_FAR,,,,field,public static final Item
atb,ek,field_196166_dX,MUSIC_DISC_MALL,,,,field,public static final Item
atb,el,field_196168_dY,MUSIC_DISC_MELLOHI,,,,field,public static final Item
atb,em,field_196170_dZ,MUSIC_DISC_STAL,,,,field,public static final Item
atb,en,field_196187_ea,MUSIC_DISC_STRAD,,,,field,public static final Item
atb,eo,field_196188_eb,MUSIC_DISC_WARD,,,,field,public static final Item
atb,ep,field_196189_ec,MUSIC_DISC_11,,,,field,public static final Item
atb,eq,field_196190_ed,MUSIC_DISC_WAIT,,,,field,public static final Item
atb,er,field_179562_cC,PRISMARINE_SHARD,,,,field,public static final Item
atb,es,field_179563_cD,PRISMARINE_CRYSTALS,,,,field,public static final Item
atb,et,field_196191_eg,WHITE_BANNER,,,,field,public static final Item
atb,eu,field_196192_eh,ORANGE_BANNER,,,,field,public static final Item
atb,ev,field_196193_ei,MAGENTA_BANNER,,,,field,public static final Item
atb,ew,field_196194_ej,LIGHT_BLUE_BANNER,,,,field,public static final Item
atb,ex,field_196195_ek,YELLOW_BANNER,,,,field,public static final Item
atb,ey,field_196196_el,LIME_BANNER,,,,field,public static final Item
atb,ez,field_196197_em,PINK_BANNER,,,,field,public static final Item
atb,eA,field_196198_en,GRAY_BANNER,,,,field,public static final Item
atb,eB,field_196199_eo,LIGHT_GRAY_BANNER,,,,field,public static final Item
atb,eC,field_196200_ep,CYAN_BANNER,,,,field,public static final Item
atb,eD,field_196201_eq,PURPLE_BANNER,,,,field,public static final Item
atb,eE,field_196202_er,BLUE_BANNER,,,,field,public static final Item
atb,eF,field_196203_es,BROWN_BANNER,,,,field,public static final Item
atb,eG,field_196204_et,GREEN_BANNER,,,,field,public static final Item
atb,eH,field_196205_eu,RED_BANNER,,,,field,public static final Item
atb,eI,field_196206_ev,BLACK_BANNER,,,,field,public static final Item
atb,eJ,field_185158_cP,END_CRYSTAL,,,,field,public static final Item
atb,eK,field_185159_cQ,SHIELD,,,,field,public static final Item
atb,eL,field_185160_cR,ELYTRA,,,,field,public static final Item
atb,eM,field_185161_cS,CHORUS_FRUIT,,,,field,public static final Item
atb,eN,field_185162_cT,POPPED_CHORUS_FRUIT,,,,field,public static final Item
atb,eO,field_185163_cU,BEETROOT_SEEDS,,,,field,public static final Item
atb,eP,field_185164_cV,BEETROOT,,,,field,public static final Item
atb,eQ,field_185165_cW,BEETROOT_SOUP,,,,field,public static final Item
atb,eR,field_190929_cY,TOTEM_OF_UNDYING,,,,field,public static final Item
atb,eS,field_190930_cZ,SHULKER_SHELL,,,,field,public static final Item
atb,eT,field_191525_da,IRON_NUGGET,,,,field,public static final Item
atb,eU,field_192397_db,KNOWLEDGE_BOOK,,,,field,public static final Item
atb,eV,field_203183_eM,SCUTE,,,,field,public static final Item
atb,eW,field_196180_eI,DEBUG_STICK,,,,field,public static final Item
atb,eX,field_203184_eO,TRIDENT,,,,field,public static final Item
atb,eY,field_204840_eX,PHANTOM_MEMBRANE,,,,field,public static final Item
atb,eZ,field_205157_eZ,NAUTILUS_SHELL,,,,field,public static final Item
atb,fa,field_205158_fa,HEART_OF_THE_SEA,,,,field,public static final Item
atc,a,field_194126_a,,,,,field,private static final org.apache.logging.log4j.Logger
ath$1,a,field_96465_b,,,,,field,private final DispenseBehaviorItem
ath,a,field_96602_b,,,,,field,private static final IDispenseBehavior
ath,b,field_77841_a,,,,,field,private final EntityMinecartAbstract$EnumMinecartType
atj,a,field_150915_c,,,,,field,private static final Set<Block>
atm,a,COMMON,COMMON,,,,enum,
atm,b,UNCOMMON,UNCOMMON,,,,enum,
atm,c,RARE,RARE,,,,enum,
atm,d,EPIC,EPIC,,,,enum,
atm,e,field_77937_e,,,,,field,public final EnumChatFormat
atn,a,field_150928_b,,,,,field,"private static final Map<SoundEffect, ItemRecord>"
atn,b,field_195976_b,,,,,field,private static final List<ItemRecord>
atn,c,field_195977_c,,,,,field,private final int
atn,d,field_185076_b,,,,,field,private final SoundEffect
atp,a,field_195972_b,,,,,field,private final IBlockData
atq,a,field_195978_a,,,,,field,private final IBlockData
atr,a,field_185149_a,,,,,field,private final EntityPlayer
atu,e,field_150916_c,,,,,field,private static final Set<Block>
atu,a,field_195955_e,,,,,field,"protected static final Map<Block, IBlockData>"
aty,a,field_195987_b,,,,,field,"private static final Map<EntityTypes<?>, ItemMonsterEgg>"
aty,b,field_195988_c,,,,,field,private final int
aty,c,field_195989_d,,,,,field,private final int
aty,d,field_200890_d,,,,,field,private final EntityTypes<?>
au$a,a,field_193442_a,,,,,field,private final AdvancementDataPlayer
au$a,b,field_193443_b,,,,,field,private final Set<CriterionTrigger$a<CriterionTriggerItemDurabilityChanged$b>>
au$b,a,field_193198_a,,,,,field,private final CriterionConditionItem
au$b,b,field_193199_b,,,,,field,private final CriterionConditionValue$d
au$b,c,field_193200_c,,,,,field,private final CriterionConditionValue$d
au,a,field_193159_a,,,,,field,private static final MinecraftKey
au,b,field_193160_b,,,,,field,"private final Map<AdvancementDataPlayer, CriterionTriggerItemDurabilityChanged$a>"
aub,a,field_195947_b,wallBlock,,,,field,protected final Block
aud,a,field_150934_a,,,,,field,private final float
aud,b,field_200895_b,,,,,field,private final float
auf,a,field_200892_a,,,,,field,private final ToolMaterial
aug,a,WOOD,WOOD,,,,enum,
aug,b,STONE,STONE,,,,enum,
aug,c,IRON,IRON,,,,enum,
aug,d,DIAMOND,DIAMOND,,,,enum,
aug,e,GOLD,GOLD,,,,enum,
aug,f,field_78001_f,,,,,field,private final int
aug,g,field_78002_g,,,,,field,private final int
aug,h,field_78010_h,,,,,field,private final float
aug,i,field_78011_i,,,,,field,private final float
aug,j,field_78008_j,,,,,field,private final int
aug,k,field_200940_k,,,,,field,private final LazyInitVar<RecipeItemStack>
auk,a,NONE,NONE,,,,enum,
auk,b,EAT,EAT,,,,enum,
auk,c,DRINK,DRINK,,,,enum,
auk,d,BLOCK,BLOCK,,,,enum,
auk,e,BOW,BOW,,,,enum,
auk,f,SPEAR,SPEAR,,,,enum,
aul,b,field_196001_b,,,,,field,protected final EntityHuman
aul,c,field_196002_c,,,,,field,protected final float
aul,d,field_196003_d,,,,,field,protected final float
aul,e,field_196004_e,,,,,field,protected final float
aul,f,field_196005_f,,,,,field,protected final EnumDirection
aul,g,field_196006_g,,,,,field,protected final World
aul,h,field_196007_h,,,,,field,protected final ItemStack
aul,i,field_196008_i,,,,,field,protected final BlockPosition
aup,b,field_185177_b,,,,,field,private static final MinecraftKey
aup,a,field_185176_a,,,,,field,"public static final RegistryBlocks<MinecraftKey, PotionRegistry>"
aup,c,field_185179_d,,,,,field,private final String
aup,d,field_185180_e,,,,,field,private final com.google.common.collect.ImmutableList<MobEffect>
auq$a,a,field_185198_a,,,,,field,private final T
auq$a,b,field_185199_b,,,,,field,private final RecipeItemStack
auq$a,c,field_185200_c,,,,,field,private final T
auq,a,field_185213_a,,,,,field,private static final List<PotionBrewer$PredicatedCombination<PotionRegistry>>
auq,b,field_185214_b,,,,,field,private static final List<PotionBrewer$PredicatedCombination<Item>>
auq,c,field_185215_c,,,,,field,private static final List<RecipeItemStack>
auq,d,field_185216_d,,,,,field,private static final Predicate<ItemStack>
aus,Q,field_185228_K,,,,,field,private static final Set<PotionRegistry>
aus,a,field_185229_a,EMPTY,,,,field,public static final PotionRegistry
aus,b,field_185230_b,,,,,field,public static final PotionRegistry
aus,c,field_185231_c,,,,,field,public static final PotionRegistry
aus,d,field_185232_d,,,,,field,public static final PotionRegistry
aus,e,field_185233_e,,,,,field,public static final PotionRegistry
aus,f,field_185234_f,,,,,field,public static final PotionRegistry
aus,g,field_185235_g,,,,,field,public static final PotionRegistry
aus,h,field_185236_h,,,,,field,public static final PotionRegistry
aus,i,field_185237_i,,,,,field,public static final PotionRegistry
aus,j,field_185238_j,,,,,field,public static final PotionRegistry
aus,k,field_185239_k,,,,,field,public static final PotionRegistry
aus,l,field_185240_l,,,,,field,public static final PotionRegistry
aus,m,field_185241_m,,,,,field,public static final PotionRegistry
aus,n,field_185242_n,,,,,field,public static final PotionRegistry
aus,o,field_185243_o,,,,,field,public static final PotionRegistry
aus,p,field_185244_p,,,,,field,public static final PotionRegistry
aus,q,field_185245_q,,,,,field,public static final PotionRegistry
aus,r,field_185246_r,,,,,field,public static final PotionRegistry
aus,s,field_185247_s,,,,,field,public static final PotionRegistry
aus,t,field_203185_t,,,,,field,public static final PotionRegistry
aus,u,field_203186_u,,,,,field,public static final PotionRegistry
aus,v,field_203187_v,,,,,field,public static final PotionRegistry
aus,w,field_203188_w,,,,,field,public static final PotionRegistry
aus,x,field_185248_t,,,,,field,public static final PotionRegistry
aus,y,field_185249_u,,,,,field,public static final PotionRegistry
aus,z,field_185250_v,,,,,field,public static final PotionRegistry
aus,A,field_185251_w,,,,,field,public static final PotionRegistry
aus,B,field_185252_x,,,,,field,public static final PotionRegistry
aus,C,field_185253_y,,,,,field,public static final PotionRegistry
aus,D,field_185254_z,,,,,field,public static final PotionRegistry
aus,E,field_185218_A,,,,,field,public static final PotionRegistry
aus,F,field_185219_B,,,,,field,public static final PotionRegistry
aus,G,field_185220_C,,,,,field,public static final PotionRegistry
aus,H,field_185221_D,,,,,field,public static final PotionRegistry
aus,I,field_185222_E,,,,,field,public static final PotionRegistry
aus,J,field_185223_F,,,,,field,public static final PotionRegistry
aus,K,field_185224_G,,,,,field,public static final PotionRegistry
aus,L,field_185225_H,,,,,field,public static final PotionRegistry
aus,M,field_185226_I,,,,,field,public static final PotionRegistry
aus,N,field_185227_J,,,,,field,public static final PotionRegistry
aus,O,field_204841_O,,,,,field,public static final PotionRegistry
aus,P,field_204842_P,,,,,field,public static final PotionRegistry
auz,a,field_199563_a,,,,,field,private final MinecraftKey
av$a,a,field_200312_a,,,,,field,private final List<CriterionConditionEnchantments>
av$a,b,field_200313_b,,,,,field,private Item
av$a,c,field_200314_c,,,,,field,private Tag<Item>
av$a,d,field_200315_d,,,,,field,private CriterionConditionValue$d
av$a,e,field_200316_e,,,,,field,private CriterionConditionValue$d
av$a,f,field_200317_f,,,,,field,private PotionRegistry
av$a,g,field_200318_g,,,,,field,private CriterionConditionNBT
av,a,field_192495_a,,,,,field,public static final CriterionConditionItem
av,b,field_200018_b,,,,,field,private final Tag<Item>
av,c,field_192496_b,,,,,field,private final Item
av,d,field_192498_d,,,,,field,private final CriterionConditionValue$d
av,e,field_193444_e,,,,,field,private final CriterionConditionValue$d
av,f,field_192499_e,,,,,field,private final CriterionConditionEnchantments[]
av,g,field_192500_f,,,,,field,private final PotionRegistry
av,h,field_193445_h,,,,,field,private final CriterionConditionNBT
ava,a,field_196209_a,,,,,field,private static final RecipeItemStack
ava,b,field_196210_b,,,,,field,private static final RecipeItemStack
ava,c,field_196211_c,,,,,field,private static final RecipeItemStack
avb,a,field_196217_a,,,,,field,private static final RecipeItemStack
avc,a,field_196212_a,,,,,field,private static final RecipeItemStack
avc,b,field_196213_b,,,,,field,private static final RecipeItemStack
avc,c,field_196214_c,,,,,field,private static final RecipeItemStack
avc,d,field_196215_d,,,,,field,"private static final Map<Item, ItemFireworks$EffectType>"
avc,e,field_196216_e,,,,,field,private static final RecipeItemStack
avd$a,a,field_199801_a,,,,,field,private final ItemStack
avd$b,a,field_199800_a,,,,,field,private final Tag<Item>
avd,b,field_209362_b,,,,,field,private static final Predicate<? super RecipeItemStack$Provider>
avd,a,field_193370_a,,,,,field,public static final RecipeItemStack
avd,c,field_199807_b,,,,,field,private final RecipeItemStack$Provider[]
avd,d,field_193371_b,choices,,,,field,private ItemStack[]
avd,e,field_194140_c,,,,,field,private it.unimi.dsi.fastutil.ints.IntList
avh,c,field_199521_c,,,,,field,private static final org.apache.logging.log4j.Logger
avh,a,field_199519_a,,,,,field,public static final int
avh,b,field_199520_b,,,,,field,public static final int
avh,d,field_199522_d,recipes,,,,field,"private final Map<MinecraftKey, IRecipe>"
avh,e,field_199523_e,,,,,field,private boolean
avj$a,a,field_199569_a,,,,,field,private final String
avj$a,b,field_199570_b,,,,,field,"private final Function<MinecraftKey, T>"
avj,q,field_199590_p,,,,,field,"private static final Map<String, RecipeSerializer<?>>"
avj,a,field_199575_a,,,,,field,public static final RecipeSerializer<ShapedRecipes>
avj,b,field_199576_b,,,,,field,public static final RecipeSerializer<ShapelessRecipes>
avj,c,field_199577_c,,,,,field,public static final RecipeSerializers$a<RecipeArmorDye>
avj,d,field_199578_d,,,,,field,public static final RecipeSerializers$a<RecipeBookClone>
avj,e,field_199579_e,,,,,field,public static final RecipeSerializers$a<RecipeMapClone>
avj,f,field_199580_f,,,,,field,public static final RecipeSerializers$a<RecipeMapExtend>
avj,g,field_199581_g,,,,,field,public static final RecipeSerializers$a<RecipeFireworks>
avj,h,field_199582_h,,,,,field,public static final RecipeSerializers$a<RecipeFireworksStar>
avj,i,field_199583_i,,,,,field,public static final RecipeSerializers$a<RecipeFireworksFade>
avj,j,field_199584_j,,,,,field,public static final RecipeSerializers$a<RecipeRepair>
avj,k,field_199585_k,,,,,field,public static final RecipeSerializers$a<RecipeTippedArrow>
avj,l,field_199586_l,,,,,field,public static final RecipeSerializers$a<RecipeBannerDuplicate>
avj,m,field_199587_m,,,,,field,public static final RecipeSerializers$a<RecipeBannerAdd>
avj,n,field_199588_n,,,,,field,public static final RecipeSerializers$a<RecipiesShield>
avj,o,field_199589_o,,,,,field,public static final RecipeSerializers$a<RecipeShulkerBox>
avj,p,field_201839_p,,,,,field,public static final RecipeSerializer<FurnaceRecipe>
avl,a,field_77576_b,width,,,,field,private final int
avl,b,field_77577_c,height,,,,field,private final int
avl,c,field_77574_d,items,,,,field,private final NonNullList<RecipeItemStack>
avl,d,field_77575_e,result,,,,field,private final ItemStack
avl,e,field_199561_e,,,,,field,private final MinecraftKey
avl,f,field_194137_e,,,,,field,private final String
avm,a,field_199562_a,,,,,field,private final MinecraftKey
avm,b,field_194138_c,,,,,field,private final String
avm,c,field_77580_a,result,,,,field,private final ItemStack
avm,d,field_77579_b,ingredients,,,,field,private final NonNullList<RecipeItemStack>
avp,a,field_201832_a,key,,,,field,private final MinecraftKey
avp,b,field_201833_b,group,,,,field,private final String
avp,c,field_201834_c,ingredient,,,,field,private final RecipeItemStack
avp,d,field_201835_d,result,,,,field,private final ItemStack
avp,e,field_201836_e,experience,,,,field,private final float
avp,f,field_201837_f,cookingTime,,,,field,private final int
avx,e,field_77359_A,,,,,field,private static final String[]
avx,f,field_77360_B,,,,,field,private static final int[]
avx,g,field_77362_C,,,,,field,private static final int[]
avx,h,field_77358_D,,,,,field,private static final int[]
avx,a,field_77361_a,,,,,field,public final int
aw$a,a,field_192505_a,,,,,field,private final AdvancementDataPlayer
aw$a,b,field_192506_b,,,,,field,private final Set<CriterionTrigger$a<CriterionTriggerKilled$b>>
aw$b,a,field_192271_a,,,,,field,private final CriterionConditionEntity
aw$b,b,field_192272_b,,,,,field,private final CriterionConditionDamageSource
aw,a,field_192213_a,,,,,field,"private final Map<AdvancementDataPlayer, CriterionTriggerKilled$a>"
aw,b,field_192214_b,,,,,field,private final MinecraftKey
awa$a,a,COMMON,COMMON,,,,enum,
awa$a,b,UNCOMMON,UNCOMMON,,,,enum,
awa$a,c,RARE,RARE,,,,enum,
awa$a,d,VERY_RARE,VERY_RARE,,,,enum,
awa$a,e,field_185275_e,,,,,field,private final int
awa,b,field_185264_b,enchantments,,,,field,"public static final RegistryMaterials<MinecraftKey, Enchantment>"
awa,a,field_185263_a,,,,,field,private final EnumItemSlot[]
awa,e,field_77333_a,,,,,field,private final Enchantment$Rarity
awa,c,field_77351_y,itemTarget,,,,field,public EnchantmentSlotType
awa,d,field_77350_z,,,,,field,protected String
awb,a,ALL,ALL,,,,enum,
awb,b,ARMOR,ARMOR,,,,enum,
awb,c,ARMOR_FEET,ARMOR_FEET,,,,enum,
awb,d,ARMOR_LEGS,ARMOR_LEGS,,,,enum,
awb,e,ARMOR_CHEST,ARMOR_CHEST,,,,enum,
awb,f,ARMOR_HEAD,ARMOR_HEAD,,,,enum,
awb,g,WEAPON,WEAPON,,,,enum,
awb,h,DIGGER,DIGGER,,,,enum,
awb,i,FISHING_ROD,FISHING_ROD,,,,enum,
awb,j,TRIDENT,TRIDENT,,,,enum,
awb,k,BREAKABLE,BREAKABLE,,,,enum,
awb,l,BOW,BOW,,,,enum,
awb,m,WEARABLE,WEARABLE,,,,enum,
awc$a,a,field_151366_a,,,,,field,public EntityLiving
awc$a,b,field_151365_b,,,,,field,public Entity
awc$b,a,field_151364_a,,,,,field,public EntityLiving
awc$b,b,field_151363_b,,,,,field,public Entity
awc$d,a,field_77495_a,,,,,field,public float
awc$d,b,field_77494_b,,,,,field,public EnumMonsterType
awc$e,a,field_77497_a,,,,,field,public int
awc$e,b,field_77496_b,,,,,field,public DamageSource
awc,a,field_77520_b,,,,,field,private static final EnchantmentManager$EnchantmentModifierProtection
awc,b,field_77521_c,,,,,field,private static final EnchantmentManager$EnchantmentModifierDamage
awc,c,field_151388_d,,,,,field,private static final EnchantmentManager$EnchantmentModifierThorns
awc,d,field_151389_e,,,,,field,private static final EnchantmentManager$EnchantmentModifierArthropods
awd,b,field_76302_b,enchantment,,,,field,public final Enchantment
awd,c,field_76303_c,level,,,,field,public final int
awe,a,field_180310_c,PROTECTION_ENVIRONMENTAL,,,,field,public static final Enchantment
awe,b,field_77329_d,PROTECTION_FIRE,,,,field,public static final Enchantment
awe,c,field_180309_e,PROTECTION_FALL,,,,field,public static final Enchantment
awe,d,field_185297_d,PROTECTION_EXPLOSIONS,,,,field,public static final Enchantment
awe,e,field_180308_g,PROTECTION_PROJECTILE,,,,field,public static final Enchantment
awe,f,field_185298_f,OXYGEN,,,,field,public static final Enchantment
awe,g,field_185299_g,WATER_WORKER,,,,field,public static final Enchantment
awe,h,field_92091_k,THORNS,,,,field,public static final Enchantment
awe,i,field_185300_i,DEPTH_STRIDER,,,,field,public static final Enchantment
awe,j,field_185301_j,,,,,field,public static final Enchantment
awe,k,field_190941_k,,,,,field,public static final Enchantment
awe,l,field_185302_k,DAMAGE_ALL,,,,field,public static final Enchantment
awe,m,field_185303_l,DAMAGE_UNDEAD,,,,field,public static final Enchantment
awe,n,field_180312_n,DAMAGE_ARTHROPODS,,,,field,public static final Enchantment
awe,o,field_180313_o,KNOCKBACK,,,,field,public static final Enchantment
awe,p,field_77334_n,FIRE_ASPECT,,,,field,public static final Enchantment
awe,q,field_185304_p,LOOT_BONUS_MOBS,,,,field,public static final Enchantment
awe,r,field_191530_r,,,,,field,public static final Enchantment
awe,s,field_185305_q,DIG_SPEED,,,,field,public static final Enchantment
awe,t,field_185306_r,SILK_TOUCH,,,,field,public static final Enchantment
awe,u,field_185307_s,DURABILITY,,,,field,public static final Enchantment
awe,v,field_185308_t,LOOT_BONUS_BLOCKS,,,,field,public static final Enchantment
awe,w,field_185309_u,ARROW_DAMAGE,,,,field,public static final Enchantment
awe,x,field_185310_v,ARROW_KNOCKBACK,,,,field,public static final Enchantment
awe,y,field_185311_w,ARROW_FIRE,,,,field,public static final Enchantment
awe,z,field_185312_x,ARROW_INFINITE,,,,field,public static final Enchantment
awe,A,field_151370_z,LUCK,,,,field,public static final Enchantment
awe,B,field_151369_A,LURE,,,,field,public static final Enchantment
awe,C,field_203193_C,,,,,field,public static final Enchantment
awe,D,field_203194_D,,,,,field,public static final Enchantment
awe,E,field_203195_E,,,,,field,public static final Enchantment
awe,F,field_203196_F,,,,,field,public static final Enchantment
awe,G,field_185296_A,,,,,field,public static final Enchantment
awe,H,field_190940_C,,,,,field,public static final Enchantment
awm$a,a,ALL,ALL,,,,enum,
awm$a,b,FIRE,FIRE,,,,enum,
awm$a,c,FALL,FALL,,,,enum,
awm$a,d,EXPLOSION,EXPLOSION,,,,enum,
awm$a,e,PROJECTILE,PROJECTILE,,,,enum,
awm$a,f,field_185322_f,,,,,field,private final String
awm$a,g,field_185323_g,,,,,field,private final int
awm$a,h,field_185324_h,,,,,field,private final int
awm,a,field_77356_a,,,,,field,public final EnchantmentProtection$DamageType
ax$a,a,field_193450_a,,,,,field,private final AdvancementDataPlayer
ax$a,b,field_193451_b,,,,,field,private final Set<CriterionTrigger$a<CriterionTriggerLevitation$b>>
ax$b,a,field_193202_a,,,,,field,private final CriterionConditionDistance
ax$b,b,field_193203_b,,,,,field,private final CriterionConditionValue$d
ax,a,field_193164_a,,,,,field,private static final MinecraftKey
ax,b,field_193165_b,,,,,field,"private final Map<AdvancementDataPlayer, CriterionTriggerLevitation$a>"
axa,a,field_77403_a,buyingItem1,,,,field,private ItemStack
axa,b,field_77401_b,buyingItem2,,,,field,private ItemStack
axa,c,field_77402_c,sellingItem,,,,field,private ItemStack
axa,d,field_77400_d,uses,,,,field,private int
axa,e,field_82786_e,maxUses,,,,field,private int
axa,f,field_180323_f,rewardExp,,,,field,private boolean
axd,a,field_145766_a,,,,,field,private static final SimpleDateFormat
axd,b,field_193041_b,,,,,field,private long
axd,c,field_193042_c,,,,,field,private boolean
axd,d,field_145764_b,,,,,field,private int
axd,e,field_145765_c,,,,,field,private boolean
axd,f,field_145762_d,,,,,field,private IChatBaseComponent
axd,g,field_145763_e,,,,,field,private String
axd,h,field_145761_f,,,,,field,private IChatBaseComponent
axe,a,field_209160_a,,,,,field,private static final org.apache.logging.log4j.Logger
axe,b,field_98286_b,spawnDelay,,,,field,private int
axe,c,field_98285_e,mobs,,,,field,private final List<MobSpawnerData>
axe,d,field_98282_f,spawnData,,,,field,private MobSpawnerData
axe,e,field_98287_c,,,,,field,private double
axe,f,field_98284_d,,,,,field,private double
axe,g,field_98283_g,minSpawnDelay,,,,field,private int
axe,h,field_98293_h,maxSpawnDelay,,,,field,private int
axe,i,field_98294_i,spawnCount,,,,field,private int
axe,j,field_98291_j,,,,,field,private Entity
axe,k,field_98292_k,maxNearbyEntities,,,,field,private int
axe,l,field_98289_l,requiredPlayerRange,,,,field,private int
axe,m,field_98290_m,spawnRange,,,,field,private int
axf,a,field_180329_a,,,,,field,private final BlockPosition
axf,b,field_151344_d,,,,,field,private final Block
axf,c,field_151345_e,,,,,field,private final int
axf,d,field_151343_f,,,,,field,private final int
axh,a,SOLID,SOLID,,,,enum,
axh,b,CUTOUT_MIPPED,CUTOUT_MIPPED,,,,enum,
axh,c,CUTOUT,CUTOUT,,,,enum,
axh,d,TRANSLUCENT,TRANSLUCENT,,,,enum,
axh,e,field_180338_e,,,,,field,private final String
axi,a,field_77276_a,x,,,,field,public final int
axi,b,field_77275_b,z,,,,field,public final int
axl,a,field_201843_a,,,,,field,private final int
axl,b,field_201844_b,,,,,field,private final it.unimi.dsi.fastutil.longs.Long2LongMap
axm,a,field_77286_a,,,,,field,private final boolean
axm,b,field_82755_b,,,,,field,private final boolean
axm,c,field_77290_i,,,,,field,private final Random
axm,d,field_77287_j,world,,,,field,private final World
axm,e,field_77284_b,posX,,,,field,private final double
axm,f,field_77285_c,posY,,,,field,private final double
axm,g,field_77282_d,posZ,,,,field,private final double
axm,h,field_77283_e,source,,,,field,private final Entity
axm,i,field_77280_f,size,,,,field,private final float
axm,j,field_199593_j,,,,,field,private DamageSource
axm,k,field_77281_g,blocks,,,,field,private final List<BlockPosition>
axm,l,field_77288_k,,,,,field,"private final Map<EntityHuman, Vec3D>"
axo$a,a,field_82762_a,,,,,field,private String
axo$a,b,field_82760_b,,,,,field,private boolean
axo$a,c,field_82761_c,,,,,field,private int
axo$a,d,field_82759_d,,,,,field,private double
axo$a,e,field_180256_e,,,,,field,private final GameRules$EnumGameRuleType
axo$a,f,field_201201_f,,,,,field,"private final BiConsumer<MinecraftServer, GameRules$GameRuleValue>"
axo$b,a,field_199596_a,,,,,field,private final GameRules$EnumGameRuleType
axo$b,b,field_199597_b,,,,,field,private final String
axo$b,c,field_201203_c,,,,,field,"private final BiConsumer<MinecraftServer, GameRules$GameRuleValue>"
axo$c,a,ANY_VALUE,ANY_VALUE,,,,enum,
axo$c,b,BOOLEAN_VALUE,BOOLEAN_VALUE,,,,enum,
axo$c,c,NUMERICAL_VALUE,NUMERICAL_VALUE,,,,enum,
axo$c,d,field_196228_e,,,,,field,private final Supplier<com.mojang.brigadier.arguments.ArgumentType<?>>
axo$c,e,field_196229_f,,,,,field,"private final BiFunction<com.mojang.brigadier.context.CommandContext<CommandListenerWrapper>, String, String>"
axo,a,field_196232_a,,,,,field,"private static final TreeMap<String, GameRules$b>"
axo,b,field_82771_a,,,,,field,"private final TreeMap<String, GameRules$GameRuleValue>"
axp,a,NOT_SET,NOT_SET,,,,enum,
axp,b,SURVIVAL,SURVIVAL,,,,enum,
axp,c,CREATIVE,CREATIVE,,,,enum,
axp,d,ADVENTURE,ADVENTURE,,,,enum,
axp,e,SPECTATOR,SPECTATOR,,,,enum,
axp,f,field_77154_e,,,,,field,private final int
axp,g,field_77151_f,,,,,field,private final String
axs,e,field_195596_d,,,,,field,protected static final org.apache.logging.log4j.Logger
axs,a,field_200007_a,,,,,field,private static final EnumDirection[]
axs,b,field_181546_a,,,,,field,private int
axs,f,field_72996_f,entityList,,,,field,public final List<Entity>
axs,g,field_72997_g,,,,,field,protected final List<Entity>
axs,h,field_147482_g,tileEntityList,,,,field,public final List<TileEntity>
axs,i,field_175730_i,tileEntityListTick,,,,field,public final List<TileEntity>
axs,c,field_147484_a,,,,,field,private final List<TileEntity>
axs,d,field_147483_b,tileEntityListUnload,,,,field,private final List<TileEntity>
axs,j,field_73010_i,players,,,,field,public final List<EntityHuman>
axs,k,field_73007_j,,,,,field,public final List<Entity>
axs,l,field_175729_l,entitiesById,,,,field,protected final IntHashMap<Entity>
axs,G,field_73001_c,,,,,field,private final long
axs,H,field_73008_k,,,,,field,private int
axs,m,field_73005_l,,,,,field,protected int
axs,n,field_73006_m,,,,,field,protected final int
axs,o,field_73003_n,,,,,field,protected float
axs,p,field_73004_o,,,,,field,protected float
axs,q,field_73018_p,,,,,field,protected float
axs,r,field_73017_q,,,,,field,protected float
axs,I,field_73016_r,,,,,field,private int
axs,s,field_73012_v,random,,,,field,public final Random
axs,t,field_73011_w,worldProvider,,,,field,public final WorldProvider
axs,u,field_184152_t,,,,,field,protected NavigationListener
axs,v,field_73021_x,,,,,field,protected List<IWorldAccess>
axs,w,field_73020_y,chunkProvider,,,,field,protected IChunkProvider
axs,x,field_73019_z,dataManager,,,,field,protected final IDataManager
axs,y,field_72986_A,worldData,,,,field,protected WorldData
axs,z,field_72988_C,worldMaps,,,,field,protected PersistentCollection
axs,A,field_72982_D,villages,,,,field,protected PersistentVillage
axs,B,field_72984_F,methodProfiler,,,,field,public final MethodProfiler
axs,C,field_72995_K,isClientSide,,,,field,public final boolean
axs,D,field_72985_G,allowMonsters,,,,field,protected boolean
axs,E,field_72992_H,allowAnimals,,,,field,protected boolean
axs,J,field_147481_N,,,,,field,private boolean
axs,K,field_175728_M,,,,,field,private final WorldBorder
axs,F,field_72994_J,,,,,field,int[]
axx,a,field_77174_a,,,,,field,private final long
axx,b,field_77172_b,,,,,field,private final EnumGamemode
axx,c,field_77173_c,,,,,field,private final boolean
axx,d,field_77170_d,,,,,field,private final boolean
axx,e,field_77171_e,,,,,field,private final WorldType
axx,f,field_77168_f,,,,,field,private boolean
axx,g,field_77169_g,,,,,field,private boolean
axx,h,field_82751_h,,,,,field,private com.google.gson.JsonElement
axz,a,field_77139_a,types,,,,field,public static final WorldType[]
axz,b,field_77137_b,NORMAL,,,,field,public static final WorldType
axz,c,field_77138_c,FLAT,,,,field,public static final WorldType
axz,d,field_77135_d,LARGE_BIOMES,,,,field,public static final WorldType
axz,e,field_151360_e,AMPLIFIED,,,,field,public static final WorldType
axz,f,field_180271_f,CUSTOMIZED,,,,field,public static final WorldType
axz,g,field_205394_h,,,,,field,public static final WorldType
axz,h,field_180272_g,DEBUG_ALL_BLOCK_STATES,,,,field,public static final WorldType
axz,i,field_77136_e,NORMAL_1_1,,,,field,public static final WorldType
axz,j,field_82748_f,,,,,field,private final int
axz,k,field_77133_f,name,,,,field,private final String
axz,l,field_211890_l,,,,,field,private final String
axz,m,field_77134_g,version,,,,field,private final int
axz,n,field_77140_h,,,,,field,private boolean
axz,o,field_77141_i,,,,,field,private boolean
axz,p,field_151361_l,,,,,field,private boolean
axz,q,field_205395_p,,,,,field,private boolean
ay,a,field_193455_a,,,,,field,public static final CriterionConditionLocation
ay,b,field_193457_c,,,,,field,private final CriterionConditionValue$c
ay,c,field_193458_d,,,,,field,private final CriterionConditionValue$c
ay,d,field_193459_e,,,,,field,private final CriterionConditionValue$c
ay,e,field_193456_b,,,,,field,private final BiomeBase
ay,f,field_193460_f,,,,,field,private final String
ay,g,field_193461_g,,,,,field,private final DimensionManager
ayb,a,SKY,SKY,,,,enum,
ayb,b,BLOCK,BLOCK,,,,enum,
ayb,c,field_77198_c,,,,,field,public final int
ayc,a,field_209383_a,,,,,field,private static final org.apache.logging.log4j.Logger
ayc,b,field_180268_a,,,,,field,private static final int
ayc,c,field_77193_b,,,,,field,private final Set<ChunkCoordIntPair>
ayd$a,b,field_85087_d,,,,,field,public long
ayd,a,field_196236_a,,,,,field,private static final BlockPortal
ayd,b,field_85192_a,world,,,,field,private final WorldServer
ayd,c,field_77187_a,,,,,field,private final Random
ayd,d,field_85191_c,,,,,field,private final it.unimi.dsi.fastutil.longs.Long2ObjectMap<PortalTravelAgent$ChunkCoordinatesPortal>
aye,a,field_72818_a,,,,,field,protected int
aye,b,field_72816_b,,,,,field,protected int
aye,c,field_72817_c,,,,,field,protected Chunk[][]
aye,d,field_72814_d,,,,,field,protected boolean
aye,e,field_72815_e,,,,,field,protected World
ayf,a,field_205371_a,,,,,field,protected final Predicate<T>
ayf,b,field_205372_b,,,,,field,"protected final Function<T, MinecraftKey>"
ayf,c,field_205373_c,,,,,field,"protected final Function<MinecraftKey, T>"
ayf,d,field_205374_d,nextTickListHash,,,,field,protected final Set<NextTickListEntry<T>>
ayf,e,field_205375_e,nextTickList,,,,field,protected final TreeSet<NextTickListEntry<T>>
ayf,f,field_205376_f,,,,,field,private final WorldServer
ayf,g,field_205377_g,,,,,field,private final List<NextTickListEntry<T>>
ayf,h,field_205378_h,,,,,field,private final Consumer<NextTickListEntry<T>>
ayg,b,field_185279_b,,,,,field,private final NBTTagCompound
ayi,d,field_77177_f,,,,,field,private static long
ayi,e,field_151352_g,,,,,field,private final T
ayi,a,field_180282_a,,,,,field,public final BlockPosition
ayi,b,field_77180_e,,,,,field,public final long
ayi,c,field_82754_f,,,,,field,public final TickListPriority
ayi,f,field_77178_g,,,,,field,private final long
ayj,a,EXTREMELY_HIGH,EXTREMELY_HIGH,,,,enum,
ayj,b,VERY_HIGH,VERY_HIGH,,,,enum,
ayj,c,HIGH,HIGH,,,,enum,
ayj,d,NORMAL,NORMAL,,,,enum,
ayj,e,LOW,LOW,,,,enum,
ayj,f,VERY_LOW,VERY_LOW,,,,enum,
ayj,g,EXTREMELY_LOW,EXTREMELY_LOW,,,,enum,
ayj,h,field_205399_h,,,,,field,private final int
ayn$a,a,field_205422_a,,,,,field,private WorldGenSurfaceComposite<?>
ayn$a,b,field_205423_b,,,,,field,private BiomeBase$Precipitation
ayn$a,c,field_205424_c,,,,,field,private BiomeBase$Geography
ayn$a,d,field_205425_d,,,,,field,private Float
ayn$a,e,field_205426_e,,,,,field,private Float
ayn$a,f,field_205427_f,,,,,field,private Float
ayn$a,g,field_205428_g,,,,,field,private Float
ayn$a,h,field_205429_h,,,,,field,private Integer
ayn$a,i,field_205430_i,,,,,field,private Integer
ayn$a,j,field_205431_j,,,,,field,private String
ayn$b,a,NONE,NONE,,,,enum,
ayn$b,b,TAIGA,TAIGA,,,,enum,
ayn$b,c,EXTREME_HILLS,EXTREME_HILLS,,,,enum,
ayn$b,d,JUNGLE,JUNGLE,,,,enum,
ayn$b,e,MESA,MESA,,,,enum,
ayn$b,f,PLAINS,PLAINS,,,,enum,
ayn$b,g,SAVANNA,SAVANNA,,,,enum,
ayn$b,h,ICY,ICY,,,,enum,
ayn$b,i,THEEND,THEEND,,,,enum,
ayn$b,j,BEACH,BEACH,,,,enum,
ayn$b,k,FOREST,FOREST,,,,enum,
ayn$b,l,OCEAN,OCEAN,,,,enum,
ayn$b,m,DESERT,DESERT,,,,enum,
ayn$b,n,RIVER,RIVER,,,,enum,
ayn$b,o,SWAMP,SWAMP,,,,enum,
ayn$b,p,MUSHROOM,MUSHROOM,,,,enum,
ayn$b,q,NETHER,NETHER,,,,enum,
ayn$c,a,OCEAN,OCEAN,,,,enum,
ayn$c,b,COLD,COLD,,,,enum,
ayn$c,c,MEDIUM,MEDIUM,,,,enum,
ayn$c,d,WARM,WARM,,,,enum,
ayn$d,a,NONE,NONE,,,,enum,
ayn$d,b,RAIN,RAIN,,,,enum,
ayn$d,c,SNOW,SNOW,,,,enum,
ayn$e,b,field_200702_b,,,,,field,public EntityTypes<? extends EntityInsentient>
ayn$e,c,field_76301_c,,,,,field,public int
ayn$e,d,field_76299_d,,,,,field,public int
ayn,a,field_150586_aC,,,,,field,public static final org.apache.logging.log4j.Logger
ayn,b,field_201907_b,,,,,field,public static final WorldGenCarverAbstract<WorldGenFeatureConfigurationChance>
ayn,c,field_201908_c,,,,,field,public static final WorldGenCarverAbstract<WorldGenFeatureConfigurationChance>
ayn,d,field_201909_d,,,,,field,public static final WorldGenCarverAbstract<WorldGenFeatureConfigurationChance>
ayn,e,field_203612_e,,,,,field,public static final WorldGenCarverAbstract<WorldGenFeatureConfigurationChance>
ayn,f,field_203613_f,,,,,field,public static final WorldGenCarverAbstract<WorldGenFeatureConfigurationChance>
ayn,g,field_201910_e,,,,,field,public static final WorldGenDecorator<WorldGenDecoratorFrequencyConfiguration>
ayn,h,field_201911_f,,,,,field,public static final WorldGenDecorator<WorldGenDecoratorFrequencyConfiguration>
ayn,i,field_201912_g,,,,,field,public static final WorldGenDecorator<WorldGenDecoratorFrequencyConfiguration>
ayn,j,field_201913_h,,,,,field,public static final WorldGenDecorator<WorldGenDecoratorFrequencyConfiguration>
ayn,k,field_201914_i,,,,,field,public static final WorldGenDecorator<WorldGenDecoratorFrequencyConfiguration>
ayn,l,field_201915_j,,,,,field,public static final WorldGenDecorator<WorldGenFeatureDecoratorNoiseConfiguration>
ayn,m,field_201916_k,,,,,field,public static final WorldGenDecorator<WorldGenFeatureDecoratorNoiseConfiguration>
ayn,n,field_201917_l,,,,,field,public static final WorldGenDecorator<WorldGenFeatureDecoratorEmptyConfiguration>
ayn,o,field_201919_n,,,,,field,public static final WorldGenDecorator<WorldGenDecoratorChanceConfiguration>
ayn,p,field_201920_o,,,,,field,public static final WorldGenDecorator<WorldGenDecoratorChanceConfiguration>
ayn,q,field_201921_p,,,,,field,public static final WorldGenDecorator<WorldGenDecoratorChanceConfiguration>
ayn,r,field_204908_s,,,,,field,public static final WorldGenDecorator<WorldGenDecoratorChanceConfiguration>
ayn,s,field_201922_q,,,,,field,public static final WorldGenDecorator<WorldGenDecoratorFrequencyExtraChanceConfiguration>
ayn,t,field_201923_r,,,,,field,public static final WorldGenDecorator<WorldGenFeatureChanceDecoratorCountConfiguration>
ayn,u,field_201924_s,,,,,field,public static final WorldGenDecorator<WorldGenFeatureChanceDecoratorCountConfiguration>
ayn,v,field_201925_t,,,,,field,public static final WorldGenDecorator<WorldGenFeatureChanceDecoratorCountConfiguration>
ayn,w,field_205162_x,,,,,field,public static final WorldGenDecorator<WorldGenFeatureChanceDecoratorCountConfiguration>
ayn,x,field_201926_u,,,,,field,public static final WorldGenDecorator<WorldGenFeatureChanceDecoratorRangeConfiguration>
ayn,y,field_201927_v,,,,,field,public static final WorldGenDecorator<WorldGenDecoratorFrequencyChanceConfiguration>
ayn,z,field_201928_w,,,,,field,public static final WorldGenDecorator<WorldGenDecoratorFrequencyChanceConfiguration>
ayn,A,field_201929_x,,,,,field,public static final WorldGenDecorator<WorldGenDecoratorHeightAverageConfiguration>
ayn,B,field_203197_y,,,,,field,public static final WorldGenDecorator<WorldGenFeatureDecoratorEmptyConfiguration>
ayn,C,field_204617_B,,,,,field,public static final WorldGenDecorator<WorldGenDecoratorRangeConfiguration>
ayn,D,field_204618_C,,,,,field,public static final WorldGenDecorator<WorldGenDecoratorNoiseConfiguration>
ayn,E,field_206855_F,,,,,field,public static final WorldGenDecorator<WorldGenDecoratorCarveMaskConfiguration>
ayn,F,field_201930_y,,,,,field,public static final WorldGenDecorator<WorldGenDecoratorFrequencyConfiguration>
ayn,G,field_201931_z,,,,,field,public static final WorldGenDecorator<WorldGenDecoratorFrequencyConfiguration>
ayn,H,field_201881_A,,,,,field,public static final WorldGenDecorator<WorldGenDecoratorFrequencyConfiguration>
ayn,I,field_201882_B,,,,,field,public static final WorldGenDecorator<WorldGenFeatureDecoratorEmptyConfiguration>
ayn,J,field_201883_C,,,,,field,public static final WorldGenDecorator<WorldGenDecoratorLakeChanceConfiguration>
ayn,K,field_201884_D,,,,,field,public static final WorldGenDecorator<WorldGenDecoratorLakeChanceConfiguration>
ayn,L,field_201885_E,,,,,field,public static final WorldGenDecorator<WorldGenDecoratorDungeonConfiguration>
ayn,M,field_201886_F,,,,,field,public static final WorldGenDecorator<WorldGenFeatureDecoratorEmptyConfiguration>
ayn,N,field_205161_N,,,,,field,public static final WorldGenDecorator<WorldGenDecoratorChanceConfiguration>
ayn,O,field_201887_G,,,,,field,public static final WorldGenDecorator<WorldGenDecoratorFrequencyConfiguration>
ayn,P,field_201888_H,,,,,field,public static final WorldGenDecorator<WorldGenFeatureDecoratorEmptyConfiguration>
ayn,Q,field_201889_I,,,,,field,public static final WorldGenDecorator<WorldGenFeatureDecoratorEmptyConfiguration>
ayn,R,field_201890_J,,,,,field,public static final WorldGenDecorator<WorldGenFeatureDecoratorEmptyConfiguration>
ayn,S,field_201891_K,,,,,field,public static final WorldGenDecorator<WorldGenFeatureDecoratorEmptyConfiguration>
ayn,T,field_205411_T,,,,,field,protected static final IBlockData
ayn,U,field_203802_aB,,,,,field,protected static final IBlockData
ayn,V,field_203803_aC,,,,,field,protected static final IBlockData
ayn,W,field_203804_aD,,,,,field,protected static final IBlockData
ayn,X,field_203805_aE,,,,,field,protected static final IBlockData
ayn,Y,field_203806_aF,,,,,field,protected static final IBlockData
ayn,Z,field_203807_aG,,,,,field,protected static final IBlockData
ayn,aa,field_203956_U,,,,,field,protected static final IBlockData
ayn,ab,field_203957_V,,,,,field,protected static final IBlockData
ayn,ac,field_203958_W,,,,,field,protected static final IBlockData
ayn,ad,field_203959_X,,,,,field,protected static final IBlockData
ayn,ae,field_205406_ae,,,,,field,protected static final IBlockData
ayn,af,field_205407_af,,,,,field,protected static final IBlockData
ayn,ag,field_205408_ag,,,,,field,public static final WorldGenSurfaceConfigurationBase
ayn,ah,field_203960_Y,,,,,field,public static final WorldGenSurfaceConfigurationBase
ayn,ai,field_203961_Z,,,,,field,public static final WorldGenSurfaceConfigurationBase
ayn,aj,field_203946_aa,,,,,field,public static final WorldGenSurfaceConfigurationBase
ayn,ak,field_203947_ab,,,,,field,public static final WorldGenSurfaceConfigurationBase
ayn,al,field_203948_ac,,,,,field,public static final WorldGenSurfaceConfigurationBase
ayn,am,field_203949_ad,,,,,field,public static final WorldGenSurfaceConfigurationBase
ayn,an,field_203950_ae,,,,,field,public static final WorldGenSurfaceConfigurationBase
ayn,ao,field_203951_af,,,,,field,public static final WorldGenSurfaceConfigurationBase
ayn,ap,field_203952_ag,,,,,field,public static final WorldGenSurfaceConfigurationBase
ayn,aq,field_203953_ah,,,,,field,public static final WorldGenSurfaceConfigurationBase
ayn,ar,field_203954_ai,,,,,field,public static final WorldGenSurfaceConfigurationBase
ayn,as,field_205409_as,,,,,field,public static final WorldGenSurfaceConfigurationBase
ayn,at,field_205410_at,,,,,field,public static final WorldGenSurfaceConfigurationBase
ayn,au,field_203955_aj,,,,,field,public static final WorldGenSurface<WorldGenSurfaceConfigurationBase>
ayn,av,field_201899_S,,,,,field,public static final WorldGenSurface<WorldGenSurfaceConfigurationBase>
ayn,aw,field_201900_T,,,,,field,public static final WorldGenSurface<WorldGenSurfaceConfigurationBase>
ayn,ax,field_201901_U,,,,,field,public static final WorldGenSurface<WorldGenSurfaceConfigurationBase>
ayn,ay,field_201902_V,,,,,field,public static final WorldGenSurface<WorldGenSurfaceConfigurationBase>
ayn,az,field_201903_W,,,,,field,public static final WorldGenSurface<WorldGenSurfaceConfigurationBase>
ayn,aA,field_201904_X,,,,,field,public static final WorldGenSurface<WorldGenSurfaceConfigurationBase>
ayn,aB,field_201905_Y,,,,,field,public static final WorldGenSurface<WorldGenSurfaceConfigurationBase>
ayn,aC,field_201906_Z,,,,,field,public static final WorldGenSurface<WorldGenSurfaceConfigurationBase>
ayn,aD,field_205160_ax,,,,,field,public static final WorldGenSurface<WorldGenSurfaceConfigurationBase>
ayn,aE,field_205404_aE,,,,,field,public static final WorldGenSurface<WorldGenSurfaceConfigurationBase>
ayn,aF,field_201869_aa,,,,,field,public static final WorldGenSurface<WorldGenSurfaceConfigurationBase>
ayn,aG,field_201870_ab,,,,,field,public static final Set<BiomeBase>
ayn,aH,field_185373_j,,,,,field,public static final RegistryBlockID<BiomeBase>
ayn,aI,field_150605_ac,,,,,field,protected static final NoiseGenerator3
ayn,aJ,field_180281_af,,,,,field,public static final NoiseGenerator3
ayn,aK,field_185377_q,REGISTRY_ID,,,,field,"public static final RegistryMaterials<MinecraftKey, BiomeBase>"
ayn,aL,field_205405_aL,,,,,field,protected String
ayn,aM,field_76748_D,,,,,field,protected final float
ayn,aN,field_76749_E,,,,,field,protected final float
ayn,aO,field_76750_F,,,,,field,protected final float
ayn,aP,field_76751_G,,,,,field,protected final float
ayn,aQ,field_76759_H,,,,,field,protected final int
ayn,aR,field_204275_aE,,,,,field,protected final int
ayn,aS,field_185364_H,,,,,field,protected final String
ayn,aT,field_201875_ar,,,,,field,protected final WorldGenSurfaceComposite<?>
ayn,aU,field_201877_au,,,,,field,protected final BiomeBase$Geography
ayn,aV,field_201878_av,,,,,field,protected final BiomeBase$Precipitation
ayn,aW,field_201871_ag,,,,,field,"protected final Map<WorldGenStage$Features, List<WorldGenCarverWrapper<?>>>"
ayn,aX,field_201872_ah,,,,,field,"protected final Map<WorldGenStage$Decoration, List<WorldGenFeatureComposite<?, ?>>>"
ayn,aY,field_201873_ai,,,,,field,protected final List<WorldGenFeatureCompositeFlower<?>>
ayn,aZ,field_201874_aj,,,,,field,"protected final Map<StructureGenerator<?>, WorldGenFeatureConfiguration>"
ayn,ba,field_201880_ax,,,,,field,"private final Map<EnumCreatureType, List<BiomeBase$BiomeMeta>>"
ayo$a,b,field_76891_c,,,,,field,private final BiomeBase[]
ayo,a,field_76844_a,,,,,field,private final WorldChunkManager
ayo,b,field_76843_c,,,,,field,"private final com.google.common.cache.LoadingCache<ChunkCoordIntPair, BiomeCache$a>"
ayp,c,field_201540_a,,,,,field,private static final List<BiomeBase>
ayp,a,field_205005_a,,,,,field,"protected final Map<StructureGenerator<?>, Boolean>"
ayp,b,field_205707_b,,,,,field,protected final Set<IBlockData>
ayr$a,a,field_205450_a,,,,,field,"public static final RegistryMaterials<MinecraftKey, BiomeLayout$a<?>>"
ayr$a,f,field_205455_f,,,,,field,private final Supplier<C>
ayr$a,b,field_205451_b,,,,,field,public static final BiomeLayout$a<BiomeLayoutCheckerboardConfiguration>
ayr$a,c,field_205452_c,,,,,field,public static final BiomeLayout$a<BiomeLayoutFixedConfiguration>
ayr$a,d,field_206857_d,,,,,field,public static final BiomeLayout$a<BiomeLayoutOverworldConfiguration>
ayr$a,e,field_205454_e,,,,,field,public static final BiomeLayout$a<BiomeLayoutTheEndConfiguration>
ayr,a,field_205459_a,,,,,field,"public static final RegistryMaterials<MinecraftKey, BiomeLayout<?, ?>>"
ayr,f,field_205464_f,,,,,field,private final MinecraftKey
ayr,g,field_205465_g,,,,,field,"private final Function<C, T>"
ayr,h,field_205466_h,,,,,field,private final BiomeLayout$a<C>
ayr,b,field_205460_b,,,,,field,"public static final BiomeLayout<BiomeLayoutCheckerboardConfiguration, WorldChunkManagerCheckerBoard>"
ayr,c,field_205461_c,,,,,field,"public static final BiomeLayout<BiomeLayoutFixedConfiguration, WorldChunkManagerHell>"
ayr,d,field_206859_d,,,,,field,"public static final BiomeLayout<BiomeLayoutOverworldConfiguration, WorldChunkManagerOverworld>"
ayr,e,field_205463_e,,,,,field,"public static final BiomeLayout<BiomeLayoutTheEndConfiguration, WorldChunkManagerTheEnd>"
ays,a,field_76771_b,,,,,field,public static final BiomeBase
ays,b,field_180279_ad,,,,,field,public static final BiomeBase
ays,c,field_76772_c,,,,,field,public static final BiomeBase
ays,d,field_76769_d,,,,,field,public static final BiomeBase
ays,e,field_76770_e,,,,,field,public static final BiomeBase
ays,f,field_76767_f,,,,,field,public static final BiomeBase
ays,g,field_76768_g,,,,,field,public static final BiomeBase
ays,h,field_76780_h,,,,,field,public static final BiomeBase
ays,i,field_76781_i,,,,,field,public static final BiomeBase
ays,j,field_76778_j,,,,,field,public static final BiomeBase
ays,k,field_76779_k,,,,,field,public static final BiomeBase
ays,l,field_76776_l,,,,,field,public static final BiomeBase
ays,m,field_76777_m,,,,,field,public static final BiomeBase
ays,n,field_76774_n,,,,,field,public static final BiomeBase
ays,o,field_76775_o,,,,,field,public static final BiomeBase
ays,p,field_76789_p,,,,,field,public static final BiomeBase
ays,q,field_76788_q,,,,,field,public static final BiomeBase
ays,r,field_76787_r,,,,,field,public static final BiomeBase
ays,s,field_76786_s,,,,,field,public static final BiomeBase
ays,t,field_76785_t,,,,,field,public static final BiomeBase
ays,u,field_76784_u,,,,,field,public static final BiomeBase
ays,v,field_76783_v,,,,,field,public static final BiomeBase
ays,w,field_76782_w,,,,,field,public static final BiomeBase
ays,x,field_76792_x,,,,,field,public static final BiomeBase
ays,y,field_150574_L,,,,,field,public static final BiomeBase
ays,z,field_150575_M,,,,,field,public static final BiomeBase
ays,A,field_150576_N,,,,,field,public static final BiomeBase
ays,B,field_150577_O,,,,,field,public static final BiomeBase
ays,C,field_150583_P,,,,,field,public static final BiomeBase
ays,D,field_150582_Q,,,,,field,public static final BiomeBase
ays,E,field_150585_R,,,,,field,public static final BiomeBase
ays,F,field_150584_S,,,,,field,public static final BiomeBase
ays,G,field_150579_T,,,,,field,public static final BiomeBase
ays,H,field_150578_U,,,,,field,public static final BiomeBase
ays,I,field_150581_V,,,,,field,public static final BiomeBase
ays,J,field_150580_W,,,,,field,public static final BiomeBase
ays,K,field_150588_X,,,,,field,public static final BiomeBase
ays,L,field_150587_Y,,,,,field,public static final BiomeBase
ays,M,field_150589_Z,,,,,field,public static final BiomeBase
ays,N,field_150607_aa,,,,,field,public static final BiomeBase
ays,O,field_150608_ab,,,,,field,public static final BiomeBase
ays,P,field_201936_P,,,,,field,public static final BiomeBase
ays,Q,field_201937_Q,,,,,field,public static final BiomeBase
ays,R,field_201938_R,,,,,field,public static final BiomeBase
ays,S,field_201939_S,,,,,field,public static final BiomeBase
ays,T,field_203614_T,,,,,field,public static final BiomeBase
ays,U,field_203615_U,,,,,field,public static final BiomeBase
ays,V,field_203616_V,,,,,field,public static final BiomeBase
ays,W,field_203617_W,,,,,field,public static final BiomeBase
ays,X,field_203618_X,,,,,field,public static final BiomeBase
ays,Y,field_203619_Y,,,,,field,public static final BiomeBase
ays,Z,field_203620_Z,,,,,field,public static final BiomeBase
ays,aa,field_185440_P,,,,,field,public static final BiomeBase
ays,ab,field_185441_Q,,,,,field,public static final BiomeBase
ays,ac,field_185442_R,,,,,field,public static final BiomeBase
ays,ad,field_185443_S,,,,,field,public static final BiomeBase
ays,ae,field_185444_T,,,,,field,public static final BiomeBase
ays,af,field_150590_f,,,,,field,public static final BiomeBase
ays,ag,field_150599_m,,,,,field,public static final BiomeBase
ays,ah,field_185445_W,,,,,field,public static final BiomeBase
ays,ai,field_185446_X,,,,,field,public static final BiomeBase
ays,aj,field_185447_Y,,,,,field,public static final BiomeBase
ays,ak,field_185448_Z,,,,,field,public static final BiomeBase
ays,al,field_185429_aa,,,,,field,public static final BiomeBase
ays,am,field_185430_ab,,,,,field,public static final BiomeBase
ays,an,field_185431_ac,,,,,field,public static final BiomeBase
ays,ao,field_185432_ad,,,,,field,public static final BiomeBase
ays,ap,field_185433_ae,,,,,field,public static final BiomeBase
ays,aq,field_185434_af,,,,,field,public static final BiomeBase
ays,ar,field_185435_ag,,,,,field,public static final BiomeBase
ays,as,field_185436_ah,,,,,field,public static final BiomeBase
ays,at,field_185437_ai,,,,,field,public static final BiomeBase
ays,au,field_185438_aj,,,,,field,public static final BiomeBase
ays,av,field_185439_ak,,,,,field,public static final BiomeBase
ayv,c,field_205320_b,,,,,field,private final BiomeBase[]
ayv,d,field_205321_c,,,,,field,private final int
ayw,a,field_205434_a,,,,,field,private BiomeBase[]
ayw,b,field_205435_b,,,,,field,private int
az$a,a,field_192511_a,,,,,field,private final AdvancementDataPlayer
az$a,b,field_192512_b,,,,,field,private final Set<CriterionTrigger$a<CriterionTriggerLocation$b>>
az$b,a,field_193205_a,,,,,field,private final CriterionConditionLocation
az,a,field_192217_a,,,,,field,private final MinecraftKey
az,b,field_192218_b,,,,,field,"private final Map<AdvancementDataPlayer, CriterionTriggerLocation$a>"
azb,ba,field_206856_bb,,,,,field,protected static final NoiseGenerator3
azm,c,field_76947_d,,,,,field,private final BiomeBase
azn,a,field_205438_a,,,,,field,private BiomeBase
azq,ba,field_205163_aV,,,,,field,protected static final NoiseGenerator3
b,a,field_147150_a,,,,,field,private static final org.apache.logging.log4j.Logger
b,b,field_71513_a,,,,,field,private final String
b,c,field_71511_b,,,,,field,private final Throwable
b,d,field_85061_c,,,,,field,private final CrashReportSystemDetails
b,e,field_71512_c,,,,,field,private final List<CrashReportSystemDetails>
b,f,field_71510_d,,,,,field,private File
b,g,field_85059_f,,,,,field,private boolean
b,h,field_85060_g,,,,,field,private StackTraceElement[]
ba$c,e,field_211359_e,,,,,field,public static final CriterionConditionValue$c
ba$c,f,field_211360_f,,,,,field,private final Double
ba$c,g,field_211361_g,,,,,field,private final Double
ba$d,e,field_211347_e,,,,,field,public static final CriterionConditionValue$d
ba$d,f,field_211348_f,,,,,field,private final Long
ba$d,g,field_211349_g,,,,,field,private final Long
ba,a,field_196978_b,,,,,field,public static final com.mojang.brigadier.exceptions.SimpleCommandExceptionType
ba,b,field_196980_d,,,,,field,public static final com.mojang.brigadier.exceptions.SimpleCommandExceptionType
ba,c,field_192517_b,,,,,field,protected final T
ba,d,field_192518_c,,,,,field,protected final T
ban,c,field_201542_b,,,,,field,private final BiomeCache
ban,d,field_201543_c,,,,,field,private final GenLayer
ban,e,field_201544_d,,,,,field,private final GenLayer
ban,f,field_205007_e,,,,,field,private final BiomeBase[]
bao,a,field_205443_a,,,,,field,private WorldData
bao,b,field_205444_b,,,,,field,private GeneratorSettingsOverworld
bb$a,a,field_193465_a,,,,,field,private final CriterionConditionValue$d
bb$a,b,field_193466_b,,,,,field,private final CriterionConditionValue$d
bb$a,c,field_193467_c,,,,,field,private final Boolean
bb$a,d,field_193468_d,,,,,field,private final Boolean
bb,a,field_193473_a,,,,,field,public static final CriterionConditionMobEffect
bb,b,field_193474_b,,,,,field,"private final Map<MobEffectList, CriterionConditionMobEffect$a>"
bbm,c,field_201546_a,,,,,field,private final NoiseGenerator3Handler
bbm,d,field_201547_b,,,,,field,private final SeededRandom
bbm,e,field_205009_d,,,,,field,private final BiomeBase[]
bbn,a,field_205447_a,,,,,field,private long
bbu,a,field_196286_a,,,,,field,private final EnumColor
bbv,a,field_196293_a,,,,,field,private final BlockSkull$a
bbx$a,a,field_175130_a,,,,,field,private final World
bbx$a,b,field_175129_b,,,,,field,private final BlockPosition
bbx,c,field_185762_e,,,,,field,private static final org.apache.logging.log4j.Logger
bbx,a,field_176506_a,FACING,,,,field,public static final BlockStateDirection
bbx,p,field_196436_c,,,,,field,private static final VoxelShape
bbx,q,field_196439_y,,,,,field,private static final VoxelShape
bbx,r,field_196440_z,,,,,field,private static final VoxelShape
bbx,s,field_196434_A,,,,,field,private static final VoxelShape
bbx,t,field_196435_B,,,,,field,private static final VoxelShape
bbx,u,field_196437_C,,,,,field,private static final VoxelShape
bbx,v,field_196438_D,,,,,field,private static final VoxelShape
bbx,w,field_185760_c,,,,,field,private static final VoxelShape
bbx,x,field_185761_d,,,,,field,private static final VoxelShape
bby,a,field_196280_a,,,,,field,public static final BlockStateDirection
bby,b,field_196281_b,,,,,field,private final BlockStemmed
bby,c,field_196282_c,,,,,field,"private static final Map<EnumDirection, VoxelShape>"
bbz,a,field_176448_b,ROTATION,,,,field,public static final BlockStateInteger
bbz,b,field_196288_b,,,,,field,"private static final Map<EnumColor, Block>"
bbz,c,field_196289_c,,,,,field,private static final VoxelShape
bc,a,field_193479_a,,,,,field,public static final CriterionConditionNBT
bc,b,field_193480_b,,,,,field,private final NBTTagCompound
bcb,a,field_211882_a,,,,,field,public static final BlockStateBoolean
bcb,b,field_211883_b,,,,,field,private static final VoxelShape
bcc,b,field_211884_b,,,,,field,public static final BlockStateDirection
bcc,c,field_211885_c,,,,,field,"private static final Map<EnumDirection, VoxelShape>"
bcd,a,field_196284_a,,,,,field,private static final org.apache.logging.log4j.Logger
bce,a,field_185509_a,,,,,field,protected static final VoxelShape
bce,b,field_185510_b,,,,,field,protected static final VoxelShape
bce,c,field_185511_c,,,,,field,protected static final AxisAlignedBB
bcf,a,field_185590_a,,,,,field,protected static final VoxelShape
bcf,b,field_190959_b,,,,,field,protected static final VoxelShape
bcf,c,field_196277_c,,,,,field,private final boolean
bch,a,field_176472_a,PART,,,,field,public static final BlockStateEnum<BlockPropertyBedPart>
bch,b,field_176471_b,OCCUPIED,,,,field,public static final BlockStateBoolean
bch,c,field_196351_c,,,,,field,protected static final VoxelShape
bch,p,field_196352_y,color,,,,field,private final EnumColor
bci,a,field_185531_a,,,,,field,public static final BlockStateInteger
bci,c,field_196394_c,,,,,field,private static final VoxelShape[]
bcj$b,a,NONE,NONE,,,,enum,
bcj$b,b,XZ,XZ,,,,enum,
bcj$b,c,XYZ,XYZ,,,,enum,
bcj$c,a,field_200953_a,,,,,field,private Material
bcj$c,b,field_200954_b,,,,,field,private MaterialMapColor
bcj$c,c,field_200955_c,,,,,field,private boolean
bcj$c,d,field_200956_d,,,,,field,private SoundEffectType
bcj$c,e,field_200957_e,,,,,field,private int
bcj$c,f,field_200958_f,,,,,field,private float
bcj$c,g,field_200959_g,,,,,field,private float
bcj$c,h,field_200960_h,,,,,field,private boolean
bcj$c,i,field_200961_i,,,,,field,private float
bcj$c,j,field_208772_j,,,,,field,private boolean
bcj,d,field_196273_d,,,,,field,protected static final org.apache.logging.log4j.Logger
bcj,a,field_176230_a,,,,,field,private static final MinecraftKey
bcj,e,field_149771_c,REGISTRY,,,,field,"public static final RegistryBlocks<MinecraftKey, Block>"
bcj,f,field_176229_d,REGISTRY_ID,,,,field,public static final RegistryBlockID<IBlockData>
bcj,g,field_149784_t,,,,,field,protected final int
bcj,h,field_149782_v,strength,,,,field,protected final float
bcj,i,field_149781_w,durability,,,,field,protected final float
bcj,j,field_149789_z,,,,,field,protected final boolean
bcj,k,field_149762_H,stepSound,,,,field,protected final SoundEffectType
bcj,l,field_149764_J,material,,,,field,protected final Material
bcj,m,field_181083_K,,,,,field,protected final MaterialMapColor
bcj,b,field_149765_K,frictionFactor,,,,field,private final float
bcj,n,field_176227_L,blockStateList,,,,field,"protected final BlockStateList<Block, IBlockData>"
bcj,c,field_196275_y,blockData,,,,field,private IBlockData
bcj,o,field_196274_w,,,,,field,protected final boolean
bcj,p,field_208621_p,,,,,field,private final boolean
bcj,q,field_149770_b,name,,,,field,private String
bcj,r,field_210300_r,,,,,field,private static final ThreadLocal<it.unimi.dsi.fastutil.objects.Object2ByteLinkedOpenHashMap<Block$a>>
bck,kv,field_185780_dg,,,,,field,private static final Set<Block>
bck,a,field_150350_a,AIR,,,,field,public static final Block
bck,b,field_150348_b,STONE,,,,field,public static final Block
bck,c,field_196650_c,GRANITE,,,,field,public static final Block
bck,d,field_196652_d,POLISHED_GRANITE,,,,field,public static final Block
bck,e,field_196654_e,DIORITE,,,,field,public static final Block
bck,f,field_196655_f,POLISHED_DIORITE,,,,field,public static final Block
bck,g,field_196656_g,ANDESITE,,,,field,public static final Block
bck,h,field_196657_h,POLISHED_ANDESITE,,,,field,public static final Block
bck,i,field_196658_i,GRASS_BLOCK,,,,field,public static final Block
bck,j,field_150346_d,DIRT,,,,field,public static final Block
bck,k,field_196660_k,COARSE_DIRT,,,,field,public static final Block
bck,l,field_196661_l,PODZOL,,,,field,public static final Block
bck,m,field_150347_e,COBBLESTONE,,,,field,public static final Block
bck,n,field_196662_n,OAK_PLANKS,,,,field,public static final Block
bck,o,field_196664_o,SPRUCE_PLANKS,,,,field,public static final Block
bck,p,field_196666_p,BIRCH_PLANKS,,,,field,public static final Block
bck,q,field_196668_q,JUNGLE_PLANKS,,,,field,public static final Block
bck,r,field_196670_r,ACACIA_PLANKS,,,,field,public static final Block
bck,s,field_196672_s,DARK_OAK_PLANKS,,,,field,public static final Block
bck,t,field_196674_t,OAK_SAPLING,,,,field,public static final Block
bck,u,field_196675_u,SPRUCE_SAPLING,,,,field,public static final Block
bck,v,field_196676_v,BIRCH_SAPLING,,,,field,public static final Block
bck,w,field_196678_w,JUNGLE_SAPLING,,,,field,public static final Block
bck,x,field_196679_x,ACACIA_SAPLING,,,,field,public static final Block
bck,y,field_196680_y,DARK_OAK_SAPLING,,,,field,public static final Block
bck,z,field_150357_h,BEDROCK,,,,field,public static final Block
bck,A,field_150355_j,WATER,,,,field,public static final Block
bck,B,field_203203_C,BUBBLE_COLUMN,,,,field,public static final Block
bck,C,field_150353_l,LAVA,,,,field,public static final Block
bck,D,field_150354_m,SAND,,,,field,public static final Block
bck,E,field_196611_F,RED_SAND,,,,field,public static final Block
bck,F,field_150351_n,GRAVEL,,,,field,public static final Block
bck,G,field_150352_o,GOLD_ORE,,,,field,public static final Block
bck,H,field_150366_p,IRON_ORE,,,,field,public static final Block
bck,I,field_150365_q,COAL_ORE,,,,field,public static final Block
bck,J,field_196617_K,OAK_LOG,,,,field,public static final Block
bck,K,field_196618_L,SPRUCE_LOG,,,,field,public static final Block
bck,L,field_196619_M,BIRCH_LOG,,,,field,public static final Block
bck,M,field_196620_N,JUNGLE_LOG,,,,field,public static final Block
bck,N,field_196621_O,ACACIA_LOG,,,,field,public static final Block
bck,O,field_196623_P,DARK_OAK_LOG,,,,field,public static final Block
bck,P,field_203204_R,STRIPPED_OAK_LOG,,,,field,public static final Block
bck,Q,field_203205_S,STRIPPED_SPRUCE_LOG,,,,field,public static final Block
bck,R,field_203206_T,STRIPPED_BIRCH_LOG,,,,field,public static final Block
bck,S,field_203207_U,STRIPPED_JUNGLE_LOG,,,,field,public static final Block
bck,T,field_203208_V,STRIPPED_ACACIA_LOG,,,,field,public static final Block
bck,U,field_203209_W,STRIPPED_DARK_OAK_LOG,,,,field,public static final Block
bck,V,field_196626_Q,OAK_WOOD,,,,field,public static final Block
bck,W,field_196629_R,SPRUCE_WOOD,,,,field,public static final Block
bck,X,field_196631_S,BIRCH_WOOD,,,,field,public static final Block
bck,Y,field_196634_T,JUNGLE_WOOD,,,,field,public static final Block
bck,Z,field_196637_U,ACACIA_WOOD,,,,field,public static final Block
bck,aa,field_196639_V,DARK_OAK_WOOD,,,,field,public static final Block
bck,ab,field_209389_ab,STRIPPED_OAK_WOOD,,,,field,public static final Block
bck,ac,field_209390_ac,STRIPPED_SPRUCE_WOOD,,,,field,public static final Block
bck,ad,field_209391_ad,STRIPPED_BIRCH_WOOD,,,,field,public static final Block
bck,ae,field_209392_ae,STRIPPED_JUNGLE_WOOD,,,,field,public static final Block
bck,af,field_209393_af,STRIPPED_ACACIA_WOOD,,,,field,public static final Block
bck,ag,field_209394_ag,STRIPPED_DARK_OAK_WOOD,,,,field,public static final Block
bck,ah,field_196642_W,OAK_LEAVES,,,,field,public static final Block
bck,ai,field_196645_X,SPRUCE_LEAVES,,,,field,public static final Block
bck,aj,field_196647_Y,BIRCH_LEAVES,,,,field,public static final Block
bck,ak,field_196648_Z,JUNGLE_LEAVES,,,,field,public static final Block
bck,al,field_196572_aa,ACACIA_LEAVES,,,,field,public static final Block
bck,am,field_196574_ab,DARK_OAK_LEAVES,,,,field,public static final Block
bck,an,field_150360_v,SPONGE,,,,field,public static final Block
bck,ao,field_196577_ad,WET_SPONGE,,,,field,public static final Block
bck,ap,field_150359_w,GLASS,,,,field,public static final Block
bck,aq,field_150369_x,LAPIS_ORE,,,,field,public static final Block
bck,ar,field_150368_y,LAPIS_BLOCK,,,,field,public static final Block
bck,as,field_150367_z,DISPENSER,,,,field,public static final Block
bck,at,field_150322_A,SANDSTONE,,,,field,public static final Block
bck,au,field_196583_aj,CHISELED_SANDSTONE,,,,field,public static final Block
bck,av,field_196585_ak,CUT_SANDSTONE,,,,field,public static final Block
bck,aw,field_196586_al,NOTE_BLOCK,,,,field,public static final Block
bck,ax,field_196587_am,WHITE_BED,,,,field,public static final Block
bck,ay,field_196588_an,ORANGE_BED,,,,field,public static final Block
bck,az,field_196589_ao,MAGENTA_BED,,,,field,public static final Block
bck,aA,field_196590_ap,LIGHT_BLUE_BED,,,,field,public static final Block
bck,aB,field_196592_aq,YELLOW_BED,,,,field,public static final Block
bck,aC,field_196593_ar,LIME_BED,,,,field,public static final Block
bck,aD,field_196594_as,PINK_BED,,,,field,public static final Block
bck,aE,field_196595_at,GRAY_BED,,,,field,public static final Block
bck,aF,field_196596_au,LIGHT_GRAY_BED,,,,field,public static final Block
bck,aG,field_196597_av,CYAN_BED,,,,field,public static final Block
bck,aH,field_196598_aw,PURPLE_BED,,,,field,public static final Block
bck,aI,field_196599_ax,BLUE_BED,,,,field,public static final Block
bck,aJ,field_196600_ay,BROWN_BED,,,,field,public static final Block
bck,aK,field_196601_az,GREEN_BED,,,,field,public static final Block
bck,aL,field_196550_aA,RED_BED,,,,field,public static final Block
bck,aM,field_196551_aB,BLACK_BED,,,,field,public static final Block
bck,aN,field_196552_aC,POWERED_RAIL,,,,field,public static final Block
bck,aO,field_150319_E,DETECTOR_RAIL,,,,field,public static final Block
bck,aP,field_150320_F,STICKY_PISTON,,,,field,public static final Block
bck,aQ,field_196553_aF,COBWEB,,,,field,public static final Block
bck,aR,field_150349_c,GRASS,,,,field,public static final Block
bck,aS,field_196554_aH,FERN,,,,field,public static final Block
bck,aT,field_196555_aI,DEAD_BUSH,,,,field,public static final Block
bck,aU,field_203198_aQ,SEAGRASS,,,,field,public static final Block
bck,aV,field_203199_aR,TALL_SEAGRASS,,,,field,public static final Block
bck,aW,field_150331_J,PISTON,,,,field,public static final Block
bck,aX,field_150332_K,PISTON_HEAD,,,,field,public static final Block
bck,aY,field_196556_aL,WHITE_WOOL,,,,field,public static final Block
bck,aZ,field_196557_aM,ORANGE_WOOL,,,,field,public static final Block
bck,ba,field_196558_aN,MAGENTA_WOOL,,,,field,public static final Block
bck,bb,field_196559_aO,LIGHT_BLUE_WOOL,,,,field,public static final Block
bck,bc,field_196560_aP,YELLOW_WOOL,,,,field,public static final Block
bck,bd,field_196561_aQ,LIME_WOOL,,,,field,public static final Block
bck,be,field_196562_aR,PINK_WOOL,,,,field,public static final Block
bck,bf,field_196563_aS,GRAY_WOOL,,,,field,public static final Block
bck,bg,field_196564_aT,LIGHT_GRAY_WOOL,,,,field,public static final Block
bck,bh,field_196565_aU,CYAN_WOOL,,,,field,public static final Block
bck,bi,field_196566_aV,PURPLE_WOOL,,,,field,public static final Block
bck,bj,field_196567_aW,BLUE_WOOL,,,,field,public static final Block
bck,bk,field_196568_aX,BROWN_WOOL,,,,field,public static final Block
bck,bl,field_196569_aY,GREEN_WOOL,,,,field,public static final Block
bck,bm,field_196570_aZ,RED_WOOL,,,,field,public static final Block
bck,bn,field_196602_ba,BLACK_WOOL,,,,field,public static final Block
bck,bo,field_196603_bb,MOVING_PISTON,,,,field,public static final Block
bck,bp,field_196605_bc,DANDELION,,,,field,public static final Block
bck,bq,field_196606_bd,POPPY,,,,field,public static final Block
bck,br,field_196607_be,BLUE_ORCHID,,,,field,public static final Block
bck,bs,field_196609_bf,ALLIUM,,,,field,public static final Block
bck,bt,field_196610_bg,AZURE_BLUET,,,,field,public static final Block
bck,bu,field_196612_bh,RED_TULIP,,,,field,public static final Block
bck,bv,field_196613_bi,ORANGE_TULIP,,,,field,public static final Block
bck,bw,field_196614_bj,WHITE_TULIP,,,,field,public static final Block
bck,bx,field_196615_bk,PINK_TULIP,,,,field,public static final Block
bck,by,field_196616_bl,OXEYE_DAISY,,,,field,public static final Block
bck,bz,field_150338_P,BROWN_MUSHROOM,,,,field,public static final Block
bck,bA,field_150337_Q,RED_MUSHROOM,,,,field,public static final Block
bck,bB,field_150340_R,GOLD_BLOCK,,,,field,public static final Block
bck,bC,field_150339_S,IRON_BLOCK,,,,field,public static final Block
bck,bD,field_196622_bq,OAK_SLAB,,,,field,public static final Block
bck,bE,field_196624_br,SPRUCE_SLAB,,,,field,public static final Block
bck,bF,field_196627_bs,BIRCH_SLAB,,,,field,public static final Block
bck,bG,field_196630_bt,JUNGLE_SLAB,,,,field,public static final Block
bck,bH,field_196632_bu,ACACIA_SLAB,,,,field,public static final Block
bck,bI,field_196635_bv,DARK_OAK_SLAB,,,,field,public static final Block
bck,bJ,field_150333_U,STONE_SLAB,,,,field,public static final Block
bck,bK,field_196640_bx,SANDSTONE_SLAB,,,,field,public static final Block
bck,bL,field_196643_by,PETRIFIED_OAK_SLAB,,,,field,public static final Block
bck,bM,field_196646_bz,COBBLESTONE_SLAB,,,,field,public static final Block
bck,bN,field_196571_bA,BRICK_SLAB,,,,field,public static final Block
bck,bO,field_196573_bB,STONE_BRICK_SLAB,,,,field,public static final Block
bck,bP,field_196575_bC,NETHER_BRICK_SLAB,,,,field,public static final Block
bck,bQ,field_196576_bD,QUARTZ_SLAB,,,,field,public static final Block
bck,bR,field_196578_bE,RED_SANDSTONE_SLAB,,,,field,public static final Block
bck,bS,field_185771_cX,PURPUR_SLAB,,,,field,public static final Block
bck,bT,field_203200_bP,PRISMARINE_SLAB,,,,field,public static final Block
bck,bU,field_203201_bQ,PRISMARINE_BRICK_SLAB,,,,field,public static final Block
bck,bV,field_203202_bR,DARK_PRISMARINE_SLAB,,,,field,public static final Block
bck,bW,field_196579_bG,SMOOTH_STONE,,,,field,public static final Block
bck,bX,field_196580_bH,SMOOTH_SANDSTONE,,,,field,public static final Block
bck,bY,field_196581_bI,SMOOTH_QUARTZ,,,,field,public static final Block
bck,bZ,field_196582_bJ,SMOOTH_RED_SANDSTONE,,,,field,public static final Block
bck,ca,field_196584_bK,BRICKS,,,,field,public static final Block
bck,cb,field_150335_W,TNT,,,,field,public static final Block
bck,cc,field_150342_X,BOOKSHELF,,,,field,public static final Block
bck,cd,field_150341_Y,MOSSY_COBBLESTONE,,,,field,public static final Block
bck,ce,field_150343_Z,OBSIDIAN,,,,field,public static final Block
bck,cf,field_150478_aa,TORCH,,,,field,public static final Block
bck,cg,field_196591_bQ,WALL_TORCH,,,,field,public static final Block
bck,ch,field_150480_ab,FIRE,,,,field,public static final Block
bck,ci,field_150474_ac,SPAWNER,,,,field,public static final Block
bck,cj,field_150476_ad,OAK_STAIRS,,,,field,public static final Block
bck,ck,field_150486_ae,CHEST,,,,field,public static final Block
bck,cl,field_150488_af,REDSTONE_WIRE,,,,field,public static final Block
bck,cm,field_150482_ag,DIAMOND_ORE,,,,field,public static final Block
bck,cn,field_150484_ah,DIAMOND_BLOCK,,,,field,public static final Block
bck,co,field_150462_ai,CRAFTING_TABLE,,,,field,public static final Block
bck,cp,field_150464_aj,WHEAT,,,,field,public static final Block
bck,cq,field_150458_ak,FARMLAND,,,,field,public static final Block
bck,cr,field_150460_al,FURNACE,,,,field,public static final Block
bck,cs,field_196649_cc,SIGN,,,,field,public static final Block
bck,ct,field_180413_ao,OAK_DOOR,,,,field,public static final Block
bck,cu,field_180414_ap,SPRUCE_DOOR,,,,field,public static final Block
bck,cv,field_180412_aq,BIRCH_DOOR,,,,field,public static final Block
bck,cw,field_180411_ar,JUNGLE_DOOR,,,,field,public static final Block
bck,cx,field_180410_as,ACACIA_DOOR,,,,field,public static final Block
bck,cy,field_180409_at,DARK_OAK_DOOR,,,,field,public static final Block
bck,cz,field_150468_ap,LADDER,,,,field,public static final Block
bck,cA,field_150448_aq,RAIL,,,,field,public static final Block
bck,cB,field_196659_cl,COBBLESTONE_STAIRS,,,,field,public static final Block
bck,cC,field_150444_as,WALL_SIGN,,,,field,public static final Block
bck,cD,field_150442_at,LEVER,,,,field,public static final Block
bck,cE,field_150456_au,STONE_PRESSURE_PLATE,,,,field,public static final Block
bck,cF,field_150454_av,IRON_DOOR,,,,field,public static final Block
bck,cG,field_196663_cq,OAK_PRESSURE_PLATE,,,,field,public static final Block
bck,cH,field_196665_cr,SPRUCE_PRESSURE_PLATE,,,,field,public static final Block
bck,cI,field_196667_cs,BIRCH_PRESSURE_PLATE,,,,field,public static final Block
bck,cJ,field_196669_ct,JUNGLE_PRESSURE_PLATE,,,,field,public static final Block
bck,cK,field_196671_cu,ACACIA_PRESSURE_PLATE,,,,field,public static final Block
bck,cL,field_196673_cv,DARK_OAK_PRESSURE_PLATE,,,,field,public static final Block
bck,cM,field_150450_ax,REDSTONE_ORE,,,,field,public static final Block
bck,cN,field_150429_aA,REDSTONE_TORCH,,,,field,public static final Block
bck,cO,field_196677_cy,REDSTONE_WALL_TORCH,,,,field,public static final Block
bck,cP,field_150430_aB,STONE_BUTTON,,,,field,public static final Block
bck,cQ,field_150433_aE,SNOW,,,,field,public static final Block
bck,cR,field_150432_aD,ICE,,,,field,public static final Block
bck,cS,field_196604_cC,SNOW_BLOCK,,,,field,public static final Block
bck,cT,field_150434_aF,CACTUS,,,,field,public static final Block
bck,cU,field_150435_aG,CLAY,,,,field,public static final Block
bck,cV,field_196608_cF,SUGAR_CANE,,,,field,public static final Block
bck,cW,field_150421_aI,JUKEBOX,,,,field,public static final Block
bck,cX,field_180407_aO,OAK_FENCE,,,,field,public static final Block
bck,cY,field_180408_aP,SPRUCE_FENCE,,,,field,public static final Block
bck,cZ,field_180404_aQ,BIRCH_FENCE,,,,field,public static final Block
bck,da,field_180403_aR,JUNGLE_FENCE,,,,field,public static final Block
bck,db,field_180406_aS,DARK_OAK_FENCE,,,,field,public static final Block
bck,dc,field_180405_aT,ACACIA_FENCE,,,,field,public static final Block
bck,dd,field_150423_aK,PUMPKIN,,,,field,public static final Block
bck,de,field_150424_aL,NETHERRACK,,,,field,public static final Block
bck,df,field_150425_aM,SOUL_SAND,,,,field,public static final Block
bck,dg,field_150426_aN,GLOWSTONE,,,,field,public static final Block
bck,dh,field_150427_aO,NETHER_PORTAL,,,,field,public static final Block
bck,di,field_196625_cS,CARVED_PUMPKIN,,,,field,public static final Block
bck,dj,field_196628_cT,JACK_O_LANTERN,,,,field,public static final Block
bck,dk,field_150414_aQ,CAKE,,,,field,public static final Block
bck,dl,field_196633_cV,REPEATER,,,,field,public static final Block
bck,dm,field_196636_cW,OAK_TRAPDOOR,,,,field,public static final Block
bck,dn,field_196638_cX,SPRUCE_TRAPDOOR,,,,field,public static final Block
bck,do,field_196641_cY,BIRCH_TRAPDOOR,,,,field,public static final Block
bck,dp,field_196644_cZ,JUNGLE_TRAPDOOR,,,,field,public static final Block
bck,dq,field_196682_da,ACACIA_TRAPDOOR,,,,field,public static final Block
bck,dr,field_196684_db,DARK_OAK_TRAPDOOR,,,,field,public static final Block
bck,ds,field_196686_dc,INFESTED_STONE,,,,field,public static final Block
bck,dt,field_196687_dd,INFESTED_COBBLESTONE,,,,field,public static final Block
bck,du,field_196688_de,INFESTED_STONE_BRICKS,,,,field,public static final Block
bck,dv,field_196690_df,INFESTED_MOSSY_STONE_BRICKS,,,,field,public static final Block
bck,dw,field_196692_dg,INFESTED_CRACKED_STONE_BRICKS,,,,field,public static final Block
bck,dx,field_196694_dh,INFESTED_CHISELED_STONE_BRICKS,,,,field,public static final Block
bck,dy,field_196696_di,STONE_BRICKS,,,,field,public static final Block
bck,dz,field_196698_dj,MOSSY_STONE_BRICKS,,,,field,public static final Block
bck,dA,field_196700_dk,CRACKED_STONE_BRICKS,,,,field,public static final Block
bck,dB,field_196702_dl,CHISELED_STONE_BRICKS,,,,field,public static final Block
bck,dC,field_150420_aW,BROWN_MUSHROOM_BLOCK,,,,field,public static final Block
bck,dD,field_150419_aX,RED_MUSHROOM_BLOCK,,,,field,public static final Block
bck,dE,field_196706_do,MUSHROOM_STEM,,,,field,public static final Block
bck,dF,field_150411_aY,IRON_BARS,,,,field,public static final Block
bck,dG,field_150410_aZ,GLASS_PANE,,,,field,public static final Block
bck,dH,field_150440_ba,MELON,,,,field,public static final Block
bck,dI,field_196711_ds,ATTACHED_PUMPKIN_STEM,,,,field,public static final Block
bck,dJ,field_196713_dt,ATTACHED_MELON_STEM,,,,field,public static final Block
bck,dK,field_150393_bb,PUMPKIN_STEM,,,,field,public static final Block
bck,dL,field_150394_bc,MELON_STEM,,,,field,public static final Block
bck,dM,field_150395_bd,VINE,,,,field,public static final Block
bck,dN,field_180390_bo,OAK_FENCE_GATE,,,,field,public static final Block
bck,dO,field_180391_bp,SPRUCE_FENCE_GATE,,,,field,public static final Block
bck,dP,field_180392_bq,BIRCH_FENCE_GATE,,,,field,public static final Block
bck,dQ,field_180386_br,JUNGLE_FENCE_GATE,,,,field,public static final Block
bck,dR,field_180385_bs,DARK_OAK_FENCE_GATE,,,,field,public static final Block
bck,dS,field_180387_bt,ACACIA_FENCE_GATE,,,,field,public static final Block
bck,dT,field_150389_bf,BRICK_STAIRS,,,,field,public static final Block
bck,dU,field_150390_bg,STONE_BRICK_STAIRS,,,,field,public static final Block
bck,dV,field_150391_bh,MYCELIUM,,,,field,public static final Block
bck,dW,field_196651_dG,LILY_PAD,,,,field,public static final Block
bck,dX,field_196653_dH,NETHER_BRICKS,,,,field,public static final Block
bck,dY,field_150386_bk,NETHER_BRICK_FENCE,,,,field,public static final Block
bck,dZ,field_150387_bl,NETHER_BRICK_STAIRS,,,,field,public static final Block
bck,ea,field_150388_bm,NETHER_WART,,,,field,public static final Block
bck,eb,field_150381_bn,ENCHANTING_TABLE,,,,field,public static final Block
bck,ec,field_150382_bo,BREWING_STAND,,,,field,public static final Block
bck,ed,field_150383_bp,CAULDRON,,,,field,public static final Block
bck,ee,field_150384_bq,END_PORTAL,,,,field,public static final Block
bck,ef,field_150378_br,END_PORTAL_FRAME,,,,field,public static final Block
bck,eg,field_150377_bs,END_STONE,,,,field,public static final Block
bck,eh,field_150380_bt,DRAGON_EGG,,,,field,public static final Block
bck,ei,field_150379_bu,REDSTONE_LAMP,,,,field,public static final Block
bck,ej,field_150375_by,COCOA,,,,field,public static final Block
bck,ek,field_150372_bz,SANDSTONE_STAIRS,,,,field,public static final Block
bck,el,field_150412_bA,EMERALD_ORE,,,,field,public static final Block
bck,em,field_150477_bB,ENDER_CHEST,,,,field,public static final Block
bck,en,field_150479_bC,TRIPWIRE_HOOK,,,,field,public static final Block
bck,eo,field_150473_bD,TRIPWIRE,,,,field,public static final Block
bck,ep,field_150475_bE,EMERALD_BLOCK,,,,field,public static final Block
bck,eq,field_150485_bF,SPRUCE_STAIRS,,,,field,public static final Block
bck,er,field_150487_bG,BIRCH_STAIRS,,,,field,public static final Block
bck,es,field_150481_bH,JUNGLE_STAIRS,,,,field,public static final Block
bck,et,field_150483_bI,COMMAND_BLOCK,,,,field,public static final Block
bck,eu,field_150461_bJ,BEACON,,,,field,public static final Block
bck,ev,field_150463_bK,COBBLESTONE_WALL,,,,field,public static final Block
bck,ew,field_196723_eg,MOSSY_COBBLESTONE_WALL,,,,field,public static final Block
bck,ex,field_150457_bL,FLOWER_POT,,,,field,public static final Block
bck,ey,field_196726_ei,POTTED_POPPY,,,,field,public static final Block
bck,ez,field_196728_ej,POTTED_BLUE_ORCHID,,,,field,public static final Block
bck,eA,field_196730_ek,POTTED_ALLIUM,,,,field,public static final Block
bck,eB,field_196732_el,POTTED_AZURE_BLUET,,,,field,public static final Block
bck,eC,field_196734_em,POTTED_RED_TULIP,,,,field,public static final Block
bck,eD,field_196736_en,POTTED_ORANGE_TULIP,,,,field,public static final Block
bck,eE,field_196738_eo,POTTED_WHITE_TULIP,,,,field,public static final Block
bck,eF,field_196740_ep,POTTED_PINK_TULIP,,,,field,public static final Block
bck,eG,field_196742_eq,POTTED_OXEYE_DAISY,,,,field,public static final Block
bck,eH,field_196744_er,POTTED_DANDELION,,,,field,public static final Block
bck,eI,field_196746_es,POTTED_OAK_SAPLING,,,,field,public static final Block
bck,eJ,field_196748_et,POTTED_SPRUCE_SAPLING,,,,field,public static final Block
bck,eK,field_196750_eu,POTTED_BIRCH_SAPLING,,,,field,public static final Block
bck,eL,field_196752_ev,POTTED_JUNGLE_SAPLING,,,,field,public static final Block
bck,eM,field_196754_ew,POTTED_ACACIA_SAPLING,,,,field,public static final Block
bck,eN,field_196755_ex,POTTED_DARK_OAK_SAPLING,,,,field,public static final Block
bck,eO,field_196756_ey,POTTED_RED_MUSHROOM,,,,field,public static final Block
bck,eP,field_196757_ez,POTTED_BROWN_MUSHROOM,,,,field,public static final Block
bck,eQ,field_196681_eA,POTTED_DEAD_BUSH,,,,field,public static final Block
bck,eR,field_196683_eB,POTTED_FERN,,,,field,public static final Block
bck,eS,field_196685_eC,POTTED_CACTUS,,,,field,public static final Block
bck,eT,field_150459_bM,CARROTS,,,,field,public static final Block
bck,eU,field_150469_bN,POTATOES,,,,field,public static final Block
bck,eV,field_196689_eF,OAK_BUTTON,,,,field,public static final Block
bck,eW,field_196691_eG,SPRUCE_BUTTON,,,,field,public static final Block
bck,eX,field_196693_eH,BIRCH_BUTTON,,,,field,public static final Block
bck,eY,field_196695_eI,JUNGLE_BUTTON,,,,field,public static final Block
bck,eZ,field_196697_eJ,ACACIA_BUTTON,,,,field,public static final Block
bck,fa,field_196699_eK,DARK_OAK_BUTTON,,,,field,public static final Block
bck,fb,field_196701_eL,SKELETON_WALL_SKULL,,,,field,public static final Block
bck,fc,field_196703_eM,SKELETON_SKULL,,,,field,public static final Block
bck,fd,field_196704_eN,WITHER_SKELETON_WALL_SKULL,,,,field,public static final Block
bck,fe,field_196705_eO,WITHER_SKELETON_SKULL,,,,field,public static final Block
bck,ff,field_196707_eP,ZOMBIE_WALL_HEAD,,,,field,public static final Block
bck,fg,field_196708_eQ,ZOMBIE_HEAD,,,,field,public static final Block
bck,fh,field_196709_eR,PLAYER_WALL_HEAD,,,,field,public static final Block
bck,fi,field_196710_eS,PLAYER_HEAD,,,,field,public static final Block
bck,fj,field_196712_eT,CREEPER_WALL_HEAD,,,,field,public static final Block
bck,fk,field_196714_eU,CREEPER_HEAD,,,,field,public static final Block
bck,fl,field_196715_eV,DRAGON_WALL_HEAD,,,,field,public static final Block
bck,fm,field_196716_eW,DRAGON_HEAD,,,,field,public static final Block
bck,fn,field_150467_bQ,ANVIL,,,,field,public static final Block
bck,fo,field_196717_eY,CHIPPED_ANVIL,,,,field,public static final Block
bck,fp,field_196718_eZ,DAMAGED_ANVIL,,,,field,public static final Block
bck,fq,field_150447_bR,TRAPPED_CHEST,,,,field,public static final Block
bck,fr,field_150445_bS,LIGHT_WEIGHTED_PRESSURE_PLATE,,,,field,public static final Block
bck,fs,field_150443_bT,HEAVY_WEIGHTED_PRESSURE_PLATE,,,,field,public static final Block
bck,ft,field_196762_fd,COMPARATOR,,,,field,public static final Block
bck,fu,field_150453_bW,DAYLIGHT_DETECTOR,,,,field,public static final Block
bck,fv,field_150451_bX,REDSTONE_BLOCK,,,,field,public static final Block
bck,fw,field_196766_fg,NETHER_QUARTZ_ORE,,,,field,public static final Block
bck,fx,field_150438_bZ,HOPPER,,,,field,public static final Block
bck,fy,field_150371_ca,QUARTZ_BLOCK,,,,field,public static final Block
bck,fz,field_196770_fj,QUARTZ_PILLAR,,,,field,public static final Block
bck,fA,field_196772_fk,CHISELED_QUARTZ_BLOCK,,,,field,public static final Block
bck,fB,field_150370_cb,QUARTZ_STAIRS,,,,field,public static final Block
bck,fC,field_150408_cc,ACTIVATOR_RAIL,,,,field,public static final Block
bck,fD,field_150409_cd,DROPPER,,,,field,public static final Block
bck,fE,field_196777_fo,WHITE_TERRACOTTA,,,,field,public static final Block
bck,fF,field_196778_fp,ORANGE_TERRACOTTA,,,,field,public static final Block
bck,fG,field_196780_fq,MAGENTA_TERRACOTTA,,,,field,public static final Block
bck,fH,field_196782_fr,LIGHT_BLUE_TERRACOTTA,,,,field,public static final Block
bck,fI,field_196783_fs,YELLOW_TERRACOTTA,,,,field,public static final Block
bck,fJ,field_196785_ft,LIME_TERRACOTTA,,,,field,public static final Block
bck,fK,field_196787_fu,PINK_TERRACOTTA,,,,field,public static final Block
bck,fL,field_196789_fv,GRAY_TERRACOTTA,,,,field,public static final Block
bck,fM,field_196791_fw,LIGHT_GRAY_TERRACOTTA,,,,field,public static final Block
bck,fN,field_196793_fx,CYAN_TERRACOTTA,,,,field,public static final Block
bck,fO,field_196795_fy,PURPLE_TERRACOTTA,,,,field,public static final Block
bck,fP,field_196797_fz,BLUE_TERRACOTTA,,,,field,public static final Block
bck,fQ,field_196719_fA,BROWN_TERRACOTTA,,,,field,public static final Block
bck,fR,field_196720_fB,GREEN_TERRACOTTA,,,,field,public static final Block
bck,fS,field_196721_fC,RED_TERRACOTTA,,,,field,public static final Block
bck,fT,field_196722_fD,BLACK_TERRACOTTA,,,,field,public static final Block
bck,fU,field_180401_cv,BARRIER,,,,field,public static final Block
bck,fV,field_180400_cw,IRON_TRAPDOOR,,,,field,public static final Block
bck,fW,field_150407_cf,HAY_BLOCK,,,,field,public static final Block
bck,fX,field_196724_fH,WHITE_CARPET,,,,field,public static final Block
bck,fY,field_196725_fI,ORANGE_CARPET,,,,field,public static final Block
bck,fZ,field_196727_fJ,MAGENTA_CARPET,,,,field,public static final Block
bck,ga,field_196729_fK,LIGHT_BLUE_CARPET,,,,field,public static final Block
bck,gb,field_196731_fL,YELLOW_CARPET,,,,field,public static final Block
bck,gc,field_196733_fM,LIME_CARPET,,,,field,public static final Block
bck,gd,field_196735_fN,PINK_CARPET,,,,field,public static final Block
bck,ge,field_196737_fO,GRAY_CARPET,,,,field,public static final Block
bck,gf,field_196739_fP,LIGHT_GRAY_CARPET,,,,field,public static final Block
bck,gg,field_196741_fQ,CYAN_CARPET,,,,field,public static final Block
bck,gh,field_196743_fR,PURPLE_CARPET,,,,field,public static final Block
bck,gi,field_196745_fS,BLUE_CARPET,,,,field,public static final Block
bck,gj,field_196747_fT,BROWN_CARPET,,,,field,public static final Block
bck,gk,field_196749_fU,GREEN_CARPET,,,,field,public static final Block
bck,gl,field_196751_fV,RED_CARPET,,,,field,public static final Block
bck,gm,field_196753_fW,BLACK_CARPET,,,,field,public static final Block
bck,gn,field_150405_ch,TERRACOTTA,,,,field,public static final Block
bck,go,field_150402_ci,COAL_BLOCK,,,,field,public static final Block
bck,gp,field_150403_cj,PACKED_ICE,,,,field,public static final Block
bck,gq,field_205164_gk,BLUE_ICE,,,,field,public static final Block
bck,gr,field_150400_ck,ACACIA_STAIRS,,,,field,public static final Block
bck,gs,field_150401_cl,DARK_OAK_STAIRS,,,,field,public static final Block
bck,gt,field_180399_cE,SLIME_BLOCK,,,,field,public static final Block
bck,gu,field_196800_gd,SUNFLOWER,,,,field,public static final Block
bck,gv,field_196801_ge,LILAC,,,,field,public static final Block
bck,gw,field_196802_gf,ROSE_BUSH,,,,field,public static final Block
bck,gx,field_196803_gg,PEONY,,,,field,public static final Block
bck,gy,field_196804_gh,TALL_GRASS,,,,field,public static final Block
bck,gz,field_196805_gi,LARGE_FERN,,,,field,public static final Block
bck,gA,field_196807_gj,WHITE_STAINED_GLASS,,,,field,public static final Block
bck,gB,field_196808_gk,ORANGE_STAINED_GLASS,,,,field,public static final Block
bck,gC,field_196809_gl,MAGENTA_STAINED_GLASS,,,,field,public static final Block
bck,gD,field_196810_gm,LIGHT_BLUE_STAINED_GLASS,,,,field,public static final Block
bck,gE,field_196811_gn,YELLOW_STAINED_GLASS,,,,field,public static final Block
bck,gF,field_196812_go,LIME_STAINED_GLASS,,,,field,public static final Block
bck,gG,field_196813_gp,PINK_STAINED_GLASS,,,,field,public static final Block
bck,gH,field_196815_gq,GRAY_STAINED_GLASS,,,,field,public static final Block
bck,gI,field_196816_gr,LIGHT_GRAY_STAINED_GLASS,,,,field,public static final Block
bck,gJ,field_196818_gs,CYAN_STAINED_GLASS,,,,field,public static final Block
bck,gK,field_196819_gt,PURPLE_STAINED_GLASS,,,,field,public static final Block
bck,gL,field_196820_gu,BLUE_STAINED_GLASS,,,,field,public static final Block
bck,gM,field_196821_gv,BROWN_STAINED_GLASS,,,,field,public static final Block
bck,gN,field_196822_gw,GREEN_STAINED_GLASS,,,,field,public static final Block
bck,gO,field_196823_gx,RED_STAINED_GLASS,,,,field,public static final Block
bck,gP,field_196824_gy,BLACK_STAINED_GLASS,,,,field,public static final Block
bck,gQ,field_196825_gz,WHITE_STAINED_GLASS_PANE,,,,field,public static final Block
bck,gR,field_196758_gA,ORANGE_STAINED_GLASS_PANE,,,,field,public static final Block
bck,gS,field_196759_gB,MAGENTA_STAINED_GLASS_PANE,,,,field,public static final Block
bck,gT,field_196760_gC,LIGHT_BLUE_STAINED_GLASS_PANE,,,,field,public static final Block
bck,gU,field_196761_gD,YELLOW_STAINED_GLASS_PANE,,,,field,public static final Block
bck,gV,field_196763_gE,LIME_STAINED_GLASS_PANE,,,,field,public static final Block
bck,gW,field_196764_gF,PINK_STAINED_GLASS_PANE,,,,field,public static final Block
bck,gX,field_196765_gG,GRAY_STAINED_GLASS_PANE,,,,field,public static final Block
bck,gY,field_196767_gH,LIGHT_GRAY_STAINED_GLASS_PANE,,,,field,public static final Block
bck,gZ,field_196768_gI,CYAN_STAINED_GLASS_PANE,,,,field,public static final Block
bck,ha,field_196769_gJ,PURPLE_STAINED_GLASS_PANE,,,,field,public static final Block
bck,hb,field_196771_gK,BLUE_STAINED_GLASS_PANE,,,,field,public static final Block
bck,hc,field_196773_gL,BROWN_STAINED_GLASS_PANE,,,,field,public static final Block
bck,hd,field_196774_gM,GREEN_STAINED_GLASS_PANE,,,,field,public static final Block
bck,he,field_196775_gN,RED_STAINED_GLASS_PANE,,,,field,public static final Block
bck,hf,field_196776_gO,BLACK_STAINED_GLASS_PANE,,,,field,public static final Block
bck,hg,field_180397_cI,PRISMARINE,,,,field,public static final Block
bck,hh,field_196779_gQ,PRISMARINE_BRICKS,,,,field,public static final Block
bck,hi,field_196781_gR,DARK_PRISMARINE,,,,field,public static final Block
bck,hj,field_203210_he,PRISMARINE_STAIRS,,,,field,public static final Block
bck,hk,field_203211_hf,PRISMARINE_BRICK_STAIRS,,,,field,public static final Block
bck,hl,field_203212_hg,DARK_PRISMARINE_STAIRS,,,,field,public static final Block
bck,hm,field_180398_cJ,SEA_LANTERN,,,,field,public static final Block
bck,hn,field_196784_gT,WHITE_BANNER,,,,field,public static final Block
bck,ho,field_196786_gU,ORANGE_BANNER,,,,field,public static final Block
bck,hp,field_196788_gV,MAGENTA_BANNER,,,,field,public static final Block
bck,hq,field_196790_gW,LIGHT_BLUE_BANNER,,,,field,public static final Block
bck,hr,field_196792_gX,YELLOW_BANNER,,,,field,public static final Block
bck,hs,field_196794_gY,LIME_BANNER,,,,field,public static final Block
bck,ht,field_196796_gZ,PINK_BANNER,,,,field,public static final Block
bck,hu,field_196826_ha,GRAY_BANNER,,,,field,public static final Block
bck,hv,field_196827_hb,LIGHT_GRAY_BANNER,,,,field,public static final Block
bck,hw,field_196829_hc,CYAN_BANNER,,,,field,public static final Block
bck,hx,field_196831_hd,PURPLE_BANNER,,,,field,public static final Block
bck,hy,field_196833_he,BLUE_BANNER,,,,field,public static final Block
bck,hz,field_196835_hf,BROWN_BANNER,,,,field,public static final Block
bck,hA,field_196837_hg,GREEN_BANNER,,,,field,public static final Block
bck,hB,field_196839_hh,RED_BANNER,,,,field,public static final Block
bck,hC,field_196841_hi,BLACK_BANNER,,,,field,public static final Block
bck,hD,field_196843_hj,WHITE_WALL_BANNER,,,,field,public static final Block
bck,hE,field_196845_hk,ORANGE_WALL_BANNER,,,,field,public static final Block
bck,hF,field_196847_hl,MAGENTA_WALL_BANNER,,,,field,public static final Block
bck,hG,field_196849_hm,LIGHT_BLUE_WALL_BANNER,,,,field,public static final Block
bck,hH,field_196851_hn,YELLOW_WALL_BANNER,,,,field,public static final Block
bck,hI,field_196853_ho,LIME_WALL_BANNER,,,,field,public static final Block
bck,hJ,field_196855_hp,PINK_WALL_BANNER,,,,field,public static final Block
bck,hK,field_196857_hq,GRAY_WALL_BANNER,,,,field,public static final Block
bck,hL,field_196859_hr,LIGHT_GRAY_WALL_BANNER,,,,field,public static final Block
bck,hM,field_196861_hs,CYAN_WALL_BANNER,,,,field,public static final Block
bck,hN,field_196863_ht,PURPLE_WALL_BANNER,,,,field,public static final Block
bck,hO,field_196865_hu,BLUE_WALL_BANNER,,,,field,public static final Block
bck,hP,field_196867_hv,BROWN_WALL_BANNER,,,,field,public static final Block
bck,hQ,field_196869_hw,GREEN_WALL_BANNER,,,,field,public static final Block
bck,hR,field_196871_hx,RED_WALL_BANNER,,,,field,public static final Block
bck,hS,field_196873_hy,BLACK_WALL_BANNER,,,,field,public static final Block
bck,hT,field_180395_cM,RED_SANDSTONE,,,,field,public static final Block
bck,hU,field_196798_hA,CHISELED_RED_SANDSTONE,,,,field,public static final Block
bck,hV,field_196799_hB,CUT_RED_SANDSTONE,,,,field,public static final Block
bck,hW,field_180396_cN,RED_SANDSTONE_STAIRS,,,,field,public static final Block
bck,hX,field_185764_cQ,END_ROD,,,,field,public static final Block
bck,hY,field_185765_cR,CHORUS_PLANT,,,,field,public static final Block
bck,hZ,field_185766_cS,CHORUS_FLOWER,,,,field,public static final Block
bck,ia,field_185767_cT,PURPUR_BLOCK,,,,field,public static final Block
bck,ib,field_185768_cU,PURPUR_PILLAR,,,,field,public static final Block
bck,ic,field_185769_cV,PURPUR_STAIRS,,,,field,public static final Block
bck,id,field_196806_hJ,END_STONE_BRICKS,,,,field,public static final Block
bck,ie,field_185773_cZ,BEETROOTS,,,,field,public static final Block
bck,if,field_185774_da,GRASS_PATH,,,,field,public static final Block
bck,ig,field_185775_db,END_GATEWAY,,,,field,public static final Block
bck,ih,field_185776_dc,REPEATING_COMMAND_BLOCK,,,,field,public static final Block
bck,ii,field_185777_dd,CHAIN_COMMAND_BLOCK,,,,field,public static final Block
bck,ij,field_185778_de,FROSTED_ICE,,,,field,public static final Block
bck,ik,field_196814_hQ,MAGMA_BLOCK,,,,field,public static final Block
bck,il,field_189878_dg,NETHER_WART_BLOCK,,,,field,public static final Block
bck,im,field_196817_hS,RED_NETHER_BRICKS,,,,field,public static final Block
bck,in,field_189880_di,BONE_BLOCK,,,,field,public static final Block
bck,io,field_189881_dj,STRUCTURE_VOID,,,,field,public static final Block
bck,ip,field_190976_dk,OBSERVER,,,,field,public static final Block
bck,iq,field_204409_il,SHULKER_BOX,,,,field,public static final Block
bck,ir,field_190977_dl,WHITE_SHULKER_BOX,,,,field,public static final Block
bck,is,field_190978_dm,ORANGE_SHULKER_BOX,,,,field,public static final Block
bck,it,field_190979_dn,MAGENTA_SHULKER_BOX,,,,field,public static final Block
bck,iu,field_190980_do,LIGHT_BLUE_SHULKER_BOX,,,,field,public static final Block
bck,iv,field_190981_dp,YELLOW_SHULKER_BOX,,,,field,public static final Block
bck,iw,field_190982_dq,LIME_SHULKER_BOX,,,,field,public static final Block
bck,ix,field_190983_dr,PINK_SHULKER_BOX,,,,field,public static final Block
bck,iy,field_190984_ds,GRAY_SHULKER_BOX,,,,field,public static final Block
bck,iz,field_196875_ie,LIGHT_GRAY_SHULKER_BOX,,,,field,public static final Block
bck,iA,field_190986_du,CYAN_SHULKER_BOX,,,,field,public static final Block
bck,iB,field_190987_dv,PURPLE_SHULKER_BOX,,,,field,public static final Block
bck,iC,field_190988_dw,BLUE_SHULKER_BOX,,,,field,public static final Block
bck,iD,field_190989_dx,BROWN_SHULKER_BOX,,,,field,public static final Block
bck,iE,field_190990_dy,GREEN_SHULKER_BOX,,,,field,public static final Block
bck,iF,field_190991_dz,RED_SHULKER_BOX,,,,field,public static final Block
bck,iG,field_190975_dA,BLACK_SHULKER_BOX,,,,field,public static final Block
bck,iH,field_192427_dB,WHITE_GLAZED_TERRACOTTA,,,,field,public static final Block
bck,iI,field_192428_dC,ORANGE_GLAZED_TERRACOTTA,,,,field,public static final Block
bck,iJ,field_192429_dD,MAGENTA_GLAZED_TERRACOTTA,,,,field,public static final Block
bck,iK,field_192430_dE,LIGHT_BLUE_GLAZED_TERRACOTTA,,,,field,public static final Block
bck,iL,field_192431_dF,YELLOW_GLAZED_TERRACOTTA,,,,field,public static final Block
bck,iM,field_192432_dG,LIME_GLAZED_TERRACOTTA,,,,field,public static final Block
bck,iN,field_192433_dH,PINK_GLAZED_TERRACOTTA,,,,field,public static final Block
bck,iO,field_192434_dI,GRAY_GLAZED_TERRACOTTA,,,,field,public static final Block
bck,iP,field_196876_iu,LIGHT_GRAY_GLAZED_TERRACOTTA,,,,field,public static final Block
bck,iQ,field_192436_dK,CYAN_GLAZED_TERRACOTTA,,,,field,public static final Block
bck,iR,field_192437_dL,PURPLE_GLAZED_TERRACOTTA,,,,field,public static final Block
bck,iS,field_192438_dM,BLUE_GLAZED_TERRACOTTA,,,,field,public static final Block
bck,iT,field_192439_dN,BROWN_GLAZED_TERRACOTTA,,,,field,public static final Block
bck,iU,field_192440_dO,GREEN_GLAZED_TERRACOTTA,,,,field,public static final Block
bck,iV,field_192441_dP,RED_GLAZED_TERRACOTTA,,,,field,public static final Block
bck,iW,field_192442_dQ,BLACK_GLAZED_TERRACOTTA,,,,field,public static final Block
bck,iX,field_196828_iC,WHITE_CONCRETE,,,,field,public static final Block
bck,iY,field_196830_iD,ORANGE_CONCRETE,,,,field,public static final Block
bck,iZ,field_196832_iE,MAGENTA_CONCRETE,,,,field,public static final Block
bck,ja,field_196834_iF,LIGHT_BLUE_CONCRETE,,,,field,public static final Block
bck,jb,field_196836_iG,YELLOW_CONCRETE,,,,field,public static final Block
bck,jc,field_196838_iH,LIME_CONCRETE,,,,field,public static final Block
bck,jd,field_196840_iI,PINK_CONCRETE,,,,field,public static final Block
bck,je,field_196842_iJ,GRAY_CONCRETE,,,,field,public static final Block
bck,jf,field_196844_iK,LIGHT_GRAY_CONCRETE,,,,field,public static final Block
bck,jg,field_196846_iL,CYAN_CONCRETE,,,,field,public static final Block
bck,jh,field_196848_iM,PURPLE_CONCRETE,,,,field,public static final Block
bck,ji,field_196850_iN,BLUE_CONCRETE,,,,field,public static final Block
bck,jj,field_196852_iO,BROWN_CONCRETE,,,,field,public static final Block
bck,jk,field_196854_iP,GREEN_CONCRETE,,,,field,public static final Block
bck,jl,field_196856_iQ,RED_CONCRETE,,,,field,public static final Block
bck,jm,field_196858_iR,BLACK_CONCRETE,,,,field,public static final Block
bck,jn,field_196860_iS,WHITE_CONCRETE_POWDER,,,,field,public static final Block
bck,jo,field_196862_iT,ORANGE_CONCRETE_POWDER,,,,field,public static final Block
bck,jp,field_196864_iU,MAGENTA_CONCRETE_POWDER,,,,field,public static final Block
bck,jq,field_196866_iV,LIGHT_BLUE_CONCRETE_POWDER,,,,field,public static final Block
bck,jr,field_196868_iW,YELLOW_CONCRETE_POWDER,,,,field,public static final Block
bck,js,field_196870_iX,LIME_CONCRETE_POWDER,,,,field,public static final Block
bck,jt,field_196872_iY,PINK_CONCRETE_POWDER,,,,field,public static final Block
bck,ju,field_196874_iZ,GRAY_CONCRETE_POWDER,,,,field,public static final Block
bck,jv,field_196877_ja,LIGHT_GRAY_CONCRETE_POWDER,,,,field,public static final Block
bck,jw,field_196878_jb,CYAN_CONCRETE_POWDER,,,,field,public static final Block
bck,jx,field_196879_jc,PURPLE_CONCRETE_POWDER,,,,field,public static final Block
bck,jy,field_196880_jd,BLUE_CONCRETE_POWDER,,,,field,public static final Block
bck,jz,field_196881_je,BROWN_CONCRETE_POWDER,,,,field,public static final Block
bck,jA,field_196882_jf,GREEN_CONCRETE_POWDER,,,,field,public static final Block
bck,jB,field_196883_jg,RED_CONCRETE_POWDER,,,,field,public static final Block
bck,jC,field_196884_jh,BLACK_CONCRETE_POWDER,,,,field,public static final Block
bck,jD,field_203215_jy,KELP_PLANT,,,,field,public static final Block
bck,jE,field_203214_jx,KELP,,,,field,public static final Block
bck,jF,field_203216_jz,DRIED_KELP_BLOCK,,,,field,public static final Block
bck,jG,field_203213_jA,TURTLE_EGG,,,,field,public static final Block
bck,jH,field_201940_ji,VOID_AIR,,,,field,public static final Block
bck,jI,field_201941_jj,CAVE_AIR,,,,field,public static final Block
bck,jJ,field_204404_jE,DEAD_TUBE_CORAL_BLOCK,,,,field,public static final Block
bck,jK,field_204405_jF,DEAD_BRAIN_CORAL_BLOCK,,,,field,public static final Block
bck,jL,field_204406_jG,DEAD_BUBBLE_CORAL_BLOCK,,,,field,public static final Block
bck,jM,field_204407_jH,DEAD_FIRE_CORAL_BLOCK,,,,field,public static final Block
bck,jN,field_204408_jI,DEAD_HORN_CORAL_BLOCK,,,,field,public static final Block
bck,jO,field_203963_jE,TUBE_CORAL_BLOCK,,,,field,public static final Block
bck,jP,field_203964_jF,BRAIN_CORAL_BLOCK,,,,field,public static final Block
bck,jQ,field_203965_jG,BUBBLE_CORAL_BLOCK,,,,field,public static final Block
bck,jR,field_203966_jH,FIRE_CORAL_BLOCK,,,,field,public static final Block
bck,jS,field_203967_jI,HORN_CORAL_BLOCK,,,,field,public static final Block
bck,jT,field_204278_jJ,TUBE_CORAL,,,,field,public static final Block
bck,jU,field_204279_jK,BRAIN_CORAL,,,,field,public static final Block
bck,jV,field_204280_jL,BUBBLE_CORAL,,,,field,public static final Block
bck,jW,field_204281_jM,FIRE_CORAL,,,,field,public static final Block
bck,jX,field_204282_jN,HORN_CORAL,,,,field,public static final Block
bck,jY,field_211891_jY,TUBE_CORAL_WALL_FAN,,,,field,public static final Block
bck,jZ,field_211892_jZ,BRAIN_CORAL_WALL_FAN,,,,field,public static final Block
bck,ka,field_211893_ka,BUBBLE_CORAL_WALL_FAN,,,,field,public static final Block
bck,kb,field_211894_kb,FIRE_CORAL_WALL_FAN,,,,field,public static final Block
bck,kc,field_211895_kc,HORN_CORAL_WALL_FAN,,,,field,public static final Block
bck,kd,field_204743_jR,TUBE_CORAL_FAN,,,,field,public static final Block
bck,ke,field_204744_jS,BRAIN_CORAL_FAN,,,,field,public static final Block
bck,kf,field_204745_jT,BUBBLE_CORAL_FAN,,,,field,public static final Block
bck,kg,field_204746_jU,FIRE_CORAL_FAN,,,,field,public static final Block
bck,kh,field_204747_jV,HORN_CORAL_FAN,,,,field,public static final Block
bck,ki,field_204913_jW,SEA_PICKLE,,,,field,public static final Block
bck,kj,field_205165_jY,CONDUIT,,,,field,public static final Block
bck,kk,field_211896_kk,DEAD_TUBE_CORAL_WALL_FAN,,,,field,public static final Block
bck,kl,field_211897_kl,DEAD_BRAIN_CORAL_WALL_FAN,,,,field,public static final Block
bck,km,field_211898_km,DEAD_BUBBLE_CORAL_WALL_FAN,,,,field,public static final Block
bck,kn,field_211899_kn,DEAD_FIRE_CORAL_WALL_FAN,,,,field,public static final Block
bck,ko,field_211900_ko,DEAD_HORN_CORAL_WALL_FAN,,,,field,public static final Block
bck,kp,field_211901_kp,DEAD_TUBE_CORAL_FAN,,,,field,public static final Block
bck,kq,field_211902_kq,DEAD_BRAIN_CORAL_FAN,,,,field,public static final Block
bck,kr,field_211903_kr,DEAD_BUBBLE_CORAL_FAN,,,,field,public static final Block
bck,ks,field_211904_ks,DEAD_FIRE_CORAL_FAN,,,,field,public static final Block
bck,kt,field_211905_kt,DEAD_HORN_CORAL_FAN,,,,field,public static final Block
bck,ku,field_185779_df,STRUCTURE_BLOCK,,,,field,public static final Block
bco,a,field_176451_a,HAS_BOTTLE,,,,field,public static final BlockStateBoolean[]
bco,b,field_196308_b,,,,,field,protected static final VoxelShape
bcp,a,field_203160_a,,,,,field,public static final BlockStateBoolean
bcs,a,field_176584_b,POWERED,,,,field,public static final BlockStateBoolean
bcs,b,field_196370_b,,,,,field,protected static final VoxelShape
bcs,c,field_196371_c,,,,,field,protected static final VoxelShape
bcs,p,field_196376_y,,,,,field,protected static final VoxelShape
bcs,q,field_196377_z,,,,,field,protected static final VoxelShape
bcs,r,field_185622_d,,,,,field,protected static final VoxelShape
bcs,s,field_185624_e,,,,,field,protected static final VoxelShape
bcs,t,field_185626_f,,,,,field,protected static final VoxelShape
bcs,u,field_185628_g,,,,,field,protected static final VoxelShape
bcs,v,field_196372_E,,,,,field,protected static final VoxelShape
bcs,w,field_196373_F,,,,,field,protected static final VoxelShape
bcs,x,field_196374_G,,,,,field,protected static final VoxelShape
bcs,y,field_196375_H,,,,,field,protected static final VoxelShape
bcs,z,field_185623_D,,,,,field,protected static final VoxelShape
bcs,A,field_185625_E,,,,,field,protected static final VoxelShape
bcs,B,field_185627_F,,,,,field,protected static final VoxelShape
bcs,C,field_185629_G,,,,,field,protected static final VoxelShape
bcs,F,field_150047_a,,,,,field,private final boolean
bct,a,field_176587_a,AGE,,,,field,public static final BlockStateInteger
bct,b,field_196400_b,,,,,field,protected static final VoxelShape
bct,c,field_196401_c,,,,,field,protected static final VoxelShape
bcu,a,field_176589_a,BITES,,,,field,public static final BlockStateInteger
bcu,b,field_196402_b,,,,,field,protected static final VoxelShape[]
bcv,a,field_196395_a,,,,,field,private static final VoxelShape[]
bcw,a,field_196359_a,,,,,field,public static final BlockStateDirection
bcw,b,field_196361_b,,,,,field,private ShapeDetector
bcw,c,field_196362_c,,,,,field,private ShapeDetector
bcw,p,field_196363_y,,,,,field,private ShapeDetector
bcw,q,field_196364_z,,,,,field,private ShapeDetector
bcw,r,field_196360_A,,,,,field,private static final Predicate<IBlockData>
bcx,a,field_176591_a,LEVEL,,,,field,public static final BlockStateInteger
bcx,b,field_196403_b,,,,,field,protected static final VoxelShape
bcx,c,field_196404_c,,,,,field,protected static final VoxelShape
bcy,a,field_176459_a,FACING,,,,field,public static final BlockStateDirection
bcy,b,field_196314_b,,,,,field,public static final BlockStateEnum<BlockPropertyChestType>
bcy,c,field_204511_c,,,,,field,public static final BlockStateBoolean
bcy,p,field_196316_c,,,,,field,protected static final VoxelShape
bcy,q,field_196317_y,,,,,field,protected static final VoxelShape
bcy,r,field_196318_z,,,,,field,protected static final VoxelShape
bcy,s,field_196313_A,,,,,field,protected static final VoxelShape
bcy,t,field_196315_B,,,,,field,protected static final VoxelShape
bcz,a,field_185607_a,AGE,,,,field,public static final BlockStateInteger
bcz,b,field_196405_b,,,,,field,private final BlockChorusFruit
bd$a,a,field_193485_a,,,,,field,private final AdvancementDataPlayer
bd$a,b,field_193486_b,,,,,field,private final Set<CriterionTrigger$a<CriterionTriggerNetherTravel$b>>
bd$b,a,field_193207_a,,,,,field,private final CriterionConditionLocation
bd$b,b,field_193208_b,,,,,field,private final CriterionConditionLocation
bd$b,c,field_193209_c,,,,,field,private final CriterionConditionDistance
bd,a,field_193169_a,,,,,field,private static final MinecraftKey
bd,b,field_193170_b,,,,,field,"private final Map<AdvancementDataPlayer, CriterionTriggerNetherTravel$a>"
bdc,a,field_176501_a,AGE,,,,field,public static final BlockStateInteger
bdc,b,field_185535_b,,,,,field,protected static final VoxelShape[]
bdc,c,field_185536_c,,,,,field,protected static final VoxelShape[]
bdc,p,field_185537_d,,,,,field,protected static final VoxelShape[]
bdc,q,field_185538_e,,,,,field,protected static final VoxelShape[]
bdd,c,field_193388_c,,,,,field,private static final org.apache.logging.log4j.Logger
bdd,a,field_185564_a,,,,,field,public static final BlockStateDirection
bdd,b,field_185565_b,,,,,field,public static final BlockStateBoolean
bde,a,field_176463_b,MODE,,,,field,public static final BlockStateEnum<BlockPropertyComparatorMode>
bdf,a,field_200294_a,,,,,field,private final IBlockData
bdg,a,field_207796_a,,,,,field,protected static final VoxelShape
bdh,a,field_204403_a,,,,,field,private final Block
bdi,b,field_211887_b,,,,,field,private final Block
bdj,a,field_207800_a,,,,,field,protected static final VoxelShape
bdk,c,field_211886_c,,,,,field,private final Block
bdl$a,a,field_175128_a,,,,,field,private final World
bdl$a,b,field_175127_b,,,,,field,private final BlockPosition
bdm,b,field_176488_a,AGE,,,,field,public static final BlockStateInteger
bdm,a,field_196393_a,,,,,field,private static final VoxelShape[]
bdn,a,field_196409_a,NORTH,,,,field,public static final BlockStateBoolean
bdn,b,field_196411_b,EAST,,,,field,public static final BlockStateBoolean
bdn,c,field_196413_c,SOUTH,,,,field,public static final BlockStateBoolean
bdn,p,field_196414_y,WEST,,,,field,public static final BlockStateBoolean
bdn,q,field_204514_u,,,,,field,public static final BlockStateBoolean
bdn,r,field_196415_z,,,,,field,"protected static final Map<EnumDirection, BlockStateBoolean>"
bdn,s,field_196410_A,,,,,field,protected final VoxelShape[]
bdn,t,field_196412_B,,,,,field,protected final VoxelShape[]
bdo,a,field_176436_a,POWER,,,,field,public static final BlockStateInteger
bdo,b,field_196320_b,,,,,field,public static final BlockStateBoolean
bdo,c,field_196321_c,,,,,field,protected static final VoxelShape
bdp,a,field_196397_a,,,,,field,protected static final VoxelShape
bdq,c,field_176573_b,SHAPE,,,,field,public static final BlockStateEnum<BlockPropertyTrackPosition>
bdq,p,field_176574_M,POWERED,,,,field,public static final BlockStateBoolean
bdr,b,field_196347_b,,,,,field,protected static final VoxelShape
bdr,c,field_196348_c,,,,,field,public static final BlockStateBoolean
bds,a,field_176387_N,FACING,,,,field,public static final BlockStateDirection
bdt,a,field_176441_a,FACING,,,,field,public static final BlockStateDirection
bdt,b,field_176440_b,TRIGGERED,,,,field,public static final BlockStateBoolean
bdt,c,field_149943_a,REGISTRY,,,,field,"private static final RegistryDefault<Item, IDispenseBehavior>"
bdu,a,field_176520_a,FACING,,,,field,public static final BlockStateDirection
bdu,b,field_176519_b,OPEN,,,,field,public static final BlockStateBoolean
bdu,c,field_176521_M,HINGE,,,,field,public static final BlockStateEnum<BlockPropertyDoorHinge>
bdu,p,field_176522_N,POWERED,,,,field,public static final BlockStateBoolean
bdu,q,field_176523_O,HALF,,,,field,public static final BlockStateEnum<BlockPropertyDoubleBlockHalf>
bdu,r,field_185658_f,,,,,field,protected static final VoxelShape
bdu,s,field_185659_g,,,,,field,protected static final VoxelShape
bdu,t,field_185656_B,,,,,field,protected static final VoxelShape
bdu,u,field_185657_C,,,,,field,protected static final VoxelShape
bdv,a,field_176492_b,HALF,,,,field,public static final BlockStateEnum<BlockPropertyDoubleBlockHalf>
bdw,a,field_196444_a,,,,,field,protected static final VoxelShape
bdx,c,field_149947_P,,,,,field,private static final IDispenseBehavior
bdy,a,field_196322_a,,,,,field,protected static final VoxelShape
be$a,a,field_193491_a,,,,,field,private final AdvancementDataPlayer
be$a,b,field_193492_b,,,,,field,private final Set<CriterionTrigger$a<CriterionTriggerPlacedBlock$b>>
be$b,a,field_193211_a,,,,,field,private final Block
be$b,b,field_193212_b,,,,,field,"private final Map<IBlockState<?>, Object>"
be$b,c,field_193213_c,,,,,field,private final CriterionConditionLocation
be$b,d,field_193214_d,,,,,field,private final CriterionConditionItem
be,a,field_193174_a,,,,,field,private static final MinecraftKey
be,b,field_193175_b,,,,,field,"private final Map<AdvancementDataPlayer, CriterionTriggerPlacedBlock$a>"
bea,a,field_196323_a,,,,,field,protected static final VoxelShape
beb,a,field_176508_a,FACING,,,,field,public static final BlockStateDirection
beb,b,field_176507_b,EYE,,,,field,public static final BlockStateBoolean
beb,c,field_196428_c,,,,,field,protected static final VoxelShape
beb,p,field_196429_y,,,,,field,protected static final VoxelShape
beb,q,field_196430_z,,,,,field,protected static final VoxelShape
beb,r,field_185664_e,,,,,field,private static ShapeDetector
bec,b,field_185630_a,,,,,field,protected static final VoxelShape
bec,c,field_185631_b,,,,,field,protected static final VoxelShape
bec,p,field_185632_c,,,,,field,protected static final VoxelShape
bed,a,field_176437_a,FACING,,,,field,public static final BlockStateDirection
bed,b,field_204615_b,,,,,field,public static final BlockStateBoolean
bed,c,field_196324_b,,,,,field,protected static final VoxelShape
bef,D,field_196366_M,FACE,,,,field,public static final BlockStateEnum<BlockPropertyAttachPosition>
beg,b,field_149832_M,instaFall,,,,field,public static boolean
beh,a,field_176531_a,MOISTURE,,,,field,public static final BlockStateInteger
beh,b,field_196432_b,,,,,field,protected static final VoxelShape
bei,u,field_199609_B,,,,,field,private final VoxelShape[]
bej,a,field_176466_a,OPEN,,,,field,public static final BlockStateBoolean
bej,b,field_176465_b,POWERED,,,,field,public static final BlockStateBoolean
bej,c,field_176467_M,IN_WALL,,,,field,public static final BlockStateBoolean
bej,p,field_185541_d,,,,,field,protected static final VoxelShape
bej,q,field_185542_e,,,,,field,protected static final VoxelShape
bej,r,field_185543_f,,,,,field,protected static final VoxelShape
bej,s,field_185544_g,,,,,field,protected static final VoxelShape
bej,t,field_208068_x,,,,,field,protected static final VoxelShape
bej,u,field_185540_C,,,,,field,protected static final VoxelShape
bej,v,field_208069_z,,,,,field,protected static final VoxelShape
bej,w,field_185539_B,,,,,field,protected static final VoxelShape
bej,x,field_208066_B,,,,,field,protected static final VoxelShape
bej,y,field_208067_C,,,,,field,protected static final VoxelShape
bek,a,field_176543_a,AGE,,,,field,public static final BlockStateInteger
bek,b,field_176545_N,NORTH,,,,field,public static final BlockStateBoolean
bek,c,field_176546_O,EAST,,,,field,public static final BlockStateBoolean
bek,p,field_176541_P,SOUTH,,,,field,public static final BlockStateBoolean
bek,q,field_176539_Q,WEST,,,,field,public static final BlockStateBoolean
bek,r,field_176542_R,UPPER,,,,field,public static final BlockStateBoolean
bek,s,field_196449_B,,,,,field,"private static final Map<EnumDirection, BlockStateBoolean>"
bek,t,field_149849_a,flameChances,,,,field,private final it.unimi.dsi.fastutil.objects.Object2IntMap<Block>
bek,u,field_149848_b,,,,,field,private final it.unimi.dsi.fastutil.objects.Object2IntMap<Block>
bel,a,field_196398_a,,,,,field,protected static final VoxelShape
bem,b,field_196451_b,,,,,field,"private static final Map<Block, Block>"
bem,a,field_196450_a,,,,,field,protected static final VoxelShape
bem,c,field_196452_c,,,,,field,private final Block
ben,a,field_185682_a,,,,,field,public static final BlockStateInteger
beo,a,field_176447_a,FACING,,,,field,public static final BlockStateDirection
beo,b,field_196325_b,LIT,,,,field,public static final BlockStateBoolean
beu,a,field_196453_a,,,,,field,protected static final VoxelShape
bey,a,field_176430_a,FACING,,,,field,public static final BlockStateDirection
bey,b,field_176429_b,ENABLED,,,,field,public static final BlockStateBoolean
bey,c,field_196328_c,,,,,field,private static final VoxelShape
bey,p,field_196339_z,,,,,field,private static final VoxelShape
bey,q,field_199607_z,,,,,field,private static final VoxelShape
bey,r,field_196326_A,,,,,field,private static final VoxelShape
bey,s,field_196333_G,,,,,field,private static final VoxelShape
bey,t,field_196334_H,,,,,field,private static final VoxelShape
bey,u,field_196335_I,,,,,field,private static final VoxelShape
bey,v,field_196336_J,,,,,field,private static final VoxelShape
bey,w,field_196337_K,,,,,field,private static final VoxelShape
bey,x,field_199602_G,,,,,field,private static final VoxelShape
bey,y,field_199603_H,,,,,field,private static final VoxelShape
bey,z,field_199604_I,,,,,field,private static final VoxelShape
bey,A,field_199605_J,,,,,field,private static final VoxelShape
bey,B,field_199606_K,,,,,field,private static final VoxelShape
bez,E,field_185512_D,FACING,,,,field,public static final BlockStateDirection
bf$a,a,field_192523_a,,,,,field,private final AdvancementDataPlayer
bf$a,b,field_192524_b,,,,,field,private final Set<CriterionTrigger$a<CriterionTriggerPlayerHurtEntity$b>>
bf$b,a,field_192279_a,,,,,field,private final CriterionConditionDamage
bf$b,b,field_192280_b,,,,,field,private final CriterionConditionEntity
bf,a,field_192222_a,,,,,field,private static final MinecraftKey
bf,b,field_192223_b,,,,,field,"private final Map<AdvancementDataPlayer, CriterionTriggerPlayerHurtEntity$a>"
bfa,a,field_196459_a,,,,,field,public static final BlockStateBoolean
bfa,b,field_196461_b,,,,,field,public static final BlockStateBoolean
bfa,c,field_196463_c,,,,,field,public static final BlockStateBoolean
bfa,p,field_196464_y,,,,,field,public static final BlockStateBoolean
bfa,q,field_196465_z,,,,,field,public static final BlockStateBoolean
bfa,r,field_196460_A,,,,,field,public static final BlockStateBoolean
bfa,s,field_196462_B,,,,,field,"private static final Map<EnumDirection, BlockStateBoolean>"
bfa,t,field_176379_b,,,,,field,private final Block
bfc,a,field_196469_a,,,,,field,private final Block
bfc,b,field_196470_b,,,,,field,"private static final Map<Block, Block>"
bfe,a,field_176432_a,HAS_RECORD,,,,field,public static final BlockStateBoolean
bff,a,field_203163_a,,,,,field,public static final BlockStateInteger
bff,b,field_207797_b,,,,,field,protected static final VoxelShape
bfg,a,field_209904_a,,,,,field,final BlockKelp
bfh,a,field_176382_a,FACING,,,,field,public static final BlockStateDirection
bfh,b,field_204612_b,,,,,field,public static final BlockStateBoolean
bfh,c,field_185687_b,,,,,field,protected static final VoxelShape
bfh,p,field_185688_c,,,,,field,protected static final VoxelShape
bfh,q,field_185689_d,,,,,field,protected static final VoxelShape
bfh,r,field_185690_e,,,,,field,protected static final VoxelShape
bfi,a,field_208494_a,DISTANCE,,,,field,public static final BlockStateInteger
bfi,b,field_208495_b,PERSISTENT,,,,field,public static final BlockStateBoolean
bfi,c,field_196478_c,,,,,field,protected static boolean
bfk,a,field_176359_b,POWERED,,,,field,public static final BlockStateBoolean
bfk,b,field_185692_c,,,,,field,protected static final VoxelShape
bfk,c,field_185693_d,,,,,field,protected static final VoxelShape
bfk,p,field_185694_e,,,,,field,protected static final VoxelShape
bfk,q,field_185695_f,,,,,field,protected static final VoxelShape
bfk,r,field_209348_r,,,,,field,protected static final VoxelShape
bfk,s,field_209349_s,,,,,field,protected static final VoxelShape
bfk,t,field_209350_t,,,,,field,protected static final VoxelShape
bfk,u,field_209351_u,,,,,field,protected static final VoxelShape
bfl,a,field_176367_b,LEVEL,,,,field,public static final BlockStateInteger
bfl,b,field_204517_c,,,,,field,protected final FluidTypeFlowing
bfl,c,field_196481_b,,,,,field,"private final Map<IBlockData, VoxelShape>"
bfn,b,field_196504_b,,,,,field,private final MaterialMapColor
bfq,a,NONE,NONE,,,,enum,
bfq,b,LEFT_RIGHT,LEFT_RIGHT,,,,enum,
bfq,c,FRONT_BACK,FRONT_BACK,,,,enum,
bfr,a,field_196385_a,,,,,field,protected static final VoxelShape
bft$a,a,field_150867_a,,,,,field,private final GeneratorAccess
bft$a,b,field_150865_b,,,,,field,private final EnumDirection$EnumAxis
bft$a,c,field_150866_c,,,,,field,private final EnumDirection
bft$a,d,field_150863_d,,,,,field,private final EnumDirection
bft$a,e,field_150864_e,,,,,field,private int
bft$a,f,field_150861_f,position,,,,field,private BlockPosition
bft$a,g,field_150862_g,height,,,,field,private int
bft$a,h,field_150868_h,width,,,,field,private int
bft,a,field_176550_a,AXIS,,,,field,public static final BlockStateEnum<EnumDirection$EnumAxis>
bft,b,field_185683_b,,,,,field,protected static final VoxelShape
bft,c,field_185684_c,,,,,field,protected static final VoxelShape
bfu,a,field_176486_a,AGE,,,,field,public static final BlockStateInteger
bfu,b,field_196399_b,,,,,field,private static final VoxelShape[]
bfw,a,field_196483_a,INSTRUMENT,,,,field,public static final BlockStateEnum<BlockPropertyInstrument>
bfw,b,field_196484_b,POWERED,,,,field,public static final BlockStateBoolean
bfw,c,field_196485_c,NOTE,,,,field,public static final BlockStateInteger
bfx,b,field_190963_a,,,,,field,public static final BlockStateBoolean
bg$a,a,field_192529_a,,,,,field,private final AdvancementDataPlayer
bg$a,b,field_192530_b,,,,,field,private final Set<CriterionTrigger$a<CriterionTriggerRecipeUnlocked$b>>
bg$b,a,field_212243_a,,,,,field,private final MinecraftKey
bg,a,field_192227_a,,,,,field,private static final MinecraftKey
bg,b,field_192228_b,,,,,field,"private final Map<AdvancementDataPlayer, CriterionTriggerRecipeUnlocked$a>"
bga,u,field_196494_D,,,,,field,private static final EnumDirection[]
bga,a,field_196488_a,,,,,field,public static final BlockStateBoolean
bga,b,field_196490_b,,,,,field,public static final BlockStateBoolean
bga,c,field_196492_c,,,,,field,public static final BlockStateBoolean
bga,p,field_196495_y,,,,,field,public static final BlockStateBoolean
bga,q,field_196496_z,,,,,field,public static final BlockStateBoolean
bga,r,field_196489_A,,,,,field,public static final BlockStateBoolean
bga,s,field_196491_B,,,,,field,"public static final Map<EnumDirection, BlockStateBoolean>"
bga,t,field_196493_C,,,,,field,protected final VoxelShape[]
bgd,a,field_196396_a,,,,,field,private static final VoxelShape[]
bgf,c,field_176568_b,SHAPE,,,,field,public static final BlockStateEnum<BlockPropertyTrackPosition>
bgf,p,field_176569_M,POWERED,,,,field,public static final BlockStateBoolean
bgg$a,a,EVERYTHING,EVERYTHING,,,,enum,
bgg$a,b,MOBS,MOBS,,,,enum,
bgg,p,field_176580_a,POWERED,,,,field,public static final BlockStateBoolean
bgg,q,field_150069_a,,,,,field,private final BlockPressurePlateBinary$EnumMobType
bgi,c,field_176565_b,SHAPE,,,,field,public static final BlockStateEnum<BlockPropertyTrackPosition>
bgj,a,field_196920_a,,,,,field,private final World
bgj,b,field_196921_b,,,,,field,private final BlockPosition
bgj,c,field_196922_c,,,,,field,private final BlockMinecartTrackAbstract
bgj,d,field_196923_d,,,,,field,private IBlockData
bgj,e,field_208513_e,,,,,field,private final boolean
bgj,f,field_196924_e,,,,,field,private final List<BlockPosition>
bgk,a,field_196501_a,,,,,field,public static final BlockStateBoolean
bgl,a,field_176348_a,NORTH,,,,field,public static final BlockStateEnum<BlockPropertyRedstoneSide>
bgl,b,field_176347_b,EAST,,,,field,public static final BlockStateEnum<BlockPropertyRedstoneSide>
bgl,c,field_176349_M,SOUTH,,,,field,public static final BlockStateEnum<BlockPropertyRedstoneSide>
bgl,p,field_176350_N,WEST,,,,field,public static final BlockStateEnum<BlockPropertyRedstoneSide>
bgl,q,field_176351_O,POWER,,,,field,public static final BlockStateInteger
bgl,r,field_196498_A,,,,,field,"public static final Map<EnumDirection, BlockStateEnum<BlockPropertyRedstoneSide>>"
bgl,s,field_196499_B,,,,,field,protected static final VoxelShape[]
bgl,t,field_150181_a,,,,,field,private boolean
bgl,u,field_150179_b,,,,,field,private final Set<BlockPosition>
bgm,a,field_196502_a,,,,,field,public static final BlockStateBoolean
bgn$a,a,field_180111_a,,,,,field,private final BlockPosition
bgn$a,b,field_150844_d,,,,,field,private final long
bgn,a,field_196528_a,LIT,,,,field,public static final BlockStateBoolean
bgn,b,field_196529_b,,,,,field,"private static final Map<IBlockAccess, List<BlockRedstoneTorch$RedstoneUpdateInfo>>"
bgo,b,field_196530_b,,,,,field,public static final BlockStateDirection
bgo,c,field_196531_c,,,,,field,public static final BlockStateBoolean
bgp,a,INVISIBLE,INVISIBLE,,,,enum,
bgp,b,ENTITYBLOCK_ANIMATED,ENTITYBLOCK_ANIMATED,,,,enum,
bgp,c,MODEL,MODEL,,,,enum,
bgq,a,field_176411_a,LOCKED,,,,field,public static final BlockStateBoolean
bgq,p,field_176410_b,DELAY,,,,field,public static final BlockStateInteger
bgr,a,field_176298_M,AXIS,,,,field,public static final BlockStateEnum<EnumDirection$EnumAxis>
bgs,a,NONE,NONE,,,,enum,
bgs,b,CLOCKWISE_90,CLOCKWISE_90,,,,enum,
bgs,c,CLOCKWISE_180,CLOCKWISE_180,,,,enum,
bgs,d,COUNTERCLOCKWISE_90,COUNTERCLOCKWISE_90,,,,enum,
bgt,a,field_196445_a,,,,,field,private final int
bgu,a,field_176479_b,STAGE,,,,field,public static final BlockStateInteger
bgu,b,field_196386_b,,,,,field,protected static final VoxelShape
bgu,c,field_196387_c,,,,,field,private final WorldGenTreeProvider
bgw,a,field_204902_a,,,,,field,public static final BlockStateInteger
bgw,b,field_204903_b,,,,,field,public static final BlockStateBoolean
bgw,c,field_204904_c,,,,,field,protected static final VoxelShape
bgw,p,field_204905_t,,,,,field,protected static final VoxelShape
bgw,q,field_204906_u,,,,,field,protected static final VoxelShape
bgw,r,field_204907_v,,,,,field,protected static final VoxelShape
bgx,a,field_207798_a,,,,,field,protected static final VoxelShape
bgy,b,field_208063_b,,,,,field,public static final BlockStateEnum<BlockPropertyDoubleBlockHalf>
bgy,c,field_196392_b,,,,,field,private final Block
bgz,a,field_190957_a,,,,,field,public static final BlockStateEnum<EnumDirection>
bgz,b,field_190958_b,color,,,,field,private final EnumColor
bh$a,a,field_192535_a,,,,,field,private final AdvancementDataPlayer
bh$a,b,field_192536_b,,,,,field,private final Set<CriterionTrigger$a<CriterionTriggerSummonedEntity$b>>
bh$b,a,field_192284_a,,,,,field,private final CriterionConditionEntity
bh,a,field_192232_a,,,,,field,private static final MinecraftKey
bh,b,field_192233_b,,,,,field,"private final Map<AdvancementDataPlayer, CriterionTriggerSummonedEntity$a>"
bha,a,field_204613_a,,,,,field,public static final BlockStateBoolean
bha,b,field_196340_a,,,,,field,protected static final VoxelShape
bhb$b,a,SKELETON,SKELETON,,,,enum,
bhb$b,b,WITHER_SKELETON,WITHER_SKELETON,,,,enum,
bhb$b,c,PLAYER,PLAYER,,,,enum,
bhb$b,d,ZOMBIE,ZOMBIE,,,,enum,
bhb$b,e,CREEPER,CREEPER,,,,enum,
bhb$b,f,DRAGON,DRAGON,,,,enum,
bhb,a,field_196294_a,,,,,field,public static final BlockStateInteger
bhb,b,field_196295_b,,,,,field,protected static final VoxelShape
bhc,a,field_196505_a,,,,,field,public static final BlockStateEnum<BlockPropertySlabType>
bhc,b,field_204512_b,,,,,field,public static final BlockStateBoolean
bhc,c,field_196506_b,,,,,field,protected static final VoxelShape
bhc,p,field_196507_c,,,,,field,protected static final VoxelShape
bhf,a,field_176315_a,LAYERS,,,,field,public static final BlockStateInteger
bhf,b,field_196508_b,,,,,field,protected static final VoxelShape[]
bhg,a,field_196382_a,,,,,field,public static final BlockStateBoolean
bhh,a,field_196509_a,,,,,field,protected static final VoxelShape
bhi,a,field_185848_a,,,,,field,public static final SoundEffectType
bhi,b,field_185849_b,,,,,field,public static final SoundEffectType
bhi,c,field_185850_c,,,,,field,public static final SoundEffectType
bhi,d,field_185851_d,,,,,field,public static final SoundEffectType
bhi,e,field_185852_e,,,,,field,public static final SoundEffectType
bhi,f,field_185853_f,,,,,field,public static final SoundEffectType
bhi,g,field_185854_g,,,,,field,public static final SoundEffectType
bhi,h,field_185855_h,,,,,field,public static final SoundEffectType
bhi,i,field_185856_i,,,,,field,public static final SoundEffectType
bhi,j,field_185857_j,,,,,field,public static final SoundEffectType
bhi,k,field_185858_k,,,,,field,public static final SoundEffectType
bhi,l,field_185859_l,,,,,field,public static final SoundEffectType
bhi,m,field_211382_m,,,,,field,public static final SoundEffectType
bhi,n,field_211383_n,,,,,field,public static final SoundEffectType
bhi,o,field_185860_m,,,,,field,public final float
bhi,p,field_185861_n,,,,,field,public final float
bhi,q,field_185862_o,,,,,field,private final SoundEffect
bhi,r,field_185863_p,,,,,field,private final SoundEffect
bhi,s,field_185864_q,,,,,field,private final SoundEffect
bhi,t,field_185865_r,,,,,field,private final SoundEffect
bhi,u,field_185866_s,,,,,field,private final SoundEffect
bhm,a,field_196458_a,color,,,,field,private final EnumColor
bhn,u,field_196420_C,color,,,,field,private final EnumColor
bho,a,field_176309_a,FACING,,,,field,public static final BlockStateDirection
bho,b,field_176308_b,HALF,,,,field,public static final BlockStateEnum<BlockPropertyHalf>
bho,c,field_176310_M,SHAPE,,,,field,public static final BlockStateEnum<BlockPropertyStairsShape>
bho,p,field_204513_t,,,,,field,public static final BlockStateBoolean
bho,q,field_185712_d,,,,,field,protected static final VoxelShape
bho,r,field_185719_G,,,,,field,protected static final VoxelShape
bho,s,field_196512_A,,,,,field,protected static final VoxelShape
bho,t,field_196513_B,,,,,field,protected static final VoxelShape
bho,u,field_196514_C,,,,,field,protected static final VoxelShape
bho,v,field_196515_D,,,,,field,protected static final VoxelShape
bho,w,field_196516_E,,,,,field,protected static final VoxelShape
bho,x,field_196517_F,,,,,field,protected static final VoxelShape
bho,y,field_196518_G,,,,,field,protected static final VoxelShape
bho,z,field_196519_H,,,,,field,protected static final VoxelShape
bho,A,field_196520_I,,,,,field,protected static final VoxelShape[]
bho,B,field_196521_J,,,,,field,protected static final VoxelShape[]
bho,C,field_196522_K,,,,,field,private static final int[]
bho,D,field_150149_b,,,,,field,private final Block
bho,E,field_150151_M,,,,,field,private final IBlockData
bhp,c,field_176413_a,ROTATION,,,,field,public static final BlockStateInteger
bhq,a,field_176484_a,AGE,,,,field,public static final BlockStateInteger
bhq,b,field_196388_b,,,,,field,protected static final VoxelShape[]
bhq,c,field_149877_a,blockFruit,,,,field,private final BlockStemmed
bhu,a,field_185587_a,,,,,field,public static final BlockStateEnum<BlockPropertyStructureMode>
bhv,a,field_196525_a,,,,,field,private static final VoxelShape
bhw,a,field_176355_a,AGE,,,,field,public static final BlockStateInteger
bhw,b,field_196503_b,,,,,field,protected static final VoxelShape
bhy,a,field_196389_a,,,,,field,protected static final VoxelShape
bhz,c,field_208065_c,,,,,field,public static final BlockStateEnum<BlockPropertyDoubleBlockHalf>
bhz,p,field_207799_b,,,,,field,protected static final VoxelShape
bi$a,a,field_193498_a,,,,,field,private final AdvancementDataPlayer
bi$a,b,field_193499_b,,,,,field,private final Set<CriterionTrigger$a<CriterionTriggerTamedAnimal$b>>
bi$b,a,field_193217_a,,,,,field,private final CriterionConditionEntity
bi,a,field_193179_a,,,,,field,private static final MinecraftKey
bi,b,field_193180_b,,,,,field,"private final Map<AdvancementDataPlayer, CriterionTriggerTamedAnimal$a>"
bib,p,field_196526_y,,,,,field,protected static final VoxelShape
bic,a,field_176283_b,OPEN,,,,field,public static final BlockStateBoolean
bic,b,field_176285_M,HALF,,,,field,public static final BlockStateEnum<BlockPropertyHalf>
bic,c,field_196381_c,,,,,field,public static final BlockStateBoolean
bic,p,field_204614_t,,,,,field,public static final BlockStateBoolean
bic,q,field_185734_d,,,,,field,protected static final VoxelShape
bic,r,field_185735_e,,,,,field,protected static final VoxelShape
bic,s,field_185736_f,,,,,field,protected static final VoxelShape
bic,t,field_185737_g,,,,,field,protected static final VoxelShape
bic,u,field_185732_B,,,,,field,protected static final VoxelShape
bic,v,field_185733_C,,,,,field,protected static final VoxelShape
bie,a,field_176293_a,POWERED,,,,field,public static final BlockStateBoolean
bie,b,field_176294_M,ATTACHED,,,,field,public static final BlockStateBoolean
bie,c,field_176295_N,DISARMED,,,,field,public static final BlockStateBoolean
bie,p,field_176296_O,NORTH,,,,field,public static final BlockStateBoolean
bie,q,field_176291_P,EAST,,,,field,public static final BlockStateBoolean
bie,r,field_176289_Q,SOUTH,,,,field,public static final BlockStateBoolean
bie,s,field_176292_R,WEST,,,,field,public static final BlockStateBoolean
bie,v,field_196537_E,,,,,field,"private static final Map<EnumDirection, BlockStateBoolean>"
bie,t,field_185747_B,,,,,field,protected static final VoxelShape
bie,u,field_185748_C,,,,,field,protected static final VoxelShape
bie,w,field_196538_F,,,,,field,private final BlockTripwireHook
bif,a,field_176264_a,FACING,,,,field,public static final BlockStateDirection
bif,b,field_176263_b,POWERED,,,,field,public static final BlockStateBoolean
bif,c,field_176265_M,ATTACHED,,,,field,public static final BlockStateBoolean
bif,p,field_185743_d,,,,,field,protected static final VoxelShape
bif,q,field_185744_e,,,,,field,protected static final VoxelShape
bif,r,field_185745_f,,,,,field,protected static final VoxelShape
bif,s,field_185746_g,,,,,field,protected static final VoxelShape
big,c,field_203172_c,,,,,field,private static final VoxelShape
big,p,field_206843_t,,,,,field,private static final VoxelShape
big,a,field_203170_a,,,,,field,public static final BlockStateInteger
big,b,field_203171_b,,,,,field,public static final BlockStateInteger
bih,a,field_176277_a,UP,,,,field,public static final BlockStateBoolean
bih,b,field_176273_b,NORTH,,,,field,public static final BlockStateBoolean
bih,c,field_176278_M,EAST,,,,field,public static final BlockStateBoolean
bih,p,field_176279_N,SOUTH,,,,field,public static final BlockStateBoolean
bih,q,field_176280_O,WEST,,,,field,public static final BlockStateBoolean
bih,r,field_196546_A,,,,,field,"public static final Map<EnumDirection, BlockStateBoolean>"
bih,s,field_185757_g,,,,,field,protected static final VoxelShape
bih,t,field_185753_B,,,,,field,protected static final VoxelShape
bih,u,field_185754_C,,,,,field,protected static final VoxelShape
bih,v,field_185755_D,,,,,field,protected static final VoxelShape
bih,w,field_185756_E,,,,,field,protected static final VoxelShape
bii,a,field_196290_a,,,,,field,public static final BlockStateDirection
bii,b,field_196291_b,,,,,field,"private static final Map<EnumDirection, VoxelShape>"
bij,u,field_176256_a,UP,,,,field,public static final BlockStateBoolean
bij,v,field_196422_D,,,,,field,private final VoxelShape[]
bij,w,field_196423_E,,,,,field,private final VoxelShape[]
bik,c,field_176412_a,FACING,,,,field,public static final BlockStateDirection
bik,p,field_196341_B,,,,,field,"private static final Map<EnumDirection, VoxelShape>"
bil,a,field_196302_a,,,,,field,public static final BlockStateDirection
bil,b,field_196303_A,,,,,field,"private static final Map<EnumDirection, VoxelShape>"
bim,a,field_196532_a,,,,,field,public static final BlockStateDirection
bim,b,field_196533_b,,,,,field,"private static final Map<EnumDirection, VoxelShape>"
bin,a,field_185523_a,,,,,field,protected static final VoxelShape
bip,p,field_176579_a,POWER,,,,field,public static final BlockStateInteger
bip,q,field_150068_a,weight,,,,field,private final int
bir,c,field_196300_c,,,,,field,private static ShapeDetector
bir,p,field_196301_y,,,,,field,private static ShapeDetector
biu,a,field_196548_a,,,,,field,protected static final VoxelShape
biu,b,field_196549_b,color,,,,field,private final EnumColor
biv,a,field_190617_a,,,,,field,private IChatBaseComponent
biv,e,field_175120_a,color,,,,field,private EnumColor
biv,f,field_175118_f,patterns,,,,field,private NBTTagList
biv,g,field_175119_g,,,,,field,private boolean
biv,h,field_175122_h,,,,,field,private List<EnumBannerPatternType>
biv,i,field_175123_i,,,,,field,private List<EnumColor>
biv,j,field_175121_j,,,,,field,private String
biw,a,BASE,BASE,,,,enum,
biw,b,SQUARE_BOTTOM_LEFT,SQUARE_BOTTOM_LEFT,,,,enum,
biw,c,SQUARE_BOTTOM_RIGHT,SQUARE_BOTTOM_RIGHT,,,,enum,
biw,d,SQUARE_TOP_LEFT,SQUARE_TOP_LEFT,,,,enum,
biw,e,SQUARE_TOP_RIGHT,SQUARE_TOP_RIGHT,,,,enum,
biw,f,STRIPE_BOTTOM,STRIPE_BOTTOM,,,,enum,
biw,g,STRIPE_TOP,STRIPE_TOP,,,,enum,
biw,h,STRIPE_LEFT,STRIPE_LEFT,,,,enum,
biw,i,STRIPE_RIGHT,STRIPE_RIGHT,,,,enum,
biw,j,STRIPE_CENTER,STRIPE_CENTER,,,,enum,
biw,k,STRIPE_MIDDLE,STRIPE_MIDDLE,,,,enum,
biw,l,STRIPE_DOWNRIGHT,STRIPE_DOWNRIGHT,,,,enum,
biw,m,STRIPE_DOWNLEFT,STRIPE_DOWNLEFT,,,,enum,
biw,n,STRIPE_SMALL,STRIPE_SMALL,,,,enum,
biw,o,CROSS,CROSS,,,,enum,
biw,p,STRAIGHT_CROSS,STRAIGHT_CROSS,,,,enum,
biw,q,TRIANGLE_BOTTOM,TRIANGLE_BOTTOM,,,,enum,
biw,r,TRIANGLE_TOP,TRIANGLE_TOP,,,,enum,
biw,s,TRIANGLES_BOTTOM,TRIANGLES_BOTTOM,,,,enum,
biw,t,TRIANGLES_TOP,TRIANGLES_TOP,,,,enum,
biw,u,DIAGONAL_LEFT,DIAGONAL_LEFT,,,,enum,
biw,v,DIAGONAL_RIGHT,DIAGONAL_RIGHT,,,,enum,
biw,w,DIAGONAL_LEFT_MIRROR,DIAGONAL_LEFT_MIRROR,,,,enum,
biw,x,DIAGONAL_RIGHT_MIRROR,DIAGONAL_RIGHT_MIRROR,,,,enum,
biw,y,CIRCLE_MIDDLE,CIRCLE_MIDDLE,,,,enum,
biw,z,RHOMBUS_MIDDLE,RHOMBUS_MIDDLE,,,,enum,
biw,A,HALF_VERTICAL,HALF_VERTICAL,,,,enum,
biw,B,HALF_HORIZONTAL,HALF_HORIZONTAL,,,,enum,
biw,C,HALF_VERTICAL_MIRROR,HALF_VERTICAL_MIRROR,,,,enum,
biw,D,HALF_HORIZONTAL_MIRROR,HALF_HORIZONTAL_MIRROR,,,,enum,
biw,E,BORDER,BORDER,,,,enum,
biw,F,CURLY_BORDER,CURLY_BORDER,,,,enum,
biw,G,CREEPER,CREEPER,,,,enum,
biw,H,GRADIENT,GRADIENT,,,,enum,
biw,I,GRADIENT_UP,GRADIENT_UP,,,,enum,
biw,J,BRICKS,BRICKS,,,,enum,
biw,K,SKULL,SKULL,,,,enum,
biw,L,FLOWER,FLOWER,,,,enum,
biw,M,MOJANG,MOJANG,,,,enum,
biw,N,field_191014_N,,,,,field,private final String
biw,O,field_191015_O,,,,,field,private final String
biw,P,field_191016_P,,,,,field,private final String[]
biw,Q,field_191017_Q,,,,,field,private ItemStack
bix$a,a,field_177266_a,,,,,field,private final float[]
bix$a,b,field_177265_b,,,,,field,private int
bix,a,field_146009_a,,,,,field,public static final MobEffectList[][]
bix,e,field_184280_f,,,,,field,private static final Set<MobEffectList>
bix,f,field_174909_f,,,,,field,private final List<TileEntityBeacon$BeaconColorTracker>
bix,i,field_146015_k,,,,,field,private boolean
bix,j,field_205737_j,,,,,field,private boolean
bix,k,field_146012_l,levels,,,,field,private int
bix,l,field_146013_m,primaryEffect,,,,field,private MobEffectList
bix,m,field_146010_n,secondaryEffect,,,,field,private MobEffectList
bix,n,field_146011_o,inventorySlot,,,,field,private ItemStack
bix,o,field_146008_p,,,,,field,private IChatBaseComponent
bix,g,field_146016_i,,,,,field,private long
bix,h,field_146014_j,,,,,field,private float
biy,a,field_193053_a,color,,,,field,private EnumColor
biz,a,field_145852_a,,,,,field,private static final org.apache.logging.log4j.Logger
biz,e,field_200663_e,,,,,field,private final TileEntityTypes<?>
biz,c_,field_145850_b,world,,,,field,protected World
biz,d_,field_174879_c,position,,,,field,protected BlockPosition
biz,d,field_145846_f,,,,,field,protected boolean
biz,f,field_195045_e,,,,,field,private IBlockData
bj$a,a,field_193504_a,,,,,field,private final AdvancementDataPlayer
bj$a,b,field_193505_b,,,,,field,private final Set<CriterionTrigger$a<CriterionTriggerTick$b>>
bj,a,field_193183_a,,,,,field,public static final MinecraftKey
bj,b,field_193184_b,,,,,field,"private final Map<AdvancementDataPlayer, CriterionTriggerTick$a>"
bja$a,a,field_200965_a,,,,,field,private final Supplier<? extends T>
bja,A,field_206866_A,,,,,field,private static final org.apache.logging.log4j.Logger
bja,a,field_200970_a,,,,,field,"public static final RegistryMaterials<MinecraftKey, TileEntityTypes<?>>"
bja,b,field_200971_b,,,,,field,public static final TileEntityTypes<TileEntityFurnace>
bja,c,field_200972_c,,,,,field,public static final TileEntityTypes<TileEntityChest>
bja,d,field_200973_d,,,,,field,public static final TileEntityTypes<TileEntityChestTrapped>
bja,e,field_200974_e,,,,,field,public static final TileEntityTypes<TileEntityEnderChest>
bja,f,field_200975_f,,,,,field,public static final TileEntityTypes<TileEntityJukeBox>
bja,g,field_200976_g,,,,,field,public static final TileEntityTypes<TileEntityDispenser>
bja,h,field_200977_h,,,,,field,public static final TileEntityTypes<TileEntityDropper>
bja,i,field_200978_i,,,,,field,public static final TileEntityTypes<TileEntitySign>
bja,j,field_200979_j,,,,,field,public static final TileEntityTypes<TileEntityMobSpawner>
bja,k,field_200980_k,,,,,field,public static final TileEntityTypes<TileEntityPiston>
bja,l,field_200981_l,,,,,field,public static final TileEntityTypes<TileEntityBrewingStand>
bja,m,field_200982_m,,,,,field,public static final TileEntityTypes<TileEntityEnchantTable>
bja,n,field_200983_n,,,,,field,public static final TileEntityTypes<TileEntityEnderPortal>
bja,o,field_200984_o,,,,,field,public static final TileEntityTypes<TileEntityBeacon>
bja,p,field_200985_p,,,,,field,public static final TileEntityTypes<TileEntitySkull>
bja,q,field_200986_q,,,,,field,public static final TileEntityTypes<TileEntityLightDetector>
bja,r,field_200987_r,,,,,field,public static final TileEntityTypes<TileEntityHopper>
bja,s,field_200988_s,,,,,field,public static final TileEntityTypes<TileEntityComparator>
bja,t,field_200989_t,,,,,field,public static final TileEntityTypes<TileEntityBanner>
bja,u,field_200990_u,,,,,field,public static final TileEntityTypes<TileEntityStructure>
bja,v,field_200991_v,,,,,field,public static final TileEntityTypes<TileEntityEndGateway>
bja,w,field_200992_w,,,,,field,public static final TileEntityTypes<TileEntityCommand>
bja,x,field_200993_x,,,,,field,public static final TileEntityTypes<TileEntityShulkerBox>
bja,y,field_200994_y,,,,,field,public static final TileEntityTypes<TileEntityBed>
bja,z,field_205166_z,CONDUIT,,,,field,public static final TileEntityTypes<TileEntityConduit>
bja,B,field_200995_z,,,,,field,private final Supplier<? extends T>
bja,C,field_206867_C,,,,,field,private final com.mojang.datafixers.types.Type<?>
bjb,a,field_145941_a,,,,,field,private static final int[]
bjb,e,field_184277_f,,,,,field,private static final int[]
bjb,f,field_145947_i,,,,,field,private static final int[]
bjb,g,field_145945_j,items,,,,field,private NonNullList<ItemStack>
bjb,h,field_145946_k,brewTime,,,,field,private int
bjb,i,field_145943_l,,,,,field,private boolean[]
bjb,j,field_145944_m,,,,,field,private Item
bjb,k,field_145942_n,,,,,field,private IChatBaseComponent
bjb,l,field_184278_m,fuelLevel,,,,field,private int
bjc,j,field_145985_p,items,,,,field,private NonNullList<ItemStack>
bjc,a,field_145989_m,,,,,field,protected float
bjc,e,field_145986_n,,,,,field,protected float
bjc,f,field_145987_o,,,,,field,protected int
bjc,k,field_145983_q,,,,,field,private int
bjd$a,a,SEQUENCE,SEQUENCE,,,,enum,
bjd$a,b,AUTO,AUTO,,,,enum,
bjd$a,c,REDSTONE,REDSTONE,,,,enum,
bjd,a,field_184259_a,,,,,field,private boolean
bjd,e,field_184260_f,,,,,field,private boolean
bjd,f,field_184261_g,,,,,field,private boolean
bjd,g,field_184262_h,,,,,field,private boolean
bjd,h,field_145994_a,,,,,field,private final CommandBlockListenerAbstract
bje,a,field_145997_a,,,,,field,private int
bjf,e,field_205042_e,,,,,field,private static final Block[]
bjf,a,field_205041_a,,,,,field,public int
bjf,f,field_205043_f,,,,,field,private float
bjf,g,field_205045_h,,,,,field,private boolean
bjf,h,field_207738_h,,,,,field,private boolean
bjf,i,field_205046_i,,,,,field,private final List<BlockPosition>
bjf,j,field_205047_j,,,,,field,private EntityLiving
bjf,k,field_205048_k,,,,,field,private UUID
bjf,l,field_205740_k,,,,,field,private long
bjh,a,field_174913_f,,,,,field,private static final Random
bjh,e,field_146022_i,items,,,,field,private NonNullList<ItemStack>
bjj,a,field_195522_a,,,,,field,public int
bjj,e,field_195523_f,,,,,field,public float
bjj,f,field_195524_g,,,,,field,public float
bjj,g,field_195525_h,,,,,field,public float
bjj,h,field_195526_i,,,,,field,public float
bjj,i,field_195527_j,,,,,field,public float
bjj,j,field_195528_k,,,,,field,public float
bjj,k,field_195529_l,,,,,field,public float
bjj,l,field_195530_m,,,,,field,public float
bjj,m,field_195531_n,,,,,field,public float
bjj,n,field_195532_o,,,,,field,private static final Random
bjj,o,field_195521_p,,,,,field,private IChatBaseComponent
bjk,a,field_145972_a,,,,,field,public float
bjk,e,field_145975_i,,,,,field,public float
bjk,f,field_145973_j,,,,,field,public int
bjk,g,field_145974_k,,,,,field,private int
bjl,a,field_145962_k,,,,,field,private static final int[]
bjl,e,field_145959_l,,,,,field,private static final int[]
bjl,f,field_145960_m,,,,,field,private static final int[]
bjl,g,field_145957_n,items,,,,field,private NonNullList<ItemStack>
bjl,h,field_145956_a,burnTime,,,,field,private int
bjl,i,field_145963_i,ticksForCurrentFuel,,,,field,private int
bjl,j,field_174906_k,cookTime,,,,field,private int
bjl,k,field_174905_l,cookTimeTotal,,,,field,private int
bjl,l,field_145958_o,,,,,field,private IChatBaseComponent
bjl,m,field_203901_m,,,,,field,"private final Map<MinecraftKey, Integer>"
bjm,a,field_200101_a,,,,,field,VoxelShape
bjm,b,field_200102_b,,,,,field,VoxelShape
bjm,c,field_200103_c,,,,,field,VoxelShape
bjn,e,field_145900_a,items,,,,field,private NonNullList<ItemStack>
bjn,f,field_145901_j,,,,,field,private int
bjn,j,field_190578_g,,,,,field,private long
bjo,a,field_195538_a,,,,,field,private ItemStack
bjq,a,field_174901_a,,,,,field,private ChestLock
bjr,g,field_184284_m,,,,,field,protected MinecraftKey
bjr,h,field_184285_n,,,,,field,protected long
bjr,i,field_190577_o,,,,,field,protected IChatBaseComponent
bjs$a,a,CLOSED,CLOSED,,,,enum,
bjs$a,b,OPENING,OPENING,,,,enum,
bjs$a,c,OPENED,OPENED,,,,enum,
bjs$a,d,CLOSING,CLOSING,,,,enum,
bjs,a,field_190595_a,,,,,field,private static final int[]
bjs,e,field_190596_f,,,,,field,private NonNullList<ItemStack>
bjs,f,field_190597_g,,,,,field,private boolean
bjs,j,field_190598_h,,,,,field,private int
bjs,k,field_190599_i,,,,,field,private TileEntityShulkerBox$AnimationPhase
bjs,l,field_190600_j,,,,,field,private float
bjs,m,field_190601_k,,,,,field,private float
bjs,n,field_190602_l,,,,,field,private EnumColor
bjs,o,field_204400_o,,,,,field,private boolean
bjs,p,field_190594_p,,,,,field,private boolean
bjt,a,field_145915_a,lines,,,,field,public final IChatBaseComponent[]
bjt,e,field_145918_i,,,,,field,public int
bjt,f,field_145916_j,isEditable,,,,field,private boolean
bjt,g,field_145917_k,,,,,field,private EntityHuman
bju,a,field_152110_j,,,,,field,private com.mojang.authlib.GameProfile
bju,e,field_184296_h,,,,,field,private int
bju,f,field_184297_i,,,,,field,private boolean
bju,g,field_195488_h,drop,,,,field,private boolean
bju,h,field_184298_j,,,,,field,private static UserCache
bju,i,field_184299_k,,,,,field,private static com.mojang.authlib.minecraft.MinecraftSessionService
bjv,a,field_145882_a,,,,,field,private final MobSpawnerAbstract
bjw$a,a,UPDATE_DATA,UPDATE_DATA,,,,enum,
bjw$a,b,SAVE_AREA,SAVE_AREA,,,,enum,
bjw$a,c,LOAD_AREA,LOAD_AREA,,,,enum,
bjw$a,d,SCAN_AREA,SCAN_AREA,,,,enum,
bjw,a,field_184420_a,structureName,,,,field,private MinecraftKey
bjw,e,field_184421_f,author,,,,field,private String
bjw,f,field_184422_g,metadata,,,,field,private String
bjw,g,field_184423_h,relativePosition,,,,field,private BlockPosition
bjw,h,field_184424_i,size,,,,field,private BlockPosition
bjw,i,field_184425_j,mirror,,,,field,private EnumBlockMirror
bjw,j,field_184426_k,rotation,,,,field,private EnumBlockRotation
bjw,k,field_184427_l,usageMode,,,,field,private BlockPropertyStructureMode
bjw,l,field_184428_m,ignoreEntities,,,,field,private boolean
bjw,m,field_189727_n,powered,,,,field,private boolean
bjw,n,field_189728_o,showAir,,,,field,private boolean
bjw,o,field_189729_p,showBoundingBox,,,,field,private boolean
bjw,p,field_189730_q,integrity,,,,field,private float
bjw,q,field_189731_r,seed,,,,field,private long
bjx,a,field_195503_a,,,,,field,private static final org.apache.logging.log4j.Logger
bjx,e,field_195504_f,,,,,field,private long
bjx,f,field_195505_g,,,,,field,private int
bjx,g,field_195506_h,exitPortal,,,,field,private BlockPosition
bjx,h,field_195507_i,exactTeleport,,,,field,private boolean
bk$a,a,field_192541_a,,,,,field,private final AdvancementDataPlayer
bk$a,b,field_192542_b,,,,,field,private final Set<CriterionTrigger$a<CriterionTriggerVillagerTrade$b>>
bk$b,a,field_192286_a,,,,,field,private final CriterionConditionEntity
bk$b,b,field_192287_b,,,,,field,private final CriterionConditionItem
bk,a,field_192237_a,,,,,field,private static final MinecraftKey
bk,b,field_192238_b,,,,,field,"private final Map<AdvancementDataPlayer, CriterionTriggerVillagerTrade$a>"
bkl,a,field_196344_a,,,,,field,public static final BlockStateDirection
bkl,b,field_196345_b,,,,,field,public static final BlockStateEnum<BlockPropertyPistonType>
bkm,b,field_176320_b,EXTENDED,,,,field,public static final BlockStateBoolean
bkm,c,field_185648_b,,,,,field,protected static final VoxelShape
bkm,p,field_185649_c,,,,,field,protected static final VoxelShape
bkm,q,field_185650_d,,,,,field,protected static final VoxelShape
bkm,r,field_185651_e,,,,,field,protected static final VoxelShape
bkm,s,field_185652_f,,,,,field,protected static final VoxelShape
bkm,t,field_185653_g,,,,,field,protected static final VoxelShape
bkm,u,field_150082_a,sticky,,,,field,private final boolean
bkn,b,field_176325_b,TYPE,,,,field,public static final BlockStateEnum<BlockPropertyPistonType>
bkn,c,field_176327_M,SHORT,,,,field,public static final BlockStateBoolean
bkn,p,field_185635_c,,,,,field,protected static final VoxelShape
bkn,q,field_185637_d,,,,,field,protected static final VoxelShape
bkn,r,field_185639_e,,,,,field,protected static final VoxelShape
bkn,s,field_185641_f,,,,,field,protected static final VoxelShape
bkn,t,field_185643_g,,,,,field,protected static final VoxelShape
bkn,u,field_185634_B,,,,,field,protected static final VoxelShape
bkn,v,field_185636_C,,,,,field,protected static final VoxelShape
bkn,w,field_185638_D,,,,,field,protected static final VoxelShape
bkn,x,field_185640_E,,,,,field,protected static final VoxelShape
bkn,y,field_185642_F,,,,,field,protected static final VoxelShape
bkn,z,field_185644_G,,,,,field,protected static final VoxelShape
bkn,A,field_185645_I,,,,,field,protected static final VoxelShape
bkn,B,field_190964_J,,,,,field,protected static final VoxelShape
bkn,C,field_190965_K,,,,,field,protected static final VoxelShape
bkn,D,field_190966_L,,,,,field,protected static final VoxelShape
bkn,E,field_190967_M,,,,,field,protected static final VoxelShape
bkn,F,field_190968_N,,,,,field,protected static final VoxelShape
bkn,G,field_190969_O,,,,,field,protected static final VoxelShape
bko,a,field_200231_a,,,,,field,private IBlockData
bko,e,field_174931_f,,,,,field,private EnumDirection
bko,f,field_145875_k,,,,,field,private boolean
bko,g,field_145872_l,,,,,field,private boolean
bko,h,field_190613_i,,,,,field,private static final ThreadLocal<EnumDirection>
bko,i,field_145873_m,,,,,field,private float
bko,j,field_145870_n,,,,,field,private float
bko,k,field_211147_k,,,,,field,private long
bkp,a,field_177261_a,,,,,field,private final World
bkp,b,field_177259_b,,,,,field,private final BlockPosition
bkp,c,field_211724_c,,,,,field,private final boolean
bkp,d,field_177260_c,,,,,field,private final BlockPosition
bkp,e,field_177257_d,,,,,field,private final EnumDirection
bkp,f,field_177258_e,,,,,field,private final List<BlockPosition>
bkp,g,field_177256_f,,,,,field,private final List<BlockPosition>
bkp,h,field_211906_h,,,,,field,private final EnumDirection
bkr,b,field_177233_b,,,,,field,"private static final Function<Map$Entry<IBlockState<?>, Comparable<?>>, String>"
bkr,e_,field_206876_a,,,,,field,protected final O
bkr,c,field_206877_c,,,,,field,"private final com.google.common.collect.ImmutableMap<IBlockState<?>, Comparable<?>>"
bkr,d,field_206878_d,,,,,field,private final int
bkr,e,field_206879_e,,,,,field,"private com.google.common.collect.Table<IBlockState<?>, Comparable<?>, S>"
bks,a,SOLID,SOLID,,,,enum,
bks,b,BOWL,BOWL,,,,enum,
bks,c,CENTER_SMALL,CENTER_SMALL,,,,enum,
bks,d,MIDDLE_POLE_THIN,MIDDLE_POLE_THIN,,,,enum,
bks,e,CENTER,CENTER,,,,enum,
bks,f,MIDDLE_POLE,MIDDLE_POLE,,,,enum,
bks,g,CENTER_BIG,CENTER_BIG,,,,enum,
bks,h,MIDDLE_POLE_THICK,MIDDLE_POLE_THICK,,,,enum,
bks,i,UNDEFINED,UNDEFINED,,,,enum,
bkt,a,field_208776_a,,,,,field,ThreadLocal<it.unimi.dsi.fastutil.objects.Object2ByteMap<IBlockData>>
bkt,b,field_208777_b,,,,,field,ThreadLocal<it.unimi.dsi.fastutil.objects.Object2ByteMap<IBlockData>>
bkt,c,field_209224_c,,,,,field,ThreadLocal<it.unimi.dsi.fastutil.objects.Object2ByteMap<IBlockData>>
bkv$a,a,field_206895_a,,,,,field,private final O
bkv$a,b,field_206896_b,,,,,field,"private final Map<String, IBlockState<?>>"
bkv,a,field_185921_a,,,,,field,private static final Pattern
bkv,b,field_177627_c,,,,,field,private final O
bkv,c,field_177624_d,,,,,field,"private final com.google.common.collect.ImmutableSortedMap<String, IBlockState<?>>"
bkv,d,field_177625_e,,,,,field,private final com.google.common.collect.ImmutableList<S>
bky,a,field_177515_a,,,,,field,private final IWorldReader
bky,b,field_177513_b,,,,,field,private final BlockPosition
bky,c,field_181628_c,,,,,field,private final boolean
bky,d,field_177514_c,,,,,field,private IBlockData
bky,e,field_177511_d,,,,,field,private TileEntity
bky,f,field_177512_e,,,,,field,private boolean
bkz$a,a,field_177680_a,,,,,field,private final IWorldReader
bkz$a,b,field_181626_b,,,,,field,private final boolean
bkz$b,a,field_177674_a,,,,,field,private final BlockPosition
bkz$b,b,field_177672_b,,,,,field,private final EnumDirection
bkz$b,c,field_177673_c,,,,,field,private final EnumDirection
bkz$b,d,field_177671_d,,,,,field,"private final com.google.common.cache.LoadingCache<BlockPosition, ShapeDetectorBlock>"
bkz$b,e,field_181120_e,,,,,field,private final int
bkz$b,f,field_181121_f,,,,,field,private final int
bkz$b,g,field_181122_g,,,,,field,private final int
bkz,a,field_177689_a,,,,,field,private final Predicate<ShapeDetectorBlock>[][][]
bkz,b,field_177687_b,,,,,field,private final int
bkz,c,field_177688_c,,,,,field,private final int
bkz,d,field_177686_d,,,,,field,private final int
bl$a,a,field_192547_a,,,,,field,private final AdvancementDataPlayer
bl$a,b,field_192548_b,,,,,field,private final Set<CriterionTrigger$a<CriterionTriggerUsedEnderEye$b>>
bl$b,a,field_192289_a,,,,,field,private final CriterionConditionValue$c
bl,a,field_192242_a,,,,,field,private static final MinecraftKey
bl,b,field_192243_b,,,,,field,"private final Map<AdvancementDataPlayer, CriterionTriggerUsedEnderEye$a>"
bla,a,field_177667_a,,,,,field,private static final com.google.common.base.Joiner
bla,b,field_177665_b,,,,,field,private final List<String[]>
bla,c,field_177666_c,,,,,field,"private final Map<Character, Predicate<ShapeDetectorBlock>>"
bla,d,field_177663_d,,,,,field,private int
bla,e,field_177664_e,,,,,field,private int
blc,a,field_202082_a,,,,,field,private final Block
ble,a,field_196961_a,,,,,field,private static final MaterialPredicate
ble,b,field_189887_a,,,,,field,private final Material
blf,a,field_177644_a,,,,,field,private final Block
blg,a,field_185928_a,,,,,field,public static final Predicate<IBlockData>
blg,b,field_177641_a,,,,,field,"private final BlockStateList<Block, IBlockData>"
blg,c,field_177640_b,,,,,field,"private final Map<IBlockState<?>, Predicate<Object>>"
blh$b,a,field_202075_a,,,,,field,private final PredicateBlock<T>
blh$c,a,field_202076_a,,,,,field,private final List<? extends PredicateBlock<? super T>>
bli,a,field_202074_a,,,,,field,private static final PredicateBlockLightTransmission
blj,a,field_206903_a,,,,,field,private static final PredicateBlockLiquid
blk,a,field_209403_a,,,,,field,private static final PredicateBlockNotSolidOrLiquid
bll,a,field_202080_a,,,,,field,private static final PredicateBlockSolid
blm,a,field_206905_a,,,,,field,private final Tag<Block>
blo,a,field_177704_a,,,,,field,private final Class<T>
blo,b,field_177703_b,,,,,field,private final String
blo,c,field_206907_c,,,,,field,private Integer
blp,a,FLOOR,FLOOR,,,,enum,
blp,b,WALL,WALL,,,,enum,
blp,c,CEILING,CEILING,,,,enum,
blp,d,field_196027_d,,,,,field,private final String
blq,a,HEAD,HEAD,,,,enum,
blq,b,FOOT,FOOT,,,,enum,
blq,c,field_177036_c,,,,,field,private final String
blr,a,field_208174_a,,,,,field,public static final BlockStateBoolean
blr,b,field_208176_c,,,,,field,public static final BlockStateBoolean
blr,c,field_208178_e,,,,,field,public static final BlockStateBoolean
blr,d,field_208179_f,,,,,field,public static final BlockStateBoolean
blr,e,field_208180_g,,,,,field,public static final BlockStateBoolean
blr,f,field_208181_h,,,,,field,public static final BlockStateBoolean
blr,g,field_208182_i,,,,,field,public static final BlockStateBoolean
blr,h,field_208183_j,,,,,field,public static final BlockStateBoolean
blr,i,field_208184_k,,,,,field,public static final BlockStateBoolean
blr,j,field_208185_l,,,,,field,public static final BlockStateBoolean
blr,k,field_208186_m,,,,,field,public static final BlockStateBoolean
blr,l,field_208187_n,,,,,field,public static final BlockStateBoolean
blr,m,field_208188_o,,,,,field,public static final BlockStateBoolean
blr,n,field_208189_p,,,,,field,public static final BlockStateBoolean
blr,o,field_208190_q,,,,,field,public static final BlockStateBoolean
blr,p,field_208191_r,,,,,field,public static final BlockStateBoolean
blr,q,field_208192_s,,,,,field,public static final BlockStateBoolean
blr,r,field_208193_t,,,,,field,public static final BlockStateBoolean
blr,s,field_208515_s,,,,,field,public static final BlockStateBoolean
blr,t,field_208194_u,,,,,field,public static final BlockStateBoolean
blr,u,field_208195_v,,,,,field,public static final BlockStateBoolean
blr,v,field_208196_w,,,,,field,public static final BlockStateBoolean
blr,w,field_208197_x,,,,,field,public static final BlockStateBoolean
blr,x,field_208198_y,,,,,field,public static final BlockStateBoolean
blr,y,field_208199_z,,,,,field,public static final BlockStateEnum<EnumDirection$EnumAxis>
blr,z,field_208148_A,,,,,field,public static final BlockStateEnum<EnumDirection$EnumAxis>
blr,A,field_208149_B,,,,,field,public static final BlockStateBoolean
blr,B,field_208150_C,,,,,field,public static final BlockStateBoolean
blr,C,field_208151_D,,,,,field,public static final BlockStateBoolean
blr,D,field_208152_E,,,,,field,public static final BlockStateBoolean
blr,E,field_208153_F,,,,,field,public static final BlockStateBoolean
blr,F,field_208154_G,,,,,field,public static final BlockStateBoolean
blr,G,field_208155_H,,,,,field,public static final BlockStateDirection
blr,H,field_208156_I,,,,,field,public static final BlockStateDirection
blr,I,field_208157_J,,,,,field,public static final BlockStateDirection
blr,J,field_208158_K,,,,,field,public static final BlockStateEnum<BlockPropertyAttachPosition>
blr,K,field_208159_L,,,,,field,public static final BlockStateEnum<BlockPropertyRedstoneSide>
blr,L,field_208160_M,,,,,field,public static final BlockStateEnum<BlockPropertyRedstoneSide>
blr,M,field_208161_N,,,,,field,public static final BlockStateEnum<BlockPropertyRedstoneSide>
blr,N,field_208162_O,,,,,field,public static final BlockStateEnum<BlockPropertyRedstoneSide>
blr,O,field_208163_P,,,,,field,public static final BlockStateEnum<BlockPropertyDoubleBlockHalf>
blr,P,field_208164_Q,,,,,field,public static final BlockStateEnum<BlockPropertyHalf>
blr,Q,field_208165_R,,,,,field,public static final BlockStateEnum<BlockPropertyTrackPosition>
blr,R,field_208166_S,,,,,field,public static final BlockStateEnum<BlockPropertyTrackPosition>
blr,S,field_208167_T,,,,,field,public static final BlockStateInteger
blr,T,field_208168_U,,,,,field,public static final BlockStateInteger
blr,U,field_208169_V,,,,,field,public static final BlockStateInteger
blr,V,field_208170_W,,,,,field,public static final BlockStateInteger
blr,W,field_208171_X,,,,,field,public static final BlockStateInteger
blr,X,field_208172_Y,,,,,field,public static final BlockStateInteger
blr,Y,field_208173_Z,,,,,field,public static final BlockStateInteger
blr,Z,field_208126_aa,,,,,field,public static final BlockStateInteger
blr,aa,field_208514_aa,,,,,field,public static final BlockStateInteger
blr,ab,field_208127_ab,,,,,field,public static final BlockStateInteger
blr,ac,field_208128_ac,,,,,field,public static final BlockStateInteger
blr,ad,field_208129_ad,,,,,field,public static final BlockStateInteger
blr,ae,field_208130_ae,,,,,field,public static final BlockStateInteger
blr,af,field_208131_af,,,,,field,public static final BlockStateInteger
blr,ag,field_208132_ag,,,,,field,public static final BlockStateInteger
blr,ah,field_208133_ah,,,,,field,public static final BlockStateInteger
blr,ai,field_208134_ai,,,,,field,public static final BlockStateInteger
blr,aj,field_208135_aj,,,,,field,public static final BlockStateInteger
blr,ak,field_208136_ak,,,,,field,public static final BlockStateInteger
blr,al,field_208137_al,,,,,field,public static final BlockStateInteger
blr,am,field_208138_am,,,,,field,public static final BlockStateInteger
blr,an,field_208139_an,,,,,field,public static final BlockStateEnum<BlockPropertyBedPart>
blr,ao,field_208140_ao,,,,,field,public static final BlockStateEnum<BlockPropertyChestType>
blr,ap,field_208141_ap,,,,,field,public static final BlockStateEnum<BlockPropertyComparatorMode>
blr,aq,field_208142_aq,,,,,field,public static final BlockStateEnum<BlockPropertyDoorHinge>
blr,ar,field_208143_ar,,,,,field,public static final BlockStateEnum<BlockPropertyInstrument>
blr,as,field_208144_as,,,,,field,public static final BlockStateEnum<BlockPropertyPistonType>
blr,at,field_208145_at,,,,,field,public static final BlockStateEnum<BlockPropertySlabType>
blr,au,field_208146_au,,,,,field,public static final BlockStateEnum<BlockPropertyStairsShape>
blr,av,field_208147_av,,,,,field,public static final BlockStateEnum<BlockPropertyStructureMode>
bls,a,field_177717_a,,,,,field,private final com.google.common.collect.ImmutableSet<Boolean>
blt,a,SINGLE,SINGLE,,,,enum,
blt,b,LEFT,LEFT,,,,enum,
blt,c,RIGHT,RIGHT,,,,enum,
blt,d,field_196020_d,,,,,field,public static final BlockPropertyChestType[]
blt,e,field_196021_e,,,,,field,private final String
blt,f,field_196022_f,,,,,field,private final int
blu,a,COMPARE,COMPARE,,,,enum,
blu,b,SUBTRACT,SUBTRACT,,,,enum,
blu,c,field_177041_c,,,,,field,private final String
blw,a,LEFT,LEFT,,,,enum,
blw,b,RIGHT,RIGHT,,,,enum,
blx,a,UPPER,UPPER,,,,enum,
blx,b,LOWER,LOWER,,,,enum,
bly,a,field_177711_a,,,,,field,private final com.google.common.collect.ImmutableSet<T>
bly,b,field_177710_b,,,,,field,"private final Map<String, T>"
blz,a,TOP,TOP,,,,enum,
blz,b,BOTTOM,BOTTOM,,,,enum,
blz,c,field_212249_f,,,,,field,private final String
bm$a,a,field_193510_a,,,,,field,private final AdvancementDataPlayer
bm$a,b,field_193511_b,,,,,field,private final Set<CriterionTrigger$a<CriterionTriggerUsedTotem$b>>
bm$b,a,field_193219_a,,,,,field,private final CriterionConditionItem
bm,a,field_193188_a,,,,,field,private static final MinecraftKey
bm,b,field_193189_b,,,,,field,"private final Map<AdvancementDataPlayer, CriterionTriggerUsedTotem$a>"
bma,a,field_177720_a,,,,,field,private final com.google.common.collect.ImmutableSet<Integer>
bmb,a,HARP,HARP,,,,enum,
bmb,b,BASEDRUM,BASEDRUM,,,,enum,
bmb,c,SNARE,SNARE,,,,enum,
bmb,d,HAT,HAT,,,,enum,
bmb,e,BASS,BASS,,,,enum,
bmb,f,FLUTE,FLUTE,,,,enum,
bmb,g,BELL,BELL,,,,enum,
bmb,h,GUITAR,GUITAR,,,,enum,
bmb,i,CHIME,CHIME,,,,enum,
bmb,j,XYLOPHONE,XYLOPHONE,,,,enum,
bmb,k,field_196042_k,,,,,field,private final String
bmb,l,field_196043_l,,,,,field,private final SoundEffect
bmc,a,DEFAULT,DEFAULT,,,,enum,
bmc,b,STICKY,STICKY,,,,enum,
bmc,c,field_176714_c,,,,,field,private final String
bme,a,NORTH_SOUTH,NORTH_SOUTH,,,,enum,
bme,b,EAST_WEST,EAST_WEST,,,,enum,
bme,c,ASCENDING_EAST,ASCENDING_EAST,,,,enum,
bme,d,ASCENDING_WEST,ASCENDING_WEST,,,,enum,
bme,e,ASCENDING_NORTH,ASCENDING_NORTH,,,,enum,
bme,f,ASCENDING_SOUTH,ASCENDING_SOUTH,,,,enum,
bme,g,SOUTH_EAST,SOUTH_EAST,,,,enum,
bme,h,SOUTH_WEST,SOUTH_WEST,,,,enum,
bme,i,NORTH_WEST,NORTH_WEST,,,,enum,
bme,j,NORTH_EAST,NORTH_EAST,,,,enum,
bme,k,field_177027_l,,,,,field,private final int
bme,l,field_177028_m,,,,,field,private final String
bmf,a,UP,UP,,,,enum,
bmf,b,SIDE,SIDE,,,,enum,
bmf,c,NONE,NONE,,,,enum,
bmf,d,field_176820_d,,,,,field,private final String
bmg,a,TOP,TOP,,,,enum,
bmg,b,BOTTOM,BOTTOM,,,,enum,
bmg,c,DOUBLE,DOUBLE,,,,enum,
bmg,d,field_196049_d,,,,,field,private final String
bmh,a,STRAIGHT,STRAIGHT,,,,enum,
bmh,b,INNER_LEFT,INNER_LEFT,,,,enum,
bmh,c,INNER_RIGHT,INNER_RIGHT,,,,enum,
bmh,d,OUTER_LEFT,OUTER_LEFT,,,,enum,
bmh,e,OUTER_RIGHT,OUTER_RIGHT,,,,enum,
bmh,f,field_212251_f,,,,,field,private final String
bmi,a,SAVE,SAVE,,,,enum,
bmi,b,LOAD,LOAD,,,,enum,
bmi,c,CORNER,CORNER,,,,enum,
bmi,d,DATA,DATA,,,,enum,
bmi,e,field_185116_f,,,,,field,private final String
bml,a,GROWING,GROWING,,,,enum,
bml,b,SHRINKING,SHRINKING,,,,enum,
bml,c,STATIONARY,STATIONARY,,,,enum,
bml,d,field_177767_d,,,,,field,private final int
bmm,a,field_177758_a,,,,,field,private final List<IWorldBorderListener>
bmm,b,field_177756_b,,,,,field,private double
bmm,c,field_177757_c,,,,,field,private double
bmm,d,field_177754_d,,,,,field,private double
bmm,e,field_177755_e,,,,,field,private double
bmm,f,field_177752_f,,,,,field,private long
bmm,g,field_177753_g,,,,,field,private long
bmm,h,field_177762_h,,,,,field,private int
bmm,i,field_177763_i,,,,,field,private double
bmm,j,field_177760_j,,,,,field,private double
bmm,k,field_177761_k,,,,,field,private int
bmm,l,field_177759_l,,,,,field,private int
bmq,a,field_202095_a,,,,,field,protected final GeneratorAccess
bmq,b,field_202096_b,,,,,field,protected final long
bmq,c,field_202097_c,,,,,field,protected final WorldChunkManager
bmq,d,field_203227_d,,,,,field,"protected final Map<StructureGenerator<? extends WorldGenFeatureConfiguration>, it.unimi.dsi.fastutil.longs.Long2ObjectMap<StructureStart>>"
bmq,e,field_203228_e,,,,,field,"protected final Map<StructureGenerator<? extends WorldGenFeatureConfiguration>, it.unimi.dsi.fastutil.longs.Long2ObjectMap<it.unimi.dsi.fastutil.longs.LongSet>>"
bms$a,a,field_205496_a,,,,,field,"public static final RegistryMaterials<MinecraftKey, ChunkGeneratorType$a<?>>"
bms$a,g,field_205502_g,,,,,field,private final Supplier<C>
bms$a,b,field_206908_b,,,,,field,public static final ChunkGeneratorType$a<GeneratorSettingsOverworld>
bms$a,c,field_206909_c,,,,,field,public static final ChunkGeneratorType$a<GeneratorSettingsNether>
bms$a,d,field_206910_d,,,,,field,public static final ChunkGeneratorType$a<GeneratorSettingsEnd>
bms$a,e,field_205500_e,,,,,field,public static final ChunkGeneratorType$a<GeneratorSettingsDebug>
bms$a,f,field_205501_f,,,,,field,public static final ChunkGeneratorType$a<GeneratorSettingsFlat>
bms,a,field_205484_a,,,,,field,"public static final RegistryMaterials<MinecraftKey, ChunkGeneratorType<?, ?>>"
bms,g,field_205490_g,,,,,field,private final MinecraftKey
bms,h,field_205491_h,,,,,field,"private final ChunkGeneratorFactory<C, T>"
bms,i,field_205492_i,,,,,field,private final boolean
bms,j,field_205493_j,,,,,field,private final ChunkGeneratorType$a<C>
bms,b,field_206911_b,,,,,field,"public static final ChunkGeneratorType<GeneratorSettingsOverworld, ChunkProviderGenerate>"
bms,c,field_206912_c,,,,,field,"public static final ChunkGeneratorType<GeneratorSettingsNether, ChunkProviderHell>"
bms,d,field_206913_d,,,,,field,"public static final ChunkGeneratorType<GeneratorSettingsEnd, ChunkProviderTheEnd>"
bms,e,field_205488_e,,,,,field,"public static final ChunkGeneratorType<GeneratorSettingsDebug, ChunkProviderDebug>"
bms,f,field_205489_f,,,,,field,"public static final ChunkGeneratorType<GeneratorSettingsFlat, ChunkProviderFlat>"
bmu$a,a,PROTOCHUNK,PROTOCHUNK,,,,enum,
bmu$a,b,LEVELCHUNK,LEVELCHUNK,,,,enum,
bmu,a,EMPTY,EMPTY,,,,enum,
bmu,b,BASE,BASE,,,,enum,
bmu,c,CARVED,CARVED,,,,enum,
bmu,d,LIQUID_CARVED,LIQUID_CARVED,,,,enum,
bmu,e,DECORATED,DECORATED,,,,enum,
bmu,f,LIGHTED,LIGHTED,,,,enum,
bmu,g,MOBS_SPAWNED,MOBS_SPAWNED,,,,enum,
bmu,h,FINALIZED,FINALIZED,,,,enum,
bmu,i,FULLCHUNK,FULLCHUNK,,,,enum,
bmu,j,POSTPROCESSED,POSTPROCESSED,,,,enum,
bmu,k,field_202131_k,,,,,field,"private static final Map<String, ChunkStatus>"
bmu,l,field_202130_j,,,,,field,private final String
bmu,m,field_202132_l,,,,,field,private final ChunkTask
bmu,n,field_202133_m,,,,,field,private final int
bmu,o,field_202134_n,,,,,field,private final ChunkStatus$Type
bmu,p,field_207795_p,,,,,field,private final boolean
bmv,a,field_76585_a,,,,,field,private final byte[]
bmx,a,field_205505_a,,,,,field,private final RegistryBlockID<T>
bmx,b,field_205506_b,,,,,field,private final T
bmy,a,field_205509_a,,,,,field,private final RegistryBlockID<T>
bmy,b,field_186046_a,,,,,field,private final RegistryID<T>
bmy,c,field_186047_b,,,,,field,private final DataPaletteExpandable<T>
bmy,d,field_205510_d,,,,,field,"private final Function<NBTTagCompound, T>"
bmy,e,field_205511_e,,,,,field,"private final Function<T, NBTTagCompound>"
bmy,f,field_186048_c,,,,,field,private final int
bmz,a,field_209220_a,,,,,field,private final IChunkAccess
bn,a,field_207926_a,,,,,field,public static final CriterionConditionRange
bn,b,field_211362_b,,,,,field,public static final com.mojang.brigadier.exceptions.SimpleCommandExceptionType
bn,c,field_207929_d,,,,,field,private final Float
bn,d,field_207930_e,,,,,field,private final Float
bna$a,a,IMMEDIATE,IMMEDIATE,,,,enum,
bna$a,b,QUEUED,QUEUED,,,,enum,
bna$a,c,CHECK,CHECK,,,,enum,
bna,e,field_150817_t,,,,,field,private static final org.apache.logging.log4j.Logger
bna,a,field_186036_a,,,,,field,public static final ChunkSection
bna,f,field_76652_q,sections,,,,field,private final ChunkSection[]
bna,g,field_76651_r,,,,,field,private final BiomeBase[]
bna,h,field_76639_c,,,,,field,private final boolean[]
bna,i,field_201618_i,,,,,field,"private final Map<BlockPosition, NBTTagCompound>"
bna,j,field_76636_d,,,,,field,private boolean
bna,k,field_76637_e,world,,,,field,private final World
bna,l,field_76634_f,heightMap,,,,field,"private final Map<HeightMap$Type, HeightMap>"
bna,b,field_76635_g,locX,,,,field,public final int
bna,c,field_76647_h,locZ,,,,field,public final int
bna,m,field_76650_s,,,,,field,private boolean
bna,n,field_196967_n,,,,,field,private final ChunkConverter
bna,o,field_150816_i,tileEntities,,,,field,"private final Map<BlockPosition, TileEntity>"
bna,p,field_76645_j,entitySlices,,,,field,private final EntitySlice<Entity>[]
bna,q,field_201619_q,,,,,field,"private final Map<String, StructureStart>"
bna,r,field_201620_r,,,,,field,"private final Map<String, it.unimi.dsi.fastutil.longs.LongSet>"
bna,s,field_201622_t,,,,,field,private final it.unimi.dsi.fastutil.shorts.ShortList[]
bna,t,field_201621_s,,,,,field,private final TickList<Block>
bna,u,field_205325_u,,,,,field,private final TickList<FluidType>
bna,v,field_150815_m,,,,,field,private boolean
bna,w,field_76644_m,,,,,field,private boolean
bna,x,field_76641_n,lastSaved,,,,field,private long
bna,y,field_76643_l,,,,,field,private boolean
bna,z,field_82912_p,,,,,field,private int
bna,A,field_111204_q,,,,,field,private long
bna,B,field_76649_t,,,,,field,private int
bna,C,field_177447_w,,,,,field,private final ConcurrentLinkedQueue<BlockPosition>
bna,d,field_189550_d,,,,,field,public boolean
bna,D,field_201616_C,,,,,field,private ChunkStatus
bna,E,field_201617_D,,,,,field,private int
bna,F,field_205757_F,,,,,field,private final AtomicInteger
bnb,a,field_205512_a,GLOBAL_PALETTE,,,,field,private static final DataPalette<IBlockData>
bnb,b,field_76684_a,yPos,,,,field,private final int
bnb,c,field_76682_b,nonEmptyBlockCount,,,,field,private int
bnb,d,field_76683_c,tickingBlockCount,,,,field,private int
bnb,e,field_206918_e,,,,,field,private int
bnb,f,field_177488_d,blockIds,,,,field,private final DataPaletteBlock<IBlockData>
bnb,g,field_76679_g,emittedLight,,,,field,private NibbleArray
bnb,h,field_76685_h,skyLight,,,,field,private NibbleArray
bnc,a,field_205507_a,,,,,field,private final RegistryBlockID<T>
bnc,b,field_186042_a,,,,,field,private final T[]
bnc,c,field_186043_b,,,,,field,private final DataPaletteExpandable<T>
bnc,d,field_205508_d,,,,,field,"private final Function<NBTTagCompound, T>"
bnc,e,field_186044_c,,,,,field,private final int
bnc,f,field_186045_d,,,,,field,private int
bne,a,field_76689_a,,,,,field,public final byte[]
bne,b,field_76687_b,,,,,field,private final int
bne,c,field_76688_c,,,,,field,private final int
bnh,b,field_205521_b,,,,,field,private final DataPalette<T>
bnh,c,field_205522_c,,,,,field,private final DataPaletteExpandable<T>
bnh,d,field_205523_d,,,,,field,private final RegistryBlockID<T>
bnh,e,field_205524_e,,,,,field,"private final Function<NBTTagCompound, T>"
bnh,f,field_205525_f,,,,,field,"private final Function<T, NBTTagCompound>"
bnh,g,field_205526_g,,,,,field,private final T
bnh,a,field_186021_b,,,,,field,protected DataBits
bnh,h,field_186022_c,,,,,field,private DataPalette<T>
bnh,i,field_186024_e,,,,,field,private int
bnh,j,field_210461_j,,,,,field,private final ReentrantLock
bni,a,field_201653_a,,,,,field,private static final org.apache.logging.log4j.Logger
bni,b,field_201654_b,,,,,field,private final ChunkCoordIntPair
bni,c,field_201655_c,,,,,field,private boolean
bni,d,field_205768_d,,,,,field,private final AtomicInteger
bni,e,field_201656_d,,,,,field,private BiomeBase[]
bni,f,field_201657_e,,,,,field,"private final Map<HeightMap$Type, HeightMap>"
bni,g,field_201658_f,,,,,field,private volatile ChunkStatus
bni,h,field_201659_g,,,,,field,"private final Map<BlockPosition, TileEntity>"
bni,i,field_201660_h,,,,,field,"private final Map<BlockPosition, NBTTagCompound>"
bni,j,field_201661_i,,,,,field,private final ChunkSection[]
bni,k,field_201662_j,,,,,field,private final List<NBTTagCompound>
bni,l,field_201663_k,,,,,field,private final List<BlockPosition>
bni,m,field_201665_m,,,,,field,private final it.unimi.dsi.fastutil.shorts.ShortList[]
bni,n,field_201666_n,,,,,field,"private final Map<String, StructureStart>"
bni,o,field_201667_o,,,,,field,"private final Map<String, it.unimi.dsi.fastutil.longs.LongSet>"
bni,p,field_201668_p,,,,,field,private final ChunkConverter
bni,q,field_201664_l,,,,,field,private final ProtoChunkTickList<Block>
bni,r,field_205333_q,,,,,field,private final ProtoChunkTickList<FluidType>
bni,s,field_209217_s,,,,,field,private long
bni,t,field_205769_s,,,,,field,"private final Map<WorldGenStage$Features, BitSet>"
bni,u,field_207740_t,,,,,field,private boolean
bnj,a,field_205382_a,,,,,field,protected final Predicate<T>
bnj,b,field_205383_b,,,,,field,"protected final Function<T, MinecraftKey>"
bnj,c,field_205384_c,,,,,field,"protected final Function<MinecraftKey, T>"
bnj,d,field_205385_d,,,,,field,private final ChunkCoordIntPair
bnj,e,field_205386_e,,,,,field,private final it.unimi.dsi.fastutil.shorts.ShortList[]
bnk$b$4,g,field_208828_g,,,,,field,private final ThreadLocal<List<it.unimi.dsi.fastutil.objects.ObjectSet<BlockPosition>>>
bnk$b,a,BLACKLIST,BLACKLIST,,,,enum,
bnk$b,b,DEFAULT,DEFAULT,,,,enum,
bnk$b,c,CHEST,CHEST,,,,enum,
bnk$b,d,LEAVES,LEAVES,,,,enum,
bnk$b,e,STEM_BLOCK,STEM_BLOCK,,,,enum,
bnk$b,f,field_208827_f,,,,,field,public static final EnumDirection[]
bnk,b,field_209162_b,,,,,field,private static final org.apache.logging.log4j.Logger
bnk,a,field_196994_a,,,,,field,public static final ChunkConverter
bnk,c,field_208832_b,,,,,field,private static final EnumDirection8[]
bnk,d,field_196995_b,,,,,field,private final EnumSet<EnumDirection8>
bnk,e,field_196996_c,,,,,field,private final int[][]
bnk,f,field_196997_d,,,,,field,"private static final Map<Block, ChunkConverter$a>"
bnk,g,field_208833_f,,,,,field,private static final Set<ChunkConverter$a>
bnm,a,field_151505_a,,,,,field,private static final org.apache.logging.log4j.Logger
bnm,b,field_75828_a,,,,,field,"private final it.unimi.dsi.fastutil.objects.Object2ObjectMap<ChunkCoordIntPair, NBTTagCompound>"
bnm,c,field_75825_d,,,,,field,private final File
bnm,d,field_193416_e,,,,,field,private final com.mojang.datafixers.DataFixer
bnm,e,field_208031_e,,,,,field,private PersistentStructureLegacy
bnm,f,field_183014_e,,,,,field,private boolean
bnp$a,a,field_76698_a,,,,,field,public long
bnp$a,b,field_76696_b,,,,,field,public boolean
bnp$a,c,field_76697_c,,,,,field,public byte[]
bnp$a,d,field_76694_d,,,,,field,public OldNibbleArray
bnp$a,e,field_76695_e,,,,,field,public OldNibbleArray
bnp$a,f,field_76692_f,,,,,field,public OldNibbleArray
bnp$a,g,field_76693_g,,,,,field,public byte[]
bnp$a,h,field_76702_h,,,,,field,public NBTTagList
bnp$a,i,field_151564_i,,,,,field,public NBTTagList
bnp$a,j,field_151563_j,,,,,field,public NBTTagList
bnp$a,k,field_76701_k,,,,,field,public final int
bnp$a,l,field_76699_l,,,,,field,public final int
bnq$a,b,field_76722_b,,,,,field,private final int
bnq$a,c,field_76723_c,,,,,field,private final int
bnq,a,field_76720_a,,,,,field,private static final byte[]
bnq,b,field_76718_b,,,,,field,private final File
bnq,c,field_76719_c,,,,,field,private RandomAccessFile
bnq,d,field_76716_d,,,,,field,private final int[]
bnq,e,field_76717_e,,,,,field,private final int[]
bnq,f,field_76714_f,,,,,field,private List<Boolean>
bnq,g,field_76715_g,,,,,field,private int
bnq,h,field_76721_h,,,,,field,private long
bnr,a,field_76553_a,,,,,field,"private static final Map<File, RegionFile>"
bnt,a,field_111203_a,,,,,field,public static final float[]
bnt,b,field_76579_a,,,,,field,protected World
bnt,c,field_76575_d,,,,,field,protected boolean
bnt,d,field_76576_e,,,,,field,protected boolean
bnt,e,field_191067_f,,,,,field,protected boolean
bnt,f,field_76573_f,,,,,field,protected final float[]
bnt,g,field_76580_h,,,,,field,private final float[]
bnu,a,OVERWORLD,OVERWORLD,,,,enum,
bnu,b,NETHER,NETHER,,,,enum,
bnu,c,THE_END,THE_END,,,,enum,
bnu,d,field_186074_d,,,,,field,private final int
bnu,e,field_186075_e,,,,,field,private final String
bnu,f,field_186076_f,,,,,field,private final String
bnu,g,field_201038_g,,,,,field,private final Supplier<? extends WorldProvider>
bnx,a,START,START,,,,enum,
bnx,b,PREPARING_TO_SUMMON_PILLARS,PREPARING_TO_SUMMON_PILLARS,,,,enum,
bnx,c,SUMMONING_PILLARS,SUMMONING_PILLARS,,,,enum,
bnx,d,SUMMONING_DRAGON,SUMMONING_DRAGON,,,,enum,
bnx,e,END,END,,,,enum,
bny$a,a,UNKNOWN,UNKNOWN,,,,enum,
bny$a,b,NOT_LOADED,NOT_LOADED,,,,enum,
bny$a,c,LOADED,LOADED,,,,enum,
bny$b,b,field_210826_b,,,,,field,private EnderDragonBattle$LoadState
bny,a,field_186107_a,,,,,field,private static final org.apache.logging.log4j.Logger
bny,b,field_186108_b,,,,,field,private static final Predicate<Entity>
bny,c,field_186109_c,,,,,field,private final BossBattleServer
bny,d,field_186110_d,,,,,field,private final WorldServer
bny,e,field_186111_e,,,,,field,private final List<Integer>
bny,f,field_186112_f,,,,,field,private final ShapeDetector
bny,g,field_186113_g,,,,,field,private int
bny,h,field_186114_h,,,,,field,private int
bny,i,field_186115_i,,,,,field,private int
bny,j,field_186116_j,,,,,field,private int
bny,k,field_186117_k,,,,,field,private boolean
bny,l,field_186118_l,,,,,field,private boolean
bny,m,field_186119_m,,,,,field,private UUID
bny,n,field_186120_n,,,,,field,private boolean
bny,o,field_186121_o,,,,,field,private BlockPosition
bny,p,field_186122_p,,,,,field,private EnumDragonRespawn
bny,q,field_186123_q,,,,,field,private int
bny,r,field_186124_r,,,,,field,private List<EntityEnderCrystal>
bnz,g,field_209958_g,,,,,field,public static final BlockPosition
bnz,h,field_186064_g,,,,,field,private EnderDragonBattle
boc,a,field_202180_a,,,,,field,protected int
boc,b,field_211732_b,,,,,field,protected int
boc,c,field_202181_b,,,,,field,protected int
boc,d,field_202182_c,,,,,field,protected int
boc,e,field_202183_d,,,,,field,protected int
boc,f,field_202184_e,,,,,field,protected int
boc,g,field_202185_f,,,,,field,protected int
boc,h,field_202186_g,,,,,field,protected int
boc,i,field_211733_i,,,,,field,protected int
boc,j,field_204027_h,,,,,field,protected int
boc,k,field_211734_k,,,,,field,protected int
boc,l,field_202187_h,,,,,field,protected int
boc,m,field_211735_m,,,,,field,protected int
boc,n,field_204749_j,,,,,field,protected int
boc,o,field_211736_o,,,,,field,protected int
boc,p,field_202188_i,,,,,field,protected int
boc,q,field_211737_q,,,,,field,protected int
boc,r,field_205536_l,,,,,field,protected IBlockData
boc,s,field_205537_m,,,,,field,protected IBlockData
bof,h,field_177464_a,,,,,field,private static final List<IBlockData>
bof,i,field_177462_b,,,,,field,private static final int
bof,j,field_181039_c,,,,,field,private static final int
bof,f,field_185934_a,,,,,field,protected static final IBlockData
bof,g,field_185935_b,,,,,field,protected static final IBlockData
bof,k,field_202098_i,,,,,field,private final GeneratorSettingsDebug
bog,f,field_202101_d,,,,,field,private static final org.apache.logging.log4j.Logger
bog,g,field_82699_e,,,,,field,private final GeneratorSettingsFlat
bog,h,field_202103_f,,,,,field,private final BiomeBase
bog,i,field_203229_i,,,,,field,private final MobSpawnerPhantom
boh$a,a,AIR,AIR,,,,enum,
boh$a,b,LIQUID,LIQUID,,,,enum,
boh$b,a,RAW_GENERATION,RAW_GENERATION,,,,enum,
boh$b,b,LOCAL_MODIFICATIONS,LOCAL_MODIFICATIONS,,,,enum,
boh$b,c,UNDERGROUND_STRUCTURES,UNDERGROUND_STRUCTURES,,,,enum,
boh$b,d,SURFACE_STRUCTURES,SURFACE_STRUCTURES,,,,enum,
boh$b,e,UNDERGROUND_ORES,UNDERGROUND_ORES,,,,enum,
boh$b,f,UNDERGROUND_DECORATION,UNDERGROUND_DECORATION,,,,enum,
boh$b,g,VEGETAL_DECORATION,VEGETAL_DECORATION,,,,enum,
boh$b,h,TOP_LAYER_MODIFICATION,TOP_LAYER_MODIFICATION,,,,enum,
boi$a,a,WORLD_SURFACE_WG,WORLD_SURFACE_WG,,,,enum,
boi$a,b,OCEAN_FLOOR_WG,OCEAN_FLOOR_WG,,,,enum,
boi$a,c,LIGHT_BLOCKING,LIGHT_BLOCKING,,,,enum,
boi$a,d,MOTION_BLOCKING,MOTION_BLOCKING,,,,enum,
boi$a,e,MOTION_BLOCKING_NO_LEAVES,MOTION_BLOCKING_NO_LEAVES,,,,enum,
boi$a,f,OCEAN_FLOOR,OCEAN_FLOOR,,,,enum,
boi$a,g,WORLD_SURFACE,WORLD_SURFACE,,,,enum,
boi$a,h,field_202265_e,,,,,field,private final PredicateBlock<IBlockData>[]
boi$a,i,field_203502_f,,,,,field,private final String
boi$a,j,field_207513_i,,,,,field,private final HeightMap$Use
boi$a,k,field_203503_g,,,,,field,"private static final Map<String, HeightMap$Type>"
boi$b,a,WORLDGEN,WORLDGEN,,,,enum,
boi$b,b,LIVE_WORLD,LIVE_WORLD,,,,enum,
boi,a,field_202275_a,,,,,field,private final DataBits
boi,b,field_202276_b,,,,,field,private final PredicateBlock<IBlockData>
boi,c,field_202277_c,,,,,field,private final IChunkAccess
bok,f,field_185940_a,,,,,field,protected static final IBlockData
bok,g,field_185941_b,,,,,field,protected static final IBlockData
bok,h,field_185943_d,,,,,field,protected static final IBlockData
bok,i,field_185957_u,,,,,field,private final NoiseGeneratorOctaves
bok,j,field_185958_v,,,,,field,private final NoiseGeneratorOctaves
bok,k,field_185959_w,,,,,field,private final NoiseGeneratorOctaves
bok,l,field_73177_m,,,,,field,private final NoiseGeneratorOctaves
bok,m,field_185946_g,,,,,field,private final NoiseGeneratorOctaves
bok,n,field_185947_h,,,,,field,private final NoiseGeneratorOctaves
bok,o,field_202107_q,,,,,field,private final GeneratorSettingsNether
bok,p,field_205474_p,,,,,field,private final IBlockData
bok,q,field_205604_n,,,,,field,private final IBlockData
bol,t,field_202212_j,,,,,field,private final int
bol,u,field_202213_k,,,,,field,private final int
bol,v,field_202214_l,,,,,field,private final int
bol,w,field_202215_m,,,,,field,private final int
bol,x,field_202216_n,,,,,field,private final double
bol,y,field_202217_o,,,,,field,private final double
bol,z,field_202218_p,,,,,field,private final double
bol,A,field_202219_q,,,,,field,private final float
bol,B,field_202220_r,,,,,field,private final float
bol,C,field_202221_s,,,,,field,private final float
bol,D,field_202222_t,,,,,field,private final float
bol,E,field_202223_u,,,,,field,private final float
bol,F,field_202224_v,,,,,field,private final float
bol,G,field_202225_w,,,,,field,private final float
bol,H,field_202226_x,,,,,field,private final float
bol,I,field_202227_y,,,,,field,private final float
bol,J,field_202228_z,,,,,field,private final double
bol,K,field_202209_A,,,,,field,private final double
bol,L,field_202210_B,,,,,field,private final double
bol,M,field_202211_C,,,,,field,private final double
bom,f,field_202111_e,,,,,field,private static final org.apache.logging.log4j.Logger
bom,g,field_185991_j,,,,,field,private final NoiseGeneratorOctaves
bom,h,field_185992_k,,,,,field,private final NoiseGeneratorOctaves
bom,i,field_185993_l,,,,,field,private final NoiseGeneratorOctaves
bom,j,field_185994_m,,,,,field,private final NoiseGenerator3
bom,k,field_186000_s,,,,,field,private final GeneratorSettingsOverworld
bom,l,field_185983_b,,,,,field,private final NoiseGeneratorOctaves
bom,m,field_185984_c,,,,,field,private final NoiseGeneratorOctaves
bom,n,field_185997_p,,,,,field,private final WorldType
bom,o,field_185999_r,,,,,field,private final float[]
bom,p,field_203230_r,,,,,field,private final MobSpawnerPhantom
bom,q,field_205475_r,,,,,field,private final IBlockData
bom,r,field_205476_s,,,,,field,private final IBlockData
bon,a,field_203233_a,,,,,field,private int
boo,t,field_205540_n,,,,,field,private BlockPosition
bop,f,field_185965_b,,,,,field,protected static final IBlockData
bop,g,field_185969_i,,,,,field,private final NoiseGeneratorOctaves
bop,h,field_185970_j,,,,,field,private final NoiseGeneratorOctaves
bop,i,field_185971_k,,,,,field,private final NoiseGeneratorOctaves
bop,j,field_73214_a,,,,,field,private final NoiseGeneratorOctaves
bop,k,field_73212_b,,,,,field,private final NoiseGeneratorOctaves
bop,l,field_205478_l,,,,,field,private final NoiseGenerator3
bop,m,field_191061_n,,,,,field,private final BlockPosition
bop,n,field_202116_l,,,,,field,private final GeneratorSettingsEnd
bop,o,field_205479_o,,,,,field,private final IBlockData
bop,p,field_205477_p,,,,,field,private final IBlockData
boq,a,field_202428_a,,,,,field,private int
bos$a,b,field_178000_b,,,,,field,private final int
bos,a,field_208530_a,,,,,field,private static final IBlockData
bos,b,field_208531_b,,,,,field,private static final IBlockData
bot,a,field_181629_a,,,,,field,private static final IBlockData
bot,b,field_181630_b,,,,,field,private static final IBlockData
bot,c,field_150531_a,,,,,field,private final boolean
bou,a,field_202463_a,,,,,field,public final Block
bou,b,field_202464_b,,,,,field,public final int
boy,a,field_204293_a,,,,,field,public final float
bpa,a,field_202430_a,,,,,field,public final Block
bpe,a,field_202350_a,,,,,field,protected final WorldGenerator<F>
bpe,b,field_202351_b,,,,,field,protected final F
bpe,c,field_202352_c,,,,,field,protected final WorldGenDecorator<D>
bpe,d,field_202353_d,,,,,field,protected final D
bpl,a,field_204915_a,,,,,field,public final int
bpm,a,field_197166_a,,,,,field,private static final BlockDeadBush
bpn,a,field_202488_a,,,,,field,public final float
bpn,b,field_202489_b,,,,,field,public final int
bpn,c,field_202490_c,,,,,field,public final int
bpn,d,field_202491_d,,,,,field,public final int
bpo,e,field_202468_e,,,,,field,WorldGenFeatureDecoratorEmptyConfiguration
bpp,a,field_202469_a,,,,,field,public final int
bpp,b,field_202470_b,,,,,field,public final int
bpp,c,field_202471_c,,,,,field,public final int
bpp,d,field_202472_d,,,,,field,public final int
bpq,a,field_202473_a,,,,,field,public final double
bpq,b,field_202474_b,,,,,field,public final int
bpq,c,field_202475_c,,,,,field,public final int
bpu,a,field_175913_a,,,,,field,private static final BlockStatePredicate
bpu,b,field_175911_b,,,,,field,private final IBlockData
bpu,c,field_175912_c,,,,,field,private final IBlockData
bpu,d,field_175910_d,,,,,field,private final IBlockData
bpv,a,field_202431_a,,,,,field,public final Block
bpv,b,field_202432_b,,,,,field,public final int
bpv,c,field_202433_c,,,,,field,public final int
bpv,d,field_202434_d,,,,,field,public final List<Block>
bpx,a,field_202435_a,,,,,field,public final IBlockData
bq,a,field_208636_a,,,,,field,private static final com.mojang.brigadier.exceptions.Dynamic2CommandExceptionType
bq,b,field_208637_b,,,,,field,private static final com.mojang.brigadier.exceptions.Dynamic2CommandExceptionType
bq,c,field_208638_c,,,,,field,private static final com.mojang.brigadier.exceptions.Dynamic2CommandExceptionType
bq,d,field_208639_d,,,,,field,private static final com.mojang.brigadier.exceptions.Dynamic2CommandExceptionType
bq,e,field_208640_e,,,,,field,private static final com.mojang.brigadier.exceptions.Dynamic2CommandExceptionType
bq,f,field_208641_f,,,,,field,private static final com.mojang.brigadier.exceptions.Dynamic2CommandExceptionType
bq,g,field_208642_g,,,,,field,private static final com.mojang.brigadier.exceptions.DynamicCommandExceptionType
bq,h,field_208643_h,,,,,field,private static final com.mojang.brigadier.exceptions.SimpleCommandExceptionType
bq,i,field_208644_i,,,,,field,private static final com.mojang.brigadier.exceptions.SimpleCommandExceptionType
bq,j,field_208645_j,,,,,field,private static final com.mojang.brigadier.exceptions.DynamicCommandExceptionType
bq,k,field_208646_k,,,,,field,private static final com.mojang.brigadier.exceptions.DynamicCommandExceptionType
bq,l,field_208647_l,,,,,field,private static final com.mojang.brigadier.exceptions.DynamicCommandExceptionType
bq,m,field_208648_m,,,,,field,private static final com.mojang.brigadier.exceptions.SimpleCommandExceptionType
bq,n,field_208649_n,,,,,field,private static final com.mojang.brigadier.exceptions.DynamicCommandExceptionType
bq,o,field_208650_o,,,,,field,private static final com.mojang.brigadier.exceptions.SimpleCommandExceptionType
bq,p,field_208651_p,,,,,field,private static final com.mojang.brigadier.exceptions.DynamicCommandExceptionType
bq,q,field_208652_q,,,,,field,private static final com.mojang.brigadier.exceptions.SimpleCommandExceptionType
bq,r,field_208653_r,,,,,field,private static final com.mojang.brigadier.exceptions.SimpleCommandExceptionType
bq,s,field_208654_s,,,,,field,private static final com.mojang.brigadier.exceptions.DynamicCommandExceptionType
bq,t,field_208655_t,,,,,field,private static final com.mojang.brigadier.exceptions.SimpleCommandExceptionType
bq,u,field_208656_u,,,,,field,private static final com.mojang.brigadier.exceptions.SimpleCommandExceptionType
bq,v,field_208657_v,,,,,field,private static final com.mojang.brigadier.exceptions.SimpleCommandExceptionType
bq,w,field_208658_w,,,,,field,private static final com.mojang.brigadier.exceptions.DynamicCommandExceptionType
bqa$a,e,field_186163_c,,,,,field,private boolean
bqb,a,field_209960_a,,,,,field,private final boolean
bqe,a,field_186139_a,,,,,field,public static final BlockPosition
bqe,b,field_186141_c,,,,,field,private final boolean
bqf,a,field_202327_e,,,,,field,private static final List<BiomeBase$BiomeMeta>
bqf,e,field_202328_f,,,,,field,public static final StructureGenerator<WorldGenFeatureVillageConfiguration>
bqf,f,field_202329_g,,,,,field,public static final StructureGenerator<WorldGenMineshaftConfiguration>
bqf,g,field_202330_h,,,,,field,public static final StructureGenerator<WorldGenMansionConfiguration>
bqf,h,field_202331_i,,,,,field,public static final StructureGenerator<WorldGenFeatureJunglePyramidConfiguration>
bqf,i,field_202332_j,,,,,field,public static final StructureGenerator<WorldGenFeatureDesertPyramidConfiguration>
bqf,j,field_202333_k,,,,,field,public static final StructureGenerator<WorldGenFeatureIglooConfiguration>
bqf,k,field_204751_l,,,,,field,public static final StructureGenerator<WorldGenFeatureShipwreckConfiguration>
bqf,l,field_202334_l,,,,,field,public static final StructureGenerator<WorldGenFeatureSwampHutConfiguration>
bqf,m,field_202335_m,,,,,field,public static final StructureGenerator<WorldGenFeatureStrongholdConfiguration>
bqf,n,field_202336_n,,,,,field,public static final StructureGenerator<WorldGenMonumentConfiguration>
bqf,o,field_204029_o,,,,,field,public static final StructureGenerator<WorldGenFeatureOceanRuinConfiguration>
bqf,p,field_202337_o,,,,,field,public static final StructureGenerator<WorldGenNetherConfiguration>
bqf,q,field_202338_p,,,,,field,public static final StructureGenerator<WorldGenEndCityConfiguration>
bqf,r,field_204292_r,,,,,field,public static final StructureGenerator<WorldGenBuriedTreasureConfiguration>
bqf,s,field_202339_q,,,,,field,public static final WorldGenTreeAbstract<WorldGenFeatureEmptyConfiguration>
bqf,t,field_202340_r,,,,,field,public static final WorldGenTreeAbstract<WorldGenFeatureEmptyConfiguration>
bqf,u,field_202341_s,,,,,field,public static final WorldGenTreeAbstract<WorldGenFeatureEmptyConfiguration>
bqf,v,field_202342_t,,,,,field,public static final WorldGenTreeAbstract<WorldGenFeatureEmptyConfiguration>
bqf,w,field_202343_u,,,,,field,public static final WorldGenTreeAbstract<WorldGenFeatureEmptyConfiguration>
bqf,x,field_202344_v,,,,,field,public static final WorldGenTreeAbstract<WorldGenFeatureEmptyConfiguration>
bqf,y,field_202345_w,,,,,field,public static final WorldGenTreeAbstract<WorldGenFeatureEmptyConfiguration>
bqf,z,field_202346_x,,,,,field,public static final WorldGenTreeAbstract<WorldGenFeatureEmptyConfiguration>
bqf,A,field_202347_y,,,,,field,public static final WorldGenTreeAbstract<WorldGenFeatureEmptyConfiguration>
bqf,B,field_202348_z,,,,,field,public static final WorldGenTreeAbstract<WorldGenFeatureEmptyConfiguration>
bqf,C,field_202301_A,,,,,field,public static final WorldGenTreeAbstract<WorldGenFeatureEmptyConfiguration>
bqf,D,field_202302_B,,,,,field,public static final WorldGenMegaTreeAbstract<WorldGenFeatureEmptyConfiguration>
bqf,E,field_202303_C,,,,,field,public static final WorldGenMegaTreeAbstract<WorldGenFeatureEmptyConfiguration>
bqf,F,field_202304_D,,,,,field,public static final WorldGenMegaTreeAbstract<WorldGenFeatureEmptyConfiguration>
bqf,G,field_202305_E,,,,,field,public static final WorldGenFlowers
bqf,H,field_202306_F,,,,,field,public static final WorldGenFlowers
bqf,I,field_202307_G,,,,,field,public static final WorldGenFlowers
bqf,J,field_202308_H,,,,,field,public static final WorldGenFlowers
bqf,K,field_202309_I,,,,,field,public static final WorldGenerator<WorldGenFeatureEmptyConfiguration>
bqf,L,field_202310_J,,,,,field,public static final WorldGenerator<WorldGenFeatureEmptyConfiguration>
bqf,M,field_202311_K,,,,,field,public static final WorldGenerator<WorldGenFeatureTallGrassConfiguration>
bqf,N,field_202312_L,,,,,field,public static final WorldGenerator<WorldGenFeatureEmptyConfiguration>
bqf,O,field_202313_M,,,,,field,public static final WorldGenerator<WorldGenFeatureEmptyConfiguration>
bqf,P,field_202314_N,,,,,field,public static final WorldGenerator<WorldGenFeatureEmptyConfiguration>
bqf,Q,field_202315_O,,,,,field,public static final WorldGenerator<WorldGenFeatureEmptyConfiguration>
bqf,R,field_202316_P,,,,,field,public static final WorldGenerator<WorldGenFeatureEmptyConfiguration>
bqf,S,field_202317_Q,,,,,field,public static final WorldGenerator<WorldGenFeatureEmptyConfiguration>
bqf,T,field_202318_R,,,,,field,public static final WorldGenerator<WorldGenFeatureEmptyConfiguration>
bqf,U,field_202319_S,,,,,field,public static final WorldGenerator<WorldGenFeatureEmptyConfiguration>
bqf,V,field_202320_T,,,,,field,public static final WorldGenerator<WorldGenFeatureEmptyConfiguration>
bqf,W,field_202321_U,,,,,field,public static final WorldGenerator<WorldGenFeatureEmptyConfiguration>
bqf,X,field_202322_V,,,,,field,public static final WorldGenerator<WorldGenFeatureEmptyConfiguration>
bqf,Y,field_202323_W,,,,,field,public static final WorldGenerator<WorldGenFeatureEmptyConfiguration>
bqf,Z,field_202324_X,,,,,field,public static final WorldGenerator<WorldGenFeatureEmptyConfiguration>
bqf,aa,field_202325_Y,,,,,field,public static final WorldGenerator<WorldGenFeatureEmptyConfiguration>
bqf,ab,field_202326_Z,,,,,field,public static final WorldGenerator<WorldGenFeatureEmptyConfiguration>
bqf,ac,field_202281_aa,,,,,field,public static final WorldGenerator<WorldGenFeatureEmptyConfiguration>
bqf,ad,field_202282_ab,,,,,field,public static final WorldGenerator<WorldGenFeatureEmptyConfiguration>
bqf,ae,field_205171_af,,,,,field,public static final WorldGenerator<WorldGenFeatureEmptyConfiguration>
bqf,af,field_205172_ag,,,,,field,public static final WorldGenerator<WorldGenFeatureIceburgConfiguration>
bqf,ag,field_202283_ac,,,,,field,public static final WorldGenerator<WorldGenFeatureBlockOffsetConfiguration>
bqf,ah,field_202284_ad,,,,,field,public static final WorldGenerator<WorldGenFeatureMushroomConfiguration>
bqf,ai,field_202285_ae,,,,,field,public static final WorldGenerator<WorldGenFeatureCircleConfiguration>
bqf,aj,field_202286_af,,,,,field,public static final WorldGenerator<WorldGenFeatureDoublePlantConfiguration>
bqf,ak,field_202287_ag,,,,,field,public static final WorldGenerator<WorldGenFeatureHellFlowingLavaConfiguration>
bqf,al,field_202288_ah,,,,,field,public static final WorldGenerator<WorldGenFeatureRadiusConfiguration>
bqf,am,field_202289_ai,,,,,field,public static final WorldGenerator<WorldGenFeatureLakeConfiguration>
bqf,an,field_202290_aj,,,,,field,public static final WorldGenerator<WorldGenFeatureOreConfiguration>
bqf,ao,field_202291_ak,,,,,field,public static final WorldGenerator<WorldGenFeatureRandomConfiguration>
bqf,ap,field_202292_al,,,,,field,public static final WorldGenerator<WorldGenFeatureRandomChoiceConfiguration>
bqf,aq,field_204620_ao,,,,,field,public static final WorldGenerator<WorldGenFeatureRandom2>
bqf,ar,field_202293_am,,,,,field,public static final WorldGenerator<WorldGenFeatureChoiceConfiguration>
bqf,as,field_202294_an,,,,,field,public static final WorldGenerator<WorldGenFeatureReplaceBlockConfiguration>
bqf,at,field_202295_ao,,,,,field,public static final WorldGenerator<WorldGenFeatureFlowingConfiguration>
bqf,au,field_202296_ap,,,,,field,public static final WorldGenerator<WorldGenFeatureEmptyConfiguration>
bqf,av,field_202297_aq,,,,,field,public static final WorldGenerator<WorldGenFeatureEmptyConfiguration>
bqf,aw,field_202298_ar,,,,,field,public static final WorldGenerator<WorldGenFeatureEmptyConfiguration>
bqf,ax,field_202299_as,,,,,field,public static final WorldGenerator<WorldGenEndGatewayConfiguration>
bqf,ay,field_203234_at,,,,,field,public static final WorldGenerator<WorldGenFeatureSeaGrassConfiguration>
bqf,az,field_203235_au,,,,,field,public static final WorldGenerator<WorldGenFeatureEmptyConfiguration>
bqf,aA,field_204621_ay,,,,,field,public static final WorldGenerator<WorldGenFeatureEmptyConfiguration>
bqf,aB,field_204622_az,,,,,field,public static final WorldGenerator<WorldGenFeatureEmptyConfiguration>
bqf,aC,field_204619_aA,,,,,field,public static final WorldGenerator<WorldGenFeatureEmptyConfiguration>
bqf,aD,field_204914_aC,,,,,field,public static final WorldGenerator<WorldGenFeatureKelpConfiguration>
bqf,aE,field_206922_aF,,,,,field,public static final WorldGenerator<WorldGenFeatureBlockConfiguration>
bqf,aF,field_202300_at,,,,,field,"public static final Map<String, StructureGenerator<?>>"
bqf,aG,field_76488_a,,,,,field,protected final boolean
bqg,e,field_202429_e,,,,,field,WorldGenFeatureEmptyConfiguration
bqh,a,field_202436_a,,,,,field,public final int
bqk,a,field_202356_a,,,,,field,private static final Block[]
bql,a,field_189890_a,,,,,field,private static final MinecraftKey
bql,b,field_189891_b,,,,,field,private static final MinecraftKey
bql,c,field_189892_c,,,,,field,private static final MinecraftKey
bql,d,field_189893_d,,,,,field,private static final MinecraftKey
bql,aH,field_189894_e,,,,,field,private static final MinecraftKey
bql,aI,field_189895_f,,,,,field,private static final MinecraftKey
bql,aJ,field_189896_g,,,,,field,private static final MinecraftKey
bql,aK,field_189897_h,,,,,field,private static final MinecraftKey
bql,aL,field_189898_i,,,,,field,private static final MinecraftKey
bql,aM,field_189899_j,,,,,field,private static final MinecraftKey
bql,aN,field_189900_k,,,,,field,private static final MinecraftKey
bql,aO,field_189901_l,,,,,field,private static final MinecraftKey
bql,aP,field_189902_m,,,,,field,private static final MinecraftKey
bql,aQ,field_189903_n,,,,,field,private static final MinecraftKey
bql,aR,field_189904_o,,,,,field,private static final MinecraftKey
bql,aS,field_189905_p,,,,,field,private static final MinecraftKey
bql,aT,field_189906_q,,,,,field,private static final MinecraftKey[]
bql,aU,field_189907_r,,,,,field,private static final MinecraftKey[]
bqm,a,field_150528_a,,,,,field,private final IBlockData
bqm,b,field_150527_b,,,,,field,private final IBlockData
bqo,a,field_202437_a,,,,,field,public final boolean
bqp,a,field_205173_a,,,,,field,private static final IBlockData
bqs,a,field_150555_a,,,,,field,private final Block
bqu,a,field_205191_a,,,,,field,public final IBlockData
br$a,a,field_193519_a,,,,,field,public static final CustomFunction$a
br$a,b,field_193520_b,,,,,field,private final MinecraftKey
br$a,c,field_193521_c,,,,,field,private boolean
br$a,d,field_193522_d,,,,,field,private CustomFunction
br$b,a,field_196999_a,,,,,field,private final com.mojang.brigadier.ParseResults<CommandListenerWrapper>
br$d,a,field_193524_a,,,,,field,private final CustomFunction$a
br,a,field_193530_b,,,,,field,private final CustomFunction$c[]
br,b,field_197002_b,,,,,field,private final MinecraftKey
brd,a,field_202438_a,,,,,field,public final Block
bre,a,field_205188_a,,,,,field,private static final IBlockData
brh,aH,field_181633_e,,,,,field,private static final IBlockData
brh,aI,field_181634_f,,,,,field,private static final IBlockData
brh,aJ,field_181635_g,,,,,field,private static final IBlockData
brh,aK,field_150542_e,,,,,field,private final boolean
bri,a,field_76522_a,,,,,field,protected final int
bri,b,field_76520_b,,,,,field,protected final IBlockData
bri,c,field_76521_c,,,,,field,protected final IBlockData
bri,d,field_150538_d,,,,,field,protected int
brk,a,field_202439_a,,,,,field,public final double
brk,b,field_202440_b,,,,,field,public final WorldGenMineshaft$Type
brl$a,e,field_202507_c,,,,,field,private WorldGenMineshaft$Type
brl$b,a,NORMAL,NORMAL,,,,enum,
brl$b,b,MESA,MESA,,,,enum,
brm,a,field_175918_a,,,,,field,private static final org.apache.logging.log4j.Logger
brm,b,field_175916_b,,,,,field,private static final EntityTypes<?>[]
brm,c,field_205189_c,,,,,field,private static final IBlockData
bro,b,field_202381_d,,,,,field,private static final List<BiomeBase$BiomeMeta>
brs$a,e,field_175791_c,,,,,field,private final Set<ChunkCoordIntPair>
brs$a,f,field_175790_d,,,,,field,private boolean
brs,b,field_175803_h,,,,,field,private static final List<BiomeBase$BiomeMeta>
brt,a,field_204031_a,,,,,field,public final WorldGenFeatureOceanRuin$Temperature
brt,b,field_204032_b,,,,,field,public final float
brt,c,field_204033_c,,,,,field,public final float
bru,a,field_202441_a,,,,,field,public static final Predicate<IBlockData>
bru,b,field_202442_b,,,,,field,public final Predicate<IBlockData>
bru,c,field_202443_c,,,,,field,public final int
bru,d,field_202444_d,,,,,field,public final IBlockData
brw,a,field_181636_a,,,,,field,private static final IBlockData
brw,b,field_181637_b,,,,,field,private static final IBlockData
bry,a,field_203622_a,,,,,field,public final float
bs,a,field_197004_a,,,,,field,private final IChatBaseComponent
bsa,a,field_202445_a,,,,,field,public final WorldGenerator<?>
bsa,b,field_202446_b,,,,,field,public final WorldGenFeatureConfiguration
bsa,c,field_202447_c,,,,,field,public final WorldGenerator<?>
bsa,d,field_202448_d,,,,,field,public final WorldGenFeatureConfiguration
bsc,a,field_202449_a,,,,,field,public final WorldGenerator<?>[]
bsc,b,field_202450_b,,,,,field,public final WorldGenFeatureConfiguration[]
bsc,c,field_202451_c,,,,,field,public final float[]
bsc,d,field_202452_d,,,,,field,public final WorldGenerator<?>
bsc,f,field_202453_f,,,,,field,public final WorldGenFeatureConfiguration
bse,a,field_202454_a,,,,,field,public final WorldGenerator<?>[]
bse,b,field_202455_b,,,,,field,public final WorldGenFeatureConfiguration[]
bse,c,field_202456_c,,,,,field,public final int
bsi,a,field_202457_a,,,,,field,public final Predicate<IBlockData>
bsi,b,field_202458_b,,,,,field,public final IBlockData
bsk,a,field_181640_a,,,,,field,private static final IBlockData
bsk,b,field_181641_b,,,,,field,private static final IBlockData
bsl,a,field_181643_a,,,,,field,private static final IBlockData
bsl,b,field_181644_b,,,,,field,private static final IBlockData
bso,a,field_203237_a,,,,,field,public final int
bso,b,field_203238_b,,,,,field,public final double
bsp,a,field_204753_a,,,,,field,public final boolean
bsr,a,field_206924_a,,,,,field,final IBlockData
bsr,b,field_206925_b,,,,,field,final List<IBlockData>
bsr,c,field_206926_c,,,,,field,final List<IBlockData>
bsr,d,field_206927_d,,,,,field,final List<IBlockData>
bst,a,field_204628_a,,,,,field,public final WorldGenerator<?>[]
bst,b,field_204629_b,,,,,field,public final WorldGenFeatureConfiguration[]
bsw$a,a,field_186155_a,,,,,field,private final int
bsw$a,b,field_186156_b,,,,,field,private final int
bsw$a,c,field_186157_c,,,,,field,private final int
bsw$a,d,field_186158_d,,,,,field,private final int
bsw$a,e,field_186159_e,,,,,field,private final boolean
bsw$a,f,field_186160_f,,,,,field,private final AxisAlignedBB
bsw,a,field_186145_a,,,,,field,private boolean
bsw,b,field_186146_b,,,,,field,private WorldGenEnder$Spike
bsw,c,field_186147_c,,,,,field,private BlockPosition
bsx,a,field_202459_a,,,,,field,public final FluidType
bsz,a,field_181645_a,,,,,field,private static final IBlockData
bsz,b,field_181646_b,,,,,field,private static final IBlockData
btb,b,field_75056_f,,,,,field,private boolean
btb,c,field_75057_g,,,,,field,private ChunkCoordIntPair[]
btb,d,field_202387_av,,,,,field,private long
btc,b,field_208204_b,,,,,field,private static final org.apache.logging.log4j.Logger
btc,a,field_202376_c,,,,,field,public static final StructureStart
bte,a,field_181648_a,,,,,field,private static final IBlockData
bte,b,field_181649_b,,,,,field,private static final IBlockData
btg,b,field_202384_d,,,,,field,private static final List<BiomeBase$BiomeMeta>
bti,a,field_202460_a,,,,,field,public final IBlockData
btk,b,field_181653_a,,,,,field,private static final IBlockData
btk,c,field_181654_b,,,,,field,private static final IBlockData
btk,a,field_76533_a,,,,,field,protected final int
btk,d,field_76531_b,,,,,field,private final boolean
btk,aH,field_76532_c,,,,,field,private final IBlockData
btk,aI,field_76530_d,,,,,field,private final IBlockData
btl,a,field_202461_a,,,,,field,public final int
btl,b,field_202462_b,,,,,field,public final WorldGenVillagePieces$Material
btm$a,e,field_75076_c,,,,,field,private boolean
btr$a,e,field_191093_c,,,,,field,private boolean
btt,a,field_175901_b,,,,,field,private final IBlockData
btt,b,field_82664_a,,,,,field,private final int
btt,c,field_82661_d,,,,,field,private int
btu,w,field_211404_q,,,,,field,private static final org.apache.logging.log4j.Logger
btu,x,field_202250_m,,,,,field,"private static final WorldGenFeatureComposite<WorldGenMineshaftConfiguration, WorldGenFeatureDecoratorEmptyConfiguration>"
btu,y,field_202251_n,,,,,field,"private static final WorldGenFeatureComposite<WorldGenFeatureVillageConfiguration, WorldGenFeatureDecoratorEmptyConfiguration>"
btu,z,field_202252_o,,,,,field,"private static final WorldGenFeatureComposite<WorldGenFeatureStrongholdConfiguration, WorldGenFeatureDecoratorEmptyConfiguration>"
btu,A,field_202253_p,,,,,field,"private static final WorldGenFeatureComposite<WorldGenFeatureSwampHutConfiguration, WorldGenFeatureDecoratorEmptyConfiguration>"
btu,B,field_202254_q,,,,,field,"private static final WorldGenFeatureComposite<WorldGenFeatureDesertPyramidConfiguration, WorldGenFeatureDecoratorEmptyConfiguration>"
btu,C,field_202255_r,,,,,field,"private static final WorldGenFeatureComposite<WorldGenFeatureJunglePyramidConfiguration, WorldGenFeatureDecoratorEmptyConfiguration>"
btu,D,field_202256_s,,,,,field,"private static final WorldGenFeatureComposite<WorldGenFeatureIglooConfiguration, WorldGenFeatureDecoratorEmptyConfiguration>"
btu,E,field_204750_v,,,,,field,"private static final WorldGenFeatureComposite<WorldGenFeatureShipwreckConfiguration, WorldGenFeatureDecoratorEmptyConfiguration>"
btu,F,field_202257_t,,,,,field,"private static final WorldGenFeatureComposite<WorldGenMonumentConfiguration, WorldGenFeatureDecoratorEmptyConfiguration>"
btu,G,field_202258_u,,,,,field,"private static final WorldGenFeatureComposite<WorldGenFeatureLakeConfiguration, WorldGenDecoratorLakeChanceConfiguration>"
btu,H,field_202259_v,,,,,field,"private static final WorldGenFeatureComposite<WorldGenFeatureLakeConfiguration, WorldGenDecoratorLakeChanceConfiguration>"
btu,I,field_202260_w,,,,,field,"private static final WorldGenFeatureComposite<WorldGenEndCityConfiguration, WorldGenFeatureDecoratorEmptyConfiguration>"
btu,J,field_202261_x,,,,,field,"private static final WorldGenFeatureComposite<WorldGenMansionConfiguration, WorldGenFeatureDecoratorEmptyConfiguration>"
btu,K,field_202262_y,,,,,field,"private static final WorldGenFeatureComposite<WorldGenNetherConfiguration, WorldGenFeatureDecoratorEmptyConfiguration>"
btu,L,field_204028_A,,,,,field,"private static final WorldGenFeatureComposite<WorldGenFeatureOceanRuinConfiguration, WorldGenFeatureDecoratorEmptyConfiguration>"
btu,t,field_202248_k,,,,,field,"public static final Map<WorldGenFeatureComposite<?, ?>, WorldGenStage$Decoration>"
btu,u,field_202247_j,,,,,field,"public static final Map<String, WorldGenFeatureComposite<?, ?>[]>"
btu,v,field_202249_l,,,,,field,"public static final Map<WorldGenFeatureComposite<?, ?>, WorldGenFeatureConfiguration>"
btu,M,field_82655_a,,,,,field,private final List<WorldGenFlatLayerInfo>
btu,N,field_82653_b,,,,,field,"private final Map<String, Map<String, String>>"
btu,O,field_82654_c,,,,,field,private BiomeBase
btu,P,field_202244_C,,,,,field,private final IBlockData[]
btu,Q,field_202245_D,,,,,field,private boolean
btu,R,field_202246_E,,,,,field,private int
bu,a,field_197039_a,,,,,field,public static final com.mojang.brigadier.exceptions.SimpleCommandExceptionType
bu,b,field_197040_b,,,,,field,public static final com.mojang.brigadier.exceptions.SimpleCommandExceptionType
bu,c,field_197041_c,base,,,,field,private final ICommandListener
bu,d,field_197042_d,,,,,field,private final Vec3D
bu,e,field_197043_e,,,,,field,private final WorldServer
bu,f,field_197044_f,,,,,field,private final int
bu,g,field_197045_g,,,,,field,private final String
bu,h,field_197046_h,,,,,field,private final IChatBaseComponent
bu,i,field_197047_i,,,,,field,private final MinecraftServer
bu,j,field_197048_j,,,,,field,private final boolean
bu,k,field_197049_k,,,,,field,private final Entity
bu,l,field_197050_l,,,,,field,private final com.mojang.brigadier.ResultConsumer<CommandListenerWrapper>
bu,m,field_201011_m,,,,,field,private final ArgumentAnchor$Anchor
bu,n,field_201012_n,,,,,field,private final Vec2F
bum,a,field_206928_a,,,,,field,final WorldGenStage$Features
bum,b,field_206929_b,,,,,field,final float
bun,a,field_202477_a,,,,,field,public final int
buo,a,field_202476_a,,,,,field,public final int
bup,a,field_202481_a,,,,,field,public final int
bup,b,field_202482_b,,,,,field,public final float
buq,a,field_202478_a,,,,,field,public final int
buq,b,field_202479_b,,,,,field,public final float
buq,c,field_202480_c,,,,,field,public final int
bur,a,field_204630_a,,,,,field,public final int
bur,b,field_204631_b,,,,,field,public final double
bus,a,field_204632_a,,,,,field,public final int
bus,b,field_204633_b,,,,,field,public final int
but,a,field_202483_a,,,,,field,public final int
but,b,field_202484_b,,,,,field,public final int
but,c,field_202485_c,,,,,field,public final int
bv,a,field_197061_a,,,,,field,private static final org.apache.logging.log4j.Logger
bv,b,field_197062_b,,,,,field,private final com.mojang.brigadier.CommandDispatcher<CommandListenerWrapper>
bva,a,field_202486_a,,,,,field,public final int
bvd,a,field_202487_a,,,,,field,public final int
bvj,a,field_202467_a,,,,,field,"private static final com.google.common.cache.LoadingCache<Long, WorldGenEnder$Spike[]>"
bvv,a,field_202525_a,,,,,field,protected static final IBlockData
bvv,b,field_202526_b,,,,,field,protected static final IBlockData
bvv,c,field_202527_c,,,,,field,protected static final Fluid
bvv,d,field_202529_e,,,,,field,protected static final Fluid
bvv,e,field_202531_g,,,,,field,protected Set<Block>
bvv,f,field_204634_f,,,,,field,protected Set<FluidType>
bvw,a,field_78897_a,,,,,field,public int
bvw,b,field_78895_b,,,,,field,public int
bvw,c,field_78896_c,,,,,field,public int
bvw,d,field_78893_d,,,,,field,public int
bvw,e,field_78894_e,,,,,field,public int
bvw,f,field_78892_f,,,,,field,public int
bvy,g,field_202536_i,,,,,field,private final float[]
bw$a,a,field_209004_a,,,,,field,public static final ICompletionProvider$a
bw$a,b,field_209005_b,,,,,field,public static final ICompletionProvider$a
bw$a,c,field_209006_c,,,,,field,public final String
bw$a,d,field_209007_d,,,,,field,public final String
bw$a,e,field_209008_e,,,,,field,public final String
bwa,a,field_203623_a,,,,,field,private final WorldGenCarver<C>
bwa,b,field_203624_b,,,,,field,private final C
bwb,e,field_202598_e,,,,,field,private final boolean[]
bwc$3,a,field_186186_a,,,,,field,public boolean
bwc$a,d,field_186181_d,,,,,field,private String
bwc$a,e,field_186182_e,,,,,field,private EnumBlockRotation
bwc$a,f,field_186183_f,,,,,field,private boolean
bwc,a,field_186202_b,,,,,field,private static final DefinedStructureInfo
bwc,b,field_186203_c,,,,,field,private static final DefinedStructureInfo
bwc,c,field_186204_d,,,,,field,private static final WorldGenEndCityPieces$PieceGenerator
bwc,d,field_186205_e,,,,,field,"private static final List<Tuple<EnumBlockRotation, BlockPosition>>"
bwc,e,field_186206_f,,,,,field,private static final WorldGenEndCityPieces$PieceGenerator
bwc,f,field_186207_g,,,,,field,private static final WorldGenEndCityPieces$PieceGenerator
bwc,g,field_186208_h,,,,,field,"private static final List<Tuple<EnumBlockRotation, BlockPosition>>"
bwc,h,field_186209_i,,,,,field,private static final WorldGenEndCityPieces$PieceGenerator
bwe$a,d,field_207615_d,,,,,field,private MinecraftKey
bwe$a,e,field_207616_e,,,,,field,private EnumBlockRotation
bwe,a,field_202592_e,,,,,field,private static final MinecraftKey
bwe,b,field_202593_f,,,,,field,private static final MinecraftKey
bwe,c,field_202594_g,,,,,field,private static final MinecraftKey
bwe,d,field_207621_d,,,,,field,"private static final Map<MinecraftKey, BlockPosition>"
bwe,e,field_207622_e,,,,,field,"private static final Map<MinecraftKey, BlockPosition>"
bwf,e,field_202586_e,,,,,field,private boolean
bwf,f,field_202587_f,,,,,field,private boolean
bwf,g,field_202588_g,,,,,field,private boolean
bwf,h,field_202589_h,,,,,field,private boolean
bwf,i,field_202590_i,,,,,field,private static final WorldGenJunglePyramidPiece$a
bwg$a,a,field_208228_a,,,,,field,private static final String[]
bwg$b,a,field_208225_a,,,,,field,private static final String[]
bwg$b,b,field_208226_b,,,,,field,private static final String[]
bwg$c,a,field_208227_a,,,,,field,private static final String[]
bwg,a,field_208219_a,,,,,field,private static final org.apache.logging.log4j.Logger
bwg,b,field_208220_b,,,,,field,"private static final Map<String, String>"
bwg,c,field_208221_c,,,,,field,"private static final Map<String, String>"
bwg,d,field_208222_d,,,,,field,private final boolean
bwg,e,field_208223_e,,,,,field,"private final Map<String, it.unimi.dsi.fastutil.longs.Long2ObjectMap<NBTTagCompound>>"
bwg,f,field_208224_f,,,,,field,"private final Map<String, PersistentIndexed>"
bwh$a,b,field_74958_a,,,,,field,private boolean
bwh$a,c,field_74956_b,,,,,field,private boolean
bwh$a,d,field_74957_c,,,,,field,private boolean
bwh$a,e,field_74955_d,,,,,field,private int
bwh$b,b,field_74953_a,,,,,field,private EnumDirection
bwh$b,c,field_74952_b,,,,,field,private boolean
bwh$c,a,field_189920_a,,,,,field,protected WorldGenMineshaft$Type
bwh$d,b,field_74949_a,,,,,field,private final List<StructureBoundingBox>
bwi$b,a,field_74972_a,,,,,field,private int
bwi$h,a,field_111021_b,,,,,field,private boolean
bwi$j,a,field_111020_b,,,,,field,private boolean
bwi$l,a,field_74976_a,,,,,field,private boolean
bwi$n,a,field_78828_a,,,,,field,public Class<? extends WorldGenNetherPieces$WorldGenNetherPiece>
bwi$n,b,field_78826_b,,,,,field,public final int
bwi$n,c,field_78827_c,,,,,field,public int
bwi$n,d,field_78824_d,,,,,field,public int
bwi$n,e,field_78825_e,,,,,field,public boolean
bwi$q,a,field_74970_a,,,,,field,public WorldGenNetherPieces$WorldGenNetherPieceWeight
bwi$q,b,field_74968_b,,,,,field,public List<WorldGenNetherPieces$WorldGenNetherPieceWeight>
bwi$q,c,field_74969_c,,,,,field,public List<WorldGenNetherPieces$WorldGenNetherPieceWeight>
bwi$q,d,field_74967_d,,,,,field,public List<StructurePiece>
bwi,a,field_78742_a,,,,,field,private static final WorldGenNetherPieces$WorldGenNetherPieceWeight[]
bwi,b,field_78741_b,,,,,field,private static final WorldGenNetherPieces$WorldGenNetherPieceWeight[]
bwj$h,p,field_175845_o,,,,,field,private WorldGenMonumentPieces$WorldGenMonumentStateTracker
bwj$h,q,field_175844_p,,,,,field,private WorldGenMonumentPieces$WorldGenMonumentStateTracker
bwj$h,r,field_175843_q,,,,,field,private final List<WorldGenMonumentPieces$WorldGenMonumentPiece>
bwj$r,a,field_175828_a,,,,,field,protected static final IBlockData
bwj$r,b,field_175826_b,,,,,field,protected static final IBlockData
bwj$r,c,field_175827_c,,,,,field,protected static final IBlockData
bwj$r,d,field_175824_d,,,,,field,protected static final IBlockData
bwj$r,e,field_175825_e,,,,,field,protected static final IBlockData
bwj$r,f,field_175822_f,,,,,field,protected static final IBlockData
bwj$r,g,field_212180_g,,,,,field,protected static final Set<Block>
bwj$r,h,field_175823_g,,,,,field,protected static final int
bwj$r,i,field_175831_h,,,,,field,protected static final int
bwj$r,j,field_175832_i,,,,,field,protected static final int
bwj$r,k,field_175829_j,,,,,field,protected static final int
bwj$r,l,field_175830_k,,,,,field,protected WorldGenMonumentPieces$WorldGenMonumentStateTracker
bwj$s,p,field_175833_o,,,,,field,private int
bwj$u,p,field_175834_o,,,,,field,private int
bwj$v,a,field_175967_a,,,,,field,private final int
bwj$v,b,field_175965_b,,,,,field,private final WorldGenMonumentPieces$WorldGenMonumentStateTracker[]
bwj$v,c,field_175966_c,,,,,field,private final boolean[]
bwj$v,d,field_175963_d,,,,,field,private boolean
bwj$v,e,field_175964_e,,,,,field,private boolean
bwj$v,f,field_175962_f,,,,,field,private int
bwk$b,a,WARM,WARM,,,,enum,
bwk$b,b,COLD,COLD,,,,enum,
bwl$a,d,field_204036_d,,,,,field,private WorldGenFeatureOceanRuin$Temperature
bwl$a,e,field_204037_e,,,,,field,private float
bwl$a,f,field_204038_f,,,,,field,private MinecraftKey
bwl$a,g,field_204039_g,,,,,field,private EnumBlockRotation
bwl$a,h,field_204040_h,,,,,field,private boolean
bwl,a,field_204058_G,,,,,field,private static final MinecraftKey[]
bwl,b,field_204059_H,,,,,field,private static final MinecraftKey[]
bwl,c,field_204053_B,,,,,field,private static final MinecraftKey[]
bwl,d,field_204061_J,,,,,field,private static final MinecraftKey[]
bwl,e,field_204062_K,,,,,field,private static final MinecraftKey[]
bwl,f,field_204066_O,,,,,field,private static final MinecraftKey[]
bwl,g,field_204070_S,,,,,field,private static final MinecraftKey[]
bwl,h,field_204049_ab,,,,,field,private static final MinecraftKey[]
bwm,a,field_202581_a,,,,,field,protected int
bwm,b,field_202582_b,,,,,field,protected int
bwm,c,field_202583_c,,,,,field,protected int
bwm,d,field_202584_d,,,,,field,protected int
bwn$a,d,field_204755_d,,,,,field,private EnumBlockRotation
bwn$a,e,field_204756_e,,,,,field,private MinecraftKey
bwn$a,f,field_204757_f,,,,,field,private boolean
bwn,a,field_207663_a,,,,,field,private static final BlockPosition
bwn,b,field_204761_a,,,,,field,private static final MinecraftKey[]
bwn,c,field_204762_b,,,,,field,private static final MinecraftKey[]
bwo$a,a,field_75002_c,,,,,field,private boolean
bwo$b,a,field_74993_a,,,,,field,private int
bwo$c,a,field_74996_b,,,,,field,private boolean
bwo$c,b,field_74997_c,,,,,field,private boolean
bwo$c,c,field_74995_d,,,,,field,private boolean
bwo$c,e,field_74999_h,,,,,field,private boolean
bwo$e,a,field_75008_c,,,,,field,private boolean
bwo$f,a,field_75194_a,,,,,field,public Class<? extends WorldGenStrongholdPieces$WorldGenStrongholdPiece>
bwo$f,b,field_75192_b,,,,,field,public final int
bwo$f,c,field_75193_c,,,,,field,public int
bwo$f,d,field_75191_d,,,,,field,public int
bwo$g,a,field_75005_a,,,,,field,private boolean
bwo$j,a,field_75013_b,,,,,field,protected int
bwo$l,a,field_75024_a,,,,,field,private boolean
bwo$m,a,field_75027_a,,,,,field,public WorldGenStrongholdPieces$WorldGenStrongholdPieceWeight
bwo$m,b,field_75025_b,,,,,field,public WorldGenStrongholdPieces$WorldGenStrongholdPortalRoom
bwo$m,c,field_75026_c,,,,,field,public List<StructurePiece>
bwo$n,a,field_75019_b,,,,,field,private boolean
bwo$n,b,field_75020_c,,,,,field,private boolean
bwo$p$a,a,OPENING,OPENING,,,,enum,
bwo$p$a,b,WOOD_DOOR,WOOD_DOOR,,,,enum,
bwo$p$a,c,GRATES,GRATES,,,,enum,
bwo$p$a,d,IRON_DOOR,IRON_DOOR,,,,enum,
bwo$p,d,field_143013_d,,,,,field,protected WorldGenStrongholdPieces$WorldGenStrongholdPiece$WorldGenStrongholdDoorType
bwo,a,field_75205_b,,,,,field,private static final WorldGenStrongholdPieces$WorldGenStrongholdPieceWeight[]
bwo,b,field_75206_c,,,,,field,private static List<WorldGenStrongholdPieces$WorldGenStrongholdPieceWeight>
bwo,c,field_75203_d,,,,,field,private static Class<? extends WorldGenStrongholdPieces$WorldGenStrongholdPiece>
bwo,d,field_75207_a,,,,,field,private static int
bwo,e,field_75204_e,,,,,field,private static final WorldGenStrongholdPieces$WorldGenStrongholdStones
bwp,a,field_151687_a,,,,,field,private static final org.apache.logging.log4j.Logger
bwp,b,field_143040_a,,,,,field,"private static final Map<String, Class<? extends StructureStart>>"
bwp,c,field_143038_b,,,,,field,"private static final Map<Class<? extends StructureStart>, String>"
bwp,d,field_143039_c,,,,,field,"private static final Map<String, Class<? extends StructurePiece>>"
bwp,e,field_143037_d,,,,,field,"private static final Map<Class<? extends StructurePiece>, String>"
bwq,a,field_208026_a,,,,,field,private it.unimi.dsi.fastutil.longs.LongSet
bwq,b,field_208027_b,,,,,field,private it.unimi.dsi.fastutil.longs.LongSet
bws$a,a,field_151562_a,,,,,field,protected IBlockData
bws,m,field_202556_l,,,,,field,protected static final IBlockData
bws,n,field_74887_e,,,,,field,protected StructureBoundingBox
bws,a,field_74885_f,,,,,field,private EnumDirection
bws,b,field_186168_b,,,,,field,private EnumBlockMirror
bws,c,field_186169_c,,,,,field,private EnumBlockRotation
bws,o,field_74886_g,,,,,field,protected int
bws,d,field_211413_d,,,,,field,private static final Set<Block>
bwt,a,field_75075_a,,,,,field,protected final List<StructurePiece>
bwt,b,field_75074_b,,,,,field,protected StructureBoundingBox
bwt,c,field_143024_c,,,,,field,protected int
bwt,d,field_143023_d,,,,,field,protected int
bwt,e,field_202505_e,,,,,field,private BiomeBase
bwu,e,field_202596_e,,,,,field,private boolean
bwv,d,field_186179_d,,,,,field,private static final DefinedStructureInfo
bwv,a,field_186176_a,,,,,field,protected DefinedStructure
bwv,b,field_186177_b,,,,,field,protected DefinedStructureInfo
bwv,c,field_186178_c,,,,,field,protected BlockPosition
bww,g,field_203628_i,,,,,field,private final float[]
bwy$b,a,field_82679_b,,,,,field,private IBlockData
bwy$b,b,field_82680_c,,,,,field,private IBlockData
bwy$b,c,field_82678_d,,,,,field,private IBlockData
bwy$b,d,field_82681_h,,,,,field,private IBlockData
bwy$c,a,field_82675_b,,,,,field,private IBlockData
bwy$c,b,field_82676_c,,,,,field,private IBlockData
bwy$e,a,field_75090_a,,,,,field,public Class<? extends WorldGenVillagePieces$WorldGenVillagePiece>
bwy$e,b,field_75088_b,,,,,field,public final int
bwy$e,c,field_75089_c,,,,,field,public int
bwy$e,d,field_75087_d,,,,,field,public int
bwy$g,a,field_74913_b,,,,,field,private boolean
bwy$h,a,field_74909_b,,,,,field,private boolean
bwy$h,b,field_74910_c,,,,,field,private int
bwy$j,a,field_74917_c,,,,,field,private boolean
bwy$k,a,field_74928_c,,,,,field,public int
bwy$k,b,field_74926_d,,,,,field,public WorldGenVillagePieces$WorldGenVillagePieceWeight
bwy$k,c,field_74931_h,,,,,field,public List<WorldGenVillagePieces$WorldGenVillagePieceWeight>
bwy$k,d,field_74932_i,,,,,field,public List<StructurePiece>
bwy$k,e,field_74930_j,,,,,field,public List<StructurePiece>
bwy$l,a,field_74934_a,,,,,field,private int
bwy$n,a,OAK,OAK,,,,enum,
bwy$n,b,SANDSTONE,SANDSTONE,,,,enum,
bwy$n,c,ACACIA,ACACIA,,,,enum,
bwy$n,d,SPRUCE,SPRUCE,,,,enum,
bwy$n,e,field_202605_e,,,,,field,private final int
bwy$o,f,field_143015_k,,,,,field,protected int
bwy$o,a,field_74896_a,,,,,field,private int
bwy$o,g,field_189928_h,,,,,field,protected WorldGenVillagePieces$Material
bwy$o,h,field_189929_i,,,,,field,protected boolean
bwz$c,a,field_191117_a,,,,,field,private final Random
bwz$c,b,field_191118_b,,,,,field,private final WorldGenWoodlandMansionPieces$g
bwz$c,c,field_191119_c,,,,,field,private final WorldGenWoodlandMansionPieces$g
bwz$c,d,field_191120_d,,,,,field,private final WorldGenWoodlandMansionPieces$g[]
bwz$c,e,field_191121_e,,,,,field,private final int
bwz$c,f,field_191122_f,,,,,field,private final int
bwz$d,a,field_191134_a,,,,,field,private final DefinedStructureManager
bwz$d,b,field_191135_b,,,,,field,private final Random
bwz$d,c,field_191136_c,,,,,field,private int
bwz$d,d,field_191137_d,,,,,field,private int
bwz$e,a,field_191138_a,,,,,field,public EnumBlockRotation
bwz$e,b,field_191139_b,,,,,field,public BlockPosition
bwz$e,c,field_191140_c,,,,,field,public String
bwz$g,a,field_191148_a,,,,,field,private final int[][]
bwz$g,b,field_191149_b,,,,,field,private final int
bwz$g,c,field_191150_c,,,,,field,private final int
bwz$g,d,field_191151_d,,,,,field,private final int
bwz$i,d,field_191082_d,,,,,field,private String
bwz$i,e,field_191083_e,,,,,field,private EnumBlockRotation
bwz$i,f,field_191084_f,,,,,field,private EnumBlockMirror
bx,b,field_201306_b,,,,,field,private static final Collection<String>
bx,a,field_197066_a,,,,,field,public static final com.mojang.brigadier.exceptions.DynamicCommandExceptionType
bxc,a,field_189944_a,,,,,field,private final float
bxc,b,field_189945_b,,,,,field,private final Random
bxd,a,field_195431_a,,,,,field,private static final org.apache.logging.log4j.Logger
bxd,b,field_186240_a,,,,,field,"private final Map<MinecraftKey, DefinedStructure>"
bxd,c,field_191154_c,,,,,field,private final com.mojang.datafixers.DataFixer
bxd,d,field_195432_d,,,,,field,private final MinecraftServer
bxd,e,field_195433_e,,,,,field,private final Path
bxe,a,field_186228_a,,,,,field,private EnumBlockMirror
bxe,b,field_186229_b,,,,,field,private EnumBlockRotation
bxe,c,field_207666_c,,,,,field,private BlockPosition
bxe,d,field_186230_c,,,,,field,private boolean
bxe,e,field_186231_d,,,,,field,private Block
bxe,f,field_186232_e,,,,,field,private ChunkCoordIntPair
bxe,g,field_186233_f,,,,,field,private StructureBoundingBox
bxe,h,field_186234_g,,,,,field,private boolean
bxe,i,field_204765_h,,,,,field,private boolean
bxe,j,field_189951_h,,,,,field,private float
bxe,k,field_189952_i,,,,,field,private Random
bxe,l,field_189953_j,,,,,field,private Long
bxe,m,field_204766_l,,,,,field,private Integer
bxe,n,field_204767_m,,,,,field,private int
bxg$a,a,field_189957_a,,,,,field,public static final IBlockData
bxg$a,b,field_189958_b,,,,,field,private final RegistryBlockID<IBlockData>
bxg$a,c,field_189959_c,,,,,field,private int
bxg$b,a,field_186242_a,,,,,field,public final BlockPosition
bxg$b,b,field_186243_b,,,,,field,public final IBlockData
bxg$b,c,field_186244_c,,,,,field,public final NBTTagCompound
bxg$c,a,field_186247_a,,,,,field,public final Vec3D
bxg$c,b,field_186248_b,,,,,field,public final BlockPosition
bxg$c,c,field_186249_c,,,,,field,public final NBTTagCompound
bxg,a,field_204769_a,,,,,field,private final List<List<DefinedStructure$BlockInfo>>
bxg,b,field_186271_b,,,,,field,private final List<DefinedStructure$EntityInfo>
bxg,c,field_186272_c,,,,,field,private BlockPosition
bxg,d,field_186273_d,,,,,field,private String
bxi,a,field_205550_a,,,,,field,private final WorldGenSurface<C>
bxi,b,field_205551_b,,,,,field,private final C
bxm,a,field_205192_a,,,,,field,protected static final IBlockData
bxm,b,field_205193_b,,,,,field,protected static final IBlockData
bxm,c,field_205195_d,,,,,field,private static final IBlockData
bxm,d,field_205196_e,,,,,field,private static final IBlockData
bxm,e,field_205197_f,,,,,field,private static final IBlockData
bxm,f,field_205199_h,,,,,field,private NoiseGenerator3
bxm,g,field_205200_i,,,,,field,private NoiseGenerator3
bxm,h,field_205201_j,,,,,field,private long
bxn,f,field_202634_f,,,,,field,private static final IBlockData
bxn,g,field_202635_g,,,,,field,private static final IBlockData
bxn,h,field_202636_h,,,,,field,private static final IBlockData
bxo,f,field_202627_f,,,,,field,private static final IBlockData
bxo,g,field_202628_g,,,,,field,private static final IBlockData
bxo,h,field_202629_h,,,,,field,private static final IBlockData
bxp,f,field_202620_f,,,,,field,private static final IBlockData
bxp,g,field_202621_g,,,,,field,private static final IBlockData
bxp,h,field_202622_h,,,,,field,private static final IBlockData
bxp,i,field_202623_i,,,,,field,private static final IBlockData
bxp,j,field_202624_j,,,,,field,private static final IBlockData
bxp,k,field_202625_k,,,,,field,private static final IBlockData
bxp,l,field_202626_l,,,,,field,private static final IBlockData
bxp,a,field_202615_a,,,,,field,protected IBlockData[]
bxp,b,field_202616_b,,,,,field,protected long
bxp,c,field_202617_c,,,,,field,protected NoiseGenerator3
bxp,d,field_202618_d,,,,,field,protected NoiseGenerator3
bxp,e,field_202619_e,,,,,field,protected NoiseGenerator3
bxq,c,field_205554_c,,,,,field,private static final IBlockData
bxq,d,field_205555_d,,,,,field,private static final IBlockData
bxq,e,field_205556_e,,,,,field,private static final IBlockData
bxq,f,field_205557_f,,,,,field,private static final IBlockData
bxq,a,field_205552_a,,,,,field,protected long
bxq,b,field_205553_b,,,,,field,protected NoiseGeneratorOctaves
bxu,a,field_204111_a,,,,,field,private final IBlockData
bxu,b,field_204112_b,,,,,field,private final IBlockData
bxu,c,field_204113_c,,,,,field,private final IBlockData
bxz,d,field_76312_d,,,,,field,private final int[]
bxz,a,field_76315_a,,,,,field,public double
bxz,b,field_76313_b,,,,,field,public double
bxz,c,field_76314_c,,,,,field,public double
bxz,e,field_152381_e,,,,,field,private static final double[]
bxz,f,field_152382_f,,,,,field,private static final double[]
bxz,g,field_152383_g,,,,,field,private static final double[]
bxz,h,field_152384_h,,,,,field,private static final double[]
bxz,i,field_152385_i,,,,,field,private static final double[]
by,b,field_201307_b,,,,,field,private static final Collection<String>
by,a,field_197070_a,,,,,field,public static final com.mojang.brigadier.exceptions.DynamicCommandExceptionType
bya,a,field_76307_a,,,,,field,private final NoiseGeneratorPerlin[]
bya,b,field_76306_b,,,,,field,private final int
byb,a,field_151603_a,,,,,field,private final NoiseGenerator3Handler[]
byb,b,field_151602_b,,,,,field,private final int
byc,e,field_151611_e,,,,,field,private static final int[][]
byc,a,field_151614_a,,,,,field,public static final double
byc,f,field_151608_f,,,,,field,private final int[]
byc,b,field_151612_b,,,,,field,public double
byc,c,field_151613_c,,,,,field,public double
byc,d,field_151610_d,,,,,field,public double
byc,g,field_151609_g,,,,,field,private static final double
byc,h,field_151615_h,,,,,field,private static final double
byf,a,field_202672_b,,,,,field,private static final org.apache.logging.log4j.Logger
byf,b,field_202673_c,,,,,field,private final it.unimi.dsi.fastutil.ints.IntPriorityQueue
byf,c,field_202674_d,,,,,field,private static final EnumDirection[]
byi,a,field_202676_b,,,,,field,public static final EnumDirection[]
byl,a,field_207209_a,FALLING,,,,field,public static final BlockStateBoolean
byl,b,field_207210_b,LEVEL,,,,field,public static final BlockStateInteger
bym,a,field_207199_a,,,,,field,private static final MinecraftKey
bym,c,field_205588_a,,,,,field,"public static final RegistryBlocks<MinecraftKey, FluidType>"
bym,d,field_207201_d,,,,,field,public static final RegistryBlockID<Fluid>
bym,e,field_207202_e,,,,,field,"protected final BlockStateList<FluidType, Fluid>"
bym,b,field_207200_b,,,,,field,private Fluid
byp,f,field_207214_f,,,,,field,private static final Set<FluidType>
byp,a,field_204541_a,,,,,field,public static final FluidType
byp,b,field_207212_b,,,,,field,public static final FluidTypeFlowing
byp,c,field_204546_a,,,,,field,public static final FluidTypeFlowing
byp,d,field_207213_d,,,,,field,public static final FluidTypeFlowing
byp,e,field_204547_b,,,,,field,public static final FluidTypeFlowing
byr$a,a,field_200512_a,,,,,field,private EnumPistonReaction
byr$a,b,field_200513_b,,,,,field,private boolean
byr$a,c,field_200514_c,,,,,field,private boolean
byr$a,d,field_200515_d,,,,,field,private boolean
byr$a,e,field_200516_e,,,,,field,private boolean
byr$a,f,field_200517_f,,,,,field,private boolean
byr$a,g,field_200518_g,,,,,field,private boolean
byr$a,h,field_200519_h,,,,,field,private final MaterialMapColor
byr$a,i,field_200520_i,,,,,field,private boolean
byr,a,field_151579_a,AIR,,,,field,public static final Material
byr,b,field_189963_J,STRUCTURE_VOID,,,,field,public static final Material
byr,c,field_151567_E,PORTAL,,,,field,public static final Material
byr,d,field_151593_r,WOOL,,,,field,public static final Material
byr,e,field_151585_k,PLANT,,,,field,public static final Material
byr,f,field_203243_f,WATER_PLANT,,,,field,public static final Material
byr,g,field_151582_l,REPLACEABLE_PLANT,,,,field,public static final Material
byr,h,field_204868_h,REPLACEABLE_WATER_PLANT,,,,field,public static final Material
byr,i,field_151586_h,WATER,,,,field,public static final Material
byr,j,field_203244_i,BUBBLE_COLUMN,,,,field,public static final Material
byr,k,field_151587_i,LAVA,,,,field,public static final Material
byr,l,field_151597_y,PACKED_ICE,,,,field,public static final Material
byr,m,field_151581_o,FIRE,,,,field,public static final Material
byr,n,field_151594_q,ORIENTABLE,,,,field,public static final Material
byr,o,field_151569_G,WEB,,,,field,public static final Material
byr,p,field_151591_t,BUILDABLE_GLASS,,,,field,public static final Material
byr,q,field_151571_B,CLAY,,,,field,public static final Material
byr,r,field_151578_c,EARTH,,,,field,public static final Material
byr,s,field_151577_b,GRASS,,,,field,public static final Material
byr,t,field_151598_x,SNOW_LAYER,,,,field,public static final Material
byr,u,field_151595_p,SAND,,,,field,public static final Material
byr,v,field_151583_m,SPONGE,,,,field,public static final Material
byr,w,field_151575_d,WOOD,,,,field,public static final Material
byr,x,field_151580_n,CLOTH,,,,field,public static final Material
byr,y,field_151590_u,TNT,,,,field,public static final Material
byr,z,field_151584_j,LEAVES,,,,field,public static final Material
byr,A,field_151592_s,SHATTERABLE,,,,field,public static final Material
byr,B,field_151588_w,ICE,,,,field,public static final Material
byr,C,field_151570_A,CACTUS,,,,field,public static final Material
byr,D,field_151576_e,STONE,,,,field,public static final Material
byr,E,field_151573_f,ORE,,,,field,public static final Material
byr,F,field_151596_z,SNOW_BLOCK,,,,field,public static final Material
byr,G,field_151574_g,HEAVY,,,,field,public static final Material
byr,H,field_175972_I,BANNER,,,,field,public static final Material
byr,I,field_76233_E,PISTON,,,,field,public static final Material
byr,J,field_151589_v,CORAL,,,,field,public static final Material
byr,K,field_151572_C,PUMPKIN,,,,field,public static final Material
byr,L,field_151566_D,DRAGON_EGG,,,,field,public static final Material
byr,M,field_151568_F,CAKE,,,,field,public static final Material
byr,N,field_76234_F,,,,,field,private final MaterialMapColor
byr,O,field_76242_K,,,,,field,private final EnumPistonReaction
byr,P,field_200521_M,,,,,field,private final boolean
byr,Q,field_76235_G,canBurn,,,,field,private final boolean
byr,R,field_76241_J,,,,,field,private final boolean
byr,S,field_200523_P,,,,,field,private final boolean
byr,T,field_200524_Q,,,,,field,private final boolean
byr,U,field_76239_H,,,,,field,private final boolean
byr,V,field_200525_S,,,,,field,private final boolean
bys,a,field_76281_a,,,,,field,public static final MaterialMapColor[]
bys,b,field_151660_b,,,,,field,public static final MaterialMapColor
bys,c,field_151661_c,,,,,field,public static final MaterialMapColor
bys,d,field_151658_d,,,,,field,public static final MaterialMapColor
bys,e,field_151659_e,,,,,field,public static final MaterialMapColor
bys,f,field_151656_f,,,,,field,public static final MaterialMapColor
bys,g,field_151657_g,,,,,field,public static final MaterialMapColor
bys,h,field_151668_h,,,,,field,public static final MaterialMapColor
bys,i,field_151669_i,,,,,field,public static final MaterialMapColor
bys,j,field_151666_j,,,,,field,public static final MaterialMapColor
bys,k,field_151667_k,,,,,field,public static final MaterialMapColor
bys,l,field_151664_l,,,,,field,public static final MaterialMapColor
bys,m,field_151665_m,,,,,field,public static final MaterialMapColor
bys,n,field_151662_n,,,,,field,public static final MaterialMapColor
bys,o,field_151663_o,,,,,field,public static final MaterialMapColor
bys,p,field_151677_p,,,,,field,public static final MaterialMapColor
bys,q,field_151676_q,,,,,field,public static final MaterialMapColor
bys,r,field_151675_r,,,,,field,public static final MaterialMapColor
bys,s,field_151674_s,,,,,field,public static final MaterialMapColor
bys,t,field_151673_t,,,,,field,public static final MaterialMapColor
bys,u,field_151672_u,,,,,field,public static final MaterialMapColor
bys,v,field_151671_v,,,,,field,public static final MaterialMapColor
bys,w,field_151670_w,,,,,field,public static final MaterialMapColor
bys,x,field_197656_x,,,,,field,public static final MaterialMapColor
bys,y,field_151679_y,,,,,field,public static final MaterialMapColor
bys,z,field_151678_z,,,,,field,public static final MaterialMapColor
bys,A,field_151649_A,,,,,field,public static final MaterialMapColor
bys,B,field_151650_B,,,,,field,public static final MaterialMapColor
bys,C,field_151651_C,,,,,field,public static final MaterialMapColor
bys,D,field_151645_D,,,,,field,public static final MaterialMapColor
bys,E,field_151646_E,,,,,field,public static final MaterialMapColor
bys,F,field_151647_F,,,,,field,public static final MaterialMapColor
bys,G,field_151648_G,,,,,field,public static final MaterialMapColor
bys,H,field_151652_H,,,,,field,public static final MaterialMapColor
bys,I,field_151653_I,,,,,field,public static final MaterialMapColor
bys,J,field_151654_J,,,,,field,public static final MaterialMapColor
bys,K,field_151655_K,,,,,field,public static final MaterialMapColor
bys,L,field_193561_M,,,,,field,public static final MaterialMapColor
bys,M,field_193562_N,,,,,field,public static final MaterialMapColor
bys,N,field_193563_O,,,,,field,public static final MaterialMapColor
bys,O,field_193564_P,,,,,field,public static final MaterialMapColor
bys,P,field_193565_Q,,,,,field,public static final MaterialMapColor
bys,Q,field_193566_R,,,,,field,public static final MaterialMapColor
bys,R,field_193567_S,,,,,field,public static final MaterialMapColor
bys,S,field_193568_T,,,,,field,public static final MaterialMapColor
bys,T,field_197655_T,,,,,field,public static final MaterialMapColor
bys,U,field_193570_V,,,,,field,public static final MaterialMapColor
bys,V,field_193571_W,,,,,field,public static final MaterialMapColor
bys,W,field_193572_X,,,,,field,public static final MaterialMapColor
bys,X,field_193573_Y,,,,,field,public static final MaterialMapColor
bys,Y,field_193574_Z,,,,,field,public static final MaterialMapColor
bys,Z,field_193559_aa,,,,,field,public static final MaterialMapColor
bys,aa,field_193560_ab,,,,,field,public static final MaterialMapColor
bys,ab,field_76291_p,rgb,,,,field,public final int
bys,ac,field_76290_q,,,,,field,public final int
byt,a,NORMAL,NORMAL,,,,enum,
byt,b,DESTROY,DESTROY,,,,enum,
byt,c,BLOCK,BLOCK,,,,enum,
byt,d,IGNORE,IGNORE,,,,enum,
byt,e,PUSH_ONLY,PUSH_ONLY,,,,enum,
byx,a,field_202692_a,,,,,field,private final int
byx,b,field_202693_b,,,,,field,private final int
byx,c,field_202694_c,,,,,field,private final int
byx,d,field_202695_d,,,,,field,private final int
byz,a,field_202681_a,,,,,field,private final AreaTransformer8
byz,b,field_202682_b,,,,,field,private final it.unimi.dsi.fastutil.longs.Long2IntLinkedOpenHashMap
byz,c,field_202683_c,,,,,field,private final int
byz,d,field_202684_d,,,,,field,private final AreaDimension
bz$a,a,FEET,FEET,,,,enum,
bz$a,b,EYES,EYES,,,,enum,
bz$a,c,field_201020_c,,,,,field,"private static final Map<String, ArgumentAnchor$Anchor>"
bz$a,d,field_201021_d,,,,,field,private final String
bz$a,e,field_201022_e,,,,,field,"private final BiFunction<Vec3D, Entity, Vec3D>"
bz,a,field_201308_a,,,,,field,private static final Collection<String>
bz,b,field_201025_a,,,,,field,private static final com.mojang.brigadier.exceptions.DynamicCommandExceptionType
bzd,c,field_202701_b,,,,,field,private long
bzd,d,field_202702_c,,,,,field,private long
bzd,a,field_202700_a,,,,,field,protected long
bzd,b,field_205590_b,,,,,field,protected NoiseGeneratorPerlin
bze,c,field_202703_b,,,,,field,private final it.unimi.dsi.fastutil.longs.Long2IntLinkedOpenHashMap
bze,d,field_202704_c,,,,,field,private final int
bze,e,field_202705_d,,,,,field,private final int
bzg,a,INSTANCE,INSTANCE,,,,enum,
bzh$a,a,INSTANCE,INSTANCE,,,,enum,
bzh$b,a,INSTANCE,INSTANCE,,,,enum,
bzh$c,a,INSTANCE,INSTANCE,,,,enum,
bzi,a,INSTANCE,INSTANCE,,,,enum,
bzj,a,INSTANCE,INSTANCE,,,,enum,
bzj,b,field_202793_b,,,,,field,private static final int
bzk,a,INSTANCE,INSTANCE,,,,enum,
bzl,a,INSTANCE,INSTANCE,,,,enum,
bzl,b,field_202752_b,,,,,field,private static final int
bzl,c,field_202753_c,,,,,field,private static final int
bzl,d,field_202754_d,,,,,field,private static final int
bzl,e,field_202755_e,,,,,field,private static final int
bzl,f,field_202756_f,,,,,field,private static final int
bzl,g,field_202757_g,,,,,field,private static final int
bzl,h,field_202758_h,,,,,field,private static final int
bzl,i,field_202759_i,,,,,field,private static final int
bzl,j,field_202760_j,,,,,field,private static final int
bzl,k,field_202761_k,,,,,field,private static final int
bzl,l,field_202762_l,,,,,field,private static final int
bzl,m,field_202763_m,,,,,field,private static final int
bzl,n,field_202764_n,,,,,field,private static final int
bzl,o,field_202765_o,,,,,field,private static final int
bzl,p,field_202766_p,,,,,field,private static final int
bzm,a,field_202727_a,,,,,field,private static final int
bzm,b,field_202728_b,,,,,field,private static final int
bzm,c,field_202729_c,,,,,field,private static final int
bzm,d,field_202730_d,,,,,field,private static final int
bzm,e,field_202731_e,,,,,field,private static final int
bzm,f,field_202732_f,,,,,field,private static final int
bzm,g,field_202733_g,,,,,field,private static final int
bzm,h,field_202734_h,,,,,field,private static final int
bzm,i,field_202735_i,,,,,field,private static final int
bzm,j,field_202736_j,,,,,field,private static final int
bzm,k,field_202737_k,,,,,field,private static final int
bzm,l,field_202738_l,,,,,field,private static final int
bzm,m,field_202739_m,,,,,field,private static final int
bzm,n,field_202740_n,,,,,field,private static final int
bzm,o,field_202741_o,,,,,field,private static final int
bzm,p,field_202742_p,,,,,field,private static final int
bzm,q,field_202743_q,,,,,field,private static final int[]
bzm,r,field_202744_r,,,,,field,private static final int[]
bzm,s,field_202745_s,,,,,field,private static final int[]
bzm,t,field_202746_t,,,,,field,private static final int[]
bzm,u,field_202747_u,,,,,field,private static final int[]
bzm,v,field_175973_g,,,,,field,private final GeneratorSettingsOverworld
bzm,w,field_151623_c,,,,,field,private int[]
bzn,a,INSTANCE,INSTANCE,,,,enum,
bzo,a,field_202834_a,,,,,field,private final AreaFactory<AreaLazy>
bzp,a,field_203632_a,,,,,field,protected static final int
bzp,b,field_203633_b,,,,,field,protected static final int
bzp,c,field_202832_c,,,,,field,protected static final int
bzp,d,field_203634_d,,,,,field,protected static final int
bzp,e,field_202831_b,,,,,field,protected static final int
bzp,f,field_203635_f,,,,,field,protected static final int
bzp,g,field_203636_g,,,,,field,protected static final int
bzp,h,field_202830_a,,,,,field,protected static final int
bzp,i,field_203637_i,,,,,field,protected static final int
bzp,j,field_203638_j,,,,,field,protected static final int
bzq,a,INSTANCE,INSTANCE,,,,enum,
bzr,a,INSTANCE,INSTANCE,,,,enum,
bzs,a,INSTANCE,INSTANCE,,,,enum,
bzs,b,field_202717_b,,,,,field,private static final int
bzs,c,field_202718_c,,,,,field,private static final int
bzt,a,INSTANCE,INSTANCE,,,,enum,
bzt,b,field_151629_c,,,,,field,private static final org.apache.logging.log4j.Logger
bzt,c,field_202796_c,,,,,field,private static final int
bzt,d,field_202797_d,,,,,field,private static final int
bzt,e,field_202799_f,,,,,field,private static final int
bzt,f,field_202800_g,,,,,field,private static final int
bzt,g,field_202801_h,,,,,field,private static final int
bzt,h,field_202802_i,,,,,field,private static final int
bzt,i,field_202803_j,,,,,field,private static final int
bzt,j,field_202804_k,,,,,field,private static final int
bzt,k,field_202805_l,,,,,field,private static final int
bzt,l,field_202806_m,,,,,field,private static final int
bzt,m,field_202807_n,,,,,field,private static final int
bzt,n,field_202808_o,,,,,field,private static final int
bzt,o,field_202809_p,,,,,field,private static final int
bzt,p,field_202810_q,,,,,field,private static final int
bzt,q,field_202812_s,,,,,field,private static final int
bzt,r,field_202813_t,,,,,field,private static final int
bzt,s,field_202814_u,,,,,field,private static final int
bzt,t,field_202815_v,,,,,field,private static final int
bzt,u,field_202816_w,,,,,field,private static final int
bzt,v,field_202817_x,,,,,field,private static final int
bzt,w,field_202818_y,,,,,field,private static final int
bzt,x,field_202819_z,,,,,field,private static final int
bzt,y,field_202794_A,,,,,field,private static final int
bzt,z,field_202795_B,,,,,field,private static final int
bzu,a,INSTANCE,INSTANCE,,,,enum,
bzv,a,INSTANCE,INSTANCE,,,,enum,
bzw,a,INSTANCE,INSTANCE,,,,enum,
bzw,b,field_202767_b,,,,,field,public static final int
bzx,a,INSTANCE,INSTANCE,,,,enum,
bzx,b,field_202720_c,,,,,field,private static final int
bzx,c,field_202721_d,,,,,field,private static final int
bzx,d,field_202722_e,,,,,field,private static final int
bzx,e,field_202723_f,,,,,field,private static final int
bzx,f,field_202725_h,,,,,field,private static final int
bzy,a,INSTANCE,INSTANCE,,,,enum,
bzy,b,field_202768_b,,,,,field,private static final int
bzy,c,field_202769_c,,,,,field,private static final int
bzy,d,field_202771_e,,,,,field,private static final int
bzy,e,field_202772_f,,,,,field,private static final int
bzy,f,field_202773_g,,,,,field,private static final int
bzy,g,field_202774_h,,,,,field,private static final int
bzy,h,field_202775_i,,,,,field,private static final int
bzy,i,field_202776_j,,,,,field,private static final int
bzy,j,field_202777_k,,,,,field,private static final int
bzy,k,field_202778_l,,,,,field,private static final int
bzy,l,field_202779_m,,,,,field,private static final int
bzy,m,field_202780_n,,,,,field,private static final int
bzy,n,field_202781_o,,,,,field,private static final int
bzy,o,field_202782_p,,,,,field,private static final int
bzy,p,field_202783_q,,,,,field,private static final int
bzy,q,field_202784_r,,,,,field,private static final int
bzy,r,field_202785_s,,,,,field,private static final int
bzy,s,field_202787_u,,,,,field,private static final int
bzy,t,field_202788_v,,,,,field,private static final int
bzy,u,field_202789_w,,,,,field,private static final int
bzy,v,field_202790_x,,,,,field,private static final int
bzy,w,field_202791_y,,,,,field,private static final int
bzz,a,INSTANCE,INSTANCE,,,,enum,
c$a,a,field_85092_a,,,,,field,private final String
c$a,b,field_85091_b,,,,,field,private final String
c,a,field_85078_a,,,,,field,private final CrashReport
c,b,field_85076_b,,,,,field,private final String
c,c,field_85077_c,,,,,field,private final List<CrashReportSystemDetails$CrashReportDetail>
c,d,field_85075_d,,,,,field,private StackTraceElement[]
ca,g,field_201310_f,,,,,field,private static final Collection<String>
ca,a,field_197098_a,,,,,field,public static final com.mojang.brigadier.exceptions.SimpleCommandExceptionType
ca,b,field_197099_b,,,,,field,public static final com.mojang.brigadier.exceptions.SimpleCommandExceptionType
ca,c,field_197100_c,,,,,field,public static final com.mojang.brigadier.exceptions.SimpleCommandExceptionType
ca,d,field_197101_d,,,,,field,public static final com.mojang.brigadier.exceptions.SimpleCommandExceptionType
ca,e,field_197102_e,,,,,field,public static final com.mojang.brigadier.exceptions.SimpleCommandExceptionType
ca,f,field_210323_f,,,,,field,public static final com.mojang.brigadier.exceptions.SimpleCommandExceptionType
ca,h,field_197103_f,,,,,field,private final boolean
ca,i,field_197104_g,,,,,field,private final boolean
caa,a,INSTANCE,INSTANCE,,,,enum,
cab,a,NORMAL,NORMAL,,,,enum,
cab,b,FUZZY,FUZZY,,,,enum,
caq,a,field_75852_a,,,,,field,private PathPoint[]
caq,b,field_75851_b,,,,,field,private int
car,a,BLOCKED,BLOCKED,,,,enum,
car,b,OPEN,OPEN,,,,enum,
car,c,WALKABLE,WALKABLE,,,,enum,
car,d,TRAPDOOR,TRAPDOOR,,,,enum,
car,e,FENCE,FENCE,,,,enum,
car,f,LAVA,LAVA,,,,enum,
car,g,WATER,WATER,,,,enum,
car,h,WATER_BORDER,WATER_BORDER,,,,enum,
car,i,RAIL,RAIL,,,,enum,
car,j,DANGER_FIRE,DANGER_FIRE,,,,enum,
car,k,DAMAGE_FIRE,DAMAGE_FIRE,,,,enum,
car,l,DANGER_CACTUS,DANGER_CACTUS,,,,enum,
car,m,DAMAGE_CACTUS,DAMAGE_CACTUS,,,,enum,
car,n,DANGER_OTHER,DANGER_OTHER,,,,enum,
car,o,DAMAGE_OTHER,DAMAGE_OTHER,,,,enum,
car,p,DOOR_OPEN,DOOR_OPEN,,,,enum,
car,q,DOOR_WOOD_CLOSED,DOOR_WOOD_CLOSED,,,,enum,
car,r,DOOR_IRON_CLOSED,DOOR_IRON_CLOSED,,,,enum,
car,s,BREACH,BREACH,,,,enum,
car,t,field_186307_r,,,,,field,private final float
cat,a,field_75839_a,,,,,field,public final int
cat,b,field_75837_b,,,,,field,public final int
cat,c,field_75838_c,,,,,field,public final int
cat,n,field_75840_j,,,,,field,private final int
cat,d,field_75835_d,,,,,field,public int
cat,e,field_75836_e,,,,,field,public float
cat,f,field_75833_f,,,,,field,public float
cat,g,field_75834_g,,,,,field,public float
cat,h,field_75841_h,,,,,field,public PathPoint
cat,i,field_75842_i,,,,,field,public boolean
cat,j,field_186284_j,,,,,field,public float
cat,k,field_186285_k,,,,,field,public float
cat,l,field_186286_l,,,,,field,public float
cat,m,field_186287_m,,,,,field,public PathType
cau,a,field_176169_a,,,,,field,protected IBlockAccess
cau,b,field_186326_b,,,,,field,protected EntityInsentient
cau,c,field_176167_b,,,,,field,protected final IntHashMap<PathPoint>
cau,d,field_176168_c,,,,,field,protected int
cau,e,field_176165_d,,,,,field,protected int
cau,f,field_176166_e,,,,,field,protected int
cau,g,field_176180_f,,,,,field,protected boolean
cau,h,field_176181_g,,,,,field,protected boolean
cau,i,field_176184_i,,,,,field,protected boolean
cav,a,field_75884_a,,,,,field,private final PathPoint[]
cav,b,field_186312_b,,,,,field,private PathPoint[]
cav,c,field_186313_c,,,,,field,private PathPoint[]
cav,d,field_186314_d,,,,,field,private PathPoint
cav,e,field_75882_b,,,,,field,private int
cav,f,field_75883_c,,,,,field,private int
caw,a,LAND,LAND,,,,enum,
caw,b,WATER,WATER,,,,enum,
caw,c,AIR,AIR,,,,enum,
cax,a,field_75866_b,,,,,field,private final Path
cax,b,field_186337_b,,,,,field,private final Set<PathPoint>
cax,c,field_75864_d,,,,,field,private final PathPoint[]
cax,d,field_176190_c,,,,,field,private PathfinderAbstract
cay,j,field_205202_j,,,,,field,private final boolean
caz,k,field_203247_k,,,,,field,private float
caz,l,field_203248_l,,,,,field,private float
cb,b,field_211370_b,,,,,field,private static final Collection<String>
cb,a,field_211369_a,,,,,field,public static final com.mojang.brigadier.exceptions.DynamicCommandExceptionType
cba,j,field_176183_h,,,,,field,protected float
cbe,a,field_186338_a,,,,,field,private final PersistentBase
cbf,a,field_76190_i,id,,,,field,private final String
cbf,b,field_76189_a,,,,,field,private boolean
cbg,a,field_204306_a,,,,,field,private final BlockPosition
cbg,b,field_204307_b,,,,,field,private final EnumColor
cbg,c,field_204308_c,,,,,field,private final IChatBaseComponent
cbh$a,a,PLAYER,PLAYER,,,,enum,
cbh$a,b,FRAME,FRAME,,,,enum,
cbh$a,c,RED_MARKER,RED_MARKER,,,,enum,
cbh$a,d,BLUE_MARKER,BLUE_MARKER,,,,enum,
cbh$a,e,TARGET_X,TARGET_X,,,,enum,
cbh$a,f,TARGET_POINT,TARGET_POINT,,,,enum,
cbh$a,g,PLAYER_OFF_MAP,PLAYER_OFF_MAP,,,,enum,
cbh$a,h,PLAYER_OFF_LIMITS,PLAYER_OFF_LIMITS,,,,enum,
cbh$a,i,MANSION,MANSION,,,,enum,
cbh$a,j,MONUMENT,MONUMENT,,,,enum,
cbh$a,k,BANNER_WHITE,BANNER_WHITE,,,,enum,
cbh$a,l,BANNER_ORANGE,BANNER_ORANGE,,,,enum,
cbh$a,m,BANNER_MAGENTA,BANNER_MAGENTA,,,,enum,
cbh$a,n,BANNER_LIGHT_BLUE,BANNER_LIGHT_BLUE,,,,enum,
cbh$a,o,BANNER_YELLOW,BANNER_YELLOW,,,,enum,
cbh$a,p,BANNER_LIME,BANNER_LIME,,,,enum,
cbh$a,q,BANNER_PINK,BANNER_PINK,,,,enum,
cbh$a,r,BANNER_GRAY,BANNER_GRAY,,,,enum,
cbh$a,s,BANNER_LIGHT_GRAY,BANNER_LIGHT_GRAY,,,,enum,
cbh$a,t,BANNER_CYAN,BANNER_CYAN,,,,enum,
cbh$a,u,BANNER_PURPLE,BANNER_PURPLE,,,,enum,
cbh$a,v,BANNER_BLUE,BANNER_BLUE,,,,enum,
cbh$a,w,BANNER_BROWN,BANNER_BROWN,,,,enum,
cbh$a,x,BANNER_GREEN,BANNER_GREEN,,,,enum,
cbh$a,y,BANNER_RED,BANNER_RED,,,,enum,
cbh$a,z,BANNER_BLACK,BANNER_BLACK,,,,enum,
cbh$a,A,RED_X,RED_X,,,,enum,
cbh$a,B,field_191175_k,,,,,field,private final byte
cbh$a,C,field_191176_l,,,,,field,private final boolean
cbh$a,D,field_191177_m,,,,,field,private final int
cbh,a,field_191181_a,type,,,,field,private final MapIcon$Type
cbh,b,field_176115_b,x,,,,field,private byte
cbh,c,field_176116_c,y,,,,field,private byte
cbh,d,field_176114_d,rotation,,,,field,private byte
cbh,e,field_204310_e,,,,,field,private final IChatBaseComponent
cbi$a,a,field_76211_a,trackee,,,,field,public final EntityHuman
cbi$a,d,field_176105_d,,,,,field,private boolean
cbi$a,e,field_176106_e,,,,,field,private int
cbi$a,f,field_176103_f,,,,,field,private int
cbi$a,g,field_176104_g,,,,,field,private int
cbi$a,h,field_176108_h,,,,,field,private int
cbi$a,i,field_176109_i,,,,,field,private int
cbi$a,b,field_82569_d,,,,,field,public int
cbi,a,field_76201_a,centerX,,,,field,public int
cbi,b,field_76199_b,centerZ,,,,field,public int
cbi,c,field_76200_c,map,,,,field,public byte
cbi,d,field_186210_e,track,,,,field,public boolean
cbi,e,field_191096_f,unlimitedTracking,,,,field,public boolean
cbi,f,field_76197_d,scale,,,,field,public byte
cbi,g,field_76198_e,colors,,,,field,public byte[]
cbi,h,field_76196_g,,,,,field,public List<WorldMap$WorldMapHumanTracker>
cbi,j,field_76202_j,,,,,field,"private final Map<EntityHuman, WorldMap$WorldMapHumanTracker>"
cbi,k,field_204270_k,,,,,field,"private final Map<String, MapIconBanner>"
cbi,i,field_76203_h,decorations,,,,field,"public Map<String, MapIcon>"
cbm,e,field_151480_b,,,,,field,private static final org.apache.logging.log4j.Logger
cbn,b,field_76115_a,,,,,field,private final WorldData
cbo,b,field_151478_a,,,,,field,private static final org.apache.logging.log4j.Logger
cbo,c,field_75770_b,baseDir,,,,field,private final File
cbo,d,field_75771_c,playerDir,,,,field,private final File
cbo,e,field_75768_d,dataDir,,,,field,private final File
cbo,f,field_75769_e,sessionId,,,,field,private final long
cbo,g,field_75767_f,,,,,field,private final String
cbo,h,field_186342_h,,,,,field,private final DefinedStructureManager
cbo,a,field_186341_a,,,,,field,protected final com.mojang.datafixers.DataFixer
cbp,e,field_151479_b,,,,,field,private static final org.apache.logging.log4j.Logger
cbp,a,field_75808_a,,,,,field,protected final Path
cbp,b,field_197717_b,,,,,field,protected final Path
cbp,c,field_186354_b,,,,,field,protected final com.mojang.datafixers.DataFixer
cbq,b,field_186349_b,,,,,field,private String
cbq,c,field_186350_c,,,,,field,private int
cbq,d,field_186351_d,,,,,field,private boolean
cbq,a,field_176156_a,,,,,field,public static final EnumDifficulty
cbq,e,field_76100_a,,,,,field,private long
cbq,f,field_76098_b,,,,,field,private WorldType
cbq,g,field_82576_c,,,,,field,private NBTTagCompound
cbq,h,field_211931_h,,,,,field,private String
cbq,i,field_76099_c,,,,,field,private int
cbq,j,field_76096_d,,,,,field,private int
cbq,k,field_76097_e,,,,,field,private int
cbq,l,field_82575_g,,,,,field,private long
cbq,m,field_76094_f,,,,,field,private long
cbq,n,field_76095_g,,,,,field,private long
cbq,o,field_76107_h,,,,,field,private long
cbq,p,field_209226_o,,,,,field,private final com.mojang.datafixers.DataFixer
cbq,q,field_209227_p,,,,,field,private final int
cbq,r,field_209228_q,,,,,field,private boolean
cbq,s,field_76108_i,,,,,field,private NBTTagCompound
cbq,t,field_76105_j,,,,,field,private int
cbq,u,field_76106_k,levelName,,,,field,private String
cbq,v,field_76103_l,,,,,field,private int
cbq,w,field_176157_p,,,,,field,private int
cbq,x,field_76104_m,,,,,field,private boolean
cbq,y,field_76101_n,,,,,field,private int
cbq,z,field_76102_o,,,,,field,private boolean
cbq,A,field_76114_p,,,,,field,private int
cbq,B,field_76113_q,,,,,field,private EnumGamemode
cbq,C,field_76112_r,,,,,field,private boolean
cbq,D,field_76111_s,,,,,field,private boolean
cbq,E,field_76110_t,,,,,field,private boolean
cbq,F,field_76109_u,,,,,field,private boolean
cbq,G,field_176158_z,,,,,field,private EnumDifficulty
cbq,H,field_176150_A,,,,,field,private boolean
cbq,I,field_176151_B,,,,,field,private double
cbq,J,field_176152_C,,,,,field,private double
cbq,K,field_176146_D,,,,,field,private double
cbq,L,field_176147_E,,,,,field,private long
cbq,M,field_176148_F,,,,,field,private double
cbq,N,field_176149_G,,,,,field,private double
cbq,O,field_176153_H,,,,,field,private double
cbq,P,field_176154_I,,,,,field,private int
cbq,Q,field_176155_J,,,,,field,private int
cbq,R,field_197721_N,,,,,field,private final Set<String>
cbq,S,field_197722_O,,,,,field,private final Set<String>
cbq,T,field_186348_N,,,,,field,"private final Map<DimensionManager, NBTTagCompound>"
cbq,U,field_201358_Q,,,,,field,private NBTTagCompound
cbq,V,field_82577_x,,,,,field,private final GameRules
cbt,d,field_197716_d,,,,,field,DateTimeFormatter
cbz,b,field_201068_b,,,,,field,private static final org.apache.logging.log4j.Logger
cbz,c,field_75751_a,,,,,field,private final IDataManager
cbz,a,field_75749_b,,,,,field,"protected Map<String, PersistentBase>"
cbz,d,field_75750_c,,,,,field,private final List<PersistentBase>
cbz,e,field_75748_d,,,,,field,private final it.unimi.dsi.fastutil.objects.Object2IntMap<String>
cc$b,a,field_197106_a,,,,,field,private final EntitySelector
cc,b,field_201311_b,,,,,field,private static final Collection<String>
cc,a,field_197111_a,,,,,field,public static final com.mojang.brigadier.exceptions.SimpleCommandExceptionType
cca,aS,field_197737_aE,,,,,field,private static final org.apache.logging.log4j.Logger
cca,aT,field_186391_ap,,,,,field,private static final Set<MinecraftKey>
cca,aU,field_186392_aq,,,,,field,private static final Set<MinecraftKey>
cca,a,field_186419_a,,,,,field,public static final MinecraftKey
cca,b,field_186420_b,,,,,field,public static final MinecraftKey
cca,c,field_186421_c,,,,,field,public static final MinecraftKey
cca,d,field_186422_d,,,,,field,public static final MinecraftKey
cca,e,field_186423_e,,,,,field,public static final MinecraftKey
cca,f,field_186424_f,,,,,field,public static final MinecraftKey
cca,g,field_186425_g,,,,,field,public static final MinecraftKey
cca,h,field_186426_h,,,,,field,public static final MinecraftKey
cca,i,field_186427_i,,,,,field,public static final MinecraftKey
cca,j,field_186428_j,,,,,field,public static final MinecraftKey
cca,k,field_186429_k,,,,,field,public static final MinecraftKey
cca,l,field_186430_l,,,,,field,public static final MinecraftKey
cca,m,field_189420_m,,,,,field,public static final MinecraftKey
cca,n,field_186431_m,,,,,field,public static final MinecraftKey
cca,o,field_191192_o,,,,,field,public static final MinecraftKey
cca,p,field_204114_p,,,,,field,public static final MinecraftKey
cca,q,field_204115_q,,,,,field,public static final MinecraftKey
cca,r,field_204312_r,,,,,field,public static final MinecraftKey
cca,s,field_204771_s,,,,,field,public static final MinecraftKey
cca,t,field_204772_t,,,,,field,public static final MinecraftKey
cca,u,field_204773_u,,,,,field,public static final MinecraftKey
cca,v,field_186432_n,,,,,field,public static final MinecraftKey
cca,w,field_186433_o,,,,,field,public static final MinecraftKey
cca,x,field_186434_p,,,,,field,public static final MinecraftKey
cca,y,field_186435_q,,,,,field,public static final MinecraftKey
cca,z,field_186436_r,,,,,field,public static final MinecraftKey
cca,A,field_186437_s,,,,,field,public static final MinecraftKey
cca,B,field_186438_t,,,,,field,public static final MinecraftKey
cca,C,field_186439_u,,,,,field,public static final MinecraftKey
cca,D,field_186440_v,,,,,field,public static final MinecraftKey
cca,E,field_186441_w,,,,,field,public static final MinecraftKey
cca,F,field_186442_x,,,,,field,public static final MinecraftKey
cca,G,field_186443_y,,,,,field,public static final MinecraftKey
cca,H,field_186444_z,,,,,field,public static final MinecraftKey
cca,I,field_186393_A,,,,,field,public static final MinecraftKey
cca,J,field_186394_B,,,,,field,public static final MinecraftKey
cca,K,field_203250_E,,,,,field,public static final MinecraftKey
cca,L,field_186395_C,,,,,field,public static final MinecraftKey
cca,M,field_189969_E,,,,,field,public static final MinecraftKey
cca,N,field_186396_D,,,,,field,public static final MinecraftKey
cca,O,field_191190_H,,,,,field,public static final MinecraftKey
cca,P,field_191191_I,,,,,field,public static final MinecraftKey
cca,Q,field_186397_E,,,,,field,public static final MinecraftKey
cca,R,field_186398_F,,,,,field,public static final MinecraftKey
cca,S,field_186399_G,,,,,field,public static final MinecraftKey
cca,T,field_186400_H,,,,,field,public static final MinecraftKey
cca,U,field_186401_I,,,,,field,public static final MinecraftKey
cca,V,field_186402_J,,,,,field,public static final MinecraftKey
cca,W,field_186403_K,,,,,field,public static final MinecraftKey
cca,X,field_186404_L,,,,,field,public static final MinecraftKey
cca,Y,field_186405_M,,,,,field,public static final MinecraftKey
cca,Z,field_186406_N,,,,,field,public static final MinecraftKey
cca,aa,field_186407_O,,,,,field,public static final MinecraftKey
cca,ab,field_186408_P,,,,,field,public static final MinecraftKey
cca,ac,field_186409_Q,,,,,field,public static final MinecraftKey
cca,ad,field_186410_R,,,,,field,public static final MinecraftKey
cca,ae,field_186411_S,,,,,field,public static final MinecraftKey
cca,af,field_197738_Y,,,,,field,public static final MinecraftKey
cca,ag,field_186413_U,,,,,field,public static final MinecraftKey
cca,ah,field_186414_V,,,,,field,public static final MinecraftKey
cca,ai,field_186415_W,,,,,field,public static final MinecraftKey
cca,aj,field_186416_X,,,,,field,public static final MinecraftKey
cca,ak,field_186417_Y,,,,,field,public static final MinecraftKey
cca,al,field_186418_Z,,,,,field,public static final MinecraftKey
cca,am,field_186376_aa,,,,,field,public static final MinecraftKey
cca,an,field_186377_ab,,,,,field,public static final MinecraftKey
cca,ao,field_186378_ac,,,,,field,public static final MinecraftKey
cca,ap,field_186379_ad,,,,,field,public static final MinecraftKey
cca,aq,field_186380_ae,,,,,field,public static final MinecraftKey
cca,ar,field_186381_af,,,,,field,public static final MinecraftKey
cca,as,field_186382_ag,,,,,field,public static final MinecraftKey
cca,at,field_186383_ah,,,,,field,public static final MinecraftKey
cca,au,field_186384_ai,,,,,field,public static final MinecraftKey
cca,av,field_186385_aj,,,,,field,public static final MinecraftKey
cca,aw,field_186386_ak,,,,,field,public static final MinecraftKey
cca,ax,field_189968_an,,,,,field,public static final MinecraftKey
cca,ay,field_191182_ar,,,,,field,public static final MinecraftKey
cca,az,field_191183_as,,,,,field,public static final MinecraftKey
cca,aA,field_191184_at,,,,,field,public static final MinecraftKey
cca,aB,field_191185_au,,,,,field,public static final MinecraftKey
cca,aC,field_191186_av,,,,,field,public static final MinecraftKey
cca,aD,field_191187_aw,,,,,field,public static final MinecraftKey
cca,aE,field_192561_ax,,,,,field,public static final MinecraftKey
cca,aF,field_203812_az,,,,,field,public static final MinecraftKey
cca,aG,field_191188_ax,,,,,field,public static final MinecraftKey
cca,aH,field_191189_ay,,,,,field,public static final MinecraftKey
cca,aI,field_203249_aB,,,,,field,public static final MinecraftKey
cca,aJ,field_203810_aD,,,,,field,public static final MinecraftKey
cca,aK,field_203811_aE,,,,,field,public static final MinecraftKey
cca,aL,field_204311_aI,,,,,field,public static final MinecraftKey
cca,aM,field_204770_aM,,,,,field,public static final MinecraftKey
cca,aN,field_205214_aN,,,,,field,public static final MinecraftKey
cca,aO,field_186387_al,,,,,field,public static final MinecraftKey
cca,aP,field_186388_am,,,,,field,public static final MinecraftKey
cca,aQ,field_186389_an,,,,,field,public static final MinecraftKey
cca,aR,field_186390_ao,,,,,field,public static final MinecraftKey
ccc,a,field_186368_a,,,,,field,protected final Item
ccc,b,field_186369_b,,,,,field,protected final LootItemFunction[]
ccd,a,field_186453_a,,,,,field,private final LotoSelectorEntry[]
ccd,b,field_186454_b,,,,,field,private final LootItemCondition[]
ccd,c,field_186455_c,,,,,field,private final LootValueBounds
ccd,d,field_186456_d,,,,,field,private final LootValueBounds
cce,c,field_186364_c,,,,,field,protected final int
cce,d,field_186365_d,,,,,field,protected final int
cce,e,field_186366_e,,,,,field,protected final LootItemCondition[]
ccf,b,field_186465_b,,,,,field,private static final org.apache.logging.log4j.Logger
ccf,a,field_186464_a,,,,,field,public static final LootTable
ccf,c,field_186466_c,,,,,field,private final LootSelector[]
ccg$a,a,field_186474_a,,,,,field,private final WorldServer
ccg$a,b,field_186475_b,,,,,field,private float
ccg$a,c,field_186476_c,,,,,field,private Entity
ccg$a,d,field_186477_d,,,,,field,private EntityHuman
ccg$a,e,field_186478_e,,,,,field,private DamageSource
ccg$a,f,field_204314_f,,,,,field,private BlockPosition
ccg$b,a,THIS,THIS,,,,enum,
ccg$b,b,KILLER,KILLER,,,,enum,
ccg$b,c,KILLER_PLAYER,KILLER_PLAYER,,,,enum,
ccg$b,d,field_186488_d,,,,,field,private final String
ccg,a,field_186498_a,,,,,field,private final float
ccg,b,field_186499_b,,,,,field,private final WorldServer
ccg,c,field_186500_c,,,,,field,private final LootTableRegistry
ccg,d,field_186501_d,,,,,field,private final Entity
ccg,e,field_186502_e,,,,,field,private final EntityHuman
ccg,f,field_186503_f,,,,,field,private final DamageSource
ccg,g,field_204316_g,,,,,field,private final BlockPosition
ccg,h,field_186504_g,,,,,field,private final Set<LootTable>
cch,a,field_186371_a,,,,,field,protected final MinecraftKey
cci,c,field_186525_a,,,,,field,private static final org.apache.logging.log4j.Logger
cci,d,field_186526_b,,,,,field,private static final com.google.gson.Gson
cci,e,field_186527_c,,,,,field,"private final Map<MinecraftKey, LootTable>"
cci,a,field_195435_a,,,,,field,public static final int
cci,b,field_195436_b,,,,,field,public static final int
ccj,a,field_186514_a,,,,,field,private final float
ccj,b,field_186515_b,,,,,field,private final float
cck,a,field_186557_a,,,,,field,private static final org.apache.logging.log4j.Logger
cck,b,field_186558_b,,,,,field,private final List<Enchantment>
ccl,a,field_186577_a,,,,,field,private final LootValueBounds
ccl,b,field_186578_b,,,,,field,private final boolean
ccm,a,field_204317_a,,,,,field,private static final org.apache.logging.log4j.Logger
ccm,b,field_204318_b,,,,,field,private final String
ccm,c,field_204319_c,,,,,field,private final MapIcon$Type
ccm,d,field_204320_d,,,,,field,private final byte
ccm,e,field_204321_e,,,,,field,private final int
ccn$a,a,field_186533_a,,,,,field,private final MinecraftKey
ccn$a,b,field_186534_b,,,,,field,private final Class<T>
ccn,a,field_186555_a,,,,,field,private final LootItemCondition[]
cco,a,field_186584_a,,,,,field,"private static final Map<MinecraftKey, LootItemFunction$a<?>>"
cco,b,field_186585_b,,,,,field,"private static final Map<Class<? extends LootItemFunction>, LootItemFunction$a<?>>"
ccp,a,field_186563_a,,,,,field,private final LootValueBounds
ccp,b,field_189971_b,,,,,field,private final int
ccq$a,a,field_186596_a,,,,,field,private final String
ccq$a,b,field_186597_b,,,,,field,private final String
ccq$a,c,field_186598_c,,,,,field,private final int
ccq$a,d,field_186599_d,,,,,field,private final LootValueBounds
ccq$a,e,field_186600_e,,,,,field,private final UUID
ccq$a,f,field_186601_f,,,,,field,private final EnumItemSlot[]
ccq,a,field_186560_a,,,,,field,private static final org.apache.logging.log4j.Logger
ccq,b,field_186561_b,,,,,field,private final LootItemFunctionSetAttribute$a[]
ccr,a,field_186568_a,,,,,field,private final LootValueBounds
ccs,a,field_186565_a,,,,,field,private static final org.apache.logging.log4j.Logger
ccs,b,field_186566_b,,,,,field,private final LootValueBounds
cct,a,field_200539_a,,,,,field,private final IChatBaseComponent
ccu,a,field_186570_a,,,,,field,private final NBTTagCompound
ccv,a,field_186574_a,,,,,field,private static final org.apache.logging.log4j.Logger
ccy,a,field_186634_a,,,,,field,"private final Map<String, LootValueBounds>"
ccy,b,field_186635_b,,,,,field,private final LootTableInfo$EntityTarget
ccz$a,a,field_186606_a,,,,,field,private final MinecraftKey
ccz$a,b,field_186607_b,,,,,field,private final Class<T>
cd,b,field_201947_b,,,,,field,private static final Collection<String>
cd,a,field_201946_a,,,,,field,public static final com.mojang.brigadier.exceptions.DynamicCommandExceptionType
cda,a,field_186642_a,,,,,field,"private static final Map<MinecraftKey, LootItemCondition$a<?>>"
cda,b,field_186643_b,,,,,field,"private static final Map<Class<? extends LootItemCondition>, LootItemCondition$a<?>>"
cdb,a,field_186623_a,,,,,field,private final LootEntityProperty[]
cdb,b,field_186624_b,,,,,field,private final LootTableInfo$EntityTarget
cdc,a,field_186620_a,,,,,field,private final boolean
cdd,a,field_186630_a,,,,,field,private final float
cde,a,field_186627_a,,,,,field,private final float
cde,b,field_186628_b,,,,,field,private final float
cdg,a,field_186647_a,,,,,field,"private static final Map<MinecraftKey, LootEntityProperty$a<?>>"
cdg,b,field_186648_b,,,,,field,"private static final Map<Class<? extends LootEntityProperty>, LootEntityProperty$a<?>>"
cdh$a,a,field_186653_a,,,,,field,private final MinecraftKey
cdh$a,b,field_186654_b,,,,,field,private final Class<T>
cdi,a,field_186659_a,,,,,field,private final boolean
cdl,a,field_199622_a,,,,,field,private static final org.apache.logging.log4j.Logger
cdl,b,field_75741_a,,,,,field,private static final FileIOThread
cdl,c,field_75739_b,,,,,field,private final List<IAsyncChunkSaver>
cdl,d,field_75740_c,,,,,field,private volatile long
cdl,e,field_75737_d,,,,,field,private volatile long
cdl,f,field_75738_e,,,,,field,private volatile boolean
cdp,a,field_72340_a,,,,,field,public final double
cdp,b,field_72338_b,,,,,field,public final double
cdp,c,field_72339_c,,,,,field,public final double
cdp,d,field_72336_d,,,,,field,public final double
cdp,e,field_72337_e,,,,,field,public final double
cdp,f,field_72334_f,,,,,field,public final double
cdq$a,a,MISS,MISS,,,,enum,
cdq$a,b,BLOCK,BLOCK,,,,enum,
cdq$a,c,ENTITY,ENTITY,,,,enum,
cdq,e,field_178783_e,,,,,field,private BlockPosition
cdq,a,field_72313_a,type,,,,field,public MovingObjectPosition$EnumMovingObjectType
cdq,b,field_178784_b,direction,,,,field,public EnumDirection
cdq,c,field_72307_f,pos,,,,field,public Vec3D
cdq,d,field_72308_g,entity,,,,field,public Entity
cdr,a,NEVER,NEVER,,,,enum,
cdr,b,SOURCE_ONLY,SOURCE_ONLY,,,,enum,
cdr,c,ALWAYS,ALWAYS,,,,enum,
cdr,d,field_209544_d,,,,,field,public final Predicate<Fluid>
cds,a,field_189974_a,,,,,field,public static final Vec2F
cds,b,field_189975_b,,,,,field,public static final Vec2F
cds,c,field_189976_c,,,,,field,public static final Vec2F
cds,d,field_189977_d,,,,,field,public static final Vec2F
cds,e,field_189978_e,,,,,field,public static final Vec2F
cds,f,field_189979_f,,,,,field,public static final Vec2F
cds,g,field_189980_g,,,,,field,public static final Vec2F
cds,h,field_189981_h,,,,,field,public static final Vec2F
cds,i,field_189982_i,,,,,field,public final float
cds,j,field_189983_j,,,,,field,public final float
cdt,a,field_186680_a,,,,,field,public static final Vec3D
cdt,b,field_72450_a,x,,,,field,public final double
cdt,c,field_72448_b,y,,,,field,public final double
cdt,d,field_72449_c,z,,,,field,public final double
cdv,b,field_197782_a,,,,,field,private final it.unimi.dsi.fastutil.doubles.DoubleList
cdv,c,field_197783_b,,,,,field,private final it.unimi.dsi.fastutil.doubles.DoubleList
cdv,d,field_197784_c,,,,,field,private final it.unimi.dsi.fastutil.doubles.DoubleList
cdw,e,field_197853_e,,,,,field,private final BitSet
cdw,f,field_199630_f,,,,,field,private int
cdw,g,field_199631_g,,,,,field,private int
cdw,h,field_199632_h,,,,,field,private int
cdw,i,field_199633_i,,,,,field,private int
cdw,j,field_199634_j,,,,,field,private int
cdw,k,field_199635_k,,,,,field,private int
cdx,FALSE,FALSE,,,,,field,OperatorBoolean
cdx,NOT_OR,NOT_OR,,,,,field,OperatorBoolean
cdx,ONLY_SECOND,ONLY_SECOND,,,,,field,OperatorBoolean
cdx,NOT_FIRST,NOT_FIRST,,,,,field,OperatorBoolean
cdx,ONLY_FIRST,ONLY_FIRST,,,,,field,OperatorBoolean
cdx,NOT_SECOND,NOT_SECOND,,,,,field,OperatorBoolean
cdx,NOT_SAME,NOT_SAME,,,,,field,OperatorBoolean
cdx,NOT_AND,NOT_AND,,,,,field,OperatorBoolean
cdx,AND,AND,,,,,field,OperatorBoolean
cdx,SAME,SAME,,,,,field,OperatorBoolean
cdx,SECOND,SECOND,,,,,field,OperatorBoolean
cdx,CAUSES,CAUSES,,,,,field,OperatorBoolean
cdx,FIRST,FIRST,,,,,field,OperatorBoolean
cdx,CAUSED_BY,CAUSED_BY,,,,,field,OperatorBoolean
cdx,OR,OR,,,,,field,OperatorBoolean
cdx,TRUE,TRUE,,,,,field,OperatorBoolean
cdy,a,field_197854_a,,,,,field,private final int
ce$a,a,field_197114_a,,,,,field,private final String
ce$a,b,field_197115_b,,,,,field,private final ArgumentChat$b[]
ce$b,a,field_197119_a,,,,,field,private final int
ce$b,b,field_197120_b,,,,,field,private final int
ce$b,c,field_197121_c,,,,,field,private final EntitySelector
ce,a,field_201313_a,,,,,field,private static final Collection<String>
cea,a,field_197859_a,,,,,field,private final int
cea,b,field_197860_b,,,,,field,private final int
cea,c,field_197861_c,,,,,field,private final int
ceb,a,field_197837_a,,,,,field,public static final VoxelShapeDiscrete
ceb,e,field_199626_e,,,,,field,private static final EnumDirection$EnumAxis[]
ceb,b,field_197838_b,,,,,field,protected final int
ceb,c,field_197839_c,,,,,field,protected final int
ceb,d,field_197840_d,,,,,field,protected final int
cec,a,field_210220_a,,,,,field,private final it.unimi.dsi.fastutil.doubles.DoubleList
cee,a,field_197856_a,,,,,field,private final it.unimi.dsi.fastutil.doubles.DoubleArrayList
cee,b,field_197857_b,,,,,field,private final it.unimi.dsi.fastutil.ints.IntArrayList
cee,c,field_197858_c,,,,,field,private final it.unimi.dsi.fastutil.ints.IntArrayList
cef,a,field_197864_a,,,,,field,private final int
cef,b,field_197865_b,,,,,field,private final int
ceg,a,field_199638_a,,,,,field,private final it.unimi.dsi.fastutil.doubles.DoubleList
ceg,b,field_199639_b,,,,,field,private final it.unimi.dsi.fastutil.doubles.DoubleList
ceg,c,field_199640_c,,,,,field,private final boolean
ceh,a,field_197888_a,,,,,field,private final it.unimi.dsi.fastutil.doubles.DoubleList
ceh,b,field_197889_b,,,,,field,private final double
cei,a,field_197886_a,,,,,field,private static final VoxelShape
cei,b,field_197887_b,,,,,field,private static final VoxelShape
cej,b,field_197776_a,,,,,field,private final VoxelShape
cej,c,field_197777_b,,,,,field,private final EnumDirection$EnumAxis
cej,d,field_197778_c,,,,,field,private final it.unimi.dsi.fastutil.doubles.DoubleList
cek,e,field_197847_k,,,,,field,private final VoxelShapeDiscrete
cek,f,field_197841_e,,,,,field,private final int
cek,g,field_197842_f,,,,,field,private final int
cek,h,field_197843_g,,,,,field,private final int
cek,i,field_197844_h,,,,,field,private final int
cek,j,field_197845_i,,,,,field,private final int
cek,k,field_197846_j,,,,,field,private final int
cel,a,field_197768_g,,,,,field,protected final VoxelShapeDiscrete
cem,b,field_197779_a,,,,,field,private final int
cem,c,field_197780_b,,,,,field,private final int
cem,d,field_197781_c,,,,,field,private final int
ceo,a,field_96686_a,,,,,field,private final Scoreboard
ceo,b,field_96684_b,,,,,field,private final String
ceo,c,field_96685_c,,,,,field,private final IScoreboardCriteria
ceo,d,field_96683_d,displayName,,,,field,private IChatBaseComponent
ceo,e,field_199867_e,,,,,field,private IScoreboardCriteria$EnumScoreboardHealthDisplay
cep,a,field_96677_a,,,,,field,private final Scoreboard
cep,b,field_96675_b,,,,,field,private final String
cep,c,field_96676_c,,,,,field,private final Set<String>
cep,d,field_96673_d,,,,,field,private IChatBaseComponent
cep,e,field_207410_e,,,,,field,private IChatBaseComponent
cep,f,field_207411_f,,,,,field,private IChatBaseComponent
cep,g,field_96672_g,,,,,field,private boolean
cep,h,field_98301_h,,,,,field,private boolean
cep,i,field_178778_i,,,,,field,private ScoreboardTeamBase$EnumNameTagVisibility
cep,j,field_178776_j,,,,,field,private ScoreboardTeamBase$EnumNameTagVisibility
cep,k,field_178777_k,,,,,field,private EnumChatFormat
cep,l,field_186683_l,,,,,field,private ScoreboardTeamBase$EnumTeamPush
ceq,a,field_96658_a,,,,,field,public static final Comparator<ScoreboardScore>
ceq,b,field_96656_b,,,,,field,private final Scoreboard
ceq,c,field_96657_c,,,,,field,private final ScoreboardObjective
ceq,d,field_96654_d,playerName,,,,field,private final String
ceq,e,field_96655_e,score,,,,field,private int
ceq,f,field_178817_f,,,,,field,private boolean
ceq,g,field_178818_g,,,,,field,private boolean
cer,a,field_96545_a,objectivesByName,,,,field,"private final Map<String, ScoreboardObjective>"
cer,b,field_96543_b,objectivesByCriteria,,,,field,"private final Map<IScoreboardCriteria, List<ScoreboardObjective>>"
cer,c,field_96544_c,playerScores,,,,field,"private final Map<String, Map<ScoreboardObjective, ScoreboardScore>>"
cer,d,field_96541_d,displaySlots,,,,field,private final ScoreboardObjective[]
cer,e,field_96542_e,teamsByName,,,,field,"private final Map<String, ScoreboardTeam>"
cer,f,field_96540_f,teamsByPlayer,,,,field,"private final Map<String, ScoreboardTeam>"
cer,g,field_178823_g,,,,,field,private static String[]
ces,a,field_151481_a,,,,,field,private static final org.apache.logging.log4j.Logger
ces,b,field_96507_a,,,,,field,private Scoreboard
ces,c,field_96506_b,,,,,field,private NBTTagCompound
cet$a,a,ALWAYS,ALWAYS,,,,enum,
cet$a,b,NEVER,NEVER,,,,enum,
cet$a,c,PUSH_OTHER_TEAMS,PUSH_OTHER_TEAMS,,,,enum,
cet$a,d,PUSH_OWN_TEAM,PUSH_OWN_TEAM,,,,enum,
cet$a,g,field_186695_g,,,,,field,"private static final Map<String, ScoreboardTeamBase$EnumTeamPush>"
cet$a,e,field_186693_e,,,,,field,public final String
cet$a,f,field_186694_f,,,,,field,public final int
cet$b,a,ALWAYS,ALWAYS,,,,enum,
cet$b,b,NEVER,NEVER,,,,enum,
cet$b,c,HIDE_FOR_OTHER_TEAMS,HIDE_FOR_OTHER_TEAMS,,,,enum,
cet$b,d,HIDE_FOR_OWN_TEAM,HIDE_FOR_OWN_TEAM,,,,enum,
cet$b,g,field_186697_g,,,,,field,"private static final Map<String, ScoreboardTeamBase$EnumNameTagVisibility>"
cet$b,e,field_178830_e,,,,,field,public final String
cet$b,f,field_178827_f,,,,,field,public final int
ceu$a,a,INTEGER,INTEGER,,,,enum,
ceu$a,b,HEARTS,HEARTS,,,,enum,
ceu$a,c,field_211840_c,,,,,field,private final String
ceu$a,d,field_211841_d,,,,,field,"private static final Map<String, IScoreboardCriteria$EnumScoreboardHealthDisplay>"
ceu,a,field_96643_a,criteria,,,,field,"public static final Map<String, IScoreboardCriteria>"
ceu,b,field_96641_b,,,,,field,public static final IScoreboardCriteria
ceu,c,field_178791_c,,,,,field,public static final IScoreboardCriteria
ceu,d,field_96642_c,,,,,field,public static final IScoreboardCriteria
ceu,e,field_96639_d,,,,,field,public static final IScoreboardCriteria
ceu,f,field_96640_e,,,,,field,public static final IScoreboardCriteria
ceu,g,field_96638_f,,,,,field,public static final IScoreboardCriteria
ceu,h,field_186698_h,,,,,field,public static final IScoreboardCriteria
ceu,i,field_186699_i,,,,,field,public static final IScoreboardCriteria
ceu,j,field_186700_j,,,,,field,public static final IScoreboardCriteria
ceu,k,field_186701_k,,,,,field,public static final IScoreboardCriteria
ceu,l,field_186702_l,,,,,field,public static final IScoreboardCriteria
ceu,m,field_197913_m,,,,,field,public static final IScoreboardCriteria[]
ceu,n,field_197914_n,,,,,field,public static final IScoreboardCriteria[]
ceu,o,field_197915_o,,,,,field,private final String
ceu,p,field_197916_p,,,,,field,private final boolean
ceu,q,field_197917_q,,,,,field,private final IScoreboardCriteria$EnumScoreboardHealthDisplay
cf,b,field_201314_b,,,,,field,private static final Collection<String>
cf,a,field_197128_a,,,,,field,public static final com.mojang.brigadier.exceptions.DynamicCommandExceptionType
cg,b,field_201315_b,,,,,field,private static final Collection<String>
cg,a,field_197132_a,,,,,field,public static final com.mojang.brigadier.exceptions.DynamicCommandExceptionType
ch$a,a,field_197139_a,,,,,field,private final String
ch$b,a,field_197138_a,,,,,field,private final int
ch$c,a,field_197144_a,,,,,field,private final String
ch$c,b,field_197145_b,,,,,field,private final ArgumentNBTKey$d[]
ch,a,field_201316_a,,,,,field,private static final Collection<String>
ch,b,field_197153_a,,,,,field,private static final com.mojang.brigadier.exceptions.DynamicCommandExceptionType
ch,c,field_197154_b,,,,,field,private static final com.mojang.brigadier.exceptions.DynamicCommandExceptionType
ch,d,field_201948_d,,,,,field,private static final com.mojang.brigadier.exceptions.SimpleCommandExceptionType
ci,b,field_201317_b,,,,,field,private static final Collection<String>
ci,c,field_197159_a,,,,,field,private static final com.mojang.brigadier.exceptions.DynamicCommandExceptionType
ci,d,field_197160_b,,,,,field,private static final com.mojang.brigadier.exceptions.DynamicCommandExceptionType
ci,a,field_200379_a,,,,,field,public static final com.mojang.brigadier.exceptions.DynamicCommandExceptionType
cj,b,field_201318_b,,,,,field,private static final Collection<String>
cj,a,field_197164_a,,,,,field,public static final com.mojang.brigadier.exceptions.DynamicCommandExceptionType
ck,a,field_201319_a,,,,,field,private static final Collection<String>
ck,b,field_197185_a,,,,,field,private static final com.mojang.brigadier.exceptions.SimpleCommandExceptionType
ck,c,field_197186_b,,,,,field,private static final com.mojang.brigadier.exceptions.SimpleCommandExceptionType
cl,b,field_201320_b,,,,,field,private static final Collection<String>
cl,a,field_197191_a,,,,,field,public static final com.mojang.brigadier.exceptions.DynamicCommandExceptionType
cm$a,a,field_211374_a,,,,,field,private static final Collection<String>
cm$b,a,field_201321_a,,,,,field,private static final Collection<String>
cn,d,field_201322_e,,,,,field,private static final Collection<String>
cn,a,field_197199_a,,,,,field,public static final com.mojang.brigadier.exceptions.DynamicCommandExceptionType
cn,b,field_197200_b,,,,,field,public static final com.mojang.brigadier.exceptions.DynamicCommandExceptionType
cn,c,field_197202_d,,,,,field,public static final com.mojang.brigadier.exceptions.DynamicCommandExceptionType
co$b,a,field_197205_a,,,,,field,private final EntitySelector
co,a,field_201326_a,,,,,field,public static final com.mojang.brigadier.suggestion.SuggestionProvider<CommandListenerWrapper>
co,b,field_201327_b,,,,,field,private static final Collection<String>
co,c,field_197215_a,,,,,field,private static final com.mojang.brigadier.exceptions.SimpleCommandExceptionType
co,d,field_197216_b,,,,,field,private final boolean
cp,b,field_201328_b,,,,,field,private static final Collection<String>
cp,a,field_197220_a,,,,,field,public static final com.mojang.brigadier.exceptions.DynamicCommandExceptionType
cq,a,field_201329_a,,,,,field,private static final Collection<String>
cq,b,field_197224_a,,,,,field,private static final com.mojang.brigadier.exceptions.DynamicCommandExceptionType
cq,c,field_197225_b,,,,,field,"private static final Map<String, Integer>"
cr,a,field_201330_a,,,,,field,private static final Collection<String>
cr,b,field_197229_a,,,,,field,private static final com.mojang.brigadier.exceptions.DynamicCommandExceptionType
cs,a,field_197234_a,,,,,field,private final IBlockData
cs,b,field_197235_b,,,,,field,private final Set<IBlockState<?>>
cs,c,field_197236_c,,,,,field,private final NBTTagCompound
ct$a,a,field_199817_a,,,,,field,private final IBlockData
ct$a,b,field_199818_b,,,,,field,private final Set<IBlockState<?>>
ct$a,c,field_199819_c,,,,,field,private final NBTTagCompound
ct$c,a,field_199820_a,,,,,field,private final Tag<Block>
ct$c,b,field_199821_b,,,,,field,private final NBTTagCompound
ct$c,c,field_200133_c,,,,,field,"private final Map<String, String>"
ct,a,field_201331_a,,,,,field,private static final Collection<String>
ct,b,field_199826_a,,,,,field,private static final com.mojang.brigadier.exceptions.DynamicCommandExceptionType
cu,a,field_201332_a,,,,,field,private static final Collection<String>
cv,a,field_199831_a,,,,,field,public static final com.mojang.brigadier.exceptions.SimpleCommandExceptionType
cv,b,field_197259_a,,,,,field,public static final com.mojang.brigadier.exceptions.DynamicCommandExceptionType
cv,c,field_197260_b,,,,,field,public static final com.mojang.brigadier.exceptions.Dynamic2CommandExceptionType
cv,d,field_197261_c,,,,,field,public static final com.mojang.brigadier.exceptions.Dynamic2CommandExceptionType
cv,e,field_197262_d,,,,,field,public static final com.mojang.brigadier.exceptions.Dynamic3CommandExceptionType
cv,f,field_197263_e,,,,,field,public static final com.mojang.brigadier.exceptions.Dynamic2CommandExceptionType
cv,g,field_197264_f,,,,,field,public static final com.mojang.brigadier.exceptions.SimpleCommandExceptionType
cv,h,field_197265_g,,,,,field,"private static final Function<com.mojang.brigadier.suggestion.SuggestionsBuilder, CompletableFuture<com.mojang.brigadier.suggestion.Suggestions>>"
cv,i,field_197266_h,,,,,field,private final com.mojang.brigadier.StringReader
cv,j,field_199832_j,,,,,field,private final boolean
cv,k,field_197267_i,,,,,field,"private final Map<IBlockState<?>, Comparable<?>>"
cv,l,field_200141_l,,,,,field,"private final Map<String, String>"
cv,m,field_197268_j,,,,,field,private MinecraftKey
cv,n,field_197269_k,,,,,field,"private BlockStateList<Block, IBlockData>"
cv,o,field_197270_l,,,,,field,private IBlockData
cv,p,field_197271_m,,,,,field,private NBTTagCompound
cv,q,field_199833_p,,,,,field,private MinecraftKey
cv,r,field_201954_r,,,,,field,private int
cv,s,field_197272_n,,,,,field,"private Function<com.mojang.brigadier.suggestion.SuggestionsBuilder, CompletableFuture<com.mojang.brigadier.suggestion.Suggestions>>"
cx,c,field_201333_c,,,,,field,private static final Collection<String>
cx,a,field_197278_b,,,,,field,public static final com.mojang.brigadier.exceptions.SimpleCommandExceptionType
cx,b,field_197279_c,,,,,field,public static final com.mojang.brigadier.exceptions.SimpleCommandExceptionType
cz,a,field_200144_a,,,,,field,private final double
cz,b,field_200145_b,,,,,field,private final double
cz,c,field_200146_c,,,,,field,private final double
da,b,field_201334_b,,,,,field,private static final Collection<String>
da,a,field_197290_a,,,,,field,public static final com.mojang.brigadier.exceptions.SimpleCommandExceptionType
db,a,field_201335_a,,,,,field,private static final Collection<String>
db,b,field_197294_a,,,,,field,private static final com.mojang.brigadier.exceptions.SimpleCommandExceptionType
dc,b,field_201336_b,,,,,field,private static final Collection<String>
dc,a,field_197298_a,,,,,field,public static final com.mojang.brigadier.exceptions.SimpleCommandExceptionType
dc,c,field_197299_b,,,,,field,private final boolean
dd,c,field_201337_c,,,,,field,private static final Collection<String>
dd,a,field_197304_a,,,,,field,public static final com.mojang.brigadier.exceptions.SimpleCommandExceptionType
dd,b,field_200149_b,,,,,field,public static final com.mojang.brigadier.exceptions.SimpleCommandExceptionType
dd,d,field_197305_b,,,,,field,private final boolean
de,a,field_197311_b,,,,,field,public static final com.mojang.brigadier.exceptions.SimpleCommandExceptionType
de,b,field_197312_c,,,,,field,public static final com.mojang.brigadier.exceptions.SimpleCommandExceptionType
de,c,field_197313_d,,,,,field,private final boolean
de,d,field_197314_e,,,,,field,private final double
df,a,field_197284_b,,,,,field,private final ArgumentParserPosition
df,b,field_197285_c,,,,,field,private final ArgumentParserPosition
df,c,field_197286_d,,,,,field,private final ArgumentParserPosition
dh,a,field_201338_a,,,,,field,private static final Collection<String>
dh,b,field_200023_a,,,,,field,private static final com.mojang.brigadier.exceptions.DynamicCommandExceptionType
dh,c,field_200024_b,,,,,field,private static final com.mojang.brigadier.exceptions.DynamicCommandExceptionType
di,a,field_201339_a,,,,,field,private static final Collection<String>
dj,a,field_197322_a,,,,,field,private static final com.mojang.brigadier.exceptions.Dynamic2CommandExceptionType
dj,b,field_197323_b,,,,,field,private final Item
dj,c,field_197324_c,,,,,field,private final NBTTagCompound
dk,a,field_199838_a,,,,,field,public static final com.mojang.brigadier.exceptions.SimpleCommandExceptionType
dk,b,field_197333_a,,,,,field,public static final com.mojang.brigadier.exceptions.DynamicCommandExceptionType
dk,c,field_197334_b,,,,,field,"private static final Function<com.mojang.brigadier.suggestion.SuggestionsBuilder, CompletableFuture<com.mojang.brigadier.suggestion.Suggestions>>"
dk,d,field_197335_c,,,,,field,private final com.mojang.brigadier.StringReader
dk,e,field_199839_e,,,,,field,private final boolean
dk,f,field_197336_d,,,,,field,"private final Map<IBlockState<?>, Comparable<?>>"
dk,g,field_197337_e,,,,,field,private Item
dk,h,field_197338_f,,,,,field,private NBTTagCompound
dk,i,field_199840_f,,,,,field,private MinecraftKey
dk,j,field_201956_j,,,,,field,private int
dk,k,field_197339_g,,,,,field,"private Function<com.mojang.brigadier.suggestion.SuggestionsBuilder, CompletableFuture<com.mojang.brigadier.suggestion.Suggestions>>"
dl$a,a,field_199841_a,,,,,field,private final Item
dl$a,b,field_199842_b,,,,,field,private final NBTTagCompound
dl$c,a,field_199843_a,,,,,field,private final Tag<Item>
dl$c,b,field_199844_b,,,,,field,private final NBTTagCompound
dl,a,field_201340_a,,,,,field,private static final Collection<String>
dl,b,field_199849_a,,,,,field,private static final com.mojang.brigadier.exceptions.DynamicCommandExceptionType
dp,a,field_197354_a,,,,,field,private final int
dp,b,field_197355_b,,,,,field,private final boolean
dp,c,field_197356_c,,,,,field,private final boolean
dp,d,field_197357_d,,,,,field,private final Predicate<Entity>
dp,e,field_197358_e,,,,,field,private final CriterionConditionValue$c
dp,f,field_197359_f,,,,,field,"private final Function<Vec3D, Vec3D>"
dp,g,field_197360_g,,,,,field,private final AxisAlignedBB
dp,h,field_197361_h,,,,,field,"private final BiConsumer<Vec3D, List<? extends Entity>>"
dp,i,field_197362_i,,,,,field,private final boolean
dp,j,field_197363_j,,,,,field,private final String
dp,k,field_197364_k,,,,,field,private final UUID
dp,l,field_201957_l,,,,,field,private final Class<? extends Entity>
dp,m,field_210325_m,,,,,field,private final boolean
dq,a,field_197408_a,,,,,field,public static final com.mojang.brigadier.exceptions.SimpleCommandExceptionType
dq,b,field_197409_b,,,,,field,public static final com.mojang.brigadier.exceptions.DynamicCommandExceptionType
dq,c,field_210328_c,,,,,field,public static final com.mojang.brigadier.exceptions.SimpleCommandExceptionType
dq,d,field_197410_c,,,,,field,public static final com.mojang.brigadier.exceptions.SimpleCommandExceptionType
dq,e,field_197411_d,,,,,field,public static final com.mojang.brigadier.exceptions.SimpleCommandExceptionType
dq,f,field_197412_e,,,,,field,public static final com.mojang.brigadier.exceptions.DynamicCommandExceptionType
dq,g,field_197413_f,,,,,field,"public static final BiConsumer<Vec3D, List<? extends Entity>>"
dq,h,field_197414_g,,,,,field,"public static final BiConsumer<Vec3D, List<? extends Entity>>"
dq,i,field_197415_h,,,,,field,"public static final BiConsumer<Vec3D, List<? extends Entity>>"
dq,j,field_197416_i,,,,,field,"public static final BiConsumer<Vec3D, List<? extends Entity>>"
dq,k,field_201355_j,,,,,field,"public static final BiFunction<com.mojang.brigadier.suggestion.SuggestionsBuilder, Consumer<com.mojang.brigadier.suggestion.SuggestionsBuilder>, CompletableFuture<com.mojang.brigadier.suggestion.Suggestions>>"
dq,l,field_197417_j,,,,,field,private final com.mojang.brigadier.StringReader
dq,m,field_210329_m,,,,,field,private final boolean
dq,n,field_197418_k,,,,,field,private int
dq,o,field_197419_l,,,,,field,private boolean
dq,p,field_197420_m,,,,,field,private boolean
dq,q,field_197421_n,,,,,field,private CriterionConditionValue$c
dq,r,field_197422_o,,,,,field,private CriterionConditionValue$d
dq,s,field_197423_p,,,,,field,private Double
dq,t,field_197424_q,,,,,field,private Double
dq,u,field_197425_r,,,,,field,private Double
dq,v,field_197426_s,,,,,field,private Double
dq,w,field_197427_t,,,,,field,private Double
dq,x,field_197428_u,,,,,field,private Double
dq,y,field_197429_v,,,,,field,private CriterionConditionRange
dq,z,field_197430_w,,,,,field,private CriterionConditionRange
dq,A,field_197431_x,,,,,field,private Predicate<Entity>
dq,B,field_197432_y,,,,,field,"private BiConsumer<Vec3D, List<? extends Entity>>"
dq,C,field_197433_z,,,,,field,private boolean
dq,D,field_197406_A,,,,,field,private String
dq,E,field_201999_C,,,,,field,private int
dq,F,field_197407_B,,,,,field,private UUID
dq,G,field_201354_D,,,,,field,"private BiFunction<com.mojang.brigadier.suggestion.SuggestionsBuilder, Consumer<com.mojang.brigadier.suggestion.SuggestionsBuilder>, CompletableFuture<com.mojang.brigadier.suggestion.Suggestions>>"
dq,H,field_202000_F,,,,,field,private boolean
dq,I,field_202001_G,,,,,field,private boolean
dq,J,field_202002_H,,,,,field,private boolean
dq,K,field_202003_I,,,,,field,private boolean
dq,L,field_202004_J,,,,,field,private boolean
dq,M,field_202005_K,,,,,field,private boolean
dq,N,field_202006_L,,,,,field,private boolean
dq,O,field_202007_M,,,,,field,private boolean
dq,P,field_202008_N,,,,,field,private Class<? extends Entity>
dq,Q,field_202009_O,,,,,field,private boolean
dq,R,field_202010_P,,,,,field,private boolean
dq,S,field_202011_Q,,,,,field,private boolean
dq,T,field_210327_T,,,,,field,private boolean
dr$b,a,field_202012_a,,,,,field,public final PlayerSelector$a
dr$b,b,field_202013_b,,,,,field,public final Predicate<ArgumentParserSelector>
dr$b,c,field_202014_c,,,,,field,public final IChatBaseComponent
dr,i,field_197478_k,,,,,field,"private static final Map<String, PlayerSelector$b>"
dr,a,field_197468_a,,,,,field,public static final com.mojang.brigadier.exceptions.DynamicCommandExceptionType
dr,b,field_202058_b,,,,,field,public static final com.mojang.brigadier.exceptions.DynamicCommandExceptionType
dr,c,field_197469_b,,,,,field,public static final com.mojang.brigadier.exceptions.SimpleCommandExceptionType
dr,d,field_197471_d,,,,,field,public static final com.mojang.brigadier.exceptions.SimpleCommandExceptionType
dr,e,field_197472_e,,,,,field,public static final com.mojang.brigadier.exceptions.SimpleCommandExceptionType
dr,f,field_197475_h,,,,,field,public static final com.mojang.brigadier.exceptions.DynamicCommandExceptionType
dr,g,field_197476_i,,,,,field,public static final com.mojang.brigadier.exceptions.DynamicCommandExceptionType
dr,h,field_197477_j,,,,,field,public static final com.mojang.brigadier.exceptions.DynamicCommandExceptionType
dx$a,a,field_197479_a,,,,,field,public final Class<T>
dx$a,b,field_197480_b,,,,,field,public final ArgumentSerializer<T>
dx$a,c,field_197481_c,,,,,field,public final MinecraftKey
dx,a,field_197488_a,,,,,field,private static final org.apache.logging.log4j.Logger
dx,b,field_197489_b,,,,,field,"private static final Map<Class<?>, ArgumentRegistry$a<?>>"
dx,c,field_197490_c,,,,,field,"private static final Map<MinecraftKey, ArgumentRegistry$a<?>>"
dy,a,field_197075_a,,,,,field,private final Supplier<T>
dz$a,a,field_197492_a,,,,,field,private final com.mojang.brigadier.suggestion.SuggestionProvider<ICompletionProvider>
dz$a,b,field_197493_b,,,,,field,private final MinecraftKey
dz,e,field_197506_e,,,,,field,"private static final Map<MinecraftKey, com.mojang.brigadier.suggestion.SuggestionProvider<ICompletionProvider>>"
dz,f,field_197507_f,,,,,field,private static final MinecraftKey
dz,a,field_197502_a,,,,,field,public static final com.mojang.brigadier.suggestion.SuggestionProvider<ICompletionProvider>
dz,b,field_197503_b,,,,,field,public static final com.mojang.brigadier.suggestion.SuggestionProvider<CommandListenerWrapper>
dz,c,field_197504_c,,,,,field,public static final com.mojang.brigadier.suggestion.SuggestionProvider<CommandListenerWrapper>
dz,d,field_197505_d,,,,,field,public static final com.mojang.brigadier.suggestion.SuggestionProvider<CommandListenerWrapper>
e,a,field_201709_a,,,,,field,private final org.apache.logging.log4j.Logger
eh,a,NONE,NONE,,,,enum,
eh,b,FORWARD,FORWARD,,,,enum,
eh,c,BACKWARD,BACKWARD,,,,enum,
eh,d,field_197521_d,,,,,field,public static final EnumDirection$EnumAxis[]
eh,e,field_197522_e,,,,,field,public static final EnumAxisCycle[]
ej$1,g,field_210330_g,,,,,field,private boolean
ej$1,h,field_210331_h,,,,,field,private int
ej$1,i,field_210332_i,,,,,field,private int
ej$1,j,field_210333_j,,,,,field,private int
ej$2,g,field_210334_g,,,,,field,private BlockPosition$MutableBlockPosition
ej$a,b,field_177997_b,,,,,field,protected int
ej$a,c,field_177998_c,,,,,field,protected int
ej$a,d,field_177996_d,,,,,field,protected int
ej$b,f,field_185350_f,,,,,field,private boolean
ej$b,g,field_185351_g,,,,,field,private static final List<BlockPosition$b>
ej,b,field_185335_c,,,,,field,private static final org.apache.logging.log4j.Logger
ej,a,field_177992_a,ZERO,,,,field,public static final BlockPosition
ej,c,field_177990_b,,,,,field,private static final int
ej,d,field_177991_c,,,,,field,private static final int
ej,f,field_177989_d,,,,,field,private static final int
ej,g,field_177987_f,,,,,field,private static final int
ej,h,field_177988_g,,,,,field,private static final int
ej,i,field_177994_h,,,,,field,private static final long
ej,j,field_177995_i,,,,,field,private static final long
ej,k,field_177993_j,,,,,field,private static final long
el,a,field_197525_a,,,,,field,private final World
el,b,field_179317_b,,,,,field,private final BlockPosition
en,d,field_148760_d,,,,,field,private final K
en,e,field_148761_e,,,,,field,private V
eo,a,field_82597_b,,,,,field,private final V
ep$a,a,X,X,,,,enum,
ep$a,b,Y,Y,,,,enum,
ep$a,c,Z,Z,,,,enum,
ep$a,d,field_176725_d,,,,,field,"private static final Map<String, EnumDirection$EnumAxis>"
ep$a,e,field_176726_e,,,,,field,private final String
ep$b,a,POSITIVE,POSITIVE,,,,enum,
ep$b,b,NEGATIVE,NEGATIVE,,,,enum,
ep$b,c,field_179528_c,,,,,field,private final int
ep$b,d,field_179525_d,,,,,field,private final String
ep$c,a,HORIZONTAL,HORIZONTAL,,,,enum,
ep$c,b,VERTICAL,VERTICAL,,,,enum,
ep$c,c,field_209387_c,,,,,field,private final EnumDirection[]
ep$c,d,field_209388_d,,,,,field,private final EnumDirection$EnumAxis[]
ep,a,DOWN,DOWN,,,,enum,
ep,b,UP,UP,,,,enum,
ep,c,NORTH,NORTH,,,,enum,
ep,d,SOUTH,SOUTH,,,,enum,
ep,e,WEST,WEST,,,,enum,
ep,f,EAST,EAST,,,,enum,
ep,g,field_176748_g,,,,,field,private final int
ep,h,field_176759_h,,,,,field,private final int
ep,i,field_176760_i,,,,,field,private final int
ep,j,field_176757_j,,,,,field,private final String
ep,k,field_176758_k,,,,,field,private final EnumDirection$EnumAxis
ep,l,field_176755_l,,,,,field,private final EnumDirection$EnumAxisDirection
ep,m,field_176756_m,,,,,field,private final BaseBlockPosition
ep,n,field_199792_n,,,,,field,private static final EnumDirection[]
ep,o,field_176761_p,,,,,field,"private static final Map<String, EnumDirection>"
ep,p,field_82609_l,,,,,field,private static final EnumDirection[]
ep,q,field_176754_o,,,,,field,private static final EnumDirection[]
eq,a,NORTH,NORTH,,,,enum,
eq,b,NORTH_EAST,NORTH_EAST,,,,enum,
eq,c,EAST,EAST,,,,enum,
eq,d,SOUTH_EAST,SOUTH_EAST,,,,enum,
eq,e,SOUTH,SOUTH,,,,enum,
eq,f,SOUTH_WEST,SOUTH_WEST,,,,enum,
eq,g,WEST,WEST,,,,enum,
eq,h,NORTH_WEST,NORTH_WEST,,,,enum,
eq,i,field_208500_i,,,,,field,private static final int
eq,j,field_208501_j,,,,,field,private static final int
eq,k,field_208502_k,,,,,field,private static final int
eq,l,field_208503_l,,,,,field,private static final int
eq,m,field_208504_m,,,,,field,private static final int
eq,n,field_208505_n,,,,,field,private static final int
eq,o,field_208506_o,,,,,field,private static final int
eq,p,field_208507_p,,,,,field,private static final int
eq,q,field_197541_i,,,,,field,private final Set<EnumDirection>
er,NOOP,NOOP,NONE,,,,field,IDispenseBehavior
et,a,field_195868_a,,,,,field,private int
et,b,field_148749_a,,,,,field,"private final IdentityHashMap<T, Integer>"
et,c,field_148748_b,,,,,field,private final List<T>
ex,a,field_148759_a,,,,,field,protected final RegistryID<V>
ex,b,field_148758_b,,,,,field,"protected final Map<V, K>"
ex,d,field_195869_d,,,,,field,private int
ey,a,field_191198_a,,,,,field,private final List<E>
ey,b,field_191199_b,,,,,field,private final E
f,a,field_201710_a,,,,,field,private final org.apache.logging.log4j.Logger
fa,a,field_82630_a,,,,,field,protected final double
fa,b,field_82628_b,,,,,field,protected final double
fa,c,field_82629_c,,,,,field,protected final double
fc,a,field_179419_a,x,,,,field,protected final float
fc,b,field_179417_b,y,,,,field,protected final float
fc,c,field_179418_c,z,,,,field,protected final float
fd,a,field_148743_a,,,,,field,private static final org.apache.logging.log4j.Logger
fd,c,field_82596_a,,,,,field,"protected final Map<K, V>"
fd,b,field_186802_b,,,,,field,private Object[]
ff,e,field_177959_e,ZERO,,,,field,public static final BaseBlockPosition
ff,a,field_177962_a,,,,,field,private final int
ff,b,field_177960_b,,,,,field,private final int
ff,c,field_177961_c,,,,,field,private final int
fh,a,field_197585_a,,,,,field,public static final ParticleParam$a<ParticleParamBlock>
fh,b,field_197586_b,,,,,field,private final Particle<ParticleParamBlock>
fh,c,field_197587_c,,,,,field,private final IBlockData
fi,a,field_197564_a,,,,,field,public static final ParticleParamRedstone
fi,b,field_197565_b,,,,,field,public static final ParticleParam$a<ParticleParamRedstone>
fi,c,field_197566_c,,,,,field,private final float
fi,d,field_197567_d,,,,,field,private final float
fi,e,field_197568_e,,,,,field,private final float
fi,f,field_197569_f,,,,,field,private final float
fj,a,field_197557_a,,,,,field,public static final ParticleParam$a<ParticleParamItem>
fj,b,field_197558_b,,,,,field,private final Particle<ParticleParamItem>
fj,c,field_197559_c,,,,,field,private final ItemStack
fl,a,field_197577_a,REGISTRY,,,,field,"public static final RegistryMaterials<MinecraftKey, Particle<? extends ParticleParam>>"
fl,b,field_197579_c,,,,,field,private final MinecraftKey
fl,c,field_197581_e,,,,,field,private final boolean
fl,d,field_197582_f,,,,,field,private final ParticleParam$a<T>
fm,a,field_197608_a,,,,,field,public static final ParticleType
fm,b,field_197609_b,,,,,field,public static final ParticleType
fm,c,field_197610_c,,,,,field,public static final ParticleType
fm,d,field_197611_d,,,,,field,public static final Particle<ParticleParamBlock>
fm,e,field_197612_e,,,,,field,public static final ParticleType
fm,f,field_203220_f,,,,,field,public static final ParticleType
fm,g,field_197613_f,,,,,field,public static final ParticleType
fm,h,field_197614_g,,,,,field,public static final ParticleType
fm,i,field_197615_h,,,,,field,public static final ParticleType
fm,j,field_197616_i,,,,,field,public static final ParticleType
fm,k,field_197617_j,,,,,field,public static final ParticleType
fm,l,field_197618_k,,,,,field,public static final ParticleType
fm,m,field_197619_l,,,,,field,public static final Particle<ParticleParamRedstone>
fm,n,field_197620_m,,,,,field,public static final ParticleType
fm,o,field_197621_n,,,,,field,public static final ParticleType
fm,p,field_197622_o,,,,,field,public static final ParticleType
fm,q,field_197623_p,,,,,field,public static final ParticleType
fm,r,field_197624_q,,,,,field,public static final ParticleType
fm,s,field_197625_r,,,,,field,public static final ParticleType
fm,t,field_197626_s,,,,,field,public static final ParticleType
fm,u,field_197627_t,,,,,field,public static final ParticleType
fm,v,field_197628_u,,,,,field,public static final Particle<ParticleParamBlock>
fm,w,field_197629_v,,,,,field,public static final ParticleType
fm,x,field_197630_w,,,,,field,public static final ParticleType
fm,y,field_197631_x,,,,,field,public static final ParticleType
fm,z,field_197632_y,,,,,field,public static final ParticleType
fm,A,field_197633_z,,,,,field,public static final ParticleType
fm,B,field_197590_A,,,,,field,public static final ParticleType
fm,C,field_197591_B,,,,,field,public static final Particle<ParticleParamItem>
fm,D,field_197592_C,,,,,field,public static final ParticleType
fm,E,field_197593_D,,,,,field,public static final ParticleType
fm,F,field_197594_E,,,,,field,public static final ParticleType
fm,G,field_197595_F,,,,,field,public static final ParticleType
fm,H,field_197596_G,,,,,field,public static final ParticleType
fm,I,field_197597_H,,,,,field,public static final ParticleType
fm,J,field_197598_I,,,,,field,public static final ParticleType
fm,K,field_197599_J,,,,,field,public static final ParticleType
fm,L,field_197600_K,,,,,field,public static final ParticleType
fm,M,field_197601_L,,,,,field,public static final ParticleType
fm,N,field_197602_M,,,,,field,public static final ParticleType
fm,O,field_197603_N,,,,,field,public static final ParticleType
fm,P,field_197604_O,,,,,field,public static final ParticleType
fm,Q,field_197605_P,,,,,field,public static final ParticleType
fm,R,field_197606_Q,,,,,field,public static final ParticleType
fm,S,field_197607_R,,,,,field,public static final ParticleType
fm,T,field_203217_T,,,,,field,public static final ParticleType
fm,U,field_203218_U,,,,,field,public static final ParticleType
fm,V,field_203219_V,,,,,field,public static final ParticleType
fm,W,field_205167_W,,,,,field,public static final ParticleType
fm,X,field_206864_X,,,,,field,public static final ParticleType
fn,b,field_197583_b,,,,,field,private static final ParticleParam$a<ParticleType>
fp,a,field_200393_a,,,,,field,private static final org.apache.logging.log4j.Logger
fp,b,field_200394_b,,,,,field,private final Collection<Path>
fp,c,field_200395_c,,,,,field,private final Path
fp,d,field_200396_d,,,,,field,private final List<DebugReportProvider>
fq,a,field_208307_a,,,,,field,com.google.common.hash.HashFunction
fr,a,field_208324_a,,,,,field,private static final org.apache.logging.log4j.Logger
fr,b,field_208325_b,,,,,field,private final Path
fr,c,field_208326_c,,,,,field,private final Path
fr,d,field_208327_d,,,,,field,private int
fr,e,field_208328_e,,,,,field,"private final Map<Path, String>"
fr,f,field_208329_f,,,,,field,"private final Map<Path, String>"
fs,b,field_204023_a,,,,,field,private static final org.apache.logging.log4j.Logger
fs,c,field_204024_b,,,,,field,private static final com.google.gson.Gson
fs,d,field_204025_c,,,,,field,private final DebugReportGenerator
fs,e,field_204283_d,,,,,field,private final List<Consumer<Consumer<Advancement>>>
ft,a,field_204286_a,,,,,field,private static final BiomeBase[]
ft,b,field_204287_b,,,,,field,private static final EntityTypes<?>[]
fu,a,field_204290_a,,,,,field,private static final EntityTypes<?>[]
fu,b,field_204866_b,,,,,field,private static final Item[]
fu,c,field_204867_c,,,,,field,private static final Item[]
fu,d,field_204291_b,,,,,field,private static final Item[]
fz,b,field_200399_a,,,,,field,private final DebugReportGenerator
ga,b,field_200400_a,,,,,field,private final DebugReportGenerator
gb,b,field_200401_a,,,,,field,private final DebugReportGenerator
gf,b,field_200411_a,,,,,field,private static final org.apache.logging.log4j.Logger
gf,c,field_200412_b,,,,,field,private static final com.google.gson.Gson
gf,d,field_200413_c,,,,,field,private final DebugReportGenerator
gg$a,b,field_200445_b,,,,,field,private final MinecraftKey
gg$a,c,field_200446_c,,,,,field,private final Item
gg$a,d,field_200447_d,,,,,field,private final int
gg$a,e,field_200448_e,,,,,field,private final String
gg$a,f,field_200449_f,,,,,field,private final List<String>
gg$a,g,field_200450_g,,,,,field,"private final Map<Character, RecipeItemStack>"
gg$a,h,field_200451_h,,,,,field,private final Advancement$SerializedAdvancement
gg$a,i,field_200452_i,,,,,field,private final MinecraftKey
gg,a,field_200474_a,,,,,field,private static final org.apache.logging.log4j.Logger
gg,b,field_200475_b,,,,,field,private final Item
gg,c,field_200476_c,,,,,field,private final int
gg,d,field_200477_d,,,,,field,private final List<String>
gg,e,field_200478_e,,,,,field,"private final Map<Character, RecipeItemStack>"
gg,f,field_200479_f,,,,,field,private final Advancement$SerializedAdvancement
gg,g,field_200480_g,,,,,field,private String
gh$a,a,field_200453_a,,,,,field,private final MinecraftKey
gh$a,b,field_200454_b,,,,,field,private final Item
gh$a,c,field_200455_c,,,,,field,private final int
gh$a,d,field_200456_d,,,,,field,private final String
gh$a,e,field_200457_e,,,,,field,private final List<RecipeItemStack>
gh$a,f,field_200458_f,,,,,field,private final Advancement$SerializedAdvancement
gh$a,g,field_200459_g,,,,,field,private final MinecraftKey
gh,a,field_200493_a,,,,,field,private static final org.apache.logging.log4j.Logger
gh,b,field_200494_b,,,,,field,private final Item
gh,c,field_200495_c,,,,,field,private final int
gh,d,field_200496_d,,,,,field,private final List<RecipeItemStack>
gh,e,field_200497_e,,,,,field,private final Advancement$SerializedAdvancement
gh,f,field_200498_f,,,,,field,private String
gi$a,a,field_202117_a,,,,,field,private final MinecraftKey
gi$a,b,field_202118_b,,,,,field,private final String
gi$a,c,field_202119_c,,,,,field,private final RecipeItemStack
gi$a,d,field_202120_d,,,,,field,private final Item
gi$a,e,field_202121_e,,,,,field,private final float
gi$a,f,field_202122_f,,,,,field,private final int
gi$a,g,field_202123_g,,,,,field,private final Advancement$SerializedAdvancement
gi$a,h,field_202124_h,,,,,field,private final MinecraftKey
gi,a,field_202144_a,,,,,field,private static final org.apache.logging.log4j.Logger
gi,b,field_202145_b,,,,,field,private final Item
gi,c,field_202146_c,,,,,field,private final RecipeItemStack
gi,d,field_202147_d,,,,,field,private final float
gi,e,field_202148_e,,,,,field,private final int
gi,f,field_202149_f,,,,,field,private final Advancement$SerializedAdvancement
gi,g,field_202150_g,,,,,field,private String
gj,a,field_200501_a,,,,,field,private final RecipeSerializers$a<?>
gl,b,field_200418_a,,,,,field,private static final org.apache.logging.log4j.Logger
gl,c,field_200419_b,,,,,field,private final DebugReportGenerator
gm,b,field_200424_a,,,,,field,private static final org.apache.logging.log4j.Logger
gm,c,field_200425_b,,,,,field,private final DebugReportGenerator
gq,e,field_203426_d,,,,,field,private static final org.apache.logging.log4j.Logger
gr,e,field_200436_d,,,,,field,private static final org.apache.logging.log4j.Logger
gr,f,field_200437_e,,,,,field,private static final com.google.gson.Gson
gr,b,field_200433_a,,,,,field,protected final DebugReportGenerator
gr,c,field_200435_c,,,,,field,"protected final RegistryMaterials<MinecraftKey, T>"
gr,d,field_200434_b,,,,,field,"protected final Map<Tag<T>, Tag$a<T>>"
gt,a,field_201045_a,,,,,field,private static final org.apache.logging.log4j.Logger
gt,b,field_111053_a,,,,,field,private static final Pattern
gt,c,field_197636_c,,,,,field,private static final LocaleLanguage
gt,d,field_74816_c,,,,,field,"private final Map<String, String>"
gt,e,field_150511_e,,,,,field,private long
gv,f,field_74754_a,data,,,,field,private byte[]
gw,f,field_74756_a,data,,,,field,private byte
gy,f,field_191551_b,,,,,field,private static final org.apache.logging.log4j.Logger
gy,g,field_193583_c,,,,,field,private static final Pattern
gy,h,field_74784_a,map,,,,field,"private final Map<String, NBTBase>"
gz,f,field_74755_a,data,,,,field,private double
h,a,field_71576_a,,,,,field,private final CrashReport
hb,f,field_74750_a,data,,,,field,private float
hc,f,field_74749_a,data,,,,field,private int[]
hd,f,field_74748_a,data,,,,field,private int
he,f,field_179239_b,,,,,field,private static final org.apache.logging.log4j.Logger
he,g,field_74747_a,list,,,,field,private List<NBTBase>
he,h,field_74746_b,type,,,,field,private byte
hf,f,field_193587_b,,,,,field,private long[]
hg,f,field_74753_a,data,,,,field,private long
hh,a,field_152451_a,,,,,field,public static final NBTReadLimiter
hh,b,field_152452_b,,,,,field,private final long
hh,c,field_152453_c,,,,,field,private long
hj,a,field_210820_a,,,,,field,public static final DynamicOpsNBT
hk,a,field_193591_a,,,,,field,private static final org.apache.logging.log4j.Logger
hm,f,field_74752_a,data,,,,field,private short
hn,f,field_74751_a,data,,,,field,private String
ho,a,field_82578_b,,,,,field,String[]
ho,b,field_197638_b,,,,,field,EnumChatFormat
ho,c,field_197639_c,,,,,field,EnumChatFormat
ho,d,field_197640_d,,,,,field,EnumChatFormat
ho,e,field_197641_e,,,,,field,EnumChatFormat
hp,a,field_197657_a,,,,,field,public static final com.mojang.brigadier.exceptions.SimpleCommandExceptionType
hp,b,field_197658_b,,,,,field,public static final com.mojang.brigadier.exceptions.SimpleCommandExceptionType
hp,c,field_197659_c,,,,,field,public static final com.mojang.brigadier.exceptions.SimpleCommandExceptionType
hp,d,field_197660_d,,,,,field,public static final com.mojang.brigadier.exceptions.Dynamic2CommandExceptionType
hp,e,field_197661_e,,,,,field,public static final com.mojang.brigadier.exceptions.Dynamic2CommandExceptionType
hp,f,field_197662_f,,,,,field,public static final com.mojang.brigadier.exceptions.DynamicCommandExceptionType
hp,g,field_193615_a,,,,,field,private static final Pattern
hp,h,field_193616_b,,,,,field,private static final Pattern
hp,i,field_193617_c,,,,,field,private static final Pattern
hp,j,field_193618_d,,,,,field,private static final Pattern
hp,k,field_193619_e,,,,,field,private static final Pattern
hp,l,field_193620_f,,,,,field,private static final Pattern
hp,m,field_193621_g,,,,,field,private static final Pattern
hp,n,field_197663_n,,,,,field,private final com.mojang.brigadier.StringReader
hr,a,field_150507_a,,,,,field,private final Cipher
hr,b,field_150505_b,,,,,field,private byte[]
hr,c,field_150506_c,,,,,field,private byte[]
hs,a,field_150509_a,,,,,field,private final PacketEncryptionHandler
ht,a,field_150750_a,,,,,field,private final PacketEncryptionHandler
hu,a,field_179305_a,,,,,field,private final Inflater
hu,b,field_179304_b,,,,,field,private int
hv,a,field_179302_a,,,,,field,private final byte[]
hv,b,field_179300_b,,,,,field,private final Deflater
hv,c,field_179301_c,,,,,field,private int
hw$a,a,field_150774_a,,,,,field,private final Packet<?>
hw$a,b,field_201049_b,,,,,field,private final io.netty.util.concurrent.GenericFutureListener<? extends io.netty.util.concurrent.Future<? super Void>>
hw,g,field_150735_g,,,,,field,private static final org.apache.logging.log4j.Logger
hw,a,field_150740_a,,,,,field,public static final org.apache.logging.log4j.Marker
hw,b,field_150738_b,,,,,field,public static final org.apache.logging.log4j.Marker
hw,c,field_150739_c,,,,,field,public static final io.netty.util.AttributeKey<EnumProtocol>
hw,d,field_179295_d,,,,,field,public static final LazyInitVar<io.netty.channel.nio.NioEventLoopGroup>
hw,e,field_181125_e,,,,,field,public static final LazyInitVar<io.netty.channel.epoll.EpollEventLoopGroup>
hw,f,field_179296_e,,,,,field,public static final LazyInitVar<io.netty.channel.DefaultEventLoopGroup>
hw,h,field_179294_g,,,,,field,private final EnumProtocolDirection
hw,i,field_150745_j,,,,,field,private final Queue<NetworkManager$QueuedPacket>
hw,j,field_181680_j,,,,,field,private final ReentrantReadWriteLock
hw,k,field_150746_k,channel,,,,field,private io.netty.channel.Channel
hw,l,field_150743_l,,,,,field,private SocketAddress
hw,m,field_150744_m,,,,,field,private PacketListener
hw,n,field_150742_o,,,,,field,private IChatBaseComponent
hw,o,field_152463_r,,,,,field,private boolean
hw,p,field_179297_n,,,,,field,private boolean
hw,q,field_211394_q,,,,,field,private int
hw,r,field_211395_r,,,,,field,private int
hw,s,field_211396_s,,,,,field,private float
hw,t,field_211397_t,,,,,field,private float
hw,u,field_211398_u,,,,,field,private int
hw,v,field_211399_v,,,,,field,private boolean
hx,a,HANDSHAKING,HANDSHAKING,,,,enum,
hx,b,PLAY,PLAY,,,,enum,
hx,c,STATUS,STATUS,,,,enum,
hx,d,LOGIN,LOGIN,,,,enum,
hx,e,field_150764_e,,,,,field,private static final EnumProtocol[]
hx,f,field_150761_f,,,,,field,"private static final Map<Class<? extends Packet<?>>, EnumProtocol>"
hx,g,field_150762_g,,,,,field,private final int
hx,h,field_179247_h,,,,,field,"private final Map<EnumProtocolDirection, com.google.common.collect.BiMap<Integer, Class<? extends Packet<?>>>>"
hy,a,field_150794_a,,,,,field,private final io.netty.buffer.ByteBuf
hz,a,field_150800_a,,,,,field,private static final org.apache.logging.log4j.Logger
hz,b,field_150799_b,,,,,field,private static final org.apache.logging.log4j.Marker
hz,c,field_152499_c,,,,,field,private final EnumProtocolDirection
ia,a,field_150798_a,,,,,field,private static final org.apache.logging.log4j.Logger
ia,b,field_150797_b,,,,,field,private static final org.apache.logging.log4j.Marker
ia,c,field_152500_c,,,,,field,private final EnumProtocolDirection
ig,a,field_150264_a,,,,,field,protected List<IChatBaseComponent>
ig,b,field_150263_b,,,,,field,private ChatModifier
ih,a,CHAT,CHAT,,,,enum,
ih,b,SYSTEM,SYSTEM,,,,enum,
ih,c,GAME_INFO,GAME_INFO,,,,enum,
ih,d,field_192588_d,,,,,field,private final byte
ii$a,a,OPEN_URL,OPEN_URL,,,,enum,
ii$a,b,OPEN_FILE,OPEN_FILE,,,,enum,
ii$a,c,RUN_COMMAND,RUN_COMMAND,,,,enum,
ii$a,d,SUGGEST_COMMAND,SUGGEST_COMMAND,,,,enum,
ii$a,e,CHANGE_PAGE,CHANGE_PAGE,,,,enum,
ii$a,f,field_150679_e,,,,,field,"private static final Map<String, ChatClickable$EnumClickAction>"
ii$a,g,field_150676_f,,,,,field,private final boolean
ii$a,h,field_150677_g,,,,,field,private final String
ii,a,field_150671_a,,,,,field,private final ChatClickable$EnumClickAction
ii,b,field_150670_b,,,,,field,private final String
ij$a,a,field_150700_a,,,,,field,private static final com.google.gson.Gson
ij$a,b,field_197674_b,,,,,field,private static final Field
ij$a,c,field_200530_c,,,,,field,private static final Field
il$a,a,SHOW_TEXT,SHOW_TEXT,,,,enum,
il$a,b,SHOW_ITEM,SHOW_ITEM,,,,enum,
il$a,c,SHOW_ENTITY,SHOW_ENTITY,,,,enum,
il$a,d,field_150690_d,,,,,field,"private static final Map<String, ChatHoverable$EnumHoverAction>"
il$a,e,field_150691_e,,,,,field,private final boolean
il$a,f,field_150688_f,,,,,field,private final String
il,a,field_150704_a,,,,,field,private final ChatHoverable$EnumHoverAction
il,b,field_150703_b,,,,,field,private final IChatBaseComponent
im,b,field_193637_b,,,,,field,"public static Function<String, Supplier<String>>"
im,c,field_193638_c,,,,,field,private final String
im,d,field_193639_d,,,,,field,private Supplier<String>
in,b,field_179999_b,,,,,field,private final String
in,c,field_197667_c,,,,,field,private final EntitySelector
in,d,field_180000_c,,,,,field,private final String
in,e,field_179998_d,,,,,field,private String
io,b,field_197669_b,,,,,field,private static final org.apache.logging.log4j.Logger
io,c,field_179993_b,,,,,field,private final String
io,d,field_197670_d,,,,,field,private final EntitySelector
ip,a,field_150249_a,,,,,field,private ChatModifier
ip,b,field_150247_b,,,,,field,private EnumChatFormat
ip,c,field_150248_c,,,,,field,private Boolean
ip,d,field_150245_d,,,,,field,private Boolean
ip,e,field_150246_e,,,,,field,private Boolean
ip,f,field_150243_f,,,,,field,private Boolean
ip,g,field_150244_g,,,,,field,private Boolean
ip,h,field_150251_h,,,,,field,private ChatClickable
ip,i,field_150252_i,,,,,field,private ChatHoverable
ip,j,field_179990_j,,,,,field,private String
ip,k,field_150250_j,,,,,field,private static final ChatModifier
iq,b,field_150267_b,,,,,field,private final String
ir,d,field_200526_d,,,,,field,private static final LocaleLanguage
ir,e,field_200527_e,,,,,field,private static final LocaleLanguage
ir,f,field_150276_d,,,,,field,private final String
ir,g,field_150277_e,,,,,field,private final Object[]
ir,h,field_150274_f,,,,,field,private final Object
ir,i,field_150275_g,,,,,field,private long
ir,b,field_150278_b,,,,,field,List<IChatBaseComponent>
ir,c,field_150279_c,,,,,field,public static final Pattern
iw,a,SERVERBOUND,SERVERBOUND,,,,enum,
iw,b,CLIENTBOUND,CLIENTBOUND,,,,enum,
iz,a,field_149018_a,,,,,field,private int
iz,b,field_186883_b,,,,,field,private UUID
iz,c,field_149016_b,,,,,field,private double
iz,d,field_149017_c,,,,,field,private double
iz,e,field_149014_d,,,,,field,private double
iz,f,field_149015_e,,,,,field,private int
iz,g,field_149012_f,,,,,field,private int
iz,h,field_149013_g,,,,,field,private int
iz,i,field_149021_h,,,,,field,private int
iz,j,field_149022_i,,,,,field,private int
iz,k,field_149019_j,,,,,field,private int
iz,l,field_149020_k,,,,,field,private int
j,a,field_184877_a,,,,,field,public static final io.netty.util.ResourceLeakDetector$Level
j,b,field_206244_b,,,,,field,public static boolean
j,c,field_71567_b,allowedCharacters,,,,field,public static final char[]
ja,a,field_148992_a,,,,,field,private int
ja,b,field_148990_b,,,,,field,private double
ja,c,field_148991_c,,,,,field,private double
ja,d,field_148988_d,,,,,field,private double
ja,e,field_148989_e,,,,,field,private int
jb,a,field_149059_a,,,,,field,private int
jb,b,field_149057_b,,,,,field,private double
jb,c,field_149058_c,,,,,field,private double
jb,d,field_149055_d,,,,,field,private double
jb,e,field_149056_e,,,,,field,private int
jc,a,field_149042_a,,,,,field,private int
jc,b,field_186894_b,,,,,field,private UUID
jc,c,field_149040_b,,,,,field,private int
jc,d,field_149041_c,,,,,field,private double
jc,e,field_149038_d,,,,,field,private double
jc,f,field_149039_e,,,,,field,private double
jc,g,field_149036_f,,,,,field,private int
jc,h,field_149037_g,,,,,field,private int
jc,i,field_149047_h,,,,,field,private int
jc,j,field_149048_i,,,,,field,private byte
jc,k,field_149045_j,,,,,field,private byte
jc,l,field_149046_k,,,,,field,private byte
jc,m,field_149043_l,,,,,field,private DataWatcher
jc,n,field_149044_m,,,,,field,private List<DataWatcher$Item<?>>
jd,a,field_148973_a,,,,,field,private int
jd,b,field_186896_b,,,,,field,private UUID
jd,c,field_179838_b,,,,,field,private BlockPosition
jd,d,field_179839_c,,,,,field,private EnumDirection
jd,e,field_148968_f,,,,,field,private int
je,a,field_148957_a,,,,,field,private int
je,b,field_179820_b,,,,,field,private UUID
je,c,field_148956_c,,,,,field,private double
je,d,field_148953_d,,,,,field,private double
je,e,field_148954_e,,,,,field,private double
je,f,field_148951_f,,,,,field,private byte
je,g,field_148952_g,,,,,field,private byte
je,h,field_148960_i,,,,,field,private DataWatcher
je,i,field_148958_j,,,,,field,private List<DataWatcher$Item<?>>
jf,a,field_148981_a,,,,,field,private int
jf,b,field_148980_b,,,,,field,private int
jg,a,field_148976_a,,,,,field,private it.unimi.dsi.fastutil.objects.Object2IntMap<Statistic<?>>
jh,a,field_148852_a,,,,,field,private int
jh,b,field_179822_b,,,,,field,private BlockPosition
jh,c,field_148849_e,,,,,field,private int
ji,a,field_179824_a,,,,,field,private BlockPosition
ji,b,field_148859_d,,,,,field,private int
ji,c,field_148860_e,,,,,field,private NBTTagCompound
jj,a,field_179826_a,,,,,field,private BlockPosition
jj,b,field_148872_d,,,,,field,private int
jj,c,field_148873_e,,,,,field,private int
jj,d,field_148871_f,,,,,field,private Block
jk,a,field_179828_a,,,,,field,private BlockPosition
jk,b,field_197686_b,block,,,,field,private IBlockData
jl$a,a,ADD,ADD,,,,enum,
jl$a,b,REMOVE,REMOVE,,,,enum,
jl$a,c,UPDATE_PCT,UPDATE_PCT,,,,enum,
jl$a,d,UPDATE_NAME,UPDATE_NAME,,,,enum,
jl$a,e,UPDATE_STYLE,UPDATE_STYLE,,,,enum,
jl$a,f,UPDATE_PROPERTIES,UPDATE_PROPERTIES,,,,enum,
jl,a,field_186911_a,,,,,field,private UUID
jl,b,field_186912_b,,,,,field,private PacketPlayOutBoss$Action
jl,c,field_186913_c,,,,,field,private IChatBaseComponent
jl,d,field_186914_d,,,,,field,private float
jl,e,field_186915_e,,,,,field,private BossBattle$BarColor
jl,f,field_186916_f,,,,,field,private BossBattle$BarStyle
jl,g,field_186917_g,,,,,field,private boolean
jl,h,field_186918_h,,,,,field,private boolean
jl,i,field_186919_i,,,,,field,private boolean
jm,a,field_179833_a,,,,,field,private EnumDifficulty
jm,b,field_179832_b,,,,,field,private boolean
jn,a,field_148919_a,,,,,field,private IChatBaseComponent
jn,b,field_179842_b,,,,,field,private ChatMessageType
jo$a,b,field_180091_b,,,,,field,private final short
jo$a,c,field_180092_c,,,,,field,private final IBlockData
jo,a,field_148925_b,,,,,field,private ChunkCoordIntPair
jo,b,field_179845_b,,,,,field,private PacketPlayOutMultiBlockChange$MultiBlockChangeInfo[]
jp,a,field_197690_a,,,,,field,private int
jp,b,field_197691_b,,,,,field,private com.mojang.brigadier.suggestion.Suggestions
jq$a,a,field_197726_a,,,,,field,"private final com.mojang.brigadier.builder.ArgumentBuilder<ICompletionProvider, ?>"
jq$a,b,field_197727_b,,,,,field,private final byte
jq$a,c,field_197728_c,,,,,field,private final int
jq$a,d,field_197729_d,,,,,field,private final int[]
jq$a,e,field_197730_e,,,,,field,private com.mojang.brigadier.tree.CommandNode<ICompletionProvider>
jq,a,field_197697_a,,,,,field,private com.mojang.brigadier.tree.RootCommandNode<ICompletionProvider>
jr,a,field_148894_a,,,,,field,private int
jr,b,field_148892_b,,,,,field,private short
jr,c,field_148893_c,,,,,field,private boolean
js,a,field_148896_a,,,,,field,private int
jt,a,field_148909_a,,,,,field,private int
jt,b,field_148907_b,,,,,field,private String
jt,c,field_148908_c,,,,,field,private IChatBaseComponent
jt,d,field_148905_d,,,,,field,private int
jt,e,field_148904_f,,,,,field,private int
ju,a,field_148914_a,,,,,field,private int
ju,b,field_148913_b,,,,,field,private List<ItemStack>
jv,a,field_149186_a,,,,,field,private int
jv,b,field_149184_b,,,,,field,private int
jv,c,field_149185_c,,,,,field,private int
jw,a,field_149179_a,,,,,field,private int
jw,b,field_149177_b,,,,,field,private int
jw,c,field_149178_c,,,,,field,private ItemStack
jx,a,field_186923_a,,,,,field,private Item
jx,b,field_186924_b,,,,,field,private int
jy,a,field_209910_a,,,,,field,public static final MinecraftKey
jy,b,field_209911_b,,,,,field,public static final MinecraftKey
jy,c,field_209912_c,,,,,field,public static final MinecraftKey
jy,d,field_209913_d,,,,,field,public static final MinecraftKey
jy,e,field_209914_e,,,,,field,public static final MinecraftKey
jy,f,field_209915_f,,,,,field,public static final MinecraftKey
jy,g,field_209916_g,,,,,field,public static final MinecraftKey
jy,h,field_209917_h,,,,,field,public static final MinecraftKey
jy,i,field_149172_a,,,,,field,private MinecraftKey
jy,j,field_149171_b,,,,,field,private PacketDataSerializer
jz,a,field_149219_a,,,,,field,private MinecraftKey
jz,b,field_186933_b,,,,,field,private SoundCategory
jz,c,field_186934_c,,,,,field,private int
jz,d,field_186935_d,,,,,field,private int
jz,e,field_186936_e,,,,,field,private int
jz,f,field_186937_f,,,,,field,private float
jz,g,field_186938_g,,,,,field,private float
k$a,a,LINUX,LINUX,,,,enum,
k$a,b,SOLARIS,SOLARIS,,,,enum,
k$a,c,WINDOWS,WINDOWS,,,,enum,
k$a,d,OSX,OSX,,,,enum,
k$a,e,UNKNOWN,UNKNOWN,,,,enum,
k,a,field_211180_a,,,,,field,public static LongSupplier
k,b,field_195650_a,,,,,field,private static final org.apache.logging.log4j.Logger
k,c,field_209538_b,,,,,field,private static final Pattern
ka,a,field_149167_a,,,,,field,private IChatBaseComponent
kb,a,field_149164_a,,,,,field,private int
kb,b,field_149163_b,,,,,field,private byte
kc,a,field_149158_a,,,,,field,private double
kc,b,field_149156_b,,,,,field,private double
kc,c,field_149157_c,,,,,field,private double
kc,d,field_149154_d,,,,,field,private float
kc,e,field_149155_e,,,,,field,private List<BlockPosition>
kc,f,field_149152_f,,,,,field,private float
kc,g,field_149153_g,,,,,field,private float
kc,h,field_149159_h,,,,,field,private float
kd,a,field_186942_a,,,,,field,private int
kd,b,field_186943_b,,,,,field,private int
ke,a,field_149142_a,,,,,field,public static final String[]
ke,b,field_149140_b,,,,,field,private int
ke,c,field_149141_c,,,,,field,private float
kf,a,field_149136_a,,,,,field,private long
kg,a,field_149284_a,,,,,field,private int
kg,b,field_149282_b,,,,,field,private int
kg,c,field_186948_c,,,,,field,private int
kg,d,field_186949_d,,,,,field,private byte[]
kg,e,field_189557_e,,,,,field,private List<NBTTagCompound>
kg,f,field_149279_g,,,,,field,private boolean
kh,a,field_149251_a,,,,,field,private int
kh,b,field_179747_b,,,,,field,private BlockPosition
kh,c,field_149249_b,,,,,field,private int
kh,d,field_149246_f,,,,,field,private boolean
ki,a,field_149234_b,,,,,field,private float
ki,b,field_149235_c,,,,,field,private float
ki,c,field_149232_d,,,,,field,private float
ki,d,field_149233_e,,,,,field,private float
ki,e,field_149230_f,,,,,field,private float
ki,f,field_149231_g,,,,,field,private float
ki,g,field_149237_h,,,,,field,private float
ki,h,field_149238_i,,,,,field,private int
ki,i,field_179752_j,,,,,field,private boolean
ki,j,field_197700_j,,,,,field,private ParticleParam
kj,a,field_149206_a,,,,,field,private int
kj,b,field_149204_b,,,,,field,private boolean
kj,c,field_149205_c,,,,,field,private EnumGamemode
kj,d,field_149202_d,,,,,field,private int
kj,e,field_149203_e,,,,,field,private EnumDifficulty
kj,f,field_149200_f,,,,,field,private int
kj,g,field_149201_g,,,,,field,private WorldType
kj,h,field_179745_h,,,,,field,private boolean
kk,a,field_149191_a,,,,,field,private int
kk,b,field_179739_b,,,,,field,private byte
kk,c,field_186950_c,,,,,field,private boolean
kk,d,field_179740_c,,,,,field,private MapIcon[]
kk,e,field_179737_d,,,,,field,private int
kk,f,field_179738_e,,,,,field,private int
kk,g,field_179735_f,,,,,field,private int
kk,h,field_179736_g,,,,,field,private int
kk,i,field_179741_h,,,,,field,private byte[]
kl,a,field_149074_a,,,,,field,protected int
kl,b,field_149072_b,,,,,field,protected int
kl,c,field_149073_c,,,,,field,protected int
kl,d,field_149070_d,,,,,field,protected int
kl,e,field_149071_e,,,,,field,protected byte
kl,f,field_149068_f,,,,,field,protected byte
kl,g,field_179743_g,,,,,field,protected boolean
kl,h,field_149069_g,,,,,field,protected boolean
km,a,field_186960_a,,,,,field,private double
km,b,field_186961_b,,,,,field,private double
km,c,field_186962_c,,,,,field,private double
km,d,field_186963_d,,,,,field,private float
km,e,field_186964_e,,,,,field,private float
kn,a,field_179778_a,,,,,field,private BlockPosition
ko,a,field_194314_a,,,,,field,private int
ko,b,field_194315_b,,,,,field,private MinecraftKey
kp,a,field_149119_a,,,,,field,private boolean
kp,b,field_149117_b,,,,,field,private boolean
kp,c,field_149118_c,,,,,field,private boolean
kp,d,field_149115_d,,,,,field,private boolean
kp,e,field_149116_e,,,,,field,private float
kp,f,field_149114_f,,,,,field,private float
kq$a,a,ENTER_COMBAT,ENTER_COMBAT,,,,enum,
kq$a,b,END_COMBAT,END_COMBAT,,,,enum,
kq$a,c,ENTITY_DIED,ENTITY_DIED,,,,enum,
kq,a,field_179776_a,,,,,field,public PacketPlayOutCombatEvent$EnumCombatEventType
kq,b,field_179774_b,,,,,field,public int
kq,c,field_179775_c,,,,,field,public int
kq,d,field_179772_d,,,,,field,public int
kq,e,field_179773_e,,,,,field,public IChatBaseComponent
kr$a,a,ADD_PLAYER,ADD_PLAYER,,,,enum,
kr$a,b,UPDATE_GAME_MODE,UPDATE_GAME_MODE,,,,enum,
kr$a,c,UPDATE_LATENCY,UPDATE_LATENCY,,,,enum,
kr$a,d,UPDATE_DISPLAY_NAME,UPDATE_DISPLAY_NAME,,,,enum,
kr$a,e,REMOVE_PLAYER,REMOVE_PLAYER,,,,enum,
kr$b,b,field_179966_b,,,,,field,private final int
kr$b,c,field_179967_c,,,,,field,private final EnumGamemode
kr$b,d,field_179964_d,,,,,field,private final com.mojang.authlib.GameProfile
kr$b,e,field_179965_e,,,,,field,private final IChatBaseComponent
kr,a,field_179770_a,,,,,field,private PacketPlayOutPlayerInfo$EnumPlayerInfoAction
kr,b,field_179769_b,,,,,field,private final List<PacketPlayOutPlayerInfo$PlayerInfoData>
ks,a,field_200532_a,,,,,field,private double
ks,b,field_200533_b,,,,,field,private double
ks,c,field_200534_c,,,,,field,private double
ks,d,field_200535_d,,,,,field,private int
ks,e,field_201065_e,,,,,field,private ArgumentAnchor$Anchor
ks,f,field_201066_f,,,,,field,private ArgumentAnchor$Anchor
ks,g,field_200536_e,,,,,field,private boolean
kt$a,a,X,X,,,,enum,
kt$a,b,Y,Y,,,,enum,
kt$a,c,Z,Z,,,,enum,
kt$a,d,Y_ROT,Y_ROT,,,,enum,
kt$a,e,X_ROT,X_ROT,,,,enum,
kt$a,f,field_187050_f,,,,,field,private final int
kt,a,field_148940_a,,,,,field,private double
kt,b,field_148938_b,,,,,field,private double
kt,c,field_148939_c,,,,,field,private double
kt,d,field_148936_d,,,,,field,private float
kt,e,field_148937_e,,,,,field,private float
kt,f,field_179835_f,,,,,field,private Set<PacketPlayOutPosition$EnumPlayerTeleportFlags>
kt,g,field_186966_g,,,,,field,private int
ku,a,field_149097_a,,,,,field,private int
ku,b,field_179799_b,,,,,field,private BlockPosition
kv$a,a,INIT,INIT,,,,enum,
kv$a,b,ADD,ADD,,,,enum,
kv$a,c,REMOVE,REMOVE,,,,enum,
kv,a,field_193646_a,,,,,field,private PacketPlayOutRecipes$Action
kv,b,field_192596_a,,,,,field,private List<MinecraftKey>
kv,c,field_193647_c,,,,,field,private List<MinecraftKey>
kv,d,field_192598_c,,,,,field,private boolean
kv,e,field_192599_d,,,,,field,private boolean
kv,f,field_202494_f,,,,,field,private boolean
kv,g,field_202495_g,,,,,field,private boolean
kw,a,field_149100_a,,,,,field,private int[]
kx,a,field_149079_a,,,,,field,private int
kx,b,field_149078_b,,,,,field,private MobEffectList
ky,a,field_179786_a,,,,,field,private String
ky,b,field_179785_b,,,,,field,private String
kz,a,field_149088_a,,,,,field,private int
kz,b,field_149086_b,,,,,field,private EnumDifficulty
kz,c,field_149087_c,,,,,field,private EnumGamemode
kz,d,field_149085_d,,,,,field,private WorldType
l$a,a,field_192061_a,,,,,field,private MinecraftKey
l$a,b,field_192062_b,,,,,field,private Advancement
l$a,c,field_192063_c,,,,,field,private AdvancementDisplay
l$a,d,field_192064_d,,,,,field,private AdvancementRewards
l$a,e,field_192065_e,,,,,field,"private Map<String, Criterion>"
l$a,f,field_192066_f,,,,,field,private String[][]
l$a,g,field_199751_g,,,,,field,private AdvancementRequirements
l,a,field_192076_a,,,,,field,private final Advancement
l,b,field_192077_b,,,,,field,private final AdvancementDisplay
l,c,field_192078_c,,,,,field,private final AdvancementRewards
l,d,field_192079_d,,,,,field,private final MinecraftKey
l,e,field_192080_e,,,,,field,"private final Map<String, Criterion>"
l,f,field_192081_f,,,,,field,private final String[][]
l,g,field_192082_g,,,,,field,private final Set<Advancement>
l,h,field_193125_h,,,,,field,private final IChatBaseComponent
la,a,field_149384_a,,,,,field,private int
la,b,field_149383_b,,,,,field,private byte
lb,a,field_194155_a,,,,,field,private MinecraftKey
lc$a,a,SET_SIZE,SET_SIZE,,,,enum,
lc$a,b,LERP_SIZE,LERP_SIZE,,,,enum,
lc$a,c,SET_CENTER,SET_CENTER,,,,enum,
lc$a,d,INITIALIZE,INITIALIZE,,,,enum,
lc$a,e,SET_WARNING_TIME,SET_WARNING_TIME,,,,enum,
lc$a,f,SET_WARNING_BLOCKS,SET_WARNING_BLOCKS,,,,enum,
lc,a,field_179795_a,,,,,field,private PacketPlayOutWorldBorder$EnumWorldBorderAction
lc,b,field_179793_b,,,,,field,private int
lc,c,field_179794_c,,,,,field,private double
lc,d,field_179791_d,,,,,field,private double
lc,e,field_179792_e,,,,,field,private double
lc,f,field_179789_f,,,,,field,private double
lc,g,field_179790_g,,,,,field,private long
lc,h,field_179796_h,,,,,field,private int
lc,i,field_179797_i,,,,,field,private int
ld,a,field_179781_a,,,,,field,public int
le,a,field_149387_a,,,,,field,private int
lf,a,field_149374_a,,,,,field,private int
lf,b,field_149373_b,,,,,field,private String
lg,a,field_149379_a,,,,,field,private int
lg,b,field_149378_b,,,,,field,private List<DataWatcher$Item<?>>
lh,a,field_149406_b,,,,,field,private int
lh,b,field_149407_c,,,,,field,private int
li,a,field_149417_a,,,,,field,private int
li,b,field_149415_b,,,,,field,private int
li,c,field_149416_c,,,,,field,private int
li,d,field_149414_d,,,,,field,private int
lj,a,field_149394_a,,,,,field,private int
lj,b,field_149392_b,,,,,field,private EnumItemSlot
lj,c,field_149393_c,,,,,field,private ItemStack
lk,a,field_149401_a,,,,,field,private float
lk,b,field_149399_b,,,,,field,private int
lk,c,field_149400_c,,,,,field,private int
ll,a,field_149336_a,,,,,field,private float
ll,b,field_149334_b,,,,,field,private int
ll,c,field_149335_c,,,,,field,private float
lm,a,field_149343_a,,,,,field,private String
lm,b,field_149341_b,,,,,field,private IChatBaseComponent
lm,c,field_199857_c,,,,,field,private IScoreboardCriteria$EnumScoreboardHealthDisplay
lm,d,field_149342_c,,,,,field,private int
ln,a,field_186973_a,,,,,field,private int
ln,b,field_186974_b,,,,,field,private int[]
lo,a,field_149320_a,,,,,field,private String
lo,b,field_149318_b,,,,,field,private IChatBaseComponent
lo,c,field_207509_c,,,,,field,private IChatBaseComponent
lo,d,field_207510_d,,,,,field,private IChatBaseComponent
lo,e,field_179816_e,,,,,field,private String
lo,f,field_186976_f,,,,,field,private String
lo,g,field_179815_f,,,,,field,private EnumChatFormat
lo,h,field_149317_e,,,,,field,private final Collection<String>
lo,i,field_149314_f,,,,,field,private int
lo,j,field_149315_g,,,,,field,private int
lp,a,field_149329_a,,,,,field,private String
lp,b,field_149327_b,,,,,field,private String
lp,c,field_149328_c,,,,,field,private int
lp,d,field_149326_d,,,,,field,private ScoreboardServer$Action
lq,a,field_179801_a,position,,,,field,private BlockPosition
lr,a,field_149369_a,,,,,field,private long
lr,b,field_149368_b,,,,,field,private long
ls$a,a,TITLE,TITLE,,,,enum,
ls$a,b,SUBTITLE,SUBTITLE,,,,enum,
ls$a,c,ACTIONBAR,ACTIONBAR,,,,enum,
ls$a,d,TIMES,TIMES,,,,enum,
ls$a,e,CLEAR,CLEAR,,,,enum,
ls$a,f,RESET,RESET,,,,enum,
ls,a,field_179812_a,,,,,field,private PacketPlayOutTitle$EnumTitleAction
ls,b,field_179810_b,,,,,field,private IChatBaseComponent
ls,c,field_179811_c,,,,,field,private int
ls,d,field_179808_d,,,,,field,private int
ls,e,field_179809_e,,,,,field,private int
lt,a,field_186979_a,,,,,field,private SoundEffect
lt,b,field_186980_b,,,,,field,private SoundCategory
lt,c,field_149217_b,,,,,field,private int
lt,d,field_149218_c,,,,,field,private int
lt,e,field_149215_d,,,,,field,private int
lt,f,field_149216_e,,,,,field,private float
lt,g,field_149214_f,,,,,field,private float
lu,a,field_197705_a,,,,,field,private MinecraftKey
lu,b,field_197706_b,,,,,field,private SoundCategory
lv,a,field_179703_a,,,,,field,private IChatBaseComponent
lv,b,field_179702_b,,,,,field,private IChatBaseComponent
lw,a,field_211714_a,,,,,field,private int
lw,b,field_211715_b,,,,,field,private NBTTagCompound
lx,a,field_149357_a,,,,,field,private int
lx,b,field_149356_b,,,,,field,private int
lx,c,field_191209_c,,,,,field,private int
ly,a,field_149458_a,,,,,field,private int
ly,b,field_149456_b,,,,,field,private double
ly,c,field_149457_c,,,,,field,private double
ly,d,field_149454_d,,,,,field,private double
ly,e,field_149455_e,,,,,field,private byte
ly,f,field_149453_f,,,,,field,private byte
ly,g,field_179698_g,,,,,field,private boolean
lz,a,field_192605_a,,,,,field,private boolean
lz,b,field_192606_b,,,,,field,"private Map<MinecraftKey, Advancement$SerializedAdvancement>"
lz,c,field_192607_c,,,,,field,private Set<MinecraftKey>
lz,d,field_192608_d,,,,,field,"private Map<MinecraftKey, AdvancementProgress>"
m,a,field_192091_a,,,,,field,private static final org.apache.logging.log4j.Logger
m,b,field_192092_b,advancements,,,,field,"private final Map<MinecraftKey, Advancement>"
m,c,field_192093_c,,,,,field,private final Set<Advancement>
m,d,field_192094_d,,,,,field,private final Set<Advancement>
m,e,field_192095_e,,,,,field,private Advancements$a
ma$a,b,field_151412_b,,,,,field,private final String
ma$a,c,field_151413_c,,,,,field,private final double
ma$a,d,field_151411_d,,,,,field,private final Collection<AttributeModifier>
ma,a,field_149445_a,,,,,field,private int
ma,b,field_149444_b,,,,,field,private final List<PacketPlayOutUpdateAttributes$AttributeSnapshot>
mb,a,field_149434_a,,,,,field,private int
mb,b,field_149432_b,,,,,field,private byte
mb,c,field_149433_c,,,,,field,private byte
mb,d,field_149431_d,,,,,field,private int
mb,e,field_186985_e,,,,,field,private byte
mc,a,field_199617_a,,,,,field,private List<IRecipe>
md,a,field_199859_a,,,,,field,private TagRegistry
mf,a,field_186988_a,,,,,field,private int
mg,a,field_211718_a,,,,,field,private int
mg,b,field_211719_b,,,,,field,private BlockPosition
mh,a,field_149440_a,,,,,field,private String
mi$a,a,PERFORM_RESPAWN,PERFORM_RESPAWN,,,,enum,
mi$a,b,REQUEST_STATS,REQUEST_STATS,,,,enum,
mi,a,field_149437_a,,,,,field,private PacketPlayInClientCommand$EnumClientCommand
mj,a,field_149530_a,,,,,field,private String
mj,b,field_149528_b,,,,,field,private int
mj,c,field_149529_c,,,,,field,private EntityHuman$EnumChatVisibility
mj,d,field_149526_d,,,,,field,private boolean
mj,e,field_179711_e,,,,,field,private int
mj,f,field_186992_f,,,,,field,private EnumMainHand
mk,a,field_197710_a,,,,,field,private int
mk,b,field_197711_b,,,,,field,private String
ml,a,field_149536_a,,,,,field,private int
ml,b,field_149534_b,,,,,field,private short
ml,c,field_149535_c,,,,,field,private boolean
mm,a,field_149541_a,,,,,field,private int
mm,b,field_149540_b,,,,,field,private int
mn,a,field_149554_a,,,,,field,private int
mn,b,field_149552_b,slot,,,,field,private int
mn,c,field_149553_c,button,,,,field,private int
mn,d,field_149550_d,,,,,field,private short
mn,e,field_149551_e,item,,,,field,private ItemStack
mn,f,field_149549_f,shift,,,,field,private InventoryClickType
mo,a,field_149556_a,id,,,,field,private int
mp,a,field_210344_a,,,,,field,public static final MinecraftKey
mp,b,field_149562_a,tag,,,,field,private MinecraftKey
mp,c,field_149561_c,data,,,,field,private PacketDataSerializer
mq,a,field_210347_a,,,,,field,private ItemStack
mq,b,field_210348_b,,,,,field,private boolean
mr,a,field_211722_a,,,,,field,private int
mr,b,field_211723_b,,,,,field,private int
ms$a,a,INTERACT,INTERACT,,,,enum,
ms$a,b,ATTACK,ATTACK,,,,enum,
ms$a,c,INTERACT_AT,INTERACT_AT,,,,enum,
ms,a,field_149567_a,,,,,field,private int
ms,b,field_149566_b,action,,,,field,private PacketPlayInUseEntity$EnumEntityUseAction
ms,c,field_179713_c,,,,,field,private Vec3D
ms,d,field_186995_d,,,,,field,private EnumHand
mt,a,field_149461_a,,,,,field,private long
mu,a,field_149479_a,x,,,,field,protected double
mu,b,field_149477_b,y,,,,field,protected double
mu,c,field_149478_c,z,,,,field,protected double
mu,d,field_149476_e,yaw,,,,field,protected float
mu,e,field_149473_f,pitch,,,,field,protected float
mu,f,field_149474_g,,,,,field,protected boolean
mu,g,field_149480_h,hasPos,,,,field,protected boolean
mu,h,field_149481_i,hasLook,,,,field,protected boolean
mv,a,field_187007_a,,,,,field,private double
mv,b,field_187008_b,,,,,field,private double
mv,c,field_187009_c,,,,,field,private double
mv,d,field_187010_d,,,,,field,private float
mv,e,field_187011_e,,,,,field,private float
mw,a,field_187015_a,,,,,field,private boolean
mw,b,field_187016_b,,,,,field,private boolean
mx,a,field_210350_a,,,,,field,private int
my,a,field_194320_a,,,,,field,private int
my,b,field_194321_b,,,,,field,private MinecraftKey
my,c,field_194322_c,,,,,field,private boolean
mz,a,field_149500_a,,,,,field,private boolean
mz,b,field_149498_b,,,,,field,private boolean
mz,c,field_149499_c,,,,,field,private boolean
mz,d,field_149496_d,,,,,field,private boolean
mz,e,field_149497_e,,,,,field,private float
mz,f,field_149495_f,,,,,field,private float
n,a,field_192110_a,,,,,field,"private final Map<String, CriterionProgress>"
n,b,field_192111_b,,,,,field,private String[][]
na$a,a,START_DESTROY_BLOCK,START_DESTROY_BLOCK,,,,enum,
na$a,b,ABORT_DESTROY_BLOCK,ABORT_DESTROY_BLOCK,,,,enum,
na$a,c,STOP_DESTROY_BLOCK,STOP_DESTROY_BLOCK,,,,enum,
na$a,d,DROP_ALL_ITEMS,DROP_ALL_ITEMS,,,,enum,
na$a,e,DROP_ITEM,DROP_ITEM,,,,enum,
na$a,f,RELEASE_USE_ITEM,RELEASE_USE_ITEM,,,,enum,
na$a,g,SWAP_HELD_ITEMS,SWAP_HELD_ITEMS,,,,enum,
na,a,field_179717_a,,,,,field,private BlockPosition
na,b,field_179716_b,,,,,field,private EnumDirection
na,c,field_149508_e,,,,,field,private PacketPlayInBlockDig$EnumPlayerDigType
nb$a,a,START_SNEAKING,START_SNEAKING,,,,enum,
nb$a,b,STOP_SNEAKING,STOP_SNEAKING,,,,enum,
nb$a,c,STOP_SLEEPING,STOP_SLEEPING,,,,enum,
nb$a,d,START_SPRINTING,START_SPRINTING,,,,enum,
nb$a,e,STOP_SPRINTING,STOP_SPRINTING,,,,enum,
nb$a,f,START_RIDING_JUMP,START_RIDING_JUMP,,,,enum,
nb$a,g,STOP_RIDING_JUMP,STOP_RIDING_JUMP,,,,enum,
nb$a,h,OPEN_INVENTORY,OPEN_INVENTORY,,,,enum,
nb$a,i,START_FALL_FLYING,START_FALL_FLYING,,,,enum,
nb,a,field_149517_a,,,,,field,private int
nb,b,field_149515_b,animation,,,,field,private PacketPlayInEntityAction$EnumPlayerAction
nb,c,field_149516_c,,,,,field,private int
nc,a,field_149624_a,,,,,field,private float
nc,b,field_192621_b,,,,,field,private float
nc,c,field_149623_c,,,,,field,private boolean
nc,d,field_149621_d,,,,,field,private boolean
nd$a,a,SHOWN,SHOWN,,,,enum,
nd$a,b,SETTINGS,SETTINGS,,,,enum,
nd,a,field_194157_a,,,,,field,private PacketPlayInRecipeDisplayed$Status
nd,b,field_193649_d,,,,,field,private MinecraftKey
nd,c,field_192631_e,,,,,field,private boolean
nd,d,field_192632_f,,,,,field,private boolean
nd,e,field_202498_e,,,,,field,private boolean
nd,f,field_202499_f,,,,,field,private boolean
ne,a,field_210352_a,,,,,field,private String
net/minecraft/server/MinecraftServer$1,b,field_96245_b,,,,,field,private long
net/minecraft/server/MinecraftServer,h,field_147145_h,LOGGER,,,,field,private static final org.apache.logging.log4j.Logger
net/minecraft/server/MinecraftServer,a,field_152367_a,,,,,field,public static final File
net/minecraft/server/MinecraftServer,i,field_71310_m,convertable,,,,field,private final Convertable
net/minecraft/server/MinecraftServer,j,field_71307_n,,,,,field,private final MojangStatisticsGenerator
net/minecraft/server/MinecraftServer,k,field_71308_o,universe,,,,field,private final File
net/minecraft/server/MinecraftServer,l,field_71322_p,,,,,field,private final List<ITickable>
net/minecraft/server/MinecraftServer,b,field_71304_b,methodProfiler,,,,field,public final MethodProfiler
net/minecraft/server/MinecraftServer,m,field_147144_o,,,,,field,private final ServerConnection
net/minecraft/server/MinecraftServer,n,field_147147_p,,,,,field,private final ServerPing
net/minecraft/server/MinecraftServer,o,field_147146_q,,,,,field,private final Random
net/minecraft/server/MinecraftServer,p,field_184112_s,dataConverterManager,,,,field,private final com.mojang.datafixers.DataFixer
net/minecraft/server/MinecraftServer,q,field_71320_r,serverIp,,,,field,private String
net/minecraft/server/MinecraftServer,r,field_71319_s,,,,,field,private int
net/minecraft/server/MinecraftServer,c,field_71305_c,worldServer,,,,field,public WorldServer[]
net/minecraft/server/MinecraftServer,s,field_71318_t,,,,,field,private PlayerList
net/minecraft/server/MinecraftServer,t,field_71317_u,isRunning,,,,field,private boolean
net/minecraft/server/MinecraftServer,u,field_71316_v,isStopped,,,,field,private boolean
net/minecraft/server/MinecraftServer,v,field_71315_w,ticks,,,,field,private int
net/minecraft/server/MinecraftServer,d,field_110456_c,,,,,field,protected final Proxy
net/minecraft/server/MinecraftServer,w,field_71302_d,,,,,field,private IChatBaseComponent
net/minecraft/server/MinecraftServer,x,field_71303_e,,,,,field,private int
net/minecraft/server/MinecraftServer,y,field_71325_x,onlineMode,,,,field,private boolean
net/minecraft/server/MinecraftServer,z,field_190519_A,,,,,field,private boolean
net/minecraft/server/MinecraftServer,A,field_71324_y,spawnAnimals,,,,field,private boolean
net/minecraft/server/MinecraftServer,B,field_71323_z,spawnNPCs,,,,field,private boolean
net/minecraft/server/MinecraftServer,C,field_71284_A,pvpMode,,,,field,private boolean
net/minecraft/server/MinecraftServer,D,field_71285_B,allowFlight,,,,field,private boolean
net/minecraft/server/MinecraftServer,E,field_71286_C,motd,,,,field,private String
net/minecraft/server/MinecraftServer,F,field_71280_D,,,,,field,private int
net/minecraft/server/MinecraftServer,G,field_143008_E,,,,,field,private int
net/minecraft/server/MinecraftServer,e,field_71311_j,,,,,field,public final long[]
net/minecraft/server/MinecraftServer,f,field_71312_k,,,,,field,public long[][]
net/minecraft/server/MinecraftServer,H,field_71292_I,,,,,field,private KeyPair
net/minecraft/server/MinecraftServer,I,field_71293_J,,,,,field,private String
net/minecraft/server/MinecraftServer,J,field_71294_K,,,,,field,private String
net/minecraft/server/MinecraftServer,L,field_71288_M,demoMode,,,,field,private boolean
net/minecraft/server/MinecraftServer,M,field_71289_N,,,,,field,private boolean
net/minecraft/server/MinecraftServer,N,field_147141_M,,,,,field,private String
net/minecraft/server/MinecraftServer,O,field_175588_P,,,,,field,private String
net/minecraft/server/MinecraftServer,P,field_71296_Q,,,,,field,private boolean
net/minecraft/server/MinecraftServer,Q,field_71299_R,,,,,field,private long
net/minecraft/server/MinecraftServer,R,field_71298_S,,,,,field,private IChatBaseComponent
net/minecraft/server/MinecraftServer,S,field_71295_T,,,,,field,private boolean
net/minecraft/server/MinecraftServer,T,field_104057_T,,,,,field,private boolean
net/minecraft/server/MinecraftServer,U,field_152364_T,,,,,field,private final com.mojang.authlib.yggdrasil.YggdrasilAuthenticationService
net/minecraft/server/MinecraftServer,V,field_147143_S,,,,,field,private final com.mojang.authlib.minecraft.MinecraftSessionService
net/minecraft/server/MinecraftServer,W,field_152365_W,,,,,field,private final com.mojang.authlib.GameProfileRepository
net/minecraft/server/MinecraftServer,X,field_152366_X,,,,,field,private final UserCache
net/minecraft/server/MinecraftServer,Y,field_147142_T,,,,,field,private long
net/minecraft/server/MinecraftServer,g,field_175589_i,,,,,field,public final Queue<FutureTask<?>>
net/minecraft/server/MinecraftServer,Z,field_175590_aa,serverThread,,,,field,private Thread
net/minecraft/server/MinecraftServer,aa,field_211151_aa,,,,,field,private long
net/minecraft/server/MinecraftServer,ac,field_195576_ac,,,,,field,private final IReloadableResourceManager
net/minecraft/server/MinecraftServer,ad,field_195577_ad,resourcePackRepository,,,,field,private final ResourcePackRepository<ResourcePackLoader>
net/minecraft/server/MinecraftServer,ae,field_195578_ae,resourcePackFolder,,,,field,private ResourcePackSourceFolder
net/minecraft/server/MinecraftServer,af,field_195579_af,commandDispatcher,,,,field,private final CommandDispatcher
net/minecraft/server/MinecraftServer,ag,field_199530_ag,,,,,field,private final CraftingManager
net/minecraft/server/MinecraftServer,ah,field_199736_ah,,,,,field,private final TagRegistry
net/minecraft/server/MinecraftServer,ai,field_200255_ai,,,,,field,private final ScoreboardServer
net/minecraft/server/MinecraftServer,aj,field_201301_aj,,,,,field,private final BossBattleCustomData
net/minecraft/server/MinecraftServer,ak,field_200256_aj,,,,,field,private final LootTableRegistry
net/minecraft/server/MinecraftServer,al,field_200257_ak,,,,,field,private final AdvancementDataWorld
net/minecraft/server/MinecraftServer,am,field_200258_al,,,,,field,private final CustomFunctionData
net/minecraft/server/MinecraftServer,an,field_205745_an,,,,,field,private boolean
net/minecraft/server/MinecraftServer,ao,field_212205_ao,forceUpgrade,,,,field,private boolean
net/minecraft/server/MinecraftServer,ap,field_211152_ao,,,,,field,private float
net/minecraft/server/MinecraftServer,K,field_71287_L,,,,,field,private String
net/minecraft/server/MinecraftServer,ab,field_184111_ab,,,,,field,private boolean
nf$a,a,SUCCESSFULLY_LOADED,SUCCESSFULLY_LOADED,,,,enum,
nf$a,b,DECLINED,DECLINED,,,,enum,
nf$a,c,FAILED_DOWNLOAD,FAILED_DOWNLOAD,,,,enum,
nf$a,d,ACCEPTED,ACCEPTED,,,,enum,
nf,a,field_179719_b,status,,,,field,private PacketPlayInResourcePackStatus$EnumResourcePackStatus
ng$a,a,OPENED_TAB,OPENED_TAB,,,,enum,
ng$a,b,CLOSED_SCREEN,CLOSED_SCREEN,,,,enum,
ng,a,field_194166_a,,,,,field,private PacketPlayInAdvancements$Status
ng,b,field_194167_b,,,,,field,private MinecraftKey
nh,a,field_210354_a,,,,,field,private int
ni,a,field_210357_a,,,,,field,private int
ni,b,field_210358_b,,,,,field,private int
nj,a,field_149615_a,itemInHandIndex,,,,field,private int
nk,a,field_210365_a,,,,,field,private BlockPosition
nk,b,field_210366_b,,,,,field,private String
nk,c,field_210367_c,,,,,field,private boolean
nk,d,field_210368_d,,,,,field,private boolean
nk,e,field_210369_e,,,,,field,private boolean
nk,f,field_210370_f,,,,,field,private TileEntityCommand$Type
nl,a,field_210374_a,,,,,field,private int
nl,b,field_210375_b,,,,,field,private String
nl,c,field_210376_c,,,,,field,private boolean
nm,a,field_149629_a,slot,,,,field,private int
nm,b,field_149628_b,,,,,field,private ItemStack
nn,a,field_210391_a,,,,,field,private BlockPosition
nn,b,field_210392_b,,,,,field,private TileEntityStructure$UpdateType
nn,c,field_210393_c,,,,,field,private BlockPropertyStructureMode
nn,d,field_210394_d,,,,,field,private String
nn,e,field_210395_e,,,,,field,private BlockPosition
nn,f,field_210396_f,,,,,field,private BlockPosition
nn,g,field_210397_g,,,,,field,private EnumBlockMirror
nn,h,field_210398_h,,,,,field,private EnumBlockRotation
nn,i,field_210399_i,,,,,field,private String
nn,j,field_210400_j,,,,,field,private boolean
nn,k,field_210401_k,,,,,field,private boolean
nn,l,field_210402_l,,,,,field,private boolean
nn,m,field_210403_m,,,,,field,private float
nn,n,field_210404_n,,,,,field,private long
no,a,field_179723_a,,,,,field,private BlockPosition
no,b,field_149590_d,,,,,field,private String[]
np,a,field_187019_a,,,,,field,private EnumHand
nq,a,field_179729_a,,,,,field,private UUID
nr,a,field_179725_b,,,,,field,private BlockPosition
nr,b,field_149579_d,,,,,field,private EnumDirection
nr,c,field_187027_c,,,,,field,private EnumHand
nr,d,field_149577_f,,,,,field,private float
nr,e,field_149578_g,,,,,field,private float
nr,f,field_149584_h,,,,,field,private float
ns,a,field_187029_a,,,,,field,private EnumHand
nu,a,field_149600_a,,,,,field,private int
nu,b,field_149598_b,hostname,,,,field,private String
nu,c,field_149599_c,port,,,,field,private int
nu,d,field_149597_d,,,,,field,private EnumProtocol
ny,a,field_209919_a,,,,,field,private int
ny,b,field_209920_b,,,,,field,private MinecraftKey
ny,c,field_209921_c,,,,,field,private PacketDataSerializer
nz,a,field_149602_a,,,,,field,private com.mojang.authlib.GameProfile
o$a,a,field_200282_a,,,,,field,private int
o$a,b,field_200283_b,,,,,field,private final List<MinecraftKey>
o$a,c,field_200284_c,,,,,field,private final List<MinecraftKey>
o$a,d,field_200285_d,,,,,field,private MinecraftKey
o,a,field_192114_a,,,,,field,public static final AdvancementRewards
o,b,field_192115_b,,,,,field,private final int
o,c,field_192116_c,,,,,field,private final MinecraftKey[]
o,d,field_192117_d,,,,,field,private final MinecraftKey[]
o,e,field_193129_e,,,,,field,private final CustomFunction$a
oa,a,field_149612_a,,,,,field,private String
oa,b,field_149610_b,,,,,field,private PublicKey
oa,c,field_149611_c,,,,,field,private byte[]
ob,a,field_179733_a,,,,,field,private int
oc,a,field_149605_a,,,,,field,private IChatBaseComponent
oe,a,field_209922_a,,,,,field,private int
oe,b,field_209923_b,,,,,field,private PacketDataSerializer
of,a,field_149305_a,,,,,field,private com.mojang.authlib.GameProfile
og,a,field_149302_a,,,,,field,private byte[]
og,b,field_149301_b,,,,,field,private byte[]
ok,a,field_149293_a,,,,,field,private long
ol,a,field_149297_a,,,,,field,private static final com.google.gson.Gson
ol,b,field_149296_b,,,,,field,private ServerPing
om$a,a,field_151336_a,,,,,field,private final int
om$a,b,field_151334_b,,,,,field,private final int
om$a,c,field_151335_c,,,,,field,private com.mojang.authlib.GameProfile[]
om$c,a,field_151306_a,,,,,field,private final String
om$c,b,field_151305_b,,,,,field,private final int
om,a,field_151326_a,,,,,field,private IChatBaseComponent
om,b,field_151324_b,,,,,field,private ServerPing$ServerPingPlayerSample
om,c,field_151325_c,,,,,field,private ServerPing$ServerData
om,d,field_151323_d,,,,,field,private String
oo,a,field_149290_a,,,,,field,private long
or,a,field_187157_a,,,,,field,private final int
or,b,field_187158_b,,,,,field,private final DataWatcherSerializer<T>
ot,q,field_187204_n,,,,,field,private static final RegistryID<DataWatcherSerializer<?>>
ot,a,field_187191_a,,,,,field,public static final DataWatcherSerializer<Byte>
ot,b,field_187192_b,,,,,field,public static final DataWatcherSerializer<Integer>
ot,c,field_187193_c,,,,,field,public static final DataWatcherSerializer<Float>
ot,d,field_187194_d,,,,,field,public static final DataWatcherSerializer<String>
ot,e,field_187195_e,,,,,field,public static final DataWatcherSerializer<IChatBaseComponent>
ot,f,field_200544_f,,,,,field,public static final DataWatcherSerializer<Optional<IChatBaseComponent>>
ot,g,field_187196_f,,,,,field,public static final DataWatcherSerializer<ItemStack>
ot,h,field_187197_g,,,,,field,public static final DataWatcherSerializer<Optional<IBlockData>>
ot,i,field_187198_h,,,,,field,public static final DataWatcherSerializer<Boolean>
ot,j,field_198166_i,,,,,field,public static final DataWatcherSerializer<ParticleParam>
ot,k,field_187199_i,,,,,field,public static final DataWatcherSerializer<Vector3f>
ot,l,field_187200_j,,,,,field,public static final DataWatcherSerializer<BlockPosition>
ot,m,field_187201_k,,,,,field,public static final DataWatcherSerializer<Optional<BlockPosition>>
ot,n,field_187202_l,,,,,field,public static final DataWatcherSerializer<EnumDirection>
ot,o,field_187203_m,,,,,field,public static final DataWatcherSerializer<Optional<UUID>>
ot,p,field_192734_n,,,,,field,public static final DataWatcherSerializer<NBTTagCompound>
ou$a,a,field_187211_a,,,,,field,private final DataWatcherObject<T>
ou$a,b,field_187212_b,,,,,field,private T
ou$a,c,field_187213_c,,,,,field,private boolean
ou,a,field_190303_a,,,,,field,private static final org.apache.logging.log4j.Logger
ou,b,field_187232_a,,,,,field,"private static final Map<Class<? extends Entity>, Integer>"
ou,c,field_187233_b,,,,,field,private final Entity
ou,d,field_187234_c,,,,,field,"private final Map<Integer, DataWatcher$Item<?>>"
ou,e,field_187235_d,,,,,field,private final ReadWriteLock
ou,f,field_187236_e,,,,,field,private boolean
ou,g,field_187237_f,,,,,field,private boolean
oz,a,field_194330_a,,,,,field,protected static final org.apache.logging.log4j.Logger
oz,b,field_194331_b,,,,,field,protected final AutoRecipeStackManager
oz,c,field_201514_c,,,,,field,protected PlayerInventory
oz,d,field_201515_d,,,,,field,protected ContainerRecipeBook
p,F,field_192139_s,,,,,field,"private static final Map<MinecraftKey, CriterionTrigger<?>>"
p,a,field_192121_a,,,,,field,public static final CriterionTriggerImpossible
p,b,field_192122_b,,,,,field,public static final CriterionTriggerKilled
p,c,field_192123_c,,,,,field,public static final CriterionTriggerKilled
p,d,field_192124_d,,,,,field,public static final CriterionTriggerEnterBlock
p,e,field_192125_e,,,,,field,public static final CriterionTriggerInventoryChanged
p,f,field_192126_f,,,,,field,public static final CriterionTriggerRecipeUnlocked
p,g,field_192127_g,,,,,field,public static final CriterionTriggerPlayerHurtEntity
p,h,field_192128_h,,,,,field,public static final CriterionTriggerEntityHurtPlayer
p,i,field_192129_i,,,,,field,public static final CriterionTriggerEnchantedItem
p,j,field_204813_j,,,,,field,public static final CriterionTriggerFilledBucket
p,k,field_192130_j,,,,,field,public static final CriterionTriggerBrewedPotion
p,l,field_192131_k,,,,,field,public static final CriterionTriggerConstructBeacon
p,m,field_192132_l,,,,,field,public static final CriterionTriggerUsedEnderEye
p,n,field_192133_m,,,,,field,public static final CriterionTriggerSummonedEntity
p,o,field_192134_n,,,,,field,public static final CriterionTriggerBredAnimals
p,p,field_192135_o,,,,,field,public static final CriterionTriggerLocation
p,q,field_192136_p,,,,,field,public static final CriterionTriggerLocation
p,r,field_192137_q,,,,,field,public static final CriterionTriggerCuredZombieVillager
p,s,field_192138_r,,,,,field,public static final CriterionTriggerVillagerTrade
p,t,field_193132_s,,,,,field,public static final CriterionTriggerItemDurabilityChanged
p,u,field_193133_t,,,,,field,public static final CriterionTriggerLevitation
p,v,field_193134_u,,,,,field,public static final CriterionTriggerChangedDimension
p,w,field_193135_v,,,,,field,public static final CriterionTriggerTick
p,x,field_193136_w,,,,,field,public static final CriterionTriggerTamedAnimal
p,y,field_193137_x,,,,,field,public static final CriterionTriggerPlacedBlock
p,z,field_193138_y,,,,,field,public static final CriterionTriggerConsumeItem
p,A,field_193139_z,,,,,field,public static final CriterionTriggerEffectsChanged
p,B,field_193130_A,,,,,field,public static final CriterionTriggerUsedTotem
p,C,field_193131_B,,,,,field,public static final CriterionTriggerNetherTravel
p,D,field_204811_D,,,,,field,public static final CriterionTriggerFishingRodHooked
p,E,field_204812_E,,,,,field,public static final CriterionTriggerChanneledLightning
pa,e,field_201517_e,,,,,field,private boolean
pc,c,field_200118_c,,,,,field,private static final com.mojang.brigadier.exceptions.SimpleCommandExceptionType
pc,a,field_110626_a,,,,,field,protected final String
pc,b,field_110625_b,,,,,field,protected final String
pf$4,a,field_150841_b,,,,,field,private final DispenseBehaviorItem
pf$5,a,field_150840_b,,,,,field,private final DispenseBehaviorItem
pf$a,a,field_185026_b,,,,,field,private final DispenseBehaviorItem
pf$a,b,field_185027_c,,,,,field,private final EntityBoat$EnumBoatType
pf$b,j,field_196015_j,,,,,field,private final EnumDirection
pf$c,a,field_190911_b,,,,,field,protected boolean
pf,a,field_179872_a,,,,,field,public static final PrintStream
pf,b,field_151355_a,,,,,field,private static boolean
pf,c,field_179871_c,,,,,field,private static final org.apache.logging.log4j.Logger
ph,a,field_73702_a,command,,,,field,public final String
ph,b,field_73701_b,source,,,,field,public final CommandListenerWrapper
pk,a,field_154349_a,,,,,field,private static final org.apache.logging.log4j.Logger
pk,b,field_154350_b,,,,,field,private final File
pk,c,field_154351_c,,,,,field,private final boolean
pl,a,field_179884_a,,,,,field,protected static final org.apache.logging.log4j.Logger
pl,b,field_179883_b,,,,,field,protected final String
pm,a,field_192753_a,,,,,field,private static final org.apache.logging.log4j.Logger
pm,b,field_192754_b,,,,,field,private static final com.google.gson.Gson
pm,c,field_192755_c,,,,,field,"private static final com.google.gson.reflect.TypeToken<Map<MinecraftKey, AdvancementProgress>>"
pm,d,field_192756_d,,,,,field,private final MinecraftServer
pm,e,field_192757_e,,,,,field,private final File
pm,f,field_192758_f,data,,,,field,"private final Map<Advancement, AdvancementProgress>"
pm,g,field_192759_g,,,,,field,private final Set<Advancement>
pm,h,field_192760_h,,,,,field,private final Set<Advancement>
pm,i,field_192761_i,,,,,field,private final Set<Advancement>
pm,j,field_192762_j,player,,,,field,private EntityPlayer
pm,k,field_194221_k,,,,,field,private Advancement
pm,l,field_192763_k,,,,,field,private boolean
pn,a,field_179886_a,INSTANCE,,,,field,public static final CancelledPacketHandleException
po,c,field_192782_a,,,,,field,private static final org.apache.logging.log4j.Logger
po,d,field_192783_b,DESERIALIZER,,,,field,private static final com.google.gson.Gson
po,e,field_195443_e,REGISTRY,,,,field,private static final Advancements
po,a,field_195441_a,,,,,field,public static final int
po,b,field_195442_b,,,,,field,public static final int
po,f,field_193768_e,,,,,field,private boolean
pp$a,a,field_194223_a,,,,,field,private final CustomFunctionData
pp$a,b,field_194224_b,,,,,field,private final CommandListenerWrapper
pp$a,c,field_194225_c,,,,,field,private final CustomFunction$c
pp,c,field_193067_a,,,,,field,private static final org.apache.logging.log4j.Logger
pp,d,field_200001_d,,,,,field,private static final MinecraftKey
pp,e,field_200222_e,,,,,field,private static final MinecraftKey
pp,a,field_195454_a,,,,,field,public static final int
pp,b,field_195455_b,,,,,field,public static final int
pp,f,field_193069_c,,,,,field,private final MinecraftServer
pp,g,field_193070_d,,,,,field,"private final Map<MinecraftKey, CustomFunction>"
pp,h,field_194020_g,,,,,field,private final ArrayDeque<CustomFunctionData$a>
pp,i,field_194021_h,,,,,field,private boolean
pp,j,field_200002_i,,,,,field,private final Tags<CustomFunction>
pp,k,field_200003_j,,,,,field,private final List<CustomFunction>
pp,l,field_200223_l,,,,,field,private boolean
pr$a,a,CHANGE,CHANGE,,,,enum,
pr$a,b,REMOVE,REMOVE,,,,enum,
pr,a,field_96555_a,,,,,field,private final MinecraftServer
pr,b,field_96553_b,,,,,field,private final Set<ScoreboardObjective>
pr,c,field_186685_c,,,,,field,private Runnable[]
ps,a,field_164440_a,,,,,field,private static final org.apache.logging.log4j.Logger
ps,b,field_73672_b,properties,,,,field,private final Properties
ps,c,field_73673_c,file,,,,field,private final File
pu,h,field_201373_h,,,,,field,private final MinecraftKey
pu,i,field_201374_i,,,,,field,private final Set<UUID>
pu,j,field_201375_j,,,,,field,private int
pu,k,field_201376_k,,,,,field,private int
pv,a,field_201386_a,,,,,field,private final MinecraftServer
pv,b,field_201387_b,,,,,field,"private final Map<MinecraftKey, BossBattleCustom>"
px$a,a,GRANT,GRANT,,,,enum,
px$a,b,REVOKE,REVOKE,,,,enum,
px$a,c,field_198186_c,,,,,field,private final String
px$b,a,ONLY,ONLY,,,,enum,
px$b,b,THROUGH,THROUGH,,,,enum,
px$b,c,FROM,FROM,,,,enum,
px$b,d,UNTIL,UNTIL,,,,enum,
px$b,e,EVERYTHING,EVERYTHING,,,,enum,
px$b,f,field_198194_f,,,,,field,private final boolean
px$b,g,field_198195_g,,,,,field,private final boolean
px,a,field_198218_a,,,,,field,private static final com.mojang.brigadier.suggestion.SuggestionProvider<CommandListenerWrapper>
py,a,field_198225_a,,,,,field,public static final Pattern
py,b,field_198226_b,,,,,field,private static final com.mojang.brigadier.exceptions.SimpleCommandExceptionType
py,c,field_198227_c,,,,,field,private static final com.mojang.brigadier.exceptions.SimpleCommandExceptionType
q,a,field_192147_a,,,,,field,private final CriterionInstance
qa,a,field_198239_a,,,,,field,private static final com.mojang.brigadier.exceptions.SimpleCommandExceptionType
qb,b,field_201432_b,,,,,field,private static final com.mojang.brigadier.exceptions.DynamicCommandExceptionType
qb,c,field_201433_c,,,,,field,private static final com.mojang.brigadier.exceptions.DynamicCommandExceptionType
qb,d,field_201434_d,,,,,field,private static final com.mojang.brigadier.exceptions.SimpleCommandExceptionType
qb,e,field_201435_e,,,,,field,private static final com.mojang.brigadier.exceptions.SimpleCommandExceptionType
qb,f,field_201436_f,,,,,field,private static final com.mojang.brigadier.exceptions.SimpleCommandExceptionType
qb,g,field_201437_g,,,,,field,private static final com.mojang.brigadier.exceptions.SimpleCommandExceptionType
qb,h,field_201438_h,,,,,field,private static final com.mojang.brigadier.exceptions.SimpleCommandExceptionType
qb,i,field_201439_i,,,,,field,private static final com.mojang.brigadier.exceptions.SimpleCommandExceptionType
qb,j,field_201440_j,,,,,field,private static final com.mojang.brigadier.exceptions.SimpleCommandExceptionType
qb,k,field_201441_k,,,,,field,private static final com.mojang.brigadier.exceptions.SimpleCommandExceptionType
qb,a,field_201431_a,,,,,field,public static final com.mojang.brigadier.suggestion.SuggestionProvider<CommandListenerWrapper>
qc,a,field_198249_a,,,,,field,private static final com.mojang.brigadier.exceptions.DynamicCommandExceptionType
qc,b,field_198250_b,,,,,field,private static final com.mojang.brigadier.exceptions.DynamicCommandExceptionType
qd$a,a,field_198251_a,,,,,field,public final BlockPosition
qd$a,b,field_198252_b,,,,,field,public final IBlockData
qd$a,c,field_198253_c,,,,,field,public final NBTTagCompound
qd$b,a,FORCE,FORCE,,,,enum,
qd$b,b,MOVE,MOVE,,,,enum,
qd$b,c,NORMAL,NORMAL,,,,enum,
qd$b,d,field_198259_d,,,,,field,private final boolean
qd,b,field_198284_b,,,,,field,private static final com.mojang.brigadier.exceptions.SimpleCommandExceptionType
qd,c,field_198285_c,,,,,field,private static final com.mojang.brigadier.exceptions.Dynamic2CommandExceptionType
qd,d,field_198286_d,,,,,field,private static final com.mojang.brigadier.exceptions.SimpleCommandExceptionType
qd,a,field_198283_a,,,,,field,public static final Predicate<ShapeDetectorBlock>
qe,a,field_198316_a,,,,,field,private static final com.mojang.brigadier.exceptions.DynamicCommandExceptionType
qe,b,field_198317_b,,,,,field,private static final com.mojang.brigadier.exceptions.DynamicCommandExceptionType
qe,c,field_198318_c,,,,,field,private static final com.mojang.brigadier.exceptions.DynamicCommandExceptionType
qe,d,field_198319_d,,,,,field,private static final com.mojang.brigadier.suggestion.SuggestionProvider<CommandListenerWrapper>
qe,e,field_198320_e,,,,,field,private static final com.mojang.brigadier.suggestion.SuggestionProvider<CommandListenerWrapper>
qf,a,field_198326_a,,,,,field,private static final com.mojang.brigadier.exceptions.SimpleCommandExceptionType
qg,a,field_198337_a,,,,,field,private static final org.apache.logging.log4j.Logger
qg,b,field_198338_b,,,,,field,private static final com.mojang.brigadier.exceptions.SimpleCommandExceptionType
qg,c,field_198339_c,,,,,field,private static final com.mojang.brigadier.exceptions.SimpleCommandExceptionType
qi,a,field_198349_a,,,,,field,private static final com.mojang.brigadier.exceptions.DynamicCommandExceptionType
qj,a,field_198361_a,,,,,field,private static final com.mojang.brigadier.exceptions.SimpleCommandExceptionType
qj,b,field_198362_b,,,,,field,private static final com.mojang.brigadier.exceptions.SimpleCommandExceptionType
qj,c,field_198363_c,,,,,field,private static final com.mojang.brigadier.exceptions.SimpleCommandExceptionType
ql,a,field_202652_a,,,,,field,private static final com.mojang.brigadier.exceptions.DynamicCommandExceptionType
ql,b,field_202653_b,,,,,field,private static final com.mojang.brigadier.exceptions.DynamicCommandExceptionType
ql,c,field_202654_c,,,,,field,private static final com.mojang.brigadier.exceptions.DynamicCommandExceptionType
ql,d,field_202655_d,,,,,field,private static final com.mojang.brigadier.exceptions.Dynamic2CommandExceptionType
ql,e,field_202656_e,,,,,field,private static final com.mojang.brigadier.exceptions.SimpleCommandExceptionType
qm,a,field_198421_a,,,,,field,private static final com.mojang.brigadier.exceptions.Dynamic2CommandExceptionType
qm,b,field_210456_b,,,,,field,private static final com.mojang.brigadier.exceptions.SimpleCommandExceptionType
qm,c,field_210457_c,,,,,field,private static final com.mojang.brigadier.exceptions.DynamicCommandExceptionType
qm,d,field_209957_b,,,,,field,private static final BinaryOperator<com.mojang.brigadier.ResultConsumer<CommandListenerWrapper>>
qn$a,a,POINTS,POINTS,,,,enum,
qn$a,b,LEVELS,LEVELS,,,,enum,
qn$a,c,field_198430_c,,,,,field,"public final BiConsumer<EntityPlayer, Integer>"
qn$a,d,field_198431_d,,,,,field,"public final BiPredicate<EntityPlayer, Integer>"
qn$a,e,field_198432_e,,,,,field,public final String
qn$a,f,field_198433_f,,,,,field,private final ToIntFunction<EntityPlayer>
qn,a,field_198449_a,,,,,field,private static final com.mojang.brigadier.exceptions.SimpleCommandExceptionType
qo$a,a,REPLACE,REPLACE,,,,enum,
qo$a,b,OUTLINE,OUTLINE,,,,enum,
qo$a,c,HOLLOW,HOLLOW,,,,enum,
qo$a,d,DESTROY,DESTROY,,,,enum,
qo$a,e,field_198459_e,,,,,field,public final CommandSetBlock$Filter
qo,a,field_198473_a,,,,,field,private static final com.mojang.brigadier.exceptions.Dynamic2CommandExceptionType
qo,b,field_198474_b,,,,,field,private static final ArgumentTileLocation
qo,c,field_198475_c,,,,,field,private static final com.mojang.brigadier.exceptions.SimpleCommandExceptionType
qp,a,field_198481_a,,,,,field,public static final com.mojang.brigadier.suggestion.SuggestionProvider<CommandListenerWrapper>
qt,a,field_206930_a,,,,,field,private static final com.mojang.brigadier.exceptions.SimpleCommandExceptionType
qx,a,field_198536_a,,,,,field,private static final com.mojang.brigadier.exceptions.SimpleCommandExceptionType
qz,a,field_198546_a,,,,,field,private static final com.mojang.brigadier.exceptions.SimpleCommandExceptionType
r,a,field_192155_a,,,,,field,private static final SimpleDateFormat
r,b,field_192157_c,,,,,field,private Date
ra,a,field_198552_a,,,,,field,private static final com.mojang.brigadier.exceptions.SimpleCommandExceptionType
rb,a,field_198558_a,,,,,field,private static final com.mojang.brigadier.exceptions.SimpleCommandExceptionType
rb,b,field_198559_b,,,,,field,private static final com.mojang.brigadier.exceptions.SimpleCommandExceptionType
rc,a,field_198569_a,,,,,field,private static final com.mojang.brigadier.exceptions.SimpleCommandExceptionType
rd,a,field_198579_a,,,,,field,private static final com.mojang.brigadier.exceptions.SimpleCommandExceptionType
re,a,field_198585_a,,,,,field,private static final com.mojang.brigadier.exceptions.SimpleCommandExceptionType
re,b,field_198586_b,,,,,field,private static final com.mojang.brigadier.exceptions.DynamicCommandExceptionType
rf,a,field_198595_a,,,,,field,private static final com.mojang.brigadier.exceptions.SimpleCommandExceptionType
rf,b,field_198596_b,,,,,field,private static final com.mojang.brigadier.exceptions.SimpleCommandExceptionType
rh,a,field_198608_a,,,,,field,private static final com.mojang.brigadier.exceptions.SimpleCommandExceptionType
rh,b,field_198609_b,,,,,field,private static final com.mojang.brigadier.exceptions.DynamicCommandExceptionType
rh,c,field_211412_c,,,,,field,private static final com.mojang.brigadier.exceptions.Dynamic2CommandExceptionType
ri,a,field_198616_a,,,,,field,private static final com.mojang.brigadier.exceptions.SimpleCommandExceptionType
rj,a,field_198620_a,,,,,field,private static final com.mojang.brigadier.exceptions.SimpleCommandExceptionType
rk,a,field_198624_a,,,,,field,private static final com.mojang.brigadier.exceptions.SimpleCommandExceptionType
rm,a,field_198663_a,,,,,field,private static final com.mojang.brigadier.exceptions.SimpleCommandExceptionType
rm,b,field_198666_d,,,,,field,private static final com.mojang.brigadier.exceptions.SimpleCommandExceptionType
rm,c,field_198667_e,,,,,field,private static final com.mojang.brigadier.exceptions.SimpleCommandExceptionType
rm,d,field_198668_f,,,,,field,private static final com.mojang.brigadier.exceptions.SimpleCommandExceptionType
rm,e,field_198669_g,,,,,field,private static final com.mojang.brigadier.exceptions.SimpleCommandExceptionType
rm,f,field_198670_h,,,,,field,private static final com.mojang.brigadier.exceptions.Dynamic2CommandExceptionType
ro$b,a,REPLACE,REPLACE,,,,enum,
ro$b,b,OUTLINE,OUTLINE,,,,enum,
ro$b,c,HOLLOW,HOLLOW,,,,enum,
ro$b,d,DESTROY,DESTROY,,,,enum,
ro,a,field_198689_a,,,,,field,private static final com.mojang.brigadier.exceptions.SimpleCommandExceptionType
rs$a,a,field_198713_a,,,,,field,private double
rs$a,b,field_198714_b,,,,,field,private double
rs,a,field_198723_a,,,,,field,private static final com.mojang.brigadier.exceptions.Dynamic4CommandExceptionType
rs,b,field_198724_b,,,,,field,private static final com.mojang.brigadier.exceptions.Dynamic4CommandExceptionType
rv,a,field_198741_a,,,,,field,private static final com.mojang.brigadier.exceptions.SimpleCommandExceptionType
rw,a,field_198752_a,,,,,field,private static final com.mojang.brigadier.exceptions.SimpleCommandExceptionType
rw,b,field_198753_b,,,,,field,private static final com.mojang.brigadier.exceptions.SimpleCommandExceptionType
rx,a,field_198793_a,,,,,field,private static final com.mojang.brigadier.exceptions.SimpleCommandExceptionType
rx,b,field_198794_b,,,,,field,private static final com.mojang.brigadier.exceptions.DynamicCommandExceptionType
rx,c,field_198796_d,,,,,field,private static final com.mojang.brigadier.exceptions.SimpleCommandExceptionType
rx,d,field_211921_d,,,,,field,private static final com.mojang.brigadier.exceptions.SimpleCommandExceptionType
rx,e,field_198797_e,,,,,field,private static final com.mojang.brigadier.exceptions.SimpleCommandExceptionType
rx,f,field_198798_f,,,,,field,private static final com.mojang.brigadier.exceptions.SimpleCommandExceptionType
rx,g,field_198799_g,,,,,field,private static final com.mojang.brigadier.exceptions.SimpleCommandExceptionType
rx,h,field_198800_h,,,,,field,private static final com.mojang.brigadier.exceptions.SimpleCommandExceptionType
rx,i,field_198801_i,,,,,field,private static final com.mojang.brigadier.exceptions.SimpleCommandExceptionType
rx,j,field_198802_j,,,,,field,private static final com.mojang.brigadier.exceptions.SimpleCommandExceptionType
rx,k,field_198803_k,,,,,field,private static final com.mojang.brigadier.exceptions.SimpleCommandExceptionType
rx,l,field_198804_l,,,,,field,private static final com.mojang.brigadier.exceptions.SimpleCommandExceptionType
ry$a,a,field_200549_a,,,,,field,private final Vec3D
ry$a,b,field_200550_b,,,,,field,private final Entity
ry$a,c,field_201125_c,,,,,field,private final ArgumentAnchor$Anchor
s$a,a,field_192160_a,,,,,field,private final T
s$a,b,field_192161_b,,,,,field,private final Advancement
s$a,c,field_192162_c,,,,,field,private final String
sc,a,field_198857_a,,,,,field,private static final com.mojang.brigadier.exceptions.SimpleCommandExceptionType
sc,b,field_198858_b,,,,,field,private static final com.mojang.brigadier.exceptions.SimpleCommandExceptionType
se,a,field_198887_a,,,,,field,private static final com.mojang.brigadier.exceptions.SimpleCommandExceptionType
se,b,field_198888_b,,,,,field,private static final com.mojang.brigadier.exceptions.SimpleCommandExceptionType
se,c,field_198889_c,,,,,field,private static final com.mojang.brigadier.exceptions.SimpleCommandExceptionType
se,d,field_198890_d,,,,,field,private static final com.mojang.brigadier.exceptions.SimpleCommandExceptionType
sf,a,field_198911_a,,,,,field,private static final com.mojang.brigadier.exceptions.SimpleCommandExceptionType
sf,b,field_198912_b,,,,,field,private static final com.mojang.brigadier.exceptions.SimpleCommandExceptionType
sf,c,field_198913_c,,,,,field,private static final com.mojang.brigadier.exceptions.SimpleCommandExceptionType
sf,d,field_198914_d,,,,,field,private static final com.mojang.brigadier.exceptions.SimpleCommandExceptionType
sf,e,field_198915_e,,,,,field,private static final com.mojang.brigadier.exceptions.SimpleCommandExceptionType
sf,f,field_198916_f,,,,,field,private static final com.mojang.brigadier.exceptions.SimpleCommandExceptionType
sf,g,field_198917_g,,,,,field,private static final com.mojang.brigadier.exceptions.SimpleCommandExceptionType
sf,h,field_198918_h,,,,,field,private static final com.mojang.brigadier.exceptions.SimpleCommandExceptionType
sg,b,field_198931_b,,,,,field,private static final com.mojang.brigadier.exceptions.SimpleCommandExceptionType
sg,a,field_198930_a,,,,,field,public static final CommandData$a
sg,c,field_198932_c,,,,,field,private final TileEntity
sg,d,field_198933_d,,,,,field,private final BlockPosition
si,b,field_198949_b,,,,,field,private static final com.mojang.brigadier.exceptions.SimpleCommandExceptionType
si,c,field_198950_c,,,,,field,private static final com.mojang.brigadier.exceptions.DynamicCommandExceptionType
si,d,field_201229_d,,,,,field,private static final com.mojang.brigadier.exceptions.DynamicCommandExceptionType
si,a,field_198948_a,,,,,field,public static final List<CommandData$a>
sj,b,field_198927_b,,,,,field,private static final com.mojang.brigadier.exceptions.SimpleCommandExceptionType
sj,a,field_198926_a,,,,,field,public static final CommandData$a
sj,c,field_198928_c,,,,,field,private final Entity
sm,f,field_164439_d,,,,,field,private static final org.apache.logging.log4j.Logger
sn,h,field_155771_h,LOGGER,,,,field,private static final org.apache.logging.log4j.Logger
sn,i,field_189647_l,,,,,field,private static final Pattern
sn,j,field_71341_l,serverCommandQueue,,,,field,private final List<ServerCommand>
sn,k,field_71342_m,,,,,field,private RemoteStatusListener
sn,l,field_184115_n,remoteControlCommandListener,,,,field,private final RemoteControlCommandListener
sn,m,field_71339_n,,,,,field,private RemoteControlListener
sn,n,field_71340_o,propertyManager,,,,field,private PropertyManager
sn,o,field_154332_n,,,,,field,private EULA
sn,p,field_71338_p,generateStructures,,,,field,private boolean
sn,q,field_71337_q,,,,,field,private EnumGamemode
sn,r,field_71335_s,,,,,field,private boolean
so,a,field_180251_a,,,,,field,private static final org.apache.logging.log4j.Logger
so,b,field_180249_b,,,,,field,private final DedicatedServer
so,c,field_180250_c,,,,,field,private final long
sq,a,field_164249_a,,,,,field,private static final Font
sq,b,field_164248_b,,,,,field,private static final org.apache.logging.log4j.Logger
sq,c,field_120021_b,,,,,field,private final DedicatedServer
sq,d,field_206932_d,,,,,field,private Thread
sr,a,field_120015_a,,,,,field,private final MinecraftServer
sr,b,field_120014_b,,,,,field,private int
ss,a,field_120040_a,,,,,field,private static final DecimalFormat
ss,b,field_120038_b,,,,,field,private final int[]
ss,c,field_120039_c,,,,,field,private int
ss,d,field_120036_d,,,,,field,private final String[]
ss,e,field_120037_e,,,,,field,private final MinecraftServer
sv,G,field_73072_L,,,,,field,private static final long
sv,a,field_73071_a,,,,,field,public static final WorldSettings
sw,c,field_73105_c,,,,,field,private boolean
sw,d,field_73103_d,,,,,field,private boolean
sw,e,field_73104_e,,,,,field,private int
sw,f,field_73102_f,,,,,field,private int
sx,a,field_175743_a,,,,,field,private final WorldServer
sy,a,field_151249_a,,,,,field,private static final org.apache.logging.log4j.Logger
sy,b,field_72795_a,world,,,,field,private final WorldServer
sy,c,field_72793_b,,,,,field,private final Set<EntityTrackerEntry>
sy,d,field_72794_c,trackedEntities,,,,field,private final IntHashMap<EntityTrackerEntry>
sy,e,field_72792_d,,,,,field,private int
sz,a,field_202835_a,,,,,field,private static final org.apache.logging.log4j.Logger
ta,h,field_186762_h,,,,,field,private final Set<EntityPlayer>
ta,i,field_186763_i,,,,,field,private final Set<EntityPlayer>
ta,j,field_186764_j,visible,,,,field,private boolean
tb,a,field_147417_b,,,,,field,private static final org.apache.logging.log4j.Logger
tb,b,field_73248_b,unloadQueue,,,,field,private final it.unimi.dsi.fastutil.longs.LongSet
tb,c,field_186029_c,chunkGenerator,,,,field,private final ChunkGenerator<?>
tb,d,field_73247_e,chunkLoader,,,,field,private final IChunkLoader
tb,e,field_73244_f,chunks,,,,field,private final it.unimi.dsi.fastutil.longs.Long2ObjectMap<Chunk>
tb,f,field_201723_f,,,,,field,private final ChunkTaskScheduler
tb,g,field_201724_g,,,,,field,"private final SchedulerBatch<ChunkCoordIntPair, ChunkStatus, ProtoChunk>"
tb,h,field_73251_h,world,,,,field,private final WorldServer
tc,a,field_147491_a,,,,,field,private static final org.apache.logging.log4j.Logger
tc,G,field_73061_a,server,,,,field,private final MinecraftServer
tc,H,field_73062_L,tracker,,,,field,private final EntityTracker
tc,I,field_73063_M,manager,,,,field,private final PlayerChunkMap
tc,J,field_175741_N,entitiesByUUID,,,,field,"private final Map<UUID, Entity>"
tc,b,field_73058_d,savingDisabled,,,,field,public boolean
tc,K,field_73068_P,,,,,field,private boolean
tc,L,field_80004_Q,emptyTime,,,,field,private int
tc,M,field_85177_Q,portalTravelAgent,,,,field,private final PortalTravelAgent
tc,N,field_175742_R,spawnerCreature,,,,field,private final SpawnerCreature
tc,O,field_94579_S,nextTickListBlock,,,,field,private final TickListServer<Block>
tc,P,field_205342_P,nextTickListFluid,,,,field,private final TickListServer<FluidType>
tc,c,field_175740_d,siegeManager,,,,field,protected final VillageSiege
tc,d,field_147490_S,,,,,field,it.unimi.dsi.fastutil.objects.ObjectLinkedOpenHashSet<BlockActionData>
tc,Q,field_211159_Q,,,,,field,private boolean
td,a,field_72783_a,,,,,field,private final MinecraftServer
td,b,field_72782_b,world,,,,field,private final WorldServer
te,cc,field_147102_bM,,,,,field,private static final org.apache.logging.log4j.Logger
te,cd,field_211145_cc,,,,,field,private static final IChatBaseComponent
te,ce,field_71148_cg,locale,,,,field,private String
te,a,field_71135_a,playerConnection,,,,field,public PlayerConnection
te,b,field_71133_b,server,,,,field,public final MinecraftServer
te,c,field_71134_c,playerInteractManager,,,,field,public final PlayerInteractManager
te,d,field_71131_d,,,,,field,public double
te,e,field_71132_e,,,,,field,public double
te,cf,field_71130_g,removeQueue,,,,field,private final List<Integer>
te,cg,field_192042_bX,,,,,field,private final AdvancementDataPlayer
te,ch,field_147103_bO,,,,,field,private final ServerStatisticManager
te,ci,field_130068_bO,,,,,field,private float
te,cj,field_184852_bV,,,,,field,private int
te,ck,field_184853_bW,,,,,field,private int
te,cl,field_184854_bX,,,,,field,private int
te,cm,field_184855_bY,,,,,field,private int
te,cn,field_184856_bZ,,,,,field,private int
te,co,field_71149_ch,lastHealthSent,,,,field,private float
te,cp,field_71146_ci,,,,,field,private int
te,cq,field_71147_cj,,,,,field,private boolean
te,cr,field_71144_ck,lastSentExp,,,,field,private int
te,cs,field_147101_bU,invulnerableTicks,,,,field,private int
te,ct,field_71143_cn,,,,,field,private EntityHuman$EnumChatVisibility
te,cu,field_71140_co,,,,,field,private boolean
te,cv,field_143005_bX,,,,,field,private long
te,cw,field_175401_bS,,,,,field,private Entity
te,cx,field_184851_cj,worldChangeInvuln,,,,field,private boolean
te,cy,field_192040_cp,,,,,field,private boolean
te,cz,field_192041_cq,,,,,field,private final RecipeBookServer
te,cA,field_193107_ct,,,,,field,private Vec3D
te,cB,field_193108_cu,,,,,field,private int
te,cC,field_193109_cv,,,,,field,private boolean
te,cD,field_193110_cw,,,,,field,private Vec3D
te,cE,field_71139_cq,containerCounter,,,,field,private int
te,f,field_71137_h,,,,,field,public boolean
te,g,field_71138_i,ping,,,,field,public int
te,h,field_71136_j,viewingCredits,,,,field,public boolean
tf,a,field_73092_a,world,,,,field,public World
tf,b,field_73090_b,player,,,,field,public EntityPlayer
tf,c,field_73091_c,gamemode,,,,field,private EnumGamemode
tf,d,field_73088_d,,,,,field,private boolean
tf,e,field_73089_e,lastDigTick,,,,field,private int
tf,f,field_180240_f,,,,,field,private BlockPosition
tf,g,field_73100_i,currentTick,,,,field,private int
tf,h,field_73097_j,,,,,field,private boolean
tf,i,field_180241_i,,,,,field,private BlockPosition
tf,j,field_73093_n,,,,,field,private int
tf,k,field_73094_o,,,,,field,private int
tg,c,field_151262_p,,,,,field,private static final org.apache.logging.log4j.Logger
tg,d,field_73132_a,tracker,,,,field,private final Entity
tg,e,field_73130_b,,,,,field,private final int
tg,f,field_187262_f,,,,,field,private int
tg,g,field_73131_c,,,,,field,private final int
tg,h,field_73128_d,xLoc,,,,field,private long
tg,i,field_73129_e,yLoc,,,,field,private long
tg,j,field_73126_f,zLoc,,,,field,private long
tg,k,field_73127_g,yRot,,,,field,private int
tg,l,field_73139_h,xRot,,,,field,private int
tg,m,field_73140_i,headYaw,,,,field,private int
tg,n,field_73137_j,,,,,field,private double
tg,o,field_73138_k,,,,,field,private double
tg,p,field_73135_l,,,,,field,private double
tg,a,field_73136_m,,,,,field,public int
tg,q,field_73147_p,,,,,field,private double
tg,r,field_73146_q,,,,,field,private double
tg,s,field_73145_r,,,,,field,private double
tg,t,field_73144_s,isMoving,,,,field,private boolean
tg,u,field_73143_t,,,,,field,private final boolean
tg,v,field_73142_u,,,,,field,private int
tg,w,field_187263_w,,,,,field,private List<Entity>
tg,x,field_73141_v,,,,,field,private boolean
tg,y,field_180234_y,,,,,field,private boolean
tg,b,field_73133_n,,,,,field,public boolean
tg,z,field_73134_o,trackedPlayers,,,,field,private final Set<EntityPlayer>
th,a,field_208303_a,,,,,field,private static final org.apache.logging.log4j.Logger
th,b,field_201684_a,,,,,field,private final ProtoChunk[]
th,c,field_201685_b,,,,,field,private final int
th,d,field_201686_c,,,,,field,private final int
th,e,field_201687_d,,,,,field,private final int
th,f,field_201688_e,,,,,field,private final int
th,g,field_201689_f,,,,,field,private final World
th,h,field_201690_g,,,,,field,private final long
th,i,field_201691_h,,,,,field,private final int
th,j,field_201692_i,,,,,field,private final WorldData
th,k,field_201693_j,,,,,field,private final Random
th,l,field_201694_k,,,,,field,private final WorldProvider
th,m,field_201695_l,,,,,field,private final GeneratorSettings
th,n,field_205336_m,,,,,field,private final TickList<Block>
th,o,field_205337_n,,,,,field,private final TickList<FluidType>
ti,a,field_205387_a,,,,,field,"private final Function<BlockPosition, TickList<T>>"
tj,a,field_187281_a,,,,,field,private static final org.apache.logging.log4j.Logger
tj,b,field_187282_b,playerChunkMap,,,,field,private final PlayerChunkMap
tj,c,field_187283_c,,,,,field,private final List<EntityPlayer>
tj,d,field_187284_d,location,,,,field,private final ChunkCoordIntPair
tj,e,field_187285_e,dirtyBlocks,,,,field,private final short[]
tj,f,field_187286_f,chunk,,,,field,private Chunk
tj,g,field_187287_g,dirtyCount,,,,field,private int
tj,h,field_187288_h,,,,,field,private int
tj,i,field_187289_i,,,,,field,private long
tj,j,field_187290_j,done,,,,field,private boolean
tk,a,field_187308_a,,,,,field,private static final Predicate<EntityPlayer>
tk,b,field_187309_b,,,,,field,private static final Predicate<EntityPlayer>
tk,c,field_72701_a,world,,,,field,private final WorldServer
tk,d,field_72699_b,managedPlayers,,,,field,private final List<EntityPlayer>
tk,e,field_72700_c,,,,,field,private final it.unimi.dsi.fastutil.longs.Long2ObjectMap<PlayerChunk>
tk,f,field_72697_d,,,,,field,private final Set<PlayerChunk>
tk,g,field_187310_g,,,,,field,private final List<PlayerChunk>
tk,h,field_187311_h,,,,,field,private final List<PlayerChunk>
tk,i,field_111193_e,,,,,field,private final List<PlayerChunk>
tk,j,field_72698_e,,,,,field,private int
tk,k,field_111192_g,,,,,field,private long
tk,l,field_187312_l,,,,,field,private boolean
tk,m,field_187313_m,,,,,field,private boolean
tp,a,field_202841_a,,,,,field,private static final org.apache.logging.log4j.Logger
tw,b,field_202873_b,,,,,field,private static final org.apache.logging.log4j.Logger
tw,c,field_202874_c,,,,,field,private final World
tw,d,field_202875_d,,,,,field,private final ChunkGenerator<?>
tw,e,field_202876_e,,,,,field,private final IChunkLoader
tw,f,field_202877_f,,,,,field,private final IAsyncTaskHandler
tw,g,field_202878_g,,,,,field,"private final it.unimi.dsi.fastutil.longs.Long2ObjectMap<Scheduler<ChunkCoordIntPair, ChunkStatus, ProtoChunk>.a>"
ty,a,field_151258_a,,,,,field,private static final org.apache.logging.log4j.Logger
ty,b,field_151257_b,,,,,field,private final ServerConnection
u,a,field_192300_a,,,,,field,private final IChatBaseComponent
u,b,field_193225_b,,,,,field,private final IChatBaseComponent
u,c,field_192301_b,,,,,field,private final ItemStack
u,d,field_192302_c,,,,,field,private final MinecraftKey
u,e,field_192303_d,,,,,field,private final AdvancementFrameType
u,f,field_193226_f,,,,,field,private final boolean
u,g,field_193227_g,,,,,field,private final boolean
u,h,field_193228_h,,,,,field,private final boolean
u,i,field_192304_e,,,,,field,private float
u,j,field_192305_f,,,,,field,private float
ua,d,field_151275_b,,,,,field,private static final org.apache.logging.log4j.Logger
ua,a,field_151276_c,,,,,field,public static final LazyInitVar<io.netty.channel.nio.NioEventLoopGroup>
ua,b,field_181141_b,,,,,field,public static final LazyInitVar<io.netty.channel.epoll.EpollEventLoopGroup>
ua,e,field_151273_d,,,,,field,private final MinecraftServer
ua,c,field_151277_a,,,,,field,public volatile boolean
ua,f,field_151274_e,,,,,field,private final List<io.netty.channel.ChannelFuture>
ua,g,field_151272_f,,,,,field,private final List<NetworkManager>
ub,c,field_147370_c,LOGGER,,,,field,private static final org.apache.logging.log4j.Logger
ub,a,field_147371_a,networkManager,,,,field,public final NetworkManager
ub,d,field_147367_d,minecraftServer,,,,field,private final MinecraftServer
ub,b,field_147369_b,player,,,,field,public EntityPlayer
ub,e,field_147368_e,,,,,field,private int
ub,f,field_194402_f,,,,,field,private long
ub,g,field_194403_g,,,,,field,private boolean
ub,h,field_194404_h,,,,,field,private long
ub,i,field_147374_l,chatThrottle,,,,field,private int
ub,j,field_147375_m,,,,,field,private int
ub,k,field_147372_n,,,,,field,private final IntHashMap<Short>
ub,l,field_184349_l,,,,,field,private double
ub,m,field_184350_m,,,,,field,private double
ub,n,field_184351_n,,,,,field,private double
ub,o,field_184352_o,,,,,field,private double
ub,p,field_184353_p,,,,,field,private double
ub,q,field_184354_q,,,,,field,private double
ub,r,field_184355_r,,,,,field,private Entity
ub,s,field_184356_s,,,,,field,private double
ub,t,field_184357_t,,,,,field,private double
ub,u,field_184358_u,,,,,field,private double
ub,v,field_184359_v,,,,,field,private double
ub,w,field_184360_w,,,,,field,private double
ub,x,field_184361_x,,,,,field,private double
ub,y,field_184362_y,teleportPos,,,,field,private Vec3D
ub,z,field_184363_z,teleportAwait,,,,field,private int
ub,A,field_184343_A,,,,,field,private int
ub,B,field_184344_B,,,,,field,private boolean
ub,C,field_147365_f,,,,,field,private int
ub,D,field_184345_D,,,,,field,private boolean
ub,E,field_184346_E,,,,,field,private int
ub,F,field_184347_F,receivedMovePackets,,,,field,private int
ub,G,field_184348_G,processedMovePackets,,,,field,private int
uc,a,field_147387_a,,,,,field,private final MinecraftServer
uc,b,field_147386_b,,,,,field,private final NetworkManager
ud$a,a,HELLO,HELLO,,,,enum,
ud$a,b,KEY,KEY,,,,enum,
ud$a,c,AUTHENTICATING,AUTHENTICATING,,,,enum,
ud$a,d,NEGOTIATING,NEGOTIATING,,,,enum,
ud$a,e,READY_TO_ACCEPT,READY_TO_ACCEPT,,,,enum,
ud$a,f,DELAY_ACCEPT,DELAY_ACCEPT,,,,enum,
ud$a,g,ACCEPTED,ACCEPTED,,,,enum,
ud,b,field_147331_b,,,,,field,private static final AtomicInteger
ud,c,field_147332_c,,,,,field,private static final org.apache.logging.log4j.Logger
ud,d,field_147329_d,random,,,,field,private static final Random
ud,e,field_147330_e,,,,,field,private final byte[]
ud,f,field_147327_f,server,,,,field,private final MinecraftServer
ud,a,field_147333_a,networkManager,,,,field,public final NetworkManager
ud,g,field_147328_g,,,,,field,private LoginListener$EnumProtocolState
ud,h,field_147336_h,,,,,field,private int
ud,i,field_147337_i,,,,,field,private com.mojang.authlib.GameProfile
ud,j,field_147334_j,,,,,field,private final String
ud,k,field_147335_k,loginKey,,,,field,private SecretKey
ud,l,field_181025_l,,,,,field,private EntityPlayer
ue,a,field_183007_a,,,,,field,private static final IChatBaseComponent
ue,b,field_147314_a,minecraftServer,,,,field,private final MinecraftServer
ue,c,field_147313_b,networkManager,,,,field,private final NetworkManager
ue,d,field_183008_d,,,,,field,private boolean
uh,b,field_195772_b,,,,,field,private static final org.apache.logging.log4j.Logger
uh,a,field_195771_a,,,,,field,protected final File
ui,b,field_195774_b,,,,,field,public static final com.google.common.base.Splitter
ui,c,field_195775_c,,,,,field,private ZipFile
uj,b,field_200699_b,,,,,field,private static final org.apache.logging.log4j.Logger
uj,c,field_195779_b,,,,,field,private static final boolean
uj,d,field_195780_c,,,,,field,private static final com.google.common.base.CharMatcher
ul,a,CLIENT_RESOURCES,CLIENT_RESOURCES,,,,enum,
ul,b,SERVER_DATA,SERVER_DATA,,,,enum,
ul,c,field_198960_c,,,,,field,private final String
un,a,field_199754_a,,,,,field,public static Path
un,d,field_195784_b,,,,,field,private static final org.apache.logging.log4j.Logger
un,b,field_211688_b,,,,,field,public static Class<?>
un,c,field_195783_a,,,,,field,public final Set<String>
up,a,field_198964_a,,,,,field,public static final ResourcePackInfoDeserializer
up,b,field_198965_b,,,,,field,private final IChatBaseComponent
up,c,field_198966_c,,,,,field,private final int
uu,a,field_195735_a,,,,,field,private static final FileFilter
uu,b,field_195736_b,file,,,,field,private final File
uv,a,TOO_OLD,TOO_OLD,,,,enum,
uv,b,TOO_NEW,TOO_NEW,,,,enum,
uv,c,COMPATIBLE,COMPATIBLE,,,,enum,
uv,d,field_198975_d,,,,,field,private final IChatBaseComponent
uv,e,field_198976_e,,,,,field,private final IChatBaseComponent
uw,a,field_198987_a,,,,,field,private final Set<ResourcePackSource>
uw,b,field_198988_b,,,,,field,"private final Map<String, T>"
uw,c,field_198989_c,,,,,field,private final List<T>
uw,d,field_198990_d,,,,,field,private final ResourcePackLoader$b<T>
uy,a,field_195738_a,,,,,field,private final ResourcePackVanilla
uz$a,a,TOP,TOP,,,,enum,
uz$a,b,BOTTOM,BOTTOM,,,,enum,
uz,a,field_195799_a,,,,,field,private static final org.apache.logging.log4j.Logger
uz,b,field_195800_b,,,,,field,private final String
uz,c,field_195801_c,,,,,field,private final Supplier<IResourcePack>
uz,d,field_195802_d,,,,,field,private final IChatBaseComponent
uz,e,field_195803_e,,,,,field,private final IChatBaseComponent
uz,f,field_195804_f,,,,,field,private final EnumResourcePackVersion
uz,g,field_195805_g,,,,,field,private final ResourcePackLoader$Position
uz,h,field_195806_h,,,,,field,private final boolean
uz,i,field_195807_i,,,,,field,private final boolean
v,a,TASK,TASK,,,,enum,
v,b,CHALLENGE,CHALLENGE,,,,enum,
v,c,GOAL,GOAL,,,,enum,
v,d,field_192313_d,,,,,field,private final String
v,e,field_192314_e,,,,,field,private final int
v,f,field_193230_f,,,,,field,private final EnumChatFormat
vb$a,a,field_198998_a,,,,,field,private final InputStream
vb$a,b,field_198999_b,,,,,field,private final String
vb$a,c,field_199000_c,,,,,field,private boolean
vb,b,field_199024_b,,,,,field,private static final org.apache.logging.log4j.Logger
vb,a,field_199023_a,,,,,field,protected final List<IResourcePack>
vb,c,field_199025_c,,,,,field,private final EnumResourcePackType
vg,a,field_199012_a,,,,,field,private static final org.apache.logging.log4j.Logger
vg,b,field_199014_c,,,,,field,"private final Map<String, ResourceManagerFallback>"
vg,c,field_199015_d,,,,,field,private final List<IResourcePackListener>
vg,d,field_199016_e,,,,,field,private final Set<String>
vg,e,field_199017_f,,,,,field,private final EnumResourcePackType
vh,b,field_199884_b,,,,,field,private static final org.apache.logging.log4j.Logger
vh,a,field_199031_a,,,,,field,public static final Executor
vh,c,field_199032_b,,,,,field,private final String
vh,d,field_199033_c,,,,,field,private final MinecraftKey
vh,e,field_199034_d,,,,,field,private final InputStream
vh,f,field_199035_e,,,,,field,private final InputStream
vh,g,field_199036_f,,,,,field,private boolean
vh,h,field_199037_g,,,,,field,private com.google.gson.JsonObject
vj,a,field_73698_a,,,,,field,public static final SimpleDateFormat
vj,b,field_73694_d,,,,,field,protected final Date
vj,c,field_73695_e,,,,,field,protected final String
vj,d,field_73692_f,,,,,field,protected final Date
vj,e,field_73693_g,,,,,field,protected final String
vk$a,b,field_152672_b,,,,,field,private final com.mojang.authlib.GameProfile
vk$a,c,field_152673_c,,,,,field,private final Date
vk,a,field_152659_a,,,,,field,public static final SimpleDateFormat
vk,c,field_187322_c,,,,,field,private static boolean
vk,d,field_152661_c,,,,,field,"private final Map<String, UserCache$UserCacheEntry>"
vk,e,field_152662_d,,,,,field,"private final Map<UUID, UserCache$UserCacheEntry>"
vk,f,field_152663_e,,,,,field,private final Deque<com.mojang.authlib.GameProfile>
vk,g,field_187323_g,,,,,field,private final com.mojang.authlib.GameProfileRepository
vk,b,field_152660_b,,,,,field,protected final com.google.gson.Gson
vk,h,field_152665_g,,,,,field,private final File
vk,i,field_152666_h,,,,,field,private static final ParameterizedType
vn,e,field_152732_e,,,,,field,private static final org.apache.logging.log4j.Logger
vn,a,field_152728_a,,,,,field,public static final File
vn,b,field_152729_b,,,,,field,public static final File
vn,c,field_152730_c,,,,,field,public static final File
vn,d,field_152731_d,,,,,field,public static final File
vo,a,field_152613_a,,,,,field,public static final File
vo,b,field_152614_b,,,,,field,public static final File
vo,c,field_152615_c,,,,,field,public static final File
vo,d,field_152616_d,,,,,field,public static final File
vo,f,field_148546_d,,,,,field,private static final org.apache.logging.log4j.Logger
vo,g,field_72403_e,,,,,field,private static final SimpleDateFormat
vo,h,field_72400_f,server,,,,field,private final MinecraftServer
vo,i,field_72404_b,players,,,,field,private final List<EntityPlayer>
vo,j,field_177454_f,,,,,field,"private final Map<UUID, EntityPlayer>"
vo,k,field_72401_g,,,,,field,private final GameProfileBanList
vo,l,field_72413_h,,,,,field,private final IpBanList
vo,m,field_72414_i,operators,,,,field,private final OpList
vo,n,field_72411_j,whitelist,,,,field,private final WhiteList
vo,o,field_148547_k,,,,,field,"private final Map<UUID, ServerStatisticManager>"
vo,p,field_192055_p,,,,,field,"private final Map<UUID, AdvancementDataPlayer>"
vo,q,field_72412_k,playerFileData,,,,field,private IPlayerFileData
vo,r,field_72409_l,hasWhitelist,,,,field,private boolean
vo,e,field_72405_c,maxPlayers,,,,field,protected int
vo,s,field_72402_d,,,,,field,private int
vo,t,field_72410_m,,,,,field,private EnumGamemode
vo,u,field_72407_n,,,,,field,private boolean
vo,v,field_72408_o,,,,,field,private int
vq,a,field_152645_a,,,,,field,private final int
vq,b,field_183025_b,,,,,field,private final boolean
vr,a,field_152642_a,,,,,field,private final T
vs,a,field_152693_a,,,,,field,protected static final org.apache.logging.log4j.Logger
vs,b,field_152694_b,,,,,field,protected final com.google.gson.Gson
vs,c,field_152695_c,,,,,field,private final File
vs,d,field_152696_d,,,,,field,"private final Map<String, V>"
vs,e,field_152697_e,,,,,field,private boolean
vs,f,field_152698_f,,,,,field,private static final ParameterizedType
vy,a,field_72674_a,,,,,field,private final ByteArrayOutputStream
vy,b,field_72673_b,,,,,field,private final DataOutputStream
vz,a,field_72666_a,,,,,field,public static final char[]
w,AND,AND,,,,,field,AdvancementRequirements
w,OR,OR,,,,,field,AdvancementRequirements
wa,a,field_70009_b,,,,,field,private final StringBuffer
wa,b,field_184171_b,,,,,field,private final MinecraftServer
wc,h,field_199680_h,,,,,field,private static final org.apache.logging.log4j.Logger
wc,i,field_164004_h,,,,,field,private static final AtomicInteger
wc,a,field_72619_a,,,,,field,protected boolean
wc,b,field_72617_b,,,,,field,protected IMinecraftServer
wc,c,field_164003_c,,,,,field,protected final String
wc,d,field_72618_c,,,,,field,protected Thread
wc,e,field_72615_d,,,,,field,protected int
wc,f,field_72616_e,,,,,field,protected List<DatagramSocket>
wc,g,field_72614_f,,,,,field,protected List<ServerSocket>
wd$a,b,field_72598_b,time,,,,field,private final long
wd$a,c,field_72599_c,token,,,,field,private final int
wd$a,d,field_72596_d,identity,,,,field,private final byte[]
wd$a,e,field_72597_e,,,,,field,private final byte[]
wd$a,f,field_72595_f,,,,,field,private final String
wd,h,field_72629_g,,,,,field,private long
wd,i,field_72636_h,,,,,field,private int
wd,j,field_72637_i,,,,,field,private final int
wd,k,field_72634_j,,,,,field,private final int
wd,l,field_72635_k,,,,,field,private final String
wd,m,field_72632_l,,,,,field,private final String
wd,n,field_72633_m,,,,,field,private DatagramSocket
wd,o,field_72630_n,,,,,field,private final byte[]
wd,p,field_72631_o,,,,,field,private DatagramPacket
wd,q,field_72644_p,,,,,field,"private final Map<SocketAddress, String>"
wd,r,field_72643_q,,,,,field,private String
wd,s,field_72642_r,,,,,field,private String
wd,t,field_72641_s,,,,,field,"private final Map<SocketAddress, RemoteStatusListener$RemoteStatusChallenge>"
wd,u,field_72640_t,,,,,field,private final long
wd,v,field_72639_u,,,,,field,private final RemoteStatusReply
wd,w,field_72638_v,,,,,field,private long
we,h,field_164005_h,,,,,field,private static final org.apache.logging.log4j.Logger
we,i,field_72657_g,,,,,field,private boolean
we,j,field_72659_h,,,,,field,private Socket
we,k,field_72660_i,,,,,field,private final byte[]
we,l,field_72658_j,,,,,field,private final String
wf,h,field_72647_g,,,,,field,private int
wf,i,field_72651_h,,,,,field,private final int
wf,j,field_72652_i,,,,,field,private String
wf,k,field_72649_j,,,,,field,private ServerSocket
wf,l,field_72650_k,,,,,field,private final String
wf,m,field_72648_l,,,,,field,"private Map<SocketAddress, RemoteControlSession>"
wh,a,field_187505_a,,,,,field,"public static final RegistryMaterials<MinecraftKey, SoundEffect>"
wh,b,field_187506_b,,,,,field,private final MinecraftKey
wi,a,field_187674_a,AMBIENT_CAVE,,,,field,public static final SoundEffect
wi,b,field_204326_e,AMBIENT_UNDERWATER_ENTER,,,,field,public static final SoundEffect
wi,c,field_204327_f,AMBIENT_UNDERWATER_EXIT,,,,field,public static final SoundEffect
wi,d,field_204323_b,AMBIENT_UNDERWATER_LOOP,,,,field,public static final SoundEffect
wi,e,field_204324_c,AMBIENT_UNDERWATER_LOOP_ADDITIONS,,,,field,public static final SoundEffect
wi,f,field_204325_d,AMBIENT_UNDERWATER_LOOP_ADDITIONS_RARE,,,,field,public static final SoundEffect
wi,g,field_204410_e,AMBIENT_UNDERWATER_LOOP_ADDITIONS_ULTRA_RARE,,,,field,public static final SoundEffect
wi,h,field_187677_b,BLOCK_ANVIL_BREAK,,,,field,public static final SoundEffect
wi,i,field_187680_c,BLOCK_ANVIL_DESTROY,,,,field,public static final SoundEffect
wi,j,field_187683_d,BLOCK_ANVIL_FALL,,,,field,public static final SoundEffect
wi,k,field_187686_e,BLOCK_ANVIL_HIT,,,,field,public static final SoundEffect
wi,l,field_187689_f,BLOCK_ANVIL_LAND,,,,field,public static final SoundEffect
wi,m,field_187692_g,BLOCK_ANVIL_PLACE,,,,field,public static final SoundEffect
wi,n,field_187695_h,BLOCK_ANVIL_STEP,,,,field,public static final SoundEffect
wi,o,field_187698_i,BLOCK_ANVIL_USE,,,,field,public static final SoundEffect
wi,p,field_187713_n,ITEM_ARMOR_EQUIP_CHAIN,,,,field,public static final SoundEffect
wi,q,field_187716_o,ITEM_ARMOR_EQUIP_DIAMOND,,,,field,public static final SoundEffect
wi,r,field_191258_p,ITEM_ARMOR_EQUIP_ELYTRA,,,,field,public static final SoundEffect
wi,s,field_187719_p,ITEM_ARMOR_EQUIP_GENERIC,,,,field,public static final SoundEffect
wi,t,field_187722_q,ITEM_ARMOR_EQUIP_GOLD,,,,field,public static final SoundEffect
wi,u,field_187725_r,ITEM_ARMOR_EQUIP_IRON,,,,field,public static final SoundEffect
wi,v,field_187728_s,ITEM_ARMOR_EQUIP_LEATHER,,,,field,public static final SoundEffect
wi,w,field_203254_u,ITEM_ARMOR_EQUIP_TURTLE,,,,field,public static final SoundEffect
wi,x,field_187701_j,ENTITY_ARMOR_STAND_BREAK,,,,field,public static final SoundEffect
wi,y,field_187704_k,ENTITY_ARMOR_STAND_FALL,,,,field,public static final SoundEffect
wi,z,field_187707_l,ENTITY_ARMOR_STAND_HIT,,,,field,public static final SoundEffect
wi,A,field_187710_m,ENTITY_ARMOR_STAND_PLACE,,,,field,public static final SoundEffect
wi,B,field_187731_t,ENTITY_ARROW_HIT,,,,field,public static final SoundEffect
wi,C,field_187734_u,ENTITY_ARROW_HIT_PLAYER,,,,field,public static final SoundEffect
wi,D,field_187737_v,ENTITY_ARROW_SHOOT,,,,field,public static final SoundEffect
wi,E,field_203255_y,ITEM_AXE_STRIP,,,,field,public static final SoundEffect
wi,F,field_187740_w,ENTITY_BAT_AMBIENT,,,,field,public static final SoundEffect
wi,G,field_187742_x,ENTITY_BAT_DEATH,,,,field,public static final SoundEffect
wi,H,field_187743_y,ENTITY_BAT_HURT,,,,field,public static final SoundEffect
wi,I,field_189108_z,ENTITY_BAT_LOOP,,,,field,public static final SoundEffect
wi,J,field_187744_z,ENTITY_BAT_TAKEOFF,,,,field,public static final SoundEffect
wi,K,field_206938_K,BLOCK_BEACON_ACTIVATE,,,,field,public static final SoundEffect
wi,L,field_206939_L,BLOCK_BEACON_AMBIENT,,,,field,public static final SoundEffect
wi,M,field_206940_M,BLOCK_BEACON_DEACTIVATE,,,,field,public static final SoundEffect
wi,N,field_206941_N,BLOCK_BEACON_POWER_SELECT,,,,field,public static final SoundEffect
wi,O,field_187594_A,ENTITY_BLAZE_AMBIENT,,,,field,public static final SoundEffect
wi,P,field_187597_B,ENTITY_BLAZE_BURN,,,,field,public static final SoundEffect
wi,Q,field_187600_C,ENTITY_BLAZE_DEATH,,,,field,public static final SoundEffect
wi,R,field_187603_D,ENTITY_BLAZE_HURT,,,,field,public static final SoundEffect
wi,S,field_187606_E,ENTITY_BLAZE_SHOOT,,,,field,public static final SoundEffect
wi,T,field_193778_H,ENTITY_BOAT_PADDLE_LAND,,,,field,public static final SoundEffect
wi,U,field_193779_I,ENTITY_BOAT_PADDLE_WATER,,,,field,public static final SoundEffect
wi,V,field_193780_J,ENTITY_FISHING_BOBBER_RETRIEVE,,,,field,public static final SoundEffect
wi,W,field_187609_F,ENTITY_FISHING_BOBBER_SPLASH,,,,field,public static final SoundEffect
wi,X,field_187612_G,ENTITY_FISHING_BOBBER_THROW,,,,field,public static final SoundEffect
wi,Y,field_191241_J,ITEM_BOTTLE_EMPTY,,,,field,public static final SoundEffect
wi,Z,field_187615_H,ITEM_BOTTLE_FILL,,,,field,public static final SoundEffect
wi,aa,field_187618_I,ITEM_BOTTLE_FILL_DRAGONBREATH,,,,field,public static final SoundEffect
wi,ab,field_187621_J,BLOCK_BREWING_STAND_BREW,,,,field,public static final SoundEffect
wi,ac,field_203253_U,BLOCK_BUBBLE_COLUMN_BUBBLE_POP,,,,field,public static final SoundEffect
wi,ad,field_203251_S,BLOCK_BUBBLE_COLUMN_UPWARDS_AMBIENT,,,,field,public static final SoundEffect
wi,ae,field_203252_T,BLOCK_BUBBLE_COLUMN_UPWARDS_INSIDE,,,,field,public static final SoundEffect
wi,af,field_203282_jc,BLOCK_BUBBLE_COLUMN_WHIRLPOOL_AMBIENT,,,,field,public static final SoundEffect
wi,ag,field_203283_jd,BLOCK_BUBBLE_COLUMN_WHIRLPOOL_INSIDE,,,,field,public static final SoundEffect
wi,ah,field_187624_K,ITEM_BUCKET_EMPTY,,,,field,public static final SoundEffect
wi,ai,field_203819_X,ITEM_BUCKET_EMPTY_FISH,,,,field,public static final SoundEffect
wi,aj,field_187627_L,ITEM_BUCKET_EMPTY_LAVA,,,,field,public static final SoundEffect
wi,ak,field_187630_M,ITEM_BUCKET_FILL,,,,field,public static final SoundEffect
wi,al,field_203814_aa,ITEM_BUCKET_FILL_FISH,,,,field,public static final SoundEffect
wi,am,field_187633_N,ITEM_BUCKET_FILL_LAVA,,,,field,public static final SoundEffect
wi,an,field_187636_O,ENTITY_CAT_AMBIENT,,,,field,public static final SoundEffect
wi,ao,field_187639_P,ENTITY_CAT_DEATH,,,,field,public static final SoundEffect
wi,ap,field_189106_R,ENTITY_CAT_HISS,,,,field,public static final SoundEffect
wi,aq,field_187642_Q,ENTITY_CAT_HURT,,,,field,public static final SoundEffect
wi,ar,field_187645_R,ENTITY_CAT_PURR,,,,field,public static final SoundEffect
wi,as,field_187648_S,ENTITY_CAT_PURREOW,,,,field,public static final SoundEffect
wi,at,field_187651_T,BLOCK_CHEST_CLOSE,,,,field,public static final SoundEffect
wi,au,field_187654_U,BLOCK_CHEST_LOCKED,,,,field,public static final SoundEffect
wi,av,field_187657_V,BLOCK_CHEST_OPEN,,,,field,public static final SoundEffect
wi,aw,field_187660_W,ENTITY_CHICKEN_AMBIENT,,,,field,public static final SoundEffect
wi,ax,field_187663_X,ENTITY_CHICKEN_DEATH,,,,field,public static final SoundEffect
wi,ay,field_187665_Y,ENTITY_CHICKEN_EGG,,,,field,public static final SoundEffect
wi,az,field_187666_Z,ENTITY_CHICKEN_HURT,,,,field,public static final SoundEffect
wi,aA,field_187538_aa,ENTITY_CHICKEN_STEP,,,,field,public static final SoundEffect
wi,aB,field_187540_ab,BLOCK_CHORUS_FLOWER_DEATH,,,,field,public static final SoundEffect
wi,aC,field_187542_ac,BLOCK_CHORUS_FLOWER_GROW,,,,field,public static final SoundEffect
wi,aD,field_187544_ad,ITEM_CHORUS_FRUIT_TELEPORT,,,,field,public static final SoundEffect
wi,aE,field_187546_ae,BLOCK_WOOL_BREAK,,,,field,public static final SoundEffect
wi,aF,field_187548_af,BLOCK_WOOL_FALL,,,,field,public static final SoundEffect
wi,aG,field_187550_ag,BLOCK_WOOL_HIT,,,,field,public static final SoundEffect
wi,aH,field_187552_ah,BLOCK_WOOL_PLACE,,,,field,public static final SoundEffect
wi,aI,field_187554_ai,BLOCK_WOOL_STEP,,,,field,public static final SoundEffect
wi,aJ,field_203815_ax,ENTITY_COD_AMBIENT,,,,field,public static final SoundEffect
wi,aK,field_203816_ay,ENTITY_COD_DEATH,,,,field,public static final SoundEffect
wi,aL,field_203818_az,ENTITY_COD_FLOP,,,,field,public static final SoundEffect
wi,aM,field_203813_aA,ENTITY_COD_HURT,,,,field,public static final SoundEffect
wi,aN,field_187556_aj,BLOCK_COMPARATOR_CLICK,,,,field,public static final SoundEffect
wi,aO,field_206933_aM,BLOCK_CONDUIT_ACTIVATE,,,,field,public static final SoundEffect
wi,aP,field_206934_aN,BLOCK_CONDUIT_AMBIENT,,,,field,public static final SoundEffect
wi,aQ,field_206935_aO,BLOCK_CONDUIT_AMBIENT_SHORT,,,,field,public static final SoundEffect
wi,aR,field_206936_aP,BLOCK_CONDUIT_ATTACK_TARGET,,,,field,public static final SoundEffect
wi,aS,field_206937_aQ,BLOCK_CONDUIT_DEACTIVATE,,,,field,public static final SoundEffect
wi,aT,field_187558_ak,ENTITY_COW_AMBIENT,,,,field,public static final SoundEffect
wi,aU,field_187560_al,ENTITY_COW_DEATH,,,,field,public static final SoundEffect
wi,aV,field_187562_am,ENTITY_COW_HURT,,,,field,public static final SoundEffect
wi,aW,field_187564_an,ENTITY_COW_MILK,,,,field,public static final SoundEffect
wi,aX,field_187566_ao,ENTITY_COW_STEP,,,,field,public static final SoundEffect
wi,aY,field_187568_ap,ENTITY_CREEPER_DEATH,,,,field,public static final SoundEffect
wi,aZ,field_187570_aq,ENTITY_CREEPER_HURT,,,,field,public static final SoundEffect
wi,ba,field_187572_ar,ENTITY_CREEPER_PRIMED,,,,field,public static final SoundEffect
wi,bb,field_187574_as,BLOCK_DISPENSER_DISPENSE,,,,field,public static final SoundEffect
wi,bc,field_187576_at,BLOCK_DISPENSER_FAIL,,,,field,public static final SoundEffect
wi,bd,field_187578_au,BLOCK_DISPENSER_LAUNCH,,,,field,public static final SoundEffect
wi,be,field_205203_aT,ENTITY_DOLPHIN_AMBIENT,,,,field,public static final SoundEffect
wi,bf,field_205204_aU,ENTITY_DOLPHIN_AMBIENT_WATER,,,,field,public static final SoundEffect
wi,bg,field_205205_aV,ENTITY_DOLPHIN_ATTACK,,,,field,public static final SoundEffect
wi,bh,field_205206_aW,ENTITY_DOLPHIN_DEATH,,,,field,public static final SoundEffect
wi,bi,field_205207_aX,ENTITY_DOLPHIN_EAT,,,,field,public static final SoundEffect
wi,bj,field_205208_aY,ENTITY_DOLPHIN_HURT,,,,field,public static final SoundEffect
wi,bk,field_205209_aZ,ENTITY_DOLPHIN_JUMP,,,,field,public static final SoundEffect
wi,bl,field_205210_ba,ENTITY_DOLPHIN_PLAY,,,,field,public static final SoundEffect
wi,bm,field_205212_bc,ENTITY_DOLPHIN_SPLASH,,,,field,public static final SoundEffect
wi,bn,field_205211_bb,ENTITY_DOLPHIN_SWIM,,,,field,public static final SoundEffect
wi,bo,field_187580_av,ENTITY_DONKEY_AMBIENT,,,,field,public static final SoundEffect
wi,bp,field_187582_aw,ENTITY_DONKEY_ANGRY,,,,field,public static final SoundEffect
wi,bq,field_187584_ax,ENTITY_DONKEY_CHEST,,,,field,public static final SoundEffect
wi,br,field_187586_ay,ENTITY_DONKEY_DEATH,,,,field,public static final SoundEffect
wi,bs,field_187588_az,ENTITY_DONKEY_HURT,,,,field,public static final SoundEffect
wi,bt,field_204774_aY,ENTITY_DROWNED_AMBIENT,,,,field,public static final SoundEffect
wi,bu,field_204775_aZ,ENTITY_DROWNED_AMBIENT_WATER,,,,field,public static final SoundEffect
wi,bv,field_204776_ba,ENTITY_DROWNED_DEATH,,,,field,public static final SoundEffect
wi,bw,field_204777_bb,ENTITY_DROWNED_DEATH_WATER,,,,field,public static final SoundEffect
wi,bx,field_204778_bc,ENTITY_DROWNED_HURT,,,,field,public static final SoundEffect
wi,by,field_204779_bd,ENTITY_DROWNED_HURT_WATER,,,,field,public static final SoundEffect
wi,bz,field_204780_be,ENTITY_DROWNED_SHOOT,,,,field,public static final SoundEffect
wi,bA,field_204781_bf,ENTITY_DROWNED_STEP,,,,field,public static final SoundEffect
wi,bB,field_204782_bg,ENTITY_DROWNED_SWIM,,,,field,public static final SoundEffect
wi,bC,field_187511_aA,ENTITY_EGG_THROW,,,,field,public static final SoundEffect
wi,bD,field_187512_aB,ENTITY_ELDER_GUARDIAN_AMBIENT,,,,field,public static final SoundEffect
wi,bE,field_187513_aC,ENTITY_ELDER_GUARDIAN_AMBIENT_LAND,,,,field,public static final SoundEffect
wi,bF,field_187514_aD,ENTITY_ELDER_GUARDIAN_CURSE,,,,field,public static final SoundEffect
wi,bG,field_187515_aE,ENTITY_ELDER_GUARDIAN_DEATH,,,,field,public static final SoundEffect
wi,bH,field_187516_aF,ENTITY_ELDER_GUARDIAN_DEATH_LAND,,,,field,public static final SoundEffect
wi,bI,field_191240_aK,ENTITY_ELDER_GUARDIAN_FLOP,,,,field,public static final SoundEffect
wi,bJ,field_187517_aG,ENTITY_ELDER_GUARDIAN_HURT,,,,field,public static final SoundEffect
wi,bK,field_187518_aH,ENTITY_ELDER_GUARDIAN_HURT_LAND,,,,field,public static final SoundEffect
wi,bL,field_189426_aK,ITEM_ELYTRA_FLYING,,,,field,public static final SoundEffect
wi,bM,field_190021_aL,BLOCK_ENCHANTMENT_TABLE_USE,,,,field,public static final SoundEffect
wi,bN,field_187519_aI,BLOCK_ENDER_CHEST_CLOSE,,,,field,public static final SoundEffect
wi,bO,field_187520_aJ,BLOCK_ENDER_CHEST_OPEN,,,,field,public static final SoundEffect
wi,bP,field_187521_aK,ENTITY_ENDER_DRAGON_AMBIENT,,,,field,public static final SoundEffect
wi,bQ,field_187522_aL,ENTITY_ENDER_DRAGON_DEATH,,,,field,public static final SoundEffect
wi,bR,field_187523_aM,ENTITY_DRAGON_FIREBALL_EXPLODE,,,,field,public static final SoundEffect
wi,bS,field_187524_aN,ENTITY_ENDER_DRAGON_FLAP,,,,field,public static final SoundEffect
wi,bT,field_187525_aO,ENTITY_ENDER_DRAGON_GROWL,,,,field,public static final SoundEffect
wi,bU,field_187526_aP,ENTITY_ENDER_DRAGON_HURT,,,,field,public static final SoundEffect
wi,bV,field_187527_aQ,ENTITY_ENDER_DRAGON_SHOOT,,,,field,public static final SoundEffect
wi,bW,field_193777_bb,ENTITY_ENDER_EYE_DEATH,,,,field,public static final SoundEffect
wi,bX,field_187528_aR,ENTITY_ENDER_EYE_LAUNCH,,,,field,public static final SoundEffect
wi,bY,field_187529_aS,ENTITY_ENDERMAN_AMBIENT,,,,field,public static final SoundEffect
wi,bZ,field_187530_aT,ENTITY_ENDERMAN_DEATH,,,,field,public static final SoundEffect
wi,ca,field_187531_aU,ENTITY_ENDERMAN_HURT,,,,field,public static final SoundEffect
wi,cb,field_187532_aV,ENTITY_ENDERMAN_SCREAM,,,,field,public static final SoundEffect
wi,cc,field_187533_aW,ENTITY_ENDERMAN_STARE,,,,field,public static final SoundEffect
wi,cd,field_187534_aX,ENTITY_ENDERMAN_TELEPORT,,,,field,public static final SoundEffect
wi,ce,field_187535_aY,ENTITY_ENDERMITE_AMBIENT,,,,field,public static final SoundEffect
wi,cf,field_187536_aZ,ENTITY_ENDERMITE_DEATH,,,,field,public static final SoundEffect
wi,cg,field_187590_ba,ENTITY_ENDERMITE_HURT,,,,field,public static final SoundEffect
wi,ch,field_187592_bb,ENTITY_ENDERMITE_STEP,,,,field,public static final SoundEffect
wi,ci,field_187595_bc,ENTITY_ENDER_PEARL_THROW,,,,field,public static final SoundEffect
wi,cj,field_187598_bd,BLOCK_END_GATEWAY_SPAWN,,,,field,public static final SoundEffect
wi,ck,field_193781_bp,BLOCK_END_PORTAL_FRAME_FILL,,,,field,public static final SoundEffect
wi,cl,field_193782_bq,BLOCK_END_PORTAL_SPAWN,,,,field,public static final SoundEffect
wi,cm,field_191243_bm,ENTITY_EVOKER_AMBIENT,,,,field,public static final SoundEffect
wi,cn,field_191244_bn,ENTITY_EVOKER_CAST_SPELL,,,,field,public static final SoundEffect
wi,co,field_191245_bo,ENTITY_EVOKER_DEATH,,,,field,public static final SoundEffect
wi,cp,field_191242_bl,ENTITY_EVOKER_FANGS_ATTACK,,,,field,public static final SoundEffect
wi,cq,field_191246_bp,ENTITY_EVOKER_HURT,,,,field,public static final SoundEffect
wi,cr,field_191247_bq,ENTITY_EVOKER_PREPARE_ATTACK,,,,field,public static final SoundEffect
wi,cs,field_191248_br,ENTITY_EVOKER_PREPARE_SUMMON,,,,field,public static final SoundEffect
wi,ct,field_191249_bs,ENTITY_EVOKER_PREPARE_WOLOLO,,,,field,public static final SoundEffect
wi,cu,field_187601_be,ENTITY_EXPERIENCE_BOTTLE_THROW,,,,field,public static final SoundEffect
wi,cv,field_187604_bf,ENTITY_EXPERIENCE_ORB_PICKUP,,,,field,public static final SoundEffect
wi,cw,field_187610_bh,BLOCK_FENCE_GATE_CLOSE,,,,field,public static final SoundEffect
wi,cx,field_187613_bi,BLOCK_FENCE_GATE_OPEN,,,,field,public static final SoundEffect
wi,cy,field_187616_bj,ITEM_FIRECHARGE_USE,,,,field,public static final SoundEffect
wi,cz,field_187619_bk,ENTITY_FIREWORK_ROCKET_BLAST,,,,field,public static final SoundEffect
wi,cA,field_187622_bl,ENTITY_FIREWORK_ROCKET_BLAST_FAR,,,,field,public static final SoundEffect
wi,cB,field_187625_bm,ENTITY_FIREWORK_ROCKET_LARGE_BLAST,,,,field,public static final SoundEffect
wi,cC,field_187628_bn,ENTITY_FIREWORK_ROCKET_LARGE_BLAST_FAR,,,,field,public static final SoundEffect
wi,cD,field_187631_bo,ENTITY_FIREWORK_ROCKET_LAUNCH,,,,field,public static final SoundEffect
wi,cE,field_187634_bp,ENTITY_FIREWORK_ROCKET_SHOOT,,,,field,public static final SoundEffect
wi,cF,field_187637_bq,ENTITY_FIREWORK_ROCKET_TWINKLE,,,,field,public static final SoundEffect
wi,cG,field_187640_br,ENTITY_FIREWORK_ROCKET_TWINKLE_FAR,,,,field,public static final SoundEffect
wi,cH,field_187643_bs,BLOCK_FIRE_AMBIENT,,,,field,public static final SoundEffect
wi,cI,field_187646_bt,BLOCK_FIRE_EXTINGUISH,,,,field,public static final SoundEffect
wi,cJ,field_203817_bZ,ENTITY_FISH_SWIM,,,,field,public static final SoundEffect
wi,cK,field_187649_bu,ITEM_FLINTANDSTEEL_USE,,,,field,public static final SoundEffect
wi,cL,field_187652_bv,BLOCK_FURNACE_FIRE_CRACKLE,,,,field,public static final SoundEffect
wi,cM,field_187655_bw,ENTITY_GENERIC_BIG_FALL,,,,field,public static final SoundEffect
wi,cN,field_187658_bx,ENTITY_GENERIC_BURN,,,,field,public static final SoundEffect
wi,cO,field_187661_by,ENTITY_GENERIC_DEATH,,,,field,public static final SoundEffect
wi,cP,field_187664_bz,ENTITY_GENERIC_DRINK,,,,field,public static final SoundEffect
wi,cQ,field_187537_bA,ENTITY_GENERIC_EAT,,,,field,public static final SoundEffect
wi,cR,field_187539_bB,ENTITY_GENERIC_EXPLODE,,,,field,public static final SoundEffect
wi,cS,field_187541_bC,ENTITY_GENERIC_EXTINGUISH_FIRE,,,,field,public static final SoundEffect
wi,cT,field_187543_bD,ENTITY_GENERIC_HURT,,,,field,public static final SoundEffect
wi,cU,field_187545_bE,ENTITY_GENERIC_SMALL_FALL,,,,field,public static final SoundEffect
wi,cV,field_187547_bF,ENTITY_GENERIC_SPLASH,,,,field,public static final SoundEffect
wi,cW,field_187549_bG,ENTITY_GENERIC_SWIM,,,,field,public static final SoundEffect
wi,cX,field_187551_bH,ENTITY_GHAST_AMBIENT,,,,field,public static final SoundEffect
wi,cY,field_187553_bI,ENTITY_GHAST_DEATH,,,,field,public static final SoundEffect
wi,cZ,field_187555_bJ,ENTITY_GHAST_HURT,,,,field,public static final SoundEffect
wi,da,field_189105_bM,ENTITY_GHAST_SCREAM,,,,field,public static final SoundEffect
wi,db,field_187557_bK,ENTITY_GHAST_SHOOT,,,,field,public static final SoundEffect
wi,dc,field_187559_bL,ENTITY_GHAST_WARN,,,,field,public static final SoundEffect
wi,dd,field_187561_bM,BLOCK_GLASS_BREAK,,,,field,public static final SoundEffect
wi,de,field_187563_bN,BLOCK_GLASS_FALL,,,,field,public static final SoundEffect
wi,df,field_187565_bO,BLOCK_GLASS_HIT,,,,field,public static final SoundEffect
wi,dg,field_187567_bP,BLOCK_GLASS_PLACE,,,,field,public static final SoundEffect
wi,dh,field_187569_bQ,BLOCK_GLASS_STEP,,,,field,public static final SoundEffect
wi,di,field_187571_bR,BLOCK_GRASS_BREAK,,,,field,public static final SoundEffect
wi,dj,field_187573_bS,BLOCK_GRASS_FALL,,,,field,public static final SoundEffect
wi,dk,field_187575_bT,BLOCK_GRASS_HIT,,,,field,public static final SoundEffect
wi,dl,field_187577_bU,BLOCK_GRASS_PLACE,,,,field,public static final SoundEffect
wi,dm,field_187579_bV,BLOCK_GRASS_STEP,,,,field,public static final SoundEffect
wi,dn,field_211414_dn,BLOCK_WET_GRASS_BREAK,,,,field,public static final SoundEffect
wi,do,field_211415_do,BLOCK_WET_GRASS_FALL,,,,field,public static final SoundEffect
wi,dp,field_211416_dp,BLOCK_WET_GRASS_HIT,,,,field,public static final SoundEffect
wi,dq,field_211417_dq,BLOCK_WET_GRASS_PLACE,,,,field,public static final SoundEffect
wi,dr,field_211418_dr,BLOCK_WET_GRASS_STEP,,,,field,public static final SoundEffect
wi,ds,field_211419_ds,BLOCK_CORAL_BLOCK_BREAK,,,,field,public static final SoundEffect
wi,dt,field_211420_dt,BLOCK_CORAL_BLOCK_FALL,,,,field,public static final SoundEffect
wi,du,field_211421_du,BLOCK_CORAL_BLOCK_HIT,,,,field,public static final SoundEffect
wi,dv,field_211422_dv,BLOCK_CORAL_BLOCK_PLACE,,,,field,public static final SoundEffect
wi,dw,field_211423_dw,BLOCK_CORAL_BLOCK_STEP,,,,field,public static final SoundEffect
wi,dx,field_187581_bW,BLOCK_GRAVEL_BREAK,,,,field,public static final SoundEffect
wi,dy,field_187583_bX,BLOCK_GRAVEL_FALL,,,,field,public static final SoundEffect
wi,dz,field_187585_bY,BLOCK_GRAVEL_HIT,,,,field,public static final SoundEffect
wi,dA,field_187587_bZ,BLOCK_GRAVEL_PLACE,,,,field,public static final SoundEffect
wi,dB,field_187668_ca,BLOCK_GRAVEL_STEP,,,,field,public static final SoundEffect
wi,dC,field_187670_cb,ENTITY_GUARDIAN_AMBIENT,,,,field,public static final SoundEffect
wi,dD,field_187672_cc,ENTITY_GUARDIAN_AMBIENT_LAND,,,,field,public static final SoundEffect
wi,dE,field_187675_cd,ENTITY_GUARDIAN_ATTACK,,,,field,public static final SoundEffect
wi,dF,field_187678_ce,ENTITY_GUARDIAN_DEATH,,,,field,public static final SoundEffect
wi,dG,field_187681_cf,ENTITY_GUARDIAN_DEATH_LAND,,,,field,public static final SoundEffect
wi,dH,field_187684_cg,ENTITY_GUARDIAN_FLOP,,,,field,public static final SoundEffect
wi,dI,field_187687_ch,ENTITY_GUARDIAN_HURT,,,,field,public static final SoundEffect
wi,dJ,field_187690_ci,ENTITY_GUARDIAN_HURT_LAND,,,,field,public static final SoundEffect
wi,dK,field_187693_cj,ITEM_HOE_TILL,,,,field,public static final SoundEffect
wi,dL,field_187696_ck,ENTITY_HORSE_AMBIENT,,,,field,public static final SoundEffect
wi,dM,field_187699_cl,ENTITY_HORSE_ANGRY,,,,field,public static final SoundEffect
wi,dN,field_187702_cm,ENTITY_HORSE_ARMOR,,,,field,public static final SoundEffect
wi,dO,field_187705_cn,ENTITY_HORSE_BREATHE,,,,field,public static final SoundEffect
wi,dP,field_187708_co,ENTITY_HORSE_DEATH,,,,field,public static final SoundEffect
wi,dQ,field_187711_cp,ENTITY_HORSE_EAT,,,,field,public static final SoundEffect
wi,dR,field_187714_cq,ENTITY_HORSE_GALLOP,,,,field,public static final SoundEffect
wi,dS,field_187717_cr,ENTITY_HORSE_HURT,,,,field,public static final SoundEffect
wi,dT,field_187720_cs,ENTITY_HORSE_JUMP,,,,field,public static final SoundEffect
wi,dU,field_187723_ct,ENTITY_HORSE_LAND,,,,field,public static final SoundEffect
wi,dV,field_187726_cu,ENTITY_HORSE_SADDLE,,,,field,public static final SoundEffect
wi,dW,field_187729_cv,ENTITY_HORSE_STEP,,,,field,public static final SoundEffect
wi,dX,field_187732_cw,ENTITY_HORSE_STEP_WOOD,,,,field,public static final SoundEffect
wi,dY,field_187735_cx,ENTITY_HOSTILE_BIG_FALL,,,,field,public static final SoundEffect
wi,dZ,field_187738_cy,ENTITY_HOSTILE_DEATH,,,,field,public static final SoundEffect
wi,ea,field_187741_cz,ENTITY_HOSTILE_HURT,,,,field,public static final SoundEffect
wi,eb,field_187589_cA,ENTITY_HOSTILE_SMALL_FALL,,,,field,public static final SoundEffect
wi,ec,field_187591_cB,ENTITY_HOSTILE_SPLASH,,,,field,public static final SoundEffect
wi,ed,field_187593_cC,ENTITY_HOSTILE_SWIM,,,,field,public static final SoundEffect
wi,ee,field_190022_cI,ENTITY_HUSK_AMBIENT,,,,field,public static final SoundEffect
wi,ef,field_207378_dT,ENTITY_HUSK_CONVERTED_TO_ZOMBIE,,,,field,public static final SoundEffect
wi,eg,field_190023_cJ,ENTITY_HUSK_DEATH,,,,field,public static final SoundEffect
wi,eh,field_190024_cK,ENTITY_HUSK_HURT,,,,field,public static final SoundEffect
wi,ei,field_190025_cL,ENTITY_HUSK_STEP,,,,field,public static final SoundEffect
wi,ej,field_193783_dc,ENTITY_ILLUSIONER_AMBIENT,,,,field,public static final SoundEffect
wi,ek,field_193784_dd,ENTITY_ILLUSIONER_CAST_SPELL,,,,field,public static final SoundEffect
wi,el,field_193786_de,ENTITY_ILLUSIONER_DEATH,,,,field,public static final SoundEffect
wi,em,field_193787_df,ENTITY_ILLUSIONER_HURT,,,,field,public static final SoundEffect
wi,en,field_193788_dg,ENTITY_ILLUSIONER_MIRROR_MOVE,,,,field,public static final SoundEffect
wi,eo,field_193789_dh,ENTITY_ILLUSIONER_PREPARE_BLINDNESS,,,,field,public static final SoundEffect
wi,ep,field_193790_di,ENTITY_ILLUSIONER_PREPARE_MIRROR,,,,field,public static final SoundEffect
wi,eq,field_187608_cH,BLOCK_IRON_DOOR_CLOSE,,,,field,public static final SoundEffect
wi,er,field_187611_cI,BLOCK_IRON_DOOR_OPEN,,,,field,public static final SoundEffect
wi,es,field_187596_cD,ENTITY_IRON_GOLEM_ATTACK,,,,field,public static final SoundEffect
wi,et,field_187599_cE,ENTITY_IRON_GOLEM_DEATH,,,,field,public static final SoundEffect
wi,eu,field_187602_cF,ENTITY_IRON_GOLEM_HURT,,,,field,public static final SoundEffect
wi,ev,field_187605_cG,ENTITY_IRON_GOLEM_STEP,,,,field,public static final SoundEffect
wi,ew,field_187614_cJ,BLOCK_IRON_TRAPDOOR_CLOSE,,,,field,public static final SoundEffect
wi,ex,field_187617_cK,BLOCK_IRON_TRAPDOOR_OPEN,,,,field,public static final SoundEffect
wi,ey,field_187620_cL,ENTITY_ITEM_FRAME_ADD_ITEM,,,,field,public static final SoundEffect
wi,ez,field_187623_cM,ENTITY_ITEM_FRAME_BREAK,,,,field,public static final SoundEffect
wi,eA,field_187626_cN,ENTITY_ITEM_FRAME_PLACE,,,,field,public static final SoundEffect
wi,eB,field_187629_cO,ENTITY_ITEM_FRAME_REMOVE_ITEM,,,,field,public static final SoundEffect
wi,eC,field_187632_cP,ENTITY_ITEM_FRAME_ROTATE_ITEM,,,,field,public static final SoundEffect
wi,eD,field_187635_cQ,ENTITY_ITEM_BREAK,,,,field,public static final SoundEffect
wi,eE,field_187638_cR,ENTITY_ITEM_PICKUP,,,,field,public static final SoundEffect
wi,eF,field_187641_cS,BLOCK_LADDER_BREAK,,,,field,public static final SoundEffect
wi,eG,field_187644_cT,BLOCK_LADDER_FALL,,,,field,public static final SoundEffect
wi,eH,field_187647_cU,BLOCK_LADDER_HIT,,,,field,public static final SoundEffect
wi,eI,field_187650_cV,BLOCK_LADDER_PLACE,,,,field,public static final SoundEffect
wi,eJ,field_187653_cW,BLOCK_LADDER_STEP,,,,field,public static final SoundEffect
wi,eK,field_187656_cX,BLOCK_LAVA_AMBIENT,,,,field,public static final SoundEffect
wi,eL,field_187659_cY,BLOCK_LAVA_EXTINGUISH,,,,field,public static final SoundEffect
wi,eM,field_187662_cZ,BLOCK_LAVA_POP,,,,field,public static final SoundEffect
wi,eN,field_187746_da,ENTITY_LEASH_KNOT_BREAK,,,,field,public static final SoundEffect
wi,eO,field_187748_db,ENTITY_LEASH_KNOT_PLACE,,,,field,public static final SoundEffect
wi,eP,field_187750_dc,BLOCK_LEVER_CLICK,,,,field,public static final SoundEffect
wi,eQ,field_187752_dd,ENTITY_LIGHTNING_BOLT_IMPACT,,,,field,public static final SoundEffect
wi,eR,field_187754_de,ENTITY_LIGHTNING_BOLT_THUNDER,,,,field,public static final SoundEffect
wi,eS,field_187756_df,ENTITY_LINGERING_POTION_THROW,,,,field,public static final SoundEffect
wi,eT,field_191260_dz,ENTITY_LLAMA_AMBIENT,,,,field,public static final SoundEffect
wi,eU,field_191250_dA,ENTITY_LLAMA_ANGRY,,,,field,public static final SoundEffect
wi,eV,field_191251_dB,ENTITY_LLAMA_CHEST,,,,field,public static final SoundEffect
wi,eW,field_191252_dC,ENTITY_LLAMA_DEATH,,,,field,public static final SoundEffect
wi,eX,field_191253_dD,ENTITY_LLAMA_EAT,,,,field,public static final SoundEffect
wi,eY,field_191254_dE,ENTITY_LLAMA_HURT,,,,field,public static final SoundEffect
wi,eZ,field_191255_dF,ENTITY_LLAMA_SPIT,,,,field,public static final SoundEffect
wi,fa,field_191256_dG,ENTITY_LLAMA_STEP,,,,field,public static final SoundEffect
wi,fb,field_191257_dH,ENTITY_LLAMA_SWAG,,,,field,public static final SoundEffect
wi,fc,field_187758_dg,ENTITY_MAGMA_CUBE_DEATH,,,,field,public static final SoundEffect
wi,fd,field_187760_dh,ENTITY_MAGMA_CUBE_HURT,,,,field,public static final SoundEffect
wi,fe,field_187762_di,ENTITY_MAGMA_CUBE_JUMP,,,,field,public static final SoundEffect
wi,ff,field_187764_dj,ENTITY_MAGMA_CUBE_SQUISH,,,,field,public static final SoundEffect
wi,fg,field_187766_dk,BLOCK_METAL_BREAK,,,,field,public static final SoundEffect
wi,fh,field_187768_dl,BLOCK_METAL_FALL,,,,field,public static final SoundEffect
wi,fi,field_187770_dm,BLOCK_METAL_HIT,,,,field,public static final SoundEffect
wi,fj,field_187772_dn,BLOCK_METAL_PLACE,,,,field,public static final SoundEffect
wi,fk,field_187774_do,BLOCK_METAL_PRESSURE_PLATE_CLICK_OFF,,,,field,public static final SoundEffect
wi,fl,field_187776_dp,BLOCK_METAL_PRESSURE_PLATE_CLICK_ON,,,,field,public static final SoundEffect
wi,fm,field_187778_dq,BLOCK_METAL_STEP,,,,field,public static final SoundEffect
wi,fn,field_187780_dr,ENTITY_MINECART_INSIDE,,,,field,public static final SoundEffect
wi,fo,field_187782_ds,ENTITY_MINECART_RIDING,,,,field,public static final SoundEffect
wi,fp,field_187784_dt,ENTITY_MOOSHROOM_SHEAR,,,,field,public static final SoundEffect
wi,fq,field_187786_du,ENTITY_MULE_AMBIENT,,,,field,public static final SoundEffect
wi,fr,field_191259_dX,ENTITY_MULE_CHEST,,,,field,public static final SoundEffect
wi,fs,field_187788_dv,ENTITY_MULE_DEATH,,,,field,public static final SoundEffect
wi,ft,field_187790_dw,ENTITY_MULE_HURT,,,,field,public static final SoundEffect
wi,fu,field_187792_dx,MUSIC_CREATIVE,,,,field,public static final SoundEffect
wi,fv,field_187794_dy,MUSIC_CREDITS,,,,field,public static final SoundEffect
wi,fw,field_187796_dz,MUSIC_DRAGON,,,,field,public static final SoundEffect
wi,fx,field_187667_dA,MUSIC_END,,,,field,public static final SoundEffect
wi,fy,field_187669_dB,MUSIC_GAME,,,,field,public static final SoundEffect
wi,fz,field_187671_dC,MUSIC_MENU,,,,field,public static final SoundEffect
wi,fA,field_187673_dD,MUSIC_NETHER,,,,field,public static final SoundEffect
wi,fB,field_209163_fp,MUSIC_UNDER_WATER,,,,field,public static final SoundEffect
wi,fC,field_187676_dE,BLOCK_NOTE_BLOCK_BASEDRUM,,,,field,public static final SoundEffect
wi,fD,field_187679_dF,BLOCK_NOTE_BLOCK_BASS,,,,field,public static final SoundEffect
wi,fE,field_193807_ew,BLOCK_NOTE_BLOCK_BELL,,,,field,public static final SoundEffect
wi,fF,field_193808_ex,BLOCK_NOTE_BLOCK_CHIME,,,,field,public static final SoundEffect
wi,fG,field_193809_ey,BLOCK_NOTE_BLOCK_FLUTE,,,,field,public static final SoundEffect
wi,fH,field_193810_ez,BLOCK_NOTE_BLOCK_GUITAR,,,,field,public static final SoundEffect
wi,fI,field_187682_dG,BLOCK_NOTE_BLOCK_HARP,,,,field,public static final SoundEffect
wi,fJ,field_187685_dH,BLOCK_NOTE_BLOCK_HAT,,,,field,public static final SoundEffect
wi,fK,field_189107_dL,BLOCK_NOTE_BLOCK_PLING,,,,field,public static final SoundEffect
wi,fL,field_187688_dI,BLOCK_NOTE_BLOCK_SNARE,,,,field,public static final SoundEffect
wi,fM,field_193785_eE,BLOCK_NOTE_BLOCK_XYLOPHONE,,,,field,public static final SoundEffect
wi,fN,field_187691_dJ,ENTITY_PAINTING_BREAK,,,,field,public static final SoundEffect
wi,fO,field_187694_dK,ENTITY_PAINTING_PLACE,,,,field,public static final SoundEffect
wi,fP,field_192792_ep,ENTITY_PARROT_AMBIENT,,,,field,public static final SoundEffect
wi,fQ,field_192793_eq,ENTITY_PARROT_DEATH,,,,field,public static final SoundEffect
wi,fR,field_192797_eu,ENTITY_PARROT_EAT,,,,field,public static final SoundEffect
wi,fS,field_192796_et,ENTITY_PARROT_FLY,,,,field,public static final SoundEffect
wi,fT,field_192794_er,ENTITY_PARROT_HURT,,,,field,public static final SoundEffect
wi,fU,field_193791_eM,ENTITY_PARROT_IMITATE_BLAZE,,,,field,public static final SoundEffect
wi,fV,field_193792_eN,ENTITY_PARROT_IMITATE_CREEPER,,,,field,public static final SoundEffect
wi,fW,field_206942_fI,ENTITY_PARROT_IMITATE_DROWNED,,,,field,public static final SoundEffect
wi,fX,field_193793_eO,ENTITY_PARROT_IMITATE_ELDER_GUARDIAN,,,,field,public static final SoundEffect
wi,fY,field_193794_eP,ENTITY_PARROT_IMITATE_ENDER_DRAGON,,,,field,public static final SoundEffect
wi,fZ,field_193795_eQ,ENTITY_PARROT_IMITATE_ENDERMAN,,,,field,public static final SoundEffect
wi,ga,field_193796_eR,ENTITY_PARROT_IMITATE_ENDERMITE,,,,field,public static final SoundEffect
wi,gb,field_193797_eS,ENTITY_PARROT_IMITATE_EVOKER,,,,field,public static final SoundEffect
wi,gc,field_193798_eT,ENTITY_PARROT_IMITATE_GHAST,,,,field,public static final SoundEffect
wi,gd,field_193799_eU,ENTITY_PARROT_IMITATE_HUSK,,,,field,public static final SoundEffect
wi,ge,field_193800_eV,ENTITY_PARROT_IMITATE_ILLUSIONER,,,,field,public static final SoundEffect
wi,gf,field_193801_eW,ENTITY_PARROT_IMITATE_MAGMA_CUBE,,,,field,public static final SoundEffect
wi,gg,field_206943_fS,ENTITY_PARROT_IMITATE_PHANTOM,,,,field,public static final SoundEffect
wi,gh,field_193802_eX,ENTITY_PARROT_IMITATE_POLAR_BEAR,,,,field,public static final SoundEffect
wi,gi,field_193803_eY,ENTITY_PARROT_IMITATE_SHULKER,,,,field,public static final SoundEffect
wi,gj,field_193804_eZ,ENTITY_PARROT_IMITATE_SILVERFISH,,,,field,public static final SoundEffect
wi,gk,field_193811_fa,ENTITY_PARROT_IMITATE_SKELETON,,,,field,public static final SoundEffect
wi,gl,field_193812_fb,ENTITY_PARROT_IMITATE_SLIME,,,,field,public static final SoundEffect
wi,gm,field_193813_fc,ENTITY_PARROT_IMITATE_SPIDER,,,,field,public static final SoundEffect
wi,gn,field_193814_fd,ENTITY_PARROT_IMITATE_STRAY,,,,field,public static final SoundEffect
wi,go,field_193815_fe,ENTITY_PARROT_IMITATE_VEX,,,,field,public static final SoundEffect
wi,gp,field_193816_ff,ENTITY_PARROT_IMITATE_VINDICATOR,,,,field,public static final SoundEffect
wi,gq,field_193817_fg,ENTITY_PARROT_IMITATE_WITCH,,,,field,public static final SoundEffect
wi,gr,field_193818_fh,ENTITY_PARROT_IMITATE_WITHER,,,,field,public static final SoundEffect
wi,gs,field_193819_fi,ENTITY_PARROT_IMITATE_WITHER_SKELETON,,,,field,public static final SoundEffect
wi,gt,field_193820_fj,ENTITY_PARROT_IMITATE_WOLF,,,,field,public static final SoundEffect
wi,gu,field_193821_fk,ENTITY_PARROT_IMITATE_ZOMBIE,,,,field,public static final SoundEffect
wi,gv,field_193822_fl,ENTITY_PARROT_IMITATE_ZOMBIE_PIGMAN,,,,field,public static final SoundEffect
wi,gw,field_193823_fm,ENTITY_PARROT_IMITATE_ZOMBIE_VILLAGER,,,,field,public static final SoundEffect
wi,gx,field_192795_es,ENTITY_PARROT_STEP,,,,field,public static final SoundEffect
wi,gy,field_203256_ft,ENTITY_PHANTOM_AMBIENT,,,,field,public static final SoundEffect
wi,gz,field_203257_fu,ENTITY_PHANTOM_BITE,,,,field,public static final SoundEffect
wi,gA,field_203258_fv,ENTITY_PHANTOM_DEATH,,,,field,public static final SoundEffect
wi,gB,field_206944_gn,ENTITY_PHANTOM_FLAP,,,,field,public static final SoundEffect
wi,gC,field_203259_fw,ENTITY_PHANTOM_HURT,,,,field,public static final SoundEffect
wi,gD,field_203260_fx,ENTITY_PHANTOM_SWOOP,,,,field,public static final SoundEffect
wi,gE,field_187697_dL,ENTITY_PIG_AMBIENT,,,,field,public static final SoundEffect
wi,gF,field_187700_dM,ENTITY_PIG_DEATH,,,,field,public static final SoundEffect
wi,gG,field_187703_dN,ENTITY_PIG_HURT,,,,field,public static final SoundEffect
wi,gH,field_187706_dO,ENTITY_PIG_SADDLE,,,,field,public static final SoundEffect
wi,gI,field_187709_dP,ENTITY_PIG_STEP,,,,field,public static final SoundEffect
wi,gJ,field_187712_dQ,BLOCK_PISTON_CONTRACT,,,,field,public static final SoundEffect
wi,gK,field_187715_dR,BLOCK_PISTON_EXTEND,,,,field,public static final SoundEffect
wi,gL,field_187718_dS,ENTITY_PLAYER_ATTACK_CRIT,,,,field,public static final SoundEffect
wi,gM,field_187721_dT,ENTITY_PLAYER_ATTACK_KNOCKBACK,,,,field,public static final SoundEffect
wi,gN,field_187724_dU,ENTITY_PLAYER_ATTACK_NODAMAGE,,,,field,public static final SoundEffect
wi,gO,field_187727_dV,ENTITY_PLAYER_ATTACK_STRONG,,,,field,public static final SoundEffect
wi,gP,field_187730_dW,ENTITY_PLAYER_ATTACK_SWEEP,,,,field,public static final SoundEffect
wi,gQ,field_187733_dX,ENTITY_PLAYER_ATTACK_WEAK,,,,field,public static final SoundEffect
wi,gR,field_187736_dY,ENTITY_PLAYER_BIG_FALL,,,,field,public static final SoundEffect
wi,gS,field_189109_ed,ENTITY_PLAYER_BREATH,,,,field,public static final SoundEffect
wi,gT,field_187739_dZ,ENTITY_PLAYER_BURP,,,,field,public static final SoundEffect
wi,gU,field_187798_ea,ENTITY_PLAYER_DEATH,,,,field,public static final SoundEffect
wi,gV,field_187800_eb,ENTITY_PLAYER_HURT,,,,field,public static final SoundEffect
wi,gW,field_193805_fG,ENTITY_PLAYER_HURT_DROWN,,,,field,public static final SoundEffect
wi,gX,field_193806_fH,ENTITY_PLAYER_HURT_ON_FIRE,,,,field,public static final SoundEffect
wi,gY,field_187802_ec,ENTITY_PLAYER_LEVELUP,,,,field,public static final SoundEffect
wi,gZ,field_187804_ed,ENTITY_PLAYER_SMALL_FALL,,,,field,public static final SoundEffect
wi,ha,field_187806_ee,ENTITY_PLAYER_SPLASH,,,,field,public static final SoundEffect
wi,hb,field_204328_gh,ENTITY_PLAYER_SPLASH_HIGH_SPEED,,,,field,public static final SoundEffect
wi,hc,field_187808_ef,ENTITY_PLAYER_SWIM,,,,field,public static final SoundEffect
wi,hd,field_190026_er,ENTITY_POLAR_BEAR_AMBIENT,,,,field,public static final SoundEffect
wi,he,field_190027_es,ENTITY_POLAR_BEAR_AMBIENT_BABY,,,,field,public static final SoundEffect
wi,hf,field_190028_et,ENTITY_POLAR_BEAR_DEATH,,,,field,public static final SoundEffect
wi,hg,field_190029_eu,ENTITY_POLAR_BEAR_HURT,,,,field,public static final SoundEffect
wi,hh,field_190030_ev,ENTITY_POLAR_BEAR_STEP,,,,field,public static final SoundEffect
wi,hi,field_190031_ew,ENTITY_POLAR_BEAR_WARNING,,,,field,public static final SoundEffect
wi,hj,field_187810_eg,BLOCK_PORTAL_AMBIENT,,,,field,public static final SoundEffect
wi,hk,field_187812_eh,BLOCK_PORTAL_TRAVEL,,,,field,public static final SoundEffect
wi,hl,field_187814_ei,BLOCK_PORTAL_TRIGGER,,,,field,public static final SoundEffect
wi,hm,field_203824_gm,ENTITY_PUFFER_FISH_AMBIENT,,,,field,public static final SoundEffect
wi,hn,field_203825_gn,ENTITY_PUFFER_FISH_BLOW_OUT,,,,field,public static final SoundEffect
wi,ho,field_203826_go,ENTITY_PUFFER_FISH_BLOW_UP,,,,field,public static final SoundEffect
wi,hp,field_203827_gp,ENTITY_PUFFER_FISH_DEATH,,,,field,public static final SoundEffect
wi,hq,field_203828_gq,ENTITY_PUFFER_FISH_FLOP,,,,field,public static final SoundEffect
wi,hr,field_203829_gr,ENTITY_PUFFER_FISH_HURT,,,,field,public static final SoundEffect
wi,hs,field_203830_gs,ENTITY_PUFFER_FISH_STING,,,,field,public static final SoundEffect
wi,ht,field_199059_fV,BLOCK_PUMPKIN_CARVE,,,,field,public static final SoundEffect
wi,hu,field_187816_ej,ENTITY_RABBIT_AMBIENT,,,,field,public static final SoundEffect
wi,hv,field_187818_ek,ENTITY_RABBIT_ATTACK,,,,field,public static final SoundEffect
wi,hw,field_187820_el,ENTITY_RABBIT_DEATH,,,,field,public static final SoundEffect
wi,hx,field_187822_em,ENTITY_RABBIT_HURT,,,,field,public static final SoundEffect
wi,hy,field_187824_en,ENTITY_RABBIT_JUMP,,,,field,public static final SoundEffect
wi,hz,field_187826_eo,MUSIC_DISC_11,,,,field,public static final SoundEffect
wi,hA,field_187828_ep,MUSIC_DISC_13,,,,field,public static final SoundEffect
wi,hB,field_187830_eq,MUSIC_DISC_BLOCKS,,,,field,public static final SoundEffect
wi,hC,field_187832_er,MUSIC_DISC_CAT,,,,field,public static final SoundEffect
wi,hD,field_187834_es,MUSIC_DISC_CHIRP,,,,field,public static final SoundEffect
wi,hE,field_187836_et,MUSIC_DISC_FAR,,,,field,public static final SoundEffect
wi,hF,field_187838_eu,MUSIC_DISC_MALL,,,,field,public static final SoundEffect
wi,hG,field_187840_ev,MUSIC_DISC_MELLOHI,,,,field,public static final SoundEffect
wi,hH,field_187842_ew,MUSIC_DISC_STAL,,,,field,public static final SoundEffect
wi,hI,field_187844_ex,MUSIC_DISC_STRAD,,,,field,public static final SoundEffect
wi,hJ,field_187846_ey,MUSIC_DISC_WAIT,,,,field,public static final SoundEffect
wi,hK,field_187848_ez,MUSIC_DISC_WARD,,,,field,public static final SoundEffect
wi,hL,field_187745_eA,BLOCK_REDSTONE_TORCH_BURNOUT,,,,field,public static final SoundEffect
wi,hM,field_203820_gM,ENTITY_SALMON_AMBIENT,,,,field,public static final SoundEffect
wi,hN,field_203821_gN,ENTITY_SALMON_DEATH,,,,field,public static final SoundEffect
wi,hO,field_203822_gO,ENTITY_SALMON_FLOP,,,,field,public static final SoundEffect
wi,hP,field_203823_gP,ENTITY_SALMON_HURT,,,,field,public static final SoundEffect
wi,hQ,field_187747_eB,BLOCK_SAND_BREAK,,,,field,public static final SoundEffect
wi,hR,field_187749_eC,BLOCK_SAND_FALL,,,,field,public static final SoundEffect
wi,hS,field_187751_eD,BLOCK_SAND_HIT,,,,field,public static final SoundEffect
wi,hT,field_187753_eE,BLOCK_SAND_PLACE,,,,field,public static final SoundEffect
wi,hU,field_187755_eF,BLOCK_SAND_STEP,,,,field,public static final SoundEffect
wi,hV,field_187757_eG,ENTITY_SHEEP_AMBIENT,,,,field,public static final SoundEffect
wi,hW,field_187759_eH,ENTITY_SHEEP_DEATH,,,,field,public static final SoundEffect
wi,hX,field_187761_eI,ENTITY_SHEEP_HURT,,,,field,public static final SoundEffect
wi,hY,field_187763_eJ,ENTITY_SHEEP_SHEAR,,,,field,public static final SoundEffect
wi,hZ,field_187765_eK,ENTITY_SHEEP_STEP,,,,field,public static final SoundEffect
wi,ia,field_187767_eL,ITEM_SHIELD_BLOCK,,,,field,public static final SoundEffect
wi,ib,field_187769_eM,ITEM_SHIELD_BREAK,,,,field,public static final SoundEffect
wi,ic,field_187771_eN,ITEM_SHOVEL_FLATTEN,,,,field,public static final SoundEffect
wi,id,field_187773_eO,ENTITY_SHULKER_AMBIENT,,,,field,public static final SoundEffect
wi,ie,field_191261_fA,BLOCK_SHULKER_BOX_CLOSE,,,,field,public static final SoundEffect
wi,if,field_191262_fB,BLOCK_SHULKER_BOX_OPEN,,,,field,public static final SoundEffect
wi,ig,field_187775_eP,ENTITY_SHULKER_BULLET_HIT,,,,field,public static final SoundEffect
wi,ih,field_187777_eQ,ENTITY_SHULKER_BULLET_HURT,,,,field,public static final SoundEffect
wi,ii,field_187779_eR,ENTITY_SHULKER_CLOSE,,,,field,public static final SoundEffect
wi,ij,field_187781_eS,ENTITY_SHULKER_DEATH,,,,field,public static final SoundEffect
wi,ik,field_187783_eT,ENTITY_SHULKER_HURT,,,,field,public static final SoundEffect
wi,il,field_187785_eU,ENTITY_SHULKER_HURT_CLOSED,,,,field,public static final SoundEffect
wi,im,field_187787_eV,ENTITY_SHULKER_OPEN,,,,field,public static final SoundEffect
wi,in,field_187789_eW,ENTITY_SHULKER_SHOOT,,,,field,public static final SoundEffect
wi,io,field_187791_eX,ENTITY_SHULKER_TELEPORT,,,,field,public static final SoundEffect
wi,ip,field_187793_eY,ENTITY_SILVERFISH_AMBIENT,,,,field,public static final SoundEffect
wi,iq,field_187795_eZ,ENTITY_SILVERFISH_DEATH,,,,field,public static final SoundEffect
wi,ir,field_187850_fa,ENTITY_SILVERFISH_HURT,,,,field,public static final SoundEffect
wi,is,field_187852_fb,ENTITY_SILVERFISH_STEP,,,,field,public static final SoundEffect
wi,it,field_187854_fc,ENTITY_SKELETON_AMBIENT,,,,field,public static final SoundEffect
wi,iu,field_187856_fd,ENTITY_SKELETON_DEATH,,,,field,public static final SoundEffect
wi,iv,field_187858_fe,ENTITY_SKELETON_HORSE_AMBIENT,,,,field,public static final SoundEffect
wi,iw,field_187860_ff,ENTITY_SKELETON_HORSE_DEATH,,,,field,public static final SoundEffect
wi,ix,field_187862_fg,ENTITY_SKELETON_HORSE_HURT,,,,field,public static final SoundEffect
wi,iy,field_206945_ik,ENTITY_SKELETON_HORSE_SWIM,,,,field,public static final SoundEffect
wi,iz,field_206946_il,ENTITY_SKELETON_HORSE_AMBIENT_WATER,,,,field,public static final SoundEffect
wi,iA,field_206947_im,ENTITY_SKELETON_HORSE_GALLOP_WATER,,,,field,public static final SoundEffect
wi,iB,field_206948_in,ENTITY_SKELETON_HORSE_JUMP_WATER,,,,field,public static final SoundEffect
wi,iC,field_206949_io,ENTITY_SKELETON_HORSE_STEP_WATER,,,,field,public static final SoundEffect
wi,iD,field_187864_fh,ENTITY_SKELETON_HURT,,,,field,public static final SoundEffect
wi,iE,field_187866_fi,ENTITY_SKELETON_SHOOT,,,,field,public static final SoundEffect
wi,iF,field_187868_fj,ENTITY_SKELETON_STEP,,,,field,public static final SoundEffect
wi,iG,field_187870_fk,ENTITY_SLIME_ATTACK,,,,field,public static final SoundEffect
wi,iH,field_187874_fm,ENTITY_SLIME_DEATH,,,,field,public static final SoundEffect
wi,iI,field_187880_fp,ENTITY_SLIME_HURT,,,,field,public static final SoundEffect
wi,iJ,field_187882_fq,ENTITY_SLIME_JUMP,,,,field,public static final SoundEffect
wi,iK,field_187886_fs,ENTITY_SLIME_SQUISH,,,,field,public static final SoundEffect
wi,iL,field_187872_fl,BLOCK_SLIME_BLOCK_BREAK,,,,field,public static final SoundEffect
wi,iM,field_187876_fn,BLOCK_SLIME_BLOCK_FALL,,,,field,public static final SoundEffect
wi,iN,field_187878_fo,BLOCK_SLIME_BLOCK_HIT,,,,field,public static final SoundEffect
wi,iO,field_187884_fr,BLOCK_SLIME_BLOCK_PLACE,,,,field,public static final SoundEffect
wi,iP,field_187888_ft,BLOCK_SLIME_BLOCK_STEP,,,,field,public static final SoundEffect
wi,iQ,field_187890_fu,ENTITY_MAGMA_CUBE_DEATH_SMALL,,,,field,public static final SoundEffect
wi,iR,field_187892_fv,ENTITY_MAGMA_CUBE_HURT_SMALL,,,,field,public static final SoundEffect
wi,iS,field_187894_fw,ENTITY_MAGMA_CUBE_SQUISH_SMALL,,,,field,public static final SoundEffect
wi,iT,field_187896_fx,ENTITY_SLIME_DEATH_SMALL,,,,field,public static final SoundEffect
wi,iU,field_187898_fy,ENTITY_SLIME_HURT_SMALL,,,,field,public static final SoundEffect
wi,iV,field_189110_fE,ENTITY_SLIME_JUMP_SMALL,,,,field,public static final SoundEffect
wi,iW,field_187900_fz,ENTITY_SLIME_SQUISH_SMALL,,,,field,public static final SoundEffect
wi,iX,field_187797_fA,ENTITY_SNOWBALL_THROW,,,,field,public static final SoundEffect
wi,iY,field_187807_fF,BLOCK_SNOW_BREAK,,,,field,public static final SoundEffect
wi,iZ,field_187809_fG,BLOCK_SNOW_FALL,,,,field,public static final SoundEffect
wi,ja,field_187799_fB,ENTITY_SNOW_GOLEM_AMBIENT,,,,field,public static final SoundEffect
wi,jb,field_187801_fC,ENTITY_SNOW_GOLEM_DEATH,,,,field,public static final SoundEffect
wi,jc,field_187803_fD,ENTITY_SNOW_GOLEM_HURT,,,,field,public static final SoundEffect
wi,jd,field_187805_fE,ENTITY_SNOW_GOLEM_SHOOT,,,,field,public static final SoundEffect
wi,je,field_187811_fH,BLOCK_SNOW_HIT,,,,field,public static final SoundEffect
wi,jf,field_187813_fI,BLOCK_SNOW_PLACE,,,,field,public static final SoundEffect
wi,jg,field_187815_fJ,BLOCK_SNOW_STEP,,,,field,public static final SoundEffect
wi,jh,field_187817_fK,ENTITY_SPIDER_AMBIENT,,,,field,public static final SoundEffect
wi,ji,field_187819_fL,ENTITY_SPIDER_DEATH,,,,field,public static final SoundEffect
wi,jj,field_187821_fM,ENTITY_SPIDER_HURT,,,,field,public static final SoundEffect
wi,jk,field_187823_fN,ENTITY_SPIDER_STEP,,,,field,public static final SoundEffect
wi,jl,field_187825_fO,ENTITY_SPLASH_POTION_BREAK,,,,field,public static final SoundEffect
wi,jm,field_187827_fP,ENTITY_SPLASH_POTION_THROW,,,,field,public static final SoundEffect
wi,jn,field_187829_fQ,ENTITY_SQUID_AMBIENT,,,,field,public static final SoundEffect
wi,jo,field_187831_fR,ENTITY_SQUID_DEATH,,,,field,public static final SoundEffect
wi,jp,field_187833_fS,ENTITY_SQUID_HURT,,,,field,public static final SoundEffect
wi,jq,field_203639_hT,ENTITY_SQUID_SQUIRT,,,,field,public static final SoundEffect
wi,jr,field_187835_fT,BLOCK_STONE_BREAK,,,,field,public static final SoundEffect
wi,js,field_187837_fU,BLOCK_STONE_BUTTON_CLICK_OFF,,,,field,public static final SoundEffect
wi,jt,field_187839_fV,BLOCK_STONE_BUTTON_CLICK_ON,,,,field,public static final SoundEffect
wi,ju,field_187841_fW,BLOCK_STONE_FALL,,,,field,public static final SoundEffect
wi,jv,field_187843_fX,BLOCK_STONE_HIT,,,,field,public static final SoundEffect
wi,jw,field_187845_fY,BLOCK_STONE_PLACE,,,,field,public static final SoundEffect
wi,jx,field_187847_fZ,BLOCK_STONE_PRESSURE_PLATE_CLICK_OFF,,,,field,public static final SoundEffect
wi,jy,field_187901_ga,BLOCK_STONE_PRESSURE_PLATE_CLICK_ON,,,,field,public static final SoundEffect
wi,jz,field_187902_gb,BLOCK_STONE_STEP,,,,field,public static final SoundEffect
wi,jA,field_190032_gu,ENTITY_STRAY_AMBIENT,,,,field,public static final SoundEffect
wi,jB,field_190033_gv,ENTITY_STRAY_DEATH,,,,field,public static final SoundEffect
wi,jC,field_190034_gw,ENTITY_STRAY_HURT,,,,field,public static final SoundEffect
wi,jD,field_190035_gx,ENTITY_STRAY_STEP,,,,field,public static final SoundEffect
wi,jE,field_187903_gc,ENCHANT_THORNS_HIT,,,,field,public static final SoundEffect
wi,jF,field_187904_gd,ENTITY_TNT_PRIMED,,,,field,public static final SoundEffect
wi,jG,field_191263_gW,ITEM_TOTEM_USE,,,,field,public static final SoundEffect
wi,jH,field_203268_ij,ITEM_TRIDENT_HIT,,,,field,public static final SoundEffect
wi,jI,field_203269_ik,ITEM_TRIDENT_HIT_GROUND,,,,field,public static final SoundEffect
wi,jJ,field_203270_il,ITEM_TRIDENT_RETURN,,,,field,public static final SoundEffect
wi,jK,field_203271_im,ITEM_TRIDENT_RIPTIDE_1,,,,field,public static final SoundEffect
wi,jL,field_203272_in,ITEM_TRIDENT_RIPTIDE_2,,,,field,public static final SoundEffect
wi,jM,field_203273_io,ITEM_TRIDENT_RIPTIDE_3,,,,field,public static final SoundEffect
wi,jN,field_203274_ip,ITEM_TRIDENT_THROW,,,,field,public static final SoundEffect
wi,jO,field_203275_iq,ITEM_TRIDENT_THUNDER,,,,field,public static final SoundEffect
wi,jP,field_187905_ge,BLOCK_TRIPWIRE_ATTACH,,,,field,public static final SoundEffect
wi,jQ,field_187906_gf,BLOCK_TRIPWIRE_CLICK_OFF,,,,field,public static final SoundEffect
wi,jR,field_187907_gg,BLOCK_TRIPWIRE_CLICK_ON,,,,field,public static final SoundEffect
wi,jS,field_187908_gh,BLOCK_TRIPWIRE_DETACH,,,,field,public static final SoundEffect
wi,jT,field_204411_iV,ENTITY_TROPICAL_FISH_AMBIENT,,,,field,public static final SoundEffect
wi,jU,field_204412_iW,ENTITY_TROPICAL_FISH_DEATH,,,,field,public static final SoundEffect
wi,jV,field_204413_iX,ENTITY_TROPICAL_FISH_FLOP,,,,field,public static final SoundEffect
wi,jW,field_204414_iY,ENTITY_TROPICAL_FISH_HURT,,,,field,public static final SoundEffect
wi,jX,field_203277_iv,ENTITY_TURTLE_AMBIENT_LAND,,,,field,public static final SoundEffect
wi,jY,field_203263_iC,ENTITY_TURTLE_DEATH,,,,field,public static final SoundEffect
wi,jZ,field_203264_iD,ENTITY_TURTLE_DEATH_BABY,,,,field,public static final SoundEffect
wi,ka,field_203281_iz,ENTITY_TURTLE_EGG_BREAK,,,,field,public static final SoundEffect
wi,kb,field_203280_iy,ENTITY_TURTLE_EGG_CRACK,,,,field,public static final SoundEffect
wi,kc,field_203279_ix,ENTITY_TURTLE_EGG_HATCH,,,,field,public static final SoundEffect
wi,kd,field_203261_iA,ENTITY_TURTLE_HURT,,,,field,public static final SoundEffect
wi,ke,field_203262_iB,ENTITY_TURTLE_HURT_BABY,,,,field,public static final SoundEffect
wi,kf,field_203278_iw,ENTITY_TURTLE_LAY_EGG,,,,field,public static final SoundEffect
wi,kg,field_203266_iF,ENTITY_TURTLE_SHAMBLE,,,,field,public static final SoundEffect
wi,kh,field_203267_iG,ENTITY_TURTLE_SHAMBLE_BABY,,,,field,public static final SoundEffect
wi,ki,field_203265_iE,ENTITY_TURTLE_SWIM,,,,field,public static final SoundEffect
wi,kj,field_187909_gi,UI_BUTTON_CLICK,,,,field,public static final SoundEffect
wi,kk,field_194228_if,UI_TOAST_CHALLENGE_COMPLETE,,,,field,public static final SoundEffect
wi,kl,field_194226_id,UI_TOAST_IN,,,,field,public static final SoundEffect
wi,km,field_194227_ie,UI_TOAST_OUT,,,,field,public static final SoundEffect
wi,kn,field_191264_hc,ENTITY_VEX_AMBIENT,,,,field,public static final SoundEffect
wi,ko,field_191265_hd,ENTITY_VEX_CHARGE,,,,field,public static final SoundEffect
wi,kp,field_191266_he,ENTITY_VEX_DEATH,,,,field,public static final SoundEffect
wi,kq,field_191267_hf,ENTITY_VEX_HURT,,,,field,public static final SoundEffect
wi,kr,field_187910_gj,ENTITY_VILLAGER_AMBIENT,,,,field,public static final SoundEffect
wi,ks,field_187911_gk,ENTITY_VILLAGER_DEATH,,,,field,public static final SoundEffect
wi,kt,field_187912_gl,ENTITY_VILLAGER_HURT,,,,field,public static final SoundEffect
wi,ku,field_187913_gm,ENTITY_VILLAGER_NO,,,,field,public static final SoundEffect
wi,kv,field_187914_gn,ENTITY_VILLAGER_TRADE,,,,field,public static final SoundEffect
wi,kw,field_187915_go,ENTITY_VILLAGER_YES,,,,field,public static final SoundEffect
wi,kx,field_191268_hm,ENTITY_VINDICATOR_AMBIENT,,,,field,public static final SoundEffect
wi,ky,field_191269_hn,ENTITY_VINDICATOR_DEATH,,,,field,public static final SoundEffect
wi,kz,field_191270_ho,ENTITY_VINDICATOR_HURT,,,,field,public static final SoundEffect
wi,kA,field_187916_gp,BLOCK_LILY_PAD_PLACE,,,,field,public static final SoundEffect
wi,kB,field_187917_gq,BLOCK_WATER_AMBIENT,,,,field,public static final SoundEffect
wi,kC,field_187918_gr,WEATHER_RAIN,,,,field,public static final SoundEffect
wi,kD,field_187919_gs,WEATHER_RAIN_ABOVE,,,,field,public static final SoundEffect
wi,kE,field_187920_gt,ENTITY_WITCH_AMBIENT,,,,field,public static final SoundEffect
wi,kF,field_187921_gu,ENTITY_WITCH_DEATH,,,,field,public static final SoundEffect
wi,kG,field_187922_gv,ENTITY_WITCH_DRINK,,,,field,public static final SoundEffect
wi,kH,field_187923_gw,ENTITY_WITCH_HURT,,,,field,public static final SoundEffect
wi,kI,field_187924_gx,ENTITY_WITCH_THROW,,,,field,public static final SoundEffect
wi,kJ,field_187925_gy,ENTITY_WITHER_AMBIENT,,,,field,public static final SoundEffect
wi,kK,field_187926_gz,ENTITY_WITHER_BREAK_BLOCK,,,,field,public static final SoundEffect
wi,kL,field_187849_gA,ENTITY_WITHER_DEATH,,,,field,public static final SoundEffect
wi,kM,field_187851_gB,ENTITY_WITHER_HURT,,,,field,public static final SoundEffect
wi,kN,field_187853_gC,ENTITY_WITHER_SHOOT,,,,field,public static final SoundEffect
wi,kO,field_190036_ha,ENTITY_WITHER_SKELETON_AMBIENT,,,,field,public static final SoundEffect
wi,kP,field_190037_hb,ENTITY_WITHER_SKELETON_DEATH,,,,field,public static final SoundEffect
wi,kQ,field_190038_hc,ENTITY_WITHER_SKELETON_HURT,,,,field,public static final SoundEffect
wi,kR,field_190039_hd,ENTITY_WITHER_SKELETON_STEP,,,,field,public static final SoundEffect
wi,kS,field_187855_gD,ENTITY_WITHER_SPAWN,,,,field,public static final SoundEffect
wi,kT,field_187857_gE,ENTITY_WOLF_AMBIENT,,,,field,public static final SoundEffect
wi,kU,field_187859_gF,ENTITY_WOLF_DEATH,,,,field,public static final SoundEffect
wi,kV,field_187861_gG,ENTITY_WOLF_GROWL,,,,field,public static final SoundEffect
wi,kW,field_189111_gN,ENTITY_WOLF_HOWL,,,,field,public static final SoundEffect
wi,kX,field_187863_gH,ENTITY_WOLF_HURT,,,,field,public static final SoundEffect
wi,kY,field_187865_gI,ENTITY_WOLF_PANT,,,,field,public static final SoundEffect
wi,kZ,field_187867_gJ,ENTITY_WOLF_SHAKE,,,,field,public static final SoundEffect
wi,la,field_187869_gK,ENTITY_WOLF_STEP,,,,field,public static final SoundEffect
wi,lb,field_187871_gL,ENTITY_WOLF_WHINE,,,,field,public static final SoundEffect
wi,lc,field_187873_gM,BLOCK_WOODEN_DOOR_CLOSE,,,,field,public static final SoundEffect
wi,ld,field_187875_gN,BLOCK_WOODEN_DOOR_OPEN,,,,field,public static final SoundEffect
wi,le,field_187877_gO,BLOCK_WOODEN_TRAPDOOR_CLOSE,,,,field,public static final SoundEffect
wi,lf,field_187879_gP,BLOCK_WOODEN_TRAPDOOR_OPEN,,,,field,public static final SoundEffect
wi,lg,field_187881_gQ,BLOCK_WOOD_BREAK,,,,field,public static final SoundEffect
wi,lh,field_187883_gR,BLOCK_WOODEN_BUTTON_CLICK_OFF,,,,field,public static final SoundEffect
wi,li,field_187885_gS,BLOCK_WOODEN_BUTTON_CLICK_ON,,,,field,public static final SoundEffect
wi,lj,field_187887_gT,BLOCK_WOOD_FALL,,,,field,public static final SoundEffect
wi,lk,field_187889_gU,BLOCK_WOOD_HIT,,,,field,public static final SoundEffect
wi,ll,field_187891_gV,BLOCK_WOOD_PLACE,,,,field,public static final SoundEffect
wi,lm,field_187893_gW,BLOCK_WOODEN_PRESSURE_PLATE_CLICK_OFF,,,,field,public static final SoundEffect
wi,ln,field_187895_gX,BLOCK_WOODEN_PRESSURE_PLATE_CLICK_ON,,,,field,public static final SoundEffect
wi,lo,field_187897_gY,BLOCK_WOOD_STEP,,,,field,public static final SoundEffect
wi,lp,field_187899_gZ,ENTITY_ZOMBIE_AMBIENT,,,,field,public static final SoundEffect
wi,lq,field_187927_ha,ENTITY_ZOMBIE_ATTACK_WOODEN_DOOR,,,,field,public static final SoundEffect
wi,lr,field_187928_hb,ENTITY_ZOMBIE_ATTACK_IRON_DOOR,,,,field,public static final SoundEffect
wi,ls,field_187929_hc,ENTITY_ZOMBIE_BREAK_WOODEN_DOOR,,,,field,public static final SoundEffect
wi,lt,field_204783_kG,ENTITY_ZOMBIE_CONVERTED_TO_DROWNED,,,,field,public static final SoundEffect
wi,lu,field_187930_hd,ENTITY_ZOMBIE_DEATH,,,,field,public static final SoundEffect
wi,lv,field_203276_jU,ENTITY_ZOMBIE_DESTROY_EGG,,,,field,public static final SoundEffect
wi,lw,field_187931_he,ENTITY_ZOMBIE_HORSE_AMBIENT,,,,field,public static final SoundEffect
wi,lx,field_187932_hf,ENTITY_ZOMBIE_HORSE_DEATH,,,,field,public static final SoundEffect
wi,ly,field_187933_hg,ENTITY_ZOMBIE_HORSE_HURT,,,,field,public static final SoundEffect
wi,lz,field_187934_hh,ENTITY_ZOMBIE_HURT,,,,field,public static final SoundEffect
wi,lA,field_187945_hs,ENTITY_ZOMBIE_INFECT,,,,field,public static final SoundEffect
wi,lB,field_187935_hi,ENTITY_ZOMBIE_PIGMAN_AMBIENT,,,,field,public static final SoundEffect
wi,lC,field_187936_hj,ENTITY_ZOMBIE_PIGMAN_ANGRY,,,,field,public static final SoundEffect
wi,lD,field_187937_hk,ENTITY_ZOMBIE_PIGMAN_DEATH,,,,field,public static final SoundEffect
wi,lE,field_187938_hl,ENTITY_ZOMBIE_PIGMAN_HURT,,,,field,public static final SoundEffect
wi,lF,field_187939_hm,ENTITY_ZOMBIE_STEP,,,,field,public static final SoundEffect
wi,lG,field_187940_hn,ENTITY_ZOMBIE_VILLAGER_AMBIENT,,,,field,public static final SoundEffect
wi,lH,field_187941_ho,ENTITY_ZOMBIE_VILLAGER_CONVERTED,,,,field,public static final SoundEffect
wi,lI,field_187942_hp,ENTITY_ZOMBIE_VILLAGER_CURE,,,,field,public static final SoundEffect
wi,lJ,field_187943_hq,ENTITY_ZOMBIE_VILLAGER_DEATH,,,,field,public static final SoundEffect
wi,lK,field_187944_hr,ENTITY_ZOMBIE_VILLAGER_HURT,,,,field,public static final SoundEffect
wi,lL,field_187946_ht,ENTITY_ZOMBIE_VILLAGER_STEP,,,,field,public static final SoundEffect
wj,a,MASTER,MASTER,,,,enum,
wj,b,MUSIC,MUSIC,,,,enum,
wj,c,RECORDS,RECORDS,,,,enum,
wj,d,WEATHER,WEATHER,,,,enum,
wj,e,BLOCKS,BLOCKS,,,,enum,
wj,f,HOSTILE,HOSTILE,,,,enum,
wj,g,NEUTRAL,NEUTRAL,,,,enum,
wj,h,PLAYERS,PLAYERS,,,,enum,
wj,i,AMBIENT,AMBIENT,,,,enum,
wj,j,VOICE,VOICE,,,,enum,
wj,k,field_187961_k,,,,,field,"private static final Map<String, SoundCategory>"
wj,l,field_187962_l,,,,,field,private final String
wl,a,field_194077_a,,,,,field,protected final Set<MinecraftKey>
wl,b,field_194078_b,,,,,field,protected final Set<MinecraftKey>
wl,c,field_192818_b,,,,,field,protected boolean
wl,d,field_192819_c,,,,,field,protected boolean
wl,e,field_202885_e,,,,,field,protected boolean
wl,f,field_202886_f,,,,,field,protected boolean
wm,g,field_192828_d,,,,,field,private static final org.apache.logging.log4j.Logger
wm,h,field_199641_f,,,,,field,private final CraftingManager
wn,b,field_150889_b,,,,,field,private static final org.apache.logging.log4j.Logger
wn,c,field_150890_c,,,,,field,private final MinecraftServer
wn,d,field_150887_d,,,,,field,private final File
wn,e,field_150888_e,,,,,field,private final Set<Statistic<?>>
wn,f,field_150885_f,,,,,field,private int
wo,o,field_75976_b,,,,,field,private final Counter
wo,p,field_197922_p,,,,,field,private final T
wo,q,field_197923_q,,,,,field,private final StatisticWrapper<T>
wp,DECIMAL_FORMAT,DECIMAL_FORMAT,,,,,field,DecimalFormat
wp,DEFAULT,DEFAULT,,,,,field,Counter
wp,DIVIDE_BY_TEN,DIVIDE_BY_TEN,,,,,field,Counter
wp,DISTANCE,DISTANCE,,,,,field,Counter
wp,TIME,TIME,,,,,field,Counter
wq,a,field_199082_a,,,,,field,"private final RegistryMaterials<MinecraftKey, T>"
wq,b,field_199083_b,,,,,field,"private final Map<T, Statistic<T>>"
wr,a,field_199087_a,REGISTRY,,,,field,"public static final RegistryMaterials<MinecraftKey, StatisticWrapper<?>>"
wr,ak,field_199086_ai,REGISTRY_CUSTOM,,,,field,"private static final RegistryMaterials<MinecraftKey, MinecraftKey>"
wr,b,field_188065_ae,BLOCK_MINED,,,,field,public static final StatisticWrapper<Block>
wr,c,field_188066_af,ITEM_CRAFTED,,,,field,public static final StatisticWrapper<Item>
wr,d,field_75929_E,ITEM_USED,,,,field,public static final StatisticWrapper<Item>
wr,e,field_199088_e,ITEM_BROKEN,,,,field,public static final StatisticWrapper<Item>
wr,f,field_199089_f,ITEM_PICKED_UP,,,,field,public static final StatisticWrapper<Item>
wr,g,field_188068_aj,ITEM_DROPPED,,,,field,public static final StatisticWrapper<Item>
wr,h,field_199090_h,ENTITY_KILLED,,,,field,public static final StatisticWrapper<EntityTypes<?>>
wr,i,field_199091_i,ENTITY_KILLED_BY,,,,field,public static final StatisticWrapper<EntityTypes<?>>
wr,j,field_199092_j,CUSTOM,,,,field,public static final StatisticWrapper<MinecraftKey>
wr,k,field_75947_j,LEAVE_GAME,,,,field,public static final MinecraftKey
wr,l,field_188097_g,PLAY_ONE_MINUTE,,,,field,public static final MinecraftKey
wr,m,field_188098_h,TIME_SINCE_DEATH,,,,field,public static final MinecraftKey
wr,n,field_203284_n,,,,,field,public static final MinecraftKey
wr,o,field_188099_i,SNEAK_TIME,,,,field,public static final MinecraftKey
wr,p,field_188100_j,WALK_ONE_CM,,,,field,public static final MinecraftKey
wr,q,field_188101_k,CROUCH_ONE_CM,,,,field,public static final MinecraftKey
wr,r,field_188102_l,SPRINT_ONE_CM,,,,field,public static final MinecraftKey
wr,s,field_211755_s,WALK_ON_WATER_ONE_CM,,,,field,public static final MinecraftKey
wr,t,field_75943_n,FALL_ONE_CM,,,,field,public static final MinecraftKey
wr,u,field_188103_o,CLIMB_ONE_CM,,,,field,public static final MinecraftKey
wr,v,field_188104_p,FLY_ONE_CM,,,,field,public static final MinecraftKey
wr,w,field_211756_w,WALK_UNDER_WATER_ONE_CM,,,,field,public static final MinecraftKey
wr,x,field_188106_r,MINECART_ONE_CM,,,,field,public static final MinecraftKey
wr,y,field_188107_s,BOAT_ONE_CM,,,,field,public static final MinecraftKey
wr,z,field_188108_t,PIG_ONE_CM,,,,field,public static final MinecraftKey
wr,A,field_188109_u,HORSE_ONE_CM,,,,field,public static final MinecraftKey
wr,B,field_188110_v,AVIATE_ONE_CM,,,,field,public static final MinecraftKey
wr,C,field_75946_m,SWIM_ONE_CM,,,,field,public static final MinecraftKey
wr,D,field_75953_u,JUMP,,,,field,public static final MinecraftKey
wr,E,field_75952_v,DROP,,,,field,public static final MinecraftKey
wr,F,field_188111_y,DAMAGE_DEALT,,,,field,public static final MinecraftKey
wr,G,field_188112_z,DAMAGE_TAKEN,,,,field,public static final MinecraftKey
wr,H,field_188069_A,DEATHS,,,,field,public static final MinecraftKey
wr,I,field_188070_B,MOB_KILLS,,,,field,public static final MinecraftKey
wr,J,field_151186_x,ANIMALS_BRED,,,,field,public static final MinecraftKey
wr,K,field_75932_A,PLAYER_KILLS,,,,field,public static final MinecraftKey
wr,L,field_188071_E,FISH_CAUGHT,,,,field,public static final MinecraftKey
wr,M,field_188074_H,TALKED_TO_VILLAGER,,,,field,public static final MinecraftKey
wr,N,field_188075_I,TRADED_WITH_VILLAGER,,,,field,public static final MinecraftKey
wr,O,field_188076_J,EAT_CAKE_SLICE,,,,field,public static final MinecraftKey
wr,P,field_188077_K,FILL_CAULDRON,,,,field,public static final MinecraftKey
wr,Q,field_188078_L,USE_CAULDRON,,,,field,public static final MinecraftKey
wr,R,field_188079_M,CLEAN_ARMOR,,,,field,public static final MinecraftKey
wr,S,field_188080_N,CLEAN_BANNER,,,,field,public static final MinecraftKey
wr,T,field_188081_O,INTERACT_WITH_BREWINGSTAND,,,,field,public static final MinecraftKey
wr,U,field_188082_P,INTERACT_WITH_BEACON,,,,field,public static final MinecraftKey
wr,V,field_188083_Q,INSPECT_DROPPER,,,,field,public static final MinecraftKey
wr,W,field_188084_R,INSPECT_HOPPER,,,,field,public static final MinecraftKey
wr,X,field_188085_S,INSPECT_DISPENSER,,,,field,public static final MinecraftKey
wr,Y,field_188086_T,PLAY_NOTEBLOCK,,,,field,public static final MinecraftKey
wr,Z,field_188087_U,TUNE_NOTEBLOCK,,,,field,public static final MinecraftKey
wr,aa,field_188088_V,POT_FLOWER,,,,field,public static final MinecraftKey
wr,ab,field_188089_W,TRIGGER_TRAPPED_CHEST,,,,field,public static final MinecraftKey
wr,ac,field_188090_X,OPEN_ENDERCHEST,,,,field,public static final MinecraftKey
wr,ad,field_188091_Y,ENCHANT_ITEM,,,,field,public static final MinecraftKey
wr,ae,field_188092_Z,PLAY_RECORD,,,,field,public static final MinecraftKey
wr,af,field_188061_aa,INTERACT_WITH_FURNACE,,,,field,public static final MinecraftKey
wr,ag,field_188062_ab,INTERACT_WITH_CRAFTING_TABLE,,,,field,public static final MinecraftKey
wr,ah,field_188063_ac,OPEN_CHEST,,,,field,public static final MinecraftKey
wr,ai,field_188064_ad,SLEEP_IN_BED,,,,field,public static final MinecraftKey
wr,aj,field_191272_ae,OPEN_SHULKER_BOX,,,,field,public static final MinecraftKey
ws,a,field_150875_a,,,,,field,protected final it.unimi.dsi.fastutil.objects.Object2IntMap<Statistic<?>>
wu$a,a,field_199892_a,,,,,field,private int
wu$a,b,field_199893_b,,,,,field,private Tag<Block>
wu,K,field_199899_c,,,,,field,private static Tags<Block>
wu,L,field_199900_d,,,,,field,private static int
wu,a,field_199897_a,,,,,field,public static final Tag<Block>
wu,b,field_199898_b,,,,,field,public static final Tag<Block>
wu,c,field_200026_c,,,,,field,public static final Tag<Block>
wu,d,field_200151_d,,,,,field,public static final Tag<Block>
wu,e,field_200027_d,,,,,field,public static final Tag<Block>
wu,f,field_200028_e,,,,,field,public static final Tag<Block>
wu,g,field_200152_g,,,,,field,public static final Tag<Block>
wu,h,field_202894_h,,,,,field,public static final Tag<Block>
wu,i,field_202895_i,,,,,field,public static final Tag<Block>
wu,j,field_202896_j,,,,,field,public static final Tag<Block>
wu,k,field_212186_k,,,,,field,public static final Tag<Block>
wu,l,field_200029_f,,,,,field,public static final Tag<Block>
wu,m,field_200030_g,,,,,field,public static final Tag<Block>
wu,n,field_200031_h,,,,,field,public static final Tag<Block>
wu,o,field_203285_n,,,,,field,public static final Tag<Block>
wu,p,field_203286_o,,,,,field,public static final Tag<Block>
wu,q,field_203287_p,,,,,field,public static final Tag<Block>
wu,r,field_203288_q,,,,,field,public static final Tag<Block>
wu,s,field_203289_r,,,,,field,public static final Tag<Block>
wu,t,field_203290_s,,,,,field,public static final Tag<Block>
wu,u,field_202897_p,,,,,field,public static final Tag<Block>
wu,v,field_203436_u,,,,,field,public static final Tag<Block>
wu,w,field_203291_w,,,,,field,public static final Tag<Block>
wu,x,field_203292_x,,,,,field,public static final Tag<Block>
wu,y,field_200572_k,,,,,field,public static final Tag<Block>
wu,z,field_203437_y,,,,,field,public static final Tag<Block>
wu,A,field_205598_B,,,,,field,public static final Tag<Block>
wu,B,field_204116_z,,,,,field,public static final Tag<Block>
wu,C,field_211922_B,,,,,field,public static final Tag<Block>
wu,D,field_206952_E,,,,,field,public static final Tag<Block>
wu,E,field_212185_E,,,,,field,public static final Tag<Block>
wu,F,field_200032_i,,,,,field,public static final Tag<Block>
wu,G,field_201151_l,,,,,field,public static final Tag<Block>
wu,H,field_205213_E,,,,,field,public static final Tag<Block>
wu,I,field_205599_H,,,,,field,public static final Tag<Block>
wu,J,field_211923_H,,,,,field,public static final Tag<Block>
wv$a,a,field_206950_a,,,,,field,private int
wv$a,b,field_206951_b,,,,,field,private Tag<FluidType>
wv,c,field_206961_c,,,,,field,private static Tags<FluidType>
wv,d,field_206962_d,,,,,field,private static int
wv,a,field_206959_a,,,,,field,public static final Tag<FluidType>
wv,b,field_206960_b,,,,,field,public static final Tag<FluidType>
ww$a,a,field_199890_a,,,,,field,private int
ww$a,b,field_199891_b,,,,,field,private Tag<Item>
ww,E,field_199906_c,,,,,field,private static Tags<Item>
ww,F,field_199907_d,,,,,field,private static int
ww,a,field_199904_a,,,,,field,public static final Tag<Item>
ww,b,field_199905_b,,,,,field,public static final Tag<Item>
ww,c,field_200033_c,,,,,field,public static final Tag<Item>
ww,d,field_200153_d,,,,,field,public static final Tag<Item>
ww,e,field_200034_d,,,,,field,public static final Tag<Item>
ww,f,field_200035_e,,,,,field,public static final Tag<Item>
ww,g,field_200154_g,,,,,field,public static final Tag<Item>
ww,h,field_202898_h,,,,,field,public static final Tag<Item>
ww,i,field_202899_i,,,,,field,public static final Tag<Item>
ww,j,field_202900_j,,,,,field,public static final Tag<Item>
ww,k,field_212188_k,,,,,field,public static final Tag<Item>
ww,l,field_200036_f,,,,,field,public static final Tag<Item>
ww,m,field_200037_g,,,,,field,public static final Tag<Item>
ww,n,field_200038_h,,,,,field,public static final Tag<Item>
ww,o,field_203294_n,,,,,field,public static final Tag<Item>
ww,p,field_203295_o,,,,,field,public static final Tag<Item>
ww,q,field_203296_p,,,,,field,public static final Tag<Item>
ww,r,field_203297_q,,,,,field,public static final Tag<Item>
ww,s,field_203298_r,,,,,field,public static final Tag<Item>
ww,t,field_203299_s,,,,,field,public static final Tag<Item>
ww,u,field_202901_n,,,,,field,public static final Tag<Item>
ww,v,field_203440_u,,,,,field,public static final Tag<Item>
ww,w,field_203441_v,,,,,field,public static final Tag<Item>
ww,x,field_203442_w,,,,,field,public static final Tag<Item>
ww,y,field_203443_x,,,,,field,public static final Tag<Item>
ww,z,field_203444_y,,,,,field,public static final Tag<Item>
ww,A,field_206963_E,,,,,field,public static final Tag<Item>
ww,B,field_212187_B,,,,,field,public static final Tag<Item>
ww,C,field_202902_o,,,,,field,public static final Tag<Item>
ww,D,field_206964_G,,,,,field,public static final Tag<Item>
wx,a,field_200044_a,,,,,field,"private final RegistryMaterials<MinecraftKey, T>"
wy$a,a,field_200052_a,,,,,field,private final Set<Tag$b<T>>
wy$a,b,field_200053_b,,,,,field,private boolean
wy$c,a,field_200163_a,,,,,field,private final MinecraftKey
wy$c,b,field_200164_b,,,,,field,private Tag<T>
wy$d,a,field_200165_a,,,,,field,private final Collection<T>
wy,a,field_199888_a,,,,,field,private final MinecraftKey
wy,b,field_199889_b,,,,,field,private final Set<T>
wy,c,field_200150_c,,,,,field,private final Collection<Tag$b<T>>
wz,a,field_199918_a,,,,,field,private static final org.apache.logging.log4j.Logger
wz,b,field_199919_b,,,,,field,private static final com.google.gson.Gson
wz,c,field_199920_c,,,,,field,private static final int
wz,d,field_199921_d,,,,,field,"private final Map<MinecraftKey, Tag<T>>"
wz,e,field_200040_e,,,,,field,"private final Function<MinecraftKey, T>"
wz,f,field_200156_f,,,,,field,private final Predicate<MinecraftKey>
wz,g,field_199923_f,,,,,field,private final String
wz,h,field_200041_g,,,,,field,private final boolean
wz,i,field_200157_i,,,,,field,private final String
x,a,field_192328_a,,,,,field,private final Advancement
x,b,field_192329_b,,,,,field,private final AdvancementTree
x,c,field_192330_c,,,,,field,private final AdvancementTree
x,d,field_192331_d,,,,,field,private final int
x,e,field_192332_e,,,,,field,private final List<AdvancementTree>
x,f,field_192333_f,,,,,field,private AdvancementTree
x,g,field_192334_g,,,,,field,private AdvancementTree
x,h,field_192335_h,,,,,field,private int
x,i,field_192336_i,,,,,field,private float
x,j,field_192337_j,,,,,field,private float
x,k,field_192338_k,,,,,field,private float
x,l,field_192339_l,,,,,field,private float
xa,a,field_199719_a,,,,,field,private final TagsServer<Block>
xa,b,field_199720_b,,,,,field,private final TagsServer<Item>
xa,c,field_205705_c,,,,,field,private final TagsServer<FluidType>
xc,a,field_188145_a,,,,,field,private final long[]
xc,b,field_188146_b,,,,,field,private final int
xc,c,field_188147_c,,,,,field,private final long
xc,d,field_188148_d,,,,,field,private final int
xd,a,field_181158_a,,,,,field,private static final Set<Class<?>>
xd,b,field_180218_a,,,,,field,"private final Map<Class<?>, List<T>>"
xd,c,field_180216_b,,,,,field,private final Set<Class<?>>
xd,d,field_180217_c,,,,,field,private final Class<T>
xd,e,field_181745_e,,,,,field,private final List<T>
xf,a,field_186817_a,,,,,field,private static final Object
xf,b,field_186818_b,,,,,field,private K[]
xf,c,field_186819_c,,,,,field,private int[]
xf,d,field_186820_d,,,,,field,private K[]
xf,e,field_186821_e,,,,,field,private int
xf,f,field_186822_f,,,,,field,private int
xg,a,field_180198_a,,,,,field,private static final org.apache.logging.log4j.Logger
xj,b,field_151227_b,,,,,field,private static final org.apache.logging.log4j.Logger
xj,a,field_180193_a,,,,,field,public static final com.google.common.util.concurrent.ListeningExecutorService
xk,a,field_76117_a,,,,,field,"private final Map<String, V>"
xl$a,a,field_76035_a,,,,,field,private final int
xl$a,b,field_76033_b,,,,,field,private V
xl$a,c,field_76034_c,,,,,field,private IntHashMap$IntHashMapEntry<V>
xl$a,d,field_76032_d,,,,,field,private final int
xl,a,field_76055_a,,,,,field,private transient IntHashMap$IntHashMapEntry<V>[]
xl,b,field_76053_b,,,,,field,private transient int
xl,c,field_76054_c,,,,,field,private int
xl,d,field_76051_d,,,,,field,private final float
xm,a,field_201152_a,,,,,field,private Supplier<T>
xm,b,field_179283_a,,,,,field,private T
xp,a,field_180189_a,,,,,field,public static final float
xp,b,field_76144_a,,,,,field,private static final float[]
xp,c,field_188211_c,,,,,field,private static final Random
xp,d,field_151242_b,,,,,field,private static final int[]
xp,e,field_181163_d,,,,,field,private static final double
xp,f,field_181164_e,,,,,field,private static final double[]
xp,g,field_181165_f,,,,,field,private static final double[]
xq$a,a,field_76332_a,,,,,field,public double
xq$a,b,field_76330_b,,,,,field,public double
xq$a,c,field_76331_c,,,,,field,public String
xq,a,field_151234_b,,,,,field,private static final org.apache.logging.log4j.Logger
xq,b,field_76325_b,,,,,field,private final List<String>
xq,c,field_76326_c,,,,,field,private final List<Long>
xq,d,field_76327_a,,,,,field,private boolean
xq,e,field_76323_d,,,,,field,private String
xq,f,field_76324_e,,,,,field,"private final Map<String, Long>"
xq,g,field_199099_g,,,,,field,private long
xq,h,field_199100_h,,,,,field,private int
xu,a,field_76339_a,,,,,field,private static final Pattern
xv,a,a,,,,,field,private A
xv,b,b,,,,,field,private B
xw$a,a,field_76292_a,,,,,field,protected int
xx,a,field_207116_b,,,,,field,private static final org.apache.logging.log4j.Logger
xx,b,field_207592_e,,,,,field,"private static final BiFunction<Integer, com.mojang.datafixers.schemas.Schema, com.mojang.datafixers.schemas.Schema>"
xx,c,field_207593_f,,,,,field,"private static final BiFunction<Integer, com.mojang.datafixers.schemas.Schema, com.mojang.datafixers.schemas.Schema>"
xx,d,field_210902_d,,,,,field,private static final com.mojang.datafixers.DataFixer
xy,a,field_206292_a,,,,,field,private final String
xy,b,field_206293_b,,,,,field,private final com.mojang.datafixers.DSL$TypeReference
xz,a,field_209693_a,,,,,field,"private static final Map<String, String>"
y,a,field_192245_a,,,,,field,private final MinecraftKey
yc,a,field_210919_a,,,,,field,"public static final Map<String, String>"
yg,a,field_191275_a,,,,,field,"private static final Map<String, String>"
yk,a,field_188225_a,,,,,field,public static final com.google.gson.Gson
ym,a,field_206310_a,,,,,field,private final String
yn,a,field_199199_a,,,,,field,private static final org.apache.logging.log4j.Logger
yn,b,field_199200_b,,,,,field,private static final com.mojang.datafixers.Dynamic<?>[]
yn,c,field_199201_c,,,,,field,private static final it.unimi.dsi.fastutil.objects.Object2IntMap<com.mojang.datafixers.Dynamic<?>>
yn,d,field_199202_d,,,,,field,private static final it.unimi.dsi.fastutil.objects.Object2IntMap<String>
yp$a,a,field_210935_a,,,,,field,private final byte[]
yp$b$a,a,X,X,,,,enum,
yp$b$a,b,Y,Y,,,,enum,
yp$b$a,c,Z,Z,,,,enum,
yp$b$b,a,POSITIVE,POSITIVE,,,,enum,
yp$b$b,b,NEGATIVE,NEGATIVE,,,,enum,
yp$b$b,c,field_210938_c,,,,,field,private final int
yp$b,a,DOWN,DOWN,,,,enum,
yp$b,b,UP,UP,,,,enum,
yp$b,c,NORTH,NORTH,,,,enum,
yp$b,d,SOUTH,SOUTH,,,,enum,
yp$b,e,WEST,WEST,,,,enum,
yp$b,f,EAST,EAST,,,,enum,
yp$b,g,field_210941_g,,,,,field,private final ChunkConverterPalette$Direction$Axis
yp$b,h,field_210942_h,,,,,field,private final ChunkConverterPalette$Direction$AxisDirection
yp$c,b,field_199210_a,,,,,field,private final RegistryID<com.mojang.datafixers.Dynamic<?>>
yp$c,c,field_199211_b,,,,,field,private com.mojang.datafixers.Dynamic<?>
yp$c,d,field_199213_d,,,,,field,private final com.mojang.datafixers.Dynamic<?>
yp$c,e,field_199214_e,,,,,field,private final boolean
yp$c,f,field_199215_f,,,,,field,private final it.unimi.dsi.fastutil.ints.Int2ObjectMap<it.unimi.dsi.fastutil.ints.IntList>
yp$c,g,field_199216_g,,,,,field,private final it.unimi.dsi.fastutil.ints.IntList
yp$c,a,field_199212_c,,,,,field,public int
yp$c,h,field_199217_h,,,,,field,private final Set<com.mojang.datafixers.Dynamic<?>>
yp$c,i,field_199218_i,,,,,field,private final int[]
yp$d,a,field_199227_a,,,,,field,private int
yp$d,b,field_199228_b,,,,,field,private final ChunkConverterPalette$c[]
yp$d,c,field_199229_c,,,,,field,private final com.mojang.datafixers.Dynamic<?>
yp$d,d,field_199230_d,,,,,field,private final int
yp$d,e,field_199231_e,,,,,field,private final int
yp$d,f,field_199232_f,,,,,field,private final it.unimi.dsi.fastutil.ints.Int2ObjectMap<com.mojang.datafixers.Dynamic<?>>
yp,a,field_199145_a,,,,,field,private static final org.apache.logging.log4j.Logger
yp,b,field_199146_b,,,,,field,private static final BitSet
yp,c,field_199147_c,,,,,field,private static final BitSet
yp,d,field_199148_d,,,,,field,private static final com.mojang.datafixers.Dynamic<?>
yp,e,field_199149_e,,,,,field,private static final com.mojang.datafixers.Dynamic<?>
yp,f,field_199150_f,,,,,field,private static final com.mojang.datafixers.Dynamic<?>
yp,g,field_199151_g,,,,,field,private static final com.mojang.datafixers.Dynamic<?>
yp,h,field_199152_h,,,,,field,private static final com.mojang.datafixers.Dynamic<?>
yp,i,field_199153_i,,,,,field,private static final com.mojang.datafixers.Dynamic<?>
yp,j,field_199154_j,,,,,field,private static final com.mojang.datafixers.Dynamic<?>
yp,k,field_199155_k,,,,,field,private static final com.mojang.datafixers.Dynamic<?>
yp,l,field_199156_l,,,,,field,private static final com.mojang.datafixers.Dynamic<?>
yp,m,field_199157_m,,,,,field,private static final com.mojang.datafixers.Dynamic<?>
yp,n,field_199158_n,,,,,field,"private static final Map<String, com.mojang.datafixers.Dynamic<?>>"
yp,o,field_199159_o,,,,,field,"private static final Map<String, com.mojang.datafixers.Dynamic<?>>"
yp,p,field_199160_p,,,,,field,"private static final Map<String, com.mojang.datafixers.Dynamic<?>>"
yp,q,field_199161_q,,,,,field,"private static final Map<String, com.mojang.datafixers.Dynamic<?>>"
yp,r,field_199162_r,,,,,field,private static final it.unimi.dsi.fastutil.ints.Int2ObjectMap<String>
yp,s,field_199163_s,,,,,field,"private static final Map<String, com.mojang.datafixers.Dynamic<?>>"
yp,t,field_199164_t,,,,,field,"private static final Map<String, com.mojang.datafixers.Dynamic<?>>"
yp,u,field_199165_u,,,,,field,private static final com.mojang.datafixers.Dynamic<?>
yq,a,field_207912_a,,,,,field,"private static final com.google.common.collect.ImmutableMap<String, com.mojang.datafixers.util.Pair<String, com.google.common.collect.ImmutableMap<String, String>>>"
yu,a,field_199172_a,,,,,field,"private static final Map<String, Integer>"
yv,a,field_207460_a,,,,,field,"public static final Map<String, String>"
yv,b,field_209759_b,,,,,field,"public static final Map<String, String>"
yz,a,field_188218_a,,,,,field,private static final Set<String>
z$a,a,field_192344_a,,,,,field,private final AdvancementDataPlayer
z$a,b,field_192345_b,,,,,field,private final Set<CriterionTrigger$a<CriterionTriggerBredAnimals$b>>
z$b,a,field_192247_a,,,,,field,private final CriterionConditionEntity
z$b,b,field_192248_b,,,,,field,private final CriterionConditionEntity
z$b,c,field_192249_c,,,,,field,private final CriterionConditionEntity
z,a,field_192171_a,,,,,field,private static final MinecraftKey
z,b,field_192172_b,,,,,field,"private final Map<AdvancementDataPlayer, CriterionTriggerBredAnimals$a>"
zc,a,field_191276_a,,,,,field,"private static final Map<String, String>"
ze,a,field_188222_a,,,,,field,private static final List<String>
zf,a,field_210992_a,,,,,field,private static final int[][]
zg,a,field_201154_a,,,,,field,"private static final Map<String, String>"
zh,a,field_207461_a,,,,,field,"public static final Map<String, String>"
zj,a,field_211313_a,,,,,field,protected final String
zo,a,field_210595_a,,,,,field,"public static final Map<String, String>"
zo,b,field_210596_b,,,,,field,"public static final Map<String, String>"
zo,c,field_210597_c,,,,,field,"public static final Map<String, String>"
zs,a,field_190049_a,,,,,field,private static final Random
zx,a,field_188221_a,ID_MAPPING,,,,field,private static final it.unimi.dsi.fastutil.ints.Int2ObjectMap<String>
zy,a,field_188223_a,,,,,field,private static final String[]
zz,a,field_206356_a,,,,,field,private final String
net/minecraft/realms/RealmsEditBox,editBox,editBox,,,,,field,private final GuiTextField
net/minecraft/realms/DisconnectedRealmsScreen,title,title,,,,,field,private final String
net/minecraft/realms/DisconnectedRealmsScreen,reason,reason,,,,,field,private final IChatBaseComponent
net/minecraft/realms/DisconnectedRealmsScreen,lines,lines,,,,,field,private List<String>
net/minecraft/realms/DisconnectedRealmsScreen,parent,parent,,,,,field,private final RealmsScreen
net/minecraft/realms/DisconnectedRealmsScreen,textHeight,textHeight,,,,,field,private int
net/minecraft/realms/RealmsVertexFormatElement,v,v,,,,,field,private final VertexFormatElement
net/minecraft/realms/RealmsBufferBuilder,b,b,,,,,field,private BufferBuilder
net/minecraft/realms/RealmsSliderButton,value,value,,,,,field,public double
net/minecraft/realms/RealmsSliderButton,sliding,sliding,,,,,field,public boolean
net/minecraft/realms/RealmsSliderButton,minValue,minValue,,,,,field,private final double
net/minecraft/realms/RealmsSliderButton,maxValue,maxValue,,,,,field,private final double
net/minecraft/realms/RealmsSliderButton,steps,steps,,,,,field,private int
net/minecraft/realms/RealmsDefaultVertexFormat,BLOCK,BLOCK,,,,,field,public static final RealmsVertexFormat
net/minecraft/realms/RealmsDefaultVertexFormat,BLOCK_NORMALS,BLOCK_NORMALS,,,,,field,public static final RealmsVertexFormat
net/minecraft/realms/RealmsDefaultVertexFormat,ENTITY,ENTITY,,,,,field,public static final RealmsVertexFormat
net/minecraft/realms/RealmsDefaultVertexFormat,PARTICLE,PARTICLE,,,,,field,public static final RealmsVertexFormat
net/minecraft/realms/RealmsDefaultVertexFormat,POSITION,POSITION,,,,,field,public static final RealmsVertexFormat
net/minecraft/realms/RealmsDefaultVertexFormat,POSITION_COLOR,POSITION_COLOR,,,,,field,public static final RealmsVertexFormat
net/minecraft/realms/RealmsDefaultVertexFormat,POSITION_TEX,POSITION_TEX,,,,,field,public static final RealmsVertexFormat
net/minecraft/realms/RealmsDefaultVertexFormat,POSITION_NORMAL,POSITION_NORMAL,,,,,field,public static final RealmsVertexFormat
net/minecraft/realms/RealmsDefaultVertexFormat,POSITION_TEX_COLOR,POSITION_TEX_COLOR,,,,,field,public static final RealmsVertexFormat
net/minecraft/realms/RealmsDefaultVertexFormat,POSITION_TEX_NORMAL,POSITION_TEX_NORMAL,,,,,field,public static final RealmsVertexFormat
net/minecraft/realms/RealmsDefaultVertexFormat,POSITION_TEX2_COLOR,POSITION_TEX2_COLOR,,,,,field,public static final RealmsVertexFormat
net/minecraft/realms/RealmsDefaultVertexFormat,POSITION_TEX_COLOR_NORMAL,POSITION_TEX_COLOR_NORMAL,,,,,field,public static final RealmsVertexFormat
net/minecraft/realms/RealmsDefaultVertexFormat,ELEMENT_POSITION,ELEMENT_POSITION,,,,,field,public static final RealmsVertexFormatElement
net/minecraft/realms/RealmsDefaultVertexFormat,ELEMENT_COLOR,ELEMENT_COLOR,,,,,field,public static final RealmsVertexFormatElement
net/minecraft/realms/RealmsDefaultVertexFormat,ELEMENT_UV0,ELEMENT_UV0,,,,,field,public static final RealmsVertexFormatElement
net/minecraft/realms/RealmsDefaultVertexFormat,ELEMENT_UV1,ELEMENT_UV1,,,,,field,public static final RealmsVertexFormatElement
net/minecraft/realms/RealmsDefaultVertexFormat,ELEMENT_NORMAL,ELEMENT_NORMAL,,,,,field,public static final RealmsVertexFormatElement
net/minecraft/realms/RealmsDefaultVertexFormat,ELEMENT_PADDING,ELEMENT_PADDING,,,,,field,public static final RealmsVertexFormatElement
net/minecraft/realms/RealmsClickableScrolledSelectionList,proxy,proxy,,,,,field,private final RealmsClickableScrolledSelectionListProxy
net/minecraft/realms/RealmsScrolledSelectionList,proxy,proxy,,,,,field,private final RealmsScrolledSelectionListProxy
net/minecraft/realms/RealmsBridge,LOGGER,LOGGER,,,,,field,private static final org.apache.logging.log4j.Logger
net/minecraft/realms/RealmsBridge,previousScreen,previousScreen,,,,,field,private GuiScreen
net/minecraft/realms/RealmsLevelSummary,levelSummary,levelSummary,,,,,field,private final WorldSummary
net/minecraft/realms/RealmsServerAddress,host,host,,,,,field,private final String
net/minecraft/realms/RealmsServerAddress,port,port,,,,,field,private final int
net/minecraft/realms/RealmsConnect,LOGGER,LOGGER,,,,,field,private static final org.apache.logging.log4j.Logger
net/minecraft/realms/RealmsConnect,onlineScreen,onlineScreen,,,,,field,private final RealmsScreen
net/minecraft/realms/RealmsConnect,aborted,aborted,,,,,field,private volatile boolean
net/minecraft/realms/RealmsConnect,connection,connection,,,,,field,private NetworkManager
net/minecraft/realms/Tezzelator,t,t,,,,,field,public static Tessellator
net/minecraft/realms/Tezzelator,instance,instance,,,,,field,public static final Tezzelator
net/minecraft/realms/RealmsVertexFormat,v,v,,,,,field,private VertexFormat
net/minecraft/realms/RealmsSharedConstants,NETWORK_PROTOCOL_VERSION,NETWORK_PROTOCOL_VERSION,,,,,field,public static final int
net/minecraft/realms/RealmsSharedConstants,TICKS_PER_SECOND,TICKS_PER_SECOND,,,,,field,public static final int
net/minecraft/realms/RealmsSharedConstants,VERSION_STRING,VERSION_STRING,,,,,field,public static final String
net/minecraft/realms/RealmsSharedConstants,ILLEGAL_FILE_CHARACTERS,ILLEGAL_FILE_CHARACTERS,,,,,field,public static final char[]
net/minecraft/realms/RealmsSimpleScrolledSelectionList,proxy,proxy,,,,,field,private final RealmsSimpleScrolledSelectionListProxy
net/minecraft/realms/RealmsButton,WIDGETS_LOCATION,WIDGETS_LOCATION,,,,,field,protected static final MinecraftKey
net/minecraft/realms/RealmsButton,proxy,proxy,,,,,field,private final GuiButtonRealmsProxy
net/minecraft/realms/RealmsAnvilLevelStorageSource,levelStorageSource,levelStorageSource,,,,,field,private final Convertable
net/minecraft/realms/RealmsScreen,SKIN_HEAD_U,SKIN_HEAD_U,,,,,field,public static final int
net/minecraft/realms/RealmsScreen,SKIN_HEAD_V,SKIN_HEAD_V,,,,,field,public static final int
net/minecraft/realms/RealmsScreen,SKIN_HEAD_WIDTH,SKIN_HEAD_WIDTH,,,,,field,public static final int
net/minecraft/realms/RealmsScreen,SKIN_HEAD_HEIGHT,SKIN_HEAD_HEIGHT,,,,,field,public static final int
net/minecraft/realms/RealmsScreen,SKIN_HAT_U,SKIN_HAT_U,,,,,field,public static final int
net/minecraft/realms/RealmsScreen,SKIN_HAT_V,SKIN_HAT_V,,,,,field,public static final int
net/minecraft/realms/RealmsScreen,SKIN_HAT_WIDTH,SKIN_HAT_WIDTH,,,,,field,public static final int
net/minecraft/realms/RealmsScreen,SKIN_HAT_HEIGHT,SKIN_HAT_HEIGHT,,,,,field,public static final int
net/minecraft/realms/RealmsScreen,SKIN_TEX_WIDTH,SKIN_TEX_WIDTH,,,,,field,public static final int
net/minecraft/realms/RealmsScreen,SKIN_TEX_HEIGHT,SKIN_TEX_HEIGHT,,,,,field,public static final int
net/minecraft/realms/RealmsScreen,minecraft,minecraft,,,,,field,private Minecraft
net/minecraft/realms/RealmsScreen,width,width,,,,,field,public int
net/minecraft/realms/RealmsScreen,height,height,,,,,field,public int
net/minecraft/realms/RealmsScreen,proxy,proxy,,,,,field,private final GuiScreenRealmsProxy
cfs,a,field_198114_a,,,,,field,private static final org.apache.logging.log4j.Logger
cfs,b,field_198115_b,,,,,field,private final org.lwjgl.glfw.GLFWErrorCallback
cfs,c,field_198116_c,,,,,field,private final Minecraft
cfs,d,field_198117_d,,,,,field,private final VirtualScreen
cfs,e,field_198118_e,,,,,field,private Monitor
cfs,f,field_198119_f,,,,,field,private final long
cfs,g,field_198120_g,,,,,field,private int
cfs,h,field_198121_h,,,,,field,private int
cfs,i,field_198122_i,,,,,field,private int
cfs,j,field_198123_j,,,,,field,private int
cfs,k,field_198124_k,,,,,field,private Optional<VideoMode>
cfs,l,field_198125_l,,,,,field,private boolean
cfs,m,field_198126_m,,,,,field,private boolean
cfs,n,field_198127_n,,,,,field,private int
cfs,o,field_198128_o,,,,,field,private int
cfs,p,field_198129_p,,,,,field,private int
cfs,q,field_198130_q,,,,,field,private int
cfs,r,field_198131_r,,,,,field,private int
cfs,s,field_198132_s,,,,,field,private int
cfs,t,field_198133_t,,,,,field,private int
cfs,u,field_198134_u,,,,,field,private int
cfs,v,field_198135_v,,,,,field,private double
cfs,w,field_198136_w,,,,,field,private String
cfs,x,field_198138_y,,,,,field,private boolean
cfs,y,field_198139_z,,,,,field,private double
cfi,F,field_147123_G,,,,,field,private static final org.apache.logging.log4j.Logger
cfi,a,field_142025_a,,,,,field,public static final boolean
cfi,b,field_211502_b,,,,,field,public static final MinecraftKey
cfi,c,field_71464_q,,,,,field,public static final MinecraftKey
cfi,d,field_71444_a,,,,,field,public static byte[]
cfi,G,field_211120_F,,,,,field,private static int
cfi,H,field_130070_K,,,,,field,private final File
cfi,I,field_181038_N,,,,,field,private final com.mojang.authlib.properties.PropertyMap
cfi,J,field_195556_O,,,,,field,private final GameConfiguration$DisplayInformation
cfi,K,field_71422_O,,,,,field,private ServerData
cfi,L,field_71446_o,,,,,field,private TextureManager
cfi,M,field_71432_P,,,,,field,private static Minecraft
cfi,N,field_184131_U,,,,,field,private final com.mojang.datafixers.DataFixer
cfi,e,field_71442_b,,,,,field,public PlayerControllerMP
cfi,O,field_195557_T,,,,,field,private VirtualScreen
cfi,f,field_195558_d,,,,,field,public MainWindow
cfi,P,field_71434_R,,,,,field,private boolean
cfi,Q,field_71433_S,,,,,field,private CrashReport
cfi,R,field_181541_X,,,,,field,private boolean
cfi,S,field_71428_T,,,,,field,private final Timer
cfi,T,field_71427_U,,,,,field,private final MojangStatisticsGenerator
cfi,g,field_71441_e,,,,,field,public WorldClient
cfi,h,field_71438_f,,,,,field,public RenderGlobal
cfi,U,field_175616_W,,,,,field,private RenderManager
cfi,V,field_175621_X,,,,,field,private ItemRenderer
cfi,W,field_175620_Y,,,,,field,private FirstPersonRenderer
cfi,i,field_71439_g,,,,,field,public EntityPlayerSP
cfi,X,field_175622_Z,,,,,field,private Entity
cfi,j,field_147125_j,,,,,field,public Entity
cfi,k,field_71452_i,,,,,field,public ParticleManager
cfi,Y,field_193995_ae,,,,,field,private final SearchTreeManager
cfi,Z,field_71449_j,,,,,field,private final Session
cfi,aa,field_71445_n,,,,,field,private boolean
cfi,ab,field_193996_ah,,,,,field,private float
cfi,l,field_71466_p,,,,,field,public FontRenderer
cfi,m,field_71462_r,,,,,field,public GuiScreen
cfi,n,field_71460_t,,,,,field,public EntityRenderer
cfi,o,field_184132_p,,,,,field,public DebugRenderer
cfi,p,field_71429_W,,,,,field,int
cfi,ac,field_71437_Z,,,,,field,private IntegratedServer
cfi,q,field_71456_v,,,,,field,public GuiIngame
cfi,r,field_71454_w,,,,,field,public boolean
cfi,s,field_71476_x,,,,,field,public MovingObjectPosition
cfi,t,field_71474_y,,,,,field,public GameSettings
cfi,ad,field_191950_u,,,,,field,private CreativeSettings
cfi,u,field_71417_B,,,,,field,public MouseHelper
cfi,v,field_195559_v,,,,,field,public KeyboardListener
cfi,w,field_71412_D,,,,,field,public final File
cfi,ae,field_110446_Y,,,,,field,private final File
cfi,af,field_110447_Z,,,,,field,private final String
cfi,ag,field_184130_ao,,,,,field,private final String
cfi,ah,field_110453_aa,,,,,field,private final Proxy
cfi,ai,field_71469_aa,,,,,field,private Convertable
cfi,aj,field_71470_ab,,,,,field,private static int
cfi,ak,field_71467_ac,,,,,field,private int
cfi,al,field_71475_ae,,,,,field,private String
cfi,am,field_71477_af,,,,,field,private int
cfi,an,field_71457_ai,,,,,field,private int
cfi,x,field_181542_y,,,,,field,public final FrameTimer
cfi,ao,field_181543_z,,,,,field,private long
cfi,ap,field_147129_ai,,,,,field,private final boolean
cfi,aq,field_71459_aj,,,,,field,private final boolean
cfi,ar,field_71453_ak,,,,,field,private NetworkManager
cfi,as,field_71455_al,,,,,field,private boolean
cfi,y,field_71424_I,,,,,field,public final MethodProfiler
cfi,at,field_110451_am,,,,,field,private IReloadableResourceManager
cfi,au,field_195554_ax,,,,,field,private final DownloadingPackFinder
cfi,av,field_110448_aq,,,,,field,private final ResourcePackRepository<ResourcePackInfoClient>
cfi,aw,field_135017_as,,,,,field,private LanguageManager
cfi,ax,field_184127_aH,,,,,field,private BlockColors
cfi,ay,field_184128_aI,,,,,field,private ItemColors
cfi,az,field_147124_at,,,,,field,private Framebuffer
cfi,aA,field_147128_au,,,,,field,private TextureMap
cfi,aB,field_147127_av,,,,,field,private SoundHandler
cfi,aC,field_147126_aw,,,,,field,private MusicTicker
cfi,aD,field_211501_aD,,,,,field,private FontResourceManager
cfi,aE,field_152355_az,,,,,field,private final com.mojang.authlib.minecraft.MinecraftSessionService
cfi,aF,field_152350_aA,,,,,field,private SkinManager
cfi,aG,field_152351_aB,,,,,field,private final Queue<FutureTask<?>>
cfi,aH,field_152352_aC,,,,,field,private final Thread
cfi,aI,field_175617_aL,,,,,field,private ModelManager
cfi,aJ,field_175618_aM,,,,,field,private BlockRendererDispatcher
cfi,aK,field_193034_aS,,,,,field,private final GuiToast
cfi,aL,field_71425_J,,,,,field,private volatile boolean
cfi,z,field_71426_K,,,,,field,public String
cfi,D,field_175612_E,,,,,field,public boolean
cfi,aM,field_71419_L,,,,,field,private long
cfi,aN,field_71420_M,,,,,field,private int
cfi,aO,field_193035_aW,,,,,field,private final Tutorial
cfi,E,field_195555_I,,,,,field,boolean
cfi,aP,field_71465_an,,,,,field,private String
cqr,a,field_147396_a,,,,,field,private static final org.apache.logging.log4j.Logger
cqr,b,field_147394_b,,,,,field,private final Minecraft
cqr,c,field_147395_c,,,,,field,private final GuiScreen
cqr,d,field_209525_d,,,,,field,private final Consumer<IChatBaseComponent>
cqr,e,field_147393_d,,,,,field,private final NetworkManager
cqr,f,field_175091_e,,,,,field,private com.mojang.authlib.GameProfile
cra,a,field_147230_a,,,,,field,private static final com.google.common.base.Splitter
cra,b,field_147228_b,,,,,field,private static final org.apache.logging.log4j.Logger
cra,c,field_147229_c,,,,,field,private final List<NetworkManager>
cqy$a,a,ENABLED,,,,,enum,
cqy$a,b,DISABLED,,,,,enum,
cqy$a,c,PROMPT,,,,,enum,
cqy$a,d,field_152594_d,,,,,field,private final IChatBaseComponent
cqu,a,field_78776_a,,,,,field,private final Minecraft
cqu,b,field_78774_b,,,,,field,private final NetHandlerPlayClient
cqu,c,field_178895_c,,,,,field,private BlockPosition
cqu,d,field_85183_f,,,,,field,private ItemStack
cqu,e,field_78770_f,,,,,field,private float
cqu,f,field_78780_h,,,,,field,private float
cqu,g,field_78781_i,,,,,field,private int
cqu,h,field_78778_j,,,,,field,private boolean
cqu,i,field_78779_k,,,,,field,private EnumGamemode
cqu,j,field_78777_l,,,,,field,private int
cqx,a,field_78866_a,,,,,field,private final String
cqx,b,field_78865_b,,,,,field,private final int
cra$1,d,field_147403_d,,,,,field,private boolean
cra$1,e,field_183009_e,,,,,field,private boolean
cra$1,f,field_175092_e,,,,,field,private long
cqs,a,field_147301_d,,,,,field,private static final org.apache.logging.log4j.Logger
cqs,b,field_147302_e,,,,,field,private final NetworkManager
cqs,c,field_175107_d,,,,,field,private final com.mojang.authlib.GameProfile
cqs,d,field_147307_j,,,,,field,private final GuiScreen
cqs,e,field_147299_f,,,,,field,private Minecraft
cqs,f,field_147300_g,,,,,field,private WorldClient
cqs,g,field_147309_h,,,,,field,private boolean
cqs,h,field_147310_i,,,,,field,"private final Map<UUID, NetworkPlayerInfo>"
cqs,i,field_191983_k,,,,,field,private final ClientAdvancementManager
cqs,j,field_195516_l,,,,,field,private final ClientSuggestionProvider
cqs,k,field_199725_m,,,,,field,private TagRegistry
cqs,l,field_211524_l,,,,,field,private NBTQueryManager
cqs,m,field_147306_l,,,,,field,private final Random
cqs,n,field_195517_n,,,,,field,private com.mojang.brigadier.CommandDispatcher<ICompletionProvider>
cqs,o,field_199528_o,,,,,field,private final CraftingManager
cqw,a,field_178867_a,,,,,field,private final com.mojang.authlib.GameProfile
cqw,b,field_187107_a,,,,,field,"private final Map<com.mojang.authlib.minecraft.MinecraftProfileTexture$Type, MinecraftKey>"
cqw,c,field_178866_b,,,,,field,private EnumGamemode
cqw,d,field_78829_b,,,,,field,private int
cqw,e,field_178864_d,,,,,field,private boolean
cqw,f,field_178863_g,,,,,field,private String
cqw,g,field_178872_h,,,,,field,private IChatBaseComponent
cqw,h,field_178873_i,,,,,field,private int
cqw,i,field_178870_j,,,,,field,private int
cqw,j,field_178871_k,,,,,field,private long
cqw,k,field_178868_l,,,,,field,private long
cqw,l,field_178869_m,,,,,field,private long
cqz,a,field_147415_a,,,,,field,private static final org.apache.logging.log4j.Logger
cqz,b,field_78859_a,,,,,field,private final Minecraft
cqz,c,field_78858_b,,,,,field,private final List<ServerData>
cqq,a,field_147436_a,,,,,field,private static final org.apache.logging.log4j.Logger
cqq,b,field_73238_a,,,,,field,private final Chunk
cqq,c,field_73236_b,,,,,field,private final it.unimi.dsi.fastutil.longs.Long2ObjectMap<Chunk>
cqq,d,field_73235_d,,,,,field,private final World
cqy,a,field_78847_a,,,,,field,public String
cqy,b,field_78845_b,,,,,field,public String
cqy,c,field_78846_c,,,,,field,public String
cqy,d,field_78843_d,,,,,field,public String
cqy,e,field_78844_e,,,,,field,public long
cqy,f,field_82821_f,,,,,field,public int
cqy,g,field_82822_g,,,,,field,public String
cqy,h,field_78841_f,,,,,field,public boolean
cqy,i,field_147412_i,,,,,field,public String
cqy,j,field_152587_j,,,,,field,private ServerData$ServerResourceMode
cqy,k,field_147411_m,,,,,field,private String
cqy,l,field_181042_l,,,,,field,private boolean
cqv,b,field_73035_a,,,,,field,private final NetHandlerPlayClient
cqv,c,field_73033_b,,,,,field,private ChunkProviderClient
cqv,d,field_73032_d,,,,,field,private final Set<Entity>
cqv,G,field_73036_L,,,,,field,private final Set<Entity>
cqv,H,field_73037_M,,,,,field,private final Minecraft
cqv,I,field_73038_N,,,,,field,private final Set<ChunkCoordIntPair>
cqv,J,field_184158_M,,,,,field,private int
cqv,a,field_184157_a,,,,,field,protected Set<ChunkCoordIntPair>
cqv,K,field_200261_M,,,,,field,private Scoreboard
cqp,a,field_192800_a,,,,,field,private static final org.apache.logging.log4j.Logger
cqp,b,field_192801_b,,,,,field,private final Minecraft
cqp,c,field_192802_c,,,,,field,private final Advancements
cqp,d,field_192803_d,,,,,field,"private final Map<Advancement, AdvancementProgress>"
cqp,e,field_192804_e,,,,,field,private ClientAdvancementManager$IListener
cqp,f,field_194231_f,,,,,field,private Advancement
cqt,a,field_197016_a,,,,,field,private final NetHandlerPlayClient
cqt,b,field_210248_b,,,,,field,private final Minecraft
cqt,c,field_197017_b,,,,,field,private int
cqt,d,field_197018_c,,,,,field,private CompletableFuture<com.mojang.brigadier.suggestion.Suggestions>
cfd$b,a,KEYSYM,,,,,enum,
cfd$b,b,SCANCODE,,,,,enum,
cfd$b,c,MOUSE,,,,,enum,
cfd$b,d,field_197950_d,,,,,field,private static final String[]
cfd$b,e,field_197951_e,,,,,field,private final IntHashMap<InputMappings$Input>
cfd$b,f,field_197952_f,,,,,field,private final String
dfr$a,a,field_195831_a,,,,,field,private final com.google.common.collect.PeekingIterator<T>
dfr$a,b,field_195832_b,,,,,field,private final com.google.common.collect.PeekingIterator<T>
dfr$a,c,field_195833_c,,,,,field,private final it.unimi.dsi.fastutil.objects.Object2IntMap<T>
dfr,a,field_194044_a,,,,,field,protected SuffixArray<T>
dfr,b,field_195834_b,,,,,field,protected SuffixArray<T>
dfr,c,field_195835_c,,,,,field,protected SuffixArray<T>
dfr,d,field_194046_c,,,,,field,"private final Function<T, Iterable<String>>"
dfr,e,field_194047_d,,,,,field,"private final Function<T, Iterable<MinecraftKey>>"
dfr,f,field_194048_e,,,,,field,private final List<T>
dfr,g,field_194049_f,,,,,field,private final it.unimi.dsi.fastutil.objects.Object2IntMap<T>
dfs,a,field_194011_a,,,,,field,public static final SearchTreeManager$Key<ItemStack>
dfs,b,field_194012_b,,,,,field,public static final SearchTreeManager$Key<RecipeList>
dfs,c,field_194013_c,,,,,field,"private final Map<SearchTreeManager$Key<?>, SearchTree<?>>"
dfr$b,a,field_194033_a,,,,,field,private final com.google.common.collect.PeekingIterator<T>
dfr$b,b,field_194034_b,,,,,field,private final com.google.common.collect.PeekingIterator<T>
dfr$b,c,field_194035_c,,,,,field,private final it.unimi.dsi.fastutil.objects.Object2IntMap<T>
dfu,b,field_194062_b,,,,,field,private static final boolean
dfu,c,field_194063_c,,,,,field,private static final boolean
dfu,d,field_194064_d,,,,,field,private static final org.apache.logging.log4j.Logger
dfu,a,field_194061_a,,,,,field,protected final List<T>
dfu,e,field_194065_e,,,,,field,private final it.unimi.dsi.fastutil.ints.IntList
dfu,f,field_194066_f,,,,,field,private final it.unimi.dsi.fastutil.ints.IntList
dfu,g,field_194067_g,,,,,field,private it.unimi.dsi.fastutil.ints.IntList
dfu,h,field_194068_h,,,,,field,private it.unimi.dsi.fastutil.ints.IntList
dfu,i,field_194069_i,,,,,field,private int
dgr,a,field_193268_a,,,,,field,private static final Set<Block>
dgr,b,field_193269_b,,,,,field,private static final IChatBaseComponent
dgr,c,field_193270_c,,,,,field,private static final IChatBaseComponent
dgr,d,field_193271_d,,,,,field,private final Tutorial
dgr,e,field_193272_e,,,,,field,private TutorialToast
dgr,f,field_193273_f,,,,,field,private int
dgs,a,field_193254_a,,,,,field,private static final IChatBaseComponent
dgs,b,field_193255_b,,,,,field,private static final IChatBaseComponent
dgs,c,field_193256_c,,,,,field,private static final IChatBaseComponent
dgs,d,field_193257_d,,,,,field,private static final IChatBaseComponent
dgs,e,field_193258_e,,,,,field,private final Tutorial
dgs,f,field_193259_f,,,,,field,private TutorialToast
dgs,g,field_193260_g,,,,,field,private TutorialToast
dgs,h,field_193261_h,,,,,field,private int
dgs,i,field_193262_i,,,,,field,private int
dgs,j,field_193263_j,,,,,field,private int
dgs,k,field_193264_k,,,,,field,private boolean
dgs,l,field_193265_l,,,,,field,private boolean
dgs,m,field_193266_m,,,,,field,private int
dgs,n,field_193267_n,,,,,field,private int
dgv,a,field_193304_a,,,,,field,private final Minecraft
dgv,b,field_193305_b,,,,,field,private ITutorialStep
dgp,a,field_193253_a,,,,,field,private final Tutorial
dgu,a,field_193275_b,,,,,field,private static final IChatBaseComponent
dgu,b,field_193276_c,,,,,field,private static final IChatBaseComponent
dgu,c,field_193277_d,,,,,field,private final Tutorial
dgu,d,field_193278_e,,,,,field,private TutorialToast
dgu,e,field_193279_f,,,,,field,private int
dgu,f,field_193280_g,,,,,field,private int
dgx,a,MOVEMENT,,,,,enum,
dgx,b,FIND_TREE,,,,,enum,
dgx,c,PUNCH_TREE,,,,,enum,
dgx,d,OPEN_INVENTORY,,,,,enum,
dgx,e,CRAFT_PLANKS,,,,,enum,
dgx,f,NONE,,,,,enum,
dgx,g,field_193316_g,,,,,field,private final String
dgx,h,field_193317_h,,,,,field,"private final Function<Tutorial, ? extends ITutorialStep>"
dgt,a,field_193281_a,,,,,field,private static final IChatBaseComponent
dgt,b,field_193282_b,,,,,field,private static final IChatBaseComponent
dgt,c,field_193283_c,,,,,field,private final Tutorial
dgt,d,field_193284_d,,,,,field,private TutorialToast
dgt,e,field_193285_e,,,,,field,private int
dgq,a,field_193286_a,,,,,field,private static final IChatBaseComponent
dgq,b,field_193287_b,,,,,field,private static final IChatBaseComponent
dgq,c,field_193288_c,,,,,field,private final Tutorial
dgq,d,field_193289_d,,,,,field,private TutorialToast
dgq,e,field_193290_e,,,,,field,private int
cfd$a,a,field_197939_a,,,,,field,private final String
cfd$a,b,field_197940_b,,,,,field,private final InputMappings$Type
cfd$a,c,field_197941_c,,,,,field,private final int
cfd$a,d,field_199875_d,,,,,field,"private static final Map<String, InputMappings$Input>"
cfz$a,a,field_211169_a,,,,,field,protected final float
cfz$a,b,field_211170_b,,,,,field,protected final float
cfz$a,c,field_211171_c,,,,,field,protected final float
cfz$a,d,field_211172_d,,,,,field,protected final float
cfz$a,e,field_211173_e,,,,,field,protected final float
cfz$a,f,field_211174_f,,,,,field,protected final float
cfz$a,g,field_211175_g,,,,,field,protected final float
cfz$a,h,field_211176_h,,,,,field,protected final float
cgg,a,field_192581_a,,,,,field,private final Minecraft
cge,a,field_193643_a,,,,,field,public static final NarratorChatListener
cge,b,field_192580_a,,,,,field,private final com.mojang.text2speech.Narrator
cgf,a,field_192577_a,,,,,field,private final Minecraft
cgc$a,b,field_148242_b,,,,,field,private final WorldMap
cgc$a,c,field_148243_c,,,,,field,private final DynamicTexture
cgc$a,d,field_148240_d,,,,,field,private final MinecraftKey
chw,f,field_211133_f,,,,,field,private final MinecraftKey
chw,g,field_211512_g,,,,,field,private final boolean
chw,h,field_211135_h,,,,,field,private final FontTexture$Entry
chu,a,field_211509_a,,,,,field,private static final org.apache.logging.log4j.Logger
chu,b,field_211510_b,,,,,field,"private final Map<MinecraftKey, FontRenderer>"
chu,c,field_211511_c,,,,,field,private final TextureManager
chu,d,field_211826_d,,,,,field,private boolean
cii$a,a,field_211247_a,,,,,field,private final MinecraftKey
cii$a,b,field_211248_b,,,,,field,private final String
cii,a,field_211256_a,,,,,field,private static final org.apache.logging.log4j.Logger
cii,b,field_211257_b,,,,,field,private final IResourceManager
cii,c,field_211258_c,,,,,field,private final byte[]
cii,d,field_211259_d,,,,,field,private final String
cii,e,field_211845_e,,,,,field,"private final Map<MinecraftKey, NativeImage>"
cie,a,field_211609_a,,,,,field,private static final org.apache.logging.log4j.Logger
cie,b,field_211610_b,,,,,field,private final NativeImage
cie,c,field_211267_a,,,,,field,private final it.unimi.dsi.fastutil.chars.Char2ObjectMap<TextureGlyphProvider$GlyphInfo>
cii$b,a,field_211210_a,,,,,field,private final int
cii$b,b,field_211211_b,,,,,field,private final int
cii$b,c,field_211212_c,,,,,field,private final int
cii$b,d,field_211213_d,,,,,field,private final int
cii$b,e,field_211214_e,,,,,field,private final NativeImage
cij,a,field_211263_a,,,,,field,private static final org.apache.logging.log4j.Logger
cij,b,field_211264_b,,,,,field,private final org.lwjgl.stb.STBTTFontinfo
cij,c,field_211618_c,,,,,field,private final float
cij,d,field_211619_d,,,,,field,private final it.unimi.dsi.fastutil.chars.CharSet
cij,e,field_211620_e,,,,,field,private final float
cij,f,field_211621_f,,,,,field,private final float
cij,g,field_211266_d,,,,,field,private final float
cij,h,field_211622_h,,,,,field,private final float
cih,a,BITMAP,,,,,enum,
cih,b,TTF,,,,,enum,
cih,c,LEGACY_UNICODE,,,,,enum,
cih,d,field_211640_d,,,,,field,"private static final Map<String, GlyphProviderTypes>"
cih,e,field_211641_e,,,,,field,private final String
cih,f,field_211642_f,,,,,field,"private final Function<com.google.gson.JsonObject, IGlyphProviderFactory>"
cij$a,a,field_211249_a,,,,,field,private final MinecraftKey
cij$a,b,field_211250_b,,,,,field,private final float
cij$a,c,field_211625_c,,,,,field,private final float
cij$a,d,field_211626_d,,,,,field,private final float
cij$a,e,field_211627_e,,,,,field,private final float
cij$a,f,field_211628_f,,,,,field,private final String
cie$b,a,field_211582_a,,,,,field,private final float
cie$b,b,field_211583_b,,,,,field,private final NativeImage
cie$b,c,field_211584_c,,,,,field,private final int
cie$b,d,field_211585_d,,,,,field,private final int
cie$b,e,field_211586_e,,,,,field,private final int
cie$b,f,field_211587_f,,,,,field,private final int
cie$b,g,field_211588_g,,,,,field,private final int
cie$b,h,field_211589_h,,,,,field,private final int
cie$a,a,field_211252_a,,,,,field,private final MinecraftKey
cie$a,b,field_211634_b,,,,,field,private final List<String>
cie$a,c,field_211635_c,,,,,field,private final int
cie$a,d,field_211636_d,,,,,field,private final int
cij$b,b,field_211216_b,,,,,field,private final int
cij$b,c,field_211217_c,,,,,field,private final int
cij$b,d,field_211218_d,,,,,field,private final float
cij$b,e,field_211219_e,,,,,field,private final float
cij$b,f,field_211220_f,,,,,field,private final float
cij$b,g,field_211221_g,,,,,field,private final float
cij$b,h,field_211222_h,,,,,field,private final float
cij$b,i,field_211598_i,,,,,field,private final float
cij$b,j,field_211599_j,,,,,field,private final int
chw$a,a,field_211225_a,,,,,field,final int
chw$a,b,field_211226_b,,,,,field,final int
chw$a,c,field_211227_c,,,,,field,final int
chw$a,d,field_211228_d,,,,,field,final int
chw$a,e,field_211229_e,,,,,field,FontTexture$Entry
chw$a,f,field_211230_f,,,,,field,FontTexture$Entry
chw$a,g,field_211231_g,,,,,field,boolean
cib,a,INSTANCE,,,,,enum,
cib,b,field_211581_b,,,,,field,private static final NativeImage
chz,a,field_211245_a,,,,,field,private final int
chy,a,field_211235_a,,,,,field,private final MinecraftKey
chy,b,field_211236_b,,,,,field,private final float
chy,c,field_211237_c,,,,,field,private final float
chy,d,field_211238_d,,,,,field,private final float
chy,e,field_211239_e,,,,,field,private final float
chy,f,field_211240_f,,,,,field,private final float
chy,g,field_211241_g,,,,,field,private final float
chy,h,field_211242_h,,,,,field,private final float
chy,i,field_211243_i,,,,,field,private final float
chy,j,field_211244_j,,,,,field,private final float
chy,k,field_211607_k,,,,,field,private final float
chy,l,field_211608_l,,,,,field,private final float
chv,a,field_211189_a,,,,,field,private static final org.apache.logging.log4j.Logger
chv,b,field_211191_c,,,,,field,private final TextureManager
chv,c,field_211192_d,,,,,field,private final MinecraftKey
chv,d,field_211572_d,,,,,field,private TexturedGlyph
chv,e,field_211194_f,,,,,field,private final List<IGlyphProvider>
chv,f,field_211195_g,,,,,field,private final it.unimi.dsi.fastutil.chars.Char2ObjectMap<IGlyph>
chv,g,field_211196_h,,,,,field,private final it.unimi.dsi.fastutil.ints.Int2ObjectMap<List<IGlyph>>
chv,h,field_211197_i,,,,,field,private final List<FontTexture>
cip,v,field_207725_v,,,,,field,private final RealmsScrolledSelectionList
ciq,v,field_207727_v,,,,,field,private final RealmsSimpleScrolledSelectionList
cim,o,field_154318_o,,,,,field,private final RealmsButton
cin,v,field_207723_v,,,,,field,private final RealmsClickableScrolledSelectionList
cio,a,field_154330_a,,,,,field,private final RealmsScreen
cfz,c,field_195437_c,,,,,field,private static final org.apache.logging.log4j.Logger
cfz,a,field_78288_b,,,,,field,public int
cfz,b,field_78289_c,,,,,field,public Random
cfz,d,field_78298_i,,,,,field,private final TextureManager
cfz,e,field_211127_e,,,,,field,private final Font
cfz,f,field_78294_m,,,,,field,private boolean
cje,a,field_195170_a,,,,,field,private GuiButton
cje,f,field_146303_a,,,,,field,private final GuiScreen
cje,g,field_146301_f,,,,,field,private final ServerData
cje,h,field_146302_g,,,,,field,private GuiTextField
civ$a,b,field_208613_b,,,,,field,private final String
cji,a,field_205029_a,,,,,field,private final String
cmp,a,field_212134_f,,,,,field,private final GuiScreen
cmp,f,field_212203_f,,,,,field,private final WorldUpgrader
cmq,g,field_184868_g,,,,,field,private static final org.apache.logging.log4j.Logger
cmq,a,field_184864_a,,,,,field,protected GuiScreen
cmq,f,field_184867_f,,,,,field,protected String
cmq,h,field_184869_h,,,,,field,private String
cmq,i,field_146642_y,,,,,field,private GuiButton
cmq,s,field_146641_z,,,,,field,private GuiButton
cmq,t,field_146630_A,,,,,field,private GuiButton
cmq,u,field_184865_t,,,,,field,private GuiButton
cmq,v,field_184866_u,,,,,field,private GuiListWorldSelection
cmn,f,field_146332_f,,,,,field,private final GuiScreen
cmn,g,field_146333_g,,,,,field,private GuiTextField
cmn,h,field_146335_h,,,,,field,private GuiTextField
cmn,i,field_146336_i,,,,,field,private String
cmn,s,field_146342_r,,,,,field,private String
cmn,t,field_175300_s,,,,,field,private String
cmn,u,field_146341_s,,,,,field,private boolean
cmn,v,field_146340_t,,,,,field,private boolean
cmn,w,field_146339_u,,,,,field,private boolean
cmn,x,field_146338_v,,,,,field,private boolean
cmn,y,field_146337_w,,,,,field,private boolean
cmn,z,field_146345_x,,,,,field,private boolean
cmn,A,field_146344_y,,,,,field,private boolean
cmn,B,field_195355_B,,,,,field,private GuiButton
cmn,C,field_146343_z,,,,,field,private GuiButton
cmn,D,field_146324_A,,,,,field,private GuiButton
cmn,E,field_146325_B,,,,,field,private GuiButton
cmn,F,field_146326_C,,,,,field,private GuiButton
cmn,G,field_146320_D,,,,,field,private GuiButton
cmn,H,field_146321_E,,,,,field,private GuiButton
cmn,I,field_146322_F,,,,,field,private GuiButton
cmn,J,field_146323_G,,,,,field,private String
cmn,K,field_146328_H,,,,,field,private String
cmn,L,field_146329_I,,,,,field,private String
cmn,M,field_146330_J,,,,,field,private String
cmn,N,field_146331_K,,,,,field,private int
cmn,a,field_146334_a,,,,,field,public NBTTagCompound
cmn,O,field_146327_L,,,,,field,private static final String[]
cms,v,field_186797_u,,,,,field,private static final org.apache.logging.log4j.Logger
cms,w,field_186798_v,,,,,field,private final GuiWorldSelection
cms,x,field_186800_x,,,,,field,private int
cmo,a,field_195327_a,,,,,field,private GuiButton
cmo,f,field_184858_a,,,,,field,private final GuiScreen
cmo,g,field_184859_f,,,,,field,private GuiTextField
cmo,h,field_184860_g,,,,,field,private final String
cmr,c,field_186780_a,,,,,field,private static final org.apache.logging.log4j.Logger
cmr,d,field_186781_b,,,,,field,private static final DateFormat
cmr,e,field_186782_c,,,,,field,private static final MinecraftKey
cmr,f,field_186783_d,,,,,field,private static final MinecraftKey
cmr,g,field_186784_e,,,,,field,private final Minecraft
cmr,h,field_186785_f,,,,,field,private final GuiWorldSelection
cmr,i,field_186786_g,,,,,field,private final WorldSummary
cmr,j,field_186787_h,,,,,field,private final MinecraftKey
cmr,k,field_186788_i,,,,,field,private final GuiListWorldSelection
cmr,l,field_186789_j,,,,,field,private File
cmr,m,field_186790_k,,,,,field,private final DynamicTexture
cmr,n,field_186791_l,,,,,field,private long
cjg,a,field_195179_a,,,,,field,private GuiButton
cjg,f,field_146310_a,,,,,field,private final GuiScreen
cjg,g,field_146311_h,,,,,field,private final ServerData
cjg,h,field_146308_f,,,,,field,private GuiTextField
cjg,i,field_146309_g,,,,,field,private GuiTextField
cjg,s,field_152176_i,,,,,field,private GuiButton
cjg,t,field_181032_r,,,,,field,private final Predicate<String>
cjk,a,field_146453_a,,,,,field,protected GuiScreen
cjk,f,field_146450_f,,,,,field,private GuiLanguage$List
cjk,g,field_146451_g,,,,,field,private final GameSettings
cjk,h,field_146454_h,,,,,field,private final LanguageManager
cjk,i,field_211832_i,,,,,field,private GuiOptionButton
cjk,s,field_146452_r,,,,,field,private GuiOptionButton
cjw,f,field_146505_f,,,,,field,private final GuiScreen
cjw,g,field_146506_g,,,,,field,private final GameSettings
cjw,a,field_146507_a,,,,,field,protected String
cjw,h,field_146508_h,,,,,field,private String
clo,e,field_148292_c,,,,,field,private final GuiMultiplayer
clo,c,field_148293_a,,,,,field,protected final Minecraft
clo,d,field_148291_b,,,,,field,protected final LanServerInfo
clo,f,field_148290_d,,,,,field,private long
cln,c,field_148288_a,,,,,field,private final Minecraft
clm,a,field_146802_a,,,,,field,private static final org.apache.logging.log4j.Logger
clm,f,field_146797_f,,,,,field,private final ServerPinger
clm,g,field_146798_g,,,,,field,private final GuiScreen
clm,h,field_146803_h,,,,,field,private ServerSelectionList
clm,i,field_146804_i,,,,,field,private ServerList
clm,s,field_146810_r,,,,,field,private GuiButton
clm,t,field_146809_s,,,,,field,private GuiButton
clm,u,field_146808_t,,,,,field,private GuiButton
clm,v,field_146807_u,,,,,field,private boolean
clm,w,field_146806_v,,,,,field,private boolean
clm,x,field_146805_w,,,,,field,private boolean
clm,y,field_146813_x,,,,,field,private boolean
clm,z,field_146812_y,,,,,field,private String
clm,A,field_146811_z,,,,,field,private ServerData
clm,B,field_146799_A,,,,,field,private LanServerDetector$LanServerList
clm,C,field_146800_B,,,,,field,private LanServerDetector$ThreadLanServerFind
clm,D,field_146801_C,,,,,field,private boolean
clq,v,field_148200_k,,,,,field,private final GuiMultiplayer
clq,w,field_148198_l,,,,,field,private final List<ServerListEntryNormal>
clq,x,field_148196_n,,,,,field,private final ServerSelectionList$Entry
clq,y,field_148199_m,,,,,field,private final List<ServerListEntryLanDetected>
clq,z,field_148197_o,,,,,field,private int
clp,c,field_148304_a,,,,,field,private static final org.apache.logging.log4j.Logger
clp,d,field_148302_b,,,,,field,private static final ThreadPoolExecutor
clp,e,field_178015_c,,,,,field,private static final MinecraftKey
clp,f,field_178014_d,,,,,field,private static final MinecraftKey
clp,g,field_148303_c,,,,,field,private final GuiMultiplayer
clp,h,field_148300_d,,,,,field,private final Minecraft
clp,i,field_148301_e,,,,,field,private final ServerData
clp,j,field_148306_i,,,,,field,private final MinecraftKey
clp,k,field_148299_g,,,,,field,private String
clp,l,field_148305_h,,,,,field,private DynamicTexture
clp,m,field_148298_f,,,,,field,private long
cjf,a,field_146306_a,,,,,field,private final String
cjf,f,field_146304_f,,,,,field,private final IChatBaseComponent
cjf,g,field_146305_g,,,,,field,private List<String>
cjf,h,field_146307_h,,,,,field,private final GuiScreen
cjf,i,field_175353_i,,,,,field,private int
cju,a,field_175361_a,,,,,field,private final GuiScreen
cju,f,field_175360_f,,,,,field,private String
cjc,a,field_146347_a,,,,,field,private int
cjc,f,field_184871_f,,,,,field,private final IChatBaseComponent
cli,a,field_146848_f,,,,,field,private final TileEntitySign
cli,f,field_146849_g,,,,,field,private int
cli,g,field_146851_h,,,,,field,private int
cli,h,field_146852_i,,,,,field,private GuiButton
clf$a,o,field_146157_o,,,,,field,private final boolean
clc,w,field_147085_u,,,,,field,private static final MinecraftKey
clc,x,field_147084_v,,,,,field,private final IInventory
clc,y,field_147083_w,,,,,field,private final IInventory
ckq,a,field_146473_a,,,,,field,private static final org.apache.logging.log4j.Logger
ckq,f,field_146466_f,,,,,field,private static final MinecraftKey
ckq,g,field_146468_g,,,,,field,private final EntityHuman
ckq,h,field_146474_h,,,,,field,private final ItemStack
ckq,i,field_146475_i,,,,,field,private final boolean
ckq,s,field_146481_r,,,,,field,private boolean
ckq,t,field_146480_s,,,,,field,private boolean
ckq,u,field_146479_t,,,,,field,private int
ckq,v,field_146478_u,,,,,field,private final int
ckq,w,field_146477_v,,,,,field,private final int
ckq,x,field_146476_w,,,,,field,private int
ckq,y,field_146484_x,,,,,field,private int
ckq,z,field_146483_y,,,,,field,private NBTTagList
ckq,A,field_146482_z,,,,,field,private String
ckq,B,field_175386_A,,,,,field,private List<IChatBaseComponent>
ckq,C,field_175387_B,,,,,field,private int
ckq,D,field_146470_A,,,,,field,private GuiScreenBook$NextPageButton
ckq,E,field_146471_B,,,,,field,private GuiScreenBook$NextPageButton
ckq,F,field_146472_C,,,,,field,private GuiButton
ckq,G,field_146465_D,,,,,field,private GuiButton
ckq,H,field_146467_E,,,,,field,private GuiButton
ckq,I,field_146469_F,,,,,field,private GuiButton
ckm,a,field_195237_a,,,,,field,protected GuiTextField
ckm,f,field_195239_f,,,,,field,protected GuiTextField
ckm,g,field_195240_g,,,,,field,protected GuiButton
ckm,h,field_195241_h,,,,,field,protected GuiButton
ckm,i,field_195242_i,,,,,field,protected GuiButton
ckm,s,field_195238_s,,,,,field,protected boolean
ckm,t,field_209111_t,,,,,field,protected final List<String>
ckm,u,field_209112_u,,,,,field,protected int
ckm,v,field_209113_v,,,,,field,protected int
ckm,w,field_209114_w,,,,,field,protected com.mojang.brigadier.ParseResults<ICompletionProvider>
ckm,x,field_209115_x,,,,,field,protected CompletableFuture<com.mojang.brigadier.suggestion.Suggestions>
ckm,y,field_209116_y,,,,,field,protected GuiCommandBlockBase$SuggestionsList
ckm,z,field_209117_z,,,,,field,protected String
ckw,x,field_147061_u,,,,,field,private static final MinecraftKey
ckw,y,field_195378_x,,,,,field,private static final InventorySubcontainer
ckw,z,field_147058_w,,,,,field,private static int
ckw,A,field_147067_x,,,,,field,private float
ckw,B,field_147066_y,,,,,field,private boolean
ckw,C,field_147062_A,,,,,field,private GuiTextField
ckw,D,field_147063_B,,,,,field,private List<Slot>
ckw,E,field_147064_C,,,,,field,private Slot
ckw,F,field_147059_E,,,,,field,private CreativeCrafting
ckw,G,field_195377_F,,,,,field,private boolean
ckw,H,field_199506_G,,,,,field,private boolean
cld,w,field_147031_u,,,,,field,private static final MinecraftKey
cld,x,field_147030_v,,,,,field,private final IInventory
cld,y,field_147029_w,,,,,field,private final IInventory
cld,z,field_147034_x,,,,,field,private final EntityHorseAbstract
cld,A,field_147033_y,,,,,field,private float
cld,B,field_147032_z,,,,,field,private float
ckw$b,a,field_148330_a,,,,,field,public NonNullList<ItemStack>
ckv,a,field_146109_a,,,,,field,private final Minecraft
cky,w,field_147045_u,,,,,field,protected boolean
ckq$a,o,field_146151_o,,,,,field,private final boolean
ckp$d,o,field_146145_o,,,,,field,private final MinecraftKey
ckp$d,p,field_146144_p,,,,,field,private final int
ckp$d,q,field_146143_q,,,,,field,private final int
ckp$d,r,field_146142_r,,,,,field,private boolean
ckw$c,b,field_148332_b,,,,,field,private final Slot
ckp$c,p,field_184066_p,,,,,field,private final MobEffectList
ckp$c,q,field_146148_q,,,,,field,private final int
ckt,w,field_147017_u,,,,,field,private static final MinecraftKey
ckt,x,field_147016_v,,,,,field,private final IInventory
ckt,y,field_147015_w,,,,,field,private final IInventory
ckt,z,field_147018_x,,,,,field,private final int
cks,A,field_184078_g,,,,,field,private final TileEntityCommand
cks,B,field_184079_s,,,,,field,private GuiButton
cks,C,field_184080_t,,,,,field,private GuiButton
cks,D,field_184081_u,,,,,field,private GuiButton
cks,E,field_184082_w,,,,,field,private TileEntityCommand$Type
cks,F,field_184084_y,,,,,field,private boolean
cks,G,field_184085_z,,,,,field,private boolean
cle,x,field_201555_w,,,,,field,private static final MinecraftKey
cle,y,field_147048_u,,,,,field,private float
cle,z,field_147047_v,,,,,field,private float
cle,A,field_192045_A,,,,,field,private final GuiRecipeBook
cle,B,field_192046_B,,,,,field,private boolean
cle,C,field_194031_B,,,,,field,private boolean
ckp,w,field_147026_u,,,,,field,private static final org.apache.logging.log4j.Logger
ckp,x,field_147025_v,,,,,field,private static final MinecraftKey
ckp,y,field_147024_w,,,,,field,private final IInventory
ckp,z,field_147028_x,,,,,field,private GuiBeacon$ConfirmButton
ckp,A,field_147027_y,,,,,field,private boolean
clh,w,field_190778_u,,,,,field,private static final MinecraftKey
clh,x,field_190779_v,,,,,field,private final IInventory
clh,y,field_190780_w,,,,,field,private final PlayerInventory
cla,D,field_147078_C,,,,,field,private static final MinecraftKey
cla,E,field_147070_D,,,,,field,private static final MinecraftKey
cla,F,field_147072_E,,,,,field,private static final ModelBook
cla,G,field_175379_F,,,,,field,private final PlayerInventory
cla,H,field_147074_F,,,,,field,private final Random
cla,I,field_147075_G,,,,,field,private final ContainerEnchantTable
cla,w,field_147073_u,,,,,field,public int
cla,x,field_147071_v,,,,,field,public float
cla,y,field_147069_w,,,,,field,public float
cla,z,field_147082_x,,,,,field,public float
cla,A,field_147081_y,,,,,field,public float
cla,B,field_147080_z,,,,,field,public float
cla,C,field_147076_A,,,,,field,public float
cla,J,field_147077_B,,,,,field,private ItemStack
cla,K,field_175380_I,,,,,field,private final INamableTileEntity
cko,w,field_147093_u,,,,,field,private static final MinecraftKey
cko,x,field_147092_v,,,,,field,private final ContainerAnvil
cko,y,field_147091_w,,,,,field,private GuiTextField
cko,z,field_147094_x,,,,,field,private final PlayerInventory
cku,w,field_147019_u,,,,,field,private static final MinecraftKey
cku,x,field_201559_w,,,,,field,private static final MinecraftKey
cku,y,field_192050_x,,,,,field,private final GuiRecipeBook
cku,z,field_193112_y,,,,,field,private boolean
clf,w,field_147039_u,,,,,field,private static final org.apache.logging.log4j.Logger
clf,x,field_147038_v,,,,,field,private static final MinecraftKey
clf,y,field_147037_w,,,,,field,private final IMerchant
clf,z,field_147043_x,,,,,field,private GuiMerchant$MerchantButton
clf,A,field_147042_y,,,,,field,private GuiMerchant$MerchantButton
clf,B,field_147041_z,,,,,field,private int
clf,C,field_147040_A,,,,,field,private final IChatBaseComponent
clj,a,field_189845_a,,,,,field,private static final org.apache.logging.log4j.Logger
clj,f,field_189846_f,,,,,field,private final TileEntityStructure
clj,g,field_189847_g,,,,,field,private EnumBlockMirror
clj,h,field_189848_h,,,,,field,private EnumBlockRotation
clj,i,field_189849_i,,,,,field,private BlockPropertyStructureMode
clj,s,field_189850_r,,,,,field,private boolean
clj,t,field_189851_s,,,,,field,private boolean
clj,u,field_189852_t,,,,,field,private boolean
clj,v,field_189853_u,,,,,field,private GuiTextField
clj,w,field_189854_v,,,,,field,private GuiTextField
clj,x,field_189855_w,,,,,field,private GuiTextField
clj,y,field_189856_x,,,,,field,private GuiTextField
clj,z,field_189857_y,,,,,field,private GuiTextField
clj,A,field_189858_z,,,,,field,private GuiTextField
clj,B,field_189825_A,,,,,field,private GuiTextField
clj,C,field_189826_B,,,,,field,private GuiTextField
clj,D,field_189827_C,,,,,field,private GuiTextField
clj,E,field_189828_D,,,,,field,private GuiTextField
clj,F,field_189829_E,,,,,field,private GuiButton
clj,G,field_189830_F,,,,,field,private GuiButton
clj,H,field_189831_G,,,,,field,private GuiButton
clj,I,field_189832_H,,,,,field,private GuiButton
clj,J,field_189833_I,,,,,field,private GuiButton
clj,K,field_189834_J,,,,,field,private GuiButton
clj,L,field_189835_K,,,,,field,private GuiButton
clj,M,field_189836_L,,,,,field,private GuiButton
clj,N,field_189837_M,,,,,field,private GuiButton
clj,O,field_189838_N,,,,,field,private GuiButton
clj,P,field_189839_O,,,,,field,private GuiButton
clj,Q,field_189840_P,,,,,field,private GuiButton
clj,R,field_189841_Q,,,,,field,private GuiButton
clj,S,field_189842_R,,,,,field,private GuiButton
clj,T,field_189843_S,,,,,field,private final List<GuiTextField>
clj,U,field_189844_T,,,,,field,private final DecimalFormat
clg,A,field_184093_g,,,,,field,private final CommandBlockListenerAbstract
ckn,a,field_147001_a,,,,,field,public static final MinecraftKey
ckn,f,field_146999_f,,,,,field,protected int
ckn,g,field_147000_g,,,,,field,protected int
ckn,h,field_147002_h,,,,,field,public Container
ckn,i,field_147003_i,,,,,field,protected int
ckn,s,field_147009_r,,,,,field,protected int
ckn,t,field_147006_u,,,,,field,protected Slot
ckn,w,field_147005_v,,,,,field,private Slot
ckn,x,field_147004_w,,,,,field,private boolean
ckn,y,field_147012_x,,,,,field,private ItemStack
ckn,z,field_147011_y,,,,,field,private int
ckn,A,field_147010_z,,,,,field,private int
ckn,B,field_146989_A,,,,,field,private Slot
ckn,C,field_146990_B,,,,,field,private long
ckn,D,field_146991_C,,,,,field,private ItemStack
ckn,E,field_146985_D,,,,,field,private Slot
ckn,F,field_146986_E,,,,,field,private long
ckn,u,field_147008_s,,,,,field,protected final Set<Slot>
ckn,v,field_147007_t,,,,,field,protected boolean
ckn,G,field_146987_F,,,,,field,private int
ckn,H,field_146988_G,,,,,field,private int
ckn,I,field_146995_H,,,,,field,private boolean
ckn,J,field_146996_I,,,,,field,private int
ckn,K,field_146997_J,,,,,field,private long
ckn,L,field_146998_K,,,,,field,private Slot
ckn,M,field_146992_L,,,,,field,private int
ckn,N,field_146993_M,,,,,field,private boolean
ckn,O,field_146994_N,,,,,field,private ItemStack
clb,x,field_147087_u,,,,,field,private static final MinecraftKey
clb,y,field_201558_x,,,,,field,private static final MinecraftKey
clb,z,field_175383_v,,,,,field,private final PlayerInventory
clb,A,field_147086_v,,,,,field,private final IInventory
clb,w,field_201557_v,,,,,field,public final GuiFurnaceRecipeBook
clb,B,field_201556_A,,,,,field,private boolean
ckz,a,field_148338_a,,,,,field,private static final EnchantmentNameParts
ckz,b,field_148336_b,,,,,field,private final Random
ckz,c,field_148337_c,,,,,field,private final String[]
ckm$a,b,field_209125_b,,,,,field,private final String
ckx,x,field_147088_v,,,,,field,private static final MinecraftKey
ckx,y,field_175376_w,,,,,field,private final PlayerInventory
ckx,w,field_175377_u,,,,,field,public IInventory
ckm$c,b,field_209135_b,,,,,field,private final Rectangle2d
ckm$c,c,field_209136_c,,,,,field,private final com.mojang.brigadier.suggestion.Suggestions
ckm$c,d,field_209137_d,,,,,field,private final GuiCommandBlockBase$LineAccess
ckm$c,e,field_209138_e,,,,,field,private int
ckm$c,f,field_209139_f,,,,,field,private int
ckm$c,g,field_209140_g,,,,,field,private Vec2F
ckm$c,h,field_209141_h,,,,,field,private boolean
ckr,w,field_147014_u,,,,,field,private static final MinecraftKey
ckr,x,field_184857_v,,,,,field,private static final int[]
ckr,y,field_175384_v,,,,,field,private final PlayerInventory
ckr,z,field_147013_v,,,,,field,private final IInventory
ckd,a,field_191802_a,,,,,field,private final Minecraft
ckd,f,field_193938_f,,,,,field,private final GuiScreenAdvancements
ckd,g,field_191803_f,,,,,field,private final AdvancementTabType
ckd,h,field_191804_g,,,,,field,private final int
ckd,i,field_191805_h,,,,,field,private final Advancement
ckd,j,field_191806_i,,,,,field,private final AdvancementDisplay
ckd,k,field_191807_j,,,,,field,private final ItemStack
ckd,l,field_191808_k,,,,,field,private final String
ckd,m,field_191809_l,,,,,field,private final GuiAdvancement
ckd,n,field_191810_m,,,,,field,"private final Map<Advancement, GuiAdvancement>"
ckd,o,field_191811_n,,,,,field,private double
ckd,p,field_191812_o,,,,,field,private double
ckd,q,field_193939_q,,,,,field,private int
ckd,r,field_193940_r,,,,,field,private int
ckd,s,field_191813_p,,,,,field,private int
ckd,t,field_191814_q,,,,,field,private int
ckd,u,field_191815_r,,,,,field,private float
ckd,v,field_192992_s,,,,,field,private boolean
cke,a,ABOVE,,,,,enum,
cke,b,BELOW,,,,,enum,
cke,c,LEFT,,,,,enum,
cke,d,RIGHT,,,,,enum,
cke,e,field_192659_e,,,,,field,public static final int
cke,f,field_192660_f,,,,,field,private final int
cke,g,field_192661_g,,,,,field,private final int
cke,h,field_192662_h,,,,,field,private final int
cke,i,field_192663_i,,,,,field,private final int
cke,j,field_192664_j,,,,,field,private final int
ckh,a,field_191943_f,,,,,field,private static final MinecraftKey
ckh,f,field_191945_g,,,,,field,private static final MinecraftKey
ckh,g,field_191946_h,,,,,field,private final ClientAdvancementManager
ckh,h,field_191947_i,,,,,field,"private final Map<Advancement, GuiAdvancementTab>"
ckh,i,field_191940_s,,,,,field,private GuiAdvancementTab
ckh,s,field_191944_v,,,,,field,private boolean
ckg,a,OBTAINED,,,,,enum,
ckg,b,UNOBTAINED,,,,,enum,
ckg,c,field_192671_d,,,,,field,private final int
ckf,a,field_191827_a,,,,,field,private static final MinecraftKey
ckf,f,field_192996_f,,,,,field,private static final Pattern
ckf,g,field_191828_f,,,,,field,private final GuiAdvancementTab
ckf,h,field_191829_g,,,,,field,private final Advancement
ckf,i,field_191830_h,,,,,field,private final AdvancementDisplay
ckf,j,field_191831_i,,,,,field,private final String
ckf,k,field_191832_j,,,,,field,private final int
ckf,l,field_192997_l,,,,,field,private final List<String>
ckf,m,field_191833_k,,,,,field,private final Minecraft
ckf,n,field_191834_l,,,,,field,private GuiAdvancement
ckf,o,field_191835_m,,,,,field,private final List<GuiAdvancement>
ckf,p,field_191836_n,,,,,field,private AdvancementProgress
ckf,q,field_191837_o,,,,,field,private final int
ckf,r,field_191826_p,,,,,field,private final int
cjb,a,field_146385_f,,,,,field,private final GuiCreateWorld
cjb,f,field_146387_g,,,,,field,private GeneratorSettingsFlat
cjb,g,field_146393_h,,,,,field,private String
cjb,h,field_146394_i,,,,,field,private String
cjb,i,field_146391_r,,,,,field,private String
cjb,s,field_146390_s,,,,,field,private GuiCreateFlatWorld$Details
cjb,t,field_146389_t,,,,,field,private GuiButton
cjb,u,field_146388_u,,,,,field,private GuiButton
cjb,v,field_146386_v,,,,,field,private GuiButton
cjk$a,w,field_148176_l,,,,,field,private final List<String>
cjk$a,x,field_148177_m,,,,,field,"private final Map<String, Language>"
cjm,f,field_146440_f,,,,,field,private static final GameSettings$Options[]
cjm,g,field_146441_g,,,,,field,private final GuiScreen
cjm,h,field_146443_h,,,,,field,private final GameSettings
cjm,i,field_175357_i,,,,,field,private GuiButton
cjm,s,field_175356_r,,,,,field,private GuiLockIconButton
cjm,a,field_146442_a,,,,,field,protected String
cis,h,field_201552_h,,,,,field,private final Runnable
cis,a,field_201548_a,,,,,field,protected final IChatBaseComponent
cis,f,field_201550_f,,,,,field,protected final IChatBaseComponent
cis,i,field_201553_i,,,,,field,private final List<String>
cis,g,field_201551_g,,,,,field,protected String
cis,s,field_201549_s,,,,,field,private int
ciu,a,field_146399_a,,,,,field,private static final GameSettings$Options[]
ciu,f,field_146396_g,,,,,field,private final GuiScreen
ciu,g,field_146400_h,,,,,field,private final GameSettings
ciu,h,field_146401_i,,,,,field,private String
ciu,i,field_193025_i,,,,,field,private GuiOptionButton
ciy,a,field_146355_a,,,,,field,protected GuiYesNoCallback
ciy,f,field_146351_f,,,,,field,protected String
ciy,s,field_146354_r,,,,,field,private final String
ciy,t,field_175298_s,,,,,field,private final List<String>
ciy,g,field_146352_g,,,,,field,protected String
ciy,h,field_146356_h,,,,,field,protected String
ciy,i,field_146357_i,,,,,field,protected int
ciy,u,field_146353_s,,,,,field,private int
cjw$a,r,field_184063_r,,,,,field,private final SoundCategory
cjw$a,s,field_146152_s,,,,,field,private final String
cjw$a,o,field_146156_o,,,,,field,public double
cjw$a,p,field_146155_p,,,,,field,public boolean
cjz,a,field_146580_a,,,,,field,private static final org.apache.logging.log4j.Logger
cjz,f,field_146576_f,,,,,field,private static final MinecraftKey
cjz,g,field_194401_g,,,,,field,private static final MinecraftKey
cjz,h,field_146577_g,,,,,field,private static final MinecraftKey
cjz,i,field_193980_h,,,,,field,private final boolean
cjz,s,field_193981_i,,,,,field,private final Runnable
cjz,t,field_146581_h,,,,,field,private float
cjz,u,field_146582_i,,,,,field,private List<String>
cjz,v,field_146579_r,,,,,field,private int
cjz,w,field_146578_s,,,,,field,private float
cjq,a,field_146591_a,,,,,field,private String
cjq,f,field_146589_f,,,,,field,private String
cjq,g,field_146590_g,,,,,field,private int
cjq,h,field_146592_h,,,,,field,private boolean
cjt,a,field_146598_a,,,,,field,private final GuiScreen
cjt,f,field_146596_f,,,,,field,private GuiButton
cjt,g,field_146597_g,,,,,field,private GuiButton
cjt,h,field_146599_h,,,,,field,private String
cjt,i,field_146600_i,,,,,field,private boolean
civ$d,b,field_198505_b,,,,,field,private final Rectangle2d
civ$d,c,field_198506_c,,,,,field,private final com.mojang.brigadier.suggestion.Suggestions
civ$d,d,field_208616_d,,,,,field,private final GuiChat$LineAccess
civ$d,e,field_198507_d,,,,,field,private int
civ$d,f,field_198508_e,,,,,field,private int
civ$d,g,field_198509_f,,,,,field,private Vec2F
civ$d,h,field_199880_h,,,,,field,private boolean
cjl,a,field_195189_a,,,,,field,private static final org.apache.logging.log4j.Logger
cjl,f,field_195190_f,,,,,field,private static final MinecraftKey
cjl,g,field_195191_g,,,,,field,private MinecraftKey
cjh,a,field_146313_a,,,,,field,private final String
cjh,f,field_146312_f,,,,,field,private final String
cjs,a,field_175287_a,,,,,field,private static final org.apache.logging.log4j.Logger
cjs,f,field_175284_f,,,,,field,private static final Set<String>
cjs,j,field_195124_j,,,,,field,protected final List<IGuiEventListener>
cjs,k,field_146297_k,,,,,field,protected Minecraft
cjs,l,field_146296_j,,,,,field,protected ItemRenderer
cjs,m,field_146294_l,,,,,field,public int
cjs,n,field_146295_m,,,,,field,public int
cjs,o,field_146292_n,,,,,field,protected final List<GuiButton>
cjs,p,field_146293_o,,,,,field,protected final List<GuiLabel>
cjs,q,field_146291_p,,,,,field,public boolean
cjs,r,field_146289_q,,,,,field,protected FontRenderer
cjs,g,field_175286_t,,,,,field,private URI
cit,s,field_212110_s,,,,,field,private final GuiScreen
cit,a,field_212109_a,,,,,field,protected GuiConfirmBackup$ICallback
cit,f,field_212113_f,,,,,field,protected String
cit,t,field_212111_t,,,,,field,private final String
cit,u,field_212112_u,,,,,field,private final List<String>
cit,g,field_212114_g,,,,,field,protected String
cit,h,field_212115_h,,,,,field,protected String
cit,i,field_212116_i,,,,,field,protected String
cjp$b,v,field_148175_k,,,,,field,public int
civ,i,field_208608_i,,,,,field,private static final Pattern
civ,s,field_146410_g,,,,,field,private String
civ,t,field_146416_h,,,,,field,private int
civ,a,field_146415_a,,,,,field,protected GuiTextField
civ,u,field_146409_v,,,,,field,private String
civ,f,field_195136_f,,,,,field,protected final List<String>
civ,g,field_195138_g,,,,,field,protected int
civ,h,field_195140_h,,,,,field,protected int
civ,v,field_195135_u,,,,,field,private com.mojang.brigadier.ParseResults<ICompletionProvider>
civ,w,field_195137_v,,,,,field,private CompletableFuture<com.mojang.brigadier.suggestion.Suggestions>
civ,x,field_195139_w,,,,,field,private GuiChat$SuggestionsList
civ,y,field_195141_x,,,,,field,private String
civ,z,field_211139_z,,,,,field,private boolean
ckj$a,d,field_148285_b,,,,,field,private final String
ckj$a,e,field_148286_c,,,,,field,private final int
ckk,h,field_146492_g,,,,,field,private static final GameSettings$Options[]
ckk,i,field_146496_h,,,,,field,private final GuiScreen
ckk,a,field_146495_a,,,,,field,protected String
ckk,s,field_146497_i,,,,,field,private final GameSettings
ckk,f,field_146491_f,,,,,field,public KeyBinding
ckk,g,field_152177_g,,,,,field,public long
ckk,t,field_146494_r,,,,,field,private GuiKeyBindingList
ckk,u,field_146493_s,,,,,field,private GuiButton
ckj,v,field_148191_k,,,,,field,private final GuiControls
ckj,w,field_148189_l,,,,,field,private final Minecraft
ckj,x,field_148188_n,,,,,field,private int
ckj$c,d,field_148282_b,,,,,field,private final KeyBinding
ckj$c,e,field_148283_c,,,,,field,private final String
ckj$c,f,field_148280_d,,,,,field,private final GuiButton
ckj$c,g,field_148281_e,,,,,field,private final GuiButton
cjx,f,field_175374_h,,,,,field,private static final Random
cjx,g,field_73974_b,,,,,field,private final float
cjx,h,field_73975_c,,,,,field,private String
cjx,i,field_195209_i,,,,,field,private GuiButton
cjx,s,field_73973_d,,,,,field,private GuiButton
cjx,t,field_104025_t,,,,,field,private final Object
cjx,a,field_96138_a,,,,,field,public static final String
cjx,u,field_92024_r,,,,,field,private int
cjx,v,field_92023_s,,,,,field,private int
cjx,w,field_92022_t,,,,,field,private int
cjx,x,field_92021_u,,,,,field,private int
cjx,y,field_92020_v,,,,,field,private int
cjx,z,field_92019_w,,,,,field,private int
cjx,A,field_92025_p,,,,,field,private String
cjx,B,field_146972_A,,,,,field,private String
cjx,C,field_104024_v,,,,,field,private String
cjx,D,field_110353_x,,,,,field,private static final MinecraftKey
cjx,E,field_110352_y,,,,,field,private static final MinecraftKey
cjx,F,field_194400_H,,,,,field,private static final MinecraftKey
cjx,G,field_183502_L,,,,,field,private boolean
cjx,H,field_183503_M,,,,,field,private GuiScreen
cjx,I,field_193978_M,,,,,field,private int
cjx,J,field_193979_N,,,,,field,private int
cjx,K,field_209101_K,,,,,field,private final RenderSkybox
clu$a$a,a,field_201705_a,,,,,field,public ItemStack[]
clu$a$a,b,field_201706_b,,,,,field,public int
clu$a$a,c,field_201707_c,,,,,field,public int
cmc,m,field_201525_l,,,,,field,private Iterator<Item>
cmc,n,field_201526_m,,,,,field,private Set<Item>
cmc,o,field_201527_n,,,,,field,private Slot
cmc,p,field_201528_o,,,,,field,private Item
cmc,q,field_201524_p,,,,,field,private float
clu,a,field_191847_a,,,,,field,private static final MinecraftKey
clu,f,field_193972_f,,,,,field,private final List<GuiRecipeOverlay$Button>
clu,g,field_191850_h,,,,,field,private boolean
clu,h,field_191851_i,,,,,field,private int
clu,i,field_191852_j,,,,,field,private int
clu,j,field_191853_k,,,,,field,private Minecraft
clu,k,field_191848_f,,,,,field,private RecipeList
clu,l,field_193973_l,,,,,field,private IRecipe
clu,m,field_193974_m,,,,,field,private float
clu,n,field_201704_n,,,,,field,private boolean
clt,a,field_192687_a,,,,,field,private IRecipe
clt,b,field_192688_b,,,,,field,private final List<GhostRecipe$GhostIngredient>
clt,c,field_194190_c,,,,,field,private float
clz,a,field_192713_b,,,,,field,private final List<IRecipe>
clz,b,field_194215_b,,,,,field,private final Set<IRecipe>
clz,c,field_194216_c,,,,,field,private final Set<IRecipe>
clz,d,field_194217_d,,,,,field,private final Set<IRecipe>
clz,e,field_194218_e,,,,,field,private boolean
clv,a,field_191894_a,,,,,field,protected static final MinecraftKey
clv,m,field_191903_n,,,,,field,private int
clv,n,field_191904_o,,,,,field,private int
clv,o,field_191905_p,,,,,field,private int
clv,f,field_191915_z,,,,,field,protected final GhostRecipe
clv,p,field_193018_j,,,,,field,private final List<GuiButtonRecipeTab>
clv,q,field_191913_x,,,,,field,private GuiButtonRecipeTab
clv,g,field_193960_m,,,,,field,protected GuiButtonToggle
clv,h,field_201522_g,,,,,field,protected ContainerRecipeBook
clv,i,field_191888_F,,,,,field,protected Minecraft
clv,r,field_193962_q,,,,,field,private GuiTextField
clv,s,field_193963_r,,,,,field,private String
clv,j,field_193964_s,,,,,field,protected RecipeBookClient
clv,k,field_193022_s,,,,,field,protected final RecipeBookPage
clv,l,field_193965_u,,,,,field,protected final AutoRecipeStackManager
clv,t,field_193966_v,,,,,field,private int
clv,u,field_199738_u,,,,,field,private boolean
clt$a,b,field_194186_b,,,,,field,private final RecipeItemStack
clt$a,c,field_192678_b,,,,,field,private final int
clt$a,d,field_192679_c,,,,,field,private final int
clx,u,field_193921_u,,,,,field,private final RecipeBookCategories
clx,v,field_193922_v,,,,,field,private float
clw,a,field_193743_h,,,,,field,private final List<GuiButtonRecipe>
clw,b,field_194201_b,,,,,field,private GuiButtonRecipe
clw,c,field_194202_c,,,,,field,private final GuiRecipeOverlay
clw,d,field_193754_s,,,,,field,private Minecraft
clw,e,field_193757_v,,,,,field,private final List<IRecipeUpdateListener>
clw,f,field_194203_f,,,,,field,private List<RecipeList>
clw,g,field_193740_e,,,,,field,private GuiButtonToggle
clw,h,field_193741_f,,,,,field,private GuiButtonToggle
clw,i,field_193737_b,,,,,field,private int
clw,j,field_193738_c,,,,,field,private int
clw,k,field_194204_k,,,,,field,private RecipeBook
clw,l,field_194205_l,,,,,field,private IRecipe
clw,m,field_194206_m,,,,,field,private RecipeList
cly,o,field_191780_o,,,,,field,private static final MinecraftKey
cly,p,field_203401_p,,,,,field,private ContainerRecipeBook
cly,q,field_193930_p,,,,,field,private RecipeBook
cly,r,field_191774_p,,,,,field,private RecipeList
cly,s,field_193931_r,,,,,field,private float
cly,t,field_191778_t,,,,,field,private float
cly,u,field_193932_t,,,,,field,private int
clu$a,q,field_193924_p,,,,,field,private final IRecipe
clu$a,r,field_193925_q,,,,,field,private final boolean
clu$a,o,field_201506_o,,,,,field,protected final List<GuiRecipeOverlay$Button$Child>
cjv,a,field_146608_a,,,,,field,private final GuiScreen
cjv,f,field_146603_f,,,,,field,private final GameSettings
cjv,g,field_146604_g,,,,,field,private final List<String>
cjv,h,field_146609_h,,,,,field,private final List<String>
cjv,i,field_146610_i,,,,,field,private String
cjv,s,field_146607_r,,,,,field,private String[]
cjv,t,field_146606_s,,,,,field,private GuiSnooper$List
cjv,u,field_146605_t,,,,,field,private GuiButton
cjb$a,v,field_148228_k,,,,,field,public int
cja,a,field_205310_a,,,,,field,private static final List<MinecraftKey>
cja,f,field_205314_f,,,,,field,private final GuiCreateWorld
cja,g,field_205315_g,,,,,field,private final List<MinecraftKey>
cja,h,field_205316_h,,,,,field,private final MinecraftKey[]
cja,i,field_205317_i,,,,,field,private String
cja,s,field_205311_s,,,,,field,private GuiCreateBuffetWorld$BiomeList
cja,t,field_205312_t,,,,,field,private int
cja,u,field_205313_u,,,,,field,private GuiButton
cju$a,p,field_175234_p,,,,,field,private final EnumPlayerModelParts
cka$b,v,field_195113_v,,,,,field,protected final List<StatisticWrapper<Block>>
cka$b,w,field_195114_w,,,,,field,protected final List<StatisticWrapper<Item>>
cka$b,D,field_195112_D,,,,,field,private final int[]
cka$b,x,field_195115_x,,,,,field,protected int
cka$b,y,field_195116_y,,,,,field,protected final List<Item>
cka$b,z,field_195117_z,,,,,field,protected final Comparator<Item>
cka$b,A,field_195110_A,,,,,field,protected StatisticWrapper<?>
cka$b,B,field_195111_B,,,,,field,protected int
cka$c,w,field_148222_l,,,,,field,private final List<EntityTypes<?>>
cka,a,field_146549_a,,,,,field,protected GuiScreen
cka,f,field_146542_f,,,,,field,protected String
cka,g,field_146550_h,,,,,field,private GuiStats$StatsGeneral
cka,h,field_146551_i,,,,,field,private GuiStats$StatsItem
cka,i,field_146547_s,,,,,field,private GuiStats$StatsMobsList
cka,s,field_146546_t,,,,,field,private final StatisticManager
cka,t,field_146545_u,,,,,field,private GuiSlot
cka,u,field_146543_v,,,,,field,private boolean
cka$a,w,field_195102_w,,,,,field,private Iterator<Statistic<MinecraftKey>>
ckb,f_,field_146510_b_,,,,,field,String[]
ciw,s,field_146363_r,,,,,field,private final String
ciw,t,field_146362_s,,,,,field,private final String
ciw,u,field_146361_t,,,,,field,private final String
ciw,v,field_146360_u,,,,,field,private boolean
cjp,a,field_146431_f,,,,,field,private static final List<GuiFlatPresets$LayerItem>
cjp,f,field_146432_g,,,,,field,private final GuiCreateFlatWorld
cjp,g,field_146438_h,,,,,field,private String
cjp,h,field_146439_i,,,,,field,private String
cjp,i,field_146436_r,,,,,field,private String
cjp,s,field_146435_s,,,,,field,private GuiFlatPresets$ListSlot
cjp,t,field_146434_t,,,,,field,private GuiButton
cjp,u,field_146433_u,,,,,field,private GuiTextField
ciz,a,field_146372_a,,,,,field,private static final AtomicInteger
ciz,f,field_146370_f,,,,,field,private static final org.apache.logging.log4j.Logger
ciz,g,field_146371_g,,,,,field,private NetworkManager
ciz,h,field_146373_h,,,,,field,private boolean
ciz,i,field_146374_i,,,,,field,private final GuiScreen
ciz,s,field_209515_s,,,,,field,private IChatBaseComponent
cjy,f,field_146498_f,,,,,field,private final GuiScreen
cjy,a,field_146500_a,,,,,field,protected String
cjy,g,field_146499_g,,,,,field,private final GameSettings
cjy,h,field_146501_h,,,,,field,private GuiOptionsRowList
cjy,i,field_146502_i,,,,,field,private static final GameSettings$Options[]
cjp$a,a,field_148234_a,,,,,field,public Item
cjp$a,b,field_148232_b,,,,,field,public String
cjp$a,c,field_148233_c,,,,,field,public String
cme,a,field_146965_f,,,,,field,private final GuiScreen
cme,f,field_146970_i,,,,,field,private GuiResourcePackAvailable
cme,g,field_146967_r,,,,,field,private GuiResourcePackSelected
cme,h,field_175289_s,,,,,field,private boolean
cmi,v,field_148205_k,,,,,field,protected final Minecraft
cmf,e,field_195028_e,,,,,field,private static final MinecraftKey
cmf,f,field_195029_f,,,,,field,private static final IChatBaseComponent
cmf,g,field_195030_g,,,,,field,private static final IChatBaseComponent
cmf,c,field_195026_c,,,,,field,protected final Minecraft
cmf,d,field_195027_d,,,,,field,protected final GuiScreenResourcePacks
cmf,h,field_148319_c,,,,,field,private final ResourcePackInfoClient
cjd,a,field_146348_f,,,,,field,private static final MinecraftKey
cgb,b,field_110325_k,,,,,field,public static final MinecraftKey
cgb,c,field_110323_l,,,,,field,public static final MinecraftKey
cgb,d,field_110324_m,,,,,field,public static final MinecraftKey
cgb,e,field_73735_i,,,,,field,protected float
cga,f,field_110329_b,,,,,field,private static final MinecraftKey
cga,g,field_110330_c,,,,,field,private static final MinecraftKey
cga,h,field_110328_d,,,,,field,private static final MinecraftKey
cga,i,field_73842_c,,,,,field,private final Random
cga,j,field_73839_d,,,,,field,private final Minecraft
cga,k,field_73841_b,,,,,field,private final ItemRenderer
cga,l,field_73840_e,,,,,field,private final GuiNewChat
cga,m,field_73837_f,,,,,field,private int
cga,n,field_73838_g,,,,,field,private String
cga,o,field_73845_h,,,,,field,private int
cga,p,field_73844_j,,,,,field,private boolean
cga,a,field_73843_a,,,,,field,public float
cga,q,field_92017_k,,,,,field,private int
cga,r,field_92016_l,,,,,field,private ItemStack
cga,s,field_175198_t,,,,,field,private final GuiOverlayDebug
cga,t,field_184049_t,,,,,field,private final GuiSubtitleOverlay
cga,u,field_175197_u,,,,,field,private final GuiSpectator
cga,v,field_175196_v,,,,,field,private final GuiPlayerTabOverlay
cga,w,field_184050_w,,,,,field,private final GuiBossOverlay
cga,x,field_175195_w,,,,,field,private int
cga,y,field_175201_x,,,,,field,private String
cga,z,field_175200_y,,,,,field,private String
cga,A,field_175199_z,,,,,field,private int
cga,B,field_175192_A,,,,,field,private int
cga,C,field_175193_B,,,,,field,private int
cga,D,field_175194_C,,,,,field,private int
cga,E,field_175189_D,,,,,field,private int
cga,F,field_175190_E,,,,,field,private long
cga,G,field_175191_F,,,,,field,private long
cga,H,field_194811_H,,,,,field,private int
cga,I,field_194812_I,,,,,field,private int
cga,J,field_191743_I,,,,,field,"private final Map<ChatMessageType, List<IChatListener>>"
cgc,a,field_148253_a,,,,,field,private static final MinecraftKey
cgc,b,field_148251_b,,,,,field,private final TextureManager
cgc,c,field_148252_c,,,,,field,"private final Map<String, MapItemRenderer$Instance>"
cgv$a,a,field_195004_a,,,,,field,protected GuiListExtended<E>
cgv$a,b,field_195005_b,,,,,field,protected int
cgv$b,b,field_198174_b,,,,,field,private final List<E>
cgu,o,field_175231_o,,,,,field,private boolean
cgw,o,field_146137_o,,,,,field,private final GameSettings$Options
cgv,v,field_195087_v,,,,,field,private final List<E>
cgz,a,field_175252_a,,,,,field,private static final com.google.common.collect.Ordering<NetworkPlayerInfo>
cgz,f,field_175250_f,,,,,field,private final Minecraft
cgz,g,field_175251_g,,,,,field,private final GuiIngame
cgz,h,field_175255_h,,,,,field,private IChatBaseComponent
cgz,i,field_175256_i,,,,,field,private IChatBaseComponent
cgz,j,field_175253_j,,,,,field,private long
cgz,k,field_175254_k,,,,,field,private boolean
chd,a,field_184069_a,,,,,field,private final Minecraft
chd,f,field_184070_f,,,,,field,private final List<GuiSubtitleOverlay$Subtitle>
chd,g,field_184071_g,,,,,field,private boolean
cgm,a,field_175242_a,,,,,field,private final Minecraft
cgm,f,field_175241_f,,,,,field,private final FontRenderer
cgm,g,field_211537_g,,,,,field,private MovingObjectPosition
cgm,h,field_211538_h,,,,,field,private MovingObjectPosition
cgq,a,field_146167_a,,,,,field,protected int
cgq,f,field_146161_f,,,,,field,protected int
cgq,g,field_146162_g,,,,,field,public int
cgq,h,field_146174_h,,,,,field,public int
cgq,k,field_146173_k,,,,,field,private final List<String>
cgq,l,field_146170_l,,,,,field,private boolean
cgq,j,field_146172_j,,,,,field,public boolean
cgq,m,field_146171_m,,,,,field,private boolean
cgq,n,field_146168_n,,,,,field,private final int
cgq,o,field_146169_o,,,,,field,private int
cgq,p,field_146166_p,,,,,field,private int
cgq,q,field_146165_q,,,,,field,private int
cgq,r,field_146164_r,,,,,field,private final FontRenderer
cgq,s,field_146163_s,,,,,field,private int
cgi,a,field_184058_a,,,,,field,private static final MinecraftKey
cgi,f,field_184059_f,,,,,field,private final Minecraft
cgi,g,field_184060_g,,,,,field,"private final Map<UUID, BossInfoClient>"
chd$a,b,field_186828_b,,,,,field,private final String
chd$a,c,field_186829_c,,,,,field,private long
chd$a,d,field_186830_d,,,,,field,private Vec3D
cgp,o,field_191750_o,,,,,field,private final MinecraftKey
cgp,p,field_191747_p,,,,,field,private final int
cgp,q,field_191748_q,,,,,field,private final int
cgp,r,field_191749_r,,,,,field,private final int
chc,o,field_191760_o,,,,,field,protected MinecraftKey
chc,p,field_191755_p,,,,,field,protected boolean
chc,q,field_191756_q,,,,,field,protected int
chc,r,field_191757_r,,,,,field,protected int
chc,s,field_191758_s,,,,,field,protected int
chc,t,field_191759_t,,,,,field,protected int
cgx$a,d,field_148323_b,,,,,field,private final GuiButton
cgx$a,e,field_148324_c,,,,,field,private final GuiButton
cgs,h,field_186766_h,,,,,field,protected float
cgs,i,field_186767_i,,,,,field,protected long
cha,a,field_148161_k,,,,,field,protected final Minecraft
cha,f,field_148155_a,,,,,field,protected int
cha,g,field_148158_l,,,,,field,protected int
cha,h,field_148153_b,,,,,field,protected int
cha,i,field_148154_c,,,,,field,protected int
cha,j,field_148151_d,,,,,field,protected int
cha,k,field_148152_e,,,,,field,protected int
cha,l,field_148149_f,,,,,field,protected final int
cha,m,field_148163_i,,,,,field,protected boolean
cha,n,field_148157_o,,,,,field,protected int
cha,o,field_148169_q,,,,,field,protected double
cha,p,field_148168_r,,,,,field,protected int
cha,q,field_148167_s,,,,,field,protected long
cha,r,field_178041_q,,,,,field,protected boolean
cha,s,field_148166_t,,,,,field,protected boolean
cha,t,field_148165_u,,,,,field,protected boolean
cha,u,field_148160_j,,,,,field,protected int
cha,v,field_195084_v,,,,,field,private boolean
cgu$a,a,LOCKED,,,,,enum,
cgu$a,b,LOCKED_HOVER,,,,,enum,
cgu$a,c,LOCKED_DISABLED,,,,,enum,
cgu$a,d,UNLOCKED,,,,,enum,
cgu$a,e,UNLOCKED_HOVER,,,,,enum,
cgu$a,f,UNLOCKED_DISABLED,,,,,enum,
cgu$a,g,field_178914_g,,,,,field,private final int
cgu$a,h,field_178920_h,,,,,field,private final int
cgk,a,field_146249_a,,,,,field,private static final org.apache.logging.log4j.Logger
cgk,f,field_146247_f,,,,,field,private final Minecraft
cgk,g,field_146248_g,,,,,field,private final List<String>
cgk,h,field_146252_h,,,,,field,private final List<ChatLine>
cgk,i,field_146253_i,,,,,field,private final List<ChatLine>
cgk,j,field_146250_j,,,,,field,private int
cgk,k,field_146251_k,,,,,field,private boolean
cgj,a,field_146122_a,,,,,field,protected static final MinecraftKey
cgj,f,field_146120_f,,,,,field,protected int
cgj,g,field_146121_g,,,,,field,protected int
cgj,h,field_146128_h,,,,,field,public int
cgj,i,field_146129_i,,,,,field,public int
cgj,j,field_146126_j,,,,,field,public String
cgj,k,field_146127_k,,,,,field,public int
cgj,l,field_146124_l,,,,,field,public boolean
cgj,m,field_146125_m,,,,,field,public boolean
cgj,n,field_146123_n,,,,,field,protected boolean
cgj,o,field_194832_o,,,,,field,private boolean
cgn,g,field_175208_g,,,,,field,private final int
cgn,h,field_146211_a,,,,,field,private final FontRenderer
cgn,a,field_146209_f,,,,,field,public int
cgn,f,field_146210_g,,,,,field,public int
cgn,i,field_146218_h,,,,,field,private final int
cgn,j,field_146219_i,,,,,field,private final int
cgn,k,field_146216_j,,,,,field,private String
cgn,l,field_146217_k,,,,,field,private int
cgn,m,field_146214_l,,,,,field,private int
cgn,n,field_146215_m,,,,,field,private boolean
cgn,o,field_146212_n,,,,,field,private boolean
cgn,p,field_146213_o,,,,,field,private boolean
cgn,q,field_146226_p,,,,,field,private boolean
cgn,r,field_146225_q,,,,,field,private int
cgn,s,field_146224_r,,,,,field,private int
cgn,t,field_146223_s,,,,,field,private int
cgn,u,field_146222_t,,,,,field,private int
cgn,v,field_146221_u,,,,,field,private int
cgn,w,field_146220_v,,,,,field,private boolean
cgn,x,field_195614_x,,,,,field,private String
cgn,y,field_175210_x,,,,,field,"private BiConsumer<Integer, String>"
cgn,z,field_175209_y,,,,,field,private Predicate<String>
cgn,A,field_195613_A,,,,,field,"private BiFunction<String, Integer, String>"
chb,p,field_146134_p,,,,,field,private double
chb,o,field_146135_o,,,,,field,public boolean
chb,q,field_146133_q,,,,,field,private final GameSettings$Options
chb,r,field_146132_r,,,,,field,private final double
chb,s,field_146131_s,,,,,field,private final double
chk,f,field_175267_f,,,,,field,private static final MinecraftKey
chk,a,field_175269_a,,,,,field,public static final MinecraftKey
chk,g,field_175268_g,,,,,field,private final Minecraft
chk,h,field_175270_h,,,,,field,private long
chk,i,field_175271_i,,,,,field,private SpectatorMenu
chq$a,b,field_193688_b,,,,,field,private final T
chq$a,c,field_193689_c,,,,,field,private long
chq$a,d,field_193690_d,,,,,field,private long
chq$a,e,field_193691_e,,,,,field,private IToast$Visibility
cho,c,field_193659_c,,,,,field,private final SystemToast$Type
cho,d,field_193660_d,,,,,field,private String
cho,e,field_193661_e,,,,,field,private String
cho,f,field_193662_f,,,,,field,private long
cho,g,field_193663_g,,,,,field,private boolean
cho$a,a,TUTORIAL_HINT,,,,,enum,
cho$a,b,NARRATOR_TOGGLE,,,,,enum,
cho$a,c,WORLD_BACKUP,,,,,enum,
chp$a,a,SHOW,,,,,enum,
chp$a,b,HIDE,,,,,enum,
chp$a,c,field_194170_c,,,,,field,private final SoundEffect
chn,c,field_202906_c,,,,,field,private final List<IRecipe>
chn,d,field_193667_d,,,,,field,private long
chn,e,field_193668_e,,,,,field,private boolean
chr$a,a,MOVEMENT_KEYS,,,,,enum,
chr$a,b,MOUSE,,,,,enum,
chr$a,c,TREE,,,,,enum,
chr$a,d,RECIPE_BOOK,,,,,enum,
chr$a,e,WOODEN_PLANKS,,,,,enum,
chr$a,f,field_193703_f,,,,,field,private final int
chr$a,g,field_193704_g,,,,,field,private final int
chr,c,field_193671_c,,,,,field,private final TutorialToast$Icons
chr,d,field_193672_d,,,,,field,private final String
chr,e,field_193673_e,,,,,field,private final String
chr,f,field_193674_f,,,,,field,private IToast$Visibility
chr,g,field_193675_g,,,,,field,private long
chr,h,field_193676_h,,,,,field,private float
chr,i,field_193677_i,,,,,field,private float
chr,j,field_193678_j,,,,,field,private final boolean
chm,c,field_193679_c,,,,,field,private final Advancement
chm,d,field_194168_d,,,,,field,private boolean
chq,a,field_191790_f,,,,,field,private final Minecraft
chq,f,field_191791_g,,,,,field,private final GuiToast$ToastInstance<?>[]
chq,g,field_191792_h,,,,,field,private final Deque<IToast>
chp,a,field_193654_a,,,,,field,MinecraftKey
chp,b,field_193655_b,,,,,field,Object
chf,a,field_195075_a,,,,,field,private IGuiEventListener
chf,f,field_195076_f,,,,,field,private boolean
cna,a,field_178684_a,,,,,field,private final ISpectatorMenuView
cna,b,field_178682_b,,,,,field,private final List<ISpectatorMenuObject>
cna,c,field_178683_c,,,,,field,private final int
cnc$a,b,field_178676_b,,,,,field,private final ScoreboardTeam
cnc$a,c,field_178677_c,,,,,field,private final MinecraftKey
cnc$a,d,field_178675_d,,,,,field,private final List<NetworkPlayerInfo>
cnb,a,field_178674_a,,,,,field,private static final com.google.common.collect.Ordering<NetworkPlayerInfo>
cnb,b,field_178673_b,,,,,field,private final List<ISpectatorMenuObject>
cnc,a,field_178672_a,,,,,field,private final List<ISpectatorMenuObject>
cmv,a,field_178671_a,,,,,field,private final List<ISpectatorMenuObject>
cmw,b,field_178655_b,,,,,field,private static final ISpectatorMenuObject
cmw,c,field_178656_c,,,,,field,private static final ISpectatorMenuObject
cmw,d,field_178653_d,,,,,field,private static final ISpectatorMenuObject
cmw,e,field_178654_e,,,,,field,private static final ISpectatorMenuObject
cmw,a,field_178657_a,,,,,field,public static final ISpectatorMenuObject
cmw,f,field_178651_f,,,,,field,private final ISpectatorMenuRecipient
cmw,g,field_178652_g,,,,,field,private final List<SpectatorDetails>
cmw,h,field_178659_h,,,,,field,private ISpectatorMenuView
cmw,i,field_178660_i,,,,,field,private int
cmw,j,field_178658_j,,,,,field,private int
cmw$b,a,field_178666_a,,,,,field,private final int
cmw$b,b,field_178665_b,,,,,field,private final boolean
cmu,a,field_178668_a,,,,,field,private final com.mojang.authlib.GameProfile
cmu,b,field_178667_b,,,,,field,private final MinecraftKey
cfb,a,field_74543_a,,,,,field,private final int
cfb,b,field_74541_b,,,,,field,private final IChatBaseComponent
cfb,c,field_74542_c,,,,,field,private final int
cex,a,field_178812_b,,,,,field,private static final FloatBuffer
cex,b,field_178811_e,,,,,field,private static Vec3D
cex,c,field_74588_d,,,,,field,private static float
cex,d,field_74589_e,,,,,field,private static float
cex,e,field_74586_f,,,,,field,private static float
cex,f,field_74587_g,,,,,field,private static float
cex,g,field_74596_h,,,,,field,private static float
cfa,a,field_211550_a,,,,,field,private final NetHandlerPlayClient
cfa,b,field_211551_b,,,,,field,private int
cfa,c,field_211552_c,,,,,field,private Consumer<NBTTagCompound>
dhc,a,field_195907_a,,,,,field,private final float[]
dhd,a,field_195916_a,,,,,field,private final float[]
dha,a,field_195895_a,,,,,field,private final float[]
dhb,a,field_181059_a,,,,,field,public double
dhb,b,field_181060_b,,,,,field,public double
dhb,c,field_181061_c,,,,,field,public double
dgz,a,field_195888_a,,,,,field,private final float[]
cqg,a,field_78221_a,,,,,field,private final ModelRenderer
cqg,b,field_78219_b,,,,,field,private final ModelRenderer
cqg,c,field_78220_c,,,,,field,private final ModelRenderer
cqg,d,field_78217_d,,,,,field,private final ModelRenderer
cqg,e,field_78218_e,,,,,field,private final ModelRenderer
cqg,f,field_78215_f,,,,,field,private final ModelRenderer
cqg,g,field_78216_g,,,,,field,private final ModelRenderer
cqg,h,field_78226_h,,,,,field,private final ModelRenderer
cqg,i,field_78227_i,,,,,field,private final ModelRenderer
cqg,j,field_78224_j,,,,,field,private final ModelRenderer
cqg,k,field_78225_k,,,,,field,private final ModelRenderer
cqg,l,field_78222_l,,,,,field,private final ModelRenderer
cqg,m,field_78223_m,,,,,field,private float
cqf,a,field_187070_a,,,,,field,private final ModelRenderer
cqf,b,field_187071_b,,,,,field,private final ModelRenderer
cqh,a,field_78230_a,,,,,field,private final ModelRenderer
cqh,b,field_78228_b,,,,,field,private final ModelRenderer
cqh,c,field_78229_c,,,,,field,private final ModelRenderer
coh$a,a,EMPTY,,,,,enum,
coh$a,b,ITEM,,,,,enum,
coh$a,c,BLOCK,,,,,enum,
coh$a,d,BOW_AND_ARROW,,,,,enum,
coh$a,e,THROW_SPEAR,,,,,enum,
cpy,a,field_191229_a,,,,,field,private final ModelRenderer
cpy,b,field_191230_b,,,,,field,private final ModelRenderer
cpf,i,field_78152_i,,,,,field,private float
cpc,a,field_78150_a,,,,,field,protected ModelRenderer
cpc,b,field_78148_b,,,,,field,protected ModelRenderer
cpc,c,field_78149_c,,,,,field,protected ModelRenderer
cpc,d,field_78146_d,,,,,field,protected ModelRenderer
cpc,e,field_78147_e,,,,,field,protected ModelRenderer
cpc,f,field_78144_f,,,,,field,protected ModelRenderer
cpc,g,field_78145_g,,,,,field,protected float
cpc,h,field_78151_h,,,,,field,protected float
cpx,a,field_78243_a,,,,,field,public Vec3D
cpx,b,field_78241_b,,,,,field,public float
cpx,c,field_78242_c,,,,,field,public float
cqb,g,field_82900_g,,,,,field,private boolean
cqb,h,field_82901_h,,,,,field,private final ModelRenderer
cqb,i,field_82902_i,,,,,field,private final ModelRenderer
cpo,a,field_78200_a,,,,,field,private final ModelRenderer
cpo,b,field_78198_b,,,,,field,private final ModelRenderer
cpo,c,field_78199_c,,,,,field,private final ModelRenderer
cpo,d,field_78197_d,,,,,field,private final ModelRenderer
cpq,a,field_78209_a,,,,,field,private final ModelRenderer
cpq,b,field_78207_b,,,,,field,private final ModelRenderer
cpq,c,field_78208_c,,,,,field,private final ModelRenderer
cpq,d,field_78205_d,,,,,field,private final ModelRenderer
cpq,e,field_78206_e,,,,,field,private final ModelRenderer
cpq,f,field_78203_f,,,,,field,private final ModelRenderer
cpq,g,field_78204_g,,,,,field,private final ModelRenderer
cpq,h,field_78212_h,,,,,field,private final ModelRenderer
cpq,i,field_78213_i,,,,,field,private final ModelRenderer
cpq,j,field_78210_j,,,,,field,private final ModelRenderer
cpq,k,field_78211_k,,,,,field,private final ModelRenderer
coh,c,field_78116_c,,,,,field,public ModelRenderer
coh,d,field_178720_f,,,,,field,public ModelRenderer
coh,e,field_78115_e,,,,,field,public ModelRenderer
coh,f,field_178723_h,,,,,field,public ModelRenderer
coh,g,field_178724_i,,,,,field,public ModelRenderer
coh,h,field_178721_j,,,,,field,public ModelRenderer
coh,i,field_178722_k,,,,,field,public ModelRenderer
coh,j,field_187075_l,,,,,field,public ModelBiped$ArmPose
coh,k,field_187076_m,,,,,field,public ModelBiped$ArmPose
coh,l,field_78117_n,,,,,field,public boolean
coh,m,field_205061_a,,,,,field,public float
cpp,a,field_78196_a,,,,,field,private final ModelRenderer
cpp,b,field_78194_b,,,,,field,private final ModelRenderer
cpp,c,field_78195_c,,,,,field,private final ModelRenderer
cpp,d,field_78192_d,,,,,field,private final ModelRenderer
cpp,e,field_78193_e,,,,,field,private final ModelRenderer
cno,a,field_82895_a,,,,,field,private final ModelRenderer
cno,b,field_82893_b,,,,,field,private final ModelRenderer
cno,c,field_82894_c,,,,,field,private final ModelRenderer
cno,d,field_82891_d,,,,,field,private final ModelRenderer
cno,e,field_82892_e,,,,,field,private final ModelRenderer
cno,f,field_82890_f,,,,,field,private final ModelRenderer
coj,b,field_78178_a,,,,,field,private final ModelRenderer
coj,c,field_78176_b,,,,,field,private final ModelRenderer
coj,a,field_78177_c,,,,,field,public ModelRenderer
coj,d,field_78174_d,,,,,field,private final ModelRenderer
coj,e,field_78175_e,,,,,field,private final ModelRenderer
coj,f,field_78173_f,,,,,field,private final ModelRenderer
cpg,i,field_78153_i,,,,,field,private float
cot,a,field_192764_a,,,,,field,private final ModelRenderer
cot,b,field_192765_b,,,,,field,private final ModelRenderer
cot,c,field_192766_c,,,,,field,private final ModelRenderer
cot,d,field_192767_d,,,,,field,private final ModelRenderer
cot,e,field_192768_e,,,,,field,private final ModelRenderer
cot,f,field_192769_f,,,,,field,private final ModelRenderer
cot,g,field_192770_g,,,,,field,private final ModelRenderer
cot,h,field_192771_h,,,,,field,private final ModelRenderer
cot,i,field_192772_i,,,,,field,private final ModelRenderer
cot,j,field_192773_j,,,,,field,private final ModelRenderer
cot,k,field_192774_k,,,,,field,private final ModelRenderer
cot,l,field_192775_l,,,,,field,private ModelParrot$State
cpz,a,field_78191_a,,,,,field,protected ModelRenderer
cpz,b,field_78189_b,,,,,field,protected ModelRenderer
cpz,c,field_78190_c,,,,,field,protected ModelRenderer
cpz,d,field_78187_d,,,,,field,protected ModelRenderer
cpz,e,field_78188_e,,,,,field,protected ModelRenderer
cpz,f,field_82898_f,,,,,field,protected ModelRenderer
cod,a,field_191213_a,,,,,field,private final ModelRenderer
cod,b,field_191214_b,,,,,field,private final ModelRenderer
cod,c,field_191215_c,,,,,field,private final ModelRenderer
cob,a,field_78126_a,,,,,field,public boolean
cob,b,field_78125_b,,,,,field,public boolean
cos,a,field_78161_a,,,,,field,private final ModelRenderer
cos,b,field_78159_b,,,,,field,private final ModelRenderer
cos,c,field_78160_c,,,,,field,private final ModelRenderer
cos,d,field_78157_d,,,,,field,private final ModelRenderer
cos,e,field_78158_e,,,,,field,private final ModelRenderer
cos,f,field_78155_f,,,,,field,private final ModelRenderer
cos,g,field_78156_g,,,,,field,private final ModelRenderer
cos,h,field_78162_h,,,,,field,private final ModelRenderer
cos,i,field_78163_i,,,,,field,private int
cns,a,field_78102_a,,,,,field,private final ModelRenderer
cns,b,field_78100_b,,,,,field,private final ModelRenderer
cns,c,field_78101_c,,,,,field,private final ModelRenderer
cns,d,field_78098_d,,,,,field,private final ModelRenderer
cns,e,field_78099_e,,,,,field,private final ModelRenderer
cns,f,field_78096_f,,,,,field,private final ModelRenderer
cns,g,field_78097_g,,,,,field,private final ModelRenderer
cnv,a,field_78142_a,,,,,field,private final ModelRenderer
cnv,b,field_78140_b,,,,,field,private final ModelRenderer
cnv,c,field_78141_c,,,,,field,private final ModelRenderer
cnv,d,field_78138_d,,,,,field,private final ModelRenderer
cnv,e,field_78139_e,,,,,field,private final ModelRenderer
cnv,f,field_78136_f,,,,,field,private final ModelRenderer
cnv,g,field_78137_g,,,,,field,private final ModelRenderer
cnv,h,field_78143_h,,,,,field,private final ModelRenderer
coq,a,field_78154_a,,,,,field,private final ModelRenderer[]
coi,a,field_191217_a,,,,,field,private final ModelRenderer
coi,b,field_193775_b,,,,,field,private final ModelRenderer
coi,c,field_191218_b,,,,,field,private final ModelRenderer
coi,d,field_191219_c,,,,,field,private final ModelRenderer
coi,e,field_191220_d,,,,,field,private final ModelRenderer
coi,f,field_191221_e,,,,,field,private final ModelRenderer
coi,g,field_191222_f,,,,,field,private final ModelRenderer
coi,h,field_191223_g,,,,,field,private final ModelRenderer
coi,i,field_191224_h,,,,,field,private final ModelRenderer
cor,n,field_78095_p,,,,,field,public float
cor,o,field_78093_q,,,,,field,public boolean
cor,p,field_78091_s,,,,,field,public boolean
cor,q,field_78092_r,,,,,field,public List<ModelRenderer>
cor,a,field_78094_a,,,,,field,"private final Map<String, TextureOffset>"
cor,r,field_78090_t,,,,,field,public int
cor,s,field_78089_u,,,,,field,public int
cop,a,field_191225_a,,,,,field,private final ModelRenderer
cog,b,field_178717_b,,,,,field,private final ModelRenderer
cnp,a,field_193772_a,,,,,field,private final ModelRenderer
cnp,b,field_193773_b,,,,,field,private final ModelRenderer
cnp,c,field_193774_c,,,,,field,private final ModelRenderer[]
cpk,a,field_78166_a,,,,,field,private final ModelRenderer
cpk,b,field_78165_b,,,,,field,private final ModelRenderer
coz,a,field_203741_a,,,,,field,private final ModelRenderer
coz,b,field_203742_b,,,,,field,private final ModelRenderer
coz,c,field_203743_c,,,,,field,private final ModelRenderer
coz,d,field_203744_d,,,,,field,private final ModelRenderer
coz,e,field_203745_e,,,,,field,private final ModelRenderer
coz,f,field_203746_f,,,,,field,private final ModelRenderer
coz,g,field_203747_g,,,,,field,private final ModelRenderer
coz,h,field_203748_h,,,,,field,private final ModelRenderer
coz,i,field_203749_i,,,,,field,private final ModelRenderer
coz,j,field_203750_j,,,,,field,private final ModelRenderer
coz,k,field_203751_k,,,,,field,private final ModelRenderer
coz,l,field_203752_l,,,,,field,private final ModelRenderer
coz,m,field_203753_m,,,,,field,private final ModelRenderer
cqm,a,field_78783_a,,,,,field,public final int
cqm,b,field_78782_b,,,,,field,public final int
cql,a,field_78801_a,,,,,field,public float
cql,b,field_78799_b,,,,,field,public float
cql,r,field_78803_o,,,,,field,private int
cql,s,field_78813_p,,,,,field,private int
cql,c,field_78800_c,,,,,field,public float
cql,d,field_78797_d,,,,,field,public float
cql,e,field_78798_e,,,,,field,public float
cql,f,field_78795_f,,,,,field,public float
cql,g,field_78796_g,,,,,field,public float
cql,h,field_78808_h,,,,,field,public float
cql,t,field_78812_q,,,,,field,private boolean
cql,u,field_78811_r,,,,,field,private int
cql,i,field_78809_i,,,,,field,public boolean
cql,j,field_78806_j,,,,,field,public boolean
cql,k,field_78807_k,,,,,field,public boolean
cql,l,field_78804_l,,,,,field,public List<ModelBox>
cql,m,field_78805_m,,,,,field,public List<ModelRenderer>
cql,n,field_78802_n,,,,,field,public final String
cql,v,field_78810_s,,,,,field,private final ModelBase
cql,o,field_82906_o,,,,,field,public float
cql,p,field_82908_p,,,,,field,public float
cql,q,field_82907_q,,,,,field,public float
cqj,h,field_78253_h,,,,,field,private final PositionTextureVertex[]
cqj,i,field_78254_i,,,,,field,private final TexturedQuad[]
cqj,a,field_78252_a,,,,,field,public final float
cqj,b,field_78250_b,,,,,field,public final float
cqj,c,field_78251_c,,,,,field,public final float
cqj,d,field_78248_d,,,,,field,public final float
cqj,e,field_78249_e,,,,,field,public final float
cqj,f,field_78246_f,,,,,field,public final float
cqj,g,field_78247_g,,,,,field,public String
cqd,a,field_78185_a,,,,,field,private final ModelRenderer
cqd,b,field_78183_b,,,,,field,private final ModelRenderer
cqd,c,field_78184_c,,,,,field,private final ModelRenderer
cqd,d,field_78181_d,,,,,field,private final ModelRenderer
cqd,e,field_78182_e,,,,,field,private final ModelRenderer
cqd,f,field_78179_f,,,,,field,private final ModelRenderer
cqd,g,field_78180_g,,,,,field,private final ModelRenderer
cqd,h,field_78186_h,,,,,field,private final ModelRenderer
cpe,a,field_203761_a,,,,,field,private final ModelRenderer
cpe,b,field_203762_b,,,,,field,private final ModelRenderer
cpe,c,field_203763_c,,,,,field,private final ModelRenderer
cpe,d,field_203764_d,,,,,field,private final ModelRenderer
cpe,e,field_203765_e,,,,,field,private final ModelRenderer
cpe,f,field_203766_f,,,,,field,private final ModelRenderer
cpe,g,field_203767_g,,,,,field,private final ModelRenderer
cpe,h,field_203768_h,,,,,field,private final ModelRenderer
cqc,a,field_82905_a,,,,,field,private final ModelRenderer[]
cqc,b,field_82904_b,,,,,field,private final ModelRenderer[]
cou,a,field_203070_a,,,,,field,private final ModelRenderer
cou,b,field_203071_b,,,,,field,private final ModelRenderer
cou,c,field_203072_c,,,,,field,private final ModelRenderer
cou,d,field_203073_d,,,,,field,private final ModelRenderer
cou,e,field_203074_e,,,,,field,private final ModelRenderer
cou,f,field_203075_f,,,,,field,private final ModelRenderer
cou,g,field_204233_g,,,,,field,private final ModelRenderer
cou,h,field_204234_h,,,,,field,private final ModelRenderer
cpu,a,field_204240_a,,,,,field,private final ModelRenderer
cpu,b,field_204241_b,,,,,field,private final ModelRenderer
cpu,c,field_204242_c,,,,,field,private final ModelRenderer
cpu,d,field_204243_d,,,,,field,private final ModelRenderer
cpu,e,field_204244_e,,,,,field,private final ModelRenderer
cpu,f,field_204245_f,,,,,field,private final ModelRenderer
cph,a,field_187063_a,,,,,field,private final ModelRenderer
cph,b,field_187064_b,,,,,field,private final ModelRenderer
cow,a,field_178734_a,,,,,field,public ModelRenderer
cow,b,field_178732_b,,,,,field,public ModelRenderer
cow,t,field_178733_c,,,,,field,public ModelRenderer
cow,u,field_178731_d,,,,,field,public ModelRenderer
cow,v,field_178730_v,,,,,field,public ModelRenderer
cow,w,field_178729_w,,,,,field,private final ModelRenderer
cow,x,field_178736_x,,,,,field,private final ModelRenderer
cow,y,field_178735_y,,,,,field,private final boolean
cpr,a,field_78202_a,,,,,field,private final ModelRenderer
cpr,b,field_78201_b,,,,,field,private final ModelRenderer[]
cpi,a,field_187069_a,,,,,field,private final ModelRenderer
cpt,a,field_204235_a,,,,,field,private final ModelRenderer
cpt,b,field_204236_b,,,,,field,private final ModelRenderer
cpt,c,field_204237_c,,,,,field,private final ModelRenderer
cpt,d,field_204238_d,,,,,field,private final ModelRenderer
cpt,e,field_204239_e,,,,,field,private final ModelRenderer
cpv,i,field_203078_i,,,,,field,private final ModelRenderer
cnn,a,field_178690_a,,,,,field,private final ModelRenderer
cnn,b,field_178688_b,,,,,field,private final ModelRenderer
cnn,c,field_178689_c,,,,,field,private final ModelRenderer
coc,a,field_178716_a,,,,,field,private static final int[][]
coc,b,field_178714_b,,,,,field,private static final int[][]
coc,c,field_178715_c,,,,,field,private static final int
coc,d,field_178713_d,,,,,field,private final ModelRenderer[]
col,a,field_78109_a,,,,,field,private final ModelRenderer[]
col,b,field_78108_b,,,,,field,private final ModelRenderer
cny,a,field_78135_a,,,,,field,private final ModelRenderer
cny,b,field_78133_b,,,,,field,private final ModelRenderer
cny,c,field_78134_c,,,,,field,private final ModelRenderer
cny,d,field_78131_d,,,,,field,private final ModelRenderer
cny,e,field_78132_e,,,,,field,private final ModelRenderer
cny,f,field_78129_f,,,,,field,private final ModelRenderer
cny,g,field_78130_g,,,,,field,private final ModelRenderer
com,a,field_110723_a,,,,,field,private final ModelRenderer
cot$a,a,FLYING,,,,,enum,
cot$a,b,STANDING,,,,,enum,
cot$a,c,SITTING,,,,,enum,
cot$a,d,PARTY,,,,,enum,
cot$a,e,ON_SHOULDER,,,,,enum,
cpm,a,field_82896_a,,,,,field,protected ModelRenderer
cpa,a,field_203730_a,,,,,field,private final ModelRenderer
cpa,b,field_203731_b,,,,,field,private final ModelRenderer
cpa,c,field_203732_c,,,,,field,private final ModelRenderer
cpa,d,field_203733_d,,,,,field,private final ModelRenderer
cpa,e,field_203734_e,,,,,field,private final ModelRenderer
cpa,f,field_203735_f,,,,,field,private final ModelRenderer
cpa,g,field_203736_g,,,,,field,private final ModelRenderer
cpa,h,field_203737_h,,,,,field,private final ModelRenderer
cpa,i,field_203738_i,,,,,field,private final ModelRenderer
cpa,j,field_203739_j,,,,,field,private final ModelRenderer
cpa,k,field_203740_k,,,,,field,private final ModelRenderer
cnm,a,field_178740_a,,,,,field,private final ModelRenderer
cnm,b,field_178738_b,,,,,field,private final ModelRenderer
cnm,t,field_178739_c,,,,,field,private final ModelRenderer
cnm,u,field_178737_d,,,,,field,private final ModelRenderer
cps,a,field_203080_a,,,,,field,public static final MinecraftKey
cps,b,field_203081_b,,,,,field,private final ModelRenderer
coe,a,field_78128_a,,,,,field,private final ModelRenderer
coe,b,field_78127_b,,,,,field,private final ModelRenderer[]
coo,i,field_191226_i,,,,,field,private final ModelRenderer
coo,j,field_191227_j,,,,,field,private final ModelRenderer
cpj,a,field_187067_b,,,,,field,private final ModelRenderer
cpj,b,field_187068_c,,,,,field,private final ModelRenderer
cpj,c,field_187066_a,,,,,field,private final ModelRenderer
cnw,a,field_203723_a,,,,,field,private final ModelRenderer
cnw,b,field_203724_b,,,,,field,private final ModelRenderer
cnw,c,field_203725_c,,,,,field,private final ModelRenderer
cnw,d,field_203726_d,,,,,field,private final ModelRenderer
cnw,e,field_203727_e,,,,,field,private final ModelRenderer
cnw,f,field_203728_f,,,,,field,private final ModelRenderer
cnw,g,field_203729_g,,,,,field,private final ModelRenderer
cpb,a,field_203754_a,,,,,field,private final ModelRenderer
cpb,b,field_203755_b,,,,,field,private final ModelRenderer
cpb,c,field_203756_c,,,,,field,private final ModelRenderer
cpb,d,field_203757_d,,,,,field,private final ModelRenderer
cpb,e,field_203758_e,,,,,field,private final ModelRenderer
cpb,f,field_203759_f,,,,,field,private final ModelRenderer
cnq,a,field_78106_a,,,,,field,private final ModelRenderer[]
cnq,b,field_78105_b,,,,,field,private final ModelRenderer
cpd,a,field_178698_a,,,,,field,private final ModelRenderer
cpd,b,field_178696_b,,,,,field,private final ModelRenderer
cpd,c,field_178697_c,,,,,field,private final ModelRenderer
cpd,d,field_178694_d,,,,,field,private final ModelRenderer
cpd,e,field_178695_e,,,,,field,private final ModelRenderer
cpd,f,field_178692_f,,,,,field,private final ModelRenderer
cpd,g,field_178693_g,,,,,field,private final ModelRenderer
cpd,h,field_178704_h,,,,,field,private final ModelRenderer
cpd,i,field_178705_i,,,,,field,private final ModelRenderer
cpd,j,field_178702_j,,,,,field,private final ModelRenderer
cpd,k,field_178703_k,,,,,field,private final ModelRenderer
cpd,l,field_178700_l,,,,,field,private final ModelRenderer
cpd,m,field_178701_m,,,,,field,private float
cnt,a,field_78234_a,,,,,field,protected ModelRenderer
cnt,b,field_78232_b,,,,,field,protected ModelRenderer
cnt,c,field_78233_c,,,,,field,protected ModelRenderer
cof,a,field_178710_a,,,,,field,private final ModelRenderer
cof,b,field_178708_b,,,,,field,private final ModelRenderer
cof,c,field_178709_c,,,,,field,private final ModelRenderer[]
cof,d,field_178707_d,,,,,field,private final ModelRenderer[]
cnu,c,field_199057_c,,,,,field,private final ModelRenderer
cnu,d,field_199058_d,,,,,field,private final ModelRenderer
coa,a,field_187060_a,,,,,field,private final ModelRenderer
coa,b,field_187061_b,,,,,field,private final ModelRenderer
coy,a,field_78239_a,,,,,field,public PositionTextureVertex[]
coy,b,field_78237_b,,,,,field,public int
coy,c,field_78238_c,,,,,field,private boolean
cpl,a,field_78171_a,,,,,field,private final ModelRenderer[]
cpl,b,field_78169_b,,,,,field,private final ModelRenderer[]
cpl,c,field_78170_c,,,,,field,private final float[]
cpl,d,field_78167_d,,,,,field,private static final int[][]
cpl,e,field_78168_e,,,,,field,private static final int[][]
cnr,a,field_78103_a,,,,,field,private final ModelRenderer[]
cnr,b,field_187057_b,,,,,field,private final ModelRenderer[]
cnr,c,field_187058_c,,,,,field,private final ModelRenderer
cnk,a,field_199049_a,,,,,field,protected ModelRenderer
cnk,b,field_199050_b,,,,,field,protected ModelRenderer
cnk,c,field_199051_c,,,,,field,private final ModelRenderer
cnk,d,field_199052_d,,,,,field,private final ModelRenderer
cnk,e,field_199053_e,,,,,field,private final ModelRenderer
cnk,f,field_199054_f,,,,,field,private final ModelRenderer
cnk,g,field_199055_g,,,,,field,private final ModelRenderer
cnk,h,field_199056_h,,,,,field,private final ModelRenderer[]
cnk,i,field_209234_i,,,,,field,private final ModelRenderer[]
cfn,a,field_148261_a,,,,,field,private static final org.apache.logging.log4j.Logger
cfn,b,field_74295_a,,,,,field,private static final DateFormat
cfg,a,field_74522_a,,,,,field,private static final FloatBuffer
cfg,b,field_82884_b,,,,,field,private static final Vec3D
cfg,c,field_82885_c,,,,,field,private static final Vec3D
cfl,aP,field_151454_ax,,,,,field,private static final org.apache.logging.log4j.Logger
cfl,aQ,field_151450_ay,,,,,field,private static final com.google.gson.Gson
cfl,aR,field_151449_az,,,,,field,private static final Type
cfl,a,field_189990_a,,,,,field,public static final com.google.common.base.Splitter
cfl,aS,field_74364_ag,,,,,field,private static final String[]
cfl,aT,field_98303_au,,,,,field,private static final String[]
cfl,aU,field_181149_aW,,,,,field,private static final String[]
cfl,aV,field_186713_aK,,,,,field,private static final String[]
cfl,b,field_193632_b,,,,,field,public static final String[]
cfl,c,field_74341_c,,,,,field,public double
cfl,d,field_74338_d,,,,,field,public boolean
cfl,e,field_151451_c,,,,,field,public int
cfl,f,field_74336_f,,,,,field,public boolean
cfl,g,field_151448_g,,,,,field,public boolean
cfl,h,field_74350_i,,,,,field,public int
cfl,i,field_74345_l,,,,,field,public int
cfl,j,field_74347_j,,,,,field,public boolean
cfl,k,field_74348_k,,,,,field,public int
cfl,l,field_151453_l,,,,,field,public List<String>
cfl,m,field_183018_l,,,,,field,public List<String>
cfl,n,field_74343_n,,,,,field,public EntityHuman$EnumChatVisibility
cfl,o,field_74344_o,,,,,field,public boolean
cfl,p,field_74359_p,,,,,field,public boolean
cfl,q,field_74358_q,,,,,field,public boolean
cfl,r,field_74357_r,,,,,field,public double
cfl,s,field_74355_t,,,,,field,public boolean
cfl,t,field_74353_u,,,,,field,public boolean
cfl,u,field_198019_u,,,,,field,public String
cfl,v,field_74352_v,,,,,field,public boolean
cfl,w,field_178881_t,,,,,field,public boolean
cfl,x,field_178879_v,,,,,field,public boolean
cfl,y,field_80005_w,,,,,field,public boolean
cfl,z,field_82882_x,,,,,field,public boolean
cfl,A,field_82881_y,,,,,field,public boolean
cfl,aW,field_178882_aU,,,,,field,private final Set<EnumPlayerModelParts>
cfl,B,field_85185_A,,,,,field,public boolean
cfl,C,field_186715_A,,,,,field,public EnumMainHand
cfl,D,field_92118_B,,,,,field,public int
cfl,E,field_92119_C,,,,,field,public int
cfl,F,field_92117_D,,,,,field,public boolean
cfl,G,field_96691_E,,,,,field,public double
cfl,H,field_96692_F,,,,,field,public double
cfl,I,field_96693_G,,,,,field,public double
cfl,J,field_96694_H,,,,,field,public double
cfl,K,field_151442_I,,,,,field,public int
cfl,aX,field_186714_aM,,,,,field,"private final Map<SoundCategory, Float>"
cfl,L,field_181150_U,,,,,field,public boolean
cfl,M,field_181151_V,,,,,field,public boolean
cfl,N,field_186716_M,,,,,field,public int
cfl,O,field_189422_N,,,,,field,public boolean
cfl,P,field_186717_N,,,,,field,public boolean
cfl,Q,field_183509_X,,,,,field,public boolean
cfl,R,field_189989_R,,,,,field,public boolean
cfl,S,field_193631_S,,,,,field,public TutorialSteps
cfl,T,field_198018_T,,,,,field,public boolean
cfl,U,field_205217_U,,,,,field,public int
cfl,V,field_208033_V,,,,,field,public double
cfl,W,field_209231_W,,,,,field,public int
cfl,X,field_74351_w,,,,,field,public KeyBinding
cfl,Y,field_74370_x,,,,,field,public KeyBinding
cfl,Z,field_74368_y,,,,,field,public KeyBinding
cfl,aa,field_74366_z,,,,,field,public KeyBinding
cfl,ab,field_74314_A,,,,,field,public KeyBinding
cfl,ac,field_74311_E,,,,,field,public KeyBinding
cfl,ad,field_151444_V,,,,,field,public KeyBinding
cfl,ae,field_151445_Q,,,,,field,public KeyBinding
cfl,af,field_186718_X,,,,,field,public KeyBinding
cfl,ag,field_74316_C,,,,,field,public KeyBinding
cfl,ah,field_74313_G,,,,,field,public KeyBinding
cfl,ai,field_74312_F,,,,,field,public KeyBinding
cfl,aj,field_74322_I,,,,,field,public KeyBinding
cfl,ak,field_74310_D,,,,,field,public KeyBinding
cfl,al,field_74321_H,,,,,field,public KeyBinding
cfl,am,field_74323_J,,,,,field,public KeyBinding
cfl,an,field_151447_Z,,,,,field,public KeyBinding
cfl,ao,field_151457_aa,,,,,field,public KeyBinding
cfl,ap,field_151458_ab,,,,,field,public KeyBinding
cfl,aq,field_152395_am,,,,,field,public KeyBinding
cfl,ar,field_178883_an,,,,,field,public KeyBinding
cfl,as,field_194146_ao,,,,,field,public KeyBinding
cfl,at,field_151456_ac,,,,,field,public KeyBinding[]
cfl,au,field_193629_ap,,,,,field,public KeyBinding
cfl,av,field_193630_aq,,,,,field,public KeyBinding
cfl,aw,field_74324_K,,,,,field,public KeyBinding[]
cfl,ax,field_74317_L,,,,,field,protected Minecraft
cfl,aY,field_74354_ai,,,,,field,private File
cfl,ay,field_74318_M,,,,,field,public EnumDifficulty
cfl,az,field_74319_N,,,,,field,public boolean
cfl,aA,field_74320_O,,,,,field,public int
cfl,aB,field_74330_P,,,,,field,public boolean
cfl,aC,field_74329_Q,,,,,field,public boolean
cfl,aD,field_181657_aC,,,,,field,public boolean
cfl,aE,field_74332_R,,,,,field,public String
cfl,aF,field_74326_T,,,,,field,public boolean
cfl,aG,field_74325_U,,,,,field,public boolean
cfl,aH,field_74334_X,,,,,field,public double
cfl,aI,field_74333_Y,,,,,field,public double
cfl,aJ,field_151452_as,,,,,field,public float
cfl,aK,field_74335_Z,,,,,field,public int
cfl,aL,field_74362_aa,,,,,field,public int
cfl,aM,field_192571_R,,,,,field,public int
cfl,aN,field_74363_ab,,,,,field,public String
cfl,aO,field_211842_aO,,,,,field,public boolean
cfp,a,field_74286_b,,,,,field,private final String
cfp,b,field_148257_b,,,,,field,private final String
cfp,c,field_148258_c,,,,,field,private final String
cfp,d,field_152429_d,,,,,field,private final Session$Type
dgg,a,field_147679_a,,,,,field,private final Random
dgg,b,field_147677_b,,,,,field,private final Minecraft
dgg,c,field_147678_c,,,,,field,private ISound
dgg,d,field_147676_d,,,,,field,private int
dgg,e,field_209508_e,,,,,field,private boolean
dgk,a,field_148764_a,,,,,field,"private Map<MinecraftKey, SoundEventAccessor>"
dgh,a,field_148623_a,,,,,field,private static final org.apache.logging.log4j.Marker
dgh,b,field_148621_b,,,,,field,private static final org.apache.logging.log4j.Logger
dgh,c,field_188775_c,,,,,field,private static final Set<MinecraftKey>
dgh,d,field_148622_c,,,,,field,private final SoundHandler
dgh,e,field_148619_d,,,,,field,private final GameSettings
dgh,f,field_148620_e,,,,,field,private SoundManager$SoundSystemStarterThread
dgh,g,field_148617_f,,,,,field,private boolean
dgh,h,field_148618_g,,,,,field,private int
dgh,i,field_148629_h,,,,,field,"private final Map<String, ISound>"
dgh,j,field_148630_i,,,,,field,"private final Map<ISound, String>"
dgh,k,field_188776_k,,,,,field,"private final com.google.common.collect.Multimap<SoundCategory, String>"
dgh,l,field_148625_l,,,,,field,private final List<ITickableSound>
dgh,m,field_148626_m,,,,,field,"private final Map<ISound, Integer>"
dgh,n,field_148624_n,,,,,field,"private final Map<String, Integer>"
dgh,o,field_188777_o,,,,,field,private final List<ISoundEventListener>
dgh,p,field_189000_p,,,,,field,private final List<String>
dgh,q,field_204261_q,,,,,field,private final List<Sound>
dgm,a,field_188716_a,,,,,field,private final List<ISoundEventAccessor<Sound>>
dgm,b,field_148734_b,,,,,field,private final Random
dgm,c,field_188717_c,,,,,field,private final MinecraftKey
dgm,d,field_188718_d,,,,,field,private final IChatBaseComponent
dge,a,field_195851_a,,,,,field,public IntBuffer
dge,b,field_195852_b,,,,,field,public int
dge,c,field_195853_c,,,,,field,public int
dge,d,field_195854_d,,,,,field,public float
dgf,a,field_195839_a,,,,,field,private FloatBuffer
dgf,b,field_195840_b,,,,,field,private FloatBuffer
dgf,c,field_195841_c,,,,,field,private FloatBuffer
dgf,d,field_195842_d,,,,,field,"private Map<String, IntBuffer>"
dgf,e,field_195843_e,,,,,field,private static boolean
dgf,f,field_195844_f,,,,,field,private String
dgf,g,field_195845_g,,,,,field,private long
dgf,h,field_195846_h,,,,,field,private long
dgl,a,field_195861_a,,,,,field,private ChannelLWJGL3
dgl,b,field_195862_b,,,,,field,private IntBuffer
dgl,c,field_195863_c,,,,,field,private FloatBuffer
dgl,d,field_195864_d,,,,,field,private FloatBuffer
dgl,e,field_195865_e,,,,,field,private FloatBuffer
dgg$a,a,MENU,,,,,enum,
dgg$a,b,GAME,,,,,enum,
dgg$a,c,CREATIVE,,,,,enum,
dgg$a,d,CREDITS,,,,,enum,
dgg$a,e,NETHER,,,,,enum,
dgg$a,f,END_BOSS,,,,,enum,
dgg$a,g,END,,,,,enum,
dgg$a,h,UNDER_WATER,,,,,enum,
dgg$a,i,field_148645_h,,,,,field,private final SoundEffect
dgg$a,j,field_148646_i,,,,,field,private final int
dgg$a,k,field_148643_j,,,,,field,private final int
dgj,a,field_147700_a,,,,,field,public static final Sound
dgj,b,field_147698_b,,,,,field,private static final org.apache.logging.log4j.Logger
dgj,c,field_147699_c,,,,,field,private static final com.google.gson.Gson
dgj,d,field_147696_d,,,,,field,private static final ParameterizedType
dgj,e,field_147697_e,,,,,field,private final SoundRegistry
dgj,f,field_147694_f,,,,,field,private final SoundManager
dgj,g,field_147695_g,,,,,field,private final IResourceManager
cfu,a,field_186725_a,,,,,field,private final RegistryBlockID<IBlockColor>
cfx,a,field_186732_a,,,,,field,private final RegistryBlockID<IItemColor>
csy,d,field_71174_a,,,,,field,public final NetHandlerPlayClient
csy,ci,field_146108_bO,,,,,field,private final StatisticManager
csy,cj,field_192036_cb,,,,,field,private final RecipeBookClient
csy,ck,field_204232_cf,,,,,field,private final List<IAmbientSoundHandler>
csy,cl,field_184845_bX,,,,,field,private int
csy,cm,field_175172_bI,,,,,field,private double
csy,cn,field_175166_bJ,,,,,field,private double
csy,co,field_175167_bK,,,,,field,private double
csy,cp,field_175164_bL,,,,,field,private float
csy,cq,field_175165_bM,,,,,field,private float
csy,cr,field_184841_cd,,,,,field,private boolean
csy,cs,field_175170_bN,,,,,field,private boolean
csy,ct,field_175171_bO,,,,,field,private boolean
csy,cu,field_175168_bP,,,,,field,private int
csy,cv,field_175169_bQ,,,,,field,private boolean
csy,cw,field_142022_ce,,,,,field,private String
csy,e,field_71158_b,,,,,field,public MovementInput
csy,f,field_71159_c,,,,,field,protected Minecraft
csy,g,field_71156_d,,,,,field,protected int
csy,h,field_71157_e,,,,,field,public int
csy,cc,field_71154_f,,,,,field,public float
csy,cd,field_71155_g,,,,,field,public float
csy,ce,field_71163_h,,,,,field,public float
csy,cf,field_71164_i,,,,,field,public float
csy,cx,field_110320_a,,,,,field,private int
csy,cy,field_110321_bQ,,,,,field,private float
csy,cg,field_71086_bY,,,,,field,public float
csy,ch,field_71080_cy,,,,,field,public float
csy,cz,field_184842_cm,,,,,field,private boolean
csy,cA,field_184843_cn,,,,,field,private EnumHand
csy,cB,field_184844_co,,,,,field,private boolean
csy,cC,field_189811_cr,,,,,field,private boolean
csy,cD,field_189812_cs,,,,,field,private int
csy,cE,field_189813_ct,,,,,field,private boolean
csy,cG,field_203720_cz,,,,,field,private int
ctb,a,field_175126_a,,,,,field,private final String
ctb,b,field_175125_b,,,,,field,private final IChatBaseComponent
ctc,a,field_174896_a,,,,,field,private final String
ctc,b,field_174895_b,,,,,field,"private final Map<Integer, Integer>"
cta,a,field_199424_a,,,,,field,private final NonNullList<ItemStack>
csw,a,field_78902_a,,,,,field,public float
csw,b,field_192832_b,,,,,field,public float
csw,c,field_187255_c,,,,,field,public boolean
csw,d,field_187256_d,,,,,field,public boolean
csw,e,field_187257_e,,,,,field,public boolean
csw,f,field_187258_f,,,,,field,public boolean
csw,g,field_78901_c,,,,,field,public boolean
csw,h,field_78899_d,,,,,field,public boolean
csx,i,field_78903_e,,,,,field,private final GameSettings
csv,d,field_175157_a,,,,,field,private NetworkPlayerInfo
csv,a,field_184835_a,,,,,field,public float
csv,b,field_184836_b,,,,,field,public float
csv,c,field_184837_c,,,,,field,public float
cfc,a,field_192566_b,,,,,field,private static final org.apache.logging.log4j.Logger
cfc,b,field_192567_c,,,,,field,private final File
cfc,c,field_206251_c,,,,,field,private final com.mojang.datafixers.DataFixer
cfc,d,field_192568_d,,,,,field,private final HotbarSnapshot[]
cfc,e,field_206252_e,,,,,field,private boolean
dec,b,field_200700_b,,,,,field,private static final com.google.gson.Gson
dec,c,field_199755_b,,,,,field,private static final org.apache.logging.log4j.Logger
dec,d,field_135031_c,,,,,field,private static final Pattern
dec,a,field_135032_a,,,,,field,"Map<String, String>"
deb,b,field_147648_b,,,,,field,private static final org.apache.logging.log4j.Logger
deb,c,field_135048_c,,,,,field,private String
deb,a,field_135049_a,,,,,field,protected static final Locale
deb,d,field_135046_d,,,,,field,"private final Map<String, Language>"
ddz,a,field_135054_a,,,,,field,private static Locale
dea,a,field_135039_a,,,,,field,private final String
dea,b,field_135037_b,,,,,field,private final String
dea,c,field_135038_c,,,,,field,private final String
dea,d,field_135036_d,,,,,field,private final boolean
dds,a,field_177337_a,,,,,field,private static final MinecraftKey
dds,b,field_177336_b,,,,,field,private static final MinecraftKey
ddu,a,field_130079_a,,,,,field,private static final MinecraftKey
ddy,a,field_195809_a,,,,,field,private final NativeImage
ddy,b,field_195810_b,,,,,field,private MinecraftKey
dei,a,field_195818_a,,,,,field,public static final LanguageMetadataSectionSerializer
dei,b,field_135019_a,,,,,field,private final Collection<Language>
dee,a,field_110499_a,,,,,field,private final int
dee,b,field_110498_b,,,,,field,private final int
def,a,field_195817_a,,,,,field,public static final AnimationMetadataSectionSerializer
def,b,field_110478_a,,,,,field,private final List<AnimationFrame>
def,c,field_110476_b,,,,,field,private final int
def,d,field_110477_c,,,,,field,private final int
def,e,field_110475_d,,,,,field,private final int
def,f,field_177220_e,,,,,field,private final boolean
dem,a,field_195819_a,,,,,field,public static final TextureMetadataSectionSerializer
dem,b,field_110482_a,,,,,field,private final boolean
dem,c,field_110481_b,,,,,field,private final boolean
dev$a,a,field_188649_a,,,,,field,"private final List<org.apache.commons.lang3.tuple.Pair<Predicate<IBlockData>, IBakedModel>>"
der,a,field_177557_a,,,,,field,private final ItemCameraTransforms
der,b,field_188619_b,,,,,field,private final ItemOverrideList
dew,a,field_177563_a,,,,,field,protected final List<BakedQuad>
dew,b,field_177561_b,,,,,field,"protected final Map<EnumDirection, List<BakedQuad>>"
dew,c,field_177562_c,,,,,field,protected final boolean
dew,d,field_177559_d,,,,,field,protected final boolean
dew,e,field_177560_e,,,,,field,protected final TextureAtlasSprite
dew,f,field_177558_f,,,,,field,protected final ItemCameraTransforms
dew,g,field_188620_g,,,,,field,protected final ItemOverrideList
dey$b,b,field_185281_b,,,,,field,protected final IBakedModel
des,a,field_207763_a,,,,,field,public static final MinecraftKey
des,b,field_207764_b,,,,,field,public static final MinecraftKey
des,c,field_207766_d,,,,,field,public static final MinecraftKey
des,d,field_207768_f,,,,,field,public static final MinecraftKey
des,e,field_207769_g,,,,,field,public static final MinecraftKey
des,f,field_207770_h,,,,,field,public static final MinecraftKey
des,g,field_207771_i,,,,,field,public static final MinecraftKey
des,h,field_207772_j,,,,,field,public static final MinecraftKey
des,i,field_207773_k,,,,,field,public static final MinecraftKey
des,j,field_207774_l,,,,,field,public static final MinecraftKey
des,k,field_207775_m,,,,,field,public static final MinecraftKey
des,l,field_207776_n,,,,,field,public static final MinecraftKey
des,m,field_207777_o,,,,,field,public static final MinecraftKey
des,n,field_207778_p,,,,,field,public static final MinecraftKey
des,o,field_207779_q,,,,,field,public static final MinecraftKey
des,t,field_177602_b,,,,,field,private static final Set<MinecraftKey>
des,u,field_177603_c,,,,,field,private static final org.apache.logging.log4j.Logger
des,p,field_177604_a,,,,,field,public static final ModelResourceLocation
des,q,field_188641_d,,,,,field,public static final String
des,v,field_177600_d,,,,,field,"private static final Map<String, String>"
des,w,field_209611_w,,,,,field,private static final com.google.common.base.Splitter
des,x,field_209612_x,,,,,field,private static final com.google.common.base.Splitter
des,r,field_177606_o,,,,,field,public static final ModelBlock
des,s,field_177616_r,,,,,field,public static final ModelBlock
des,y,field_209613_y,,,,,field,"private static final BlockStateList<Block, IBlockData>"
des,z,field_177598_f,,,,,field,private final IResourceManager
des,A,field_177609_j,,,,,field,private final TextureMap
des,B,field_177605_n,,,,,field,"private final RegistrySimple<ModelResourceLocation, IBakedModel>"
des,C,field_209607_C,,,,,field,"private static final Map<MinecraftKey, BlockStateList<Block, IBlockData>>"
des,D,field_209608_D,,,,,field,"private final Map<MinecraftKey, IUnbakedModel>"
des,E,field_209609_E,,,,,field,private final Set<MinecraftKey>
des,F,field_209610_F,,,,,field,private final ModelBlockDefinition$ContainerHolder
deq,a,X0_Y0,,,,,enum,
deq,b,X0_Y90,,,,,enum,
deq,c,X0_Y180,,,,,enum,
deq,d,X0_Y270,,,,,enum,
deq,e,X90_Y0,,,,,enum,
deq,f,X90_Y90,,,,,enum,
deq,g,X90_Y180,,,,,enum,
deq,h,X90_Y270,,,,,enum,
deq,i,X180_Y0,,,,,enum,
deq,j,X180_Y90,,,,,enum,
deq,k,X180_Y180,,,,,enum,
deq,l,X180_Y270,,,,,enum,
deq,m,X270_Y0,,,,,enum,
deq,n,X270_Y90,,,,,enum,
deq,o,X270_Y180,,,,,enum,
deq,p,X270_Y270,,,,,enum,
deq,q,field_177546_q,,,,,field,"private static final Map<Integer, ModelRotation>"
deq,r,field_177545_r,,,,,field,private final int
deq,s,field_177544_s,,,,,field,private final Quaternion
deq,t,field_177543_t,,,,,field,private final int
deq,u,field_177542_u,,,,,field,private final int
dev,f,field_188626_f,,,,,field,"private final List<org.apache.commons.lang3.tuple.Pair<Predicate<IBlockData>, IBakedModel>>"
dev,a,field_188621_a,,,,,field,protected final boolean
dev,b,field_188622_b,,,,,field,protected final boolean
dev,c,field_188623_c,,,,,field,protected final TextureAtlasSprite
dev,d,field_188624_d,,,,,field,protected final ItemCameraTransforms
dev,e,field_188625_e,,,,,field,protected final ItemOverrideList
dev,g,field_210277_g,,,,,field,"private final Map<IBlockData, BitSet>"
deu,c,field_177519_c,,,,,field,private final String
dew$a,a,field_177656_a,,,,,field,private final List<BakedQuad>
dew$a,b,field_177654_b,,,,,field,"private final Map<EnumDirection, List<BakedQuad>>"
dew$a,c,field_188646_c,,,,,field,private final ItemOverrideList
dew$a,d,field_177655_c,,,,,field,private final boolean
dew$a,e,field_177652_d,,,,,field,private TextureAtlasSprite
dew$a,f,field_177653_e,,,,,field,private final boolean
dew$a,g,field_177651_f,,,,,field,private final ItemCameraTransforms
dey$a,a,field_177678_a,,,,,field,private final List<WeightedBakedModel$WeightedModel>
dey,a,field_177567_a,,,,,field,private final int
dey,b,field_177565_b,,,,,field,private final List<WeightedBakedModel$WeightedModel>
dey,c,field_177566_c,,,,,field,private final IBakedModel
dev$b,a,INSTANCE,,,,,enum,
det,a,field_174958_a,,,,,field,"private IRegistry<ModelResourceLocation, IBakedModel>"
det,b,field_174956_b,,,,,field,private final TextureMap
det,c,field_174957_c,,,,,field,private final BlockModelShapes
det,d,field_174955_d,,,,,field,private IBakedModel
ddr,d,field_195785_b,,,,,field,private final ResourceIndex
ddp,a,field_152783_a,,,,,field,protected static final org.apache.logging.log4j.Logger
ddp,b,field_152784_b,,,,,field,"private final Map<String, File>"
dfj$a,a,FILE,,,,,enum,
dfj$a,b,SOUND_EVENT,,,,,enum,
dfj$a,c,field_188708_c,,,,,field,private final String
dfo,a,field_204254_a,,,,,field,private final EntityPlayerSP
dfo,b,field_204255_b,,,,,field,private final SoundHandler
dfo,c,field_204256_c,,,,,field,private int
dfp$b,n,field_204203_n,,,,,field,private final EntityPlayerSP
dfp$b,o,field_204204_o,,,,,field,private int
dfp$a,n,field_204202_n,,,,,field,private final EntityPlayerSP
dfj,a,field_188726_a,,,,,field,private final MinecraftKey
dfj,b,field_188727_b,,,,,field,private final float
dfj,c,field_188728_c,,,,,field,private final float
dfj,d,field_188729_d,,,,,field,private final int
dfj,e,field_188730_e,,,,,field,private final Sound$Type
dfj,f,field_188731_f,,,,,field,private final boolean
dfj,g,field_204258_g,,,,,field,private final boolean
dfj,h,field_206256_h,,,,,field,private final int
dfc,m,field_147668_j,,,,,field,protected boolean
dff,n,field_174934_k,,,,,field,private final EntityGuardian
dfh,n,field_147672_k,,,,,field,private final EntityHuman
dfh,o,field_147671_l,,,,,field,private final EntityMinecartAbstract
dfk,a,field_188702_a,,,,,field,private final List<Sound>
dfk,b,field_148575_b,,,,,field,private final boolean
dfk,c,field_188703_c,,,,,field,private final String
dfb,a,field_184367_a,,,,,field,protected Sound
dfb,m,field_184369_l,,,,,field,private SoundEventAccessor
dfb,b,field_184368_b,,,,,field,protected SoundCategory
dfb,c,field_147664_a,,,,,field,protected MinecraftKey
dfb,d,field_147662_b,,,,,field,protected float
dfb,e,field_147663_c,,,,,field,protected float
dfb,f,field_147660_d,,,,,field,protected float
dfb,g,field_147661_e,,,,,field,protected float
dfb,h,field_147658_f,,,,,field,protected float
dfb,i,field_147659_g,,,,,field,protected boolean
dfb,j,field_147665_h,,,,,field,protected int
dfb,k,field_147666_i,,,,,field,protected ISound$AttenuationType
dfb,l,field_204201_l,,,,,field,protected boolean
dfe,n,field_189405_m,,,,,field,private final EntityPlayerSP
dfe,o,field_189406_n,,,,,field,private int
dfm$a,a,NONE,,,,,enum,
dfm$a,b,LINEAR,,,,,enum,
dfm$a,c,field_148589_c,,,,,field,private final int
dfg,n,field_147670_k,,,,,field,private final EntityMinecartAbstract
dfg,o,field_147669_l,,,,,field,private float
ddt,b,field_188548_a,,,,,field,private final File
ddq,a,field_195751_a,,,,,field,private static final org.apache.logging.log4j.Logger
ddq,b,field_195752_b,,,,,field,private static final Pattern
ddq,c,field_195753_c,,,,,field,private final ResourcePackVanilla
ddq,d,field_195754_d,,,,,field,private final File
ddq,e,field_195755_e,,,,,field,private final ReentrantLock
ddq,f,field_195756_f,,,,,field,private com.google.common.util.concurrent.ListenableFuture<?>
ddq,g,field_195757_g,,,,,field,private ResourcePackInfoClient
ddx,a,field_152794_b,,,,,field,private static final ExecutorService
ddx,b,field_152795_c,,,,,field,private final TextureManager
ddx,c,field_152796_d,,,,,field,private final File
ddx,d,field_152797_e,,,,,field,private final com.mojang.authlib.minecraft.MinecraftSessionService
ddx,e,field_152798_f,,,,,field,"private final com.google.common.cache.LoadingCache<com.mojang.authlib.GameProfile, Map<com.mojang.authlib.minecraft.MinecraftProfileTexture$Type, com.mojang.authlib.minecraft.MinecraftProfileTexture>>"
ddv,a,field_130078_a,,,,,field,private static final MinecraftKey
ddw,b,field_211854_b,,,,,field,private final IResourcePack
ddw,c,field_211855_c,,,,,field,"private final Map<MinecraftKey, MinecraftKey>"
ddw,a,field_211853_a,,,,,field,"public static final Map<MinecraftKey, MinecraftKey>"
cfd,a,field_197958_a,,,,,field,public static final InputMappings$Input
cfo,a,field_74280_b,,,,,field,public int
cfo,b,field_194147_b,,,,,field,public float
cfo,c,field_194148_c,,,,,field,public float
cfo,d,field_74277_g,,,,,field,private long
cfo,e,field_194149_e,,,,,field,private final float
cfe,a,field_74516_a,,,,,field,"private static final Map<String, KeyBinding>"
cfe,b,field_74514_b,,,,,field,"private static final Map<InputMappings$Input, KeyBinding>"
cfe,c,field_151473_c,,,,,field,private static final Set<String>
cfe,d,field_193627_d,,,,,field,"private static final Map<String, Integer>"
cfe,e,field_74515_c,,,,,field,private final String
cfe,f,field_151472_e,,,,,field,private final InputMappings$Input
cfe,g,field_151471_f,,,,,field,private final String
cfe,h,field_74512_d,,,,,field,private InputMappings$Input
cfe,i,field_74513_e,,,,,field,private boolean
cfe,j,field_151474_i,,,,,field,private int
cez,a,field_197934_a,,,,,field,private static final MethodHandle
cff,a,field_197972_a,,,,,field,private final Minecraft
cff,b,field_197973_b,,,,,field,private boolean
cff,c,field_197974_c,,,,,field,private long
cff,d,field_204871_d,,,,,field,private long
cff,e,field_204872_e,,,,,field,private long
cff,f,field_197975_d,,,,,field,private boolean
cff,g,field_211563_g,,,,,field,private final ByteBuffer
cfj,a,field_197996_a,,,,,field,private final VirtualScreen
cfj,b,field_197997_b,,,,,field,private final long
cfj,c,field_197998_c,,,,,field,private final List<VideoMode>
cfj,d,field_197999_d,,,,,field,private VideoMode
cfj,e,field_198000_e,,,,,field,private int
cfj,f,field_198001_f,,,,,field,private int
cfq,a,field_198069_a,,,,,field,private final int
cfq,b,field_198070_b,,,,,field,private final int
cfq,c,field_198071_c,,,,,field,private final int
cfq,d,field_198072_d,,,,,field,private final int
cfq,e,field_198073_e,,,,,field,private final int
cfq,f,field_198074_f,,,,,field,private final int
cfq,g,field_198075_g,,,,,field,private static final Pattern
cey,g,field_199645_e,,,,,field,private final CraftingManager
cey,h,field_197931_e,,,,,field,"private final Map<RecipeBookCategories, List<RecipeList>>"
cey,i,field_197932_f,,,,,field,private final List<RecipeList>
cfp$a,a,LEGACY,,,,,enum,
cfp$a,b,MOJANG,,,,,enum,
cfp$a,c,field_152425_c,,,,,field,"private static final Map<String, Session$Type>"
cfp$a,d,field_152426_d,,,,,field,private final String
cfm,a,SEARCH,,,,,enum,
cfm,b,BUILDING_BLOCKS,,,,,enum,
cfm,c,REDSTONE,,,,,enum,
cfm,d,EQUIPMENT,,,,,enum,
cfm,e,MISC,,,,,enum,
cfm,f,FURNACE_SEARCH,,,,,enum,
cfm,g,FURNACE_FOOD,,,,,enum,
cfm,h,FURNACE_BLOCKS,,,,,enum,
cfm,i,FURNACE_MISC,,,,,enum,
cfm,j,field_202904_j,,,,,field,private final List<ItemStack>
ctp$u,a,S,,,,,enum,
ctp$u,b,T,,,,,enum,
ctp$u,c,R,,,,,enum,
ctp$u,d,Q,,,,,enum,
ctp$m,a,LINEAR,,,,,enum,
ctp$m,b,EXP,,,,,enum,
ctp$m,c,EXP2,,,,,enum,
ctp$m,d,field_187351_d,,,,,field,public final int
cvs$b,a,field_207745_a,,,,,field,private final ModelRenderer
cvs,a,field_205118_a,,,,,field,private static final MinecraftKey
cvs,d,field_205119_d,,,,,field,private static final MinecraftKey
cvs,e,field_205120_e,,,,,field,private static final MinecraftKey
cvs,f,field_205121_f,,,,,field,private static final MinecraftKey
cvs,g,field_207746_g,,,,,field,private static final MinecraftKey
cvs,h,field_207747_h,,,,,field,private static final MinecraftKey
cvs,i,field_205122_g,,,,,field,private final ModelBase
cvs,j,field_205123_h,,,,,field,private final ModelBase
cvs,k,field_205124_i,,,,,field,private final TileEntityConduitRenderer$WindModel
cvs,l,field_207748_l,,,,,field,private final TileEntityConduitRenderer$EyeModel
cvx,a,field_147536_b,,,,,field,public static TileEntitySkullRenderer
cvx,d,field_199358_e,,,,,field,"private static final Map<BlockSkull$a, ModelBase>"
cvx,e,field_199357_d,,,,,field,"private static final Map<BlockSkull$a, MinecraftKey>"
cvo,a,field_193848_a,,,,,field,private static final MinecraftKey[]
cvo,d,field_193849_d,,,,,field,private final ModelBed
cvr,a,field_147507_b,,,,,field,private static final MinecraftKey
cvr,d,field_147508_c,,,,,field,private static final MinecraftKey
cvr,e,field_147505_d,,,,,field,private static final MinecraftKey
cvr,f,field_147506_e,,,,,field,private static final MinecraftKey
cvr,g,field_147503_f,,,,,field,private static final MinecraftKey
cvr,h,field_147504_g,,,,,field,private static final MinecraftKey
cvr,i,field_199348_i,,,,,field,private static final MinecraftKey
cvr,j,field_147510_h,,,,,field,private final ModelChest
cvr,k,field_147511_i,,,,,field,private final ModelChest
cvr,l,field_147509_j,,,,,field,private boolean
cvs$d,a,field_205078_a,,,,,field,public static int
cvs$d,b,field_205079_b,,,,,field,private final ModelRenderer[]
cvs$d,c,field_205080_c,,,,,field,private int
cvm,a,field_178465_e,,,,,field,private final ModelBanner
cvw,a,field_147513_b,,,,,field,private static final MinecraftKey
cvw,d,field_147514_c,,,,,field,private final ModelSign
cvs$c,a,field_205076_a,,,,,field,private final ModelRenderer
cvv,a,field_191285_a,,,,,field,private final ModelShulker
cvt,a,field_147540_b,,,,,field,private static final MinecraftKey
cvt,d,field_147541_c,,,,,field,private final ModelBook
cwb,a,field_147529_c,,,,,field,private static final MinecraftKey
cwb,d,field_147526_d,,,,,field,private static final MinecraftKey
cwb,e,field_147527_e,,,,,field,private static final Random
cwb,f,field_188201_h,,,,,field,private static final FloatBuffer
cwb,g,field_188202_i,,,,,field,private static final FloatBuffer
cwb,h,field_147528_b,,,,,field,private final FloatBuffer
cvp,n,field_147559_m,,,,,field,"private final Map<Class<? extends TileEntity>, TileEntityRenderer<? extends TileEntity>>"
cvp,a,field_147556_a,,,,,field,public static TileEntityRendererDispatcher
cvp,o,field_147557_n,,,,,field,private FontRenderer
cvp,b,field_147554_b,,,,,field,public static double
cvp,c,field_147555_c,,,,,field,public static double
cvp,d,field_147552_d,,,,,field,public static double
cvp,e,field_147553_e,,,,,field,public TextureManager
cvp,f,field_147550_f,,,,,field,public World
cvp,g,field_147551_g,,,,,field,public Entity
cvp,h,field_147562_h,,,,,field,public float
cvp,i,field_147563_i,,,,,field,public float
cvp,j,field_190057_j,,,,,field,public MovingObjectPosition
cvp,k,field_147560_j,,,,,field,public double
cvp,l,field_147561_k,,,,,field,public double
cvp,m,field_147558_l,,,,,field,public double
cwa,a,field_188199_f,,,,,field,private static final MinecraftKey
cvu,a,field_178462_c,,,,,field,private final BlockRendererDispatcher
cvq,b,field_178460_a,,,,,field,public static final MinecraftKey[]
cvq,c,field_147501_a,,,,,field,protected TileEntityRendererDispatcher
cvn,a,field_147523_b,,,,,field,public static final MinecraftKey
cvs$a,a,field_205075_a,,,,,field,private final ModelRenderer
ctp$c,a,field_179202_a,,,,,field,private final int
ctp$c,b,field_179201_b,,,,,field,private boolean
cwu,a,field_201743_a,,,,,field,private final Minecraft
cwu,b,field_201744_b,,,,,field,"private final Map<BlockPosition, BlockPosition>"
cwu,c,field_201745_c,,,,,field,"private final Map<BlockPosition, Float>"
cwu,d,field_201746_d,,,,,field,private final List<BlockPosition>
cwx,a,field_188286_a,,,,,field,public final DebugRendererPathfinding
cwx,b,field_188287_b,,,,,field,public final DebugRenderer$IDebugRenderer
cwx,c,field_190077_c,,,,,field,public final DebugRenderer$IDebugRenderer
cwx,d,field_190078_d,,,,,field,public final DebugRenderer$IDebugRenderer
cwx,e,field_191325_e,,,,,field,public final DebugRenderer$IDebugRenderer
cwx,f,field_191557_f,,,,,field,public final DebugRenderer$IDebugRenderer
cwx,g,field_201747_g,,,,,field,public final DebugRendererCave
cwx,h,field_201748_h,,,,,field,public final DebugRendererStructure
cwx,i,field_201749_i,,,,,field,public final DebugRenderer$IDebugRenderer
cwx,j,field_201750_j,,,,,field,public final DebugRenderer$IDebugRenderer
cwx,k,field_193852_g,,,,,field,public final DebugRenderer$IDebugRenderer
cwx,l,field_190079_e,,,,,field,private boolean
cwx,m,field_190080_f,,,,,field,private boolean
cwx,n,field_190081_g,,,,,field,private boolean
cwx,o,field_190082_h,,,,,field,private boolean
cwx,p,field_191326_j,,,,,field,private boolean
cwx,q,field_191558_l,,,,,field,private boolean
cwx,r,field_201751_r,,,,,field,private boolean
cwx,s,field_201752_s,,,,,field,private boolean
cwx,t,field_201753_t,,,,,field,private boolean
cwx,u,field_201754_u,,,,,field,private boolean
cwx,v,field_193853_n,,,,,field,private boolean
cxb,a,field_188290_a,,,,,field,private final Minecraft
cxb,b,field_188291_b,,,,,field,"private final Map<Integer, PathEntity>"
cxb,c,field_188292_c,,,,,field,"private final Map<Integer, Float>"
cxb,d,field_188293_d,,,,,field,"private final Map<Integer, Long>"
cxb,e,field_190068_e,,,,,field,private EntityHuman
cxb,f,field_190069_f,,,,,field,private double
cxb,g,field_190070_g,,,,,field,private double
cxb,h,field_190071_h,,,,,field,private double
cxf,a,field_201735_a,,,,,field,private final Minecraft
cxf,b,field_201736_b,,,,,field,private final List<BlockPosition>
cxf,c,field_201737_c,,,,,field,private final List<Float>
cxf,d,field_201738_d,,,,,field,private final List<Float>
cxf,e,field_201739_e,,,,,field,private final List<Float>
cxf,f,field_201740_f,,,,,field,private final List<Float>
cxf,g,field_201741_g,,,,,field,private final List<Float>
cwz,a,field_201728_a,,,,,field,private final Minecraft
cww,a,field_191312_a,,,,,field,private final Minecraft
cww,b,field_195631_b,,,,,field,private double
cww,c,field_195632_c,,,,,field,private VoxelShape
cxc,a,field_193851_a,,,,,field,private final Minecraft
cwv,a,field_190072_a,,,,,field,private final Minecraft
cxd,a,field_201730_a,,,,,field,private final Minecraft
cxd,b,field_201731_b,,,,,field,"private final Map<Integer, Map<String, StructureBoundingBox>>"
cxd,c,field_201732_c,,,,,field,"private final Map<Integer, Map<String, StructureBoundingBox>>"
cxd,d,field_201733_d,,,,,field,"private final Map<Integer, Map<String, Boolean>>"
cxe,a,field_188288_a,,,,,field,private final Minecraft
cxe,b,field_190062_b,,,,,field,private EntityHuman
cxe,c,field_190063_c,,,,,field,private double
cxe,d,field_190064_d,,,,,field,private double
cxe,e,field_190065_e,,,,,field,private double
cwy,a,field_190061_a,,,,,field,private final Minecraft
cxa,a,field_191554_a,,,,,field,private final Minecraft
cxa,b,field_191555_b,,,,,field,"private final Map<Long, Map<BlockPosition, Integer>>"
ctp$w,a,field_179064_a,,,,,field,public GlStateManager$TexGenCoord
ctp$w,b,field_179062_b,,,,,field,public GlStateManager$TexGenCoord
ctp$w,c,field_179063_c,,,,,field,public GlStateManager$TexGenCoord
ctp$w,d,field_179061_d,,,,,field,public GlStateManager$TexGenCoord
ctp$b,a,field_179213_a,,,,,field,public GlStateManager$BooleanState
ctp$b,b,field_179211_b,,,,,field,public int
ctp$b,c,field_179212_c,,,,,field,public int
ctp$b,d,field_179209_d,,,,,field,public int
ctp$b,e,field_179210_e,,,,,field,public int
cto,d,field_209253_d,,,,,field,private static final org.apache.logging.log4j.Logger
cto,a,field_209250_a,,,,,field,protected static final ByteBuffer
cto,b,field_209251_b,,,,,field,protected static final FloatBuffer
cto,c,field_209252_c,,,,,field,protected static final IntBuffer
cto,e,field_209254_e,,,,,field,private static final com.google.common.base.Joiner
cto,f,field_209255_f,,,,,field,private static final com.google.common.base.Joiner
cto,g,field_209256_g,,,,,field,"private static final Map<Integer, String>"
cto,h,field_209257_h,,,,,field,private static final List<Integer>
cto,i,field_209258_i,,,,,field,private static final List<Integer>
cto,j,field_209259_j,,,,,field,"private static final Map<String, List<String>>"
ctp$q,a,DEFAULT,,,,,enum,
ctp$q,b,PLAYER_SKIN,,,,,enum,
ctp$q,c,TRANSPARENT_MODEL,,,,,enum,
ctp$k,a,field_179052_a,,,,,field,public GlStateManager$BooleanState
ctp$k,b,field_179050_b,,,,,field,public boolean
ctp$k,c,field_179051_c,,,,,field,public int
cuf$b,a,field_187483_a,,,,,field,public long
cuf$b,b,field_187484_b,,,,,field,public MinecraftKey
cuf,a,field_178466_c,,,,,field,public static final BannerTextures$Cache
cuf,b,field_187485_b,,,,,field,public static final BannerTextures$Cache
cuf,c,field_187486_c,,,,,field,public static final MinecraftKey
cuf,d,field_187487_d,,,,,field,public static final MinecraftKey
cuf$a,a,field_187479_a,,,,,field,"private final Map<String, BannerTextures$CacheEntry>"
cuf$a,b,field_187480_b,,,,,field,private final MinecraftKey
cuf$a,c,field_187481_c,,,,,field,private final String
cuf$a,d,field_187482_d,,,,,field,private final String
cub,a,field_178183_a,,,,,field,private final BufferBuilder
cub,b,field_178182_b,,,,,field,private final WorldVertexBufferUploader
cub,c,field_78398_a,,,,,field,private static final Tessellator
ctp$h,a,field_179191_a,,,,,field,public GlStateManager$BooleanState
ctp$h,b,field_179189_b,,,,,field,public int
ctp$h,c,field_179190_c,,,,,field,public int
cud,a,field_178179_a,,,,,field,private VertexBuffer
ctp$f,a,field_179197_a,,,,,field,public GlStateManager$BooleanState
ctp$f,b,field_179196_b,,,,,field,public int
ctk,b,field_191274_b,,,,,field,private static final TileEntityShulkerBox[]
ctk,c,field_204401_c,,,,,field,private static final TileEntityShulkerBox
ctk,a,field_147719_a,,,,,field,public static TileEntityItemStackRenderer
ctk,d,field_147717_b,,,,,field,private final TileEntityChest
ctk,e,field_147718_c,,,,,field,private final TileEntityChest
ctk,f,field_147716_d,,,,,field,private final TileEntityEnderChest
ctk,g,field_179024_e,,,,,field,private final TileEntityBanner
ctk,h,field_193843_g,,,,,field,private final TileEntityBed
ctk,i,field_179023_f,,,,,field,private final TileEntitySkull
ctk,j,field_205085_j,,,,,field,private final TileEntityConduit
ctk,k,field_187318_g,,,,,field,private final ModelShield
ctk,l,field_203084_j,,,,,field,private final ModelTrident
ctp$o,a,AND,,,,,enum,
ctp$o,b,AND_INVERTED,,,,,enum,
ctp$o,c,AND_REVERSE,,,,,enum,
ctp$o,d,CLEAR,,,,,enum,
ctp$o,e,COPY,,,,,enum,
ctp$o,f,COPY_INVERTED,,,,,enum,
ctp$o,g,EQUIV,,,,,enum,
ctp$o,h,INVERT,,,,,enum,
ctp$o,i,NAND,,,,,enum,
ctp$o,j,NOOP,,,,,enum,
ctp$o,k,NOR,,,,,enum,
ctp$o,l,OR,,,,,enum,
ctp$o,m,OR_INVERTED,,,,,enum,
ctp$o,n,OR_REVERSE,,,,,enum,
ctp$o,o,SET,,,,,enum,
ctp$o,p,XOR,,,,,enum,
ctp$o,q,field_187370_q,,,,,field,public final int
ctp$i,a,FRONT,,,,,enum,
ctp$i,b,BACK,,,,,enum,
ctp$i,c,FRONT_AND_BACK,,,,,enum,
ctp$i,d,field_187328_d,,,,,field,public final int
cth,a,field_179040_a,,,,,field,private final BufferBuilder[]
ctp$x,a,field_179060_a,,,,,field,public GlStateManager$BooleanState
ctp$x,b,field_179059_b,,,,,field,public int
ctp$d,a,field_179205_a,,,,,field,public double
ctp$d,b,field_179203_b,,,,,field,public GlStateManager$Color
ctl,a,DOWN,,,,,enum,
ctl,b,UP,,,,,enum,
ctl,c,NORTH,,,,,enum,
ctl,d,SOUTH,,,,,enum,
ctl,e,WEST,,,,,enum,
ctl,f,EAST,,,,,enum,
ctl,g,field_179029_g,,,,,field,private static final EnumFaceDirection[]
ctl,h,field_179035_h,,,,,field,private final EnumFaceDirection$VertexInformation[]
ctx,a,field_209145_a,,,,,field,private final Minecraft
ctx,b,field_209146_b,,,,,field,private final RenderSkyboxCube
ctx,c,field_209147_c,,,,,field,private float
ctm,a,field_205091_a,,,,,field,private final FloatBuffer
ctm,b,field_205092_b,,,,,field,private final FloatBuffer
ctm,c,field_205093_c,,,,,field,private float
ctm,d,field_205094_d,,,,,field,private float
ctm,e,field_205095_e,,,,,field,private float
ctm,f,field_205096_f,,,,,field,private float
ctm,g,field_205097_g,,,,,field,private float
ctm,h,field_205098_h,,,,,field,private float
ctm,i,field_205099_i,,,,,field,private float
ctm,j,field_205100_j,,,,,field,private float
ctm,k,field_205101_k,,,,,field,private int
ctm,l,field_205102_l,,,,,field,private int
ctm,m,field_205103_m,,,,,field,private long
ctm,n,field_205104_n,,,,,field,private final EntityRenderer
ctm,o,field_205105_o,,,,,field,private final Minecraft
ctp$j,a,field_179054_a,,,,,field,public GlStateManager$BooleanState
ctp$j,b,field_179053_b,,,,,field,public int
cts,a,field_199313_a,,,,,field,public final it.unimi.dsi.fastutil.ints.Int2ObjectMap<ModelResourceLocation>
cts,b,field_199314_b,,,,,field,private final it.unimi.dsi.fastutil.ints.Int2ObjectMap<IBakedModel>
cts,c,field_178090_d,,,,,field,private final ModelManager
dbo,a,field_204248_a,,,,,field,private static final MinecraftKey
dbo,b,field_204249_b,,,,,field,private final RenderPhantom
dav,b,field_177188_b,,,,,field,protected static final MinecraftKey
dav,c,field_177189_c,,,,,field,protected T
dav,d,field_177186_d,,,,,field,protected T
dav,a,field_177190_a,,,,,field,private final RenderLivingBase<?>
dav,e,field_177187_e,,,,,field,private float
dav,f,field_177184_f,,,,,field,private float
dav,g,field_177185_g,,,,,field,private float
dav,h,field_177192_h,,,,,field,private float
dav,i,field_177193_i,,,,,field,private boolean
dav,j,field_177191_j,,,,,field,"private static final Map<String, MinecraftKey>"
dbl,b,field_177206_a,,,,,field,protected final RenderLivingBase<?>
dbk,a,field_177154_a,,,,,field,private final RenderIronGolem
dba,a,field_177209_a,,,,,field,private final ModelRenderer
dbt,a,field_177152_a,,,,,field,private final RenderSnowMan
dbu,a,field_177150_a,,,,,field,private static final MinecraftKey
dbu,b,field_177149_b,,,,,field,private final RenderSpider<T>
dbb,a,field_177208_a,,,,,field,private final RenderPlayer
dcb,a,field_177147_a,,,,,field,private static final MinecraftKey
dcb,b,field_177146_b,,,,,field,private final RenderWolf
dbm,a,field_191364_a,,,,,field,private static final MinecraftKey[]
dbm,b,field_191365_b,,,,,field,private final RenderLlama
dbm,c,field_191366_c,,,,,field,private final ModelLlama
dca,a,field_177217_a,,,,,field,private static final MinecraftKey
dca,b,field_177215_b,,,,,field,private final RenderWither
dca,c,field_177216_c,,,,,field,private final ModelWither
dbi,c,field_192867_c,,,,,field,private final RenderManager
dbi,a,field_192865_a,,,,,field,protected RenderLivingBase<? extends EntityLiving>
dbi,d,field_192868_d,,,,,field,private ModelBase
dbi,e,field_192869_e,,,,,field,private MinecraftKey
dbi,f,field_192870_f,,,,,field,private UUID
dbi,g,field_192871_g,,,,,field,private EntityTypes<?>
dbi,b,field_192866_b,,,,,field,protected RenderLivingBase<? extends EntityLiving>
dbi,h,field_192872_h,,,,,field,private ModelBase
dbi,i,field_192873_i,,,,,field,private MinecraftKey
dbi,j,field_192874_j,,,,,field,private UUID
dbi,k,field_192875_k,,,,,field,private EntityTypes<?>
dbe,b,field_188355_a,,,,,field,private static final MinecraftKey
dbe,a,field_188356_b,,,,,field,protected final RenderLivingBase<?>
dbe,c,field_188357_c,,,,,field,private final ModelElytra
dbp,a,field_177158_a,,,,,field,private static final MinecraftKey
dbp,b,field_177156_b,,,,,field,private final RenderPig
dbp,c,field_177157_c,,,,,field,private final ModelPig
dbc,a,field_205130_a,,,,,field,protected final RenderLivingBase<?>
dbc,b,field_205131_b,,,,,field,private final ItemRenderer
dbv,a,field_204836_a,,,,,field,public static final MinecraftKey
dbv,b,field_204837_b,,,,,field,private final RenderPlayer
dbv,c,field_204838_c,,,,,field,private final LayerSpinAttackEffect$Model
dbs,a,field_177161_a,,,,,field,private final RenderSlime
dbs,b,field_177160_b,,,,,field,private final ModelBase
dbz,a,field_177144_a,,,,,field,private final RenderWitch
daz,a,field_177172_a,,,,,field,private static final MinecraftKey
daz,b,field_177170_b,,,,,field,private final RenderCreeper
daz,c,field_177171_c,,,,,field,private final ModelCreeper
dbg,a,field_177212_a,,,,,field,private static final MinecraftKey
dbg,b,field_177211_b,,,,,field,private final RenderDragon
dbh,a,field_177203_a,,,,,field,private static final MinecraftKey
dbh,b,field_177202_b,,,,,field,private final RenderEnderman
day,a,field_177174_a,,,,,field,private final RenderEnderman
dbv$a,a,field_204834_a,,,,,field,private final ModelRenderer
dax,a,field_177167_a,,,,,field,private final RenderPlayer
dbn,a,field_177205_a,,,,,field,private final RenderMooshroom
daw,a,field_177168_a,,,,,field,private final RenderLivingBase<?>
dbd,a,field_204721_a,,,,,field,private static final MinecraftKey
dbd,b,field_204722_b,,,,,field,private final RenderDrowned
dbd,c,field_204723_c,,,,,field,private final ModelDrowned
dbr,a,field_177165_a,,,,,field,private static final MinecraftKey
dbr,b,field_177163_b,,,,,field,private final RenderSheep
dbr,c,field_177164_c,,,,,field,private final ModelSheepWool
dbx,a,field_204250_a,,,,,field,private final RenderTropicalFish
dbx,b,field_204251_b,,,,,field,private final ModelTropicalFishA
dbx,c,field_204252_c,,,,,field,private final ModelTropicalFishB
dbi$a,a,field_192882_a,,,,,field,public UUID
dbi$a,b,field_192883_b,,,,,field,public RenderLivingBase<? extends EntityLiving>
dbi$a,c,field_192884_c,,,,,field,public ModelBase
dbi$a,d,field_192885_d,,,,,field,public MinecraftKey
dbi$a,e,field_200698_e,,,,,field,public EntityTypes<?>
dbw,a,field_190092_a,,,,,field,private static final MinecraftKey
dbw,b,field_190093_b,,,,,field,private final RenderLivingBase<?>
dbw,c,field_190094_c,,,,,field,private final ModelSkeleton
cyn,a,field_110871_a,,,,,field,private static final MinecraftKey
cyn,j,field_77073_a,,,,,field,private final float
cyw,a,field_110798_h,,,,,field,public static final MinecraftKey
cyw,c,field_195411_c,,,,,field,private static final Set<Item>
cyw,b,field_77023_b,,,,,field,public float
cyw,d,field_175059_m,,,,,field,private final ItemModelMesher
cyw,e,field_175057_n,,,,,field,private final TextureManager
cyw,f,field_184395_f,,,,,field,private final ItemColors
daj,a,field_203091_a,,,,,field,private static final MinecraftKey
cyp,a,field_110852_a,,,,,field,"private static final Map<String, MinecraftKey>"
dak,a,field_195638_a,,,,,field,"private static final Map<Class<?>, MinecraftKey>"
dan,a,field_191357_a,,,,,field,private static final MinecraftKey
czq,a,field_203776_a,,,,,field,private static final MinecraftKey
cxq,a,field_110920_a,,,,,field,private static final MinecraftKey
cyo,a,field_177114_e,,,,,field,private static final MinecraftKey
cyo,j,field_177117_k,,,,,field,private static final MinecraftKey
cxw,a,field_205128_a,,,,,field,private static final MinecraftKey
dau,a,field_110864_q,,,,,field,private static final MinecraftKey
dau,j,field_188330_l,,,,,field,private static final MinecraftKey
dau,k,field_188331_m,,,,,field,private static final MinecraftKey
dau,l,field_188332_n,,,,,field,private static final MinecraftKey
dau,m,field_188333_o,,,,,field,private static final MinecraftKey
dau,n,field_188329_p,,,,,field,private static final MinecraftKey
cyl,a,field_110792_a,,,,,field,private static final MinecraftKey
cyg,a,field_191329_a,,,,,field,private static final MinecraftKey
cyg,f,field_191330_f,,,,,field,private final ModelEvokerFangs
cyr,a,field_190086_r,,,,,field,private static final MinecraftKey
cxz,a,field_177116_j,,,,,field,private static final MinecraftKey
czv,a,field_110862_k,,,,,field,private static final MinecraftKey
dam,a,field_110903_f,,,,,field,private static final MinecraftKey
dam,j,field_110904_g,,,,,field,private static final MinecraftKey
dam,k,field_110908_h,,,,,field,private static final MinecraftKey
dam,l,field_110907_k,,,,,field,private static final MinecraftKey
dam,m,field_110905_l,,,,,field,private static final MinecraftKey
dam,n,field_110906_m,,,,,field,private static final MinecraftKey
czg,a,field_110880_a,,,,,field,private static final MinecraftKey
czm,a,field_177120_j,,,,,field,private static final MinecraftKey
czl,a,field_110887_f,,,,,field,private static final MinecraftKey
cxr,a,field_203769_a,,,,,field,private static final MinecraftKey
czw,a,field_110897_a,,,,,field,private static final MinecraftKey
cxp,a,field_195635_a,,,,,field,"private static final Map<Class<?>, MinecraftKey>"
cxh,a,field_191360_j,,,,,field,private final float
czb,a,field_191350_a,,,,,field,private static final MinecraftKey[]
cyh,a,field_191338_a,,,,,field,private static final MinecraftKey
daa,a,field_110901_a,,,,,field,private static final MinecraftKey
czh,a,field_110877_a,,,,,field,private static final MinecraftKey
czh,j,field_110875_f,,,,,field,private static final MinecraftKey
czh,k,field_110876_g,,,,,field,private static final MinecraftKey
czh,l,field_110878_h,,,,,field,private static final MinecraftKey
cys,a,field_193121_a,,,,,field,private static final MinecraftKey
cxm,a,field_110837_a,,,,,field,private static final MinecraftKey
cye,k,field_78729_o,,,,,field,"private final Map<Class<? extends Entity>, Render<? extends Entity>>"
cye,l,field_178636_l,,,,,field,"private final Map<String, RenderPlayer>"
cye,m,field_178637_m,,,,,field,private final RenderPlayer
cye,n,field_78736_p,,,,,field,private FontRenderer
cye,o,field_78725_b,,,,,field,private double
cye,p,field_78726_c,,,,,field,private double
cye,q,field_78723_d,,,,,field,private double
cye,a,field_78724_e,,,,,field,public TextureManager
cye,b,field_78722_g,,,,,field,public World
cye,c,field_78734_h,,,,,field,public Entity
cye,d,field_147941_i,,,,,field,public Entity
cye,e,field_78735_i,,,,,field,public float
cye,f,field_78732_j,,,,,field,public float
cye,g,field_78733_k,,,,,field,public GameSettings
cye,h,field_78730_l,,,,,field,public double
cye,i,field_78731_m,,,,,field,public double
cye,j,field_78728_n,,,,,field,public double
cye,r,field_178639_r,,,,,field,private boolean
cye,s,field_178638_s,,,,,field,private boolean
cye,t,field_85095_o,,,,,field,private boolean
dao,a,field_110910_a,,,,,field,private static final MinecraftKey
czn,a,field_190090_a,,,,,field,private static final MinecraftKey
cyf,a,field_110778_a,,,,,field,private static final MinecraftKey
cyf,b,field_76990_c,,,,,field,protected final RenderManager
cyf,c,field_76989_e,,,,,field,protected float
cyf,d,field_76987_f,,,,,field,protected float
cyf,e,field_188301_f,,,,,field,protected boolean
czs,a,field_188348_a,,,,,field,private static final MinecraftKey
czs,f,field_188349_b,,,,,field,private final ModelShulkerBullet
cyb,a,field_110843_g,,,,,field,public static final MinecraftKey
cyb,j,field_110842_f,,,,,field,private static final MinecraftKey
cyb,k,field_110844_k,,,,,field,private static final MinecraftKey
czz,a,field_110890_f,,,,,field,private static final MinecraftKey
cyq,a,field_177118_j,,,,,field,private static final MinecraftKey
daq,a,field_110861_l,,,,,field,private static final MinecraftKey
das,a,field_110917_a,,,,,field,private static final MinecraftKey
das,j,field_110915_f,,,,,field,private static final MinecraftKey
das,k,field_110916_g,,,,,field,private static final MinecraftKey
cxx,a,field_188314_a,,,,,field,private static final MinecraftKey
czj,a,field_192862_a,,,,,field,public static final MinecraftKey[]
czo,a,field_203771_a,,,,,field,private static final MinecraftKey
czo,j,field_203772_j,,,,,field,private int
czo,k,field_203773_k,,,,,field,private final ModelPufferFishSmall
czo,l,field_203774_l,,,,,field,private final ModelPufferFishMedium
czo,m,field_203775_m,,,,,field,private final ModelPufferFishBig
dce,a,field_205127_a,,,,,field,private float
czk,a,field_203090_j,,,,,field,private static final MinecraftKey
czi,a,field_110807_a,,,,,field,private static final MinecraftKey
dar,a,field_110811_a,,,,,field,private static final MinecraftKey
dar,f,field_110810_f,,,,,field,private static final MinecraftKey
dar,g,field_82401_a,,,,,field,private final ModelSkeletonHead
cxv,a,field_205081_a,,,,,field,private final ModelRenderer
cxv,b,field_205082_b,,,,,field,private final ModelRenderer
cxv,c,field_205083_c,,,,,field,private final ModelRenderer
cxv,d,field_205084_d,,,,,field,private final ModelRenderer
czu,a,field_110882_a,,,,,field,private static final MinecraftKey
cyk,a,field_77002_a,,,,,field,private final float
cyu,a,field_177080_a,,,,,field,private final ItemRenderer
cyu,f,field_177079_e,,,,,field,private final Random
czc,a,field_191333_a,,,,,field,private static final MinecraftKey
czc,f,field_191334_f,,,,,field,private final ModelLlamaSpit
dac,a,field_177084_a,,,,,field,protected final Item
dac,f,field_177083_e,,,,,field,private final ItemRenderer
cyd,a,field_177108_a,,,,,field,private static final MinecraftKey
czx,a,field_110895_a,,,,,field,private static final MinecraftKey
dai,a,field_204246_a,,,,,field,private final ModelTropicalFishA
dai,j,field_204247_j,,,,,field,private final ModelTropicalFishB
cym,a,field_110869_a,,,,,field,private static final MinecraftKey
cym,j,field_110868_f,,,,,field,private static final MinecraftKey
dab,a,field_190084_m,,,,,field,private static final MinecraftKey
dat,a,field_110865_p,,,,,field,private static final MinecraftKey
dae,a,field_203087_a,,,,,field,public static final MinecraftKey
dae,f,field_203088_f,,,,,field,private final ModelTrident
cza,a,field_147923_a,,,,,field,private static final org.apache.logging.log4j.Logger
cza,j,field_177096_e,,,,,field,private static final DynamicTexture
cza,f,field_77045_g,,,,,field,protected ModelBase
cza,g,field_177095_g,,,,,field,protected FloatBuffer
cza,h,field_177097_h,,,,,field,protected List<LayerRenderer<T>>
cza,i,field_188323_j,,,,,field,protected boolean
cxo,a,field_110893_a,,,,,field,private static final MinecraftKey
cxj,a,field_177103_a,,,,,field,public static final MinecraftKey
cyy,a,field_110802_a,,,,,field,private static final MinecraftKey
cyy,f,field_110801_f,,,,,field,private final ModelLeashKnot
dal,a,field_191343_a,,,,,field,private static final MinecraftKey
dal,j,field_191344_j,,,,,field,private static final MinecraftKey
cyc,a,field_110839_f,,,,,field,private static final MinecraftKey
cyc,j,field_77077_b,,,,,field,private final Random
czd,f,field_110804_g,,,,,field,private static final MinecraftKey
czd,a,field_77013_a,,,,,field,protected ModelBase
cyi,a,field_110785_a,,,,,field,private static final MinecraftKey
cxl,a,field_110835_a,,,,,field,private static final MinecraftKey
daf,a,field_188305_a,,,,,field,public static final MinecraftKey
daf,f,field_188306_b,,,,,field,public static final MinecraftKey
czr,a,field_110884_f,,,,,field,private static final MinecraftKey
dap,a,field_110913_a,,,,,field,private static final MinecraftKey
dap,j,field_110912_f,,,,,field,private static final MinecraftKey
czy,a,field_188303_a,,,,,field,public static final MinecraftKey
czt,a,field_204402_a,,,,,field,public static final MinecraftKey
czt,j,field_188342_a,,,,,field,public static final MinecraftKey[]
cyt,a,field_110899_a,,,,,field,private static final MinecraftKey
cxt,a,field_110830_f,,,,,field,private static final MinecraftKey
cyx,a,field_110873_a,,,,,field,private static final MinecraftKey
cyv,a,field_110789_a,,,,,field,private static final MinecraftKey
cyv,f,field_209585_f,,,,,field,private static final ModelResourceLocation
cyv,g,field_209586_g,,,,,field,private static final ModelResourceLocation
cyv,h,field_147917_g,,,,,field,private final Minecraft
cyv,i,field_177074_h,,,,,field,private final ItemRenderer
cxy,a,field_204720_a,,,,,field,private static final MinecraftKey
cxy,j,field_208407_j,,,,,field,private float
cxn,f,field_110782_f,,,,,field,private static final MinecraftKey[]
cxn,a,field_76998_a,,,,,field,protected ModelBase
czp,a,field_177127_a,,,,,field,private static final MinecraftKey
czp,j,field_177126_e,,,,,field,private static final MinecraftKey
czp,k,field_177132_j,,,,,field,private static final MinecraftKey
czp,l,field_177133_k,,,,,field,private static final MinecraftKey
czp,m,field_177130_l,,,,,field,private static final MinecraftKey
czp,n,field_177131_m,,,,,field,private static final MinecraftKey
czp,o,field_177128_n,,,,,field,private static final MinecraftKey
czp,p,field_177129_o,,,,,field,private static final MinecraftKey
cxs,a,field_110833_a,,,,,field,private static final MinecraftKey
cya,a,field_110787_a,,,,,field,private static final MinecraftKey
cya,f,field_76995_b,,,,,field,private final ModelBase
cya,g,field_188316_g,,,,,field,private final ModelBase
ctp$g,a,field_179188_a,,,,,field,public boolean
ctp$g,b,field_179186_b,,,,,field,public boolean
ctp$g,c,field_179187_c,,,,,field,public boolean
ctp$g,d,field_179185_d,,,,,field,public boolean
ctp$e,a,field_179195_a,,,,,field,public float
ctp$e,b,field_179193_b,,,,,field,public float
ctp$e,c,field_179194_c,,,,,field,public float
ctp$e,d,field_179192_d,,,,,field,public float
ctp$r,a,CONSTANT_ALPHA,,,,,enum,
ctp$r,b,CONSTANT_COLOR,,,,,enum,
ctp$r,c,DST_ALPHA,,,,,enum,
ctp$r,d,DST_COLOR,,,,,enum,
ctp$r,e,ONE,,,,,enum,
ctp$r,f,ONE_MINUS_CONSTANT_ALPHA,,,,,enum,
ctp$r,g,ONE_MINUS_CONSTANT_COLOR,,,,,enum,
ctp$r,h,ONE_MINUS_DST_ALPHA,,,,,enum,
ctp$r,i,ONE_MINUS_DST_COLOR,,,,,enum,
ctp$r,j,ONE_MINUS_SRC_ALPHA,,,,,enum,
ctp$r,k,ONE_MINUS_SRC_COLOR,,,,,enum,
ctp$r,l,SRC_ALPHA,,,,,enum,
ctp$r,m,SRC_ALPHA_SATURATE,,,,,enum,
ctp$r,n,SRC_COLOR,,,,,enum,
ctp$r,o,ZERO,,,,,enum,
ctp$r,p,field_187395_p,,,,,field,public final int
ctp,a,field_187450_a,,,,,field,private static final FloatBuffer
ctp,b,field_187451_b,,,,,field,private static final FloatBuffer
ctp,c,field_199299_c,,,,,field,private static final GlStateManager$AlphaState
ctp,d,field_199300_d,,,,,field,private static final GlStateManager$BooleanState
ctp,e,field_199301_e,,,,,field,private static final GlStateManager$BooleanState[]
ctp,f,field_199302_f,,,,,field,private static final GlStateManager$ColorMaterialState
ctp,g,field_179157_e,,,,,field,private static final GlStateManager$BlendState
ctp,h,field_179154_f,,,,,field,private static final GlStateManager$DepthState
ctp,i,field_179155_g,,,,,field,private static final GlStateManager$FogState
ctp,j,field_179167_h,,,,,field,private static final GlStateManager$CullState
ctp,k,field_179168_i,,,,,field,private static final GlStateManager$PolygonOffsetState
ctp,l,field_179165_j,,,,,field,private static final GlStateManager$ColorLogicState
ctp,m,field_179166_k,,,,,field,private static final GlStateManager$TexGenState
ctp,n,field_179163_l,,,,,field,private static final GlStateManager$ClearState
ctp,o,field_179164_m,,,,,field,private static final GlStateManager$StencilState
ctp,p,field_199303_p,,,,,field,private static final GlStateManager$BooleanState
ctp,q,field_179162_o,,,,,field,private static int
ctp,r,field_199304_r,,,,,field,private static final GlStateManager$TextureState[]
ctp,s,field_179173_q,,,,,field,private static int
ctp,t,field_199305_t,,,,,field,private static final GlStateManager$BooleanState
ctp,u,field_199306_u,,,,,field,private static final GlStateManager$ColorMask
ctp,v,field_199307_v,,,,,field,private static final GlStateManager$Color
ctj,a,field_209143_a,,,,,field,private final MinecraftKey[]
ctp$y,a,INSTANCE,,,,,enum,
ctp$y,b,field_199289_b,,,,,field,protected int
ctp$y,c,field_199290_c,,,,,field,protected int
ctp$y,d,field_199291_d,,,,,field,protected int
ctp$y,e,field_199292_e,,,,,field,protected int
ctf,a,field_187316_a,,,,,field,private static final org.apache.logging.log4j.Logger
ctf,b,field_179001_a,,,,,field,private ByteBuffer
ctf,c,field_178999_b,,,,,field,private IntBuffer
ctf,d,field_181676_c,,,,,field,private ShortBuffer
ctf,e,field_179000_c,,,,,field,private FloatBuffer
ctf,f,field_178997_d,,,,,field,private int
ctf,g,field_181677_f,,,,,field,private VertexFormatElement
ctf,h,field_181678_g,,,,,field,private int
ctf,i,field_78939_q,,,,,field,private boolean
ctf,j,field_179006_k,,,,,field,private int
ctf,k,field_179004_l,,,,,field,private double
ctf,l,field_179005_m,,,,,field,private double
ctf,m,field_179002_n,,,,,field,private double
ctf,n,field_179011_q,,,,,field,private VertexFormat
ctf,o,field_179010_r,,,,,field,private boolean
ctu,a,field_205110_a,,,,,field,private final DynamicTexture
ctu,b,field_205111_b,,,,,field,private final NativeImage
ctu,c,field_205112_c,,,,,field,private final MinecraftKey
ctu,d,field_205113_d,,,,,field,private boolean
ctu,e,field_205114_e,,,,,field,private float
ctu,f,field_205115_f,,,,,field,private float
ctu,g,field_205116_g,,,,,field,private final EntityRenderer
ctu,h,field_205117_h,,,,,field,private final Minecraft
ctt$a,b,field_178036_a,,,,,field,private final RenderChunk
ctt$a,c,field_178034_b,,,,,field,private final EnumDirection
ctt$a,d,field_178035_c,,,,,field,private byte
ctt$a,e,field_178032_d,,,,,field,private final int
dcz$a,a,field_98151_a,,,,,field,private final TextureAtlasSprite
dcz$a,b,field_94204_c,,,,,field,private final int
dcz$a,c,field_94201_d,,,,,field,private final int
dcz$a,d,field_147968_d,,,,,field,private final int
dcz$a,e,field_94202_e,,,,,field,private boolean
dcz$a,f,field_94205_a,,,,,field,private float
dcw,a,field_209272_a,,,,,field,private static final Set<StandardOpenOption>
dcw,b,field_211680_b,,,,,field,private final NativeImage$PixelFormat
dcw,c,field_195719_a,,,,,field,private final int
dcw,d,field_195720_b,,,,,field,private final int
dcw,e,field_195721_c,,,,,field,private final boolean
dcw,f,field_195722_d,,,,,field,private long
dcw,g,field_195723_e,,,,,field,private final int
dcz,a,field_147971_a,,,,,field,private final int
dcz,b,field_94319_a,,,,,field,private final Set<Stitcher$Holder>
dcz,c,field_94317_b,,,,,field,private final List<Stitcher$Slot>
dcz,d,field_94318_c,,,,,field,private int
dcz,e,field_94315_d,,,,,field,private int
dcz,f,field_94316_e,,,,,field,private final int
dcz,g,field_94313_f,,,,,field,private final int
dcz,h,field_94323_h,,,,,field,private final int
ddd,b,field_147646_a,,,,,field,private static final org.apache.logging.log4j.Logger
ddd,a,field_194008_a,,,,,field,public static final MinecraftKey
ddd,c,field_110585_a,,,,,field,"private final Map<MinecraftKey, ITextureObject>"
ddd,d,field_110583_b,,,,,field,private final List<ITickable>
ddd,e,field_110584_c,,,,,field,"private final Map<String, Integer>"
ddd,f,field_110582_d,,,,,field,private final IResourceManager
dct,f,field_174947_f,,,,,field,private static final org.apache.logging.log4j.Logger
dct,g,field_174948_g,,,,,field,private final MinecraftKey
dct,h,field_174949_h,,,,,field,private final List<String>
dct,i,field_174950_i,,,,,field,private final List<EnumColor>
dcv,l,field_195678_l,,,,,field,private static final MinecraftKey
dcv,m,field_195679_m,,,,,field,private static DynamicTexture
dcv,n,field_195680_n,,,,,field,private static final NativeImage
dcv,o,field_195681_o,,,,,field,private static final MissingTextureSprite
dcw$a,a,RGBA,,,,,enum,
dcw$a,b,RGB,,,,,enum,
dcw$a,c,LUMINANCE_ALPHA,,,,,enum,
dcw$a,d,LUMINANCE,,,,,enum,
dcw$a,e,field_211659_e,,,,,field,private final int
dcw$a,f,field_211660_f,,,,,field,private final int
dcw$a,g,field_211661_g,,,,,field,private final boolean
dcw$a,h,field_211662_h,,,,,field,private final boolean
dcw$a,i,field_211663_i,,,,,field,private final boolean
dcw$a,j,field_211664_j,,,,,field,private final boolean
dcw$a,k,field_211665_k,,,,,field,private final boolean
dcw$a,l,field_211666_l,,,,,field,private final int
dcw$a,m,field_211667_m,,,,,field,private final int
dcw$a,n,field_211668_n,,,,,field,private final int
dcw$a,o,field_211669_o,,,,,field,private final int
dcw$a,p,field_211670_p,,,,,field,private final int
dcw$a,q,field_211671_q,,,,,field,private final boolean
dcq,a,field_110553_a,,,,,field,protected int
dcq,b,field_174940_b,,,,,field,protected boolean
dcq,c,field_174941_c,,,,,field,protected boolean
dcq,d,field_174938_d,,,,,field,protected boolean
dcq,e,field_174939_e,,,,,field,protected boolean
dcw$c,a,field_209268_a,,,,,field,private final WritableByteChannel
dcw$c,b,field_209269_b,,,,,field,private IOException
dcs,g,field_147644_c,,,,,field,private static final org.apache.logging.log4j.Logger
dcs,h,field_147643_d,,,,,field,private static final AtomicInteger
dcs,i,field_152434_e,,,,,field,private final File
dcs,j,field_110562_b,,,,,field,private final String
dcs,k,field_110563_c,,,,,field,private final IImageBuffer
dcs,l,field_110561_e,,,,,field,private Thread
dcs,m,field_110559_g,,,,,field,private volatile boolean
ddc,l,field_110984_i,,,,,field,private final MinecraftKey
ddc,a,field_130223_c,,,,,field,protected final int
ddc,b,field_130224_d,,,,,field,protected final int
ddc,c,field_195670_c,,,,,field,protected NativeImage[]
ddc,d,field_195671_d,,,,,field,protected int[]
ddc,e,field_195672_e,,,,,field,protected int[]
ddc,f,field_176605_b,,,,,field,protected NativeImage[]
ddc,m,field_110982_k,,,,,field,private AnimationMetadataSection
ddc,g,field_130222_e,,,,,field,protected boolean
ddc,h,field_110975_c,,,,,field,protected int
ddc,i,field_110974_d,,,,,field,protected int
ddc,n,field_110979_l,,,,,field,private float
ddc,o,field_110980_m,,,,,field,private float
ddc,p,field_110977_n,,,,,field,private float
ddc,q,field_110978_o,,,,,field,private float
ddc,j,field_110973_g,,,,,field,protected int
ddc,k,field_110983_h,,,,,field,protected int
ddc,r,field_195673_r,,,,,field,private static final int[]
ddc,s,field_195674_s,,,,,field,private static final float[]
ddb,g,field_147635_d,,,,,field,private static final org.apache.logging.log4j.Logger
ddb,f,field_110575_b,,,,,field,public static final MinecraftKey
ddb,h,field_94258_i,,,,,field,private final List<TextureAtlasSprite>
ddb,i,field_195427_i,,,,,field,private final Set<MinecraftKey>
ddb,j,field_94252_e,,,,,field,"private final Map<MinecraftKey, TextureAtlasSprite>"
ddb,k,field_94254_c,,,,,field,private final String
ddb,l,field_147636_j,,,,,field,private int
ddb,m,field_94249_f,,,,,field,private final TextureAtlasSprite
dcx$b,b,field_195689_b,,,,,field,private final ReadableByteChannel
dcx$b,c,field_195690_c,,,,,field,private long
dcx$b,d,field_195691_d,,,,,field,private int
dcx$b,e,field_195692_e,,,,,field,private int
dcx$b,f,field_195693_f,,,,,field,private int
dcy,g,field_147639_c,,,,,field,private static final org.apache.logging.log4j.Logger
dcy,f,field_110568_b,,,,,field,protected final MinecraftKey
dda,a,field_98149_a,,,,,field,private final Stitcher$Holder
dcr,f,field_110566_b,,,,,field,private NativeImage
dcx$a,a,field_195687_a,,,,,field,protected boolean
dcw$b,a,RGBA,,,,,enum,
dcw$b,b,RGB,,,,,enum,
dcw$b,c,LUMINANCE_ALPHA,,,,,enum,
dcw$b,d,LUMINANCE,,,,,enum,
dcw$b,e,INTENSITY,,,,,enum,
dcw$b,f,field_211673_f,,,,,field,private final int
dcx,a,field_188533_a,,,,,field,public final int
dcx,b,field_188534_b,,,,,field,public final int
dcu,g,field_147638_c,,,,,field,private static final org.apache.logging.log4j.Logger
dcu,f,field_110567_b,,,,,field,public final List<String>
dcz$b,a,field_94192_a,,,,,field,private final int
dcz$b,b,field_94190_b,,,,,field,private final int
dcz$b,c,field_94191_c,,,,,field,private final int
dcz$b,d,field_94188_d,,,,,field,private final int
dcz$b,e,field_94189_e,,,,,field,private List<Stitcher$Slot>
dcz$b,f,field_94187_f,,,,,field,private Stitcher$Holder
dcx$c,b,field_195694_b,,,,,field,private final SeekableByteChannel
ddf,a,field_147959_c,,,,,field,private static final org.apache.logging.log4j.Logger
ctp$p,a,field_179044_a,,,,,field,public GlStateManager$BooleanState
ctp$p,b,field_179042_b,,,,,field,public GlStateManager$BooleanState
ctp$p,c,field_179043_c,,,,,field,public float
ctp$p,d,field_179041_d,,,,,field,public float
cws,a,field_78557_a,,,,,field,public float[][]
cws,b,field_178625_b,,,,,field,public float[]
cws,c,field_178626_c,,,,,field,public float[]
cws,d,field_78554_d,,,,,field,public float[]
cwq,e,field_195630_e,,,,,field,private static final ClippingHelperImpl
cwq,f,field_78561_f,,,,,field,private final FloatBuffer
cwq,g,field_78562_g,,,,,field,private final FloatBuffer
cwq,h,field_78564_h,,,,,field,private final FloatBuffer
cwr,a,field_78552_a,,,,,field,private final ClippingHelper
cwr,b,field_78550_b,,,,,field,private double
cwr,c,field_78551_c,,,,,field,private double
cwr,d,field_78549_d,,,,,field,private double
cty,a,field_199320_a,,,,,field,private int
cty,b,field_199321_b,,,,,field,private int
cty,c,field_199322_c,,,,,field,private int
cty,d,field_199323_d,,,,,field,private int
ctp$t,a,field_179078_a,,,,,field,public GlStateManager$StencilFunc
ctp$t,b,field_179076_b,,,,,field,public int
ctp$t,c,field_179077_c,,,,,field,public int
ctp$t,d,field_179074_d,,,,,field,public int
ctp$t,e,field_179075_e,,,,,field,public int
ctp$s,a,field_179081_a,,,,,field,public int
ctp$s,c,field_179080_c,,,,,field,public int
cue,a,field_178169_a,,,,,field,protected final RenderGlobal
cue,b,field_178167_b,,,,,field,protected final World
cue,c,field_178168_c,,,,,field,protected int
cue,d,field_178165_d,,,,,field,protected int
cue,e,field_178166_e,,,,,field,protected int
cue,f,field_178164_f,,,,,field,public RenderChunk[]
ctp$v,a,field_179067_a,,,,,field,public GlStateManager$BooleanState
ctp$v,b,field_179065_b,,,,,field,public int
ctp$v,c,field_179066_c,,,,,field,public int
ctf$a,b,field_179019_b,,,,,field,private final int[]
ctf$a,c,field_179018_e,,,,,field,private final VertexFormat
ctp$l,a,CONSTANT_ALPHA,,,,,enum,
ctp$l,b,CONSTANT_COLOR,,,,,enum,
ctp$l,c,DST_ALPHA,,,,,enum,
ctp$l,d,DST_COLOR,,,,,enum,
ctp$l,e,ONE,,,,,enum,
ctp$l,f,ONE_MINUS_CONSTANT_ALPHA,,,,,enum,
ctp$l,g,ONE_MINUS_CONSTANT_COLOR,,,,,enum,
ctp$l,h,ONE_MINUS_DST_ALPHA,,,,,enum,
ctp$l,i,ONE_MINUS_DST_COLOR,,,,,enum,
ctp$l,j,ONE_MINUS_SRC_ALPHA,,,,,enum,
ctp$l,k,ONE_MINUS_SRC_COLOR,,,,,enum,
ctp$l,l,SRC_ALPHA,,,,,enum,
ctp$l,m,SRC_COLOR,,,,,enum,
ctp$l,n,ZERO,,,,,enum,
ctp$l,o,field_187345_o,,,,,field,public final int
dcl,a,field_148061_a,,,,,field,private final ShaderLoader$ShaderType
dcl,b,field_148059_b,,,,,field,private final String
dcl,c,field_148060_c,,,,,field,private final int
dcl,d,field_148058_d,,,,,field,private int
dcm,a,field_148080_a,,,,,field,private static final org.apache.logging.log4j.Logger
dcm,b,field_148079_b,,,,,field,private static ShaderLinkHelper
dcn,a,field_148104_a,,,,,field,private static final org.apache.logging.log4j.Logger
dcn,b,field_148102_b,,,,,field,private int
dcn,c,field_148103_c,,,,,field,private final int
dcn,d,field_148100_d,,,,,field,private final int
dcn,e,field_148101_e,,,,,field,private final IntBuffer
dcn,f,field_148098_f,,,,,field,private final FloatBuffer
dcn,g,field_148099_g,,,,,field,private final String
dcn,h,field_148105_h,,,,,field,private boolean
dcn,i,field_148106_i,,,,,field,private final ShaderManager
dcj,a,field_148035_a,,,,,field,private final Framebuffer
dcj,b,field_148033_b,,,,,field,private final IResourceManager
dcj,c,field_148034_c,,,,,field,private final String
dcj,d,field_148031_d,,,,,field,private final List<Shader>
dcj,e,field_148032_e,,,,,field,"private final Map<String, Framebuffer>"
dcj,f,field_148029_f,,,,,field,private final List<Framebuffer>
dcj,g,field_148030_g,,,,,field,private Matrix4f
dcj,h,field_148038_h,,,,,field,private int
dcj,i,field_148039_i,,,,,field,private int
dcj,j,field_148036_j,,,,,field,private float
dcj,k,field_148037_k,,,,,field,private float
dck,c,field_148051_c,,,,,field,private final ShaderManager
dck,a,field_148052_a,,,,,field,public final Framebuffer
dck,b,field_148050_b,,,,,field,public final Framebuffer
dck,d,field_148048_d,,,,,field,private final List<Object>
dck,e,field_148049_e,,,,,field,private final List<String>
dck,f,field_148046_f,,,,,field,private final List<Integer>
dck,g,field_148047_g,,,,,field,private final List<Integer>
dck,h,field_148053_h,,,,,field,private Matrix4f
dch,a,field_148118_a,,,,,field,private static JsonBlendingMode
dch,b,field_148116_b,,,,,field,private final int
dch,c,field_148117_c,,,,,field,private final int
dch,d,field_148114_d,,,,,field,private final int
dch,e,field_148115_e,,,,,field,private final int
dch,f,field_148112_f,,,,,field,private final int
dch,g,field_148113_g,,,,,field,private final boolean
dch,h,field_148119_h,,,,,field,private final boolean
dcl$a,a,VERTEX,,,,,enum,
dcl$a,b,FRAGMENT,,,,,enum,
dcl$a,c,field_148072_c,,,,,field,private final String
dcl$a,d,field_148069_d,,,,,field,private final String
dcl$a,e,field_148070_e,,,,,field,private final int
dcl$a,f,field_148067_f,,,,,field,"private final Map<String, ShaderLoader>"
dci,a,field_148003_a,,,,,field,private static final org.apache.logging.log4j.Logger
dci,b,field_148001_b,,,,,field,private static final ShaderDefault
dci,c,field_148002_c,,,,,field,private static ShaderManager
dci,d,field_147999_d,,,,,field,private static int
dci,e,field_147997_f,,,,,field,"private final Map<String, Object>"
dci,f,field_147998_g,,,,,field,private final List<String>
dci,g,field_148010_h,,,,,field,private final List<Integer>
dci,h,field_148011_i,,,,,field,private final List<ShaderUniform>
dci,i,field_148008_j,,,,,field,private final List<Integer>
dci,j,field_148009_k,,,,,field,"private final Map<String, ShaderUniform>"
dci,k,field_148006_l,,,,,field,private final int
dci,l,field_148007_m,,,,,field,private final String
dci,m,field_148004_n,,,,,field,private final boolean
dci,n,field_148005_o,,,,,field,private boolean
dci,o,field_148016_p,,,,,field,private final JsonBlendingMode
dci,p,field_148015_q,,,,,field,private final List<Integer>
dci,q,field_148014_r,,,,,field,private final List<String>
dci,r,field_148013_s,,,,,field,private final ShaderLoader
dci,s,field_148012_t,,,,,field,private final ShaderLoader
cua,a,field_147622_a,,,,,field,public int
cua,b,field_147620_b,,,,,field,public int
cua,c,field_147621_c,,,,,field,public int
cua,d,field_147618_d,,,,,field,public int
cua,e,field_147619_e,,,,,field,public boolean
cua,f,field_147616_f,,,,,field,public int
cua,g,field_147617_g,,,,,field,public int
cua,h,field_147624_h,,,,,field,public int
cua,i,field_147625_i,,,,,field,public float[]
cua,j,field_147623_j,,,,,field,public int
cul$c,a,DOWN,,,,,enum,
cul$c,b,UP,,,,,enum,
cul$c,c,NORTH,,,,,enum,
cul$c,d,SOUTH,,,,,enum,
cul$c,e,WEST,,,,,enum,
cul$c,f,EAST,,,,,enum,
cul$c,g,field_178191_g,,,,,field,private final int
cul$c,h,field_178200_h,,,,,field,private final int
cul$c,i,field_178201_i,,,,,field,private final int
cul$c,j,field_178198_j,,,,,field,private final int
cul$c,k,field_178199_k,,,,,field,private static final BlockModelRenderer$VertexTranslations[]
cul$b,b,field_178206_b,,,,,field,private final float[]
cul$b,c,field_178207_c,,,,,field,private final int[]
cuj,a,field_175028_a,,,,,field,private final BlockModelShapes
cuj,b,field_175027_c,,,,,field,private final BlockModelRenderer
cuj,c,field_175024_d,,,,,field,private final ChestRenderer
cuj,d,field_175025_e,,,,,field,private final BlockFluidRenderer
cuj,e,field_195476_e,,,,,field,private final Random
cuw,a,field_188028_a,,,,,field,private final MinecraftKey
cuw,b,field_188029_b,,,,,field,"private final Map<MinecraftKey, Float>"
cuv$a,a,field_178389_a,,,,,field,private final ItemModelGenerator$SpanFacing
cuv$a,b,field_178387_b,,,,,field,private int
cuv$a,c,field_178388_c,,,,,field,private int
cuv$a,d,field_178386_d,,,,,field,private final int
cuv,a,field_178398_a,,,,,field,public static final List<String>
cvb,a,field_188050_a,,,,,field,private final MinecraftKey
cvb,b,field_188051_b,,,,,field,private final ModelRotation
cvb,c,field_188052_c,,,,,field,private final boolean
cvb,d,field_188053_d,,,,,field,private final int
cur,f,field_178313_f,,,,,field,private static final org.apache.logging.log4j.Logger
cur,g,field_209571_g,,,,,field,private static final ItemModelGenerator
cur,h,field_209572_h,,,,,field,private static final FaceBakery
cur,a,field_178319_a,,,,,field,static final com.google.gson.Gson
cur,i,field_178314_g,,,,,field,private final List<BlockPart>
cur,j,field_178321_h,,,,,field,private final boolean
cur,k,field_178322_i,,,,,field,private final boolean
cur,l,field_178320_j,,,,,field,private final ItemCameraTransforms
cur,m,field_187968_k,,,,,field,private final List<ItemOverride>
cur,b,field_178317_b,,,,,field,public String
cur,c,field_178318_c,,,,,field,"protected final Map<String, String>"
cur,d,field_178315_d,,,,,field,ModelBlock
cur,e,field_178316_e,,,,,field,MinecraftKey
cvg,a,field_188127_c,,,,,field,private final Iterable<? extends ICondition>
cvd,TRUE,TRUE,,,,,field,ICondition
cvd,FALSE,FALSE,,,,,field,ICondition
cve,a,field_188124_c,,,,,field,private static final com.google.common.base.Splitter
cve,b,field_188125_d,,,,,field,private final String
cve,c,field_188126_e,,,,,field,private final String
cvh,a,field_188167_a,,,,,field,private final ICondition
cvh,b,field_188168_b,,,,,field,private final VariantList
cvf,a,field_188140_b,,,,,field,"private final BlockStateList<Block, IBlockData>"
cvf,b,field_188139_a,,,,,field,private final List<Selector>
cvf$a,a,field_209584_a,,,,,field,private final ModelBlockDefinition$ContainerHolder
cvc,a,field_188121_c,,,,,field,private final Iterable<? extends ICondition>
cun,a,field_178241_a,,,,,field,public final Vector3f
cun,b,field_178239_b,,,,,field,public final Vector3f
cun,c,field_178240_c,,,,,field,"public final Map<EnumDirection, BlockPartFace>"
cun,d,field_178237_d,,,,,field,public final BlockPartRotation
cun,e,field_178238_e,,,,,field,public final boolean
cuz$b,a,NONE,,,,,enum,
cuz$b,b,THIRD_PERSON_LEFT_HAND,,,,,enum,
cuz$b,c,THIRD_PERSON_RIGHT_HAND,,,,,enum,
cuz$b,d,FIRST_PERSON_LEFT_HAND,,,,,enum,
cuz$b,e,FIRST_PERSON_RIGHT_HAND,,,,,enum,
cuz$b,f,HEAD,,,,,enum,
cuz$b,g,GUI,,,,,enum,
cuz$b,h,GROUND,,,,,enum,
cuz$b,i,FIXED,,,,,enum,
cuy$a,a,field_178362_a,,,,,field,private static final Vector3f
cuy$a,b,field_178360_b,,,,,field,private static final Vector3f
cuy$a,c,field_178361_c,,,,,field,private static final Vector3f
cus,a,field_178332_b,,,,,field,"private final Map<String, VariantList>"
cus,b,field_188005_c,,,,,field,private Multipart
cuq,a,field_178351_a,,,,,field,public float[]
cuq,b,field_178350_b,,,,,field,public final int
cuv$b,a,UP,,,,,enum,
cuv$b,b,DOWN,,,,,enum,
cuv$b,c,LEFT,,,,,enum,
cuv$b,d,RIGHT,,,,,enum,
cuv$b,e,field_178376_e,,,,,field,private final EnumDirection
cuv$b,f,field_178373_f,,,,,field,private final int
cuv$b,g,field_178374_g,,,,,field,private final int
cuy,a,field_178366_a,,,,,field,public static final ItemTransformVec3f
cuy,b,field_178364_b,,,,,field,public final Vector3f
cuy,c,field_178365_c,,,,,field,public final Vector3f
cuy,d,field_178363_d,,,,,field,public final Vector3f
cuu,a,field_178418_a,,,,,field,private static final float
cuu,b,field_178417_b,,,,,field,private static final float
cuu,c,field_188016_c,,,,,field,private static final FaceBakery$Rotation[]
cuu,d,field_188017_d,,,,,field,private static final FaceBakery$Rotation
cuu,e,field_188018_e,,,,,field,private static final FaceBakery$Rotation
cuu,f,field_188019_f,,,,,field,private static final FaceBakery$Rotation
cuu,g,field_188020_g,,,,,field,private static final FaceBakery$Rotation
cva,a,field_188115_a,,,,,field,private final List<Variant>
cup,a,field_178344_a,,,,,field,public final Vector3f
cup,b,field_178342_b,,,,,field,public final EnumDirection$EnumAxis
cup,c,field_178343_c,,,,,field,public final float
cup,d,field_178341_d,,,,,field,public final boolean
cuo,a,field_178244_b,,,,,field,public final EnumDirection
cuo,b,field_178245_c,,,,,field,public final int
cuo,c,field_178242_d,,,,,field,public final String
cuo,d,field_178243_e,,,,,field,public final BlockFaceUV
cuz,a,field_178357_a,,,,,field,public static final ItemCameraTransforms
cuz,b,field_181690_b,,,,,field,public static float
cuz,c,field_181691_c,,,,,field,public static float
cuz,d,field_181692_d,,,,,field,public static float
cuz,e,field_181693_e,,,,,field,public static float
cuz,f,field_181694_f,,,,,field,public static float
cuz,g,field_181695_g,,,,,field,public static float
cuz,h,field_181696_h,,,,,field,public static float
cuz,i,field_181697_i,,,,,field,public static float
cuz,j,field_181698_j,,,,,field,public static float
cuz,k,field_188036_k,,,,,field,public final ItemTransformVec3f
cuz,l,field_188037_l,,,,,field,public final ItemTransformVec3f
cuz,m,field_188038_m,,,,,field,public final ItemTransformVec3f
cuz,n,field_188039_n,,,,,field,public final ItemTransformVec3f
cuz,o,field_178353_d,,,,,field,public final ItemTransformVec3f
cuz,p,field_178354_e,,,,,field,public final ItemTransformVec3f
cuz,q,field_181699_o,,,,,field,public final ItemTransformVec3f
cuz,r,field_181700_p,,,,,field,public final ItemTransformVec3f
cus$a,a,field_209575_a,,,,,field,final com.google.gson.Gson
cus$a,b,field_209576_b,,,,,field,"private BlockStateList<Block, IBlockData>"
cur$a,a,field_178324_a,,,,,field,public final ModelBlock
cur$a,b,field_178323_b,,,,,field,public ModelBlock
cut,e,field_178218_d,,,,,field,private final TextureAtlasSprite
cux,a,field_188022_a,,,,,field,public static final ItemOverrideList
cux,b,field_188023_b,,,,,field,private final List<ItemOverride>
cux,c,field_209582_c,,,,,field,private final List<IBakedModel>
cum,a,field_178215_a,,,,,field,protected final int[]
cum,b,field_178213_b,,,,,field,protected final int
cum,c,field_178214_c,,,,,field,protected final EnumDirection
cum,d,field_187509_d,,,,,field,protected final TextureAtlasSprite
cul$d,a,DOWN,,,,,enum,
cul$d,b,UP,,,,,enum,
cul$d,c,NORTH,,,,,enum,
cul$d,d,SOUTH,,,,,enum,
cul$d,e,WEST,,,,,enum,
cul$d,f,EAST,,,,,enum,
cul$d,g,FLIP_DOWN,,,,,enum,
cul$d,h,FLIP_UP,,,,,enum,
cul$d,i,FLIP_NORTH,,,,,enum,
cul$d,j,FLIP_SOUTH,,,,,enum,
cul$d,k,FLIP_WEST,,,,,enum,
cul$d,l,FLIP_EAST,,,,,enum,
cul$d,m,field_178229_m,,,,,field,private final int
cui,a,field_178129_a,,,,,field,"private final Map<IBlockData, IBakedModel>"
cui,b,field_178128_c,,,,,field,private final ModelManager
cuk,a,field_178272_a,,,,,field,private final TextureAtlasSprite[]
cuk,b,field_178271_b,,,,,field,private final TextureAtlasSprite[]
cuk,c,field_187501_d,,,,,field,private TextureAtlasSprite
cul$a,a,DOWN,,,,,enum,
cul$a,b,UP,,,,,enum,
cul$a,c,NORTH,,,,,enum,
cul$a,d,SOUTH,,,,,enum,
cul$a,e,WEST,,,,,enum,
cul$a,f,EAST,,,,,enum,
cul$a,g,field_178276_g,,,,,field,private final EnumDirection[]
cul$a,h,field_178289_i,,,,,field,private final boolean
cul$a,i,field_178286_j,,,,,field,private final BlockModelRenderer$Orientation[]
cul$a,j,field_178287_k,,,,,field,private final BlockModelRenderer$Orientation[]
cul$a,k,field_178284_l,,,,,field,private final BlockModelRenderer$Orientation[]
cul$a,l,field_178285_m,,,,,field,private final BlockModelRenderer$Orientation[]
cul$a,m,field_178282_n,,,,,field,private static final BlockModelRenderer$EnumNeighborInfo[]
cul,a,field_187499_a,,,,,field,private final BlockColors
cul,b,field_210267_b,,,,,field,private static final ThreadLocal<it.unimi.dsi.fastutil.objects.Object2IntLinkedOpenHashMap<BlockPosition>>
cul,c,field_211848_c,,,,,field,private static final ThreadLocal<Boolean>
ctl$a,a,field_179181_a,,,,,field,public static final int
ctl$a,b,field_179179_b,,,,,field,public static final int
ctl$a,c,field_179180_c,,,,,field,public static final int
ctl$a,d,field_179177_d,,,,,field,public static final int
ctl$a,e,field_179178_e,,,,,field,public static final int
ctl$a,f,field_179176_f,,,,,field,public static final int
ctt,b,field_147599_m,,,,,field,private static final org.apache.logging.log4j.Logger
ctt,c,field_110927_h,,,,,field,private static final MinecraftKey
ctt,d,field_110928_i,,,,,field,private static final MinecraftKey
ctt,e,field_110925_j,,,,,field,private static final MinecraftKey
ctt,f,field_110926_k,,,,,field,private static final MinecraftKey
ctt,g,field_175006_g,,,,,field,private static final MinecraftKey
ctt,a,field_200006_a,,,,,field,public static final EnumDirection[]
ctt,h,field_72777_q,,,,,field,private final Minecraft
ctt,i,field_72770_i,,,,,field,private final TextureManager
ctt,j,field_175010_j,,,,,field,private final RenderManager
ctt,k,field_72769_h,,,,,field,private WorldClient
ctt,l,field_175009_l,,,,,field,private Set<RenderChunk>
ctt,m,field_72755_R,,,,,field,private List<RenderGlobal$ContainerLocalRenderInformation>
ctt,n,field_181024_n,,,,,field,private final Set<TileEntity>
ctt,o,field_175008_n,,,,,field,private ViewFrustum
ctt,p,field_72772_v,,,,,field,private int
ctt,q,field_72771_w,,,,,field,private int
ctt,r,field_72781_x,,,,,field,private int
ctt,s,field_175014_r,,,,,field,private final VertexFormat
ctt,t,field_175013_s,,,,,field,private VertexBuffer
ctt,u,field_175012_t,,,,,field,private VertexBuffer
ctt,v,field_175011_u,,,,,field,private VertexBuffer
ctt,w,field_204606_x,,,,,field,private final int
ctt,x,field_204607_y,,,,,field,private boolean
ctt,y,field_204608_z,,,,,field,private int
ctt,z,field_204601_A,,,,,field,private VertexBuffer
ctt,A,field_72773_u,,,,,field,private int
ctt,B,field_72738_E,,,,,field,"private final Map<Integer, DestroyBlockProgress>"
ctt,C,field_147593_P,,,,,field,"private final Map<BlockPosition, ISound>"
ctt,D,field_94141_F,,,,,field,private final TextureAtlasSprite[]
ctt,E,field_175015_z,,,,,field,private Framebuffer
ctt,F,field_174991_A,,,,,field,private ShaderGroup
ctt,G,field_174992_B,,,,,field,private double
ctt,H,field_174993_C,,,,,field,private double
ctt,I,field_174987_D,,,,,field,private double
ctt,J,field_174988_E,,,,,field,private int
ctt,K,field_174989_F,,,,,field,private int
ctt,L,field_174990_G,,,,,field,private int
ctt,M,field_174997_H,,,,,field,private double
ctt,N,field_174998_I,,,,,field,private double
ctt,O,field_174999_J,,,,,field,private double
ctt,P,field_175000_K,,,,,field,private double
ctt,Q,field_174994_L,,,,,field,private double
ctt,R,field_204602_S,,,,,field,private int
ctt,S,field_204603_T,,,,,field,private int
ctt,T,field_204604_U,,,,,field,private int
ctt,U,field_204605_V,,,,,field,private Vec3D
ctt,V,field_204800_W,,,,,field,private int
ctt,W,field_174995_M,,,,,field,private ChunkRenderDispatcher
ctt,X,field_174996_N,,,,,field,private ChunkRenderContainer
ctt,Y,field_72739_F,,,,,field,private int
ctt,Z,field_72740_G,,,,,field,private int
ctt,aa,field_72748_H,,,,,field,private int
ctt,ab,field_72749_I,,,,,field,private int
ctt,ac,field_72750_J,,,,,field,private int
ctt,ad,field_175002_T,,,,,field,private boolean
ctt,ae,field_175001_U,,,,,field,private ClippingHelper
ctt,af,field_175004_V,,,,,field,private final Vector4f[]
ctt,ag,field_175003_W,,,,,field,private final Vector3d
ctt,ah,field_175005_X,,,,,field,private boolean
ctt,ai,field_175007_a,,,,,field,private IRenderChunkFactory
ctt,aj,field_147596_f,,,,,field,private double
ctt,ak,field_147597_g,,,,,field,private double
ctt,al,field_147602_h,,,,,field,private double
ctt,am,field_147595_R,,,,,field,private boolean
ctt,an,field_184386_ad,,,,,field,private boolean
ctt,ao,field_184387_ae,,,,,field,private final Set<BlockPosition>
ctn,c,field_147710_q,,,,,field,private static final org.apache.logging.log4j.Logger
ctn,d,field_110924_q,,,,,field,private static final MinecraftKey
ctn,e,field_110923_r,,,,,field,private static final MinecraftKey
ctn,f,field_78531_r,,,,,field,private final Minecraft
ctn,g,field_147711_ac,,,,,field,private final IResourceManager
ctn,h,field_78537_ab,,,,,field,private final Random
ctn,i,field_78530_s,,,,,field,private float
ctn,a,field_78516_c,,,,,field,public final FirstPersonRenderer
ctn,j,field_147709_v,,,,,field,private final MapItemRenderer
ctn,k,field_78529_t,,,,,field,private int
ctn,l,field_78528_u,,,,,field,private Entity
ctn,m,field_78490_B,,,,,field,private final float
ctn,n,field_78491_C,,,,,field,private float
ctn,o,field_78507_R,,,,,field,private float
ctn,p,field_78506_S,,,,,field,private float
ctn,q,field_82831_U,,,,,field,private float
ctn,r,field_82832_V,,,,,field,private float
ctn,s,field_175074_C,,,,,field,private boolean
ctn,t,field_175073_D,,,,,field,private boolean
ctn,u,field_184374_E,,,,,field,private long
ctn,v,field_78508_Y,,,,,field,private long
ctn,w,field_78513_d,,,,,field,private final LightTexture
ctn,x,field_78534_ac,,,,,field,private int
ctn,y,field_175076_N,,,,,field,private final float[]
ctn,z,field_175077_O,,,,,field,private final float[]
ctn,A,field_205003_A,,,,,field,private final FogRenderer
ctn,B,field_175078_W,,,,,field,private boolean
ctn,C,field_78503_V,,,,,field,private double
ctn,D,field_78502_W,,,,,field,private double
ctn,E,field_78509_X,,,,,field,private double
ctn,F,field_190566_ab,,,,,field,private ItemStack
ctn,G,field_190567_ac,,,,,field,private int
ctn,H,field_190568_ad,,,,,field,private float
ctn,I,field_190569_ae,,,,,field,private float
ctn,J,field_147707_d,,,,,field,private ShaderGroup
ctn,K,field_203000_X,,,,,field,private float
ctn,L,field_203001_Y,,,,,field,private float
ctn,M,field_147712_ad,,,,,field,private static final MinecraftKey[]
ctn,b,field_147708_e,,,,,field,public static final int
ctn,N,field_147713_ae,,,,,field,private int
ctn,O,field_175083_ad,,,,,field,private boolean
ctn,P,field_175084_ae,,,,,field,private int
ctr,a,field_110931_c,,,,,field,private static final MinecraftKey
ctr,b,field_110929_d,,,,,field,private static final MinecraftKey
ctr,c,field_78455_a,,,,,field,private final Minecraft
ctr,d,field_187467_d,,,,,field,private ItemStack
ctr,e,field_187468_e,,,,,field,private ItemStack
ctr,f,field_187469_f,,,,,field,private float
ctr,g,field_187470_g,,,,,field,private float
ctr,h,field_187471_h,,,,,field,private float
ctr,i,field_187472_i,,,,,field,private float
ctr,j,field_178111_g,,,,,field,private final RenderManager
ctr,k,field_178112_h,,,,,field,private final ItemRenderer
ctp$n,a,field_179049_a,,,,,field,public GlStateManager$BooleanState
ctp$n,b,field_179047_b,,,,,field,public int
ctp$n,c,field_179048_c,,,,,field,public float
ctp$n,d,field_179045_d,,,,,field,public float
ctp$n,e,field_179046_e,,,,,field,public float
ddn$a,a,FLOAT,,,,,enum,
ddn$a,b,UBYTE,,,,,enum,
ddn$a,c,BYTE,,,,,enum,
ddn$a,d,USHORT,,,,,enum,
ddn$a,e,SHORT,,,,,enum,
ddn$a,f,UINT,,,,,enum,
ddn$a,g,INT,,,,,enum,
ddn$a,h,field_177407_h,,,,,field,private final int
ddn$a,i,field_177408_i,,,,,field,private final String
ddn$a,j,field_177405_j,,,,,field,private final int
ddn,a,field_177381_a,,,,,field,private static final org.apache.logging.log4j.Logger
ddn,b,field_177379_b,,,,,field,private final VertexFormatElement$EnumType
ddn,c,field_177380_c,,,,,field,private final VertexFormatElement$EnumUsage
ddn,d,field_177377_d,,,,,field,private final int
ddn,e,field_177378_e,,,,,field,private final int
ddm,a,field_177357_a,,,,,field,private static final org.apache.logging.log4j.Logger
ddm,b,field_177355_b,,,,,field,private final List<VertexFormatElement>
ddm,c,field_177356_c,,,,,field,private final List<Integer>
ddm,d,field_177353_d,,,,,field,private int
ddm,e,field_177354_e,,,,,field,private int
ddm,f,field_177351_f,,,,,field,private final List<Integer>
ddm,g,field_177352_g,,,,,field,private int
ddl,a,field_177365_a,,,,,field,private int
ddl,b,field_177363_b,,,,,field,private final VertexFormat
ddl,c,field_177364_c,,,,,field,private int
ddk,a,field_181713_m,,,,,field,public static final VertexFormatElement
ddk,b,field_181714_n,,,,,field,public static final VertexFormatElement
ddk,c,field_181715_o,,,,,field,public static final VertexFormatElement
ddk,d,field_181716_p,,,,,field,public static final VertexFormatElement
ddk,e,field_181717_q,,,,,field,public static final VertexFormatElement
ddk,f,field_181718_r,,,,,field,public static final VertexFormatElement
ddk,g,field_176600_a,,,,,field,public static final VertexFormat
ddk,h,field_176599_b,,,,,field,public static final VertexFormat
ddk,i,field_181703_c,,,,,field,public static final VertexFormat
ddk,j,field_181704_d,,,,,field,public static final VertexFormat
ddk,k,field_181705_e,,,,,field,public static final VertexFormat
ddk,l,field_181706_f,,,,,field,public static final VertexFormat
ddk,m,field_181707_g,,,,,field,public static final VertexFormat
ddk,n,field_181708_h,,,,,field,public static final VertexFormat
ddk,o,field_181709_i,,,,,field,public static final VertexFormat
ddk,p,field_181710_j,,,,,field,public static final VertexFormat
ddk,q,field_181711_k,,,,,field,public static final VertexFormat
ddk,r,field_181712_l,,,,,field,public static final VertexFormat
ddn$b,a,POSITION,,,,,enum,
ddn$b,b,NORMAL,,,,,enum,
ddn$b,c,COLOR,,,,,enum,
ddn$b,d,UV,,,,,enum,
ddn$b,e,MATRIX,,,,,enum,
ddn$b,f,BLEND_WEIGHT,,,,,enum,
ddn$b,g,PADDING,,,,,enum,
ddn$b,h,field_177392_h,,,,,field,private final String
ctp$a,a,field_179208_a,,,,,field,public GlStateManager$BooleanState
ctp$a,b,field_179206_b,,,,,field,public int
ctp$a,c,field_179207_c,,,,,field,public float
cti,c,field_178008_c,,,,,field,private double
cti,d,field_178005_d,,,,,field,private double
cti,e,field_178006_e,,,,,field,private double
cti,a,field_178009_a,,,,,field,protected List<RenderChunk>
cti,b,field_178007_b,,,,,field,protected boolean
ctl$b,a,field_179184_a,,,,,field,public final int
ctl$b,b,field_179182_b,,,,,field,public final int
ctl$b,c,field_179183_c,,,,,field,public final int
cwi,d,field_178601_d,,,,,field,private final int
cwe$a,b,field_188241_b,,,,,field,private final com.google.common.util.concurrent.ListenableFutureTask<Object>
cwe$a,c,field_188242_c,,,,,field,private final double
cwe,a,field_178523_a,,,,,field,private static final org.apache.logging.log4j.Logger
cwe,b,field_178521_b,,,,,field,private static final ThreadFactory
cwe,c,field_188249_c,,,,,field,private final int
cwe,d,field_188250_d,,,,,field,private final List<Thread>
cwe,e,field_178522_c,,,,,field,private final List<ChunkRenderWorker>
cwe,f,field_178519_d,,,,,field,private final PriorityBlockingQueue<ChunkRenderTask>
cwe,g,field_178520_e,,,,,field,private final BlockingQueue<RegionRenderCacheBuilder>
cwe,h,field_178517_f,,,,,field,private final WorldVertexBufferUploader
cwe,i,field_178518_g,,,,,field,private final VertexBufferUploader
cwe,j,field_178524_h,,,,,field,private final Queue<ChunkRenderDispatcher$PendingUpload>
cwe,k,field_178525_i,,,,,field,private final ChunkRenderWorker
cwn,a,field_178623_a,,,,,field,private static final int
cwn,b,field_178622_b,,,,,field,private final BitSet
cwd$b,a,REBUILD_CHUNK,,,,,enum,
cwd$b,b,RESORT_TRANSPARENCY,,,,,enum,
cwf,a,field_152478_a,,,,,field,private static final org.apache.logging.log4j.Logger
cwf,b,field_178477_b,,,,,field,private final ChunkRenderDispatcher
cwf,c,field_178478_c,,,,,field,private final RegionRenderCacheBuilder
cwf,d,field_188265_d,,,,,field,private boolean
cwd,a,field_178553_a,,,,,field,private final RenderChunk
cwd,b,field_178551_b,,,,,field,private final ReentrantLock
cwd,c,field_178552_c,,,,,field,private final List<Runnable>
cwd,d,field_178549_d,,,,,field,private final ChunkRenderTask$Type
cwd,e,field_188229_e,,,,,field,private final double
cwd,f,field_178550_e,,,,,field,private RegionRenderCacheBuilder
cwd,g,field_178547_f,,,,,field,private CompiledChunk
cwd,h,field_178548_g,,,,,field,private ChunkRenderTask$Status
cwd,i,field_178554_h,,,,,field,private boolean
cwm,a,field_178616_a,,,,,field,private static final int
cwm,b,field_178614_b,,,,,field,private static final int
cwm,c,field_178615_c,,,,,field,private static final int
cwm,d,field_200008_d,,,,,field,private static final EnumDirection[]
cwm,e,field_178612_d,,,,,field,private final BitSet
cwm,f,field_178613_e,,,,,field,private static final int[]
cwm,g,field_178611_f,,,,,field,private int
cwg,a,field_178502_a,,,,,field,public static final CompiledChunk
cwg,b,field_178500_b,,,,,field,private final boolean[]
cwg,c,field_178501_c,,,,,field,private final boolean[]
cwg,d,field_178498_d,,,,,field,private boolean
cwg,e,field_178499_e,,,,,field,private final List<TileEntity>
cwg,f,field_178496_f,,,,,field,private SetVisibility
cwg,g,field_178497_g,,,,,field,private BufferBuilder$State
cwj,d,field_178588_d,,,,,field,private volatile World
cwj,e,field_178589_e,,,,,field,private final RenderGlobal
cwj,a,field_178592_a,,,,,field,public static int
cwj,b,field_178590_b,,,,,field,public CompiledChunk
cwj,f,field_178587_g,,,,,field,private final ReentrantLock
cwj,g,field_178598_h,,,,,field,private final ReentrantLock
cwj,h,field_178599_i,,,,,field,private ChunkRenderTask
cwj,i,field_181056_j,,,,,field,private final Set<TileEntity>
cwj,j,field_178596_j,,,,,field,private final int
cwj,k,field_178597_k,,,,,field,private final FloatBuffer
cwj,l,field_178594_l,,,,,field,private final VertexBuffer[]
cwj,c,field_178591_c,,,,,field,public AxisAlignedBB
cwj,m,field_178595_m,,,,,field,private int
cwj,n,field_178593_n,,,,,field,private boolean
cwj,o,field_178586_f,,,,,field,private final BlockPosition$MutableBlockPosition
cwj,p,field_181702_p,,,,,field,private final BlockPosition$MutableBlockPosition[]
cwj,q,field_188284_q,,,,,field,private boolean
cwd$a,a,PENDING,,,,,enum,
cwd$a,b,COMPILING,,,,,enum,
cwd$a,c,UPLOADING,,,,,enum,
cwd$a,d,DONE,,,,,enum,
dga,a,field_148658_a,,,,,field,private static final AtomicInteger
dga,b,field_148657_b,,,,,field,private static final org.apache.logging.log4j.Logger
dga,c,field_77528_b,,,,,field,private final String
dga,d,field_77529_c,,,,,field,private final DatagramSocket
dga,e,field_77526_d,,,,,field,private boolean
dga,f,field_77527_e,,,,,field,private final String
dfz$a,a,field_77500_a,,,,,field,private final LanServerDetector$LanServerList
dfz$a,b,field_77498_b,,,,,field,private final InetAddress
dfz$a,c,field_77499_c,,,,,field,private final MulticastSocket
dfz$b,a,field_77555_b,,,,,field,private final List<LanServerInfo>
dfz$b,b,field_77556_a,,,,,field,private boolean
dfy,a,field_77492_a,,,,,field,private final String
dfy,b,field_77490_b,,,,,field,private final String
dfy,c,field_77491_c,,,,,field,private long
dfx,h,field_147148_h,,,,,field,private static final org.apache.logging.log4j.Logger
dfx,i,field_71349_l,,,,,field,private final Minecraft
dfx,j,field_71350_m,,,,,field,private final WorldSettings
dfx,k,field_71348_o,,,,,field,private boolean
dfx,l,field_195580_l,,,,,field,private int
dfx,m,field_71345_q,,,,,field,private ThreadLanServerPing
dfx,n,field_211528_n,,,,,field,private UUID
dfw,f,field_72416_e,,,,,field,private NBTTagCompound
dfz,a,field_148551_a,,,,,field,private static final AtomicInteger
dfz,b,field_148550_b,,,,,field,private static final org.apache.logging.log4j.Logger
cfr,a,field_198057_a,,,,,field,private final Minecraft
cfr,b,field_198058_b,,,,,field,"private final Map<Long, Monitor>"
cfr,c,field_198059_c,,,,,field,"private final Map<Long, MainWindow>"
cfr,d,field_198060_d,,,,,field,"private final Map<MainWindow, Monitor>"
cnf$d,a,field_178754_a,,,,,field,public final String
cnf$d,b,field_178753_b,,,,,field,public final int
cnf$a,a,field_178764_a,,,,,field,public final int
cnf$a,b,field_178762_b,,,,,field,public final int
cnf$a,c,field_199045_c,,,,,field,public final Optional<Integer>
cnf$a,d,field_199046_d,,,,,field,public final Optional<Integer>
cnf$a,e,field_178763_c,,,,,field,public final boolean
cnf,a,field_178745_a,,,,,field,public final GameConfiguration$UserInformation
cnf,b,field_178743_b,,,,,field,public final GameConfiguration$DisplayInformation
cnf,c,field_178744_c,,,,,field,public final GameConfiguration$FolderInformation
cnf,d,field_178741_d,,,,,field,public final GameConfiguration$GameInformation
cnf,e,field_178742_e,,,,,field,public final GameConfiguration$ServerInformation
cnf$b,a,field_178760_a,,,,,field,public final File
cnf$b,b,field_178758_b,,,,,field,public final File
cnf$b,c,field_178759_c,,,,,field,public final File
cnf$b,d,field_178757_d,,,,,field,public final String
cnf$e,a,field_178752_a,,,,,field,public final Session
cnf$e,b,field_178750_b,,,,,field,public final com.mojang.authlib.properties.PropertyMap
cnf$e,c,field_181172_c,,,,,field,public final com.mojang.authlib.properties.PropertyMap
cnf$e,d,field_178751_c,,,,,field,public final Proxy
cnf$c,a,field_178756_a,,,,,field,public final boolean
cnf$c,b,field_178755_b,,,,,field,public final String
cnf$c,c,field_187053_c,,,,,field,public final String
net/minecraft/client/main/Main,a,field_199741_a,,,,,field,private static final org.apache.logging.log4j.Logger
cfl$a,a,INVERT_MOUSE,,,,,enum,
cfl$a,b,SENSITIVITY,,,,,enum,
cfl$a,c,FOV,,,,,enum,
cfl$a,d,GAMMA,,,,,enum,
cfl$a,e,SATURATION,,,,,enum,
cfl$a,f,RENDER_DISTANCE,,,,,enum,
cfl$a,g,VIEW_BOBBING,,,,,enum,
cfl$a,h,FRAMERATE_LIMIT,,,,,enum,
cfl$a,i,FBO_ENABLE,,,,,enum,
cfl$a,j,RENDER_CLOUDS,,,,,enum,
cfl$a,k,GRAPHICS,,,,,enum,
cfl$a,l,AMBIENT_OCCLUSION,,,,,enum,
cfl$a,m,GUI_SCALE,,,,,enum,
cfl$a,n,PARTICLES,,,,,enum,
cfl$a,o,CHAT_VISIBILITY,,,,,enum,
cfl$a,p,CHAT_COLOR,,,,,enum,
cfl$a,q,CHAT_LINKS,,,,,enum,
cfl$a,r,CHAT_OPACITY,,,,,enum,
cfl$a,s,CHAT_LINKS_PROMPT,,,,,enum,
cfl$a,t,SNOOPER_ENABLED,,,,,enum,
cfl$a,u,FULLSCREEN_RESOLUTION,,,,,enum,
cfl$a,v,USE_FULLSCREEN,,,,,enum,
cfl$a,w,ENABLE_VSYNC,,,,,enum,
cfl$a,x,USE_VBO,,,,,enum,
cfl$a,y,TOUCHSCREEN,,,,,enum,
cfl$a,z,CHAT_SCALE,,,,,enum,
cfl$a,A,CHAT_WIDTH,,,,,enum,
cfl$a,B,CHAT_HEIGHT_FOCUSED,,,,,enum,
cfl$a,C,CHAT_HEIGHT_UNFOCUSED,,,,,enum,
cfl$a,D,MIPMAP_LEVELS,,,,,enum,
cfl$a,E,FORCE_UNICODE_FONT,,,,,enum,
cfl$a,F,REDUCED_DEBUG_INFO,,,,,enum,
cfl$a,G,ENTITY_SHADOWS,,,,,enum,
cfl$a,H,MAIN_HAND,,,,,enum,
cfl$a,I,ATTACK_INDICATOR,,,,,enum,
cfl$a,J,ENABLE_WEAK_ATTACKS,,,,,enum,
cfl$a,K,SHOW_SUBTITLES,,,,,enum,
cfl$a,L,REALMS_NOTIFICATIONS,,,,,enum,
cfl$a,M,AUTO_JUMP,,,,,enum,
cfl$a,N,NARRATOR,,,,,enum,
cfl$a,O,AUTO_SUGGESTIONS,,,,,enum,
cfl$a,P,BIOME_BLEND_RADIUS,,,,,enum,
cfl$a,Q,MOUSE_WHEEL_SENSITIVITY,,,,,enum,
cfl$a,R,field_74385_A,,,,,field,private final boolean
cfl$a,S,field_74386_B,,,,,field,private final boolean
cfl$a,T,field_74387_C,,,,,field,private final String
cfl$a,U,field_148270_M,,,,,field,private final float
cfl$a,V,field_148271_N,,,,,field,private double
cfl$a,W,field_148272_O,,,,,field,private double
cry,J,field_70586_a,,,,,field,private final float
cso,J,field_174847_a,,,,,field,private final IBlockData
cso,K,field_181019_az,,,,,field,private BlockPosition
cse,J,field_70569_a,,,,,field,private final float
crs,J,field_70562_a,,,,,field,private final float
crw,J,field_174840_a,,,,,field,private final Entity
crw,K,field_174843_ax,,,,,field,private final Entity
crw,L,field_70594_ar,,,,,field,private int
crw,M,field_70593_as,,,,,field,private final int
crw,N,field_174841_aA,,,,,field,private final float
crw,O,field_174842_aB,,,,,field,private final RenderManager
csf,J,field_70571_a,,,,,field,private final float
csf,K,field_70574_aq,,,,,field,private final double
csf,L,field_70573_ar,,,,,field,private final double
csf,M,field_70572_as,,,,,field,private final double
csg,J,field_187147_a,,,,,field,protected final int
csg,K,field_187148_G,,,,,field,protected final int
csg,L,field_187149_H,,,,,field,private final float
csg,M,field_191239_M,,,,,field,private float
csg,N,field_187150_I,,,,,field,private float
csg,O,field_187151_J,,,,,field,private float
csg,P,field_187152_K,,,,,field,private float
csg,Q,field_187153_L,,,,,field,private boolean
crl,J,field_204502_a,,,,,field,private final FluidType
crl,K,field_70564_aq,,,,,field,private int
crr$d,J,field_92042_ax,,,,,field,private int
crr$d,K,field_92040_ay,,,,,field,private final ParticleManager
crr$d,L,field_92039_az,,,,,field,private NBTTagList
crr$d,M,field_92041_a,,,,,field,private boolean
crk,J,field_187143_a,,,,,field,private final float
crk,K,field_187144_G,,,,,field,private boolean
crd,J,field_187137_a,,,,,field,private static final MinecraftKey
crd,K,field_187138_G,,,,,field,private static final VertexFormat
crd,L,field_187139_H,,,,,field,private int
crd,M,field_187140_I,,,,,field,private final int
crd,N,field_187141_J,,,,,field,private final TextureManager
crd,O,field_187142_K,,,,,field,private final float
crj,J,field_174839_a,,,,,field,private final float
crq,J,field_190018_a,,,,,field,private final float
crq,K,field_190019_b,,,,,field,private final float
crt,J,field_70575_a,,,,,field,private final float
csi,J,field_174848_a,,,,,field,private static final Random
csi,K,field_70590_a,,,,,field,private int
crn,J,field_70568_aq,,,,,field,private final double
crn,K,field_70567_ar,,,,,field,private final double
crn,L,field_70566_as,,,,,field,private final double
csb,J,field_187121_a,,,,,field,private static final AxisAlignedBB
csb,a,field_187122_b,,,,,field,protected World
csb,b,field_187123_c,,,,,field,protected double
csb,c,field_187124_d,,,,,field,protected double
csb,d,field_187125_e,,,,,field,protected double
csb,e,field_187126_f,,,,,field,protected double
csb,f,field_187127_g,,,,,field,protected double
csb,g,field_187128_h,,,,,field,protected double
csb,h,field_187129_i,,,,,field,protected double
csb,i,field_187130_j,,,,,field,protected double
csb,j,field_187131_k,,,,,field,protected double
csb,K,field_187120_G,,,,,field,private AxisAlignedBB
csb,k,field_187132_l,,,,,field,protected boolean
csb,l,field_190017_n,,,,,field,protected boolean
csb,m,field_187133_m,,,,,field,protected boolean
csb,n,field_187134_n,,,,,field,protected float
csb,o,field_187135_o,,,,,field,protected float
csb,p,field_187136_p,,,,,field,protected Random
csb,q,field_94054_b,,,,,field,protected int
csb,r,field_94055_c,,,,,field,protected int
csb,s,field_70548_b,,,,,field,protected float
csb,t,field_70549_c,,,,,field,protected float
csb,u,field_70546_d,,,,,field,protected int
csb,v,field_70547_e,,,,,field,protected int
csb,w,field_70544_f,,,,,field,protected float
csb,x,field_70545_g,,,,,field,protected float
csb,y,field_70552_h,,,,,field,protected float
csb,z,field_70553_i,,,,,field,protected float
csb,A,field_70551_j,,,,,field,protected float
csb,B,field_82339_as,,,,,field,protected float
csb,C,field_187119_C,,,,,field,protected TextureAtlasSprite
csb,D,field_190014_F,,,,,field,protected float
csb,E,field_190015_G,,,,,field,protected float
csb,F,field_70556_an,,,,,field,public static double
csb,G,field_70554_ao,,,,,field,public static double
csb,H,field_70555_ap,,,,,field,public static double
csb,I,field_190016_K,,,,,field,public static Vec3D
csh,J,field_70587_a,,,,,field,private final float
cru,J,field_110127_a,,,,,field,private static final MinecraftKey
cru,K,field_181549_az,,,,,field,private static final VertexFormat
cru,L,field_70581_a,,,,,field,private int
cru,M,field_70584_aq,,,,,field,private final int
cru,N,field_70583_ar,,,,,field,private final TextureManager
cru,O,field_70582_as,,,,,field,private final float
crv,J,field_70579_a,,,,,field,private int
crv,K,field_70580_aq,,,,,field,private final int
csc,b,field_110737_b,,,,,field,private static final MinecraftKey
csc,a,field_78878_a,,,,,field,protected World
csc,c,field_78876_b,,,,,field,private final ArrayDeque<Particle>[][]
csc,d,field_178933_d,,,,,field,private final Queue<ParticleEmitter>
csc,e,field_78877_c,,,,,field,private final TextureManager
csc,f,field_78875_d,,,,,field,private final Random
csc,g,field_178932_g,,,,,field,private final it.unimi.dsi.fastutil.ints.Int2ObjectMap<IParticleFactory<?>>
csc,h,field_187241_h,,,,,field,private final Queue<Particle>
csa,J,field_70585_a,,,,,field,private final float
crr$c,L,field_92054_ax,,,,,field,private boolean
crr$c,M,field_92048_ay,,,,,field,private boolean
crr$c,N,field_92047_az,,,,,field,private final ParticleManager
crr$c,O,field_92050_aA,,,,,field,private float
crr$c,P,field_92051_aB,,,,,field,private float
crr$c,Q,field_92052_aC,,,,,field,private float
crr$c,R,field_92053_aD,,,,,field,private boolean
crm,J,field_70570_a,,,,,field,private final float
css,J,field_203083_a,,,,,field,private float
csq,J,field_174851_a,,,,,field,private final Entity
csq,K,field_174852_ax,,,,,field,private int
csq,L,field_174850_ay,,,,,field,private final int
csq,M,field_174849_az,,,,,field,private final ParticleParam
crz,J,field_174844_a,,,,,field,private EntityLiving
cfk,a,field_198036_a,,,,,field,private final Minecraft
cfk,b,field_198037_b,,,,,field,private boolean
cfk,c,field_198038_c,,,,,field,private boolean
cfk,d,field_198039_d,,,,,field,private boolean
cfk,e,field_198040_e,,,,,field,private double
cfk,f,field_198041_f,,,,,field,private double
cfk,g,field_212148_g,,,,,field,private int
cfk,h,field_198042_g,,,,,field,private int
cfk,i,field_198043_h,,,,,field,private boolean
cfk,j,field_198044_i,,,,,field,private int
cfk,k,field_198045_j,,,,,field,private double
cfk,l,field_198046_k,,,,,field,private final MouseSmoother
cfk,m,field_198047_l,,,,,field,private final MouseSmoother
cfk,n,field_198048_m,,,,,field,private double
cfk,o,field_198049_n,,,,,field,private double
cfk,p,field_200542_o,,,,,field,private double
cfk,q,field_198050_o,,,,,field,private double
cfk,r,field_198051_p,,,,,field,private boolean
dhg,a,field_180291_a,,,,,field,private static final BiomeColorHelper$ColorResolver
dhg,b,field_180289_b,,,,,field,private static final BiomeColorHelper$ColorResolver
dhg,c,field_180290_c,,,,,field,private static final BiomeColorHelper$ColorResolver
dhg,d,field_204277_d,,,,,field,private static final BiomeColorHelper$ColorResolver
dhh$a,a,BASE,,,,,enum,
dhh$a,b,ARB,,,,,enum,
dhh$a,c,EXT,,,,,enum,
dhh,a,field_153197_d,,,,,field,public static boolean
dhh,b,field_181063_b,,,,,field,public static boolean
dhh,c,field_153198_e,,,,,field,public static int
dhh,d,field_153199_f,,,,,field,public static int
dhh,e,field_153200_g,,,,,field,public static int
dhh,f,field_153201_h,,,,,field,public static int
dhh,g,field_153202_i,,,,,field,public static int
dhh,h,field_153203_j,,,,,field,public static int
dhh,i,field_153204_k,,,,,field,public static int
dhh,j,field_153205_l,,,,,field,public static int
dhh,k,field_153206_m,,,,,field,public static int
dhh,T,field_153212_w,,,,,field,private static OpenGlHelper$FboMode
dhh,l,field_148823_f,,,,,field,public static boolean
dhh,U,field_153213_x,,,,,field,private static boolean
dhh,V,field_153214_y,,,,,field,private static boolean
dhh,m,field_153207_o,,,,,field,public static int
dhh,n,field_153208_p,,,,,field,public static int
dhh,o,field_153209_q,,,,,field,public static int
dhh,p,field_153210_r,,,,,field,public static int
dhh,W,field_153215_z,,,,,field,private static boolean
dhh,q,field_77478_a,,,,,field,public static int
dhh,r,field_77476_b,,,,,field,public static int
dhh,s,field_176096_r,,,,,field,public static int
dhh,X,field_176088_V,,,,,field,private static boolean
dhh,t,field_176095_s,,,,,field,public static int
dhh,u,field_176094_t,,,,,field,public static int
dhh,v,field_176093_u,,,,,field,public static int
dhh,w,field_176092_v,,,,,field,public static int
dhh,x,field_176091_w,,,,,field,public static int
dhh,y,field_176099_x,,,,,field,public static int
dhh,z,field_176098_y,,,,,field,public static int
dhh,A,field_176097_z,,,,,field,public static int
dhh,B,field_176080_A,,,,,field,public static int
dhh,C,field_176081_B,,,,,field,public static int
dhh,D,field_176082_C,,,,,field,public static int
dhh,E,field_176076_D,,,,,field,public static int
dhh,F,field_176077_E,,,,,field,public static int
dhh,G,field_176078_F,,,,,field,public static int
dhh,H,field_176079_G,,,,,field,public static int
dhh,I,field_176084_H,,,,,field,public static int
dhh,J,field_176085_I,,,,,field,public static int
dhh,K,field_176086_J,,,,,field,public static int
dhh,L,field_176087_K,,,,,field,public static int
dhh,Y,field_148828_i,,,,,field,private static boolean
dhh,M,field_153211_u,,,,,field,public static boolean
dhh,N,field_148827_a,,,,,field,public static boolean
dhh,O,field_148824_g,,,,,field,public static boolean
dhh,Z,field_153196_B,,,,,field,private static String
dhh,aa,field_183030_aa,,,,,field,private static String
dhh,P,field_176083_O,,,,,field,public static boolean
dhh,Q,field_181062_Q,,,,,field,public static boolean
dhh,ab,field_176090_Y,,,,,field,private static boolean
dhh,R,field_176089_P,,,,,field,public static int
dhh,S,field_148826_e,,,,,field,public static int
dhh,ac,field_195919_ac,,,,,field,"private static final Map<Integer, String>"
pg$a,a,field_151376_a,,,,,field,private String
pg$a,b,field_151375_b,,,,,field,private final List<String>
pg,a,field_151383_a,,,,,field,private final List<JsonException$Entry>
pg,b,field_151382_b,,,,,field,private final String
su,a,field_73115_a,,,,,field,private final int
su,b,field_180247_b,,,,,field,private final BlockPosition
su,c,field_73112_e,,,,,field,private int
su,d,field_82745_f,,,,,field,private int
tz,a,field_147385_a,,,,,field,private final MinecraftServer
tz,b,field_147384_b,,,,,field,private final NetworkManager
xh,a,field_181752_a,,,,,field,private final long[]
xh,b,field_181753_b,,,,,field,private int
xh,c,field_181754_c,,,,,field,private int
xh,d,field_181755_d,,,,,field,private int
xs,a,field_199103_a,,,,,field,private double
xs,b,field_199104_b,,,,,field,private double
xs,c,field_199105_c,,,,,field,private double
aml$a,a,CROSSED,,,,,enum,
aml$a,b,ATTACKING,,,,,enum,
aml$a,c,SPELLCASTING,,,,,enum,
aml$a,d,BOW_AND_ARROW,,,,,enum,
anv,a,field_70937_a,,,,,field,private final InventoryMerchant
anv,b,field_70935_b,,,,,field,private final EntityHuman
anv,c,field_70936_c,,,,,field,private MerchantRecipeList
anv,d,field_175548_d,,,,,field,private final IChatBaseComponent
aod,a,CAPE,,,,,enum,
aod,b,JACKET,,,,,enum,
aod,c,LEFT_SLEEVE,,,,,enum,
aod,d,RIGHT_SLEEVE,,,,,enum,
aod,e,LEFT_PANTS_LEG,,,,,enum,
aod,f,RIGHT_PANTS_LEG,,,,,enum,
aod,g,HAT,,,,,enum,
aod,h,field_179340_h,,,,,field,private final int
aod,i,field_179341_i,,,,,field,private final int
aod,j,field_179338_j,,,,,field,private final String
aod,k,field_179339_k,,,,,field,private final IChatBaseComponent
aui$a,a,NORMAL,,,,,enum,
aui$a,b,ADVANCED,,,,,enum,
aui$a,c,field_194131_c,,,,,field,private final boolean
axk,a,field_205389_a,,,,,field,private static final EmptyTickList
axn,a,field_77471_a,,,,,field,private static int[]
axq,a,field_77481_a,,,,,field,private static int[]
bcj$a,a,field_212164_a,,,,,field,private final IBlockData
bcj$a,b,field_212165_b,,,,,field,private final IBlockData
bcj$a,c,field_212166_c,,,,,field,private final EnumDirection
bmw,e,field_201623_e,,,,,field,private static final BiomeBase[]
cbu,a,field_75797_a,,,,,field,private final String
cbu,b,field_75795_b,,,,,field,private final String
cbu,c,field_75796_c,,,,,field,private final long
cbu,d,field_75793_d,,,,,field,private final long
cbu,e,field_75794_e,,,,,field,private final boolean
cbu,f,field_75791_f,,,,,field,private final EnumGamemode
cbu,g,field_75792_g,,,,,field,private final boolean
cbu,h,field_75798_h,,,,,field,private final boolean
cbu,i,field_186358_i,,,,,field,private final String
cbu,j,field_186359_j,,,,,field,private final int
cbu,k,field_186360_k,,,,,field,private final boolean
cbu,l,field_202843_l,,,,,field,private final WorldType
